#%yanny
#
# confSummaryF-26459.par
#
# Created by pydl.pydlutils.yanny.yanny
#
# 2026-05-11 08:58:04 UTC
#
configuration_id 26459
robostrategy_run iota-1
fps_calibrations_version 2025.12.04
jaeger_version 1.11.1
coordio_version 1.18.1
kaiju_version 1.4.1
design_id 752994
field_id 100573
focal_scale 0.9998651
instruments BOSS APOGEE
epoch 2461171.8736603376
obstime Mon May 11 08:58:04 2026
MJD 61171
observatory APO
temperature 10.30884731589709
raCen 278.484073720542
decCen -8.4690994467159
pa 27.87761
is_dithered 0
parent_configuration -999
dither_radius -999.0
cloned_from -999
rotator_angle 233.39
fvc_centroid_method flex
fvc_rms 0.02354
fvc_90_perc 0.0109
fvc_percent_reached 53.5
fvc_image_path /data/fcam/61171/proc-fimg-fvc1n-0016.fits

typedef enum {
    BOSS,
    APOGEE,
    METROLOGY,
    NONE
} FIBERTYPE;

typedef struct {
    short positionerId;
    char holeId[28];
    FIBERTYPE fiberType;
    short assigned;
    short on_target;
    short disabled;
    short valid;
    short decollided;
    short too;
    double xwok;
    double ywok;
    double zwok;
    double xFocal;
    double yFocal;
    float alpha;
    float beta;
    double racat;
    double deccat;
    float pmra;
    float pmdec;
    float parallax;
    double ra;
    double dec;
    double ra_observed;
    double dec_observed;
    double alt_observed;
    double az_observed;
    float lambda_design;
    float lambda_eff;
    float coord_epoch;
    short spectrographId;
    short fiberId;
    float mag[5];
    char optical_prov[120];
    float bp_mag;
    float gaia_g_mag;
    float rp_mag;
    float h_mag;
    long catalogid;
    long carton_to_target_pk;
    char cadence[400];
    char firstcarton[400];
    char program[400];
    char category[400];
    long sdssv_boss_target0;
    long sdssv_apogee_target0;
    double delta_ra;
    double delta_dec;
    long too_id;
    char too_program[80];
} FIBERMAP;

FIBERMAP 3 R-1C14 APOGEE 1 1 0 1 0 0 10.190385373283934 -0.2418611900416181 143.1 8.893484630879389 -4.977986643329506 138.4174 62.402447 278.5249300424138 -8.49174827988572 0.48951903 -1.3674847 0.8653986 278.5249259316922 -8.491753975284478 278.54552893696064 -8.461899170168696 44.10052901620083 150.16052516883295 16000.0 16600.0 2016.0 2 214 {-999.0 15.2241125 13.886238 13.275183 -999.0} sdss_psfmag_gaia 14.69702 13.81902 12.88255 11.17 63050395541647390 1034645596 bright_1x1 mwm_yso_disk_apogee_single mwm_yso science 0 0 0.0 0.0 -999 ""
FIBERMAP 3 R-1C14 BOSS 0 0 0 1 0 0 10.868201188548419 0.04814801387882639 143.1 9.628143516664766 -5.038561408869941 138.4174 62.402447 -999.0 -999.0 -999.0 -999.0 -999.0 278.52840514370007 -8.492232594797397 278.5489179253504 -8.462177625553263 44.09885866671342 150.15645962337717 -999.0 5400.0 -999.0 1 263 {-999.0 -999.0 -999.0 -999.0 -999.0} "" -999.0 -999.0 -999.0 -999.0 -999 -999 "" "" "" "" 0 0 0.0 0.0 -999 ""
FIBERMAP 3 R-1C14 METROLOGY 0 0 0 1 0 0 10.782948084252197 -0.6973331365095312 143.1 9.204265986335463 -5.657581753238399 138.4174 62.402447 -999.0 -999.0 -999.0 -999.0 -999.0 278.526418830095 -8.494994296066139 278.54696487440987 -8.464997367098944 44.09712086122686 150.16055800498694 -999.0 6231.0 -999.0 -1 -999 {-999.0 -999.0 -999.0 -999.0 -999.0} "" -999.0 -999.0 -999.0 -999.0 -999 -999 "" "" "" "" 0 0 0.0 0.0 -999 ""
FIBERMAP 16 R+7C7 APOGEE 1 1 0 1 0 0 -85.38793820015832 117.64728541058184 143.1 -20.4657339805241 143.90078687253398 293.67932 64.417915 278.3917417443313 -7.814184021466263 -2.9194744 -8.609297 0.17702118 278.39171441685045 -7.814192011870629 278.41066274651274 -7.784987325448426 44.77016723534884 149.92777135711745 16000.0 16600.0 2016.0 2 102 {-999.0 24.362196 26.315138 17.559385 -999.0} sdss_psfmag_gaia 21.60719 17.671024 15.934289 9.331 63050395542013542 1154742031 bright_1x1 mwm_galactic_core_dist_apogee_sparse mwm_galactic science 0 0 0.0 0.0 -999 ""
FIBERMAP 16 R+7C7 BOSS 0 0 0 1 0 0 -86.1244477561684 117.66462359499342 143.1 -21.10857664266583 144.26044480337416 293.67932 64.417915 -999.0 -999.0 -999.0 -999.0 -999.0 278.38884893776003 -7.812685838398455 278.4077062796424 -7.7833031481139185 44.772937217212544 149.93049693524424 -999.0 5400.0 -999.0 1 76 {-999.0 -999.0 -999.0 -999.0 -999.0} "" -999.0 -999.0 -999.0 -999.0 -999 -999 "" "" "" "" 0 0 0.0 0.0 -999 ""
FIBERMAP 16 R+7C7 METROLOGY 0 0 0 1 0 0 -85.75001092578113 118.3014902131206 143.1 -20.479889710339133 144.64826889094724 293.67932 64.417915 -999.0 -999.0 -999.0 -999.0 -999.0 278.3917172307718 -7.810893458480962 278.4105939847857 -7.781556800967014 44.77330103181277 149.9258030962702 -999.0 6231.0 -999.0 -1 -999 {-999.0 -999.0 -999.0 -999.0 -999.0} "" -999.0 -999.0 -999.0 -999.0 -999 -999 "" "" "" "" 0 0 0.0 0.0 -999 ""
FIBERMAP 37 R-9C9 APOGEE 1 1 0 1 0 0 5.6735738411151395 -176.69051519717067 143.1 -77.59211707670157 -158.8167491826356 23.514835 84.14973 278.12509623072134 -9.189514136689695 -1.35894 -3.449102 0.5135963 278.1250948624863 -9.189501166121902 278.14761648948695 -9.160381177291026 43.630052447211355 151.06065532612024 16000.0 16600.0 2016.0 2 167 {-999.0 23.613873 22.214855 18.289537 -999.0} sdss_psfmag_gaia 21.416233 18.918177 17.195408 9.925 63050395541585866 1154740904 bright_1x1 mwm_galactic_core_dist_apogee_sparse mwm_galactic science 0 0 0.0 0.0 -999 ""
FIBERMAP 37 R-9C9 BOSS 0 0 0 1 0 0 5.897983096067421 -177.39508575395078 143.1 -77.72317940374842 -159.5443853132293 23.514835 84.14973 -999.0 -999.0 -999.0 -999.0 -999.0 278.12455330091836 -9.193032174129204 278.1469947114014 -9.163716943964241 43.627266129675874 151.06332731597567 -999.0 5400.0 -999.0 1 376 {-999.0 -999.0 -999.0 -999.0 -999.0} "" -999.0 -999.0 -999.0 -999.0 -999 -999 "" "" "" "" 0 0 0.0 0.0 -999 ""
FIBERMAP 37 R-9C9 METROLOGY 0 0 0 1 0 0 5.15881802926808 -177.23163914815262 143.1 -78.30006027824113 -159.05435098885008 23.514835 84.14973 -999.0 -999.0 -999.0 -999.0 -999.0 278.12188326006185 -9.19073588630525 278.1443452463852 -9.161484008520961 43.63037855583173 151.0653485735945 -999.0 6231.0 -999.0 -1 -999 {-999.0 -999.0 -999.0 -999.0 -999.0} "" -999.0 -999.0 -999.0 -999.0 -999 -999 "" "" "" "" 0 0 0.0 0.0 -999 ""
FIBERMAP 40 R+12C6 APOGEE 0 0 0 1 0 0 -45.64130853488794 248.73731649765753 143.1 75.9508844736544 241.17958319964362 112.816734 93.59117 -999.0 -999.0 -999.0 -999.0 -999.0 278.83348181399276 -7.3776229124343 278.8511656000307 -7.347451182571181 44.97722266886922 149.1058726903766 -999.0 16600.0 -999.0 2 -999 {-999.0 -999.0 -999.0 -999.0 -999.0} "" -999.0 -999.0 -999.0 -999.0 -999 -999 "" "" "" "" 0 0 0.0 0.0 -999 ""
FIBERMAP 40 R+12C6 BOSS 1 1 0 1 0 0 -44.97515024358643 249.09364881439504 143.1 76.70624757050363 241.18307687747443 112.816734 93.59117 278.83703192991766 -7.377791976698484 0.06662539 -2.3671923 0.5281885 278.8370207427541 -7.377793243247896 278.85461394304247 -7.347428283291948 44.97575435537059 149.10150614725814 5400.0 5400.0 2016.0 1 156 {-999.0 19.981205 17.219194 15.696997 -999.0} sdss_psfmag_ps1 18.4562 16.330889 14.849034 11.272 63050395605628977 916936232 bright_4x1 mwm_yso_disk_boss mwm_yso science 0 0 0.0 0.0 -999 ""
FIBERMAP 40 R+12C6 METROLOGY 0 0 0 1 0 0 -45.00499715985445 248.34774004236948 143.1 76.33113972339825 240.53777501312535 112.816734 93.59117 -999.0 -999.0 -999.0 -999.0 -999.0 278.8352908955488 -7.38062030236322 278.8529172557983 -7.350310742100288 44.97389200520095 149.10542153544048 -999.0 6231.0 -999.0 -1 -999 {-999.0 -999.0 -999.0 -999.0 -999.0} "" -999.0 -999.0 -999.0 -999.0 -999 -999 "" "" "" "" 0 0 0.0 0.0 -999 ""
FIBERMAP 52 R+5C17 APOGEE 0 0 0 1 0 0 138.35595549176728 91.86775692545102 143.1 165.2331672304542 16.511041547905204 5.293506 92.40472 -999.0 -999.0 -999.0 -999.0 -999.0 279.2433021375929 -8.395176065264945 279.26337950467547 -8.363479921006926 43.88474661545162 149.21022361120967 -999.0 16600.0 -999.0 2 -999 {-999.0 -999.0 -999.0 -999.0 -999.0} "" -999.0 -999.0 -999.0 -999.0 -999 -999 "" "" "" "" 0 0 0.0 0.0 -999 ""
FIBERMAP 52 R+5C17 BOSS 1 1 0 1 0 0 138.45098210853155 91.14425319658162 143.1 164.97890109094672 15.827160872356224 5.293506 92.40472 279.24224853515625 -8.398499970057614 -999.0 -999.0 -999.0 279.24229037686894 -8.398468991064677 279.2622831121645 -8.366582964914064 43.88242451724738 149.21345173102526 5400.0 5400.0 2015.5 1 206 {-999.0 -999.0 -999.0 -999.0 -999.0} "" -999.0 -999.0 -999.0 -999.0 27021603148724901 852783800 "" ops_sky_boss_fallback ops_sky sky_boss 0 0 0.0 0.0 -999 ""
FIBERMAP 52 R+5C17 METROLOGY 0 0 0 1 0 0 137.76830329630243 91.40805389339974 143.1 164.4988620957671 16.379482540567427 5.293506 92.40472 -999.0 -999.0 -999.0 -999.0 -999.0 279.24005962455317 -8.39590245429494 279.26007325444857 -8.36407758861775 43.88563151295792 149.21467095373472 -999.0 6231.0 -999.0 -1 -999 {-999.0 -999.0 -999.0 -999.0 -999.0} "" -999.0 -999.0 -999.0 -999.0 -999 -999 "" "" "" "" 0 0 0.0 0.0 -999 ""
FIBERMAP 56 R-8C4 APOGEE 0 0 0 1 0 0 -132.04926225932383 -168.18572799677233 143.1 -195.33940817129667 -86.9116046708497 280.5689 117.90364 -999.0 -999.0 -999.0 -999.0 -999.0 277.5861666753069 -8.859900065465096 277.6080627431123 -8.832345330091831 44.147275070401626 151.5494451786777 -999.0 16600.0 -999.0 2 -999 {-999.0 -999.0 -999.0 -999.0 -999.0} "" -999.0 -999.0 -999.0 -999.0 -999 -999 "" "" "" "" 0 0 0.0 0.0 -999 ""
FIBERMAP 56 R-8C4 BOSS 1 1 0 1 0 0 -132.65607491761514 -168.6474677232163 143.1 -196.0916000801405 -87.03600584277736 280.5689 117.90364 277.5827781705896 -8.860633080012489 -0.7148364 -3.8108218 0.29106545 277.5827854364425 -8.860644574780386 277.604598447085 -8.832906203382647 44.14815002647475 151.5541231997383 5400.0 5400.0 2016.0 1 452 {-999.0 16.186005 14.990151 14.313243 -999.0} sdss_psfmag_from_g3xp 15.734758 14.820489 13.858513 12.015 63050395541391001 1093181560 bright_3x1 mwm_astar_core_boss mwm_ob science 0 0 0.0 0.0 -999 ""
FIBERMAP 56 R-8C4 METROLOGY 0 0 0 1 0 0 -132.74677742065586 -167.92089865507515 143.1 -195.83207905123052 -86.35143754640843 280.5689 117.90364 -999.0 -999.0 -999.0 -999.0 -999.0 277.583955131005 -8.857495573759369 277.6057841530609 -8.829810022148978 44.1505054767668 151.55088130655497 -999.0 6231.0 -999.0 -1 -999 {-999.0 -999.0 -999.0 -999.0 -999.0} "" -999.0 -999.0 -999.0 -999.0 -999 -999 "" "" "" "" 0 0 0.0 0.0 -999 ""
FIBERMAP 59 R+4C8 APOGEE 0 0 0 1 0 0 -81.66587144364689 79.11783207023247 143.1 -35.18940460444326 108.10718625236291 314.52237 155.74744 -999.0 -999.0 -999.0 -999.0 -999.0 278.3235287928269 -7.976410684037945 278.34291138861806 -7.947313428394137 44.6516381335392 150.11018311183014 -999.0 16600.0 -999.0 2 -999 {-999.0 -999.0 -999.0 -999.0 -999.0} "" -999.0 -999.0 -999.0 -999.0 -999 -999 "" "" "" "" 0 0 0.0 0.0 -999 ""
FIBERMAP 59 R+4C8 BOSS 1 1 0 1 0 0 -81.34330618909433 78.43430129875843 143.1 -35.22387724661431 107.35225567299241 314.52237 155.74744 278.32345015527494 -7.980024653114034 -10.768061 2.1456256 2.1491196 278.32342941947496 -7.979976991195076 278.34273277723827 -7.950691225334211 44.6486523971241 150.11241725809637 5400.0 5400.0 2016.0 1 33 {-999.0 17.878752 16.190556 15.456399 -999.0} sdss_psfmag_ps1 17.127357 15.953478 14.868812 -999.0 63050395541978392 917200314 bright_4x1 mwm_yso_pms_boss_sagitta_edr3 mwm_yso science 0 0 0.0 0.0 -999 ""
FIBERMAP 59 R+4C8 METROLOGY 0 0 0 1 0 0 -82.08379400082012 78.49976838684896 143.1 -35.84773471748312 107.75631125253457 314.52237 155.74744 -999.0 -999.0 -999.0 -999.0 -999.0 278.32054764174114 -7.978091231021365 278.33987237325664 -7.948866918088419 44.65150389955445 150.11494056982457 -999.0 6231.0 -999.0 -1 -999 {-999.0 -999.0 -999.0 -999.0 -999.0} "" -999.0 -999.0 -999.0 -999.0 -999 -999 "" "" "" "" 0 0 0.0 0.0 -999 ""
FIBERMAP 63 R+5C19 APOGEE 0 0 0 1 0 0 152.71879999425394 109.29203756112443 143.1 186.07369134456493 25.196192763015922 188.77869 60.185307 -999.0 -999.0 -999.0 -999.0 -999.0 279.3384000694625 -8.355842851140793 279.35834092123736 -8.323915004904414 43.879394452855436 149.0689766443287 -999.0 16600.0 -999.0 2 -999 {-999.0 -999.0 -999.0 -999.0 -999.0} "" -999.0 -999.0 -999.0 -999.0 -999 -999 "" "" "" "" 0 0 0.0 0.0 -999 ""
FIBERMAP 63 R+5C19 BOSS 1 1 0 1 0 0 152.97875034310053 109.99773644774517 143.1 186.63337233902638 25.69837769141751 188.77869 60.185307 279.3411254882812 -8.353726321624706 -999.0 -999.0 -999.0 279.34109595838856 -8.353749933875763 279.36093679482343 -8.321625078909321 43.88033226421557 149.06438332989345 5400.0 5400.0 2015.5 1 204 {-999.0 -999.0 -999.0 -999.0 -999.0} "" -999.0 -999.0 -999.0 -999.0 27021603148724922 852783804 "" ops_sky_boss_fallback ops_sky sky_boss 0 0 0.0 0.0 -999 ""
FIBERMAP 63 R+5C19 METROLOGY 0 0 0 1 0 0 153.45550706629058 109.41004040228933 143.1 186.7799833953309 24.956060836224935 188.77869 60.185307 -999.0 -999.0 -999.0 -999.0 -999.0 279.3417295742648 -8.357069274459294 279.3616050306803 -8.324995344625249 43.877011769582815 149.0656008556167 -999.0 6231.0 -999.0 -1 -999 {-999.0 -999.0 -999.0 -999.0 -999.0} "" -999.0 -999.0 -999.0 -999.0 -999 -999 "" "" "" "" 0 0 0.0 0.0 -999 ""
FIBERMAP 65 R+5C14 APOGEE 1 1 0 1 0 0 70.89325351066553 95.78837397744512 143.1 107.44063513510142 51.516450394112624 11.054067 101.35342 278.9786360914095 -8.235485122598812 -2.256899 -0.8331838 0.27121156 278.9786320739483 -8.23548166861901 278.99841287737115 -8.204551131825768 44.14162951572324 149.4429754384045 16000.0 16600.0 2016.0 2 41 {-999.0 21.724419 18.090145 16.37321 -999.0} sdss_psfmag_ps1 19.433104 16.747448 15.242837 10.772 63050395541750609 1156699822 bright_1x1 mwm_galactic_core_dist_apogee_extra mwm_galactic science 0 0 0.0 0.0 -999 ""
FIBERMAP 65 R+5C14 BOSS 0 0 0 1 0 0 71.17390017160594 95.10074350133468 143.1 107.36719691748988 50.77749421340557 11.054067 101.35342 -999.0 -999.0 -999.0 -999.0 -999.0 278.97843473628916 -8.23900959952417 278.9981327125691 -8.207888330870215 44.138739403525015 149.44533242260093 -999.0 5400.0 -999.0 1 159 {-999.0 -999.0 -999.0 -999.0 -999.0} "" -999.0 -999.0 -999.0 -999.0 -999 -999 "" "" "" "" 0 0 0.0 0.0 -999 ""
FIBERMAP 65 R+5C14 METROLOGY 0 0 0 1 0 0 70.44642353030041 95.19128684017971 143.1 106.76656278110137 51.19762991508549 11.054067 101.35342 -999.0 -999.0 -999.0 -999.0 -999.0 278.97564396426566 -8.237041959387161 278.99536410963003 -8.205982651770409 44.141641652159635 149.44762953387917 -999.0 6231.0 -999.0 -1 -999 {-999.0 -999.0 -999.0 -999.0 -999.0} "" -999.0 -999.0 -999.0 -999.0 -999 -999 "" "" "" "" 0 0 0.0 0.0 -999 ""
FIBERMAP 71 R-4C9 APOGEE 1 1 0 1 0 0 -81.47265744405533 -71.82801697537688 143.1 -105.58904267562399 -25.3934906798801 174.27402 99.11603 277.9976744678003 -8.582968747485904 -0.91664946 -1.7558271 0.53553057 277.9976556683789 -8.58298715154623 278.01869309611504 -8.554475720645252 44.234478165597295 150.8742615063003 16000.0 16600.0 2016.0 2 270 {-999.0 20.506302 17.926134 16.560791 -999.0} sdss_psfmag_ps1 19.105171 17.36503 15.784176 12.504 63050395541819334 1034658344 bright_1x1 mwm_yso_disk_apogee_single mwm_yso science 0 0 0.0 0.0 -999 ""
FIBERMAP 71 R-4C9 BOSS 0 0 0 1 0 0 -81.51045320649267 -71.08107784434648 143.1 -105.27323768662089 -24.715653758110754 174.27402 99.11603 -999.0 -999.0 -999.0 -999.0 -999.0 277.9991535429689 -8.580110637299432 278.0200953983811 -8.551405773962399 44.23669883119223 150.87072613093352 -999.0 5400.0 -999.0 1 462 {-999.0 -999.0 -999.0 -999.0 -999.0} "" -999.0 -999.0 -999.0 -999.0 -999 -999 "" "" "" "" 0 0 0.0 0.0 -999 ""
FIBERMAP 71 R-4C9 METROLOGY 0 0 0 1 0 0 -80.84824599321236 -71.42255553444727 143.1 -104.84760774016519 -25.32705770977019 174.27402 99.11603 -999.0 -999.0 -999.0 -999.0 -999.0 278.0010845137737 -8.58284610830342 278.0220573895748 -8.554189002657655 44.2333621352204 150.8698690609228 -999.0 6231.0 -999.0 -1 -999 {-999.0 -999.0 -999.0 -999.0 -999.0} "" -999.0 -999.0 -999.0 -999.0 -999 -999 "" "" "" "" 0 0 0.0 0.0 -999 ""
FIBERMAP 78 R-5C11 APOGEE 1 1 0 1 0 0 8.848566651412934 -99.41464261667554 143.1 -38.65784597995612 -92.00245536250443 47.79497 51.113617 278.3048225697915 -8.887369583654078 -1.7573484 -0.94161975 -0.20628966 278.30482318791076 -8.887359230419706 278.3265103003795 -8.857904221899128 43.83207183216368 150.66460883106615 16000.0 16600.0 2016.0 2 160 {-999.0 25.19007 22.481043 18.555805 -999.0} sdss_psfmag_ps1 21.419323 18.246214 16.517979 9.659 63050395541599986 1153931740 bright_1x1 mwm_galactic_core_dist_apogee_sparse mwm_galactic science 0 0 0.0 0.0 -999 ""
FIBERMAP 78 R-5C11 BOSS 0 0 0 1 0 0 8.968335633028556 -100.14164911487593 143.1 -38.89188171497022 -92.70099947145516 47.79497 51.113617 -999.0 -999.0 -999.0 -999.0 -999.0 278.3038076457085 -8.890769336192466 278.3254140761744 -8.861122230372382 43.82959842821188 150.6678334045016 -999.0 5400.0 -999.0 1 366 {-999.0 -999.0 -999.0 -999.0 -999.0} "" -999.0 -999.0 -999.0 -999.0 -999 -999 "" "" "" "" 0 0 0.0 0.0 -999 ""
FIBERMAP 78 R-5C11 METROLOGY 0 0 0 1 0 0 8.270353611688957 -99.88386078947079 143.1 -39.38825704480061 -92.14683713561766 47.79497 51.113617 -999.0 -999.0 -999.0 -999.0 -999.0 278.30150506582567 -8.888178065024556 278.32313128261296 -8.858592950141277 43.832837753299394 150.66921376924472 -999.0 6231.0 -999.0 -1 -999 {-999.0 -999.0 -999.0 -999.0 -999.0} "" -999.0 -999.0 -999.0 -999.0 -999 -999 "" "" "" "" 0 0 0.0 0.0 -999 ""
FIBERMAP 86 R-12C11 APOGEE 0 0 0 1 0 0 64.21161199488698 -221.52958382864884 143.1 -46.81771273424958 -225.81460851050932 94.29153 128.1071 -999.0 -999.0 -999.0 -999.0 -999.0 278.2662699015796 -9.492073252355635 278.28950160271796 -9.462443767477891 43.29713037954219 151.05651869593208 -999.0 16600.0 -999.0 2 -999 {-999.0 -999.0 -999.0 -999.0 -999.0} "" -999.0 -999.0 -999.0 -999.0 -999 -999 "" "" "" "" 0 0 0.0 0.0 -999 ""
FIBERMAP 86 R-12C11 BOSS 1 1 0 1 0 0 64.77047365657742 -221.0326128635306 143.1 -46.09142995912066 -225.63665082757788 94.29153 128.1071 278.269344688681 -9.49150602527965 -2.3445039 -6.1102333 4.500191 278.2696894969834 -9.491525726905074 278.292827858537 -9.461690236316583 43.29646309628259 151.05198507086166 5400.0 5400.0 2016.0 1 407 {-999.0 13.452749 12.580714 12.227336 -999.0} sdss_psfmag_from_g3xp 13.177366 12.596572 11.866183 10.464 63050395540987526 1077960980 bright_flexible_2x1 mwm_snc_ext_main_boss mwm_snc science 0 0 1.261912226676941 0.0 -999 ""
FIBERMAP 86 R-12C11 METROLOGY 0 0 0 1 0 0 64.92291315413273 -221.7547785030252 143.1 -46.29432733420904 -226.34619060789785 94.29153 128.1071 -999.0 -999.0 -999.0 -999.0 -999.0 278.268730969904 -9.494638299400721 278.29190326676695 -9.464859786365816 43.29395219999747 151.05492326480214 -999.0 6231.0 -999.0 -1 -999 {-999.0 -999.0 -999.0 -999.0 -999.0} "" -999.0 -999.0 -999.0 -999.0 -999 -999 "" "" "" "" 0 0 0.0 0.0 -999 ""
FIBERMAP 97 R-4C15 APOGEE 1 1 0 1 0 0 81.93651600484992 -70.93312095488321 143.1 39.25513530595069 -100.99983188698985 48.452602 91.49369 278.66372780765477 -8.929172668064588 -1.3345643 -3.0344331 0.2940951 278.66372200571635 -8.929192025548833 278.6853731539878 -8.89877559289973 43.64616731277717 150.24291380014589 16000.0 16600.0 2016.0 2 191 {-999.0 17.31113 14.774836 13.397631 -999.0} sdss_psfmag_from_g3xp 15.940094 14.047972 12.75861 9.189 63050395541577030 1152260767 bright_1x1 mwm_galactic_core_dist_apogee_sparse mwm_galactic science 0 0 0.0 0.0 -999 ""
FIBERMAP 97 R-4C15 BOSS 0 0 0 1 0 0 82.50781065203135 -71.40209069571608 143.1 39.540808819167026 -101.6814134675902 48.452602 91.49369 -999.0 -999.0 -999.0 -999.0 -999.0 278.66513902692066 -8.932532959127874 278.68670655003973 -8.901917352490054 43.64276315243625 150.24309781624171 -999.0 5400.0 -999.0 1 314 {-999.0 -999.0 -999.0 -999.0 -999.0} "" -999.0 -999.0 -999.0 -999.0 -999 -999 "" "" "" "" 0 0 0.0 0.0 -999 ""
FIBERMAP 97 R-4C15 METROLOGY 0 0 0 1 0 0 81.81002718127212 -71.67009357947342 143.1 38.79879036127749 -101.59205356911397 48.452602 91.49369 -999.0 -999.0 -999.0 -999.0 -999.0 278.66169260889643 -8.9320580216985 278.68328624141674 -8.901506644850723 43.64456278940073 150.24709059256244 -999.0 6231.0 -999.0 -1 -999 {-999.0 -999.0 -999.0 -999.0 -999.0} "" -999.0 -999.0 -999.0 -999.0 -999 -999 "" "" "" "" 0 0 0.0 0.0 -999 ""
FIBERMAP 103 R-8C3 APOGEE 1 1 0 1 0 0 -147.15774248736605 -144.30206933023317 143.1 -197.52660358670906 -58.73899334617166 60.92623 104.45187 277.5764465332031 -8.732110305754901 -999.0 -999.0 -999.0 277.57644872265917 -8.732123595368819 277.5980247888384 -8.704651730207697 44.26801156881731 151.48981942628626 16000.0 16600.0 2015.5 2 267 {-999.0 -999.0 -999.0 -999.0 -999.0} "" -999.0 -999.0 -999.0 -999.0 27021603148726734 848995293 "" ops_sky_apogee_good ops_sky sky_apogee 0 0 0.0 0.0 -999 ""
FIBERMAP 103 R-8C3 BOSS 0 0 0 1 0 0 -146.43768535333382 -144.46687946435097 143.1 -196.9672483392667 -59.22129943024964 60.92623 104.45187 -999.0 -999.0 -999.0 -999.0 -999.0 277.5790298167036 -8.734534876947725 277.60052499293477 -8.706863812833038 44.26498653511827 151.4879198980802 -999.0 5400.0 -999.0 1 476 {-999.0 -999.0 -999.0 -999.0 -999.0} "" -999.0 -999.0 -999.0 -999.0 -999 -999 "" "" "" "" 0 0 0.0 0.0 -999 ""
FIBERMAP 103 R-8C3 METROLOGY 0 0 0 1 0 0 -146.940498760646 -145.02538347246607 143.1 -197.6727620429286 -59.47984556704587 60.92623 104.45187 -999.0 -999.0 -999.0 -999.0 -999.0 277.5757993073904 -8.735626653283504 277.5973228660007 -8.708017807827265 44.26521715465936 151.49261342810652 -999.0 6231.0 -999.0 -1 -999 {-999.0 -999.0 -999.0 -999.0 -999.0} "" -999.0 -999.0 -999.0 -999.0 -999 -999 "" "" "" "" 0 0 0.0 0.0 -999 ""
FIBERMAP 107 R-3C24 APOGEE 1 1 0 1 0 0 242.52997114166828 -58.60386609800953 143.1 186.95650610691305 -165.18374474463891 194.611 103.67962 279.3398108663424 -9.218370569390807 -999.0 -999.0 -999.0 279.3397972612238 -9.218387389859368 279.36190453537927 -9.186063880728137 43.10116261450337 149.58042039885274 16000.0 16600.0 2016.0 2 222 {-999.0 20.21457 18.617785 17.59329 -999.0} sdss_psfmag_ps1 -999.0 18.607124 -999.0 10.66 63050395540424344 1153922202 bright_1x1 mwm_galactic_core_dist_apogee_sparse mwm_galactic science 0 0 0.0 0.0 -999 ""
FIBERMAP 107 R-3C24 BOSS 0 0 0 1 0 0 242.1791169514408 -57.948600267241 143.1 186.95276169932774 -164.440569863268 194.611 103.67962 -999.0 -999.0 -999.0 -999.0 -999.0 279.33991569719257 -9.215253602839212 279.3619197814308 -9.182734525269066 43.10415988931898 149.57843507707898 -999.0 5400.0 -999.0 1 253 {-999.0 -999.0 -999.0 -999.0 -999.0} "" -999.0 -999.0 -999.0 -999.0 -999 -999 "" "" "" "" 0 0 0.0 0.0 -999 ""
FIBERMAP 107 R-3C24 METROLOGY 0 0 0 1 0 0 242.93036708355254 -57.97364481988613 143.1 187.6050296210524 -164.81393044114063 194.611 103.67962 -999.0 -999.0 -999.0 -999.0 -999.0 279.3428415949384 -9.216855730184284 279.3648754959285 -9.184383967307763 43.101413219181616 149.57580405527196 -999.0 6231.0 -999.0 -1 -999 {-999.0 -999.0 -999.0 -999.0 -999.0} "" -999.0 -999.0 -999.0 -999.0 -999 -999 "" "" "" "" 0 0 0.0 0.0 -999 ""
FIBERMAP 110 R-1C13 APOGEE 1 1 0 1 0 0 -18.17171169292936 -34.006045602698876 143.1 -31.959241107444658 -21.55987216085249 265.3197 94.24937 278.33647029448497 -8.566780396510143 8.487887 -1.4863458 8.112314 278.33651074542917 -8.566789930704088 278.3573762711149 -8.537396062558198 44.11044546742676 150.43985155247404 16000.0 16600.0 2016.0 2 162 {-999.0 8.166311 7.964777 7.903092 -999.0} sdss_psfmag_from_g3xp 8.169058 7.954131 7.5795226 7.027 63050395541647727 975042545 "" ops_std_apogee ops_std standard_apogee 0 0 0.0 0.0 -999 ""
FIBERMAP 110 R-1C13 BOSS 0 0 0 1 0 0 -18.910957466451748 -34.00774452653091 143.1 -32.61340237288844 -21.215760541600385 265.3197 94.24937 -999.0 -999.0 -999.0 -999.0 -999.0 278.33357179837446 -8.56541597732095 278.3543457222929 -8.535839364003696 44.11311572381717 150.44273126014673 -999.0 5400.0 -999.0 1 346 {-999.0 -999.0 -999.0 -999.0 -999.0} "" -999.0 -999.0 -999.0 -999.0 -999 -999 "" "" "" "" 0 0 0.0 0.0 -999 ""
FIBERMAP 110 R-1C13 METROLOGY 0 0 0 1 0 0 -18.555109449072514 -33.357468465639236 143.1 -31.9948755751251 -20.80739413044489 265.3197 94.24937 -999.0 -999.0 -999.0 -999.0 -999.0 278.3364048836736 -8.56350757188282 278.3571981856617 -8.533978532561678 44.113621633749226 150.43807744796655 -999.0 6231.0 -999.0 -1 -999 {-999.0 -999.0 -999.0 -999.0 -999.0} "" -999.0 -999.0 -999.0 -999.0 -999 -999 "" "" "" "" 0 0 0.0 0.0 -999 ""
FIBERMAP 114 R-12C15 APOGEE 1 1 0 1 0 0 168.4933145947131 -239.25628660873016 143.1 37.06188655285402 -290.2359073785291 335.0299 114.60602 278.650534123625 -9.780445187293203 -0.33191136 -1.0554373 0.17776828 278.65054302924597 -9.780427439551428 278.6743497877929 -9.749654534689787 42.87840993929324 150.74684348470348 16000.0 16600.0 2016.0 2 236 {-999.0 24.867136 25.567722 18.389404 -999.0} sdss_psfmag_gaia 22.327797 18.681877 17.04483 10.596 63050395539325058 1154737883 bright_1x1 mwm_galactic_core_dist_apogee_sparse mwm_galactic science 0 0 0.0 0.0 -999 ""
FIBERMAP 114 R-12C15 BOSS 0 0 0 1 0 0 168.4768037365173 -239.99984968843867 143.1 36.69966216418017 -290.88537094336795 335.0299 114.60602 -999.0 -999.0 -999.0 -999.0 -999.0 278.6489601474575 -9.78348334792452 278.6726823240121 -9.75251343046957 42.87649649945974 150.75050834504088 -999.0 5400.0 -999.0 1 258 {-999.0 -999.0 -999.0 -999.0 -999.0} "" -999.0 -999.0 -999.0 -999.0 -999 -999 "" "" "" "" 0 0 0.0 0.0 -999 ""
FIBERMAP 114 R-12C15 METROLOGY 0 0 0 1 0 0 167.83290557264417 -239.60937586962729 143.1 36.31312102571432 -290.2392226550708 335.0299 114.60602 -999.0 -999.0 -999.0 -999.0 -999.0 278.6471763250209 -9.780566207795488 278.67091820033596 -9.749658959827268 42.87981590887111 150.75104104313252 -999.0 6231.0 -999.0 -1 -999 {-999.0 -999.0 -999.0 -999.0 -999.0} "" -999.0 -999.0 -999.0 -999.0 -999 -999 "" "" "" "" 0 0 0.0 0.0 -999 ""
FIBERMAP 115 R-11C13 APOGEE 1 1 0 1 0 0 103.32366832366365 -192.7637891172443 143.1 1.1992867608913569 -218.67628104411762 142.72876 42.931805 278.4870424756453 -9.460900528737772 -2.7831252 -4.58873 0.13456202 278.48701851114754 -9.460918839792233 278.51008308120083 -9.430723527643998 43.23582408411987 150.76651769838776 16000.0 16600.0 2016.0 2 166 {-999.0 25.644726 31.91521 18.338018 -999.0} sdss_psfmag_gaia 22.657618 17.884043 16.040527 7.231 63050395541528956 1154740773 bright_1x1 mwm_galactic_core_dist_apogee_sparse mwm_galactic science 0 0 0.0 0.0 -999 ""
FIBERMAP 115 R-11C13 BOSS 0 0 0 1 0 0 104.05900808290158 -192.68470341371088 143.1 1.8861757482178942 -218.95016982464546 142.72876 42.931805 -999.0 -999.0 -999.0 -999.0 -999.0 278.490264889765 -9.462396185367966 278.5132402948421 -9.431994325768258 43.233372036127626 150.76335697019132 -999.0 5400.0 -999.0 1 395 {-999.0 -999.0 -999.0 -999.0 -999.0} "" -999.0 -999.0 -999.0 -999.0 -999 -999 "" "" "" "" 0 0 0.0 0.0 -999 ""
FIBERMAP 115 R-11C13 METROLOGY 0 0 0 1 0 0 103.7626414685689 -193.36690335598922 143.1 1.305295253912876 -219.41456031906125 142.72876 42.931805 -999.0 -999.0 -999.0 -999.0 -999.0 278.48756279742514 -9.46440964343384 278.5105703440411 -9.434069873449406 43.232581370130994 150.7678298391744 -999.0 6231.0 -999.0 -1 -999 {-999.0 -999.0 -999.0 -999.0 -999.0} "" -999.0 -999.0 -999.0 -999.0 -999 -999 "" "" "" "" 0 0 0.0 0.0 -999 ""
FIBERMAP 117 R-1C9 APOGEE 1 1 0 1 0 0 -118.6778565115979 -22.899844967592543 143.1 -115.59711833669643 35.244879908095946 226.14177 76.47899 277.9528155878265 -8.306794068461242 -0.9093901 -2.7306678 0.1517431 277.952802080823 -8.306804087331013 277.97315908649 -8.278533507221224 44.504277755928264 150.77164228181198 16000.0 16600.0 2016.0 2 244 {-999.0 20.513908 17.18944 15.515072 -999.0} sdss_psfmag_ps1 18.506105 16.053377 14.645548 10.417 63050395541840068 1153933205 bright_1x1 mwm_galactic_core_dist_apogee_sparse mwm_galactic science 0 0 0.0 0.0 -999 ""
FIBERMAP 117 R-1C9 BOSS 0 0 0 1 0 0 -119.09588046106695 -22.28628515240347 143.1 -115.67972778965458 35.982597092243445 226.14177 76.47899 -999.0 -999.0 -999.0 -999.0 -999.0 277.95247325647824 -8.303619195943119 277.9727352924087 -8.275161992658365 44.50751935695404 150.77021577211656 -999.0 5400.0 -999.0 1 481 {-999.0 -999.0 -999.0 -999.0 -999.0} "" -999.0 -999.0 -999.0 -999.0 -999 -999 "" "" "" "" 0 0 0.0 0.0 -999 ""
FIBERMAP 117 R-1C9 METROLOGY 0 0 0 1 0 0 -118.3507079782774 -22.224357198324643 143.1 -114.99216996846909 35.688946784035075 226.14177 76.47899 -999.0 -999.0 -999.0 -999.0 -999.0 277.95560642780157 -8.30491488144402 277.9758951994569 -8.27650240172641 44.50500223063859 150.76700636293037 -999.0 6231.0 -999.0 -1 -999 {-999.0 -999.0 -999.0 -999.0 -999.0} "" -999.0 -999.0 -999.0 -999.0 -999 -999 "" "" "" "" 0 0 0.0 0.0 -999 ""
FIBERMAP 119 R0C6 APOGEE 0 0 0 1 0 0 -170.1577608969971 2.8149194885232496 143.1 -149.07435852629945 82.04029306353652 347.44894 143.41858 -999.0 -999.0 -999.0 -999.0 -999.0 277.8007045483841 -8.093718148897004 277.82058118199325 -8.065941084586408 44.76034101688649 150.8410089231364 -999.0 16600.0 -999.0 2 -999 {-999.0 -999.0 -999.0 -999.0 -999.0} "" -999.0 -999.0 -999.0 -999.0 -999 -999 "" "" "" "" 0 0 0.0 0.0 -999 ""
FIBERMAP 119 R0C6 BOSS 1 1 0 1 0 0 -169.65449728114487 2.285110869376765 143.1 -148.87725629755784 81.33674626650708 347.44894 143.41858 277.8016110985442 -8.097080561668392 0.41065496 -1.206537 0.3733889 277.8016194340681 -8.09707339528021 277.82141817562047 -8.069105077903913 44.75711769704718 150.8417902716455 5400.0 5400.0 2016.0 1 494 {-999.0 17.718882 16.255598 15.368871 -999.0} sdss_psfmag_ps1 17.079327 15.950681 14.893012 12.71 63050395541920737 916945144 bright_4x1 mwm_yso_disk_boss mwm_yso science 0 0 0.0 0.0 -999 ""
FIBERMAP 119 R0C6 METROLOGY 0 0 0 1 0 0 -170.38963312301578 2.1057670004694162 143.1 -149.61083788900464 81.52192861970283 347.44894 143.41858 -999.0 -999.0 -999.0 -999.0 -999.0 277.79825818927975 -8.096178553675445 277.8180803274264 -8.068272559680581 44.75924303188688 150.8455421684991 -999.0 6231.0 -999.0 -1 -999 {-999.0 -999.0 -999.0 -999.0 -999.0} "" -999.0 -999.0 -999.0 -999.0 -999 -999 "" "" "" "" 0 0 0.0 0.0 -999 ""
FIBERMAP 120 R-7C13 APOGEE 1 1 0 1 0 0 60.561810154450185 -148.62856353304116 143.1 -15.96073108537378 -159.67619960827537 294.6703 113.83288 278.4086608886718 -9.19470955235795 -999.0 -999.0 -999.0 278.4086817424701 -9.194706641524888 278.43110448427404 -9.164839179269295 43.51001212585312 150.71165824201867 16000.0 16600.0 2015.5 2 163 {-999.0 -999.0 -999.0 -999.0 -999.0} "" -999.0 -999.0 -999.0 -999.0 27021603148721800 848994542 "" ops_sky_apogee_good ops_sky sky_apogee 0 0 0.0 0.0 -999 ""
FIBERMAP 120 R-7C13 BOSS 0 0 0 1 0 0 60.06239688985963 -149.1881230072876 143.1 -16.663733096642883 -159.9372682361275 294.6703 113.83288 -999.0 -999.0 -999.0 -999.0 -999.0 278.4055262476066 -9.196129491744538 278.42786312427233 -9.166074257832413 43.51022263758213 150.71637878521398 -999.0 5400.0 -999.0 1 354 {-999.0 -999.0 -999.0 -999.0 -999.0} "" -999.0 -999.0 -999.0 -999.0 -999 -999 "" "" "" "" 0 0 0.0 0.0 -999 ""
FIBERMAP 120 R-7C13 METROLOGY 0 0 0 1 0 0 59.82536672110626 -148.49240589153155 143.1 -16.54796467407926 -159.21155648842705 294.6703 113.83288 -999.0 -999.0 -999.0 -999.0 -999.0 278.4060421544791 -9.192782134595452 278.42839607545994 -9.162782467026904 43.512995901425086 150.7138281758346 -999.0 6231.0 -999.0 -1 -999 {-999.0 -999.0 -999.0 -999.0 -999.0} "" -999.0 -999.0 -999.0 -999.0 -999 -999 "" "" "" "" 0 0 0.0 0.0 -999 ""
FIBERMAP 124 R-6C12 APOGEE 0 0 0 1 0 0 8.75613580739196 -117.61534972127554 143.1 -47.24875810678457 -108.04555791857415 187.8831 114.20889 -999.0 -999.0 -999.0 -999.0 -999.0 278.2650908911603 -8.960101817716433 278.28697737051345 -8.930718240269782 43.7821334239238 150.7558266359253 -999.0 16600.0 -999.0 2 -999 {-999.0 -999.0 -999.0 -999.0 -999.0} "" -999.0 -999.0 -999.0 -999.0 -999 -999 "" "" "" "" 0 0 0.0 0.0 -999 ""
FIBERMAP 124 R-6C12 BOSS 1 1 0 1 0 0 8.360382321660634 -116.99052458073078 143.1 -47.30641749409317 -107.30829602835078 187.8831 114.20889 278.26489034467465 -8.956980253780843 -0.2863307 -2.2080212 0.5976213 278.264899794022 -8.956994985142895 278.2866888733684 -8.92741969418154 43.78525175208822 150.75428568271073 5400.0 5400.0 2016.0 1 378 {-999.0 17.224087 15.985378 15.287933 14.758489} sdss_psfmag_from_ps1dr2 16.7576 15.8769 14.9315 13.097 63050395541599215 1040011664 "" ops_std_boss_ps1dr2 ops_std standard_boss 0 0 0.0 0.0 -999 ""
FIBERMAP 124 R-6C12 METROLOGY 0 0 0 1 0 0 9.09854316178597 -116.95246271418557 143.1 -46.636214672584 -107.61976178841634 187.8831 114.20889 -999.0 -999.0 -999.0 -999.0 -999.0 278.2679622628299 -8.9583583000655 278.28977897222296 -8.928829209103045 43.78270038171118 150.751252289824 -999.0 6231.0 -999.0 -1 -999 {-999.0 -999.0 -999.0 -999.0 -999.0} "" -999.0 -999.0 -999.0 -999.0 -999 -999 "" "" "" "" 0 0 0.0 0.0 -999 ""
FIBERMAP 126 R-7C19 APOGEE 0 0 0 1 0 0 178.79370142079833 -124.83757898225659 143.1 99.65885693220852 -193.9249660826537 157.00035 94.46021 -999.0 -999.0 -999.0 -999.0 -999.0 278.9398710446501 -9.349584711709866 278.96247173105957 -9.318250923844815 43.15031007161817 150.1461396829251 -999.0 16600.0 -999.0 2 -999 {-999.0 -999.0 -999.0 -999.0 -999.0} "" -999.0 -999.0 -999.0 -999.0 -999 -999 "" "" "" "" 0 0 0.0 0.0 -999 ""
FIBERMAP 126 R-7C19 BOSS 1 1 0 1 0 0 179.00699608750787 -124.12746068899821 143.1 100.17936844053952 -193.39706262650324 157.00035 94.46021 278.9424065692741 -9.347428486716813 -0.46179637 -2.9262736 0.2626155 278.94238428612897 -9.34743787992052 278.9648849644991 -9.315901374814853 43.151427540328555 150.14181759282815 5400.0 5400.0 2016.0 1 320 {-999.0 15.956642 14.76775 14.088706 -999.0} sdss_psfmag_from_g3xp 15.505186 14.595439 13.638629 11.971 63050395540428857 1093188959 bright_3x1 mwm_astar_core_boss mwm_ob science 0 0 0.0 0.0 -999 ""
FIBERMAP 126 R-7C19 METROLOGY 0 0 0 1 0 0 179.52242513387623 -124.67750484159119 143.1 100.3777622879036 -194.1241817767958 157.00035 94.46021 -999.0 -999.0 -999.0 -999.0 -999.0 278.9432458634056 -9.35064370337859 278.96578078926683 -9.319159300561587 43.14810228890255 150.1426147647987 -999.0 6231.0 -999.0 -1 -999 {-999.0 -999.0 -999.0 -999.0 -999.0} "" -999.0 -999.0 -999.0 -999.0 -999 -999 "" "" "" "" 0 0 0.0 0.0 -999 ""
FIBERMAP 129 R-6C21 APOGEE 1 1 0 1 0 0 216.5914077301389 -96.58323377875769 143.1 146.27508197232754 -186.62418592521345 172.67482 38.016453 279.1535883512875 -9.315899970835105 -4.156168 -6.426673 -0.03388981 279.15354205777174 -9.315926853670161 279.17597098775326 -9.284047437585118 43.09150651679317 149.8650227202276 16000.0 16600.0 2016.0 2 194 {-999.0 24.145658 23.50989 18.238167 -999.0} sdss_psfmag_gaia 21.663986 18.737879 16.945805 9.803 63050395540410611 1154738679 bright_1x1 mwm_galactic_core_dist_apogee_sparse mwm_galactic science 0 0 0.0 0.0 -999 ""
FIBERMAP 129 R-6C21 BOSS 0 0 0 1 0 0 217.21171222684777 -96.17826031521548 143.1 147.01265892205728 -186.55626415503818 172.67482 38.016453 -999.0 -999.0 -999.0 -999.0 -999.0 279.1570286040642 -9.315826266927658 279.17936130245147 -9.283740585168392 43.09035254263434 149.8607016305435 -999.0 5400.0 -999.0 1 333 {-999.0 -999.0 -999.0 -999.0 -999.0} "" -999.0 -999.0 -999.0 -999.0 -999 -999 "" "" "" "" 0 0 0.0 0.0 -999 ""
FIBERMAP 129 R-6C21 METROLOGY 0 0 0 1 0 0 217.2512719705049 -96.92558246579073 143.1 146.6982339213083 -187.23526429952688 172.67482 38.016453 -999.0 -999.0 -999.0 -999.0 -999.0 279.15553985341575 -9.318825787298895 279.1779075134402 -9.286798491859912 43.088202342837455 149.8642686768179 -999.0 6231.0 -999.0 -1 -999 {-999.0 -999.0 -999.0 -999.0 -999.0} "" -999.0 -999.0 -999.0 -999.0 -999 -999 "" "" "" "" 0 0 0.0 0.0 -999 ""
FIBERMAP 130 R-9C15 APOGEE 0 0 0 1 0 0 131.91386757351637 -190.03176459972352 143.1 27.745418757702822 -229.62816645121714 331.80353 80.62411 -999.0 -999.0 -999.0 -999.0 -999.0 278.60888865701736 -9.510267471640208 278.63202899145756 -9.479729169084662 43.141111332086304 150.644608196321 -999.0 16600.0 -999.0 2 -999 {-999.0 -999.0 -999.0 -999.0 -999.0} "" -999.0 -999.0 -999.0 -999.0 -999 -999 "" "" "" "" 0 0 0.0 0.0 -999 ""
FIBERMAP 130 R-9C15 BOSS 1 1 0 1 0 0 131.47981480221165 -190.6211871904518 143.1 27.086222612947516 -229.9461863983545 331.80353 80.62411 278.6059471089858 -9.511916151749702 -0.6069467 -2.974242 0.30412138 278.605950462124 -9.51192259993539 278.62900391823604 -9.481193435765201 43.1410279680358 150.64916180036428 5400.0 5400.0 2016.0 1 265 {-999.0 16.489614 14.978708 14.08942 -999.0} sdss_psfmag_from_g3xp 15.850324 14.684682 13.619452 11.674 63050395540388810 1093181777 bright_3x1 mwm_astar_core_boss mwm_ob science 0 0 0.0 0.0 -999 ""
FIBERMAP 130 R-9C15 METROLOGY 0 0 0 1 0 0 131.17238211360618 -189.94893167599417 143.1 27.128798435082338 -229.20829601766528 331.80353 80.62411 -999.0 -999.0 -999.0 -999.0 -999.0 278.6061310024541 -9.508552181032792 278.6292020105163 -9.47788017354681 43.14395642005522 150.6470209726018 -999.0 6231.0 -999.0 -1 -999 {-999.0 -999.0 -999.0 -999.0 -999.0} "" -999.0 -999.0 -999.0 -999.0 -999 -999 "" "" "" "" 0 0 0.0 0.0 -999 ""
FIBERMAP 136 R-10C12 APOGEE 0 0 0 1 0 0 60.8135731646015 -183.75246314877003 143.1 -32.15938835222714 -190.83743141674023 114.84751 124.38049 -999.0 -999.0 -999.0 -999.0 -999.0 278.33385160841243 -9.335140749292444 278.35665919803455 -9.305405681282481 43.412704918195445 150.8842286427428 -999.0 16600.0 -999.0 2 -999 {-999.0 -999.0 -999.0 -999.0 -999.0} "" -999.0 -999.0 -999.0 -999.0 -999 -999 "" "" "" "" 0 0 0.0 0.0 -999 ""
FIBERMAP 136 R-10C12 BOSS 1 1 0 1 0 0 61.16647040484067 -183.1325737980954 143.1 -31.557675972994975 -190.4545421153184 114.84751 124.38049 278.3363286049095 -9.33366376592345 1.743017 -1.7329979 0.7456785 278.3367038805071 -9.333674581408301 278.3594159977102 -9.303736422005256 43.41309589382155 150.87986783040523 5400.0 5400.0 2016.0 1 369 {-999.0 14.124725 12.889113 12.203875 -999.0} sdss_psfmag_from_g3xp 13.652887 12.738483 11.791013 9.944 63050395541545103 1093181687 bright_3x1 mwm_astar_core_boss mwm_ob science 0 0 1.2844550609588623 0.0 -999 ""
FIBERMAP 136 R-10C12 METROLOGY 0 0 0 1 0 0 61.55965110445693 -183.7579118341962 143.1 -31.50253027873625 -191.1910544851753 114.84751 124.38049 -999.0 -999.0 -999.0 -999.0 -999.0 278.336928238995 -9.336929349976542 278.3596741792905 -9.30704471427415 43.40997977112095 150.8814370700215 -999.0 6231.0 -999.0 -1 -999 {-999.0 -999.0 -999.0 -999.0 -999.0} "" -999.0 -999.0 -999.0 -999.0 -999 -999 "" "" "" "" 0 0 0.0 0.0 -999 ""
FIBERMAP 138 R-2C24 APOGEE 0 0 0 1 0 0 236.63558608398128 -36.48577542647278 143.1 192.08755610399936 -142.87938008401883 136.01163 143.13829 -999.0 -999.0 -999.0 -999.0 -999.0 279.3638207829625 -9.117728813357383 279.3856650390566 -9.085388488902305 43.1818391047805 149.4918443506599 -999.0 16600.0 -999.0 2 -999 {-999.0 -999.0 -999.0 -999.0 -999.0} "" -999.0 -999.0 -999.0 -999.0 -999 -999 "" "" "" "" 0 0 0.0 0.0 -999 ""
FIBERMAP 138 R-2C24 BOSS 1 1 0 1 0 0 236.50744984478757 -35.75723587194701 143.1 192.31491334920332 -142.17556914365065 136.01163 143.13829 279.365007561003 -9.114769992982 -0.86730695 -0.7673075 0.48181826 279.36499423425505 -9.114761931042208 279.38673535975175 -9.082223844534225 43.18423579815891 149.48866104108328 5400.0 5400.0 2016.0 1 260 {-999.0 17.058138 15.991887 15.476609 15.099547} sdss_psfmag_from_ps1dr2 16.6543 15.9506 15.0608 -999.0 63050395540637843 1040009511 "" ops_std_boss_ps1dr2 ops_std standard_boss 0 0 0.0 0.0 -999 ""
FIBERMAP 138 R-2C24 METROLOGY 0 0 0 1 0 0 237.20506522916307 -36.00374276812399 143.1 192.81623894354493 -142.71958921259196 136.01163 143.13829 -999.0 -999.0 -999.0 -999.0 -999.0 279.36722832653 -9.117143533601958 279.38900149488296 -9.084654034069006 43.18107700158746 149.4873348068194 -999.0 6231.0 -999.0 -1 -999 {-999.0 -999.0 -999.0 -999.0 -999.0} "" -999.0 -999.0 -999.0 -999.0 -999 -999 "" "" "" "" 0 0 0.0 0.0 -999 ""
FIBERMAP 140 R-4C12 APOGEE 0 0 0 1 0 0 -5.268803581636349 -62.79587914867649 143.1 -34.015136151162125 -53.03755194200053 127.96813 96.050804 -999.0 -999.0 -999.0 -999.0 -999.0 278.3266521691716 -8.71014155639484 278.3478832670347 -8.68070917727552 43.98424803944595 150.53524229013053 -999.0 16600.0 -999.0 2 -999 {-999.0 -999.0 -999.0 -999.0 -999.0} "" -999.0 -999.0 -999.0 -999.0 -999 -999 "" "" "" "" 0 0 0.0 0.0 -999 ""
FIBERMAP 140 R-4C12 BOSS 1 1 0 1 0 0 -4.757283699784357 -62.26719086436721 143.1 -33.31586689855948 -52.809428274463635 127.96813 96.050804 278.32993913619555 -8.70931405402995 4.8968544 -8.844207 0.4108119 278.3299472599215 -8.709334549365607 278.35108552971366 -8.67970184747519 43.98383832775214 150.53066066633912 5400.0 5400.0 2016.0 1 365 {-999.0 18.098919 16.212088 15.263741 -999.0} sdss_psfmag_ps1 17.188002 15.82996 14.697195 11.949 63050395541638466 916945267 bright_3x1 mwm_yso_disk_boss mwm_yso science 0 0 0.0 0.0 -999 ""
FIBERMAP 140 R-4C12 METROLOGY 0 0 0 1 0 0 -4.546631634671535 -62.98330822734055 143.1 -33.464486609707556 -53.540838029365844 127.96813 96.050804 -999.0 -999.0 -999.0 -999.0 -999.0 278.3292320027241 -8.712603080744431 278.35040416496946 -8.683025191164372 43.98110179539693 150.53344353527135 -999.0 6231.0 -999.0 -1 -999 {-999.0 -999.0 -999.0 -999.0 -999.0} "" -999.0 -999.0 -999.0 -999.0 -999 -999 "" "" "" "" 0 0 0.0 0.0 -999 ""
FIBERMAP 142 R0C2 APOGEE 1 1 0 1 0 0 -275.4417870021174 9.121886018507599 143.1 -239.17881101197204 136.8371034929882 111.02498 131.2963 277.393911139719 -7.845821119092347 -2.4901266 -4.604192 -0.5023583 277.3939176243282 -7.845827050777156 277.4133199228811 -7.819226462333302 45.15110447604683 151.2171960889785 16000.0 16600.0 2016.0 2 295 {-999.0 24.291677 24.075424 18.166712 -999.0} sdss_psfmag_gaia 21.81973 18.599333 16.898401 10.349 63050395545410557 1154742737 bright_1x1 mwm_galactic_core_dist_apogee_sparse mwm_galactic science 0 0 0.0 0.0 -999 ""
FIBERMAP 142 R0C2 BOSS 0 0 0 1 0 0 -275.04998072482056 9.752083010668589 143.1 -238.53789064820617 137.21091218337818 111.02498 131.2963 -999.0 -999.0 -999.0 -999.0 -999.0 277.396911394791 -7.844324327292264 277.41622503180946 -7.817531256884441 45.15147533381882 151.21248903658974 -999.0 5400.0 -999.0 1 423 {-999.0 -999.0 -999.0 -999.0 -999.0} "" -999.0 -999.0 -999.0 -999.0 -999 -999 "" "" "" "" 0 0 0.0 0.0 -999 ""
FIBERMAP 142 R0C2 METROLOGY 0 0 0 1 0 0 -274.6973055637181 9.094103948896493 143.1 -238.5338053068401 136.46448792653604 111.02498 131.2963 -999.0 -999.0 -999.0 -999.0 -999.0 277.3968651839628 -7.847633504514952 277.41621093330383 -7.8208916015708985 45.14841419818865 151.21445457498385 -999.0 6231.0 -999.0 -1 -999 {-999.0 -999.0 -999.0 -999.0 -999.0} "" -999.0 -999.0 -999.0 -999.0 -999 -999 "" "" "" "" 0 0 0.0 0.0 -999 ""
FIBERMAP 144 R-4C4 APOGEE 0 0 0 1 0 0 -178.57938193869805 -90.0351271793071 143.1 -199.92701152892536 3.9140004882597443 267.67896 123.967125 -999.0 -999.0 -999.0 -999.0 -999.0 277.56659435986705 -8.447718684185155 277.5874541502499 -8.42039959264696 44.531926435577375 151.34131605214418 -999.0 16600.0 -999.0 2 -999 {-999.0 -999.0 -999.0 -999.0 -999.0} "" -999.0 -999.0 -999.0 -999.0 -999 -999 "" "" "" "" 0 0 0.0 0.0 -999 ""
FIBERMAP 144 R-4C4 BOSS 1 1 0 1 0 0 -179.21901336758214 -90.43365264356775 143.1 -200.6786556078876 3.860813401280291 267.67896 123.967125 277.5631898364648 -8.448123061839533 1.5975807 -2.8314083 1.1273074 277.56320745956646 -8.448132250777062 277.5839841034069 -8.420632453574257 44.533113097047014 151.34584631265537 5400.0 5400.0 2016.0 1 455 {-999.0 18.392702 16.81237 15.996138 -999.0} sdss_psfmag_ps1 17.699911 16.579494 15.4298115 12.248 63050395541860224 917200245 bright_6x1 mwm_yso_pms_boss_sagitta_edr3 mwm_yso science 0 0 0.0 0.0 -999 ""
FIBERMAP 144 R-4C4 METROLOGY 0 0 0 1 0 0 -179.23883850180977 -89.68615866800458 143.1 -200.34670825171415 4.530739058579408 267.67896 123.967125 -999.0 -999.0 -999.0 -999.0 -999.0 277.5647192391956 -8.445044717426965 277.5855117194705 -8.417596014131899 44.53526980056127 151.34217410554055 -999.0 6231.0 -999.0 -1 -999 {-999.0 -999.0 -999.0 -999.0 -999.0} "" -999.0 -999.0 -999.0 -999.0 -999 -999 "" "" "" "" 0 0 0.0 0.0 -999 ""
FIBERMAP 146 R-8C5 APOGEE 1 1 0 1 0 0 -109.50222912150124 -137.29773664113148 143.1 -160.97088723267717 -70.15311598648213 119.15289 74.01498 277.74283427185946 -8.785080562326236 -1.9043505 -2.1162589 0.382932 277.74316909821124 -8.785095538836066 277.7648155007552 -8.757161919933274 44.15291520065017 151.3095930072216 16000.0 16600.0 2016.0 2 265 {-999.0 20.37259 16.62267 13.75188 -999.0} sdss_psfmag_ps1 18.972387 14.431917 12.601885 5.952 63050395541786939 1153932560 bright_1x1 mwm_galactic_core_dist_apogee_sparse mwm_galactic science 0 0 1.2363016605377197 0.0 -999 ""
FIBERMAP 146 R-8C5 BOSS 0 0 0 1 0 0 -108.77556964729968 -137.11855542799736 143.1 -160.24487334732208 -70.33447921678942 119.15289 74.01498 -999.0 -999.0 -999.0 -999.0 -999.0 277.74652228398753 -8.786155717292074 277.7680831988414 -8.758020940592925 44.1508119067047 151.30597347909318 -999.0 5400.0 -999.0 1 480 {-999.0 -999.0 -999.0 -999.0 -999.0} "" -999.0 -999.0 -999.0 -999.0 -999 -999 "" "" "" "" 0 0 0.0 0.0 -999 ""
FIBERMAP 146 R-8C5 METROLOGY 0 0 0 1 0 0 -108.98663757090847 -137.83819988930156 143.1 -160.76787048202442 -70.87184322811426 119.15289 74.01498 -999.0 -999.0 -999.0 -999.0 -999.0 277.7441105536582 -8.788520145728253 277.7657030076068 -8.760445008203828 44.14956018397636 151.31034604990444 -999.0 6231.0 -999.0 -1 -999 {-999.0 -999.0 -999.0 -999.0 -999.0} "" -999.0 -999.0 -999.0 -999.0 -999 -999 "" "" "" "" 0 0 0.0 0.0 -999 ""
FIBERMAP 147 R-3C3 APOGEE 1 1 0 1 0 0 -216.7118206605609 -40.3885396756829 143.1 -210.41873407061829 65.62083198092812 140.48383 73.08267 277.52071693716414 -8.167641908148893 0.9047619 -0.3302093 0.2645449 277.52071475937686 -8.167629548666703 277.5408833405883 -8.140554908296536 44.806207569344664 151.23985336687545 16000.0 16600.0 2016.0 2 278 {-999.0 17.795914 16.05231 15.1775675 -999.0} sdss_psfmag_ps1 16.969759 15.856624 14.215687 10.727 63050395541925901 1153933895 bright_1x1 mwm_galactic_core_dist_apogee_sparse mwm_galactic science 0 0 0.0 0.0 -999 ""
FIBERMAP 147 R-3C3 BOSS 0 0 0 1 0 0 -216.08783299703873 -39.97011646785772 143.1 -209.67161378807603 65.69891906840047 140.48383 73.08267 -999.0 -999.0 -999.0 -999.0 -999.0 277.5241531020635 -8.16745812727924 277.5442351165883 -8.140187009561396 44.805187158279246 151.23537336725178 -999.0 5400.0 -999.0 1 442 {-999.0 -999.0 -999.0 -999.0 -999.0} "" -999.0 -999.0 -999.0 -999.0 -999 -999 "" "" "" "" 0 0 0.0 0.0 -999 ""
FIBERMAP 147 R-3C3 METROLOGY 0 0 0 1 0 0 -216.0517799409998 -40.74007975034479 143.1 -209.999723314075 65.00154748227712 140.48383 73.08267 -999.0 -999.0 -999.0 -999.0 -999.0 277.52262321549694 -8.170564540764788 277.54273770349073 -8.143349199601019 44.80290706235173 151.2391017291639 -999.0 6231.0 -999.0 -1 -999 {-999.0 -999.0 -999.0 -999.0 -999.0} "" -999.0 -999.0 -999.0 -999.0 -999 -999 "" "" "" "" 0 0 0.0 0.0 -999 ""
FIBERMAP 148 R-10C10 APOGEE 0 0 0 1 0 0 37.626934257969616 -195.7004426610431 143.1 -58.23835173454782 -190.5571557063394 11.848122 99.5219 -999.0 -999.0 -999.0 -999.0 -999.0 278.21392576557696 -9.333287321726692 278.2367762655457 -9.30386825268827 43.46304172534091 151.03168870179357 -999.0 16600.0 -999.0 2 -999 {-999.0 -999.0 -999.0 -999.0 -999.0} "" -999.0 -999.0 -999.0 -999.0 -999 -999 "" "" "" "" 0 0 0.0 0.0 -999 ""
FIBERMAP 148 R-10C10 BOSS 1 1 0 1 0 0 37.89510085019018 -196.4033648247325 143.1 -58.32996939133396 -191.30379242816383 11.848122 99.5219 278.21320878390395 -9.33690348028528 -1.0670232 -2.752584 0.26894924 278.213576195606 -9.336893217183741 278.2363459170129 -9.307277274183466 43.46011177968297 151.03415986178086 5400.0 5400.0 2016.0 1 370 {-999.0 16.523981 14.036197 12.585337 -999.0} sdss_psfmag_from_g3xp 15.1927 13.204383 11.875767 8.912 63050395541543898 1093181639 bright_3x1 mwm_astar_core_boss mwm_ob science 0 0 1.2590522766113281 0.0 -999 ""
FIBERMAP 148 R-10C10 METROLOGY 0 0 0 1 0 0 37.16407239748961 -196.28561005472187 143.1 -58.92102079738323 -190.8579459220829 11.848122 99.5219 -999.0 -999.0 -999.0 -999.0 -999.0 278.2108385676968 -9.33480404749754 278.23362961504927 -9.305251852467189 43.46306283728569 151.03637235720842 -999.0 6231.0 -999.0 -1 -999 {-999.0 -999.0 -999.0 -999.0 -999.0} "" -999.0 -999.0 -999.0 -999.0 -999 -999 "" "" "" "" 0 0 0.0 0.0 -999 ""
FIBERMAP 153 R-7C3 APOGEE 1 1 0 1 0 0 -178.4249834072201 -131.84241254053228 143.1 -219.33634784992935 -33.10868265931859 140.84518 133.2289 277.47765546958203 -8.61514689572137 -2.6691666 -7.232829 -0.21501501 277.47763313589826 -8.615193033715698 277.4989505918761 -8.588033037046078 44.41433450029571 151.54886665600836 16000.0 16600.0 2016.0 2 300 {-999.0 25.283676 21.478655 19.426088 -999.0} sdss_psfmag_ps1 21.574867 18.54654 16.589514 9.001 63050395541809280 1153932792 bright_1x1 mwm_galactic_core_dist_apogee_sparse mwm_galactic science 0 0 0.0 0.0 -999 ""
FIBERMAP 153 R-7C3 BOSS 0 0 0 1 0 0 -178.49160299291052 -131.11187895642576 143.1 -219.05368814020792 -32.431869685964784 140.84518 133.2289 -999.0 -999.0 -999.0 -999.0 -999.0 277.4789717360947 -8.612329298592229 277.5001960849927 -8.584976651406903 44.41662980390675 151.54555667539273 -999.0 5400.0 -999.0 1 446 {-999.0 -999.0 -999.0 -999.0 -999.0} "" -999.0 -999.0 -999.0 -999.0 -999 -999 "" "" "" "" 0 0 0.0 0.0 -999 ""
FIBERMAP 153 R-7C3 METROLOGY 0 0 0 1 0 0 -177.81643959002344 -131.4057560664004 143.1 -218.59435284817488 -33.0072601513319 140.84518 133.2289 -999.0 -999.0 -999.0 -999.0 -999.0 277.4810318928272 -8.614897139414355 277.50228614150086 -8.587591881519199 44.41340149243023 151.54439510367558 -999.0 6231.0 -999.0 -1 -999 {-999.0 -999.0 -999.0 -999.0 -999.0} "" -999.0 -999.0 -999.0 -999.0 -999 -999 "" "" "" "" 0 0 0.0 0.0 -999 ""
FIBERMAP 155 R-11C15 APOGEE 0 0 0 1 0 0 143.09188582171012 -230.9585852062708 143.1 18.490715224350954 -271.0264466683271 293.85913 80.98882 -999.0 -999.0 -999.0 -999.0 -999.0 278.5657439748211 -9.695101731114782 278.58936926349963 -9.664591343307555 42.99063247589711 150.80246363355633 -999.0 16600.0 -999.0 2 -999 {-999.0 -999.0 -999.0 -999.0 -999.0} "" -999.0 -999.0 -999.0 -999.0 -999 -999 "" "" "" "" 0 0 0.0 0.0 -999 ""
FIBERMAP 155 R-11C15 BOSS 1 1 0 1 0 0 142.37928372072605 -231.16794978900492 143.1 17.76301428604564 -270.8783325027004 293.85913 80.98882 278.5624737323739 -9.694575908709407 -0.70333844 -9.106437 0.8399612 278.5624999533576 -9.694640003000982 278.5860330137269 -9.663939327975642 42.99259382357904 150.80618143273216 5400.0 5400.0 2016.0 1 267 {-999.0 18.06083 16.289925 15.494275 -999.0} sdss_psfmag_ps1 17.280422 16.033516 14.950308 12.247 63050395540383125 916945238 bright_4x1 mwm_yso_disk_boss mwm_yso science 0 0 0.0 0.0 -999 ""
FIBERMAP 155 R-11C15 METROLOGY 0 0 0 1 0 0 142.55556115558477 -230.4399159156652 143.1 18.259184800962377 -270.31728838819134 293.85913 80.98882 -999.0 -999.0 -999.0 -999.0 -999.0 278.5647585484075 -9.69208821147657 278.5883104097932 -9.661439195904967 42.99393311793136 150.80196809292033 -999.0 6231.0 -999.0 -1 -999 {-999.0 -999.0 -999.0 -999.0 -999.0} "" -999.0 -999.0 -999.0 -999.0 -999 -999 "" "" "" "" 0 0 0.0 0.0 -999 ""
FIBERMAP 159 R-8C14 APOGEE 0 0 0 1 0 0 106.40263893974524 -169.26576577083776 143.1 14.90639828100035 -199.34752693184151 31.062647 26.684427 -999.0 -999.0 -999.0 -999.0 -999.0 278.55030061442255 -9.374143591374596 278.57312040407106 -9.34382189242373 43.288868726153716 150.63912635379032 -999.0 16600.0 -999.0 2 -999 {-999.0 -999.0 -999.0 -999.0 -999.0} "" -999.0 -999.0 -999.0 -999.0 -999 -999 "" "" "" "" 0 0 0.0 0.0 -999 ""
FIBERMAP 159 R-8C14 BOSS 1 1 0 1 0 0 106.01415509002567 -169.901381107198 143.1 14.265881184096612 -199.72767781872287 31.062647 26.684427 278.5474522413976 -9.376103261195523 0.47207642 -1.3917103 0.35975912 278.54744375182787 -9.376096525163732 278.57017790490363 -9.345584621703448 43.288480303447884 150.64376205979912 5400.0 5400.0 2016.0 1 327 {-999.0 17.81297 16.130585 15.342016 -999.0} sdss_psfmag_ps1 17.05283 15.81012 14.71127 12.39 63050395541535660 916966099 bright_3x1 mwm_yso_disk_boss mwm_yso science 0 0 0.0 0.0 -999 ""
FIBERMAP 159 R-8C14 METROLOGY 0 0 0 1 0 0 105.6566592308388 -169.25248968663885 143.1 14.25328650288359 -198.9870317050704 31.062647 26.684427 -999.0 -999.0 -999.0 -999.0 -999.0 278.5473691077832 -9.372696085593663 278.57012069242757 -9.342241731865192 43.29154105407216 150.64191380959375 -999.0 6231.0 -999.0 -1 -999 {-999.0 -999.0 -999.0 -999.0 -999.0} "" -999.0 -999.0 -999.0 -999.0 -999 -999 "" "" "" "" 0 0 0.0 0.0 -999 ""
FIBERMAP 160 R+8C5 APOGEE 1 1 0 1 0 0 -117.10434313737028 138.76596261822775 143.1 -38.62418564183909 177.39418619865427 281.7259 85.54535 278.30900222235965 -7.662514719691507 0.5262431 -7.325844 -0.10086079 278.3090156907862 -7.662550153023255 278.3276138710813 -7.633628824361747 44.94215391806657 149.9420862044529 16000.0 16600.0 2016.0 2 92 {-999.0 23.785131 24.01849 19.786327 -999.0} sdss_psfmag_ps1 21.429668 18.765642 16.908371 8.912 63050395542034365 1153934807 bright_1x1 mwm_galactic_core_dist_apogee_sparse mwm_galactic science 0 0 0.0 0.0 -999 ""
FIBERMAP 160 R+8C5 BOSS 0 0 0 1 0 0 -117.84055936392585 138.6471727694311 143.1 -39.33041181191427 177.6333930644001 281.7259 85.54535 -999.0 -999.0 -999.0 -999.0 -999.0 278.305860085418 -7.661596908137854 278.32436939939987 -7.63249916678682 44.94454294400149 149.94552070294847 -999.0 5400.0 -999.0 1 68 {-999.0 -999.0 -999.0 -999.0 -999.0} "" -999.0 -999.0 -999.0 -999.0 -999 -999 "" "" "" "" 0 0 0.0 0.0 -999 ""
FIBERMAP 160 R+8C5 METROLOGY 0 0 0 1 0 0 -117.57222206006935 139.34812133467415 143.1 -38.76553905855953 178.12745843969685 281.7259 85.54535 -999.0 -999.0 -999.0 -999.0 -999.0 278.30843565039436 -7.659328904223095 278.32696312204126 -7.63027786594848 44.94546134947807 149.94089923945648 -999.0 6231.0 -999.0 -1 -999 {-999.0 -999.0 -999.0 -999.0 -999.0} "" -999.0 -999.0 -999.0 -999.0 -999 -999 "" "" "" "" 0 0 0.0 0.0 -999 ""
FIBERMAP 162 R-9C14 APOGEE 1 1 0 1 0 0 116.1046563471595 -188.8455555331728 143.1 14.327354696029584 -221.1886165876547 18.126595 42.065117 278.54736328125 -9.472321237065742 -999.0 -999.0 -999.0 278.547343190721 -9.47232906658569 278.5704123878945 -9.441969978734901 43.20079964938308 150.6987136608339 16000.0 16600.0 2015.5 2 192 {-999.0 -999.0 -999.0 -999.0 -999.0} "" -999.0 -999.0 -999.0 -999.0 27021603148721340 848994424 "" ops_sky_apogee_good ops_sky sky_apogee 0 0 0.0 0.0 -999 ""
FIBERMAP 162 R-9C14 BOSS 0 0 0 1 0 0 115.7628232267854 -189.49355076156266 143.1 13.722281011004002 -221.60151939598742 18.126595 42.065117 -999.0 -999.0 -999.0 -999.0 -999.0 278.54464985146876 -9.47441525824312 278.56763352349134 -9.443864801443446 43.20022106944901 150.7032155954076 -999.0 5400.0 -999.0 1 328 {-999.0 -999.0 -999.0 -999.0 -999.0} "" -999.0 -999.0 -999.0 -999.0 -999 -999 "" "" "" "" 0 0 0.0 0.0 -999 ""
FIBERMAP 162 R-9C14 METROLOGY 0 0 0 1 0 0 115.36180895171887 -188.86413036537417 143.1 13.662120364691654 -220.85773655345722 18.126595 42.065117 -999.0 -999.0 -999.0 -999.0 -999.0 278.5443569389264 -9.471012235448432 278.5673581680123 -9.440520098156197 43.20337419138351 150.70164028027543 -999.0 6231.0 -999.0 -1 -999 {-999.0 -999.0 -999.0 -999.0 -999.0} "" -999.0 -999.0 -999.0 -999.0 -999 -999 "" "" "" "" 0 0 0.0 0.0 -999 ""
FIBERMAP 167 R-6C5 APOGEE 1 1 0 1 0 0 -152.38525158140357 -121.75220636273335 143.1 -191.60428639252328 -36.36479448024471 234.69258 70.85249 277.60373894284396 -8.63074684515743 -0.16349585 -3.070528 0.4835583 277.6037281121724 -8.63078722408595 277.6250371720433 -8.603289028001603 44.349760046410104 151.39813145068916 16000.0 16600.0 2016.0 2 251 {-999.0 16.025723 13.539437 11.612903 -999.0} sdss_psfmag_from_g3xp 14.710964 12.308689 10.919337 7.129 63050395541808355 1152260924 bright_1x1 mwm_galactic_core_dist_apogee_sparse mwm_galactic science 0 0 0.0 0.0 -999 ""
FIBERMAP 167 R-6C5 BOSS 0 0 0 1 0 0 -152.83978566615926 -121.1693535979915 143.1 -191.73352076973887 -35.63714781564249 234.69258 70.85249 -999.0 -999.0 -999.0 -999.0 -999.0 277.60318471139806 -8.627680611516393 277.6244001620479 -8.599994577903153 44.35302552482545 151.39706022009977 -999.0 5400.0 -999.0 1 457 {-999.0 -999.0 -999.0 -999.0 -999.0} "" -999.0 -999.0 -999.0 -999.0 -999 -999 "" "" "" "" 0 0 0.0 0.0 -999 ""
FIBERMAP 167 R-6C5 METROLOGY 0 0 0 1 0 0 -152.10295681884514 -121.06702757066299 143.1 -191.03445033550676 -35.89119230041783 234.69258 70.85249 -999.0 -999.0 -999.0 -999.0 -999.0 277.6063524835415 -8.628797990704957 277.6275939031889 -8.601157158015843 44.35067792982479 151.39368866789786 -999.0 6231.0 -999.0 -1 -999 {-999.0 -999.0 -999.0 -999.0 -999.0} "" -999.0 -999.0 -999.0 -999.0 -999 -999 "" "" "" "" 0 0 0.0 0.0 -999 ""
FIBERMAP 170 R-2C20 APOGEE 0 0 0 1 0 0 158.05703080083845 -17.483820482291016 143.1 131.52135591601868 -89.34774613023842 150.95074 34.4996 -999.0 -999.0 -999.0 -999.0 -999.0 279.0881146298637 -8.876305570266295 279.1094631517016 -8.8447991042842 43.51650973720702 149.68784245894796 -999.0 16600.0 -999.0 2 -999 {-999.0 -999.0 -999.0 -999.0 -999.0} "" -999.0 -999.0 -999.0 -999.0 -999 -999 "" "" "" "" 0 0 0.0 0.0 -999 ""
FIBERMAP 170 R-2C20 BOSS 1 1 0 1 0 0 158.80688564247973 -17.402046993000802 143.1 132.22233035386373 -89.6260454781335 150.95074 34.4996 279.0902552579874 -8.87775231692356 2.3202615 -12.439727 2.3641331 279.0914656492737 -8.877791520247998 279.1127231304215 -8.846081495088555 43.513968062795335 149.68459077794427 5400.0 5400.0 2016.0 1 298 {-999.0 11.863277 9.4735365 7.5492253 -999.0} sdss_psfmag_from_g3xp 10.62974 8.251669 6.868372 2.732 63050395541654300 916331271 bright_3x1 mwm_yso_cluster_boss mwm_yso science 0 0 4.294560432434082 0.0 -999 ""
FIBERMAP 170 R-2C20 METROLOGY 0 0 0 1 0 0 158.4995492753431 -18.084519558562885 143.1 131.63162701478166 -90.08554833138533 150.95074 34.4996 -999.0 -999.0 -999.0 -999.0 -999.0 279.08871474104365 -8.879819614127218 279.1100049150606 -8.84817088174786 43.513234880646785 149.68917280465251 -999.0 6231.0 -999.0 -1 -999 {-999.0 -999.0 -999.0 -999.0 -999.0} "" -999.0 -999.0 -999.0 -999.0 -999 -999 "" "" "" "" 0 0 0.0 0.0 -999 ""
FIBERMAP 171 R-12C7 APOGEE 0 0 0 1 0 0 -14.568292612991986 -237.26859628593283 143.1 -123.80401510677073 -202.89392001423826 289.81006 151.54095 -999.0 -999.0 -999.0 -999.0 -999.0 277.9131091667808 -9.386541419190525 277.9362132695497 -9.357888644955183 43.53540118692607 151.43513457097492 -999.0 16600.0 -999.0 2 -999 {-999.0 -999.0 -999.0 -999.0 -999.0} "" -999.0 -999.0 -999.0 -999.0 -999 -999 "" "" "" "" 0 0 0.0 0.0 -999 ""
FIBERMAP 171 R-12C7 BOSS 1 1 0 1 0 0 -14.672238892536782 -238.00104451457815 143.1 -124.23832104167043 -203.49268202371317 289.81006 151.54095 277.9112075125522 -9.38941838126967 2.5453405 1.9119909 0.42666367 277.91119738013714 -9.389433959228532 277.93422087606103 -9.360588744290206 43.53373643571988 151.43912855895462 5400.0 5400.0 2016.0 1 404 {-999.0 16.891834 15.011227 14.177953 -999.0} sdss_psfmag_ps1 15.989309 14.633568 13.49763 10.731 63050395541037307 916965964 bright_3x1 mwm_yso_disk_boss mwm_yso science 0 0 0.0 0.0 -999 ""
FIBERMAP 171 R-12C7 METROLOGY 0 0 0 1 0 0 -15.257741124554453 -237.5537676912597 143.1 -124.54669353482939 -202.8236309273476 289.81006 151.54095 -999.0 -999.0 -999.0 -999.0 -999.0 277.90976002518823 -9.386354201441867 277.93280142063657 -9.35756977476393 43.53706409968584 151.43919612225815 -999.0 6231.0 -999.0 -1 -999 {-999.0 -999.0 -999.0 -999.0 -999.0} "" -999.0 -999.0 -999.0 -999.0 -999 -999 "" "" "" "" 0 0 0.0 0.0 -999 ""
FIBERMAP 177 R-4C3 APOGEE 1 1 0 1 0 0 -218.0951384701459 -80.7807723428208 143.1 -230.52558161945578 30.56772889955404 216.05414 89.43191 277.42838023199045 -8.326184209668874 -3.155454 -7.951144 -0.0020133285 277.4283852467359 -8.32621884244857 277.44898962075274 -8.299316595598455 44.698276412068594 151.44789592863611 16000.0 16600.0 2016.0 2 286 {-999.0 24.783424 27.42707 17.849644 -999.0} sdss_psfmag_gaia 22.025282 17.865557 16.168964 9.834 63050395541889040 1154741714 bright_1x1 mwm_galactic_core_dist_apogee_sparse mwm_galactic science 0 0 0.0 0.0 -999 ""
FIBERMAP 177 R-4C3 BOSS 0 0 0 1 0 0 -218.52638102391654 -80.18386357538758 143.1 -230.6276587807797 31.296909381548062 216.05414 89.43191 -999.0 -999.0 -999.0 -999.0 -999.0 277.42799559988003 -8.323096636746843 277.448507571953 -8.296008352572349 44.701493224495074 151.44661876197154 -999.0 5400.0 -999.0 1 443 {-999.0 -999.0 -999.0 -999.0 -999.0} "" -999.0 -999.0 -999.0 -999.0 -999 -999 "" "" "" "" 0 0 0.0 0.0 -999 ""
FIBERMAP 177 R-4C3 METROLOGY 0 0 0 1 0 0 -217.78138784879903 -80.09627268176716 143.1 -229.92826146495653 31.02602455819206 216.05414 89.43191 -999.0 -999.0 -999.0 -999.0 -999.0 277.4311376641786 -8.324283604110908 277.4516754375087 -8.297239937801674 44.69909451470918 151.44329264050677 -999.0 6231.0 -999.0 -1 -999 {-999.0 -999.0 -999.0 -999.0 -999.0} "" -999.0 -999.0 -999.0 -999.0 -999 -999 "" "" "" "" 0 0 0.0 0.0 -999 ""
FIBERMAP 179 R-4C8 APOGEE 0 0 0 1 0 0 -67.6064379954976 -77.16884131316105 143.1 -95.830622750436 -36.5966206042869 78.060585 18.688814 -999.0 -999.0 -999.0 -999.0 -999.0 278.04233685878825 -8.63417819073335 278.0634864204888 -8.605526503260771 44.16966910477427 150.84751129027578 -999.0 16600.0 -999.0 2 -999 {-999.0 -999.0 -999.0 -999.0 -999.0} "" -999.0 -999.0 -999.0 -999.0 -999 -999 "" "" "" "" 0 0 0.0 0.0 -999 ""
FIBERMAP 179 R-4C8 BOSS 1 1 0 1 0 0 -67.51514042071318 -77.90735207890668 143.1 -96.09520083609311 -37.29202153014171 78.060585 18.688814 278.04116285026936 -8.637533052027818 -0.2590341 -2.841623 0.5362907 278.0411518222268 -8.63754743143118 278.0622223332496 -8.608706128375596 44.1672929238392 150.85093355822278 5400.0 5400.0 2016.0 1 461 {-999.0 18.389112 16.880749 16.03952 15.337905} sdss_psfmag_from_ps1dr2 17.7636 16.7389 15.6604 13.471 63050395541815730 1040012213 "" ops_std_boss_ps1dr2 ops_std standard_boss 0 0 0.0 0.0 -999 ""
FIBERMAP 179 R-4C8 METROLOGY 0 0 0 1 0 0 -68.20055689721258 -77.62015573918443 143.1 -96.56672149640873 -36.7177421936795 78.060585 18.688814 -999.0 -999.0 -999.0 -999.0 -999.0 278.03897618902295 -8.634866056168969 278.06006571904226 -8.606085871948801 44.17056108821961 150.8521260587318 -999.0 6231.0 -999.0 -1 -999 {-999.0 -999.0 -999.0 -999.0 -999.0} "" -999.0 -999.0 -999.0 -999.0 -999 -999 "" "" "" "" 0 0 0.0 0.0 -999 ""
FIBERMAP 187 R-7C8 APOGEE 1 1 0 1 0 0 -47.9009471879441 -115.57647200319167 143.1 -96.37072218905541 -79.755142708517 143.03201 20.813368 278.03938613435537 -8.830517808443231 -2.0954902 -5.645666 0.41073567 278.0393360508206 -8.830491783089753 278.06098298436916 -8.801759748676712 43.99203417371495 150.96364183383295 16000.0 16600.0 2016.0 2 288 {-999.0 23.359158 18.180843 16.375671 -999.0} sdss_psfmag_ps1 -999.0 16.067068 -999.0 9.027 63050395541619716 1153932103 bright_1x1 mwm_galactic_core_dist_apogee_sparse mwm_galactic science 0 0 0.0 0.0 -999 ""
FIBERMAP 187 R-7C8 BOSS 0 0 0 1 0 0 -47.18570068645335 -115.77326502957811 143.1 -95.83057140378796 -80.26346713249755 143.03201 20.813368 -999.0 -999.0 -999.0 -999.0 -999.0 278.0418589827882 -8.833043058269853 278.0634230340382 -8.804110720391913 43.98889718741418 150.9619390648883 -999.0 5400.0 -999.0 1 400 {-999.0 -999.0 -999.0 -999.0 -999.0} "" -999.0 -999.0 -999.0 -999.0 -999 -999 "" "" "" "" 0 0 0.0 0.0 -999 ""
FIBERMAP 187 R-7C8 METROLOGY 0 0 0 1 0 0 -47.71244043895536 -116.30018957741049 143.1 -96.5424678376656 -80.48291634389456 143.03201 20.813368 -999.0 -999.0 -999.0 -999.0 -999.0 278.0385674362552 -8.833962161916483 278.06016013768925 -8.80509261410198 43.989334616497345 150.96658431911766 -999.0 6231.0 -999.0 -1 -999 {-999.0 -999.0 -999.0 -999.0 -999.0} "" -999.0 -999.0 -999.0 -999.0 -999 -999 "" "" "" "" 0 0 0.0 0.0 -999 ""
FIBERMAP 188 R-1C2 APOGEE 0 0 0 1 0 0 -269.12536984571807 -28.9989283991462 143.1 -251.41847164333657 100.19175568864615 233.21149 103.93792 -999.0 -999.0 -999.0 -999.0 -999.0 277.33681889116133 -8.011088123481821 277.35666013638723 -7.984565107129186 45.02300750024646 151.38524741883458 -999.0 16600.0 -999.0 2 -999 {-999.0 -999.0 -999.0 -999.0 -999.0} "" -999.0 -999.0 -999.0 -999.0 -999 -999 "" "" "" "" 0 0 0.0 0.0 -999 ""
FIBERMAP 188 R-1C2 BOSS 1 1 0 1 0 0 -269.82227480032657 -28.70870325277754 143.1 -251.8987301240292 100.7740830815164 233.21149 103.93792 277.3347473144531 -8.008668257872543 -999.0 -999.0 -999.0 277.33476691105653 -8.008646448000103 277.35451901723536 -7.981943608152723 45.0262647042942 151.38647989293568 5400.0 5400.0 2015.5 1 434 {-999.0 -999.0 -999.0 -999.0 -999.0} "" -999.0 -999.0 -999.0 -999.0 27021603148772690 852795500 "" ops_sky_boss_fallback ops_sky sky_boss 0 0 0.0 0.0 -999 ""
FIBERMAP 188 R-1C2 METROLOGY 0 0 0 1 0 0 -269.22101180820664 -28.258986107123967 143.1 -251.15706398519174 100.89045293316828 233.21149 103.93792 -999.0 -999.0 -999.0 -999.0 -999.0 277.33809050769656 -8.008068470031523 277.3578636361975 -7.981409948457605 45.02540527518433 151.38189154779218 -999.0 6231.0 -999.0 -1 -999 {-999.0 -999.0 -999.0 -999.0 -999.0} "" -999.0 -999.0 -999.0 -999.0 -999 -999 "" "" "" "" 0 0 0.0 0.0 -999 ""
FIBERMAP 189 R-5C5 APOGEE 1 1 0 1 0 0 -131.10426942508704 -108.57982667568322 143.1 -166.6371648285676 -34.67197438863086 1.9866486 70.65635 277.71771957779646 -8.623765444539464 -3.5667143 -9.712608 0.12226947 277.7177109912638 -8.623783615627575 277.73895887250376 -8.59598915054253 44.310457001861934 151.2502076269788 16000.0 16600.0 2016.0 2 263 {-999.0 23.185251 18.949457 16.720432 -999.0} sdss_psfmag_ps1 20.552294 16.950365 15.373854 9.841 63050395541810831 1153932845 bright_1x1 mwm_galactic_core_dist_apogee_sparse mwm_galactic science 0 0 0.0 0.0 -999 ""
FIBERMAP 189 R-5C5 BOSS 0 0 0 1 0 0 -131.3300502656779 -109.28744031410484 143.1 -167.16754100206572 -35.191826604966344 1.9866486 70.65635 -999.0 -999.0 -999.0 -999.0 -999.0 277.7153089962232 -8.626334156628756 277.73647777511655 -8.598354090196892 44.30930234634065 151.25468786075095 -999.0 5400.0 -999.0 1 458 {-999.0 -999.0 -999.0 -999.0 -999.0} "" -999.0 -999.0 -999.0 -999.0 -999 -999 "" "" "" "" 0 0 0.0 0.0 -999 ""
FIBERMAP 189 R-5C5 METROLOGY 0 0 0 1 0 0 -131.83798700907283 -108.73228950938974 143.1 -167.35692546460808 -34.46369685809756 1.9866486 70.65635 -999.0 -999.0 -999.0 -999.0 -999.0 277.71444088007223 -8.622964355678231 277.73562597610766 -8.595042154993633 44.312669076223465 151.25386892222275 -999.0 6231.0 -999.0 -1 -999 {-999.0 -999.0 -999.0 -999.0 -999.0} "" -999.0 -999.0 -999.0 -999.0 -999 -999 "" "" "" "" 0 0 0.0 0.0 -999 ""
FIBERMAP 192 R+4C10 APOGEE 0 0 0 1 0 0 -39.01812621616073 64.17795584235857 143.1 -4.480794131072717 74.96415659401258 305.06046 105.991356 -999.0 -999.0 -999.0 -999.0 -999.0 278.4642559363383 -8.127448044459618 278.4839648794676 -8.097914806868951 44.45604032206162 150.02219962785918 -999.0 16600.0 -999.0 2 -999 {-999.0 -999.0 -999.0 -999.0 -999.0} "" -999.0 -999.0 -999.0 -999.0 -999 -999 "" "" "" "" 0 0 0.0 0.0 -999 ""
FIBERMAP 192 R+4C10 BOSS 1 1 0 1 0 0 -39.50069747226584 63.58084721485743 143.1 -5.186465714474922 74.66202693056404 305.06046 105.991356 278.4608520897327 -8.12892676070335 -0.6698877 -7.1661 0.5735215 278.46109187852824 -8.128963649756912 278.480716710482 -8.099249706455858 44.45619622449156 150.027072708706 5400.0 5400.0 2016.0 1 74 {-999.0 16.436728 14.442887 13.436079 -999.0} sdss_psfmag_from_g3xp 15.472986 14.084928 12.944755 10.133 63050395541955970 916966176 bright_3x1 mwm_yso_disk_boss mwm_yso science 0 0 0.8979403972625732 0.0 -999 ""
FIBERMAP 192 R+4C10 METROLOGY 0 0 0 1 0 0 -39.75702017497072 64.28138551965635 143.1 -5.085494587499611 75.40101945720505 305.06046 105.991356 -999.0 -999.0 -999.0 -999.0 -999.0 278.46154071013234 -8.125555856751754 278.48118205525134 -8.09589563467687 44.45903784274433 150.02449421390094 -999.0 6231.0 -999.0 -1 -999 {-999.0 -999.0 -999.0 -999.0 -999.0} "" -999.0 -999.0 -999.0 -999.0 -999 -999 "" "" "" "" 0 0 0.0 0.0 -999 ""
FIBERMAP 194 R-10C1 APOGEE 1 1 0 1 0 0 -184.142311178066 -172.50435472206533 143.1 -243.39981480288512 -66.37392071565827 181.75839 13.664907 277.36817662069546 -8.764953817354119 -0.8949573 -1.1399686 0.21184681 277.3681862915056 -8.765005030964495 277.38992489549923 -8.738065629235194 44.320595024987696 151.7715425909807 16000.0 16600.0 2016.0 2 291 {-999.0 20.246891 17.135548 15.635217 -999.0} sdss_psfmag_ps1 18.405634 16.126114 14.729851 10.626 63050395541421039 1153930316 bright_1x1 mwm_galactic_core_dist_apogee_sparse mwm_galactic science 0 0 0.0 0.0 -999 ""
FIBERMAP 194 R-10C1 BOSS 0 0 0 1 0 0 -183.42724115682995 -172.2927567051506 143.1 -242.6688884665088 -66.52121471238867 181.75839 13.664907 -999.0 -999.0 -999.0 -999.0 -999.0 277.3715547290623 -8.765898126561266 277.39320922585847 -8.738758158988137 44.31865469822903 151.76777845683938 -999.0 5400.0 -999.0 1 420 {-999.0 -999.0 -999.0 -999.0 -999.0} "" -999.0 -999.0 -999.0 -999.0 -999 -999 "" "" "" "" 0 0 0.0 0.0 -999 ""
FIBERMAP 194 R-10C1 METROLOGY 0 0 0 1 0 0 -183.5978801729118 -173.0198222625748 143.1 -243.15962287405011 -67.0840390821663 181.75839 13.664907 -999.0 -999.0 -999.0 -999.0 -999.0 277.3693127274861 -8.768368329541149 277.39099845735376 -8.741287353895379 44.3172186657229 151.7719968620143 -999.0 6231.0 -999.0 -1 -999 {-999.0 -999.0 -999.0 -999.0 -999.0} "" -999.0 -999.0 -999.0 -999.0 -999 -999 "" "" "" "" 0 0 0.0 0.0 -999 ""
FIBERMAP 199 R+10C9 APOGEE 0 0 0 1 0 0 -10.555510747128038 210.63069146054204 143.1 89.14507563528699 191.09647688039357 168.68857 60.761253 -999.0 -999.0 -999.0 -999.0 -999.0 278.894222309273 -7.602695800656243 278.91244737830795 -7.572266517016313 44.748362686179064 149.16667316423087 -999.0 16600.0 -999.0 2 -999 {-999.0 -999.0 -999.0 -999.0 -999.0} "" -999.0 -999.0 -999.0 -999.0 -999 -999 "" "" "" "" 0 0 0.0 0.0 -999 ""
FIBERMAP 199 R+10C9 BOSS 1 1 0 1 0 0 -10.075173994667471 211.20702571799478 143.1 89.83905983776692 191.38129022764414 168.68857 60.761253 278.8975524902344 -7.601568698141961 -999.0 -999.0 -999.0 278.8975000754576 -7.601574407570809 278.91563076072856 -7.570951625239222 44.74817468176233 149.1618669011785 5400.0 5400.0 2015.5 1 121 {-999.0 -999.0 -999.0 -999.0 -999.0} "" -999.0 -999.0 -999.0 -999.0 27021603148730106 852784848 "" ops_sky_boss_fallback ops_sky sky_boss 0 0 0.0 0.0 -999 ""
FIBERMAP 199 R+10C9 METROLOGY 0 0 0 1 0 0 -9.820144841423723 210.504600361572 143.1 89.7360631971266 190.6412346317056 168.68857 60.761253 -999.0 -999.0 -999.0 -999.0 -999.0 278.89700728101246 -7.604859855724779 278.91517198823396 -7.574289449760254 44.74536666428238 149.1644870484497 -999.0 6231.0 -999.0 -1 -999 {-999.0 -999.0 -999.0 -999.0 -999.0} "" -999.0 -999.0 -999.0 -999.0 -999 -999 "" "" "" "" 0 0 0.0 0.0 -999 ""
FIBERMAP 200 R+7C19 APOGEE 0 0 0 1 0 0 200.57581614881843 140.12235731208003 143.1 242.78495099132323 30.07075231994374 8.985563 131.78555 -999.0 -999.0 -999.0 -999.0 -999.0 279.5958163742575 -8.334094997175617 279.6155999154199 -8.30150207722716 43.787805965085234 148.73825959062546 -999.0 16600.0 -999.0 2 -999 {-999.0 -999.0 -999.0 -999.0 -999.0} "" -999.0 -999.0 -999.0 -999.0 -999 -999 "" "" "" "" 0 0 0.0 0.0 -999 ""
FIBERMAP 200 R+7C19 BOSS 1 1 0 1 0 0 201.15206063547956 139.64443168231958 143.1 243.07081224785478 29.378941107812317 8.985563 131.78555 279.597216096052 -8.337417236045662 6.8429947 -3.3426886 3.316471 279.59723443685334 -8.337418413402762 279.61693084766836 -8.304629191680958 43.78441856770219 148.73853252394466 5400.0 5400.0 2016.0 1 238 {-999.0 15.774492 14.312682 13.696499 -999.0} sdss_psfmag_from_g3xp 15.164637 14.247446 13.301984 11.268 63050395541698610 1077961001 bright_flexible_2x1 mwm_snc_ext_main_boss mwm_snc science 0 0 0.0 0.0 -999 ""
FIBERMAP 200 R+7C19 METROLOGY 0 0 0 1 0 0 200.45546375350236 139.38603042716176 143.1 242.33433149805876 29.476232450191983 8.985563 131.78555 -999.0 -999.0 -999.0 -999.0 -999.0 279.59387274464234 -8.336919578433674 279.61359615542335 -8.304193551202026 43.78626464642515 148.74236869059646 -999.0 6231.0 -999.0 -1 -999 {-999.0 -999.0 -999.0 -999.0 -999.0} "" -999.0 -999.0 -999.0 -999.0 -999 -999 "" "" "" "" 0 0 0.0 0.0 -999 ""
FIBERMAP 202 R-10C6 APOGEE 0 0 0 1 0 0 -59.08647565685737 -213.6572239486435 143.1 -152.11166357572787 -161.21229949958132 354.9279 39.310352 -999.0 -999.0 -999.0 -999.0 -999.0 277.7833949288557 -9.197666614383909 277.80607092704264 -9.169440904462215 43.7598125347879 151.49127457684844 -999.0 16600.0 -999.0 2 -999 {-999.0 -999.0 -999.0 -999.0 -999.0} "" -999.0 -999.0 -999.0 -999.0 -999 -999 "" "" "" "" 0 0 0.0 0.0 -999 ""
FIBERMAP 202 R-10C6 BOSS 1 1 0 1 0 0 -59.70371584522616 -214.07836903359672 143.1 -152.85409277852412 -161.29594685012415 354.9279 39.310352 277.780093991317 -9.198220716509564 -1.7060119 -5.8537483 0.13701917 277.78006085343617 -9.198235235160189 277.80265185301147 -9.169823341449321 43.760835257785295 151.49575974692814 5400.0 5400.0 2016.0 1 391 {-999.0 19.127922 17.552526 16.712242 16.118269} sdss_psfmag_from_ps1dr2 18.3875 17.4321 16.3718 14.291 63050395541057105 1040010647 "" ops_std_boss_ps1dr2 ops_std standard_boss 0 0 0.0 0.0 -999 ""
FIBERMAP 202 R-10C6 METROLOGY 0 0 0 1 0 0 -59.76112751450283 -213.33862254957666 143.1 -152.55898761628217 -160.6152961444971 354.9279 39.310352 -999.0 -999.0 -999.0 -999.0 -999.0 277.7813879910143 -9.195117042737335 277.803995432703 -9.166758264682084 43.763096469375895 151.4923565664222 -999.0 6231.0 -999.0 -1 -999 {-999.0 -999.0 -999.0 -999.0 -999.0} "" -999.0 -999.0 -999.0 -999.0 -999 -999 "" "" "" "" 0 0 0.0 0.0 -999 ""
FIBERMAP 204 R-3C18 APOGEE 1 1 0 1 0 0 113.91032687555894 -75.50714501113056 143.1 65.37606832115492 -119.99092683218734 287.003 58.164284 278.7837277163575 -9.015529702310758 -0.24116935 -0.44991982 1.3830558 278.7837331448308 -9.015531943181504 278.8055542325881 -8.98476114041207 43.518025207496905 150.14464093386408 16000.0 16600.0 2016.0 2 224 {-999.0 25.026562 23.949564 19.413622 -999.0} sdss_psfmag_gaia 22.655615 19.98657 18.195797 9.337 63050395541564421 1154740900 bright_1x1 mwm_galactic_core_dist_apogee_sparse mwm_galactic science 0 0 0.0 0.0 -999 ""
FIBERMAP 204 R-3C18 BOSS 0 0 0 1 0 0 113.18599319829995 -75.39449166893141 143.1 64.78854892657486 -119.55271906725474 287.003 58.164284 -999.0 -999.0 -999.0 -999.0 -999.0 278.7811546689195 -9.013787391379314 278.80288019895323 -8.982829525288501 43.52089410816104 150.14681118225198 -999.0 5400.0 -999.0 1 293 {-999.0 -999.0 -999.0 -999.0 -999.0} "" -999.0 -999.0 -999.0 -999.0 -999 -999 "" "" "" "" 0 0 0.0 0.0 -999 ""
FIBERMAP 204 R-3C18 METROLOGY 0 0 0 1 0 0 113.65324351062324 -74.80753076574779 143.1 65.47593513515784 -119.25239539038935 287.003 58.164284 -999.0 -999.0 -999.0 -999.0 -999.0 278.7842915291536 -9.01236124190667 278.80603832712035 -8.981450948768446 43.520820758373986 150.14210901167786 -999.0 6231.0 -999.0 -1 -999 {-999.0 -999.0 -999.0 -999.0 -999.0} "" -999.0 -999.0 -999.0 -999.0 -999 -999 "" "" "" "" 0 0 0.0 0.0 -999 ""
FIBERMAP 208 R-7C5 APOGEE 1 1 0 1 0 0 -133.38511009785094 -147.13043835588178 143.1 -186.67627215005515 -67.67778801666068 240.57275 102.84076 277.6258154082927 -8.773008095767025 -4.8662906 -4.267489 0.37331247 277.62579922792645 -8.773030479158564 277.6474600565641 -8.745410623520986 44.21091481343359 151.45061583589006 16000.0 16600.0 2016.0 2 253 {-999.0 20.018879 16.890755 17.960543 -999.0} sdss_psfmag_ps1 18.30632 14.258981 12.69165 7.858 63050395541799160 1153932752 bright_1x1 mwm_galactic_core_dist_apogee_sparse mwm_galactic science 0 0 0.0 0.0 -999 ""
FIBERMAP 208 R-7C5 BOSS 0 0 0 1 0 0 -134.10720202674597 -146.9496255278507 143.1 -187.22994420759434 -67.18038697479085 240.57275 102.84076 -999.0 -999.0 -999.0 -999.0 -999.0 277.6233173909423 -8.770964391831782 277.6448876553132 -8.74316035214178 44.21400443194017 151.4525801488634 -999.0 5400.0 -999.0 1 451 {-999.0 -999.0 -999.0 -999.0 -999.0} "" -999.0 -999.0 -999.0 -999.0 -999 -999 "" "" "" "" 0 0 0.0 0.0 -999 ""
FIBERMAP 208 R-7C5 METROLOGY 0 0 0 1 0 0 -133.57982897895363 -146.41093197969917 143.1 -186.51198579001397 -66.9508320566141 240.57275 102.84076 -999.0 -999.0 -999.0 -999.0 -999.0 277.6265784746282 -8.76988979724679 277.6481692116429 -8.74213198083506 44.21362517992289 151.44786248253905 -999.0 6231.0 -999.0 -1 -999 {-999.0 -999.0 -999.0 -999.0 -999.0} "" -999.0 -999.0 -999.0 -999.0 -999 -999 "" "" "" "" 0 0 0.0 0.0 -999 ""
FIBERMAP 214 R-11C5 APOGEE 1 1 0 1 0 0 -81.54463880105217 -193.30751208891292 143.1 -162.4469187422896 -132.7269598302983 154.39554 48.246017 277.7360923071507 -9.06856428163305 -0.6401793 -3.453863 0.5205445 277.7361038628834 -9.068585192957068 277.7584710407789 -9.040542317688871 43.8966858208002 151.47815648152653 16000.0 16600.0 2016.0 2 153 {-999.0 19.395147 16.384176 14.950676 -999.0} sdss_psfmag_ps1 17.671135 15.442273 14.047341 10.139 63050395541064928 1153927295 bright_1x1 mwm_galactic_core_dist_apogee_sparse mwm_galactic science 0 0 0.0 0.0 -999 ""
FIBERMAP 214 R-11C5 BOSS 0 0 0 1 0 0 -80.8734350238182 -193.00108025945417 143.1 -161.7104258406569 -132.76992853134678 154.39554 48.246017 -999.0 -999.0 -999.0 -999.0 -999.0 277.7395196180435 -9.069033151874716 277.76179928318294 -9.04078733036288 43.89512554675993 151.47412745539836 -999.0 5400.0 -999.0 1 392 {-999.0 -999.0 -999.0 -999.0 -999.0} "" -999.0 -999.0 -999.0 -999.0 -999 -999 "" "" "" "" 0 0 0.0 0.0 -999 ""
FIBERMAP 214 R-11C5 METROLOGY 0 0 0 1 0 0 -80.9299545020902 -193.7366063592155 143.1 -162.1042535553461 -133.3935838949918 154.39554 48.246017 -999.0 -999.0 -999.0 -999.0 -999.0 277.7377030598761 -9.071775516441583 277.76001512825695 -9.043588127190882 43.8932831311609 151.47794160119062 -999.0 6231.0 -999.0 -1 -999 {-999.0 -999.0 -999.0 -999.0 -999.0} "" -999.0 -999.0 -999.0 -999.0 -999 -999 "" "" "" "" 0 0 0.0 0.0 -999 ""
FIBERMAP 215 R-10C15 APOGEE 1 1 0 1 0 0 129.26919515076654 -176.13525761061882 143.1 31.904893738267777 -216.1095873347833 145.46107 68.93483 278.62826216577236 -9.449624138687597 -0.34511834 -2.7340496 0.43645877 278.62822300117386 -9.449629196488267 278.6512022628204 -9.419068040008824 43.18830043131996 150.58626913210162 16000.0 16600.0 2016.0 2 237 {-999.0 23.773647 19.923431 16.606594 -999.0} sdss_psfmag_ps1 21.257387 16.490154 14.809974 8.461 63050395540394601 1153921916 bright_1x1 mwm_galactic_core_dist_apogee_sparse mwm_galactic science 0 0 0.0 0.0 -999 ""
FIBERMAP 215 R-10C15 BOSS 0 0 0 1 0 0 129.86190383226995 -175.68921349147138 143.1 32.63728210951928 -215.99246448832105 145.46107 68.93483 -999.0 -999.0 -999.0 -999.0 -999.0 278.631689563951 -9.449345190805358 278.65457445348744 -9.418577636777757 43.18735309168683 150.58184392783272 -999.0 5400.0 -999.0 1 266 {-999.0 -999.0 -999.0 -999.0 -999.0} "" -999.0 -999.0 -999.0 -999.0 -999 -999 "" "" "" "" 0 0 0.0 0.0 -999 ""
FIBERMAP 215 R-10C15 METROLOGY 0 0 0 1 0 0 129.953232580795 -176.42916354500093 143.1 32.37205867836427 -216.68915207309993 145.46107 68.93483 -999.0 -999.0 -999.0 -999.0 -999.0 278.6304316518766 -9.452408347458 278.6533509350553 -9.421698620572501 43.18502409232482 150.58513927402115 -999.0 6231.0 -999.0 -1 -999 {-999.0 -999.0 -999.0 -999.0 -999.0} "" -999.0 -999.0 -999.0 -999.0 -999 -999 "" "" "" "" 0 0 0.0 0.0 -999 ""
FIBERMAP 222 R-12C12 APOGEE 0 0 0 1 0 0 73.79310229482962 -246.88880722250252 143.1 -50.20529027309492 -252.7073812307592 282.2631 41.81104 -999.0 -999.0 -999.0 -999.0 -999.0 278.2506511683804 -9.612295610904571 278.27419361931425 -9.582651801763403 43.193823016118316 151.1434032728523 -999.0 16600.0 -999.0 2 -999 {-999.0 -999.0 -999.0 -999.0 -999.0} "" -999.0 -999.0 -999.0 -999.0 -999 -999 "" "" "" "" 0 0 0.0 0.0 -999 ""
FIBERMAP 222 R-12C12 BOSS 1 1 0 1 0 0 73.17453692170724 -246.44948412440232 143.1 -50.546603471291434 -252.02990214462176 282.2631 41.81104 278.24891394489697 -9.609497414978026 -0.122934476 -3.4416976 0.3225937 278.24917317066956 -9.609476241876003 278.2726183662921 -9.579639562283225 43.19720758767147 151.14364455024216 5400.0 5400.0 2016.0 1 343 {-999.0 15.781235 14.196857 13.266122 -999.0} sdss_psfmag_from_g3xp 15.092194 13.8657465 12.76478 10.666 63050395540981715 1093181725 bright_3x1 mwm_astar_core_boss mwm_ob science 0 0 0.9746395945549011 0.0 -999 ""
FIBERMAP 222 R-12C12 METROLOGY 0 0 0 1 0 0 73.86236664327373 -246.14593143844007 143.1 -49.79676213602973 -252.08318850053428 282.2631 41.81104 -999.0 -999.0 -999.0 -999.0 -999.0 278.25258880942636 -9.609673986156876 278.276058832272 -9.579884359446362 43.19558817807961 151.1395416586505 -999.0 6231.0 -999.0 -1 -999 {-999.0 -999.0 -999.0 -999.0 -999.0} "" -999.0 -999.0 -999.0 -999.0 -999 -999 "" "" "" "" 0 0 0.0 0.0 -999 ""
FIBERMAP 228 R+13C11 APOGEE 1 1 0 1 0 0 83.8140652558572 272.5265302171686 143.1 201.4892858923477 201.68203397696627 138.3781 36.127235 279.40470168112546 -7.558818664355837 -0.2191882 -2.5918803 0.6949866 279.4047376004349 -7.558859188453083 279.4226557331425 -7.5271116071754065 44.56689962838954 148.49992774407184 16000.0 16600.0 2016.0 2 53 {-999.0 24.514822 22.95358 19.37837 -999.0} sdss_psfmag_gaia 22.239626 20.035995 18.168512 8.502 63050395604944170 1154753813 bright_1x1 mwm_galactic_core_dist_apogee_sparse mwm_galactic science 0 0 0.0 0.0 -999 ""
FIBERMAP 228 R+13C11 BOSS 0 0 0 1 0 0 84.5557992264862 272.4880571983799 143.1 202.12686505837647 201.30125393754528 138.3781 36.127235 -999.0 -999.0 -999.0 -999.0 -999.0 279.40771568817195 -7.560786740677686 279.4255448498467 -7.528844767088311 44.56407657205935 148.4974020556002 -999.0 5400.0 -999.0 1 163 {-999.0 -999.0 -999.0 -999.0 -999.0} "" -999.0 -999.0 -999.0 -999.0 -999 -999 "" "" "" "" 0 0 0.0 0.0 -999 ""
FIBERMAP 228 R+13C11 METROLOGY 0 0 0 1 0 0 84.15432938566771 271.86052469486435 143.1 201.47864946054665 200.93431812216417 138.3781 36.127235 -999.0 -999.0 -999.0 -999.0 -999.0 279.40477726165415 -7.562348773789599 279.4226377337741 -7.530466443127589 44.563900131367745 148.5020370163641 -999.0 6231.0 -999.0 -1 -999 {-999.0 -999.0 -999.0 -999.0 -999.0} "" -999.0 -999.0 -999.0 -999.0 -999 -999 "" "" "" "" 0 0 0.0 0.0 -999 ""
FIBERMAP 233 R+4C4 APOGEE 0 0 0 1 0 0 -183.45830100170934 61.213544427030044 143.1 -133.52716028859373 139.87298796417025 281.38602 89.246735 -999.0 -999.0 -999.0 -999.0 -999.0 277.8736478598563 -7.831730056380322 277.89283599334607 -7.803876693327704 44.96902589214794 150.5956211968291 -999.0 16600.0 -999.0 2 -999 {-999.0 -999.0 -999.0 -999.0 -999.0} "" -999.0 -999.0 -999.0 -999.0 -999 -999 "" "" "" "" 0 0 0.0 0.0 -999 ""
FIBERMAP 233 R+4C4 BOSS 1 1 0 1 0 0 -184.17573648985066 61.06338424279636 143.1 -134.23145379551667 140.07568841615296 281.38602 89.246735 277.8704753942269 -7.830932219947025 -1.359663 -4.5726066 0.5128222 277.87048868540444 -7.830960818202489 277.88959014747843 -7.802930367680937 44.97122611751244 150.5991958784491 5400.0 5400.0 2016.0 1 36 {-999.0 18.847902 16.554678 15.533244 -999.0} sdss_psfmag_ps1 17.710968 16.128042 14.932732 11.893 63050395542018160 939073487 bright_1x1 openfibertargets_nov2020_34a open_fiber science 0 0 0.0 0.0 -999 ""
FIBERMAP 233 R+4C4 METROLOGY 0 0 0 1 0 0 -183.95441957114377 61.7707951296533 143.1 -133.70511775709946 140.59744841349968 281.38602 89.246735 -999.0 -999.0 -999.0 -999.0 -999.0 277.872893658399 -7.828556505698839 277.89201249809344 -7.800573436600796 44.97236866392755 150.59472384872302 -999.0 6231.0 -999.0 -1 -999 {-999.0 -999.0 -999.0 -999.0 -999.0} "" -999.0 -999.0 -999.0 -999.0 -999 -999 "" "" "" "" 0 0 0.0 0.0 -999 ""
FIBERMAP 238 R-5C3 APOGEE 1 1 0 1 0 0 -191.83645638214333 -106.06839561947457 143.1 -219.13989591239593 -4.058704669723291 219.61073 151.39488 277.4790713294907 -8.48343222285885 -0.5701844 -6.782416 0.16750973 277.4790887558028 -8.483453556906847 277.50007205476 -8.456348408244086 44.534252659516575 151.47259943995576 16000.0 16600.0 2016.0 2 290 {-999.0 23.56331 19.50547 16.628332 -999.0} sdss_psfmag_ps1 21.105051 16.825104 15.209853 9.581 63050395541854247 1153933136 bright_1x1 mwm_galactic_core_dist_apogee_sparse mwm_galactic science 0 0 0.0 0.0 -999 ""
FIBERMAP 238 R-5C3 BOSS 0 0 0 1 0 0 -192.55631202505265 -106.22029941278137 143.1 -219.84714359716887 -3.856413796299348 219.61073 151.39488 -999.0 -999.0 -999.0 -999.0 -999.0 277.47592622014434 -8.482709194930814 277.49682370517377 -8.455423135096968 44.536402671986316 151.47619180230447 -999.0 5400.0 -999.0 1 444 {-999.0 -999.0 -999.0 -999.0 -999.0} "" -999.0 -999.0 -999.0 -999.0 -999 -999 "" "" "" "" 0 0 0.0 0.0 -999 ""
FIBERMAP 238 R-5C3 METROLOGY 0 0 0 1 0 0 -192.33466361790607 -105.51009326120044 143.1 -219.3192077336764 -3.332338240358035 219.61073 151.39488 -999.0 -999.0 -999.0 -999.0 -999.0 277.4783185363213 -8.480291016972298 277.49923311405263 -8.453053474296876 44.537600716140894 151.47178659047577 -999.0 6231.0 -999.0 -1 -999 {-999.0 -999.0 -999.0 -999.0 -999.0} "" -999.0 -999.0 -999.0 -999.0 -999 -999 "" "" "" "" 0 0 0.0 0.0 -999 ""
FIBERMAP 240 R-13C13 APOGEE 1 1 0 1 0 0 115.06329172456677 -264.1977571648483 143.1 -21.82179633165798 -287.30023061796624 247.13649 107.18314 278.3806846465234 -9.766838645038463 -999.0 -999.0 -999.0 278.3806988647034 -9.766866298654444 278.4045806871189 -9.736809079833739 43.000391297991456 151.07002658247637 16000.0 16600.0 2016.0 2 176 {-999.0 -999.0 -999.0 -999.0 -999.0} "" -999.0 17.482729 -999.0 8.722 63050395539336057 1151526538 bright_1x1 mwm_galactic_core_dist_apogee_sparse mwm_galactic science 0 0 0.0 0.0 -999 ""
FIBERMAP 240 R-13C13 BOSS 0 0 0 1 0 0 114.3214891246763 -264.1164197172343 143.1 -22.439396118849217 -286.881533660126 247.13649 107.18314 -999.0 -999.0 -999.0 -999.0 -999.0 278.37796297628887 -9.765181999336495 278.40175002601416 -9.734933464236736 43.00325111664695 151.07244294879183 -999.0 5400.0 -999.0 1 345 {-999.0 -999.0 -999.0 -999.0 -999.0} "" -999.0 -999.0 -999.0 -999.0 -999 -999 "" "" "" "" 0 0 0.0 0.0 -999 ""
FIBERMAP 240 R-13C13 METROLOGY 0 0 0 1 0 0 114.76139783819401 -263.5184434595796 143.1 -21.771025299658817 -286.5586915105788 247.13649 107.18314 -999.0 -999.0 -999.0 -999.0 -999.0 278.38100252177225 -9.763707437305747 278.4048105615839 -9.733508076482186 43.00330452624574 151.06788148854992 -999.0 6231.0 -999.0 -1 -999 {-999.0 -999.0 -999.0 -999.0 -999.0} "" -999.0 -999.0 -999.0 -999.0 -999 -999 "" "" "" "" 0 0 0.0 0.0 -999 ""
FIBERMAP 245 R-9C16 APOGEE 1 1 0 1 0 0 141.50249376217874 -157.57855655057594 143.1 51.392693782851765 -205.4279617525663 135.7615 79.56602 278.7180142768317 -9.401635541970833 -2.6867416 -0.8967854 0.4561724 278.7179838546347 -9.40164846143817 278.74080570623585 -9.370873563459035 43.19496759023468 150.44847087170393 16000.0 16600.0 2016.0 2 193 {-999.0 15.884794 13.909074 11.816763 -999.0} sdss_psfmag_gaia 14.534103 12.552117 11.256646 7.655 63050395540395013 1154738492 bright_1x1 mwm_galactic_core_dist_apogee_sparse mwm_galactic science 0 0 0.0 0.0 -999 ""
FIBERMAP 245 R-9C16 BOSS 0 0 0 1 0 0 142.10831487859636 -157.15023210594 143.1 52.128386980592815 -205.33263041460887 135.7615 79.56602 -999.0 -999.0 -999.0 -999.0 -999.0 278.7214701460596 -9.40146043455893 278.7441975123586 -9.370479262745404 43.19391858897737 150.44407841615725 -999.0 5400.0 -999.0 1 308 {-999.0 -999.0 -999.0 -999.0 -999.0} "" -999.0 -999.0 -999.0 -999.0 -999 -999 "" "" "" "" 0 0 0.0 0.0 -999 ""
FIBERMAP 245 R-9C16 METROLOGY 0 0 0 1 0 0 142.17924711217344 -157.88935116534836 143.1 51.84552502194269 -206.01904773645438 135.7615 79.56602 -999.0 -999.0 -999.0 -999.0 -999.0 278.72012882718934 -9.40448262875892 278.74289061159914 -9.373559460949425 43.1916658212006 150.4474592645529 -999.0 6231.0 -999.0 -1 -999 {-999.0 -999.0 -999.0 -999.0 -999.0} "" -999.0 -999.0 -999.0 -999.0 -999 -999 "" "" "" "" 0 0 0.0 0.0 -999 ""
FIBERMAP 251 R-9C13 APOGEE 1 1 0 1 0 0 60.19008562431658 -174.05446154012694 143.1 -28.1764220829788 -181.97456092088157 212.8472 76.460396 278.3522552126697 -9.29519701813805 -0.7984613 -3.1479294 0.24922813 278.35224638039506 -9.295247280512049 278.37494574492234 -9.26548214175049 43.44154307960055 150.8388117931652 16000.0 16600.0 2016.0 2 172 {-999.0 23.985785 19.261194 17.024845 -999.0} sdss_psfmag_ps1 21.157883 17.285053 15.682529 10.63 63050395541545429 1153931421 bright_1x1 mwm_galactic_core_dist_apogee_sparse mwm_galactic science 0 0 0.0 0.0 -999 ""
FIBERMAP 251 R-9C13 BOSS 0 0 0 1 0 0 59.94786524938006 -173.35752765631062 143.1 -28.064672051026143 -181.24534722589877 212.8472 76.460396 -999.0 -999.0 -999.0 -999.0 -999.0 278.35284822294017 -9.292208878361366 278.37544903105163 -9.262247544602696 43.444279519147095 150.83633984260004 -999.0 5400.0 -999.0 1 397 {-999.0 -999.0 -999.0 -999.0 -999.0} "" -999.0 -999.0 -999.0 -999.0 -999 -999 "" "" "" "" 0 0 0.0 0.0 -999 ""
FIBERMAP 251 R-9C13 METROLOGY 0 0 0 1 0 0 60.68434917048286 -173.4966658018432 143.1 -27.478796127305227 -181.7126435310509 212.8472 76.460396 -999.0 -999.0 -999.0 -999.0 -999.0 278.3555166034675 -9.2942621784276 278.3781472167807 -9.264348426911921 43.44126261491332 150.83420456747254 -999.0 6231.0 -999.0 -1 -999 {-999.0 -999.0 -999.0 -999.0 -999.0} "" -999.0 -999.0 -999.0 -999.0 -999 -999 "" "" "" "" 0 0 0.0 0.0 -999 ""
FIBERMAP 256 R-3C17 APOGEE 0 0 0 1 0 0 85.10662331427088 -68.58193715914243 143.1 43.15619724311571 -100.40387988246165 251.18176 70.87167 -999.0 -999.0 -999.0 -999.0 -999.0 278.68169830284484 -8.926508825504934 278.70333554862174 -8.89604641153307 43.64114150747515 150.2190939511628 -999.0 16600.0 -999.0 2 -999 {-999.0 -999.0 -999.0 -999.0 -999.0} "" -999.0 -999.0 -999.0 -999.0 -999 -999 "" "" "" "" 0 0 0.0 0.0 -999 ""
FIBERMAP 256 R-3C17 BOSS 1 1 0 1 0 0 84.5028116469909 -68.13905928345443 143.1 42.829585734981215 -99.73015665256749 251.18176 70.87167 278.68030530273364 -8.92366660474159 -0.58383834 -8.558142 1.8000127 278.6803139717221 -8.923686787157905 278.7018531051094 -8.893035393808368 43.64448939709331 150.21916918957427 5400.0 5400.0 2016.0 1 302 {-999.0 17.390678 15.933537 15.172058 -999.0} sdss_psfmag_ps1 16.775475 15.713375 14.691802 -999.0 63050395541577078 917200047 bright_3x1 mwm_yso_pms_boss_sagitta_edr3 mwm_yso science 0 0 0.0 0.0 -999 ""
FIBERMAP 256 R-3C17 METROLOGY 0 0 0 1 0 0 85.17891946960103 -67.8393502979361 143.1 43.56726990195831 -99.78135994511695 251.18176 70.87167 -999.0 -999.0 -999.0 -999.0 -999.0 278.6836816762178 -8.923860032715854 278.7052458407408 -8.893254662607752 43.642873615450675 150.2150995504413 -999.0 6231.0 -999.0 -1 -999 {-999.0 -999.0 -999.0 -999.0 -999.0} "" -999.0 -999.0 -999.0 -999.0 -999 -999 "" "" "" "" 0 0 0.0 0.0 -999 ""
FIBERMAP 260 R+3C9 APOGEE 1 1 0 1 0 0 -63.563127011840585 66.101286723118 143.1 -25.275183701225945 88.13936430440002 57.293007 83.75861 278.3687999692574 -8.067268289816848 -0.43093598 -2.4348302 0.22238016 278.3687882466302 -8.067269432217117 278.3883823267557 -8.038013306069272 44.55040446023213 150.10678844227007 16000.0 16600.0 2016.0 2 121 {-999.0 20.057535 16.883945 15.461939 -999.0} sdss_psfmag_ps1 18.123537 15.832927 14.460347 10.461 63050395541968635 1153934197 bright_1x1 mwm_galactic_core_dist_apogee_sparse mwm_galactic science 0 0 0.0 0.0 -999 ""
FIBERMAP 260 R+3C9 BOSS 0 0 0 1 0 0 -62.991424844265424 65.64853838378384 143.1 -24.981566158163293 87.47192914722478 57.293007 83.75861 -999.0 -999.0 -999.0 -999.0 -999.0 278.37020422028934 -8.070452076168994 278.38971714994705 -8.041002982698254 44.54713636255249 150.10688367798906 -999.0 5400.0 -999.0 1 32 {-999.0 -999.0 -999.0 -999.0 -999.0} "" -999.0 -999.0 -999.0 -999.0 -999 -999 "" "" "" "" 0 0 0.0 0.0 -999 ""
FIBERMAP 260 R+3C9 METROLOGY 0 0 0 1 0 0 -63.673797926475274 65.35695674506628 143.1 -25.72098803626417 87.5332447685834 57.293007 83.75861 -999.0 -999.0 -999.0 -999.0 -999.0 278.3667821481443 -8.070119629090076 278.386320678187 -8.040732898246352 44.54880437669498 150.11099886415724 -999.0 6231.0 -999.0 -1 -999 {-999.0 -999.0 -999.0 -999.0 -999.0} "" -999.0 -999.0 -999.0 -999.0 -999 -999 "" "" "" "" 0 0 0.0 0.0 -999 ""
FIBERMAP 261 R+4C15 APOGEE 1 1 0 1 0 0 77.67989075386728 72.63511310614078 143.1 102.61421948798944 27.880025168528377 323.6882 128.22525 278.9564261136828 -8.342998473312148 0.64265066 -1.7846439 0.28282884 278.95642584864146 -8.342993813551027 278.976485527576 -8.312073462619985 44.05398795383949 149.5348240638103 16000.0 16600.0 2016.0 2 65 {-999.0 17.973465 15.053027 13.950958 -999.0} sdss_psfmag_ps1 16.357302 14.351202 13.04209 9.412 63050395541730812 1153932343 bright_1x1 mwm_galactic_core_dist_apogee_sparse mwm_galactic science 0 0 0.0 0.0 -999 ""
FIBERMAP 261 R+4C15 BOSS 0 0 0 1 0 0 77.73106246067768 71.89746388903708 143.1 102.31457978191537 27.20414540422995 323.6882 128.22525 -999.0 -999.0 -999.0 -999.0 -999.0 278.9551882705446 -8.346245492278198 278.9751647661733 -8.315136574119894 44.051786785586216 149.53830130894173 -999.0 5400.0 -999.0 1 212 {-999.0 -999.0 -999.0 -999.0 -999.0} "" -999.0 -999.0 -999.0 -999.0 -999 -999 "" "" "" "" 0 0 0.0 0.0 -999 ""
FIBERMAP 261 R+4C15 METROLOGY 0 0 0 1 0 0 77.05804301778272 72.21244302650784 143.1 101.86700503253331 27.79718411009691 323.6882 128.22525 -999.0 -999.0 -999.0 -999.0 -999.0 278.9530998808526 -8.3434900870978 278.9730963099766 -8.31244184063057 44.05510038002533 149.53925596581038 -999.0 6231.0 -999.0 -1 -999 {-999.0 -999.0 -999.0 -999.0 -999.0} "" -999.0 -999.0 -999.0 -999.0 -999 -999 "" "" "" "" 0 0 0.0 0.0 -999 ""
FIBERMAP 264 R+10C3 APOGEE 1 1 0 1 0 0 -119.95455336752312 210.07349281250853 143.1 -7.805492233617701 241.7503959145077 121.42352 21.643993 278.4511226739873 -7.3734183896528105 -3.648594 -6.639121 0.047737066 278.451112573671 -7.3735291019685025 278.4689306584746 -7.344361220398922 45.14387924845271 149.5879441378144 16000.0 16600.0 2016.0 2 136 {-999.0 27.325426 20.078009 17.33922 -999.0} sdss_psfmag_ps1 21.497757 17.182806 15.559949 9.739 63050395542051725 1153934899 bright_1x1 mwm_galactic_core_dist_apogee_sparse mwm_galactic science 0 0 0.0 0.0 -999 ""
FIBERMAP 264 R+10C3 BOSS 0 0 0 1 0 0 -119.35287584738789 209.6375953563308 143.1 -7.4775034518816845 241.08383994237363 121.42352 21.643993 -999.0 -999.0 -999.0 -999.0 -999.0 278.4526884509658 -7.376669821159271 278.47042594611867 -7.34731301070516 45.1405766541995 149.58784120982173 -999.0 5400.0 -999.0 1 16 {-999.0 -999.0 -999.0 -999.0 -999.0} "" -999.0 -999.0 -999.0 -999.0 -999 -999 "" "" "" "" 0 0 0.0 0.0 -999 ""
FIBERMAP 264 R+10C3 METROLOGY 0 0 0 1 0 0 -120.0321477722729 209.32778182103644 143.1 -8.222708237456093 241.1275918243773 121.42352 21.643993 -999.0 -999.0 -999.0 -999.0 -999.0 278.449260348561 -7.376420803405293 278.46702342501044 -7.3471250739062715 45.14219465867574 149.59204807866442 -999.0 6231.0 -999.0 -1 -999 {-999.0 -999.0 -999.0 -999.0 -999.0} "" -999.0 -999.0 -999.0 -999.0 -999 -999 "" "" "" "" 0 0 0.0 0.0 -999 ""
FIBERMAP 285 R-8C18 APOGEE 0 0 0 1 0 0 186.04184363194992 -168.4847166850357 143.1 85.65900799698778 -235.89024098801988 310.49823 104.41358 -999.0 -999.0 -999.0 -999.0 -999.0 278.8745960760464 -9.538070969526833 278.89769898543125 -9.506821672738848 43.00648222198342 150.33463416175033 -999.0 16600.0 -999.0 2 -999 {-999.0 -999.0 -999.0 -999.0 -999.0} "" -999.0 -999.0 -999.0 -999.0 -999 -999 "" "" "" "" 0 0 0.0 0.0 -999 ""
FIBERMAP 285 R-8C18 BOSS 1 1 0 1 0 0 185.62925956200388 -169.0897115748396 143.1 85.01150613465171 -236.23206126352198 310.49823 104.41358 278.87173559330085 -9.53982936175812 0.6613042 -2.2278287 0.57222575 278.87171905572535 -9.539826509465513 278.8947339816484 -9.508385618015947 43.00629820870058 150.33916200475915 5400.0 5400.0 2016.0 1 319 {-999.0 18.053602 16.72227 15.981654 -999.0} sdss_psfmag_ps1 17.532173 16.51497 15.518694 13.558 63050395540379611 981885918 "" ops_std_boss_tic ops_std standard_boss 0 0 0.0 0.0 -999 ""
FIBERMAP 285 R-8C18 METROLOGY 0 0 0 1 0 0 185.2982228759859 -168.4239700652832 143.1 85.03017461889449 -235.48889277781413 310.49823 104.41358 -999.0 -999.0 -999.0 -999.0 -999.0 278.8717963400051 -9.536440789854923 278.8948292110908 -9.505057486083732 43.009275958632415 150.3371252599156 -999.0 6231.0 -999.0 -1 -999 {-999.0 -999.0 -999.0 -999.0 -999.0} "" -999.0 -999.0 -999.0 -999.0 -999 -999 "" "" "" "" 0 0 0.0 0.0 -999 ""
FIBERMAP 288 R-1C7 APOGEE 1 1 0 1 0 0 -158.26919939502633 -12.530079334850587 143.1 -145.7410154955997 62.91977915634393 159.2177 107.99946 277.8153991699218 -8.180571109941638 -999.0 -999.0 -999.0 277.81539043307004 -8.180574640867178 277.8354808437377 -8.152720688288758 44.67523188479467 150.87262520241487 16000.0 16600.0 2015.5 2 247 {-999.0 -999.0 -999.0 -999.0 -999.0} "" -999.0 -999.0 -999.0 -999.0 27021603148728397 848995539 "" ops_sky_apogee_good ops_sky sky_apogee 0 0 0.0 0.0 -999 ""
FIBERMAP 288 R-1C7 BOSS 0 0 0 1 0 0 -158.27508451914363 -11.786232117656342 143.1 -145.39845248916248 63.57996444993727 159.2177 107.99946 -999.0 -999.0 -999.0 -999.0 -999.0 277.8170080763431 -8.17774448059656 277.83700450923516 -8.149699613797281 44.67735890743846 150.8689371923949 -999.0 5400.0 -999.0 1 483 {-999.0 -999.0 -999.0 -999.0 -999.0} "" -999.0 -999.0 -999.0 -999.0 -999 -999 "" "" "" "" 0 0 0.0 0.0 -999 ""
FIBERMAP 288 R-1C7 METROLOGY 0 0 0 1 0 0 -157.62336748642443 -12.157119405200977 143.1 -144.99584368486805 62.94747182134217 159.2177 107.99946 -999.0 -999.0 -999.0 -999.0 -999.0 277.8188178676222 -8.180573621518247 277.8388451851838 -8.152575993170341 44.67398650605026 150.8682769243654 -999.0 6231.0 -999.0 -1 -999 {-999.0 -999.0 -999.0 -999.0 -999.0} "" -999.0 -999.0 -999.0 -999.0 -999 -999 "" "" "" "" 0 0 0.0 0.0 -999 ""
FIBERMAP 289 R-11C12 APOGEE 1 1 0 1 0 0 75.65091995358763 -201.39562616143945 143.1 -27.294263664309874 -213.36774994487922 95.159386 123.16248 278.3557537024922 -9.436612891041063 -2.5590093 -4.283747 0.426236 278.3560595790645 -9.436631770152081 278.3791151132886 -9.40679178131779 43.31125378317113 150.91429269934275 16000.0 16600.0 2016.0 2 175 {-999.0 21.33327 22.128439 16.934855 -999.0} sdss_psfmag_ps1 21.431532 15.954984 14.123642 6.246 63050395541531682 1153931245 bright_1x1 mwm_galactic_core_dist_apogee_sparse mwm_galactic science 0 0 1.1480801105499268 0.0 -999 ""
FIBERMAP 289 R-11C12 BOSS 0 0 0 1 0 0 76.22769574387668 -200.93910181677975 143.1 -26.571057518040487 -213.23391540262958 95.159386 123.16248 -999.0 -999.0 -999.0 -999.0 -999.0 278.35947036703794 -9.436284983194065 278.38243273999575 -9.40623919163793 43.310400469732876 150.9098842480184 -999.0 5400.0 -999.0 1 394 {-999.0 -999.0 -999.0 -999.0 -999.0} "" -999.0 -999.0 -999.0 -999.0 -999 -999 "" "" "" "" 0 0 0.0 0.0 -999 ""
FIBERMAP 289 R-11C12 METROLOGY 0 0 0 1 0 0 76.34333508533174 -201.6687364717734 143.1 -26.809971868908246 -213.93285165831244 95.159386 123.16248 -999.0 -999.0 -999.0 -999.0 -999.0 278.3583423120601 -9.439355894894641 278.3813386727868 -9.409367470081534 43.30800066559608 150.91301565895836 -999.0 6231.0 -999.0 -1 -999 {-999.0 -999.0 -999.0 -999.0 -999.0} "" -999.0 -999.0 -999.0 -999.0 -999 -999 "" "" "" "" 0 0 0.0 0.0 -999 ""
FIBERMAP 293 R-11C16 APOGEE 1 1 0 1 0 0 178.8073869377423 -225.83861021967684 143.1 52.45081470576138 -283.1990224879193 337.19113 88.918945 278.72122459767445 -9.74915995584674 -1.7659422 -2.9420183 0.23889913 278.7211981937185 -9.749176142826698 278.7448970987305 -9.718232052476036 42.877925681744216 150.64272170751624 16000.0 16600.0 2016.0 2 218 {-999.0 23.844292 24.633495 17.338717 -999.0} sdss_psfmag_gaia 21.306164 17.618032 15.992411 10.214 63050395540370090 1154738481 bright_1x1 mwm_galactic_core_dist_apogee_sparse mwm_galactic science 0 0 0.0 0.0 -999 ""
FIBERMAP 293 R-11C16 BOSS 0 0 0 1 0 0 178.51858785873574 -226.51530261624592 143.1 51.87919751513504 -283.6620832370411 337.19113 88.918945 -999.0 -999.0 -999.0 -999.0 -999.0 278.71865857537784 -9.751417767816381 278.74227094690593 -9.720279694253726 42.87714826134766 150.64709880562702 -999.0 5400.0 -999.0 1 259 {-999.0 -999.0 -999.0 -999.0 -999.0} "" -999.0 -999.0 -999.0 -999.0 -999 -999 "" "" "" "" 0 0 0.0 0.0 -999 ""
FIBERMAP 293 R-11C16 METROLOGY 0 0 0 1 0 0 178.068348247773 -225.9180410641055 143.1 51.76049513480211 -282.92370942391676 337.19113 88.918945 -999.0 -999.0 -999.0 -999.0 -999.0 278.7181060365241 -9.748087211225359 278.7417366390012 -9.717008724442703 42.88033970470331 150.64588490536266 -999.0 6231.0 -999.0 -1 -999 {-999.0 -999.0 -999.0 -999.0 -999.0} "" -999.0 -999.0 -999.0 -999.0 -999 -999 "" "" "" "" 0 0 0.0 0.0 -999 ""
FIBERMAP 296 R+3C13 APOGEE 1 1 0 1 0 0 20.151094419365627 54.44244364358014 143.1 43.263129591825404 38.69675331273066 307.6452 144.166 278.6836329099917 -8.293109951608464 -3.4172068 -7.611019 0.22845751 278.6836128723877 -8.29313645134537 278.7036539186049 -8.26295404043756 44.214144135997515 149.84529731854556 16000.0 16600.0 2016.0 2 5 {-999.0 24.062832 24.939089 20.671799 -999.0} sdss_psfmag_ps1 21.285185 19.02159 17.13908 8.027 63050395541741819 1153932370 bright_1x1 mwm_galactic_core_dist_apogee_sparse mwm_galactic science 0 0 0.0 0.0 -999 ""
FIBERMAP 296 R+3C13 BOSS 0 0 0 1 0 0 20.168614840088367 53.714144310950275 143.1 42.93811916788065 38.04486994361944 307.6452 144.166 -999.0 -999.0 -999.0 -999.0 -999.0 278.68222598356186 -8.296271178629839 278.70218499219226 -8.265901308538297 44.212099256005736 149.84888650220938 -999.0 5400.0 -999.0 1 106 {-999.0 -999.0 -999.0 -999.0 -999.0} "" -999.0 -999.0 -999.0 -999.0 -999 -999 "" "" "" "" 0 0 0.0 0.0 -999 ""
FIBERMAP 296 R+3C13 METROLOGY 0 0 0 1 0 0 19.500283981696633 54.02688621249835 143.1 42.4936423707272 38.63373930177695 307.6452 144.166 -999.0 -999.0 -999.0 -999.0 -999.0 278.6801549337954 -8.293533851540536 278.70013350821995 -8.263224409684096 44.215386568626826 149.84985412138016 -999.0 6231.0 -999.0 -1 -999 {-999.0 -999.0 -999.0 -999.0 -999.0} "" -999.0 -999.0 -999.0 -999.0 -999 -999 "" "" "" "" 0 0 0.0 0.0 -999 ""
FIBERMAP 298 R-12C13 APOGEE 0 0 0 1 0 0 110.93977070710132 -211.97302061133632 143.1 -1.050105479621696 -239.21465069553037 153.65297 40.69403 -999.0 -999.0 -999.0 -999.0 -999.0 278.4764468613387 -9.552964384619804 278.4997485276899 -9.52275443921091 43.15637072178839 150.83173918792986 -999.0 16600.0 -999.0 2 -999 {-999.0 -999.0 -999.0 -999.0 -999.0} "" -999.0 -999.0 -999.0 -999.0 -999 -999 "" "" "" "" 0 0 0.0 0.0 -999 ""
FIBERMAP 298 R-12C13 BOSS 1 1 0 1 0 0 111.6523937796306 -211.7818457200594 143.1 -0.33089007505279433 -239.37885124579998 153.65297 40.69403 278.4798570175662 -9.553910043690584 -1.808511 -5.256202 0.595376 278.47984047797866 -9.553935956299117 278.50305152244744 -9.523518689528405 43.154321863052964 150.82811306881575 5400.0 5400.0 2016.0 1 344 {-999.0 18.13697 16.684805 15.905168 -999.0} sdss_psfmag_ps1 17.540415 16.4596 15.441449 13.269 63050395541526698 917199994 bright_6x1 mwm_yso_pms_boss_sagitta_edr3 mwm_yso science 0 0 0.0 0.0 -999 ""
FIBERMAP 298 R-12C13 METROLOGY 0 0 0 1 0 0 111.46785257263186 -212.50007992850053 143.1 -0.8297828003784892 -239.9273706407057 153.65297 40.69403 -999.0 -999.0 -999.0 -999.0 -999.0 278.47751638582076 -9.556321191263377 278.500760396414 -9.525965020435384 43.153035786500354 150.83232379739945 -999.0 6231.0 -999.0 -1 -999 {-999.0 -999.0 -999.0 -999.0 -999.0} "" -999.0 -999.0 -999.0 -999.0 -999 -999 "" "" "" "" 0 0 0.0 0.0 -999 ""
FIBERMAP 302 R-2C21 APOGEE 1 1 0 1 0 0 173.87044484900423 -57.21094634971614 143.1 126.92443332634603 -131.85284761067913 295.49884 66.94273 279.06628180634823 -9.069040888184558 4.1426125 -2.8690188 0.42379078 279.0663038000767 -9.069041331942495 279.08814626503266 -9.037504244548957 43.3514410858113 149.82781283802709 16000.0 16600.0 2016.0 2 228 {-999.0 14.97689 13.094254 12.116225 -999.0} sdss_psfmag_from_g3xp 14.091004 12.771088 11.637053 8.873 63050395540445562 1152260256 bright_1x1 mwm_galactic_core_dist_apogee_sparse mwm_galactic science 0 0 0.0 0.0 -999 ""
FIBERMAP 302 R-2C21 BOSS 0 0 0 1 0 0 173.13047781605457 -57.249478072780406 143.1 126.25241447097132 -131.5409526898162 295.49884 66.94273 -999.0 -999.0 -999.0 -999.0 -999.0 279.0633603244218 -9.06787137626573 279.0851073865944 -9.036147206745563 43.35395185566916 149.83074458104142 -999.0 5400.0 -999.0 1 284 {-999.0 -999.0 -999.0 -999.0 -999.0} "" -999.0 -999.0 -999.0 -999.0 -999 -999 "" "" "" "" 0 0 0.0 0.0 -999 ""
FIBERMAP 302 R-2C21 METROLOGY 0 0 0 1 0 0 173.46548045834277 -56.582535894654 143.1 126.8603092835925 -131.10811062022913 295.49884 66.94273 -999.0 -999.0 -999.0 -999.0 -999.0 279.0661222764744 -9.065842491893491 279.0878896457578 -9.034167365105471 43.35456542478753 149.82616396577382 -999.0 6231.0 -999.0 -1 -999 {-999.0 -999.0 -999.0 -999.0 -999.0} "" -999.0 -999.0 -999.0 -999.0 -999 -999 "" "" "" "" 0 0 0.0 0.0 -999 ""
FIBERMAP 307 R0C7 APOGEE 1 1 0 1 0 0 -161.88962942804227 -18.829993187893418 143.1 -151.88620137825063 59.04435980718182 299.81314 63.393414 277.7871754432903 -8.198094606780648 -3.9307904 -5.481007 -1.759593 277.78718521008057 -8.19810767961157 277.8073305630459 -8.170320017624244 44.67071882883176 150.91853396202924 16000.0 16600.0 2016.0 2 250 {-999.0 24.60162 22.981594 19.544584 -999.0} sdss_psfmag_gaia 22.51313 20.212898 18.50412 10.336 63050395541909778 1154741727 bright_1x1 mwm_galactic_core_dist_apogee_sparse mwm_galactic science 0 0 0.0 0.0 -999 ""
FIBERMAP 307 R0C7 BOSS 0 0 0 1 0 0 -162.62574460000093 -18.86918939662434 143.1 -152.55512650773468 59.35386660899799 299.81314 63.393414 -999.0 -999.0 -999.0 -999.0 -999.0 277.78416798011284 -8.196861115720868 277.80422522737865 -8.16889391797586 44.67328682623388 150.92164272606567 -999.0 5400.0 -999.0 1 493 {-999.0 -999.0 -999.0 -999.0 -999.0} "" -999.0 -999.0 -999.0 -999.0 -999 -999 "" "" "" "" 0 0 0.0 0.0 -999 ""
FIBERMAP 307 R0C7 METROLOGY 0 0 0 1 0 0 -162.29189768985086 -18.2007466454826 143.1 -151.94755161498276 59.78857525823829 299.81314 63.393414 -999.0 -999.0 -999.0 -999.0 -999.0 277.7869433648417 -8.1948441150568 277.8070188609356 -8.166923809883121 44.67393939554481 150.91695715827404 -999.0 6231.0 -999.0 -1 -999 {-999.0 -999.0 -999.0 -999.0 -999.0} "" -999.0 -999.0 -999.0 -999.0 -999 -999 "" "" "" "" 0 0 0.0 0.0 -999 ""
FIBERMAP 310 R+1C8 APOGEE 0 0 0 1 0 0 -135.18003226971774 16.50836935792924 143.1 -111.7580413937877 77.7901288639343 184.59137 126.15338 -999.0 -999.0 -999.0 -999.0 -999.0 277.97138971828747 -8.113378486169884 277.9912514574617 -8.0851447607955 44.672721243306505 150.63588971517643 -999.0 16600.0 -999.0 2 -999 {-999.0 -999.0 -999.0 -999.0 -999.0} "" -999.0 -999.0 -999.0 -999.0 -999 -999 "" "" "" "" 0 0 0.0 0.0 -999 ""
FIBERMAP 310 R+1C8 BOSS 1 1 0 1 0 0 -135.67318969079437 17.06738536697707 143.1 -111.93255639455019 78.51476514252447 184.59137 126.15338 277.97064260221805 -8.110232671784914 1.1375391 2.288621 0.76908106 277.9706476927824 -8.110239244146705 277.99041496817404 -8.081821203867978 44.676087760007995 150.63500202479128 5400.0 5400.0 2016.0 1 46 {-999.0 17.85527 16.078615 15.205818 -999.0} sdss_psfmag_ps1 17.025146 15.758779 14.655365 12.14 63050395541918361 917200259 bright_3x1 mwm_yso_pms_boss_sagitta_edr3 mwm_yso science 0 0 0.0 0.0 -999 ""
FIBERMAP 310 R+1C8 METROLOGY 0 0 0 1 0 0 -134.93599296339713 17.213427367941442 143.1 -111.21272266641215 78.29918611888027 184.59137 126.15338 -999.0 -999.0 -999.0 -999.0 -999.0 277.9739263387298 -8.111179119138715 277.9937193358901 -8.082805229702643 44.673830535512295 150.6313957856889 -999.0 6231.0 -999.0 -1 -999 {-999.0 -999.0 -999.0 -999.0 -999.0} "" -999.0 -999.0 -999.0 -999.0 -999 -999 "" "" "" "" 0 0 0.0 0.0 -999 ""
FIBERMAP 322 R+11C6 APOGEE 1 1 0 1 0 0 -58.296720051405345 193.80984866968706 143.1 39.08589896085751 198.54975961593416 310.5025 60.784943 278.6652133888754 -7.568081922494551 2.0682783 -5.6300774 -1.1061713 278.6652306906717 -7.5681097383814 278.683456449237 -7.538295788992994 44.87728863486708 149.43436121191536 16000.0 16600.0 2016.0 2 4 {-999.0 25.267982 25.26986 22.357378 -999.0} sdss_psfmag_ps1 21.62171 20.566292 18.81605 9.543 63050395542036734 1153934788 bright_1x1 mwm_galactic_core_dist_apogee_sparse mwm_galactic science 0 0 0.0 0.0 -999 ""
FIBERMAP 322 R+11C6 BOSS 0 0 0 1 0 0 -59.020631820891445 193.6616374261897 143.1 38.37679269892796 198.75721039835986 310.5025 60.784943 -999.0 -999.0 -999.0 -999.0 -999.0 278.66208375176785 -7.567300658292372 278.68021951521655 -7.537310408376742 44.879561719037454 149.43784710276412 -999.0 5400.0 -999.0 1 143 {-999.0 -999.0 -999.0 -999.0 -999.0} "" -999.0 -999.0 -999.0 -999.0 -999 -999 "" "" "" "" 0 0 0.0 0.0 -999 ""
FIBERMAP 322 R+11C6 METROLOGY 0 0 0 1 0 0 -58.79745998907939 194.37872315117156 143.1 38.90929135698965 199.2866540884386 310.5025 60.784943 -999.0 -999.0 -999.0 -999.0 -999.0 278.66449508400785 -7.5648835545752595 278.6826491229388 -7.534940450090482 44.88066100832624 149.4333377402522 -999.0 6231.0 -999.0 -1 -999 {-999.0 -999.0 -999.0 -999.0 -999.0} "" -999.0 -999.0 -999.0 -999.0 -999 -999 "" "" "" "" 0 0 0.0 0.0 -999 ""
FIBERMAP 325 R+6C4 APOGEE 0 0 0 1 0 0 -144.15802360484295 126.80723534861956 143.1 -68.1259779833388 179.47288719599862 64.98977 89.33983 -999.0 -999.0 -999.0 -999.0 -999.0 278.1739561954987 -7.652993270627082 278.1925812370758 -7.62443031343001 45.00721554024355 150.1079289040371 -999.0 16600.0 -999.0 2 -999 {-999.0 -999.0 -999.0 -999.0 -999.0} "" -999.0 -999.0 -999.0 -999.0 -999 -999 "" "" "" "" 0 0 0.0 0.0 -999 ""
FIBERMAP 325 R+6C4 BOSS 1 1 0 1 0 0 -143.47463234196465 126.48553519217003 143.1 -67.6723785366825 178.8690592102511 64.98977 89.33983 278.1761012169754 -7.655852833386221 0.4924368 -0.9063152 0.4416578 278.17608460085165 -7.6558553483874885 278.19462899536535 -7.627100638236224 45.00393748430207 150.1069243619509 5400.0 5400.0 2016.0 1 38 {-999.0 17.924467 16.752127 16.176132 -999.0} sdss_psfmag_ps1 17.49546 16.66301 15.748043 14.02 63050395542025409 981886440 "" ops_std_boss_tic ops_std standard_boss 0 0 0.0 0.0 -999 ""
FIBERMAP 325 R+6C4 METROLOGY 0 0 0 1 0 0 -144.09485404759442 126.0638164979379 143.1 -68.4177110660015 178.78629881004989 64.98977 89.33983 -999.0 -999.0 -999.0 -999.0 -999.0 278.17264988696763 -7.656182790482811 278.19122107807266 -7.62748935119608 45.00501331709834 150.11148607360792 -999.0 6231.0 -999.0 -1 -999 {-999.0 -999.0 -999.0 -999.0 -999.0} "" -999.0 -999.0 -999.0 -999.0 -999 -999 "" "" "" "" 0 0 0.0 0.0 -999 ""
FIBERMAP 333 R+12C2 APOGEE 1 1 0 1 0 0 -118.64111732083654 227.79378656359458 143.1 1.6399764176235916 256.79804913900523 8.55556 89.52984 278.49444722010566 -7.306418059959722 -3.7426288 -1.9684082 -0.006315759 278.4944188978952 -7.306415184847613 278.51205215173576 -7.277162936099246 45.18617376167747 149.49220975958642 16000.0 16600.0 2016.0 2 132 {-999.0 23.069284 19.660772 16.58652 -999.0} sdss_psfmag_ps1 21.091923 16.6025 14.967156 9.403 63050395542053240 1153934977 bright_1x1 mwm_galactic_core_dist_apogee_sparse mwm_galactic science 0 0 0.0 0.0 -999 ""
FIBERMAP 333 R+12C2 BOSS 0 0 0 1 0 0 -118.53711970555018 227.06421567693533 143.1 1.3908025825755304 256.1046119991035 8.55556 89.52984 -999.0 -999.0 -999.0 -999.0 -999.0 278.4933620368644 -7.309672568955973 278.51091589878433 -7.2802386269621 45.183882433037624 149.49553110201998 -999.0 5400.0 -999.0 1 6 {-999.0 -999.0 -999.0 -999.0 -999.0} "" -999.0 -999.0 -999.0 -999.0 -999 -999 "" "" "" "" 0 0 0.0 0.0 -999 ""
FIBERMAP 333 R+12C2 METROLOGY 0 0 0 1 0 0 -119.23215028848254 227.32992659122155 143.1 0.9007397995211993 256.66439668968593 8.55556 89.52984 -999.0 -999.0 -999.0 -999.0 -999.0 278.49110685796495 -7.307122406685385 278.508680103308 -7.277747369596265 45.187085561014804 149.49685057609645 -999.0 6231.0 -999.0 -1 -999 {-999.0 -999.0 -999.0 -999.0 -999.0} "" -999.0 -999.0 -999.0 -999.0 -999 -999 "" "" "" "" 0 0 0.0 0.0 -999 ""
FIBERMAP 343 R+11C1 APOGEE 1 1 0 1 0 0 -188.07363299852773 209.2860471693657 143.1 -68.37926984552776 272.90155215319123 245.83852 51.66656 278.17561000162266 -7.23426645772871 -0.38230646 -2.0238066 0.037776906 278.1755917988141 -7.234386052731379 278.19316318775424 -7.206000661475468 45.38588351727765 149.85528798827409 16000.0 16600.0 2016.0 2 139 {-999.0 23.438923 19.325916 16.950327 -999.0} sdss_psfmag_ps1 20.702768 17.212545 15.661692 10.42 63050395545555362 1153954444 bright_1x1 mwm_galactic_core_dist_apogee_sparse mwm_galactic science 0 0 0.0 0.0 -999 ""
FIBERMAP 343 R+11C1 BOSS 0 0 0 1 0 0 -188.4072898015636 209.93424757429327 143.1 -68.37111793796197 273.6304422594928 245.83852 51.66656 -999.0 -999.0 -999.0 -999.0 -999.0 278.1757415902821 -7.231338283339838 278.1932188754671 -7.202771625119822 45.388781913512574 149.85325976938682 -999.0 5400.0 -999.0 1 9 {-999.0 -999.0 -999.0 -999.0 -999.0} "" -999.0 -999.0 -999.0 -999.0 -999 -999 "" "" "" "" 0 0 0.0 0.0 -999 ""
FIBERMAP 343 R+11C1 METROLOGY 0 0 0 1 0 0 -187.6652852985604 209.90424169808662 143.1 -67.72934109764694 273.25701924805725 245.83852 51.66656 -999.0 -999.0 -999.0 -999.0 -999.0 278.1786254628693 -7.232944018003514 278.19613018325117 -7.204420727954314 45.38606017634723 149.85053792432984 -999.0 6231.0 -999.0 -1 -999 {-999.0 -999.0 -999.0 -999.0 -999.0} "" -999.0 -999.0 -999.0 -999.0 -999 -999 "" "" "" "" 0 0 0.0 0.0 -999 ""
FIBERMAP 361 R+13C14 APOGEE 1 1 0 1 0 0 158.8446458697208 253.0551278486403 143.1 258.7002058638686 149.3942425797457 6.6942654 114.62714 279.66451609802243 -7.795704404257989 1.2764385 -17.833044 4.5191092 279.6645275293929 -7.795782119538887 279.6829364867938 -7.76324949978619 44.24071768595685 148.32335401924902 16000.0 16600.0 2016.0 2 98 {-999.0 17.951296 16.435415 15.102927 -999.0} sdss_psfmag_ps1 17.351616 15.728037 14.493343 11.914 63050395604926985 1034954218 bright_1x1 mwm_yso_pms_apogee_sagitta_edr3_single mwm_yso science 0 0 0.0 0.0 -999 ""
FIBERMAP 361 R+13C14 BOSS 0 0 0 1 0 0 159.22625034838737 252.42598357411742 143.1 258.74334065861007 148.65977827570228 6.6942654 114.62714 -999.0 -999.0 -999.0 -999.0 -999.0 279.66482139382003 -7.799284833757868 279.68314473415893 -7.766562275077673 44.23766010042951 148.3251568357568 -999.0 5400.0 -999.0 1 90 {-999.0 -999.0 -999.0 -999.0 -999.0} "" -999.0 -999.0 -999.0 -999.0 -999 -999 "" "" "" "" 0 0 0.0 0.0 -999 ""
FIBERMAP 361 R+13C14 METROLOGY 0 0 0 1 0 0 158.48397580862618 252.39882954653012 143.1 258.07460167687617 148.98280794446057 6.6942654 114.62714 -999.0 -999.0 -999.0 -999.0 -999.0 279.66178252785596 -7.79775360540586 279.68012996313615 -7.7650928634621375 44.24030665917002 148.3279754461231 -999.0 6231.0 -999.0 -1 -999 {-999.0 -999.0 -999.0 -999.0 -999.0} "" -999.0 -999.0 -999.0 -999.0 -999 -999 "" "" "" "" 0 0 0.0 0.0 -999 ""
FIBERMAP 368 R-8C2 APOGEE 0 0 0 1 0 0 -162.97042109789513 -169.50507909407145 143.1 -223.28525528257427 -73.62138391981487 27.261225 31.94166 -999.0 -999.0 -999.0 -999.0 -999.0 277.45922589179185 -8.798615969152925 277.48101510999334 -8.771422294100471 44.25378189085417 151.67522563399243 -999.0 16600.0 -999.0 2 -999 {-999.0 -999.0 -999.0 -999.0 -999.0} "" -999.0 -999.0 -999.0 -999.0 -999 -999 "" "" "" "" 0 0 0.0 0.0 -999 ""
FIBERMAP 368 R-8C2 BOSS 1 1 0 1 0 0 -163.4513887503779 -170.19412568324844 143.1 -224.03249251373157 -74.00552075502294 27.261225 31.94166 277.4559049314524 -8.800504074705067 -1.4850291 -5.514113 0.33066738 277.4558878686381 -8.800526816069786 277.47759765667905 -8.773149414611634 44.25356508455666 151.68051319498076 5400.0 5400.0 2016.0 1 489 {-999.0 16.946175 15.5276 14.777239 -999.0} sdss_psfmag_ps1 16.339914 15.307132 14.195818 11.987 63050395541414172 1093578161 bright_1x1 mwm_astar_core_boss_single mwm_ob science 0 0 0.0 0.0 -999 ""
FIBERMAP 368 R-8C2 METROLOGY 0 0 0 1 0 0 -163.7163899067654 -169.49120405517198 143.1 -223.93807740281434 -73.26036441540437 27.261225 31.94166 -999.0 -999.0 -999.0 -999.0 -999.0 277.4563042626433 -8.797100776746301 277.4780294527376 -8.769778142373502 44.256477269275685 151.67806818032062 -999.0 6231.0 -999.0 -1 -999 {-999.0 -999.0 -999.0 -999.0 -999.0} "" -999.0 -999.0 -999.0 -999.0 -999 -999 "" "" "" "" 0 0 0.0 0.0 -999 ""
FIBERMAP 372 R+12C4 APOGEE 0 0 0 1 0 0 -101.65188554620359 231.5572101022057 143.1 18.41503595587146 252.18144418559274 175.28477 126.98697 -999.0 -999.0 -999.0 -999.0 -999.0 278.5709397845982 -7.327253648304399 278.58859656594495 -7.297791810550196 45.134842144730904 149.40764709526812 -999.0 16600.0 -999.0 2 -999 {-999.0 -999.0 -999.0 -999.0 -999.0} "" -999.0 -999.0 -999.0 -999.0 -999 -999 "" "" "" "" 0 0 0.0 0.0 -999 ""
FIBERMAP 372 R+12C4 BOSS 1 1 0 1 0 0 -102.06335514270805 232.16698691868226 143.1 18.33645079864503 252.91275354520025 175.28477 126.98697 278.5707092285156 -7.324116408784249 -999.0 -999.0 -999.0 278.5706745844668 -7.324152408606329 278.5882353328502 -7.294509381761103 45.13795793651036 149.40609772125273 5400.0 5400.0 2015.5 1 93 {-999.0 -999.0 -999.0 -999.0 -999.0} "" -999.0 -999.0 -999.0 -999.0 27021603148731367 852785097 "" ops_sky_boss_fallback ops_sky sky_boss 0 0 0.0 0.0 -999 ""
FIBERMAP 372 R+12C4 METROLOGY 0 0 0 1 0 0 -101.31863791820334 232.22474886433415 143.1 19.02165855141657 252.61563404016525 175.28477 126.98697 -999.0 -999.0 -999.0 -999.0 -999.0 278.57377499206075 -7.325442547784521 278.5913628360866 -7.2958427527422 45.1354165430509 149.40294606930914 -999.0 6231.0 -999.0 -1 -999 {-999.0 -999.0 -999.0 -999.0 -999.0} "" -999.0 -999.0 -999.0 -999.0 -999 -999 "" "" "" "" 0 0 0.0 0.0 -999 ""
FIBERMAP 373 R-8C13 APOGEE 0 0 0 1 0 0 58.434229229462396 -169.44354666695207 143.1 -27.572598072919945 -177.07839948968416 262.37097 90.07851 -999.0 -999.0 -999.0 -999.0 -999.0 278.35506604380095 -9.273159318086723 278.3777084251457 -9.243396875115451 43.46050203300369 150.82276238297814 -999.0 16600.0 -999.0 2 -999 {-999.0 -999.0 -999.0 -999.0 -999.0} "" -999.0 -999.0 -999.0 -999.0 -999 -999 "" "" "" "" 0 0 0.0 0.0 -999 ""
FIBERMAP 373 R-8C13 BOSS 1 1 0 1 0 0 57.699098907419035 -169.35280673685847 143.1 -28.179904845037523 -176.65451177581684 262.37097 90.07851 278.35235595703125 -9.271473697925757 -999.0 -999.0 -999.0 278.35235588364617 -9.271485217485289 278.37490451438566 -9.24153479920196 43.46334531375662 150.8251654011673 5400.0 5400.0 2015.5 1 353 {-999.0 -999.0 -999.0 -999.0 -999.0} "" -999.0 -999.0 -999.0 -999.0 27021603148721694 852783153 "" ops_sky_boss_fallback ops_sky sky_boss 0 0 0.0 0.0 -999 ""
FIBERMAP 373 R-8C13 METROLOGY 0 0 0 1 0 0 58.13266492481139 -168.76110916016324 143.1 -27.520075303093925 -176.3342535618653 262.37097 90.07851 -999.0 -999.0 -999.0 -999.0 -999.0 278.3553715757702 -9.269985136838775 278.3779408798802 -9.240082990811842 43.46342125682377 150.82057851541163 -999.0 6231.0 -999.0 -1 -999 {-999.0 -999.0 -999.0 -999.0 -999.0} "" -999.0 -999.0 -999.0 -999.0 -999 -999 "" "" "" "" 0 0 0.0 0.0 -999 ""
FIBERMAP 375 R+2C25 APOGEE 1 1 0 1 0 0 265.2309711522952 17.34392111301972 143.1 242.52752378559043 -108.67207665357525 327.57645 31.899166 279.5935641373606 -8.962048842943531 0.15176524 -1.1490022 1.9204024 279.593570946329 -8.962014280571243 279.6149301040842 -8.929142443428422 43.22414909360335 149.11891582991288 16000.0 16600.0 2016.0 2 57 {-999.0 10.842289 10.549481 10.443481 -999.0} sdss_psfmag_from_g3xp 10.797518 10.536278 10.103326 9.49 63050395540653047 975042307 "" ops_std_apogee ops_std standard_apogee 0 0 0.0 0.0 -999 ""
FIBERMAP 375 R+2C25 BOSS 0 0 0 1 0 0 264.49471326343314 17.337995623576486 143.1 241.87402729014588 -108.33309749617385 327.57645 31.899166 -999.0 -999.0 -999.0 -999.0 -999.0 279.5907288277803 -8.960701680223913 279.611989853541 -8.927642618648632 43.2267671566219 149.12160234064305 -999.0 5400.0 -999.0 1 176 {-999.0 -999.0 -999.0 -999.0 -999.0} "" -999.0 -999.0 -999.0 -999.0 -999 -999 "" "" "" "" 0 0 0.0 0.0 -999 ""
FIBERMAP 375 R+2C25 METROLOGY 0 0 0 1 0 0 264.85320811988595 17.986350852308625 143.1 242.49399541147142 -107.9276662262831 327.57645 31.899166 -999.0 -999.0 -999.0 -999.0 -999.0 279.5935105208171 -8.95879785847674 279.6147928277798 -8.925787717922919 43.22722596219889 149.11707180289298 -999.0 6231.0 -999.0 -1 -999 {-999.0 -999.0 -999.0 -999.0 -999.0} "" -999.0 -999.0 -999.0 -999.0 -999 -999 "" "" "" "" 0 0 0.0 0.0 -999 ""
FIBERMAP 380 R-1C10 APOGEE 0 0 0 1 0 0 -76.36089015185667 -38.70079369922642 143.1 -85.58342965155852 1.495455429818541 319.33035 64.43314 -999.0 -999.0 -999.0 -999.0 -999.0 278.0900203259265 -8.46092061862124 278.1107139281147 -8.432221212463595 44.30793420685899 150.68776148056483 -999.0 16600.0 -999.0 2 -999 {-999.0 -999.0 -999.0 -999.0 -999.0} "" -999.0 -999.0 -999.0 -999.0 -999 -999 "" "" "" "" 0 0 0.0 0.0 -999 ""
FIBERMAP 380 R-1C10 BOSS 1 1 0 1 0 0 -77.04265621847736 -39.039373103081175 143.1 -86.3442874899013 1.5149492624350498 319.33035 64.43314 278.0865597206102 -8.46101042110602 -0.3512375 -1.9090146 0.36194232 278.0865655785847 -8.461008703627718 278.10717279105404 -8.432128233237043 44.30947643084022 150.6921585149104 5400.0 5400.0 2016.0 1 441 {-999.0 18.255014 16.822195 16.316406 -999.0} sdss_psfmag_ps1 17.709814 16.75589 15.775423 13.641 63050395541822311 981886301 "" ops_std_boss_tic ops_std standard_boss 0 0 0.0 0.0 -999 ""
FIBERMAP 380 R-1C10 METROLOGY 0 0 0 1 0 0 -76.97962470830957 -38.283865013282636 143.1 -85.93536224459154 2.153220777948585 319.33035 64.43314 -999.0 -999.0 -999.0 -999.0 -999.0 278.0884396791311 -8.458054605546064 278.1090636316603 -8.429224416556089 44.31133853459634 150.68809299263512 -999.0 6231.0 -999.0 -1 -999 {-999.0 -999.0 -999.0 -999.0 -999.0} "" -999.0 -999.0 -999.0 -999.0 -999 -999 "" "" "" "" 0 0 0.0 0.0 -999 ""
FIBERMAP 382 R+9C5 APOGEE 1 1 0 1 0 0 -80.36882538852052 168.24409754614055 143.1 7.625393975869588 186.2731832424058 49.22176 33.91234 278.52108364312386 -7.622985963068252 -1.3069109 -3.2172956 -0.46250418 278.5210789743752 -7.622959523788421 278.53949730469446 -7.593499471322653 44.88881123461111 149.64969815246016 16000.0 16600.0 2016.0 2 112 {-999.0 26.574255 21.786135 18.153751 -999.0} sdss_psfmag_ps1 21.659655 17.922878 16.200483 9.466 63050395542033461 1153934798 bright_1x1 mwm_galactic_core_dist_apogee_sparse mwm_galactic science 0 0 0.0 0.0 -999 ""
FIBERMAP 382 R+9C5 BOSS 0 0 0 1 0 0 -80.53093745780899 167.51672239391962 143.1 7.142051190504249 185.7060987140879 49.22176 33.91234 -999.0 -999.0 -999.0 -999.0 -999.0 278.5189491975345 -7.625642646939029 278.53728648840666 -7.596001888422826 44.88748961905621 149.65400663653114 -999.0 5400.0 -999.0 1 80 {-999.0 -999.0 -999.0 -999.0 -999.0} "" -999.0 -999.0 -999.0 -999.0 -999 -999 "" "" "" "" 0 0 0.0 0.0 -999 ""
FIBERMAP 382 R+9C5 METROLOGY 0 0 0 1 0 0 -81.09228714919516 168.02745981793433 143.1 6.884694602749529 186.4199463125643 49.22176 33.91234 -999.0 -999.0 -999.0 -999.0 -999.0 278.51775148646783 -7.622377680689491 278.53610614061586 -7.592793967056078 44.890889419945935 149.65355805883237 -999.0 6231.0 -999.0 -1 -999 {-999.0 -999.0 -999.0 -999.0 -999.0} "" -999.0 -999.0 -999.0 -999.0 -999 -999 "" "" "" "" 0 0 0.0 0.0 -999 ""
FIBERMAP 383 R+6C1 APOGEE 1 1 0 1 0 0 -235.4826616930177 123.79245711757503 143.1 -150.25083071213646 219.50455579246207 150.50565 113.142 277.8009857724406 -7.47336504029624 -4.959373 -7.0477147 0.26523283 277.8009629904084 -7.473387942913273 277.81927485868556 -7.445881419799979 45.32478730650135 150.47775605957548 16000.0 16600.0 2016.0 2 119 {-999.0 22.585894 18.641596 16.70265 -999.0} sdss_psfmag_ps1 20.123217 17.076546 15.575257 10.841 63050395545514944 1153954093 bright_1x1 mwm_galactic_core_dist_apogee_sparse mwm_galactic science 0 0 0.0 0.0 -999 ""
FIBERMAP 383 R+6C1 BOSS 0 0 0 1 0 0 -235.42300767336283 124.51474078977705 143.1 -149.86042371585467 220.11504164727893 150.50565 113.142 -999.0 -999.0 -999.0 -999.0 -999.0 277.8028477055872 -7.470827821315789 277.82106737973135 -7.443134152308993 45.32654039447205 150.47382639713211 -999.0 5400.0 -999.0 1 83 {-999.0 -999.0 -999.0 -999.0 -999.0} "" -999.0 -999.0 -999.0 -999.0 -999 -999 "" "" "" "" 0 0 0.0 0.0 -999 ""
FIBERMAP 383 R+6C1 METROLOGY 0 0 0 1 0 0 -234.80210000080385 124.10714521326588 143.1 -149.50220703153886 219.46450919539794 150.50565 113.142 -999.0 -999.0 -999.0 -999.0 -999.0 277.80441772395096 -7.47368474743845 277.8226681087834 -7.446037656331012 45.32323926806996 150.4735013834674 -999.0 6231.0 -999.0 -1 -999 {-999.0 -999.0 -999.0 -999.0 -999.0} "" -999.0 -999.0 -999.0 -999.0 -999 -999 "" "" "" "" 0 0 0.0 0.0 -999 ""
FIBERMAP 386 R-4C2 APOGEE 0 0 0 1 0 0 -232.84706538093266 -63.31112102509033 143.1 -235.39633014772272 52.90475711319202 149.11484 86.66653 -999.0 -999.0 -999.0 -999.0 -999.0 277.40708974877725 -8.224962290639873 277.4274458642468 -8.198160705769688 44.79936911058073 151.41745587404233 -999.0 16600.0 -999.0 2 -999 {-999.0 -999.0 -999.0 -999.0 -999.0} "" -999.0 -999.0 -999.0 -999.0 -999 -999 "" "" "" "" 0 0 0.0 0.0 -999 ""
FIBERMAP 386 R-4C2 BOSS 1 1 0 1 0 0 -232.43459311436692 -62.68497781183867 143.1 -234.739039807871 53.26532116443068 149.11484 86.66653 277.40966965637875 -8.223484661173 2.529153 -15.794225 2.6016846 277.41013120735494 -8.223519022646384 277.43039812744036 -8.196522320158643 44.799678256566125 151.41275479452267 5400.0 5400.0 2016.0 1 486 {-999.0 12.73959 11.766657 11.245637 -999.0} sdss_psfmag_from_g3xp 12.428322 11.701471 10.864035 9.354 63050395541894940 917028211 bright_3x1 mwm_yso_variable_boss mwm_yso science 0 0 1.5850908756256104 0.0 -999 ""
FIBERMAP 386 R-4C2 METROLOGY 0 0 0 1 0 0 -232.1027732779394 -63.36299824488531 143.1 -234.76275677974823 52.51093406836981 149.11484 86.66653 -999.0 -999.0 -999.0 -999.0 -999.0 277.40997930388966 -8.226882899745657 277.43027870868025 -8.199938307772486 44.79660528346611 151.41486387357733 -999.0 6231.0 -999.0 -1 -999 {-999.0 -999.0 -999.0 -999.0 -999.0} "" -999.0 -999.0 -999.0 -999.0 -999 -999 "" "" "" "" 0 0 0.0 0.0 -999 ""
FIBERMAP 388 R+2C3 APOGEE 1 1 0 1 0 0 -218.93508013780556 47.367221276233195 143.1 -171.35602434270342 144.22135506225453 32.362442 138.8525 277.70141601562494 -7.812128490537006 -999.0 -999.0 -999.0 277.7014088283003 -7.812108063295975 277.7206118367088 -7.784715231769401 45.05732932021617 150.80392533791306 16000.0 16600.0 2015.5 2 116 {-999.0 -999.0 -999.0 -999.0 -999.0} "" -999.0 -999.0 -999.0 -999.0 27021603148728921 848995680 "" ops_sky_apogee_good ops_sky sky_apogee 0 0 0.0 0.0 -999 ""
FIBERMAP 388 R+2C3 BOSS 0 0 0 1 0 0 -218.19190633509666 47.276785801509526 143.1 -170.7414661683196 143.79397593603323 32.362442 138.8525 -999.0 -999.0 -999.0 -999.0 -999.0 277.70423946796825 -7.814195766004914 277.72336156701834 -7.786609173337875 45.05447738889626 150.80152476046396 -999.0 5400.0 -999.0 1 60 {-999.0 -999.0 -999.0 -999.0 -999.0} "" -999.0 -999.0 -999.0 -999.0 -999 -999 "" "" "" "" 0 0 0.0 0.0 -999 ""
FIBERMAP 388 R+2C3 METROLOGY 0 0 0 1 0 0 -218.62894761872025 46.680469499403415 143.1 -171.4065266046624 143.47126031895098 32.362442 138.8525 -999.0 -999.0 -999.0 -999.0 -999.0 277.7011827011633 -7.815607659863027 277.72033363413476 -7.788081013148276 45.05437961217252 150.8062529824073 -999.0 6231.0 -999.0 -1 -999 {-999.0 -999.0 -999.0 -999.0 -999.0} "" -999.0 -999.0 -999.0 -999.0 -999 -999 "" "" "" "" 0 0 0.0 0.0 -999 ""
FIBERMAP 394 R-1C26 APOGEE 1 1 0 1 0 0 274.7352512839018 -28.799102020086682 143.1 229.35483565651242 -153.89808055342777 218.45177 137.59933 279.53265516884636 -9.166225229276094 -2.5070057 -2.484831 -0.10548511 279.53263938181135 -9.16621387227756 279.55453641518204 -9.133408227332094 43.06628763812212 149.31448940808087 16000.0 16600.0 2016.0 2 240 {-999.0 25.828278 20.568007 17.990774 -999.0} sdss_psfmag_ps1 21.588963 18.020744 16.429688 10.868 63050395540633447 1153922976 bright_1x1 mwm_galactic_core_dist_apogee_sparse mwm_galactic science 0 0 0.0 0.0 -999 ""
FIBERMAP 394 R-1C26 BOSS 0 0 0 1 0 0 273.99371185513724 -28.754670064504715 143.1 228.72021436239865 -153.5121247842896 218.45177 137.59933 -999.0 -999.0 -999.0 -999.0 -999.0 279.52987481637007 -9.164696907685721 279.5516730870404 -9.131702619799018 43.06905241065819 149.31695985924748 -999.0 5400.0 -999.0 1 262 {-999.0 -999.0 -999.0 -999.0 -999.0} "" -999.0 -999.0 -999.0 -999.0 -999 -999 "" "" "" "" 0 0 0.0 0.0 -999 ""
FIBERMAP 394 R-1C26 METROLOGY 0 0 0 1 0 0 274.3993133389311 -28.121566678943886 143.1 229.37468613309363 -153.14219689210267 218.45177 137.59933 -999.0 -999.0 -999.0 -999.0 -999.0 279.5328204716533 -9.16295210394639 279.5546403694474 -9.130006607519844 43.069306531845484 149.31233905317688 -999.0 6231.0 -999.0 -1 -999 {-999.0 -999.0 -999.0 -999.0 -999.0} "" -999.0 -999.0 -999.0 -999.0 -999 -999 "" "" "" "" 0 0 0.0 0.0 -999 ""
FIBERMAP 396 R+11C2 APOGEE 0 0 0 1 0 0 -164.29787944390503 218.33334687758583 143.1 -43.13575947073561 269.7821473319316 207.44179 65.24652 -999.0 -999.0 -999.0 -999.0 -999.0 278.2904556197339 -7.248237508083469 278.30801907457555 -7.219545044486844 45.32503090696235 149.71684493836355 -999.0 16600.0 -999.0 2 -999 {-999.0 -999.0 -999.0 -999.0 -999.0} "" -999.0 -999.0 -999.0 -999.0 -999 -999 "" "" "" "" 0 0 0.0 0.0 -999 ""
FIBERMAP 396 R+11C2 BOSS 1 1 0 1 0 0 -164.34923365915324 219.07775691042423 143.1 -42.833120245283716 270.4640878290148 207.44179 65.24652 278.29193115234375 -7.245379923518001 -999.0 -999.0 -999.0 278.2919382147905 -7.245387634072837 278.30940701482183 -7.216510106437736 45.32718605027786 149.71322925597596 5400.0 5400.0 2015.5 1 17 {-999.0 -999.0 -999.0 -999.0 -999.0} "" -999.0 -999.0 -999.0 -999.0 27021603148774862 852796159 "" ops_sky_boss_fallback ops_sky sky_boss 0 0 0.0 0.0 -999 ""
FIBERMAP 396 R+11C2 METROLOGY 0 0 0 1 0 0 -163.68070474045717 218.75258113899085 143.1 -42.39428149621671 269.8641364564721 207.44179 65.24652 -999.0 -999.0 -999.0 -999.0 -999.0 278.2938984592129 -7.2480073738064235 278.31139774005476 -7.2191752547775065 45.32393244299405 149.7123102548968 -999.0 6231.0 -999.0 -1 -999 {-999.0 -999.0 -999.0 -999.0 -999.0} "" -999.0 -999.0 -999.0 -999.0 -999 -999 "" "" "" "" 0 0 0.0 0.0 -999 ""
FIBERMAP 402 R+12C13 APOGEE 0 0 0 1 0 0 91.90320530098037 241.40757923145392 143.1 194.0899300729214 170.39635156685392 226.2792 28.114067 -999.0 -999.0 -999.0 -999.0 -999.0 279.3724081059411 -7.698970718998812 279.39068946985384 -7.667246113973473 44.45524729794642 148.62672087868046 -999.0 16600.0 -999.0 2 -999 {-999.0 -999.0 -999.0 -999.0 -999.0} "" -999.0 -999.0 -999.0 -999.0 -999 -999 "" "" "" "" 0 0 0.0 0.0 -999 ""
FIBERMAP 402 R+12C13 BOSS 1 1 0 1 0 0 92.10622238121483 242.13551496785834 143.1 194.6096879854441 170.94480759012805 226.2792 28.114067 279.37480389965225 -7.696658071796674 -2.9752803 -4.7691097 0.43006405 279.37484739597596 -7.696700131607056 279.3930294129746 -7.664783548386736 44.45643213314788 148.62228214359274 5400.0 5400.0 2016.0 1 100 {-999.0 17.00801 16.016504 15.499395 15.139764} sdss_psfmag_from_ps1dr2 16.6677 15.9663 15.1418 13.562 63050395604938360 1040058551 "" ops_std_boss_ps1dr2 ops_std standard_boss 0 0 0.0 0.0 -999 ""
FIBERMAP 402 R+12C13 METROLOGY 0 0 0 1 0 0 92.6240413688962 241.60008207222117 143.1 194.8170252071595 170.22948494644442 226.2792 28.114067 -999.0 -999.0 -999.0 -999.0 -999.0 279.375780004988 -7.699874285066934 279.3939958703653 -7.668006720159664 44.453117400050395 148.62307314800927 -999.0 6231.0 -999.0 -1 -999 {-999.0 -999.0 -999.0 -999.0 -999.0} "" -999.0 -999.0 -999.0 -999.0 -999 -999 "" "" "" "" 0 0 0.0 0.0 -999 ""
FIBERMAP 404 R+1C23 APOGEE 0 0 0 1 0 0 198.4835236893798 31.708352156845766 143.1 190.24986045672352 -64.77051705467267 180.13252 68.876595 -999.0 -999.0 -999.0 -999.0 -999.0 279.3570139757947 -8.764313527910108 279.3779727385417 -8.732152391795918 43.50347288654577 149.29076475307645 -999.0 16600.0 -999.0 2 -999 {-999.0 -999.0 -999.0 -999.0 -999.0} "" -999.0 -999.0 -999.0 -999.0 -999 -999 "" "" "" "" 0 0 0.0 0.0 -999 ""
FIBERMAP 404 R+1C23 BOSS 1 1 0 1 0 0 198.73928808802552 32.413708651009706 143.1 190.80568171048986 -64.26667772164927 180.13252 68.876595 279.3596827401622 -8.762237279040674 -0.6659973 -1.0957597 0.47747302 279.35969520146864 -8.762232656716957 279.38055314070766 -8.729871789440185 43.504418819023726 149.28623152738226 5400.0 5400.0 2016.0 1 182 {-999.0 17.701208 16.729774 16.321045 -999.0} sdss_psfmag_ps1 17.371988 16.647884 15.810269 14.315 63050395541658455 981886214 "" ops_std_boss_tic ops_std standard_boss 0 0 0.0 0.0 -999 ""
FIBERMAP 404 R+1C23 METROLOGY 0 0 0 1 0 0 199.21900178779256 31.8337871889021 143.1 190.95854101262077 -65.00350562291752 180.13252 68.876595 -999.0 -999.0 -999.0 -999.0 -999.0 279.36034646042657 -8.76551500276875 279.38123915971096 -8.733205795980146 43.50112136030261 149.2873867622525 -999.0 6231.0 -999.0 -1 -999 {-999.0 -999.0 -999.0 -999.0 -999.0} "" -999.0 -999.0 -999.0 -999.0 -999 -999 "" "" "" "" 0 0 0.0 0.0 -999 ""
FIBERMAP 409 R+9C6 APOGEE 1 1 0 1 0 0 -98.49458961333245 176.21947305897913 143.1 -4.666026989069682 201.79623445821235 225.2501 56.277004 278.46497024753154 -7.5528343555367545 -1.0750518 -2.045262 -0.2356968 278.4649529206099 -7.552866736409233 278.48321637394776 -7.52358446682322 44.97588749195837 149.67859741488502 16000.0 16600.0 2016.0 2 17 {-999.0 23.895014 23.067623 18.105032 -999.0} sdss_psfmag_gaia 21.53391 18.636171 16.920837 10.034 63050395542035524 1154742091 bright_1x1 mwm_galactic_core_dist_apogee_sparse mwm_galactic science 0 0 0.0 0.0 -999 ""
FIBERMAP 409 R+9C6 BOSS 0 0 0 1 0 0 -98.64576372764611 176.94869353567606 143.1 -4.458712944382835 202.5114179158041 225.2501 56.277004 -999.0 -999.0 -999.0 -999.0 -999.0 278.46599776713674 -7.549786066999191 278.48416486018914 -7.52031783891593 44.978436784051205 149.67541868872829 -999.0 5400.0 -999.0 1 147 {-999.0 -999.0 -999.0 -999.0 -999.0} "" -999.0 -999.0 -999.0 -999.0 -999 -999 "" "" "" "" 0 0 0.0 0.0 -999 ""
FIBERMAP 409 R+9C6 METROLOGY 0 0 0 1 0 0 -97.92650106847742 176.72541305222242 143.1 -3.9273960133187904 201.97780546505447 225.2501 56.277004 -999.0 -999.0 -999.0 -999.0 -999.0 278.46839910547504 -7.552151016907358 278.48659622440744 -7.5227277515729565 44.97522676321906 149.6737984264946 -999.0 6231.0 -999.0 -1 -999 {-999.0 -999.0 -999.0 -999.0 -999.0} "" -999.0 -999.0 -999.0 -999.0 -999 -999 "" "" "" "" 0 0 0.0 0.0 -999 ""
FIBERMAP 410 R-2C2 APOGEE 0 0 0 1 0 0 -232.94853017896656 -33.06218554733903 143.1 -221.34398472253397 79.68708576625306 35.948704 103.833885 -999.0 -999.0 -999.0 -999.0 -999.0 277.47171674995144 -8.103842769741123 277.49174236771887 -8.076924863090705 44.884159858110316 151.26582224662633 -999.0 16600.0 -999.0 2 -999 {-999.0 -999.0 -999.0 -999.0 -999.0} "" -999.0 -999.0 -999.0 -999.0 -999 -999 "" "" "" "" 0 0 0.0 0.0 -999 ""
FIBERMAP 410 R-2C2 BOSS 1 1 0 1 0 0 -232.35773338358177 -33.53095572259471 143.1 -221.0409813405893 78.99656289699017 35.948704 103.833885 277.4734497070312 -8.106384850148075 -999.0 -999.0 -999.0 277.4731143053943 -8.107146120352434 277.4930632390974 -8.080036016484094 44.88078588882088 151.2659302161898 5400.0 5400.0 2015.5 1 435 {-999.0 -999.0 -999.0 -999.0 -999.0} "" -999.0 -999.0 -999.0 -999.0 27021603148728705 852784563 "" ops_sky_boss_fallback ops_sky sky_boss 0 0 0.0 0.0 -999 ""
FIBERMAP 410 R-2C2 METROLOGY 0 0 0 1 0 0 -233.06078852729277 -33.79978980691382 143.1 -221.78804766083968 79.08765277578385 35.948704 103.833885 -999.0 -999.0 -999.0 -999.0 -999.0 277.46971781021887 -8.106678704215799 277.4896907924486 -8.079630743031528 44.88251906810062 151.26999835236103 -999.0 6231.0 -999.0 -1 -999 {-999.0 -999.0 -999.0 -999.0 -999.0} "" -999.0 -999.0 -999.0 -999.0 -999 -999 "" "" "" "" 0 0 0.0 0.0 -999 ""
FIBERMAP 415 R-2C4 APOGEE 0 0 0 1 0 0 -195.7966375608264 -57.97356405245863 143.1 -200.15465927590668 40.3003798738173 337.8604 57.3853 -999.0 -999.0 -999.0 -999.0 -999.0 277.56651857879626 -8.282568439264342 277.5869606152923 -8.255322773853521 44.68282325747837 151.2472928973604 -999.0 16600.0 -999.0 2 -999 {-999.0 -999.0 -999.0 -999.0 -999.0} "" -999.0 -999.0 -999.0 -999.0 -999 -999 "" "" "" "" 0 0 0.0 0.0 -999 ""
FIBERMAP 415 R-2C4 BOSS 1 1 0 1 0 0 -196.3909899665947 -58.410381250194405 143.1 -200.88418663591867 40.19218052587383 337.8604 57.3853 277.5632012907507 -8.283221613328973 -0.87899196 -5.4471893 0.5369913 277.56323476549494 -8.283227479467241 277.5835944945904 -8.25580181602644 44.683747511357645 151.2518443546543 5400.0 5400.0 2016.0 1 474 {-999.0 18.00857 16.526781 15.762089 15.155251} sdss_psfmag_from_ps1dr2 17.348 16.3937 15.3858 13.452 63050395541872074 1040012338 "" ops_std_boss_ps1dr2 ops_std standard_boss 0 0 0.0 0.0 -999 ""
FIBERMAP 415 R-2C4 METROLOGY 0 0 0 1 0 0 -196.47336902661087 -57.659404055436354 143.1 -200.60589778506107 40.89443004938814 337.8604 57.3853 -999.0 -999.0 -999.0 -999.0 -999.0 277.56450677037105 -8.27999377307133 277.58488198981837 -8.252619584937408 44.686131121583884 151.2483795420108 -999.0 6231.0 -999.0 -1 -999 {-999.0 -999.0 -999.0 -999.0 -999.0} "" -999.0 -999.0 -999.0 -999.0 -999 -999 "" "" "" "" 0 0 0.0 0.0 -999 ""
FIBERMAP 417 R+13C12 APOGEE 1 1 0 1 0 0 109.98257955411754 264.91687411015323 143.1 221.06010564932345 182.72205891689055 74.81127 94.10888 279.4938421360874 -7.644610415598505 -6.213407 -16.009863 5.403782 279.49382698988353 -7.644658178214303 279.51192504053824 -7.612639475386026 44.4509931689251 148.44191768219002 16000.0 16600.0 2016.0 2 93 {-999.0 9.396921 9.24747 9.222595 -999.0} sdss_psfmag_gaia 9.417515 9.231334 8.904272 8.333 63050395604941004 975478427 "" ops_std_apogee ops_std standard_apogee 0 0 0.0 0.0 -999 ""
FIBERMAP 417 R+13C12 BOSS 0 0 0 1 0 0 110.7180526426567 264.7860801876661 143.1 221.64898927210757 182.26261006530933 74.81127 94.10888 -999.0 -999.0 -999.0 -999.0 -999.0 279.4965821898357 -7.646939301458839 279.5145916690881 -7.61472596286177 44.44795005417743 148.43989789672779 -999.0 5400.0 -999.0 1 92 {-999.0 -999.0 -999.0 -999.0 -999.0} "" -999.0 -999.0 -999.0 -999.0 -999 -999 "" "" "" "" 0 0 0.0 0.0 -999 ""
FIBERMAP 417 R+13C12 METROLOGY 0 0 0 1 0 0 110.24649769493779 264.2154145174033 143.1 220.96541687037183 181.97870109964254 74.81127 94.10888 -999.0 -999.0 -999.0 -999.0 -999.0 279.4934865988344 -7.648130495865795 279.51152668867246 -7.615977564785591 44.44817742892893 148.44448938083966 -999.0 6231.0 -999.0 -1 -999 {-999.0 -999.0 -999.0 -999.0 -999.0} "" -999.0 -999.0 -999.0 -999.0 -999 -999 "" "" "" "" 0 0 0.0 0.0 -999 ""
FIBERMAP 422 R+8C8 APOGEE 0 0 0 1 0 0 -37.01856787800812 155.47759639168135 143.1 39.971004536607815 154.72260639576598 297.65875 165.15076 -999.0 -999.0 -999.0 -999.0 -999.0 278.6691589065582 -7.765970094316073 278.6878801068137 -7.736059072933251 44.69692042318548 149.5488007869507 -999.0 16600.0 -999.0 2 -999 {-999.0 -999.0 -999.0 -999.0 -999.0} "" -999.0 -999.0 -999.0 -999.0 -999 -999 "" "" "" "" 0 0 0.0 0.0 -999 ""
FIBERMAP 422 R+8C8 BOSS 1 1 0 1 0 0 -36.835068303935394 154.74354590205232 143.1 39.79000254221979 153.98804118943104 297.65875 165.15076 278.6684277940891 -7.769423826560724 2.409481 0.257682 1.0985634 278.66842964291976 -7.769422377247917 278.68707027526983 -7.739325526951625 44.694316570711464 149.55179610024473 5400.0 5400.0 2016.0 1 132 {-999.0 18.78039 17.158398 16.373726 -999.0} sdss_psfmag_ps1 18.046751 16.937141 15.904034 13.63 63050395541996921 981886408 "" ops_std_boss_tic ops_std standard_boss 0 0 0.0 0.0 -999 ""
FIBERMAP 422 R+8C8 METROLOGY 0 0 0 1 0 0 -37.550714565465526 154.9546414380382 143.1 39.25618516587924 154.50919348502526 297.65875 165.15076 -999.0 -999.0 -999.0 -999.0 -999.0 278.66595510455284 -7.767013464076161 278.6846160128371 -7.736976947974945 44.697482697690745 149.55346397395627 -999.0 6231.0 -999.0 -1 -999 {-999.0 -999.0 -999.0 -999.0 -999.0} "" -999.0 -999.0 -999.0 -999.0 -999 -999 "" "" "" "" 0 0 0.0 0.0 -999 ""
FIBERMAP 423 R-11C2 APOGEE 0 0 0 1 0 0 -135.7199749131654 -218.48063726293128 143.1 -222.09763469306415 -129.64757633090377 316.9546 133.16257 -999.0 -999.0 -999.0 -999.0 -999.0 277.4645461803485 -9.05187608106111 277.48697563430886 -9.024554465994692 44.019736980749144 151.80984083001007 -999.0 16600.0 -999.0 2 -999 {-999.0 -999.0 -999.0 -999.0 -999.0} "" -999.0 -999.0 -999.0 -999.0 -999 -999 "" "" "" "" 0 0 0.0 0.0 -999 ""
FIBERMAP 423 R-11C2 BOSS 1 1 0 1 0 0 -135.76904581986363 -219.32254605771755 143.1 -222.53461532345614 -130.36873819034358 316.9546 133.16257 277.46262830743217 -9.055318918373345 3.3670723 3.7999663 1.8703543 277.46264162558185 -9.055306588563681 277.48499451720045 -9.027795071426167 44.017556924287454 151.81414430677762 5400.0 5400.0 2016.0 1 428 {-999.0 17.732922 16.380688 15.709464 -999.0} sdss_psfmag_ps1 17.129827 16.447676 15.151692 12.121 63050395541383121 916945137 bright_5x1 mwm_yso_disk_boss mwm_yso science 0 0 0.0 0.0 -999 ""
FIBERMAP 423 R-11C2 METROLOGY 0 0 0 1 0 0 -136.35990161957216 -218.86424616655472 143.1 -222.8425659364364 -129.68744167785397 316.9546 133.16257 -999.0 -999.0 -999.0 -999.0 -999.0 277.46122173423436 -9.052160547603453 277.4835915674312 -9.024708995465856 44.020939664315705 151.81418256176244 -999.0 6231.0 -999.0 -1 -999 {-999.0 -999.0 -999.0 -999.0 -999.0} "" -999.0 -999.0 -999.0 -999.0 -999 -999 "" "" "" "" 0 0 0.0 0.0 -999 ""
FIBERMAP 425 R-10C2 APOGEE 0 0 0 1 0 0 -175.30341994442057 -200.6454374237711 143.1 -248.74430166487727 -95.37820093987224 246.24666 61.73167 -999.0 -999.0 -999.0 -999.0 -999.0 277.34389799031914 -8.895855815099264 277.36597769269986 -8.868921560039894 44.210274469201366 151.87522373113842 -999.0 16600.0 -999.0 2 -999 {-999.0 -999.0 -999.0 -999.0 -999.0} "" -999.0 -999.0 -999.0 -999.0 -999 -999 "" "" "" "" 0 0 0.0 0.0 -999 ""
FIBERMAP 425 R-10C2 BOSS 1 1 0 1 0 0 -175.75626238966922 -200.07958323592263 143.1 -248.87998811926064 -94.66636899104161 246.24666 61.73167 277.3433745640252 -8.892799207891654 -3.1422336 -0.46784464 0.5979804 277.3433637924322 -8.892830007968001 277.36535085246436 -8.865706383237347 44.21346803292321 151.87421563633396 5400.0 5400.0 2016.0 1 427 {-999.0 17.68942 16.231396 15.469397 14.883349} sdss_psfmag_from_ps1dr2 17.0786 16.1195 15.1169 -999.0 63050395541408790 1040011210 "" ops_std_boss_ps1dr2 ops_std standard_boss 0 0 0.0 0.0 -999 ""
FIBERMAP 425 R-10C2 METROLOGY 0 0 0 1 0 0 -175.02685095432648 -199.95249328877168 143.1 -248.17589574905134 -94.89505860257027 246.24666 61.73167 -999.0 -999.0 -999.0 -999.0 -999.0 277.34652186619945 -8.893841531125805 277.36853441535794 -8.866763593549228 44.21123761367758 151.87078760307043 -999.0 6231.0 -999.0 -1 -999 {-999.0 -999.0 -999.0 -999.0 -999.0} "" -999.0 -999.0 -999.0 -999.0 -999 -999 "" "" "" "" 0 0 0.0 0.0 -999 ""
FIBERMAP 428 R+3C23 APOGEE 0 0 0 1 0 0 243.93786151163906 71.47501714135959 143.1 249.01549503020937 -50.87445145707007 79.364136 94.13377 -999.0 -999.0 -999.0 -999.0 -999.0 279.62391250700574 -8.700648753588458 279.6446034979192 -8.667816500031936 43.44623677407413 148.92531880275416 -999.0 16600.0 -999.0 2 -999 {-999.0 -999.0 -999.0 -999.0 -999.0} "" -999.0 -999.0 -999.0 -999.0 -999 -999 "" "" "" "" 0 0 0.0 0.0 -999 ""
FIBERMAP 428 R+3C23 BOSS 1 1 0 1 0 0 244.65633687704567 71.39017707624166 143.1 249.6108399785433 -51.28533815042835 79.364136 94.13377 279.62672723425317 -8.7027337934992 0.04974048 -3.8177526 0.64454514 279.6267101431065 -8.702697096417216 279.64730944133606 -8.669662997584547 43.44340328433042 148.92312511756305 5400.0 5400.0 2016.0 1 186 {-999.0 18.25055 17.030178 16.527699 -999.0} sdss_psfmag_ps1 17.782642 16.940893 16.026978 -999.0 63050395540737531 982153059 "" ops_std_boss_tic ops_std standard_boss 0 0 0.0 0.0 -999 ""
FIBERMAP 428 R+3C23 METROLOGY 0 0 0 1 0 0 244.22632726479688 70.7869404815557 143.1 248.94875895402313 -51.617457580446484 79.364136 94.13377 -999.0 -999.0 -999.0 -999.0 -999.0 279.62368437467984 -8.704153417557743 279.6443156805288 -8.671181445539284 43.44333837308205 148.92770565184856 -999.0 6231.0 -999.0 -1 -999 {-999.0 -999.0 -999.0 -999.0 -999.0} "" -999.0 -999.0 -999.0 -999.0 -999 -999 "" "" "" "" 0 0 0.0 0.0 -999 ""
FIBERMAP 432 R+11C15 APOGEE 0 0 0 1 0 0 143.7887904332835 201.457856335973 143.1 221.27057583883473 110.8300024267001 253.9257 126.12632 -999.0 -999.0 -999.0 -999.0 -999.0 279.4971521946529 -7.968336347326195 279.51605895513705 -7.936165577856925 44.159120478210646 148.63703159267197 -999.0 16600.0 -999.0 2 -999 {-999.0 -999.0 -999.0 -999.0 -999.0} "" -999.0 -999.0 -999.0 -999.0 -999 -999 "" "" "" "" 0 0 0.0 0.0 -999 ""
FIBERMAP 432 R+11C15 BOSS 1 1 0 1 0 0 143.11576707772034 201.19273765497903 143.1 220.5517895194898 110.91033558538784 253.9257 126.12632 279.49395215447373 -7.968091758413122 0.6999038 -7.097261 0.80927515 279.4940132964323 -7.968133664539102 279.5128270464273 -7.935782695303614 44.16087830500367 148.64079849260474 5400.0 5400.0 2016.0 1 178 {-999.0 17.971972 16.477129 15.849162 -999.0} sdss_psfmag_ps1 17.236776 16.344912 15.342303 13.045 63050395604920231 917201839 bright_6x1 mwm_yso_pms_boss_sagitta_edr3 mwm_yso science 0 0 0.0 0.0 -999 ""
FIBERMAP 432 R+11C15 METROLOGY 0 0 0 1 0 0 143.21366074673426 201.9331329124646 143.1 220.9844613862216 111.51895113541906 253.9257 126.12632 -999.0 -999.0 -999.0 -999.0 -999.0 279.4959236690146 -7.9653445418782365 279.514756244203 -7.933043242222491 44.1624915767705 148.63672179962361 -999.0 6231.0 -999.0 -1 -999 {-999.0 -999.0 -999.0 -999.0 -999.0} "" -999.0 -999.0 -999.0 -999.0 -999 -999 "" "" "" "" 0 0 0.0 0.0 -999 ""
FIBERMAP 436 R+4C3 APOGEE 1 1 0 1 0 0 -215.50134118739467 85.65978221165378 143.1 -150.41859611844131 176.46009136092022 170.41776 94.76006 277.7981053133838 -7.666626155474443 -1.4804406 -8.285654 0.48081923 277.7981104645309 -7.666647719287894 277.8169105327478 -7.639064664577069 45.15019857285241 150.59524025291023 16000.0 16600.0 2016.0 2 149 {-999.0 15.490366 13.1359215 11.708145 -999.0} sdss_psfmag_from_g3xp 14.2641325 12.403342 11.13274 7.798 63050395545499365 1152262398 bright_1x1 mwm_galactic_core_dist_apogee_sparse mwm_galactic science 0 0 0.0 0.0 -999 ""
FIBERMAP 436 R+4C3 BOSS 0 0 0 1 0 0 -215.4370335829194 86.3932470358396 143.1 -150.0188487209212 177.0782837938424 170.41776 94.76006 -999.0 -999.0 -999.0 -999.0 -999.0 277.8000201249197 -7.66402033463287 277.81872752764843 -7.636248861262224 45.15200822710168 150.59125555086752 -999.0 5400.0 -999.0 1 29 {-999.0 -999.0 -999.0 -999.0 -999.0} "" -999.0 -999.0 -999.0 -999.0 -999 -999 "" "" "" "" 0 0 0.0 0.0 -999 ""
FIBERMAP 436 R+4C3 METROLOGY 0 0 0 1 0 0 -214.82748814393904 85.96704957025374 143.1 -149.6793710903218 176.4166225363985 170.41776 94.76006 -999.0 -999.0 -999.0 -999.0 -999.0 277.8015160847537 -7.6669504767761 277.8202544921695 -7.639226087770093 45.14867117063892 150.59106339665027 -999.0 6231.0 -999.0 -1 -999 {-999.0 -999.0 -999.0 -999.0 -999.0} "" -999.0 -999.0 -999.0 -999.0 -999 -999 "" "" "" "" 0 0 0.0 0.0 -999 ""
FIBERMAP 440 R+8C4 APOGEE 0 0 0 1 0 0 -153.79977992253743 144.6701596991364 143.1 -68.29634511421767 199.76838776527066 281.22107 23.272522 -999.0 -999.0 -999.0 -999.0 -999.0 278.1737247066503 -7.56155049281172 278.1921196923923 -7.53302804011209 45.09022679256601 150.05377705228148 -999.0 16600.0 -999.0 2 -999 {-999.0 -999.0 -999.0 -999.0 -999.0} "" -999.0 -999.0 -999.0 -999.0 -999 -999 "" "" "" "" 0 0 0.0 0.0 -999 ""
FIBERMAP 440 R+8C4 BOSS 1 1 0 1 0 0 -154.2371139028134 145.30958776812184 143.1 -68.38392737499125 200.53799591839376 281.22107 23.272522 278.1734025633122 -7.558324558171735 6.4936066 23.92531 6.721659 278.1734175651406 -7.558229314665727 278.1917174243437 -7.5295248278863784 45.093569329023964 150.05218768933318 5400.0 5400.0 2016.0 1 57 {-999.0 15.690442 16.135738 16.302385 -999.0} sdss_psfmag_ps1 15.723788 15.818896 16.00169 -999.0 63050395542027053 1077961008 bright_flexible_2x1 mwm_snc_ext_main_boss mwm_snc science 0 0 0.0 0.0 -999 ""
FIBERMAP 440 R+8C4 METROLOGY 0 0 0 1 0 0 -153.490564193518 145.3491645691033 143.1 -67.7056019619786 200.2239471261911 281.22107 23.272522 -999.0 -999.0 -999.0 -999.0 -999.0 278.1764886931674 -7.559600148964125 278.19481546037343 -7.530939227485098 45.09098744992072 150.04909485002662 -999.0 6231.0 -999.0 -1 -999 {-999.0 -999.0 -999.0 -999.0 -999.0} "" -999.0 -999.0 -999.0 -999.0 -999 -999 "" "" "" "" 0 0 0.0 0.0 -999 ""
FIBERMAP 448 R+7C8 APOGEE 1 1 0 1 0 0 -70.49058628941704 126.42418182890316 143.1 -3.1956333173906457 144.69323400512297 239.40158 87.40783 278.47099379045267 -7.81076817402443 -1.3596461 -4.324733 -1.0231198 278.4709980804192 -7.810794881435773 278.48990767134273 -7.781383761511406 44.739985637346706 149.82557545312523 16000.0 16600.0 2016.0 2 27 {-999.0 24.019878 22.72856 18.58911 -999.0} sdss_psfmag_gaia 21.757357 19.198874 17.449783 10.259 63050395541997962 1154742013 bright_1x1 mwm_galactic_core_dist_apogee_sparse mwm_galactic science 0 0 0.0 0.0 -999 ""
FIBERMAP 448 R+7C8 BOSS 0 0 0 1 0 0 -71.09864744835971 126.84503181769148 143.1 -3.5362991575287785 145.34947507396112 239.40158 87.40783 -999.0 -999.0 -999.0 -999.0 -999.0 278.46952917409186 -7.807947518735098 278.48834350790725 -7.778355259790433 44.74338586457791 149.82573001384785 -999.0 5400.0 -999.0 1 104 {-999.0 -999.0 -999.0 -999.0 -999.0} "" -999.0 -999.0 -999.0 -999.0 -999 -999 "" "" "" "" 0 0 0.0 0.0 -999 ""
FIBERMAP 448 R+7C8 METROLOGY 0 0 0 1 0 0 -70.41960246421 127.1700985589811 143.1 -2.7841637494276346 145.31931052006917 239.40158 87.40783 -999.0 -999.0 -999.0 -999.0 -999.0 278.4729567590558 -7.808050998553089 278.49179515912266 -7.778502481454615 44.741793764806 149.82146368467272 -999.0 6231.0 -999.0 -1 -999 {-999.0 -999.0 -999.0 -999.0 -999.0} "" -999.0 -999.0 -999.0 -999.0 -999 -999 "" "" "" "" 0 0 0.0 0.0 -999 ""
FIBERMAP 450 R+2C17 APOGEE 1 1 0 1 0 0 97.05091706848967 58.78334165540308 143.1 113.2588988909877 6.581057171658682 135.70198 33.14948 279.0051764512729 -8.439983907351682 -0.62663096 -3.4569616 0.8214251 279.00520912020636 -8.440030368792227 279.02549347166655 -8.40893855405667 43.94568374402224 149.53202817685022 16000.0 16600.0 2016.0 2 61 {-999.0 -999.0 -999.0 -999.0 -999.0} "" -999.0 19.167112 -999.0 10.508 63050395541725601 1151527220 bright_1x1 mwm_galactic_core_dist_apogee_sparse mwm_galactic science 0 0 0.0 0.0 -999 ""
FIBERMAP 450 R+2C17 BOSS 0 0 0 1 0 0 97.78911371392064 58.659898896874225 143.1 113.85362649886804 6.126832172276587 135.70198 33.14948 -999.0 -999.0 -999.0 -999.0 -999.0 279.00808171586164 -8.442290485988178 279.02827835239475 -8.41099905978891 43.94263702431024 149.5298091118382 -999.0 5400.0 -999.0 1 199 {-999.0 -999.0 -999.0 -999.0 -999.0} "" -999.0 -999.0 -999.0 -999.0 -999 -999 "" "" "" "" 0 0 0.0 0.0 -999 ""
FIBERMAP 450 R+2C17 METROLOGY 0 0 0 1 0 0 97.31727981817981 58.0782977285998 143.1 113.16469497600272 5.8333885085757755 135.70198 33.14948 -999.0 -999.0 -999.0 -999.0 -999.0 279.00488192028394 -8.44356806989491 279.02510918730843 -8.412338605302388 43.94277953442821 149.53453983505716 -999.0 6231.0 -999.0 -1 -999 {-999.0 -999.0 -999.0 -999.0 -999.0} "" -999.0 -999.0 -999.0 -999.0 -999 -999 "" "" "" "" 0 0 0.0 0.0 -999 ""
FIBERMAP 452 R+12C9 APOGEE 0 0 0 1 0 0 36.605210838442005 222.37006204395752 143.1 136.31550361134097 179.42343115341419 356.67456 79.73568 -999.0 -999.0 -999.0 -999.0 -999.0 279.1096593562649 -7.656498300402642 279.1279363695141 -7.625480821672896 44.60728510819408 148.92903927442342 -999.0 16600.0 -999.0 2 -999 {-999.0 -999.0 -999.0 -999.0 -999.0} "" -999.0 -999.0 -999.0 -999.0 -999 -999 "" "" "" "" 0 0 0.0 0.0 -999 ""
FIBERMAP 452 R+12C9 BOSS 1 1 0 1 0 0 36.45988559560161 221.64837511759328 143.1 135.84965687994804 178.85352584539845 356.67456 79.73568 279.107666015625 -7.659197584236921 -999.0 -999.0 -999.0 279.1076622999876 -7.659207088825112 279.1258554817052 -7.628007627874087 44.60591636371648 148.9331977308987 5400.0 5400.0 2015.5 1 154 {-999.0 -999.0 -999.0 -999.0 -999.0} "" -999.0 -999.0 -999.0 -999.0 27021603150167669 852849858 "" ops_sky_boss_fallback ops_sky sky_boss 0 0 0.0 0.0 -999 ""
FIBERMAP 452 R+12C9 METROLOGY 0 0 0 1 0 0 35.89568480707317 222.13933538463576 143.1 135.5805341663463 179.55122676430835 356.67456 79.73568 -999.0 -999.0 -999.0 -999.0 -999.0 279.10639159526255 -7.6560109880568685 279.12460316573964 -7.6248689958790505 44.609281635001594 148.93283514952802 -999.0 6231.0 -999.0 -1 -999 {-999.0 -999.0 -999.0 -999.0 -999.0} "" -999.0 -999.0 -999.0 -999.0 -999 -999 "" "" "" "" 0 0 0.0 0.0 -999 ""
FIBERMAP 455 R-2C17 APOGEE 1 1 0 1 0 0 77.16558593376253 -23.74565515879833 143.1 57.09959555269345 -57.063661272433016 176.7879 56.794994 278.74645539011146 -8.729459581878313 -1.271077 -2.1072676 0.11627083 278.7464328903988 -8.729468946169419 278.76754785026856 -8.698925818454205 43.7927789656729 150.02396779455526 16000.0 16600.0 2016.0 2 238 {-999.0 24.768496 22.060024 19.166124 -999.0} sdss_psfmag_ps1 21.606226 18.977053 17.311483 10.994 63050395541584670 1153931805 bright_1x1 mwm_galactic_core_dist_apogee_sparse mwm_galactic science 0 0 0.0 0.0 -999 ""
FIBERMAP 455 R-2C17 BOSS 0 0 0 1 0 0 77.54137694445939 -23.11149602586943 143.1 57.728213541967065 -56.6788632474682 176.7879 56.794994 -999.0 -999.0 -999.0 -999.0 -999.0 278.7494529604049 -8.727943729834925 278.7704713534297 -8.69720070434863 43.7931121280441 150.01932816762033 -999.0 5400.0 -999.0 1 303 {-999.0 -999.0 -999.0 -999.0 -999.0} "" -999.0 -999.0 -999.0 -999.0 -999 -999 "" "" "" "" 0 0 0.0 0.0 -999 ""
FIBERMAP 455 R-2C17 METROLOGY 0 0 0 1 0 0 77.90982841788922 -23.77074557252872 143.1 57.74564846964309 -57.43378615866545 176.7879 56.794994 -999.0 -999.0 -999.0 -999.0 -999.0 278.74949341307365 -8.73132026365234 278.7705462305473 -8.700630188218764 43.78997643687147 150.0212548278714 -999.0 6231.0 -999.0 -1 -999 {-999.0 -999.0 -999.0 -999.0 -999.0} "" -999.0 -999.0 -999.0 -999.0 -999 -999 "" "" "" "" 0 0 0.0 0.0 -999 ""
FIBERMAP 463 R+8C11 APOGEE 0 0 0 1 0 0 11.15574712380508 168.49137666326166 143.1 88.63308967615941 143.70204457596463 159.7881 82.87156 -999.0 -999.0 -999.0 -999.0 -999.0 278.89221457249954 -7.816688162740173 278.91097736671884 -7.78617003080928 44.556291252777335 149.29902977073849 -999.0 16600.0 -999.0 2 -999 {-999.0 -999.0 -999.0 -999.0 -999.0} "" -999.0 -999.0 -999.0 -999.0 -999 -999 "" "" "" "" 0 0 0.0 0.0 -999 ""
FIBERMAP 463 R+8C11 BOSS 1 1 0 1 0 0 11.499449600773739 169.16311509571958 143.1 89.2509160077627 144.13505835665788 159.7881 82.87156 278.8951663910735 -7.8148683731894275 1.0223503 -0.9795103 0.34927937 278.8951623122274 -7.8148789693633205 278.9138287711997 -7.784167122240528 44.55687208583219 149.2942385403938 5400.0 5400.0 2016.0 1 134 {-999.0 15.813336 14.581949 13.903155 -999.0} sdss_psfmag_from_g3xp 15.346046 14.427946 13.475889 11.641 63050395541991998 1093769890 bright_1x1 mwm_astar_core_boss_single mwm_ob science 0 0 0.0 0.0 -999 ""
FIBERMAP 463 R+8C11 METROLOGY 0 0 0 1 0 0 11.900680921019559 168.5330374155282 143.1 89.31096119063633 143.39059311409557 159.7881 82.87156 -999.0 -999.0 -999.0 -999.0 -999.0 278.8954097325601 -7.818206009248098 278.91411013302024 -7.787544963540841 44.55370710199129 149.29594026014254 -999.0 6231.0 -999.0 -1 -999 {-999.0 -999.0 -999.0 -999.0 -999.0} "" -999.0 -999.0 -999.0 -999.0 -999 -999 "" "" "" "" 0 0 0.0 0.0 -999 ""
FIBERMAP 466 R+5C5 APOGEE 1 1 0 1 0 0 -161.84356882167955 111.46271752389687 143.1 -90.93086842437671 174.17932453493628 206.8045 28.624718 278.0695135155892 -7.6767840985193185 -3.1892402 -7.970456 -0.060208444 278.0694702679757 -7.676807188697325 278.08819452484653 -7.64850787318841 45.02903297384301 150.2549985224273 16000.0 16600.0 2016.0 2 128 {-999.0 24.523611 19.91688 17.410482 -999.0} sdss_psfmag_ps1 21.53131 17.60653 16.022295 10.545 63050395542024885 1153934737 bright_1x1 mwm_galactic_core_dist_apogee_sparse mwm_galactic science 0 0 0.0 0.0 -999 ""
FIBERMAP 466 R+5C5 BOSS 0 0 0 1 0 0 -161.41183912346807 112.06982821848221 143.1 -90.2654559133065 174.51406383057184 206.8045 28.624718 -999.0 -999.0 -999.0 -999.0 -999.0 278.07258621999983 -7.675438010526879 278.09121925575954 -7.646946189277045 45.02918754052342 150.25022075635252 -999.0 5400.0 -999.0 1 42 {-999.0 -999.0 -999.0 -999.0 -999.0} "" -999.0 -999.0 -999.0 -999.0 -999 -999 "" "" "" "" 0 0 0.0 0.0 -999 ""
FIBERMAP 466 R+5C5 METROLOGY 0 0 0 1 0 0 -161.0959183658539 111.39077571589307 143.1 -90.30370746943768 173.76619772003616 206.8045 28.624718 -999.0 -999.0 -999.0 -999.0 -999.0 278.07236838407204 -7.678768675877908 278.0910344292518 -7.650328363407141 45.02619680169345 150.2524704607508 -999.0 6231.0 -999.0 -1 -999 {-999.0 -999.0 -999.0 -999.0 -999.0} "" -999.0 -999.0 -999.0 -999.0 -999 -999 "" "" "" "" 0 0 0.0 0.0 -999 ""
FIBERMAP 469 R+1C6 APOGEE 0 0 0 1 0 0 -183.9111572098767 8.445208256336386 143.1 -158.5977312731229 93.4465128723441 257.84344 64.79697 -999.0 -999.0 -999.0 -999.0 -999.0 277.75757790335746 -8.041900119759832 277.7773399367894 -8.014259076391214 44.82510439165777 150.86581762558095 -999.0 16600.0 -999.0 2 -999 {-999.0 -999.0 -999.0 -999.0 -999.0} "" -999.0 -999.0 -999.0 -999.0 -999 -999 "" "" "" "" 0 0 0.0 0.0 -999 ""
FIBERMAP 469 R+1C6 BOSS 1 1 0 1 0 0 -184.52011149727693 8.886338693711547 143.1 -158.92970494366554 94.12109594994664 257.84344 64.79697 277.75612742394077 -8.039004753789689 -1.1556331 -2.2222629 0.5526239 277.7561239064313 -8.038998675016163 277.7757934450855 -8.011175783125635 44.8285449641084 150.86598637796368 5400.0 5400.0 2016.0 1 20 {-999.0 17.327257 16.039354 15.320237 14.74036} sdss_psfmag_from_ps1dr2 16.8204 15.9179 14.9671 13.202 63050395541939424 1040012426 "" ops_std_boss_ps1dr2 ops_std standard_boss 0 0 0.0 0.0 -999 ""
FIBERMAP 469 R+1C6 METROLOGY 0 0 0 1 0 0 -183.83990633503382 9.187896140542076 143.1 -158.18753523326274 94.06961078770142 257.84344 64.79697 -999.0 -999.0 -999.0 -999.0 -999.0 277.7594940616316 -8.039189160996356 277.7791870941779 -8.011410313539445 44.82694201241552 150.86180876209514 -999.0 6231.0 -999.0 -1 -999 {-999.0 -999.0 -999.0 -999.0 -999.0} "" -999.0 -999.0 -999.0 -999.0 -999 -999 "" "" "" "" 0 0 0.0 0.0 -999 ""
FIBERMAP 481 R+7C10 APOGEE 1 1 0 1 0 0 -16.99642435339768 117.06782024459272 143.1 39.70976896076543 111.41414617008365 297.94717 62.322918 278.66775485678215 -7.96228074004238 -0.42011753 -1.6600437 0.31621245 278.66775735324103 -7.962302640281571 278.6869724844317 -7.932308732686403 44.52007189649532 149.66831449421656 16000.0 16600.0 2016.0 2 30 {-999.0 20.05484 16.193016 13.798917 -999.0} sdss_psfmag_ps1 17.659065 13.8227415 12.269629 7.126 63050395541985967 1153934464 bright_1x1 mwm_galactic_core_dist_apogee_sparse mwm_galactic science 0 0 0.0 0.0 -999 ""
FIBERMAP 481 R+7C10 BOSS 0 0 0 1 0 0 -17.73675055108031 117.02900937325327 143.1 39.03730215734418 111.72596228873547 297.94717 62.322918 -999.0 -999.0 -999.0 -999.0 -999.0 278.6647772703333 -7.961014779608417 278.6839004922859 -7.930841786451189 44.522701644108395 149.67128769417266 -999.0 5400.0 -999.0 1 127 {-999.0 -999.0 -999.0 -999.0 -999.0} "" -999.0 -999.0 -999.0 -999.0 -999 -999 "" "" "" "" 0 0 0.0 0.0 -999 ""
FIBERMAP 481 R+7C10 METROLOGY 0 0 0 1 0 0 -17.415565095855555 117.69980679320774 143.1 39.63478734476085 112.16867156339612 297.94717 62.322918 -999.0 -999.0 -999.0 -999.0 -999.0 278.66749588841157 -7.95896901715352 278.68663836778785 -7.928842933189986 44.52334484852616 149.66664960843733 -999.0 6231.0 -999.0 -1 -999 {-999.0 -999.0 -999.0 -999.0 -999.0} "" -999.0 -999.0 -999.0 -999.0 -999 -999 "" "" "" "" 0 0 0.0 0.0 -999 ""
FIBERMAP 483 R+13C1 APOGEE 1 1 0 1 0 0 -141.50989585351488 232.10083747749727 143.1 -16.558479018356632 271.29638847471034 335.63202 51.827164 278.4116176569547 -7.241633563266939 -3.7961874 -4.8082705 0.2739596 278.4116140035276 -7.241640614997703 278.42911563661727 -7.212633452927574 45.279805285620306 149.55830100853058 16000.0 16600.0 2016.0 2 135 {-999.0 24.30622 20.703503 18.083473 -999.0} sdss_psfmag_ps1 20.998663 18.232862 16.617514 10.78 63050395542055883 1153935008 bright_1x1 mwm_galactic_core_dist_apogee_sparse mwm_galactic science 0 0 0.0 0.0 -999 ""
FIBERMAP 483 R+13C1 BOSS 0 0 0 1 0 0 -142.19026740721333 231.79607527188733 143.1 -17.3022940835144 271.3451189692036 335.63202 51.827164 -999.0 -999.0 -999.0 -999.0 -999.0 278.40831122436344 -7.241598833500986 278.4257265183069 -7.212417828105443 45.28144383588485 149.56248489445542 -999.0 5400.0 -999.0 1 7 {-999.0 -999.0 -999.0 -999.0 -999.0} "" -999.0 -999.0 -999.0 -999.0 -999 -999 "" "" "" "" 0 0 0.0 0.0 -999 ""
FIBERMAP 483 R+13C1 METROLOGY 0 0 0 1 0 0 -142.1345996139166 232.53099803912974 143.1 -16.909501183684682 271.9686392708705 335.63202 51.827164 -999.0 -999.0 -999.0 -999.0 -999.0 278.4100876107634 -7.238779942857898 278.4275199459715 -7.20964723701573 45.28318195631026 149.55851031186506 -999.0 6231.0 -999.0 -1 -999 {-999.0 -999.0 -999.0 -999.0 -999.0} "" -999.0 -999.0 -999.0 -999.0 -999 -999 "" "" "" "" 0 0 0.0 0.0 -999 ""
FIBERMAP 488 R+13C8 APOGEE 1 1 0 1 0 0 16.002080592247054 233.7337399059192 143.1 123.41861794770836 199.09938433210206 327.30313 66.63687 279.0504992597481 -7.567572603909317 -0.45312554 -9.321524 0.87538606 279.05051388403064 -7.567603997559766 279.0685909191256 -7.536780542867573 44.71278553407418 148.94882106242554 16000.0 16600.0 2016.0 2 37 {-999.0 25.012915 22.589417 18.933105 -999.0} sdss_psfmag_ps1 21.747211 18.878645 17.127203 10.015 63050395605590980 1153993909 bright_1x1 mwm_galactic_core_dist_apogee_sparse mwm_galactic science 0 0 0.0 0.0 -999 ""
FIBERMAP 488 R+13C8 BOSS 0 0 0 1 0 0 15.39470693278469 233.3157834854889 143.1 122.68639983974148 199.013942403438 327.30313 66.63687 -999.0 -999.0 -999.0 -999.0 -999.0 279.0472871262986 -7.568123614460919 279.0652757472417 -7.537123026500992 44.713915360909894 148.95319062705107 -999.0 5400.0 -999.0 1 166 {-999.0 -999.0 -999.0 -999.0 -999.0} "" -999.0 -999.0 -999.0 -999.0 -999 -999 "" "" "" "" 0 0 0.0 0.0 -999 ""
FIBERMAP 488 R+13C8 METROLOGY 0 0 0 1 0 0 15.32487183795655 234.0637002101519 143.1 122.97434457791248 199.70762242272664 327.30313 66.63687 -999.0 -999.0 -999.0 -999.0 -999.0 279.0485563403426 -7.564968835036286 279.06656234213017 -7.53401884791907 44.716148740776404 148.9496655750907 -999.0 6231.0 -999.0 -1 -999 {-999.0 -999.0 -999.0 -999.0 -999.0} "" -999.0 -999.0 -999.0 -999.0 -999 -999 "" "" "" "" 0 0 0.0 0.0 -999 ""
FIBERMAP 489 R-5C2 APOGEE 0 0 0 1 0 0 -199.9105634817094 -102.26779358639969 143.1 -224.49916475964946 3.075195694548731 346.81464 110.046974 -999.0 -999.0 -999.0 -999.0 -999.0 277.45494113677285 -8.450973363071006 277.4758513135774 -8.423946070104375 44.5735904890399 151.48486977889692 -999.0 16600.0 -999.0 2 -999 {-999.0 -999.0 -999.0 -999.0 -999.0} "" -999.0 -999.0 -999.0 -999.0 -999 -999 "" "" "" "" 0 0 0.0 0.0 -999 ""
FIBERMAP 489 R-5C2 BOSS 1 1 0 1 0 0 -199.8170272698616 -102.99717963978281 143.1 -224.75749827476847 2.386812845086357 346.81464 110.046974 277.45378855297224 -8.454284840007679 0.83773154 -2.3111877 0.48595965 277.45379840669244 -8.454277885696213 277.47463240549126 -8.427062790518566 44.571231186900086 151.48819215928228 5400.0 5400.0 2016.0 1 487 {-999.0 18.770117 17.140156 16.249573 15.563831} sdss_psfmag_from_ps1dr2 18.0632 16.986 15.929 13.919 63050395541857334 1040012311 "" ops_std_boss_ps1dr2 ops_std standard_boss 0 0 0.0 0.0 -999 ""
FIBERMAP 489 R-5C2 METROLOGY 0 0 0 1 0 0 -200.50677017201477 -102.7163463290587 143.1 -225.23581760817137 2.9574910472143374 346.81464 110.046974 -999.0 -999.0 -999.0 -999.0 -999.0 277.4516278377085 -8.45162540384704 277.4724800303867 -8.424470857827375 44.57446407973934 151.4894475650342 -999.0 6231.0 -999.0 -1 -999 {-999.0 -999.0 -999.0 -999.0 -999.0} "" -999.0 -999.0 -999.0 -999.0 -999 -999 "" "" "" "" 0 0 0.0 0.0 -999 ""
FIBERMAP 493 R+8C15 APOGEE 1 1 0 1 0 0 116.15102775925918 148.54905803004195 143.1 172.10752234814044 76.98890681350265 234.94469 167.16052 279.2740771983039 -8.120564185905742 -0.50393367 -2.9104073 0.46165952 279.27438850636196 -8.120581521630218 279.29376463306147 -8.088926772257173 44.118683690674885 149.00610801394114 16000.0 16600.0 2016.0 2 78 {-999.0 20.10258 16.726822 14.132027 -999.0} sdss_psfmag_ps1 18.183147 13.481563 11.856965 6.466 63050395541755242 1153932489 bright_1x1 mwm_galactic_core_dist_apogee_sparse mwm_galactic science 0 0 1.079289197921753 0.0 -999 ""
FIBERMAP 493 R+8C15 BOSS 0 0 0 1 0 0 115.59630931650226 148.05257748770086 143.1 171.3851307539002 76.80944553724493 234.94469 167.16052 -999.0 -999.0 -999.0 -999.0 -999.0 279.2712380855271 -8.121552425152558 279.2905249366515 -8.089716248179256 44.11937644172338 149.01060690642788 -999.0 5400.0 -999.0 1 230 {-999.0 -999.0 -999.0 -999.0 -999.0} "" -999.0 -999.0 -999.0 -999.0 -999 -999 "" "" "" "" 0 0 0.0 0.0 -999 ""
FIBERMAP 493 R+8C15 METROLOGY 0 0 0 1 0 0 115.43967603726387 148.78113722329937 143.1 171.5873109187878 77.52659728870023 234.94469 167.16052 -999.0 -999.0 -999.0 -999.0 -999.0 279.27211692578334 -8.118252688151157 279.29142149861633 -8.086469326113365 44.12190822848495 149.00751693721082 -999.0 6231.0 -999.0 -1 -999 {-999.0 -999.0 -999.0 -999.0 -999.0} "" -999.0 -999.0 -999.0 -999.0 -999 -999 "" "" "" "" 0 0 0.0 0.0 -999 ""
FIBERMAP 495 R+5C10 APOGEE 1 1 0 1 0 0 -24.277945987906214 101.44272009323797 143.1 25.969079874873692 101.00849357281975 5.2203135 137.02394 278.6045504461939 -8.009372366106437 -0.08595044 -2.353535 0.39237013 278.60454734967004 -8.009388004803677 278.62390521770106 -7.979539051267863 44.50412663970905 149.77582552605645 16000.0 16600.0 2016.0 2 7 {-999.0 15.964004 14.9814625 14.598819 -999.0} sdss_psfmag_ps1 15.612816 14.953551 14.152111 12.862 63050395541962469 1034658413 bright_1x1 mwm_yso_disk_apogee_single mwm_yso science 0 0 0.0 0.0 -999 ""
FIBERMAP 495 R+5C10 BOSS 0 0 0 1 0 0 -23.69022818469749 100.97313420431573 143.1 26.26898059015305 100.31868924658055 5.2203135 137.02394 -999.0 -999.0 -999.0 -999.0 -999.0 278.606022465361 -8.012666404046985 278.6252983798558 -7.982624391247369 44.500747631126664 149.77592572814095 -999.0 5400.0 -999.0 1 129 {-999.0 -999.0 -999.0 -999.0 -999.0} "" -999.0 -999.0 -999.0 -999.0 -999 -999 "" "" "" "" 0 0 0.0 0.0 -999 ""
FIBERMAP 495 R+5C10 METROLOGY 0 0 0 1 0 0 -24.38673155140195 100.7041446228824 143.1 25.527632223350672 100.40657859689527 5.2203135 137.02394 -999.0 -999.0 -999.0 -999.0 -999.0 278.60258756582317 -8.012213143596599 278.62188907566434 -7.982233548985166 44.50254399855742 149.77997114189043 -999.0 6231.0 -999.0 -1 -999 {-999.0 -999.0 -999.0 -999.0 -999.0} "" -999.0 -999.0 -999.0 -999.0 -999 -999 "" "" "" "" 0 0 0.0 0.0 -999 ""
FIBERMAP 501 R+6C19 APOGEE 1 1 0 1 0 0 184.67679719987916 101.99400306366944 143.1 210.90711475822354 3.8049311422569034 308.70264 99.705284 279.4493165652741 -8.452782466842256 -1.2121342 -4.2965136 -0.27280504 279.4514645594226 -8.453051570735285 279.47160411146444 -8.42078353935221 43.74327114383805 148.98804831461655 16000.0 16600.0 2016.0 2 34 {-999.0 24.209885 24.847025 17.75265 -999.0} sdss_psfmag_gaia 21.568245 18.054579 16.307692 9.365 63050395541690341 1154741106 bright_1x1 mwm_galactic_core_dist_apogee_sparse mwm_galactic science 0 0 0.0 0.0 -999 ""
FIBERMAP 501 R+6C19 BOSS 0 0 0 1 0 0 184.17607643659196 101.44855770020449 143.1 210.20955578950395 3.556948260843762 308.70264 99.705284 -999.0 -999.0 -999.0 -999.0 -999.0 279.4484350622164 -8.454366976953022 279.4684847417528 -8.4219146113175 43.74360563543343 148.9925738405709 -999.0 5400.0 -999.0 1 195 {-999.0 -999.0 -999.0 -999.0 -999.0} "" -999.0 -999.0 -999.0 -999.0 -999 -999 "" "" "" "" 0 0 0.0 0.0 -999 ""
FIBERMAP 501 R+6C19 METROLOGY 0 0 0 1 0 0 183.9507015688041 102.16373848807267 143.1 210.34472518925494 4.294413467839681 308.70264 99.705284 -999.0 -999.0 -999.0 -999.0 -999.0 279.4490127840123 -8.450966461589564 279.4690804535344 -8.418568450806145 43.74635582435176 148.98981213673267 -999.0 6231.0 -999.0 -1 -999 {-999.0 -999.0 -999.0 -999.0 -999.0} "" -999.0 -999.0 -999.0 -999.0 -999 -999 "" "" "" "" 0 0 0.0 0.0 -999 ""
FIBERMAP 506 R+6C10 APOGEE 0 0 0 1 0 0 -4.311536811371603 111.76115197574609 143.1 48.440061972614465 100.79350225675438 26.805386 67.30018 -999.0 -999.0 -999.0 -999.0 -999.0 278.70781026655015 -8.010663308096532 278.7271315135536 -7.9805429658773726 44.45944077569331 149.64695136731584 -999.0 16600.0 -999.0 2 -999 {-999.0 -999.0 -999.0 -999.0 -999.0} "" -999.0 -999.0 -999.0 -999.0 -999 -999 "" "" "" "" 0 0 0.0 0.0 -999 ""
FIBERMAP 506 R+6C10 BOSS 1 1 0 1 0 0 -4.228949552912422 111.00919884243423 143.1 48.16150086151055 100.09029283305706 26.805386 67.30018 278.7066367393213 -8.01400067491554 -0.88150585 -1.1494081 0.5570903 278.7066395750766 -8.013996098006148 278.72587954764236 -7.9836894834895435 44.4571305523786 149.65041183644078 5400.0 5400.0 2016.0 1 128 {-999.0 18.302507 16.447083 15.573032 -999.0} sdss_psfmag_ps1 17.458544 16.174238 15.075076 12.523 63050395541959721 916966186 bright_5x1 mwm_yso_disk_boss mwm_yso science 0 0 0.0 0.0 -999 ""
FIBERMAP 506 R+6C10 METROLOGY 0 0 0 1 0 0 -4.911203530715579 111.31723553515954 143.1 47.70251861965797 100.68151294588368 26.805386 67.30018 -999.0 -999.0 -999.0 -999.0 -999.0 278.70450376335236 -8.011258839623759 278.7237632252949 -7.9810122926267475 44.46044799824607 149.65145498079684 -999.0 6231.0 -999.0 -1 -999 {-999.0 -999.0 -999.0 -999.0 -999.0} "" -999.0 -999.0 -999.0 -999.0 -999 -999 "" "" "" "" 0 0 0.0 0.0 -999 ""
FIBERMAP 507 R+1C26 APOGEE 1 1 0 1 0 0 284.351180272778 28.558695294886142 143.1 264.66966874235067 -107.69923790685934 38.915955 139.07246 279.69348803967176 -8.956978681597521 -1.6020609 -5.0413203 -0.10306046 279.69347453806336 -8.956970201190554 279.71478012919425 -8.923838604955318 43.1857452572708 148.9940547723256 16000.0 16600.0 2016.0 2 42 {-999.0 23.720045 22.771841 18.011868 -999.0} sdss_psfmag_gaia 21.400494 18.563112 16.858944 10.673 63050395540653988 1154738743 bright_1x1 mwm_galactic_core_dist_apogee_sparse mwm_galactic science 0 0 0.0 0.0 -999 ""
FIBERMAP 507 R+1C26 BOSS 0 0 0 1 0 0 285.07570211129945 28.50391790599712 143.1 265.2844126828302 -108.08638118511965 38.915955 139.07246 -999.0 -999.0 -999.0 -999.0 -999.0 279.6963143636586 -8.958886042274202 279.71752708888675 -8.925550715613209 43.18301660137019 148.99173952194155 -999.0 5400.0 -999.0 1 175 {-999.0 -999.0 -999.0 -999.0 -999.0} "" -999.0 -999.0 -999.0 -999.0 -999 -999 "" "" "" "" 0 0 0.0 0.0 -999 ""
FIBERMAP 507 R+1C26 METROLOGY 0 0 0 1 0 0 284.6817321572017 27.874892545724173 143.1 264.6421277612971 -108.45814278797805 38.915955 139.07246 -999.0 -999.0 -999.0 -999.0 -999.0 279.69338643193976 -8.960526448816378 279.7146318314052 -8.927253421458222 43.18274041681964 148.99628874478475 -999.0 6231.0 -999.0 -1 -999 {-999.0 -999.0 -999.0 -999.0 -999.0} "" -999.0 -999.0 -999.0 -999.0 -999 -999 "" "" "" "" 0 0 0.0 0.0 -999 ""
FIBERMAP 514 R+11C3 APOGEE 1 1 0 1 0 0 -137.50050600808203 207.48119613735287 143.1 -24.525071110235633 247.66235584527425 216.63705 100.41252 278.37486455758557 -7.3469749282989065 -999.0 -999.0 -999.0 278.37485669007384 -7.346949939992351 278.3926366299773 -7.317993480149835 45.20013839132218 149.66888654207176 16000.0 16600.0 2016.0 2 133 {-999.0 -999.0 -999.0 -999.0 -999.0} "" -999.0 18.600145 -999.0 10.142 63050395542054257 1151527389 bright_1x1 mwm_galactic_core_dist_apogee_sparse mwm_galactic science 0 0 0.0 0.0 -999 ""
FIBERMAP 514 R+11C3 BOSS 0 0 0 1 0 0 -138.06609413318623 207.9594417920033 143.1 -24.80136434505481 248.34946782826128 216.63705 100.41252 -999.0 -999.0 -999.0 -999.0 -999.0 278.3736930334752 -7.344039569261396 278.3913786261855 -7.3149042879239605 45.20346435131402 149.66860986194928 -999.0 5400.0 -999.0 1 5 {-999.0 -999.0 -999.0 -999.0 -999.0} "" -999.0 -999.0 -999.0 -999.0 -999 -999 "" "" "" "" 0 0 0.0 0.0 -999 ""
FIBERMAP 514 R+11C3 METROLOGY 0 0 0 1 0 0 -137.36792249209694 208.21761967018097 143.1 -24.063596210717606 248.25124282529265 216.63705 100.41252 -999.0 -999.0 -999.0 -999.0 -999.0 278.37703505656924 -7.344437204269356 278.3947451724414 -7.315344884149046 45.201636507381174 149.66459489231053 -999.0 6231.0 -999.0 -1 -999 {-999.0 -999.0 -999.0 -999.0 -999.0} "" -999.0 -999.0 -999.0 -999.0 -999 -999 "" "" "" "" 0 0 0.0 0.0 -999 ""
FIBERMAP 515 R+3C19 APOGEE 0 0 0 1 0 0 143.32285223702377 40.23038496636808 143.1 145.48148193700322 -31.449704563376724 298.20798 76.71018 -999.0 -999.0 -999.0 -999.0 -999.0 279.15274572580995 -8.613180521886388 279.1734067024876 -8.581623707344395 43.726770695360365 149.45241181158656 -999.0 16600.0 -999.0 2 -999 {-999.0 -999.0 -999.0 -999.0 -999.0} "" -999.0 -999.0 -999.0 -999.0 -999 -999 "" "" "" "" 0 0 0.0 0.0 -999 ""
FIBERMAP 515 R+3C19 BOSS 1 1 0 1 0 0 142.61763884117414 40.02125240826936 143.1 144.76041982833218 -31.304839704963978 298.20798 76.71018 279.14958166124165 -8.612714200670068 -0.67163056 -6.755961 1.564539 279.14959347503475 -8.612726533998345 279.17016133095757 -8.580985819371685 43.72873286634181 149.4560348883331 5400.0 5400.0 2016.0 1 217 {-999.0 17.848328 16.289995 15.567067 -999.0} sdss_psfmag_ps1 17.145994 16.039879 15.002307 -999.0 63050395541674588 917200173 bright_4x1 mwm_yso_pms_boss_sagitta_edr3 mwm_yso science 0 0 0.0 0.0 -999 ""
FIBERMAP 515 R+3C19 METROLOGY 0 0 0 1 0 0 142.78410543878215 40.74653791646735 143.1 145.2466343196882 -30.741637899932503 298.20798 76.71018 -999.0 -999.0 -999.0 -999.0 -999.0 279.1517878305102 -8.610108617056982 279.172374650166 -8.578417855682606 43.73010271047607 149.45176778865505 -999.0 6231.0 -999.0 -1 -999 {-999.0 -999.0 -999.0 -999.0 -999.0} "" -999.0 -999.0 -999.0 -999.0 -999 -999 "" "" "" "" 0 0 0.0 0.0 -999 ""
FIBERMAP 533 R+1C3 APOGEE 1 1 0 1 0 0 -242.67772326342288 12.432615724734246 143.1 -208.67313877885098 124.44532387935037 193.757 143.47498 277.5311279296875 -7.9015601275303595 -999.0 -999.0 -999.0 277.5310928544143 -7.901513593054245 277.55058500067526 -7.874528617322004 45.04495289714787 151.07355774424315 16000.0 16600.0 2015.5 2 104 {-999.0 -999.0 -999.0 -999.0 -999.0} "" -999.0 -999.0 -999.0 -999.0 27021603148772814 848998107 "" ops_sky_apogee_good ops_sky sky_apogee 0 0 0.0 0.0 -999 ""
FIBERMAP 533 R+1C3 BOSS 0 0 0 1 0 0 -243.36526759730444 12.699564789341013 143.1 -209.1560061348792 125.00270290209046 193.757 143.47498 -999.0 -999.0 -999.0 -999.0 -999.0 277.52899340064647 -7.899171001822092 277.54839596125396 -7.872006781837978 45.04814267715773 151.07489069496242 -999.0 5400.0 -999.0 1 61 {-999.0 -999.0 -999.0 -999.0 -999.0} "" -999.0 -999.0 -999.0 -999.0 -999 -999 "" "" "" "" 0 0 0.0 0.0 -999 ""
FIBERMAP 533 R+1C3 METROLOGY 0 0 0 1 0 0 -242.7813029131236 13.17235150805632 143.1 -208.41884322747305 125.1475496436533 193.757 143.47498 -999.0 -999.0 -999.0 -999.0 -999.0 277.53232098123465 -7.898465052694192 277.5517444431028 -7.871345056889224 45.04738409935487 151.0702253742238 -999.0 6231.0 -999.0 -1 -999 {-999.0 -999.0 -999.0 -999.0 -999.0} "" -999.0 -999.0 -999.0 -999.0 -999 -999 "" "" "" "" 0 0 0.0 0.0 -999 ""
FIBERMAP 544 R-6C19 APOGEE 1 1 0 1 0 0 164.57945632031087 -111.8621654961992 143.1 93.16217516282849 -175.8114541076647 177.52016 99.96397 278.9104804168224 -9.268024904954412 -1.6155592 -3.4614606 0.24558681 278.91047365073734 -9.268036270620254 278.93288055275053 -9.236817181308515 43.236442267368474 150.13503197491806 16000.0 16600.0 2016.0 2 229 {-999.0 28.099182 20.222588 17.910063 -999.0} sdss_psfmag_ps1 21.12031 17.72396 16.138386 10.58 63050395540432816 1153922064 bright_1x1 mwm_galactic_core_dist_apogee_sparse mwm_galactic science 0 0 0.0 0.0 -999 ""
FIBERMAP 544 R-6C19 BOSS 0 0 0 1 0 0 164.4611992323984 -111.13491181285502 143.1 93.3976627179379 -175.11339837184855 177.52016 99.96397 -999.0 -999.0 -999.0 -999.0 -999.0 278.9116866174296 -9.265126519765834 278.9339924173654 -9.233709078928117 43.2387912186163 150.1318578832764 -999.0 5400.0 -999.0 1 277 {-999.0 -999.0 -999.0 -999.0 -999.0} "" -999.0 -999.0 -999.0 -999.0 -999 -999 "" "" "" "" 0 0 0.0 0.0 -999 ""
FIBERMAP 544 R-6C19 METROLOGY 0 0 0 1 0 0 165.15820748200375 -111.39802762852331 143.1 93.89068668449075 -175.67181403994118 177.52016 99.96397 -999.0 -999.0 -999.0 -999.0 -999.0 278.91390694263225 -9.267576737353464 278.9362444464478 -9.236208013107591 43.23558525895333 150.1305502626803 -999.0 6231.0 -999.0 -1 -999 {-999.0 -999.0 -999.0 -999.0 -999.0} "" -999.0 -999.0 -999.0 -999.0 -999 -999 "" "" "" "" 0 0 0.0 0.0 -999 ""
FIBERMAP 546 R-12C1 APOGEE 1 1 0 1 0 0 -156.56425917473624 -218.95203634567 143.1 -240.74081039262094 -120.3190647973864 96.39249 110.022156 277.3801373685425 -9.008818902416245 0.0017643201 0.45638624 0.4588114 277.3801059283972 -9.008810958442755 277.4024584347676 -8.981730713189284 44.09248261100794 151.89228152998365 16000.0 16600.0 2016.0 2 296 {-999.0 18.96385 18.783888 12.82213 -999.0} sdss_psfmag_gaia 16.678661 13.249045 11.741147 7.361 63050395541376138 1154740524 bright_1x1 mwm_galactic_core_dist_apogee_sparse mwm_galactic science 0 0 0.0 0.0 -999 ""
FIBERMAP 546 R-12C1 BOSS 0 0 0 1 0 0 -155.91803068577505 -218.60644643772386 143.1 -240.0080841419339 -120.31574796587847 96.39249 110.022156 -999.0 -999.0 -999.0 -999.0 -999.0 277.3834984111923 -9.009031192668658 277.40576463191496 -8.981748973422707 44.09115599508175 151.88812668739547 -999.0 5400.0 -999.0 1 429 {-999.0 -999.0 -999.0 -999.0 -999.0} "" -999.0 -999.0 -999.0 -999.0 -999 -999 "" "" "" "" 0 0 0.0 0.0 -999 ""
FIBERMAP 546 R-12C1 METROLOGY 0 0 0 1 0 0 -155.92961507306944 -219.34810483099886 143.1 -240.3650638903326 -120.96583134357562 96.39249 110.022156 -999.0 -999.0 -999.0 -999.0 -999.0 277.38186708190653 -9.011886811249108 277.4041654183398 -8.984662262376746 44.089120943190665 151.89176822515668 -999.0 6231.0 -999.0 -1 -999 {-999.0 -999.0 -999.0 -999.0 -999.0} "" -999.0 -999.0 -999.0 -999.0 -999 -999 "" "" "" "" 0 0 0.0 0.0 -999 ""
FIBERMAP 548 R+1C14 APOGEE 1 1 0 1 0 0 20.716226949179102 0.5666745186853213 143.1 18.574538210645038 -9.184434796728029 358.72284 39.406673 278.5694880957789 -8.511031615587425 -2.18566 -3.6446261 0.33799037 278.56948133821265 -8.511032539804592 278.5901155300576 -8.481052157158391 44.06450904188681 150.11619118546295 16000.0 16600.0 2016.0 2 13 {-999.0 21.171268 17.049652 14.841064 -999.0} sdss_psfmag_ps1 18.651415 15.1508255 13.620004 8.524 63050395541646782 1153931999 bright_1x1 mwm_galactic_core_dist_apogee_sparse mwm_galactic science 0 0 0.0 0.0 -999 ""
FIBERMAP 548 R+1C14 BOSS 0 0 0 1 0 0 20.130537898211966 0.1196074385391448 143.1 17.847875737559544 -9.30574359306986 358.72284 39.406673 -999.0 -999.0 -999.0 -999.0 -999.0 278.5662325660596 -8.511774077848218 278.58677960993646 -8.48161089570678 44.06540043261749 150.12068008717307 -999.0 5400.0 -999.0 1 96 {-999.0 -999.0 -999.0 -999.0 -999.0} "" -999.0 -999.0 -999.0 -999.0 -999 -999 "" "" "" "" 0 0 0.0 0.0 -999 ""
FIBERMAP 548 R+1C14 METROLOGY 0 0 0 1 0 0 20.02465961681634 0.847675394737152 143.1 18.09468473296198 -8.612755535410747 358.72284 39.406673 -999.0 -999.0 -999.0 -999.0 -999.0 278.5673496948546 -8.508563240246117 278.5879137987985 -8.478452705869515 44.06778619736919 150.11740414473007 -999.0 6231.0 -999.0 -1 -999 {-999.0 -999.0 -999.0 -999.0 -999.0} "" -999.0 -999.0 -999.0 -999.0 -999 -999 "" "" "" "" 0 0 0.0 0.0 -999 ""
FIBERMAP 550 R+1C1 APOGEE 1 1 0 1 0 0 -284.77763031677597 2.621300981182202 143.1 -250.46926396313464 135.4564027963929 283.12958 84.45506 277.3430447798047 -7.852130731152138 -3.7202506 -7.8271627 -0.07471963 277.3430190029033 -7.85215355745474 277.36245609471615 -7.825683802817924 45.165780719488524 151.28616949365846 16000.0 16600.0 2016.0 2 141 {-999.0 24.96165 20.862162 18.179035 -999.0} sdss_psfmag_ps1 21.510744 18.332352 16.735046 10.971 63050395545410420 1153952761 bright_1x1 mwm_galactic_core_dist_apogee_sparse mwm_galactic science 0 0 0.0 0.0 -999 ""
FIBERMAP 550 R+1C1 BOSS 0 0 0 1 0 0 -285.4969260971361 2.51054064200731 143.1 -251.1567813820734 135.69479570725605 283.12958 84.45506 -999.0 -999.0 -999.0 -999.0 -999.0 277.34003627103687 -7.851279680433054 277.35938874790276 -7.824632872296941 45.16797941961078 151.28949714560162 -999.0 5400.0 -999.0 1 12 {-999.0 -999.0 -999.0 -999.0 -999.0} "" -999.0 -999.0 -999.0 -999.0 -999 -999 "" "" "" "" 0 0 0.0 0.0 -999 ""
FIBERMAP 550 R+1C1 METROLOGY 0 0 0 1 0 0 -285.2294755881899 3.215872326626233 143.1 -250.5906432020706 136.19314960688408 283.12958 84.45506 -999.0 -999.0 -999.0 -999.0 -999.0 277.34258799074166 -7.848978796499334 277.3619573687521 -7.822378805805211 45.16899991082248 151.28489775813128 -999.0 6231.0 -999.0 -1 -999 {-999.0 -999.0 -999.0 -999.0 -999.0} "" -999.0 -999.0 -999.0 -999.0 -999 -999 "" "" "" "" 0 0 0.0 0.0 -999 ""
FIBERMAP 554 R-2C23 APOGEE 1 1 0 1 0 0 221.25243957423788 -49.58934178943431 143.1 172.365285452856 -147.2687450012768 238.03705 134.47769 279.2738342285156 -9.138032875525553 -999.0 -999.0 -999.0 279.27381580959724 -9.13800259720399 279.2957477478993 -9.105889208920956 43.201660285380605 149.61383699715648 16000.0 16600.0 2015.5 2 197 {-999.0 -999.0 -999.0 -999.0 -999.0} "" -999.0 -999.0 -999.0 -999.0 27021603148711032 848992040 "" ops_sky_apogee_good ops_sky sky_apogee 0 0 0.0 0.0 -999 ""
FIBERMAP 554 R-2C23 BOSS 0 0 0 1 0 0 220.52229911753673 -49.72094186788517 143.1 171.65844016965312 -147.04370074232963 238.03705 134.47769 -999.0 -999.0 -999.0 -999.0 -999.0 279.27071997874003 -9.137223532225764 279.29255644193074 -9.104922550151482 43.20388998960504 149.6171670468348 -999.0 5400.0 -999.0 1 310 {-999.0 -999.0 -999.0 -999.0 -999.0} "" -999.0 -999.0 -999.0 -999.0 -999 -999 "" "" "" "" 0 0 0.0 0.0 -999 ""
FIBERMAP 554 R-2C23 METROLOGY 0 0 0 1 0 0 220.74351898484815 -49.00921974626624 143.1 172.1867060254864 -146.51808497632024 238.03705 134.47769 -999.0 -999.0 -999.0 -999.0 -999.0 279.2731115026628 -9.134778606154233 279.2949676935885 -9.10252804423467 43.205025396554625 149.61280425127526 -999.0 6231.0 -999.0 -1 -999 {-999.0 -999.0 -999.0 -999.0 -999.0} "" -999.0 -999.0 -999.0 -999.0 -999 -999 "" "" "" "" 0 0 0.0 0.0 -999 ""
FIBERMAP 565 R+8C3 APOGEE 1 1 0 1 0 0 -164.68726775296523 155.04337151531627 143.1 -73.06932657194989 214.0266679540499 94.029305 176.33052 278.1523594386167 -7.497393751980478 0.48114502 -3.6051378 -0.041172475 278.1523253929686 -7.497453979383898 278.1705671074372 -7.4690155476042825 45.15726529344551 150.0427955369864 16000.0 16600.0 2016.0 2 137 {-999.0 23.98978 21.79753 17.159344 -999.0} sdss_psfmag_ps1 21.842201 16.88257 15.134532 8.612 63050395542047408 1153934780 bright_1x1 mwm_galactic_core_dist_apogee_sparse mwm_galactic science 0 0 0.0 0.0 -999 ""
FIBERMAP 565 R+8C3 BOSS 0 0 0 1 0 0 -164.71756446688818 155.78489444182878 143.1 -72.74942589629988 214.69621191100612 94.029305 176.33052 -999.0 -999.0 -999.0 -999.0 -999.0 278.15388090624043 -7.4945964837070065 278.17202815440345 -7.46597136127066 45.159409469563556 150.03910614748395 -999.0 5400.0 -999.0 1 25 {-999.0 -999.0 -999.0 -999.0 -999.0} "" -999.0 -999.0 -999.0 -999.0 -999 -999 "" "" "" "" 0 0 0.0 0.0 -999 ""
FIBERMAP 565 R+8C3 METROLOGY 0 0 0 1 0 0 -164.0481983827558 155.44415078863608 143.1 -72.31712555300166 214.0821097976583 94.029305 176.33052 -999.0 -999.0 -999.0 -999.0 -999.0 278.15581507379346 -7.497309032140707 278.173992982335 -7.468729746589094 45.15608558438968 150.03826022607151 -999.0 6231.0 -999.0 -1 -999 {-999.0 -999.0 -999.0 -999.0 -999.0} "" -999.0 -999.0 -999.0 -999.0 -999 -999 "" "" "" "" 0 0 0.0 0.0 -999 ""
FIBERMAP 566 R+8C7 APOGEE 0 0 0 1 0 0 -61.66745872512829 172.2735291228973 143.1 26.03805271624989 181.09122434937206 108.46543 74.62132 -999.0 -999.0 -999.0 -999.0 -999.0 278.60540828264493 -7.646595334156552 278.62385393380396 -7.616903847133413 44.83178146460126 149.55732967246576 -999.0 16600.0 -999.0 2 -999 {-999.0 -999.0 -999.0 -999.0 -999.0} "" -999.0 -999.0 -999.0 -999.0 -999 -999 "" "" "" "" 0 0 0.0 0.0 -999 ""
FIBERMAP 566 R+8C7 BOSS 1 1 0 1 0 0 -60.95076284853177 172.31216771468394 143.1 26.68955380810756 180.7903036445023 108.46543 74.62132 278.6082316591903 -7.6480906188680295 -0.89080137 -1.6144334 0.29640657 278.60848865804184 -7.648094859745735 278.6268478599479 -7.6182092755222905 44.82932717115909 149.5543429386674 5400.0 5400.0 2016.0 1 103 {-999.0 16.35421 14.444959 13.355622 -999.0} sdss_psfmag_from_g3xp 15.443782 13.992682 12.826512 10.514 63050395541999910 1093181852 bright_3x1 mwm_astar_core_boss mwm_ob science 0 0 0.9498611688613892 0.0 -999 ""
FIBERMAP 566 R+8C7 METROLOGY 0 0 0 1 0 0 -61.2537625846697 171.65262858023246 143.1 26.11340517856328 180.34904255920006 108.46543 74.62132 -999.0 -999.0 -999.0 -999.0 -999.0 278.6058193165466 -7.650035301036508 278.6242096503794 -7.620208388273355 44.828646224930765 149.55888364715145 -999.0 6231.0 -999.0 -1 -999 {-999.0 -999.0 -999.0 -999.0 -999.0} "" -999.0 -999.0 -999.0 -999.0 -999 -999 "" "" "" "" 0 0 0.0 0.0 -999 ""
FIBERMAP 572 R+10C5 APOGEE 0 0 0 1 0 0 -68.52425518278693 200.50652497674676 143.1 33.17734412972784 209.25006848511563 99.010994 10.1629095 -999.0 -999.0 -999.0 -999.0 -999.0 278.6382199437394 -7.519867274224799 278.6563348408826 -7.490145210697738 44.93232752540321 149.43929283360893 -999.0 16600.0 -999.0 2 -999 {-999.0 -999.0 -999.0 -999.0 -999.0} "" -999.0 -999.0 -999.0 -999.0 -999 -999 "" "" "" "" 0 0 0.0 0.0 -999 ""
FIBERMAP 572 R+10C5 BOSS 1 1 0 1 0 0 -68.26992719532691 199.80089373592742 143.1 33.0722289589289 208.5075072449848 99.010994 10.1629095 278.63767613997123 -7.5232683050972415 -0.024952935 -2.1788294 0.39993998 278.6378326246408 -7.523344035751087 278.65586742095655 -7.493436877916552 44.92955745248975 149.4418883746184 5400.0 5400.0 2016.0 1 146 {-999.0 14.862064 13.87572 13.34223 -999.0} sdss_psfmag_from_g3xp 14.512086 13.791075 12.94561 11.54 63050395542037463 1093762738 bright_1x1 mwm_astar_core_boss_single mwm_ob science 0 0 0.8975159525871277 0.0 -999 ""
FIBERMAP 572 R+10C5 METROLOGY 0 0 0 1 0 0 -69.00238328794501 199.93376368653088 143.1 32.486982432616806 208.96738044079544 99.010994 10.1629095 -999.0 -999.0 -999.0 -999.0 -999.0 278.635129774291 -7.521223319821044 278.65318549889895 -7.491376496137227 44.93256298649344 149.44402232354977 -999.0 6231.0 -999.0 -1 -999 {-999.0 -999.0 -999.0 -999.0 -999.0} "" -999.0 -999.0 -999.0 -999.0 -999 -999 "" "" "" "" 0 0 0.0 0.0 -999 ""
FIBERMAP 575 R+3C14 APOGEE 1 1 0 1 0 0 39.91887956480548 78.90074358289088 143.1 72.16925209613903 51.07185089289551 142.71355 27.100449 278.8166562085879 -8.237100965521156 -2.4951766 -2.3371916 -0.006097065 278.8166407772835 -8.237110549711897 278.83648904688215 -8.206604157523165 44.208791452560654 149.64588492503842 16000.0 16600.0 2016.0 2 24 {-999.0 22.65862 21.306631 17.28633 -999.0} sdss_psfmag_gaia 20.515778 17.906693 16.256052 10.526 63050395541741276 1154741281 bright_1x1 mwm_galactic_core_dist_apogee_sparse mwm_galactic science 0 0 0.0 0.0 -999 ""
FIBERMAP 575 R+3C14 BOSS 0 0 0 1 0 0 40.64264359209071 78.7769954131612 143.1 72.75108094877234 50.624103519218934 142.71355 27.100449 -999.0 -999.0 -999.0 -999.0 -999.0 278.81944098018346 -8.239319458829824 278.83920269429575 -8.208615251089345 44.205821995170744 149.64370551385753 -999.0 5400.0 -999.0 1 97 {-999.0 -999.0 -999.0 -999.0 -999.0} "" -999.0 -999.0 -999.0 -999.0 -999 -999 "" "" "" "" 0 0 0.0 0.0 -999 ""
FIBERMAP 575 R+3C14 METROLOGY 0 0 0 1 0 0 40.176632526393384 78.1938190339718 143.1 72.06655936825746 50.32654534082562 142.71355 27.100449 -999.0 -999.0 -999.0 -999.0 -999.0 278.81626031722345 -8.240617301206923 278.8360523381033 -8.209974552598306 44.20593302971572 149.64844809965 -999.0 6231.0 -999.0 -1 -999 {-999.0 -999.0 -999.0 -999.0 -999.0} "" -999.0 -999.0 -999.0 -999.0 -999 -999 "" "" "" "" 0 0 0.0 0.0 -999 ""
FIBERMAP 577 R+6C15 APOGEE 1 1 0 1 0 0 78.87731916139312 110.77644121643756 143.1 121.50442663593579 61.0306203950675 196.51988 127.75574 279.04312133789057 -8.192347973443077 -999.0 -999.0 -999.0 279.04312023425746 -8.192376523332708 279.06276747616505 -8.161296104356051 44.153073396267054 149.33686132032952 16000.0 16600.0 2015.5 2 36 {-999.0 -999.0 -999.0 -999.0 -999.0} "" -999.0 -999.0 -999.0 -999.0 27021603148725873 848995201 "" ops_sky_apogee_good ops_sky sky_apogee 0 0 0.0 0.0 -999 ""
FIBERMAP 577 R+6C15 BOSS 0 0 0 1 0 0 78.26261908440426 111.19545033359587 143.1 121.15703247955773 61.68833828373993 196.51988 127.75574 -999.0 -999.0 -999.0 -999.0 -999.0 279.04166953243447 -8.189546408492864 279.06121825518767 -8.158281632418667 44.15645466360742 149.33696753649897 -999.0 5400.0 -999.0 1 188 {-999.0 -999.0 -999.0 -999.0 -999.0} "" -999.0 -999.0 -999.0 -999.0 -999 -999 "" "" "" "" 0 0 0.0 0.0 -999 ""
FIBERMAP 577 R+6C15 METROLOGY 0 0 0 1 0 0 78.93746574010966 111.52992819800846 143.1 121.90985718342517 61.66845436319308 196.51988 127.75574 -999.0 -999.0 -999.0 -999.0 -999.0 279.0450841519442 -8.189597072251525 279.0646577172286 -8.158376997043998 44.15489364502207 149.3327481371819 -999.0 6231.0 -999.0 -1 -999 {-999.0 -999.0 -999.0 -999.0 -999.0} "" -999.0 -999.0 -999.0 -999.0 -999 -999 "" "" "" "" 0 0 0.0 0.0 -999 ""
FIBERMAP 580 R+9C7 APOGEE 1 1 0 1 0 0 -37.23978700502514 179.78121746410187 143.1 51.13794620975329 176.3062804264509 64.61802 58.38546 278.7203979492187 -7.668607120655594 -999.0 -999.0 -999.0 278.7203887764885 -7.668602390054636 278.7388458216985 -7.638599830391484 44.763112256676166 149.42554182540988 16000.0 16600.0 2015.5 2 29 {-999.0 -999.0 -999.0 -999.0 -999.0} "" -999.0 -999.0 -999.0 -999.0 27021603148730121 848995863 "" ops_sky_apogee_good ops_sky sky_apogee 0 0 0.0 0.0 -999 ""
FIBERMAP 580 R+9C7 BOSS 0 0 0 1 0 0 -36.83070981135431 179.16611979367588 143.1 51.21192927876599 175.57138684027444 64.61802 58.38546 -999.0 -999.0 -999.0 -999.0 -999.0 278.7208320190348 -7.672054907152559 278.73920795869645 -7.641864020008214 44.760012764933805 149.42706969671906 -999.0 5400.0 -999.0 1 118 {-999.0 -999.0 -999.0 -999.0 -999.0} "" -999.0 -999.0 -999.0 -999.0 -999 -999 "" "" "" "" 0 0 0.0 0.0 -999 ""
FIBERMAP 580 R+9C7 METROLOGY 0 0 0 1 0 0 -37.57650779542331 179.11860589464396 143.1 50.53055749969091 175.8780691460653 64.61802 58.38546 -999.0 -999.0 -999.0 -999.0 -999.0 278.717682569139 -7.6706157964990656 278.73608150496443 -7.640486417716398 44.76259263666884 149.43016934608647 -999.0 6231.0 -999.0 -1 -999 {-999.0 -999.0 -999.0 -999.0 -999.0} "" -999.0 -999.0 -999.0 -999.0 -999 -999 "" "" "" "" 0 0 0.0 0.0 -999 ""
FIBERMAP 581 R-1C19 APOGEE 0 0 0 1 0 0 105.6964410949636 -28.76953010786513 143.1 79.96722896879444 -74.84269228000858 255.30637 59.65005 -999.0 -999.0 -999.0 -999.0 -999.0 278.8514822902439 -8.810465133700495 278.87275961434716 -8.779609627976445 43.67550879665313 149.9412578149257 -999.0 16600.0 -999.0 2 -999 {-999.0 -999.0 -999.0 -999.0 -999.0} "" -999.0 -999.0 -999.0 -999.0 -999 -999 "" "" "" "" 0 0 0.0 0.0 -999 ""
FIBERMAP 581 R-1C19 BOSS 1 1 0 1 0 0 105.15589284344456 -28.241613537427714 143.1 79.73628891810775 -74.1233863678457 255.30637 59.65005 278.85023985550026 -8.807412904090283 0.38733396 -1.1362091 0.44370887 278.85055818170514 -8.80742197719025 278.871736055474 -8.776376958506914 43.67886430285257 149.94061818745774 5400.0 5400.0 2016.0 1 296 {-999.0 13.637902 12.9880085 12.65952 -999.0} sdss_psfmag_from_g3xp 13.457547 12.977942 12.2663555 11.117 63050395541581479 1093188958 bright_3x1 mwm_astar_core_boss mwm_ob science 0 0 1.1418921947479248 0.0 -999 ""
FIBERMAP 581 R-1C19 METROLOGY 0 0 0 1 0 0 105.87037283060633 -28.04398911533052 143.1 80.46016081132301 -74.2827547818349 255.30637 59.65005 -999.0 -999.0 -999.0 -999.0 -999.0 278.85385356146367 -8.808087228552232 278.87505790337224 -8.77708803678566 43.6768218194402 149.9369309048219 -999.0 6231.0 -999.0 -1 -999 {-999.0 -999.0 -999.0 -999.0 -999.0} "" -999.0 -999.0 -999.0 -999.0 -999 -999 "" "" "" "" 0 0 0.0 0.0 -999 ""
FIBERMAP 587 R-10C13 APOGEE 0 0 0 1 0 0 95.72255165901021 -182.70115610158433 143.1 -0.8143061982451019 -206.2289481252691 61.63526 115.99562 -999.0 -999.0 -999.0 -999.0 -999.0 278.47790046878146 -9.404950971541986 278.50082715106856 -9.374805356120978 43.29046644781853 150.7459450174492 -999.0 16600.0 -999.0 2 -999 {-999.0 -999.0 -999.0 -999.0 -999.0} "" -999.0 -999.0 -999.0 -999.0 -999 -999 "" "" "" "" 0 0 0.0 0.0 -999 ""
FIBERMAP 587 R-10C13 BOSS 1 1 0 1 0 0 96.46911626874302 -182.71046007263965 143.1 -0.15882042003734687 -206.5862061361772 61.63526 115.99562 278.4810279548688 -9.40681295321228 0.06301537 -2.0739057 0.30619437 278.4810022351986 -9.406810740274276 278.5038409247291 -9.376459176387145 43.287724418443695 150.74317748851817 5400.0 5400.0 2016.0 1 396 {-999.0 15.469692 14.349202 13.718696 -999.0} sdss_psfmag_from_g3xp 15.044637 14.214813 13.302242 11.774 63050395541529384 1093762683 bright_1x1 mwm_astar_core_boss_single mwm_ob science 0 0 0.0 0.0 -999 ""
FIBERMAP 587 R-10C13 METROLOGY 0 0 0 1 0 0 96.08740160980179 -183.35196059904817 143.1 -0.7961061606006093 -206.97472326689646 61.63526 115.99562 -999.0 -999.0 -999.0 -999.0 -999.0 278.4780407327037 -9.408485036777186 278.5009107670939 -9.378196291607424 43.28734923310963 150.747782129754 -999.0 6231.0 -999.0 -1 -999 {-999.0 -999.0 -999.0 -999.0 -999.0} "" -999.0 -999.0 -999.0 -999.0 -999 -999 "" "" "" "" 0 0 0.0 0.0 -999 ""
FIBERMAP 588 R+8C1 APOGEE 1 0 0 1 0 0 -192.36487287839168 172.0929523567024 143.1 -89.56055852944152 242.0354560781299 107.90041 61.04595 278.07929429953555 -7.35280629031598 -21.548717 -16.507748 2.634756 278.0780403324381 -7.372032280681219 278.09599417761115 -7.343843080607281 45.30197362132807 150.06269246185224 16000.0 16600.0 2016.0 2 94 {-999.0 21.258146 19.320242 17.900421 -999.0} sdss_psfmag_ps1 20.401892 18.60665 17.073645 12.337 63050395545545068 1034952993 bright_1x1 mwm_yso_pms_apogee_sagitta_edr3_single mwm_yso science 0 0 0.0 0.0 -999 ""
FIBERMAP 588 R+8C1 BOSS 0 0 0 1 0 0 -191.65235907560003 171.92479037195267 143.1 -89.00943735994072 241.55371419903352 107.90041 61.04595 -999.0 -999.0 -999.0 -999.0 -999.0 278.0806135274561 -7.374350701645274 278.09848607852143 -7.345970749804333 45.29900006329294 150.06078877161724 -999.0 5400.0 -999.0 1 81 {-999.0 -999.0 -999.0 -999.0 -999.0} "" -999.0 -999.0 -999.0 -999.0 -999 -999 "" "" "" "" 0 0 0.0 0.0 -999 ""
FIBERMAP 588 R+8C1 METROLOGY 0 0 0 1 0 0 -192.16449205763098 171.37437312836727 143.1 -89.71940724061679 241.3066724807612 107.90041 61.04595 -999.0 -999.0 -999.0 -999.0 -999.0 278.0773470386277 -7.3754106906433305 278.09524790130746 -7.347090702298181 45.29934415912155 150.06559939901737 -999.0 6231.0 -999.0 -1 -999 {-999.0 -999.0 -999.0 -999.0 -999.0} "" -999.0 -999.0 -999.0 -999.0 -999 -999 "" "" "" "" 0 0 0.0 0.0 -999 ""
FIBERMAP 589 R-2C25 APOGEE 1 1 0 1 0 0 267.8327145096417 -47.38015523635013 143.1 214.56713329689327 -167.09347422129053 215.30455 157.23523 279.46519724070987 -9.226096026405196 0.92717797 0.15396696 0.24305394 279.4651837651821 -9.226080363834846 279.48725899860375 -9.193424198523488 43.04103651474902 149.4320212611853 16000.0 16600.0 2016.0 2 216 {-999.0 18.700638 15.720738 14.177308 -999.0} sdss_psfmag_ps1 16.912378 14.520382 13.108468 9.049 63050395540628894 1153923234 bright_1x1 mwm_galactic_core_dist_apogee_sparse mwm_galactic science 0 0 0.0 0.0 -999 ""
FIBERMAP 589 R-2C25 BOSS 0 0 0 1 0 0 267.1190677741064 -47.56376309500729 143.1 213.8505508983558 -166.92210712251728 215.30455 157.23523 -999.0 -999.0 -999.0 -999.0 -999.0 279.4620379057126 -9.2255346963693 279.4840171886502 -9.192690113579348 43.0430844031326 149.43553270024822 -999.0 5400.0 -999.0 1 254 {-999.0 -999.0 -999.0 -999.0 -999.0} "" -999.0 -999.0 -999.0 -999.0 -999 -999 "" "" "" "" 0 0 0.0 0.0 -999 ""
FIBERMAP 589 R-2C25 METROLOGY 0 0 0 1 0 0 267.3265194251649 -46.843056972656726 143.1 214.37084821507213 -166.3821140995819 215.30455 157.23523 -999.0 -999.0 -999.0 -999.0 -999.0 279.4643874309907 -9.22303113263023 279.4863866176365 -9.190237352914773 43.04428186968969 149.43119429019023 -999.0 6231.0 -999.0 -1 -999 {-999.0 -999.0 -999.0 -999.0 -999.0} "" -999.0 -999.0 -999.0 -999.0 -999 -999 "" "" "" "" 0 0 0.0 0.0 -999 ""
FIBERMAP 592 R0C5 APOGEE 1 1 0 1 0 0 -187.97517759028858 0.18818811740872338 143.1 -166.0499642080837 88.0487338441996 7.181575 111.097176 277.72338867187494 -8.066353512754219 -999.0 -999.0 -999.0 277.7233965563053 -8.06632494945446 277.74323311084237 -8.038762871520264 44.81673910625233 150.92344873763133 16000.0 16600.0 2015.5 2 243 {-999.0 -999.0 -999.0 -999.0 -999.0} "" -999.0 -999.0 -999.0 -999.0 27021603148728773 848995648 "" ops_sky_apogee_good ops_sky sky_apogee 0 0 0.0 0.0 -999 ""
FIBERMAP 592 R0C5 BOSS 0 0 0 1 0 0 -187.60620540386884 -0.45349804788213405 143.1 -166.02385780340992 87.30909051743416 7.181575 111.097176 -999.0 -999.0 -999.0 -999.0 -999.0 277.7235282149576 -8.069841478787 277.74328798732887 -8.042090399755262 44.813685737998355 150.9253148074991 -999.0 5400.0 -999.0 1 495 {-999.0 -999.0 -999.0 -999.0 -999.0} "" -999.0 -999.0 -999.0 -999.0 -999 -999 "" "" "" "" 0 0 0.0 0.0 -999 ""
FIBERMAP 592 R0C5 METROLOGY 0 0 0 1 0 0 -188.34629775390746 -0.4838977065139916 143.1 -166.6921855039898 87.62823138251099 7.181575 111.097176 -999.0 -999.0 -999.0 -999.0 -999.0 277.7204760428686 -8.06834130260396 277.7402574472341 -8.040651929303518 44.81623431498314 150.9283311036607 -999.0 6231.0 -999.0 -1 -999 {-999.0 -999.0 -999.0 -999.0 -999.0} "" -999.0 -999.0 -999.0 -999.0 -999 -999 "" "" "" "" 0 0 0.0 0.0 -999 ""
FIBERMAP 594 R+1C22 APOGEE 1 1 0 1 0 0 180.7509810228532 32.35173161401857 143.1 174.8781155260026 -55.91153733687451 149.79344 92.75427 279.2869784200235 -8.724244691845877 2.4126768 -0.27134103 1.3466957 279.2869817828094 -8.724238172658458 279.30786807001914 -8.692278945263094 43.569471664275866 149.35300692232627 16000.0 16600.0 2016.0 2 86 {-999.0 16.272 14.984021 14.30166 -999.0} sdss_psfmag_from_g3xp 15.76445 14.843663 13.890944 11.747 63050395541659600 1034933498 bright_1x1 mwm_yso_pms_apogee_sagitta_edr3_single mwm_yso science 0 0 0.0 0.0 -999 ""
FIBERMAP 594 R+1C22 BOSS 0 0 0 1 0 0 181.11152044274183 32.99327653614962 143.1 175.496706728447 -55.513081091695646 149.79344 92.75427 -999.0 -999.0 -999.0 -999.0 -999.0 279.28995700066474 -8.722635356107379 279.3107439572088 -8.690475762253328 43.569863686881604 149.34839211368333 -999.0 5400.0 -999.0 1 235 {-999.0 -999.0 -999.0 -999.0 -999.0} "" -999.0 -999.0 -999.0 -999.0 -999 -999 "" "" "" "" 0 0 0.0 0.0 -999 ""
FIBERMAP 594 R+1C22 METROLOGY 0 0 0 1 0 0 181.50378550667594 32.36566626838289 143.1 175.5499808403733 -56.25117364696685 149.79344 92.75427 -999.0 -999.0 -999.0 -999.0 -999.0 279.2901554829853 -8.72592779415852 279.31097729578784 -8.693820946362573 43.5667493997442 149.35010744640985 -999.0 6231.0 -999.0 -1 -999 {-999.0 -999.0 -999.0 -999.0 -999.0} "" -999.0 -999.0 -999.0 -999.0 -999 -999 "" "" "" "" 0 0 0.0 0.0 -999 ""
FIBERMAP 597 R+1C2 APOGEE 0 0 0 1 0 0 -278.24683188103467 22.452904638064755 143.1 -235.42545576970542 149.93086503644722 228.31956 46.26933 -999.0 -999.0 -999.0 -999.0 -999.0 277.4115928104551 -7.78686318731084 277.43083958608315 -7.760241938312947 45.19782978590244 151.1605038224265 -999.0 16600.0 -999.0 2 -999 {-999.0 -999.0 -999.0 -999.0 -999.0} "" -999.0 -999.0 -999.0 -999.0 -999 -999 "" "" "" "" 0 0 0.0 0.0 -999 ""
FIBERMAP 597 R+1C2 BOSS 1 1 0 1 0 0 -278.31367571603215 23.218048754397586 143.1 -235.1268130955156 150.63837264928966 228.31956 46.26933 277.41302490234375 -7.783890909919023 -999.0 -999.0 -999.0 277.41306883590795 -7.783865903334451 277.4322237551591 -7.757057181133726 45.200173989392766 151.1568777886348 5400.0 5400.0 2015.5 1 11 {-999.0 -999.0 -999.0 -999.0 -999.0} "" -999.0 -999.0 -999.0 -999.0 27021603148772901 852795557 "" ops_sky_boss_fallback ops_sky sky_boss 0 0 0.0 0.0 -999 ""
FIBERMAP 597 R+1C2 METROLOGY 0 0 0 1 0 0 -277.6365538438575 22.88211635487938 143.1 -234.68540859668383 150.02489686585815 228.31956 46.26933 -999.0 -999.0 -999.0 -999.0 -999.0 277.41499819097095 -7.7865675410973125 277.434182944852 -7.759804963886359 45.19687228197826 151.15596081101785 -999.0 6231.0 -999.0 -1 -999 {-999.0 -999.0 -999.0 -999.0 -999.0} "" -999.0 -999.0 -999.0 -999.0 -999 -999 "" "" "" "" 0 0 0.0 0.0 -999 ""
FIBERMAP 598 R+11C9 APOGEE 1 1 0 1 0 0 9.246081928232224 197.07406430277905 143.1 100.30828840634214 169.85706705682986 286.3035 92.243126 278.94542529970363 -7.698694133723717 -0.08407102 -4.5864577 0.8846915 278.94544863387773 -7.6987077734943545 278.9638948541503 -7.668102067396194 44.639888058707996 149.1607037220341 16000.0 16600.0 2016.0 2 21 {-999.0 13.972163 12.251001 11.368435 -999.0} sdss_psfmag_from_g3xp 13.20021 11.986748 10.911251 8.346 63050395541993870 1105601698 bright_1x1 mwm_tess_rgb_apogee mwm_tessrgb science 0 0 0.0 0.0 -999 ""
FIBERMAP 598 R+11C9 BOSS 0 0 0 1 0 0 8.55059526490388 196.83966055978033 143.1 99.58400824931992 169.97504904967317 286.3035 92.243126 -999.0 -999.0 -999.0 -999.0 -999.0 278.94225271760314 -7.698301422938268 278.9606084670032 -7.667518190326808 44.64183038069975 149.16446869374803 -999.0 5400.0 -999.0 1 110 {-999.0 -999.0 -999.0 -999.0 -999.0} "" -999.0 -999.0 -999.0 -999.0 -999 -999 "" "" "" "" 0 0 0.0 0.0 -999 ""
FIBERMAP 598 R+11C9 METROLOGY 0 0 0 1 0 0 8.686531629225696 197.57027619561518 143.1 100.04573117820895 170.5572353127212 286.3035 92.243126 -999.0 -999.0 -999.0 -999.0 -999.0 278.9443270156692 -7.695640401095615 278.96270098557034 -7.664905646466687 44.643280920946275 149.16024711801768 -999.0 6231.0 -999.0 -1 -999 {-999.0 -999.0 -999.0 -999.0 -999.0} "" -999.0 -999.0 -999.0 -999.0 -999 -999 "" "" "" "" 0 0 0.0 0.0 -999 ""
FIBERMAP 599 R+2C11 APOGEE 1 1 0 1 0 0 -49.962616240130686 47.76923279694691 143.1 -21.825281976188148 65.57843112567247 92.96055 139.34937 278.38435746133445 -8.16994187289886 -2.0085099 -3.5503223 0.3510021 278.38433558290586 -8.169954812608102 278.4041823069601 -8.140612406311929 44.450820485897154 150.1477681484459 16000.0 16600.0 2016.0 2 142 {-999.0 20.466635 16.91899 14.60578 -999.0} sdss_psfmag_ps1 18.311646 15.100657 13.60191 8.968 63050395541955349 1153934130 bright_1x1 mwm_galactic_core_dist_apogee_sparse mwm_galactic science 0 0 0.0 0.0 -999 ""
FIBERMAP 599 R+2C11 BOSS 0 0 0 1 0 0 -49.5123080665123 48.359005582434406 143.1 -21.1515551090887 65.88916083761552 92.96055 139.34937 -999.0 -999.0 -999.0 -999.0 -999.0 278.3875167857995 -8.168702141811703 278.4072702658948 -8.13916343377725 44.45084095011278 150.14302933008153 -999.0 5400.0 -999.0 1 23 {-999.0 -999.0 -999.0 -999.0 -999.0} "" -999.0 -999.0 -999.0 -999.0 -999 -999 "" "" "" "" 0 0 0.0 0.0 -999 ""
FIBERMAP 599 R+2C11 METROLOGY 0 0 0 1 0 0 -49.2187952169659 47.671966275088785 143.1 -21.213345429820937 65.14471193131901 92.96055 139.34937 -999.0 -999.0 -999.0 -999.0 -999.0 278.3871992760214 -8.172043359277472 278.4069864746805 -8.14255740847991 44.447884156363536 150.14539640137832 -999.0 6231.0 -999.0 -1 -999 {-999.0 -999.0 -999.0 -999.0 -999.0} "" -999.0 -999.0 -999.0 -999.0 -999 -999 "" "" "" "" 0 0 0.0 0.0 -999 ""
FIBERMAP 600 R+1C17 APOGEE 0 0 0 1 0 0 67.31348159548159 20.692857303961546 143.1 69.16797138033381 -13.181538391854957 155.60202 132.48831 -999.0 -999.0 -999.0 -999.0 -999.0 278.80241788943795 -8.529715664484309 278.8230077812085 -8.499115609089024 43.95017473544563 149.83704655945968 -999.0 16600.0 -999.0 2 -999 {-999.0 -999.0 -999.0 -999.0 -999.0} "" -999.0 -999.0 -999.0 -999.0 -999 -999 "" "" "" "" 0 0 0.0 0.0 -999 ""
FIBERMAP 600 R+1C17 BOSS 1 1 0 1 0 0 67.04399639250009 21.42002429346943 143.1 69.26975858401426 -12.412856906948866 155.60202 132.48831 278.8030288672394 -8.52637975360973 0.8948886 -7.96943 0.4342736 278.8030210571518 -8.52641338363179 278.8235109672724 -8.49562185519126 43.9531209999941 149.83434829198362 5400.0 5400.0 2016.0 1 191 {-999.0 19.659847 17.184202 15.9119425 -999.0} sdss_psfmag_ps1 18.325846 16.501802 15.244427 11.595 63050395541720720 916930983 bright_5x1 mwm_yso_disk_boss mwm_yso science 0 0 0.0 0.0 -999 ""
FIBERMAP 600 R+1C17 METROLOGY 0 0 0 1 0 0 67.79651878431942 21.26148464652559 143.1 69.8607391600617 -12.904799152478805 155.60202 132.48831 -999.0 -999.0 -999.0 -999.0 -999.0 278.8057037871715 -8.5286033733769 278.8262240522426 -8.497858042062118 43.949952750851295 149.83230549047155 -999.0 6231.0 -999.0 -1 -999 {-999.0 -999.0 -999.0 -999.0 -999.0} "" -999.0 -999.0 -999.0 -999.0 -999 -999 "" "" "" "" 0 0 0.0 0.0 -999 ""
FIBERMAP 604 R+7C14 APOGEE 1 1 0 1 0 0 92.94994914639221 142.30618195845798 143.1 148.6830543613269 82.31827026324717 45.7405 93.19764 279.1674025799255 -8.096055117208563 -999.0 -999.0 -999.0 279.1674117607652 -8.096042089898608 279.1867684234354 -8.064678717680575 44.18674949540317 149.12418486481488 16000.0 16600.0 2016.0 2 43 {-999.0 -999.0 -999.0 -999.0 -999.0} "" -999.0 20.75498 -999.0 9.08 63050395541758494 1151527232 bright_1x1 mwm_galactic_core_dist_apogee_sparse mwm_galactic science 0 0 0.0 0.0 -999 ""
FIBERMAP 604 R+7C14 BOSS 0 0 0 1 0 0 93.48517921567742 141.80875702461367 143.1 148.92354953832185 81.62840011281163 45.7405 93.19764 -999.0 -999.0 -999.0 -999.0 -999.0 279.16865808494015 -8.099339074153798 279.1879301023103 -8.067781984892244 44.18345518007418 149.1246273510547 -999.0 5400.0 -999.0 1 160 {-999.0 -999.0 -999.0 -999.0 -999.0} "" -999.0 -999.0 -999.0 -999.0 -999 -999 "" "" "" "" 0 0 0.0 0.0 -999 ""
FIBERMAP 604 R+7C14 METROLOGY 0 0 0 1 0 0 92.77768412424237 141.57319126570283 143.1 148.18811271494934 81.75096927853949 45.7405 93.19764 -999.0 -999.0 -999.0 -999.0 -999.0 279.16526054114775 -8.09872300216193 279.1845585522867 -8.067228655691252 44.185407998924035 149.12848086709295 -999.0 6231.0 -999.0 -1 -999 {-999.0 -999.0 -999.0 -999.0 -999.0} "" -999.0 -999.0 -999.0 -999.0 -999 -999 "" "" "" "" 0 0 0.0 0.0 -999 ""
FIBERMAP 605 R+13C13 APOGEE 1 1 0 1 0 0 139.0806436991788 266.1029016726923 143.1 247.33231688312623 170.16633861773224 107.50027 33.11245 279.6126201509983 -7.702108150369743 -4.7917485 -6.810764 1.0145221 279.6125893805077 -7.70208632959437 279.63078451901634 -7.669731218761983 44.34746654356855 148.3297780037324 16000.0 16600.0 2016.0 2 103 {-999.0 26.339668 24.663874 20.952509 -999.0} sdss_psfmag_ps1 21.726019 20.300806 18.474781 10.643 63050395604932713 1153991480 bright_1x1 mwm_galactic_core_dist_apogee_sparse mwm_galactic science 0 0 0.0 0.0 -999 ""
FIBERMAP 605 R+13C13 BOSS 0 0 0 1 0 0 139.63057489896724 265.6094936896469 143.1 247.58768335840543 169.47314567331463 107.50027 33.11245 -999.0 -999.0 -999.0 -999.0 -999.0 279.6138360376665 -7.705410157635095 279.63194514216343 -7.672863373606949 44.34414994012068 148.33028907311254 -999.0 5400.0 -999.0 1 91 {-999.0 -999.0 -999.0 -999.0 -999.0} "" -999.0 -999.0 -999.0 -999.0 -999 -999 "" "" "" "" 0 0 0.0 0.0 -999 ""
FIBERMAP 605 R+13C13 METROLOGY 0 0 0 1 0 0 138.92829747370496 265.3682221150424 143.1 246.85419047000028 169.58823250236154 107.50027 33.11245 -999.0 -999.0 -999.0 -999.0 -999.0 279.6105122060433 -7.704808074050924 279.62864772048874 -7.672323243793147 44.34608919546141 148.33404382394758 -999.0 6231.0 -999.0 -1 -999 {-999.0 -999.0 -999.0 -999.0 -999.0} "" -999.0 -999.0 -999.0 -999.0 -999 -999 "" "" "" "" 0 0 0.0 0.0 -999 ""
FIBERMAP 610 R-4C21 APOGEE 1 1 0 1 0 0 215.87890806592287 -85.25919583019804 143.1 150.93958342478786 -176.28256200435715 355.1891 92.51474 279.1752033048335 -9.269269132535262 -999.0 -999.0 -999.0 279.1751658427354 -9.269280975554961 279.19746845276603 -9.237366255770612 43.12461173907587 149.8113864694931 16000.0 16600.0 2016.0 2 232 {-999.0 -999.0 -999.0 -999.0 -999.0} "" -999.0 20.540731 -999.0 10.8 63050395540422148 1151526664 bright_1x1 mwm_galactic_core_dist_apogee_sparse mwm_galactic science 0 0 0.0 0.0 -999 ""
FIBERMAP 610 R-4C21 BOSS 0 0 0 1 0 0 215.848701149273 -86.00536877887981 143.1 150.56403389061649 -176.92792904787999 355.1891 92.51474 -999.0 -999.0 -999.0 -999.0 -999.0 279.1735474360692 -9.272418539304581 279.19576405313217 -9.24030974518608 43.12267262993082 149.8151967137272 -999.0 5400.0 -999.0 1 279 {-999.0 -999.0 -999.0 -999.0 -999.0} "" -999.0 -999.0 -999.0 -999.0 -999 -999 "" "" "" "" 0 0 0.0 0.0 -999 ""
FIBERMAP 610 R-4C21 METROLOGY 0 0 0 1 0 0 215.20881989839728 -85.58360923341228 143.1 150.1956697620313 -176.2560075141604 355.1891 92.51474 -999.0 -999.0 -999.0 -999.0 -999.0 279.17185212194465 -9.269339860838938 279.1940884815268 -9.23729274487276 43.12610724912848 149.81547364560709 -999.0 6231.0 -999.0 -1 -999 {-999.0 -999.0 -999.0 -999.0 -999.0} "" -999.0 -999.0 -999.0 -999.0 -999 -999 "" "" "" "" 0 0 0.0 0.0 -999 ""
FIBERMAP 613 R0C25 APOGEE 1 1 0 1 0 0 259.9172309440455 16.13035923517424 143.1 237.26371907969886 -107.2603710824639 112.30315 38.922768 279.56954781855694 -8.95577825124242 1.2116971 -2.891468 0.079743534 279.56980215960425 -8.955784829846856 279.5911553914244 -8.922978197178539 43.23995155740336 149.14422051259768 16000.0 16600.0 2016.0 2 35 {-999.0 20.605934 17.231695 14.118594 -999.0} sdss_psfmag_ps1 18.699408 13.91377 12.280085 6.811 63050395540653331 1153923195 bright_1x1 mwm_galactic_core_dist_apogee_sparse mwm_galactic science 0 0 0.9562387466430664 0.0 -999 ""
FIBERMAP 613 R0C25 BOSS 0 0 0 1 0 0 260.57024628547094 15.771824948651844 143.1 237.6732506587486 -107.8825527553856 112.30315 38.922768 -999.0 -999.0 -999.0 -999.0 -999.0 279.571746613993 -8.958783363216082 279.5930106770256 -8.925775014323973 43.2366351926912 149.14363305086414 -999.0 5400.0 -999.0 1 172 {-999.0 -999.0 -999.0 -999.0 -999.0} "" -999.0 -999.0 -999.0 -999.0 -999 -999 "" "" "" "" 0 0 0.0 0.0 -999 ""
FIBERMAP 613 R0C25 METROLOGY 0 0 0 1 0 0 259.93140047644306 15.378264241996552 143.1 236.92462206368498 -107.93171913879678 112.30315 38.922768 -999.0 -999.0 -999.0 -999.0 -999.0 279.5683281045535 -8.958968267166682 279.5896212179611 -8.926024134146937 43.23787276999915 149.14791742962802 -999.0 6231.0 -999.0 -1 -999 {-999.0 -999.0 -999.0 -999.0 -999.0} "" -999.0 -999.0 -999.0 -999.0 -999 -999 "" "" "" "" 0 0 0.0 0.0 -999 ""
FIBERMAP 614 R+1C11 APOGEE 1 1 0 1 0 0 -70.25868998130481 13.71898437276453 143.1 -55.68276200309726 44.97267582184275 216.1207 101.45202 278.2282608349393 -8.263336331705052 -3.9083202 -3.6091833 0.859757 278.2282544525575 -8.263348061714723 278.24839648504707 -8.234373771221977 44.43074099525823 150.39896217969525 16000.0 16600.0 2016.0 2 134 {-999.0 23.447412 21.479166 19.298882 -999.0} sdss_psfmag_gaia 21.532362 20.032902 18.197548 9.725 63050395541843848 1154741575 bright_1x1 mwm_galactic_core_dist_apogee_sparse mwm_galactic science 0 0 0.0 0.0 -999 ""
FIBERMAP 614 R+1C11 BOSS 0 0 0 1 0 0 -70.81069418822135 14.219934738810496 143.1 -55.93643443751815 45.67350411948584 216.1207 101.45202 -999.0 -999.0 -999.0 -999.0 -999.0 278.227157158117 -8.260318505458224 278.247203706598 -8.231159511728865 44.43415391322509 150.39857357428338 -999.0 5400.0 -999.0 1 31 {-999.0 -999.0 -999.0 -999.0 -999.0} "" -999.0 -999.0 -999.0 -999.0 -999 -999 "" "" "" "" 0 0 0.0 0.0 -999 ""
FIBERMAP 614 R+1C11 METROLOGY 0 0 0 1 0 0 -70.09147605680666 14.455732082610295 143.1 -55.19052817851091 45.54565886383049 216.1207 101.45202 -999.0 -999.0 -999.0 -999.0 -999.0 278.23056701138086 -8.260861250503037 278.2506386216591 -8.231746601856456 44.43219420708787 150.39459748934328 -999.0 6231.0 -999.0 -1 -999 {-999.0 -999.0 -999.0 -999.0 -999.0} "" -999.0 -999.0 -999.0 -999.0 -999 -999 "" "" "" "" 0 0 0.0 0.0 -999 ""
FIBERMAP 615 R-10C5 APOGEE 0 0 0 1 0 0 -82.23767001047074 -212.84406206653685 143.1 -172.19319405028045 -149.66992580091045 344.3007 52.75232 -999.0 -999.0 -999.0 -999.0 -999.0 277.69163906260013 -9.144686712691467 277.71421637124257 -9.11672621866344 43.84480318092498 151.57645697690916 -999.0 16600.0 -999.0 2 -999 {-999.0 -999.0 -999.0 -999.0 -999.0} "" -999.0 -999.0 -999.0 -999.0 -999 -999 "" "" "" "" 0 0 0.0 0.0 -999 ""
FIBERMAP 615 R-10C5 BOSS 1 1 0 1 0 0 -82.81412456141585 -213.31193850769196 143.1 -172.921423623258 -149.81394384349238 344.3007 52.75232 277.6883537238222 -9.145500899023832 -0.53702515 -2.491459 -0.20111844 277.68837609363567 -9.145520990448713 277.71086956828293 -9.117374468791246 43.84555002375881 151.5810099152257 5400.0 5400.0 2016.0 1 348 {-999.0 15.529536 14.460298 13.830563 -999.0} sdss_psfmag_from_g3xp 15.113554 14.403882 13.414832 11.775 63050395541062288 1093181562 bright_3x1 mwm_astar_core_boss mwm_ob science 0 0 0.0 0.0 -999 ""
FIBERMAP 615 R-10C5 METROLOGY 0 0 0 1 0 0 -82.93155914973815 -212.56987263764046 143.1 -172.67828410557482 -149.10318120102963 344.3007 52.75232 -999.0 -999.0 -999.0 -999.0 -999.0 277.6894634996464 -9.142265073457308 277.71197301314675 -9.114172226606676 43.848035812081285 151.57782914128458 -999.0 6231.0 -999.0 -1 -999 {-999.0 -999.0 -999.0 -999.0 -999.0} "" -999.0 -999.0 -999.0 -999.0 -999 -999 "" "" "" "" 0 0 0.0 0.0 -999 ""
FIBERMAP 619 R+7C12 APOGEE 1 1 0 1 0 0 53.02682924390942 126.69541297871103 143.1 106.09946852930939 87.1859278713183 44.343723 28.781204 278.972458645077 -8.073315439657817 -2.0321808 -3.7917888 -0.19889818 278.9724573831977 -8.073304532694566 278.9918332751822 -8.042462417014375 44.29059807925009 149.35337922048458 16000.0 16600.0 2016.0 2 6 {-999.0 24.986502 24.110899 19.22837 -999.0} sdss_psfmag_gaia 22.52857 19.767506 17.943499 9.431 63050395541765595 1154741420 bright_1x1 mwm_galactic_core_dist_apogee_sparse mwm_galactic science 0 0 0.0 0.0 -999 ""
FIBERMAP 619 R+7C12 BOSS 0 0 0 1 0 0 52.80255876025771 125.99347853394093 143.1 105.57308239758875 86.67038896791735 44.343723 28.781204 -999.0 -999.0 -999.0 -999.0 -999.0 278.97018048613234 -8.075792017003097 278.9894720636563 -8.04476617957533 44.289533357717985 149.3577166757553 -999.0 5400.0 -999.0 1 138 {-999.0 -999.0 -999.0 -999.0 -999.0} "" -999.0 -999.0 -999.0 -999.0 -999 -999 "" "" "" "" 0 0 0.0 0.0 -999 ""
FIBERMAP 619 R+7C12 METROLOGY 0 0 0 1 0 0 52.29052253597453 126.54296738167594 143.1 105.37742760849626 87.39543110683354 44.343723 28.781204 -999.0 -999.0 -999.0 -999.0 -999.0 278.9692476527912 -8.07244847607728 278.98855712128 -8.041480030524951 44.29288785247873 149.35687049051725 -999.0 6231.0 -999.0 -1 -999 {-999.0 -999.0 -999.0 -999.0 -999.0} "" -999.0 -999.0 -999.0 -999.0 -999 -999 "" "" "" "" 0 0 0.0 0.0 -999 ""
FIBERMAP 623 R+6C11 APOGEE 0 0 0 1 0 0 -4.888298399156687 131.75240723643907 143.1 57.27664178510125 118.73200525801785 128.41992 92.4434 -999.0 -999.0 -999.0 -999.0 -999.0 278.74845638578574 -7.929335871574852 278.76755755357124 -7.899144915193622 44.51573873299558 149.54724812284087 -999.0 16600.0 -999.0 2 -999 {-999.0 -999.0 -999.0 -999.0 -999.0} "" -999.0 -999.0 -999.0 -999.0 -999 -999 "" "" "" "" 0 0 0.0 0.0 -999 ""
FIBERMAP 623 R+6C11 BOSS 1 1 0 1 0 0 -4.317227119809784 132.26473913332802 143.1 58.020897340002115 118.91783112374823 128.41992 92.4434 278.75198364257807 -7.9286287740585095 -999.0 -999.0 -999.0 278.7519878123246 -7.928641195619675 278.77099569762265 -7.898253925631411 44.515077638044346 149.54239929314312 5400.0 5400.0 2015.5 1 136 {-999.0 -999.0 -999.0 -999.0 -999.0} "" -999.0 -999.0 -999.0 -999.0 27021603148729658 852784756 "" ops_sky_boss_fallback ops_sky sky_boss 0 0 0.0 0.0 -999 ""
FIBERMAP 623 R+6C11 METROLOGY 0 0 0 1 0 0 -4.17520881566648 131.5329414613634 143.1 57.804286229368316 118.2046504024664 128.41992 92.4434 -999.0 -999.0 -999.0 -999.0 -999.0 278.7509616612348 -7.931830622831584 278.77000351030824 -7.901497716036776 44.512572417873095 149.5456008296644 -999.0 6231.0 -999.0 -1 -999 {-999.0 -999.0 -999.0 -999.0 -999.0} "" -999.0 -999.0 -999.0 -999.0 -999 -999 "" "" "" "" 0 0 0.0 0.0 -999 ""
FIBERMAP 624 R-5C1 APOGEE 1 0 0 1 1 0 -225.97472766093426 -80.06127695474208 143.1 -237.15341298399753 34.8875160448684 107.41235 61.16037 277.3264744556076 -8.436030220548478 -999.0 -999.0 -999.0 277.39852595559574 -8.306536618872485 277.41909170995694 -8.279721492226448 44.72819504443014 151.4747488227452 16000.0 16600.0 2016.0 2 241 {-999.0 25.95755 22.137146 19.888529 -999.0} sdss_psfmag_ps1 -999.0 19.542936 -999.0 9.695 63050395541858148 1153933254 bright_1x1 mwm_galactic_core_dist_apogee_sparse mwm_galactic science 0 0 0.0 0.0 -999 ""
FIBERMAP 624 R-5C1 BOSS 0 0 0 1 1 0 -225.2417271587036 -80.18085033760946 143.1 -236.5614688633659 34.439140220439214 107.41235 61.16037 -999.0 -999.0 -999.0 -999.0 -999.0 277.40124323501044 -8.308761462133344 277.421729102692 -8.281749897477733 44.72528205555406 151.47254999477857 -999.0 5400.0 -999.0 1 498 {-999.0 -999.0 -999.0 -999.0 -999.0} "" -999.0 -999.0 -999.0 -999.0 -999 -999 "" "" "" "" 0 0 0.0 0.0 -999 ""
FIBERMAP 624 R-5C1 METROLOGY 0 0 0 1 1 0 -225.6977642899484 -80.76129227684149 143.1 -237.2358967805756 34.139335792616265 107.41235 61.16037 -999.0 -999.0 -999.0 -999.0 -999.0 277.3981664025022 -8.31005625699404 277.41868065532077 -8.283105563752398 44.725267150914064 151.47720486454674 -999.0 6231.0 -999.0 -1 -999 {-999.0 -999.0 -999.0 -999.0 -999.0} "" -999.0 -999.0 -999.0 -999.0 -999 -999 "" "" "" "" 0 0 0.0 0.0 -999 ""
FIBERMAP 627 R+5C4 APOGEE 0 0 0 1 0 0 -176.8916556236701 84.17002928320571 143.1 -116.99072086308766 157.0925521665797 251.84691 100.39125 -999.0 -999.0 -999.0 -999.0 -999.0 277.94978760970656 -7.753915748579432 277.9687510236132 -7.7258966805932925 45.00847079545479 150.45294058682381 -999.0 16600.0 -999.0 2 -999 {-999.0 -999.0 -999.0 -999.0 -999.0} "" -999.0 -999.0 -999.0 -999.0 -999 -999 "" "" "" "" 0 0 0.0 0.0 -999 ""
FIBERMAP 627 R+5C4 BOSS 1 1 0 1 0 0 -177.64266890392744 84.25600564055645 143.1 -117.61429252899518 157.51965531785206 251.84691 100.39125 277.94672108425584 -7.752139975147191 -1.1885822 -0.81188726 0.5874011 277.9470086071854 -7.752130566915852 277.9658824184837 -7.7239342829288535 45.011442602351416 150.4554308326176 5400.0 5400.0 2016.0 1 37 {-999.0 14.722231 13.576563 12.919175 -999.0} sdss_psfmag_from_g3xp 14.296578 13.422379 12.483664 10.743 63050395542019676 1093181539 bright_3x1 mwm_astar_core_boss mwm_ob science 0 0 1.073611855506897 0.0 -999 ""
FIBERMAP 627 R+5C4 METROLOGY 0 0 0 1 0 0 -177.1884270109917 84.85456469074795 143.1 -116.9329811597114 157.83631148913884 251.84691 100.39125 -999.0 -999.0 -999.0 -999.0 -999.0 277.9501141172947 -7.750656082637135 277.9690074523715 -7.722504809273914 45.011445039341595 150.4506064149694 -999.0 6231.0 -999.0 -1 -999 {-999.0 -999.0 -999.0 -999.0 -999.0} "" -999.0 -999.0 -999.0 -999.0 -999 -999 "" "" "" "" 0 0 0.0 0.0 -999 ""
FIBERMAP 630 R+11C4 APOGEE 1 1 0 1 0 0 -86.62336806339982 215.94078733737243 143.1 24.396667205360238 231.3530414393274 21.725004 105.26636 278.59817504882807 -7.420499410524059 -999.0 -999.0 -999.0 278.5981528829855 -7.420512789472397 278.6160335121993 -7.390939073069531 45.03906821406357 149.42978281399112 16000.0 16600.0 2015.5 2 26 {-999.0 -999.0 -999.0 -999.0 -999.0} "" -999.0 -999.0 -999.0 -999.0 27021603148731124 848996030 "" ops_sky_apogee_good ops_sky sky_apogee 0 0 0.0 0.0 -999 ""
FIBERMAP 630 R+11C4 BOSS 0 0 0 1 0 0 -86.18722827129154 215.3387916188401 143.1 24.50069443058941 230.61707539808882 21.725004 105.26636 -999.0 -999.0 -999.0 -999.0 -999.0 278.5987169216616 -7.423962278191826 278.6165173612391 -7.3942016764065706 45.035917654476094 149.43116124232364 -999.0 5400.0 -999.0 1 145 {-999.0 -999.0 -999.0 -999.0 -999.0} "" -999.0 -999.0 -999.0 -999.0 -999 -999 "" "" "" "" 0 0 0.0 0.0 -999 ""
FIBERMAP 630 R+11C4 METROLOGY 0 0 0 1 0 0 -86.91756165802562 215.2483248760502 143.1 23.81290934257261 230.87856469807522 21.725004 105.26636 -999.0 -999.0 -999.0 -999.0 -999.0 278.59554899931794 -7.422734704818205 278.61337268553376 -7.393035065640874 45.03831498353603 149.43443108797948 -999.0 6231.0 -999.0 -1 -999 {-999.0 -999.0 -999.0 -999.0 -999.0} "" -999.0 -999.0 -999.0 -999.0 -999 -999 "" "" "" "" 0 0 0.0 0.0 -999 ""
FIBERMAP 631 R-5C16 APOGEE 1 1 0 1 0 0 104.76534017168578 -105.17815211828312 143.1 43.42163314006104 -141.93955209525538 252.45157 153.29097 278.6823521588812 -9.114970302303847 0.8196696 -0.67162484 0.49987474 278.6823557379836 -9.114977584699593 278.7044681568436 -9.084427655799425 43.46989663518218 150.32742858154245 16000.0 16600.0 2016.0 2 202 {-999.0 14.80715 12.986292 11.80823 -999.0} sdss_psfmag_gaia 13.894587 12.500607 11.359848 8.515 63050395541562584 1154740882 bright_1x1 mwm_galactic_core_dist_apogee_sparse mwm_galactic science 0 0 0.0 0.0 -999 ""
FIBERMAP 631 R-5C16 BOSS 0 0 0 1 0 0 104.25199248310865 -105.71910595331912 143.1 42.715014011785456 -142.17766187571758 252.45157 153.29097 -999.0 -999.0 -999.0 -999.0 -999.0 278.67920719053734 -9.116303698893992 278.70123232973594 -9.085566233564991 43.47021104620231 150.33208239249626 -999.0 5400.0 -999.0 1 304 {-999.0 -999.0 -999.0 -999.0 -999.0} "" -999.0 -999.0 -999.0 -999.0 -999 -999 "" "" "" "" 0 0 0.0 0.0 -999 ""
FIBERMAP 631 R-5C16 METROLOGY 0 0 0 1 0 0 104.0360490103327 -105.01098993356999 143.1 42.85521622372367 -141.45085009537465 252.45157 153.29097 -999.0 -999.0 -999.0 -999.0 -999.0 278.67983418622475 -9.112945740965172 278.7018766421942 -9.08226349504237 43.47293785493351 150.3293690602371 -999.0 6231.0 -999.0 -1 -999 {-999.0 -999.0 -999.0 -999.0 -999.0} "" -999.0 -999.0 -999.0 -999.0 -999 -999 "" "" "" "" 0 0 0.0 0.0 -999 ""
FIBERMAP 635 R+9C12 APOGEE 1 1 0 1 0 0 59.93395737126534 190.2440892266716 143.1 141.91455242417868 140.12287215889592 96.068085 93.02573 279.13586117587374 -7.8340015293007985 0.5100675 -1.458252 0.39994347 279.13585944514745 -7.834002803021447 279.1545712483391 -7.802838394283133 44.436252360127554 149.0045711729482 16000.0 16600.0 2016.0 2 25 {-999.0 23.761517 22.153112 17.96477 -999.0} sdss_psfmag_ps1 21.935984 17.440607 15.701689 8.658 63050395541773679 1153932591 bright_1x1 mwm_galactic_core_dist_apogee_sparse mwm_galactic science 0 0 0.0 0.0 -999 ""
FIBERMAP 635 R+9C12 BOSS 0 0 0 1 0 0 60.66943668833453 190.36655184886314 143.1 142.62184439210466 139.887255918344 96.068085 93.02573 -999.0 -999.0 -999.0 -999.0 -999.0 279.13921754678813 -7.83523720027261 279.1578393014298 -7.803876234620613 44.4339036809611 149.00112814174994 -999.0 5400.0 -999.0 1 140 {-999.0 -999.0 -999.0 -999.0 -999.0} "" -999.0 -999.0 -999.0 -999.0 -999 -999 "" "" "" "" 0 0 0.0 0.0 -999 ""
FIBERMAP 635 R+9C12 METROLOGY 0 0 0 1 0 0 60.41359626902109 189.66809185768648 143.1 142.0691802114009 139.38954745715245 96.068085 93.02573 -999.0 -999.0 -999.0 -999.0 -999.0 279.13667027393853 -7.83742838904426 279.15532454500504 -7.806126176143357 44.43296904530643 149.00564355174862 -999.0 6231.0 -999.0 -1 -999 {-999.0 -999.0 -999.0 -999.0 -999.0} "" -999.0 -999.0 -999.0 -999.0 -999 -999 "" "" "" "" 0 0 0.0 0.0 -999 ""
FIBERMAP 637 R-13C10 APOGEE 1 1 0 1 0 0 72.17478337466912 -265.82447204487215 143.1 -60.48843521983339 -268.6866756159464 21.280315 41.247154 278.2034848762494 -9.68320902842688 1.2876011 -0.87571484 0.70421845 278.2035041141601 -9.683192096664076 278.22724509925825 -9.653639498292502 43.14813062885829 151.24126617129215 16000.0 16600.0 2016.0 2 181 {-999.0 13.028459 12.257304 11.8217 -999.0} sdss_psfmag_from_g3xp 12.792422 12.203025 11.452684 10.331 63050395540981022 975042479 "" ops_std_apogee ops_std standard_apogee 0 0 0.0 0.0 -999 ""
FIBERMAP 637 R-13C10 BOSS 0 0 0 1 0 0 71.80702916414302 -266.4737165842476 143.1 -61.117002800139815 -269.0885639388672 21.280315 41.247154 -999.0 -999.0 -999.0 -999.0 -999.0 278.20071515217313 -9.685156212744566 278.22437162584595 -9.655411518399983 43.14767710221487 151.2458035594111 -999.0 5400.0 -999.0 1 335 {-999.0 -999.0 -999.0 -999.0 -999.0} "" -999.0 -999.0 -999.0 -999.0 -999 -999 "" "" "" "" 0 0 0.0 0.0 -999 ""
FIBERMAP 637 R-13C10 METROLOGY 0 0 0 1 0 0 71.4283124905637 -265.83702921973475 143.1 -61.15405871292162 -268.34878294233545 21.280315 41.247154 -999.0 -999.0 -999.0 -999.0 -999.0 278.20051849648536 -9.681806368044544 278.22419223917905 -9.652120014583208 43.15075131242433 151.2441733926961 -999.0 6231.0 -999.0 -1 -999 {-999.0 -999.0 -999.0 -999.0 -999.0} "" -999.0 -999.0 -999.0 -999.0 -999 -999 "" "" "" "" 0 0 0.0 0.0 -999 ""
FIBERMAP 640 R-5C17 APOGEE 0 0 0 1 0 0 134.47668417273354 -85.48718468702818 143.1 78.88733336416371 -138.42678807554162 67.972336 91.66526 -999.0 -999.0 -999.0 -999.0 -999.0 278.8455970257225 -9.099105135758542 278.8676040622152 -9.068133775910939 43.41653380415524 150.11688134287613 -999.0 16600.0 -999.0 2 -999 {-999.0 -999.0 -999.0 -999.0 -999.0} "" -999.0 -999.0 -999.0 -999.0 -999 -999 "" "" "" "" 0 0 0.0 0.0 -999 ""
FIBERMAP 640 R-5C17 BOSS 1 1 0 1 0 0 135.19501038696976 -85.747068179478 143.1 79.40070994990931 -138.99231352554904 67.972336 91.66526 278.84808744095 -9.10192365181107 1.1944978 -0.95385045 0.57018584 278.84806893657026 -9.101910925473916 278.86998938632064 -9.070736484162056 43.413177592384976 150.1154651053157 5400.0 5400.0 2016.0 1 300 {-999.0 17.78606 16.631561 16.04485 -999.0} sdss_psfmag_ps1 17.365267 16.519892 15.610625 13.948 63050395541561007 981886121 "" ops_std_boss_tic ops_std standard_boss 0 0 0.0 0.0 -999 ""
FIBERMAP 640 R-5C17 METROLOGY 0 0 0 1 0 0 134.62164110160845 -86.21906546234814 143.1 78.67328064321032 -139.141416115778 67.972336 91.66526 -999.0 -999.0 -999.0 -999.0 -999.0 278.8446898767051 -9.102522921952678 278.86663949776363 -9.071412422520154 43.41396891411149 150.1199836222394 -999.0 6231.0 -999.0 -1 -999 {-999.0 -999.0 -999.0 -999.0 -999.0} "" -999.0 -999.0 -999.0 -999.0 -999 -999 "" "" "" "" 0 0 0.0 0.0 -999 ""
FIBERMAP 641 R-8C16 APOGEE 0 0 0 1 0 0 123.16966632970744 -167.67017092240636 143.1 30.471560918076456 -205.776236835894 253.19934 89.28461 -999.0 -999.0 -999.0 -999.0 -999.0 278.6217976856428 -9.40317666319153 278.64466214058154 -9.372653768472954 43.233151927039934 150.5676446400391 -999.0 16600.0 -999.0 2 -999 {-999.0 -999.0 -999.0 -999.0 -999.0} "" -999.0 -999.0 -999.0 -999.0 -999 -999 "" "" "" "" 0 0 0.0 0.0 -999 ""
FIBERMAP 641 R-8C16 BOSS 1 1 0 1 0 0 122.44451616928433 -167.4493761820052 143.1 29.933878303701544 -205.24206882487601 253.19934 89.28461 278.61942113916416 -9.400962796127656 0.12184957 -8.006072 0.64790887 278.6194319461607 -9.40101534404474 278.6421997804475 -9.3703025862524 43.236304436708544 150.56932132194515 5400.0 5400.0 2016.0 1 307 {-999.0 17.20049 15.908575 15.168425 -999.0} sdss_psfmag_ps1 16.626408 15.617415 14.585646 12.386 63050395541534436 916936209 bright_3x1 mwm_yso_disk_boss mwm_yso science 0 0 0.0 0.0 -999 ""
FIBERMAP 641 R-8C16 METROLOGY 0 0 0 1 0 0 122.99765739047332 -166.94417167630803 143.1 30.658954542578883 -205.05415967053327 253.19934 89.28461 -999.0 -999.0 -999.0 -999.0 -999.0 278.62274194214604 -9.400108020566275 278.64553224547444 -9.369442833451789 43.23570813976284 150.5647287994666 -999.0 6231.0 -999.0 -1 -999 {-999.0 -999.0 -999.0 -999.0 -999.0} "" -999.0 -999.0 -999.0 -999.0 -999 -999 "" "" "" "" 0 0 0.0 0.0 -999 ""
FIBERMAP 647 R-6C1 APOGEE 1 0 1 1 0 0 -223.5512058586183 -108.75898875868839 143.1 -248.42822650523055 8.390592920136942 10.00978 170.09499 277.3660272773774 -8.38396477573613 -3.8361418 -9.108737 0.35719803 277.34678349075125 -8.426336042652808 277.36767196044946 -8.399603761891685 44.6391873250053 151.60845794930538 16000.0 16600.0 2016.0 2 261 {-999.0 23.931158 20.136797 17.386505 -999.0} sdss_psfmag_ps1 21.568592 17.599205 15.993199 10.577 63050395541876953 1153933508 bright_1x1 mwm_galactic_core_dist_apogee_sparse mwm_galactic science 0 0 0.0 0.0 -999 ""
FIBERMAP 647 R-6C1 BOSS 0 0 1 1 0 0 -222.81371325609075 -108.71579019504959 143.1 -247.75621277607658 8.083979538166853 10.00978 170.09499 -999.0 -999.0 -999.0 -999.0 -999.0 277.3498707594782 -8.427928461253202 277.3706776529435 -8.400998318051407 44.63670992127655 151.60542789161482 -999.0 5400.0 -999.0 1 499 {-999.0 -999.0 -999.0 -999.0 -999.0} "" -999.0 -999.0 -999.0 -999.0 -999 -999 "" "" "" "" 0 0 0.0 0.0 -999 ""
FIBERMAP 647 R-6C1 METROLOGY 0 0 1 1 0 0 -223.11169323549709 -109.39480879094458 143.1 -248.33703186216655 7.623155093108969 10.00978 170.09499 -999.0 -999.0 -999.0 -999.0 -999.0 277.3472176934572 -8.429948816396418 277.36805463860696 -8.403078312311242 44.63585619313545 151.60994481953145 -999.0 6231.0 -999.0 -1 -999 {-999.0 -999.0 -999.0 -999.0 -999.0} "" -999.0 -999.0 -999.0 -999.0 -999 -999 "" "" "" "" 0 0 0.0 0.0 -999 ""
FIBERMAP 648 R+10C6 APOGEE 0 0 0 1 0 0 -50.661136535515595 185.05155737818762 143.1 41.73976232481693 187.23912797872427 15.122074 66.902275 -999.0 -999.0 -999.0 -999.0 -999.0 278.6773582554041 -7.619115686162202 278.69570746916185 -7.589247620743896 44.82608112206433 149.44990095034814 -999.0 16600.0 -999.0 2 -999 {-999.0 -999.0 -999.0 -999.0 -999.0} "" -999.0 -999.0 -999.0 -999.0 -999 -999 "" "" "" "" 0 0 0.0 0.0 -999 ""
FIBERMAP 648 R+10C6 BOSS 1 1 0 1 0 0 -50.777309078075795 184.28524551975073 143.1 41.27881849224216 186.61615234418005 15.122074 66.902275 278.67532922485645 -7.622065116171262 -0.0735513 -2.836853 0.5255105 278.6753465953677 -7.622051052362393 278.6936146355139 -7.592001701147068 44.82449063542737 149.45421421092107 5400.0 5400.0 2016.0 1 119 {-999.0 17.295845 16.243673 15.616914 -999.0} sdss_psfmag_ps1 16.89804 16.128206 15.253767 -999.0 63050395542003377 981886420 "" ops_std_boss_tic ops_std standard_boss 0 0 0.0 0.0 -999 ""
FIBERMAP 648 R+10C6 METROLOGY 0 0 0 1 0 0 -51.35083760919141 184.766997350281 143.1 40.997146506987235 187.31007549699473 15.122074 66.902275 -999.0 -999.0 -999.0 -999.0 -999.0 278.6740305602955 -7.618874955019043 278.6923164447575 -7.588882965305864 44.827859422170356 149.45395544442528 -999.0 6231.0 -999.0 -1 -999 {-999.0 -999.0 -999.0 -999.0 -999.0} "" -999.0 -999.0 -999.0 -999.0 -999 -999 "" "" "" "" 0 0 0.0 0.0 -999 ""
FIBERMAP 650 R-2C1 APOGEE 1 1 0 1 0 0 -262.1473737310854 -43.83905556814591 143.1 -252.1891912942646 83.81325620979698 267.04208 160.86295 277.3325275725437 -8.08505140121197 -3.467736 -3.9393134 0.09523529 277.33255961914716 -8.085037375424125 277.3525894988285 -8.05849308670774 44.95709731595928 151.4329348784578 16000.0 16600.0 2016.0 2 275 {-999.0 25.454662 30.037947 18.270046 -999.0} sdss_psfmag_gaia 22.588602 18.028769 16.2927 10.643 63050395545366116 1154742728 bright_1x1 mwm_galactic_core_dist_apogee_sparse mwm_galactic science 0 0 0.0 0.0 -999 ""
FIBERMAP 650 R-2C1 BOSS 0 0 0 1 0 0 -262.4192616115216 -44.53604991227697 143.1 -252.7553534680199 83.32434566081933 267.04208 160.86295 -999.0 -999.0 -999.0 -999.0 -999.0 277.330063042874 -8.087428635318318 277.35001607492444 -8.060703061114616 44.95611245359694 151.43749352432678 -999.0 5400.0 -999.0 1 426 {-999.0 -999.0 -999.0 -999.0 -999.0} "" -999.0 -999.0 -999.0 -999.0 -999 -999 "" "" "" "" 0 0 0.0 0.0 -999 ""
FIBERMAP 650 R-2C1 METROLOGY 0 0 0 1 0 0 -262.8844146287966 -43.95727477918292 143.1 -252.89587954743467 84.05335297321045 267.04208 160.86295 -999.0 -999.0 -999.0 -999.0 -999.0 277.3294436835954 -8.084083308618439 277.34941224336535 -8.057413780684378 44.95936112337424 151.43637814178572 -999.0 6231.0 -999.0 -1 -999 {-999.0 -999.0 -999.0 -999.0 -999.0} "" -999.0 -999.0 -999.0 -999.0 -999 -999 "" "" "" "" 0 0 0.0 0.0 -999 ""
FIBERMAP 654 R+12C14 APOGEE 1 1 0 1 0 0 122.48541350211255 234.36567119067863 143.1 217.82713561077682 149.874672705712 160.82603 126.57715 279.4800544104013 -7.792108142326642 -0.18241477 -3.5390334 0.61637706 279.48046034255407 -7.792138666802197 279.49893262433733 -7.760089818326718 44.324538672343486 148.54955473137952 16000.0 16600.0 2016.0 2 91 {-999.0 13.926046 11.660766 9.622578 -999.0} sdss_psfmag_from_g3xp 12.795079 10.319914 8.933861 5.272 63050395604935386 1152313697 bright_1x1 mwm_galactic_core_dist_apogee_sparse mwm_galactic science 0 0 1.4459011554718018 0.0 -999 ""
FIBERMAP 654 R+12C14 BOSS 0 0 0 1 0 0 122.27461801130869 235.0767891399712 143.1 217.97329122551062 150.60173088751603 160.82603 126.57715 -999.0 -999.0 -999.0 -999.0 -999.0 279.48119676033616 -7.789053064815112 279.4995676595275 -7.756816329971313 44.3271951061934 148.54673984711147 -999.0 5400.0 -999.0 1 89 {-999.0 -999.0 -999.0 -999.0 -999.0} "" -999.0 -999.0 -999.0 -999.0 -999 -999 "" "" "" "" 0 0 0.0 0.0 -999 ""
FIBERMAP 654 R+12C14 METROLOGY 0 0 0 1 0 0 123.00629736764571 234.91070992468602 143.1 218.54232520957356 150.1128695154826 160.82603 126.57715 -999.0 -999.0 -999.0 -999.0 -999.0 279.4837543628153 -7.791222174494187 279.5021561358023 -7.759030852299281 44.32407377606857 148.54489619610615 -999.0 6231.0 -999.0 -1 -999 {-999.0 -999.0 -999.0 -999.0 -999.0} "" -999.0 -999.0 -999.0 -999.0 -999 -999 "" "" "" "" 0 0 0.0 0.0 -999 ""
FIBERMAP 660 R+8C18 APOGEE 0 0 0 1 0 0 169.14321703250175 145.90391043866785 143.1 217.70690232869495 49.876068640534704 226.39081 114.48587 -999.0 -999.0 -999.0 -999.0 -999.0 279.4820767437474 -8.244137581224228 279.5016803197122 -8.211883178586966 43.91791626869636 148.82388819146203 -999.0 16600.0 -999.0 2 -999 {-999.0 -999.0 -999.0 -999.0 -999.0} "" -999.0 -999.0 -999.0 -999.0 -999 -999 "" "" "" "" 0 0 0.0 0.0 -999 ""
FIBERMAP 660 R+8C18 BOSS 1 1 0 1 0 0 168.42587163892574 146.145102318047 143.1 217.1856538927972 50.424615342985064 226.39081 114.48587 279.4798278808593 -8.241814611982136 -999.0 -999.0 -999.0 279.47983940754176 -8.241827174841895 279.49934392842 -8.209389364729436 43.9211729634767 148.82524873495592 5400.0 5400.0 2015.5 1 239 {-999.0 -999.0 -999.0 -999.0 -999.0} "" -999.0 -999.0 -999.0 -999.0 27021603148725064 852783832 "" ops_sky_boss_fallback ops_sky sky_boss 0 0 0.0 0.0 -999 ""
FIBERMAP 660 R+8C18 METROLOGY 0 0 0 1 0 0 168.99750781811198 146.63564181380065 143.1 217.9202203099859 50.59091634606195 226.39081 114.48587 -999.0 -999.0 -999.0 -999.0 -999.0 279.48313430100876 -8.241029542277655 279.5026621837417 -8.208637384991977 43.92040383388099 148.82069468217068 -999.0 6231.0 -999.0 -1 -999 {-999.0 -999.0 -999.0 -999.0 -999.0} "" -999.0 -999.0 -999.0 -999.0 -999 -999 "" "" "" "" 0 0 0.0 0.0 -999 ""
FIBERMAP 661 R-11C8 APOGEE 1 1 0 1 0 0 1.766045259487127 -207.08773984254537 143.1 -95.25705616503325 -183.8558501548244 37.871517 105.65292 278.0439018402399 -9.301994941479219 -0.52436405 -3.049044 -0.06781013 278.0438977992505 -9.301985016574308 278.06673618014077 -9.273027108974448 43.5601913476997 151.22509143565782 16000.0 16600.0 2016.0 2 158 {-999.0 23.415218 23.366438 17.215223 -999.0} sdss_psfmag_gaia 20.910624 17.621635 15.916144 9.934 63050395541040180 1154740100 bright_1x1 mwm_galactic_core_dist_apogee_sparse mwm_galactic science 0 0 0.0 0.0 -999 ""
FIBERMAP 661 R-11C8 BOSS 0 0 0 1 0 0 2.3847742922343453 -207.50431363904445 143.1 -94.90496253562222 -184.5132992588589 37.871517 105.65292 -999.0 -999.0 -999.0 -999.0 -999.0 278.0455803972678 -9.305197448550587 278.06833706704776 -9.276037925133895 43.556797411256774 151.2248070196591 -999.0 5400.0 -999.0 1 360 {-999.0 -999.0 -999.0 -999.0 -999.0} "" -999.0 -999.0 -999.0 -999.0 -999 -999 "" "" "" "" 0 0 0.0 0.0 -999 ""
FIBERMAP 661 R-11C8 METROLOGY 0 0 0 1 0 0 1.709293165298286 -207.83234633483008 143.1 -95.65533474977435 -184.48742228139778 37.871517 105.65292 -999.0 -999.0 -999.0 -999.0 -999.0 278.04211592769724 -9.304991274844282 278.0648987255488 -9.275896421844651 43.55831814189468 151.22899760654747 -999.0 6231.0 -999.0 -1 -999 {-999.0 -999.0 -999.0 -999.0 -999.0} "" -999.0 -999.0 -999.0 -999.0 -999 -999 "" "" "" "" 0 0 0.0 0.0 -999 ""
FIBERMAP 663 R0C1 APOGEE 1 1 0 1 0 0 -305.7866263932694 -13.025724132603298 143.1 -276.35294585071665 131.44925958069732 266.4055 62.57354 277.2266348452337 -7.870453193353426 -1.3510325 -2.734007 0.10491789 277.2266613079968 -7.8704674762925295 277.2461875991054 -7.844295156721121 45.19562999855873 151.44619021562985 16000.0 16600.0 2016.0 2 277 {-999.0 23.218557 18.900345 16.555498 -999.0} sdss_psfmag_ps1 20.28692 16.839834 15.282604 10.218 63050395545419482 1153952904 bright_1x1 mwm_galactic_core_dist_apogee_sparse mwm_galactic science 0 0 0.0 0.0 -999 ""
FIBERMAP 663 R0C1 BOSS 0 0 0 1 0 0 -306.43178867266226 -12.65748819146228 143.1 -276.7510009338194 132.07634438490157 266.4055 62.57354 -999.0 -999.0 -999.0 -999.0 -999.0 277.2250373365239 -7.867856383069459 277.24447461591734 -7.841504218060117 45.198869399457706 151.44678436792057 -999.0 5400.0 -999.0 1 424 {-999.0 -999.0 -999.0 -999.0 -999.0} "" -999.0 -999.0 -999.0 -999.0 -999 -999 "" "" "" "" 0 0 0.0 0.0 -999 ""
FIBERMAP 663 R0C1 METROLOGY 0 0 0 1 0 0 -305.7961336015865 -12.269082964513634 143.1 -276.0076027028506 132.12244594303203 266.4055 62.57354 -999.0 -999.0 -999.0 -999.0 -999.0 277.22833987439196 -7.86758576156872 277.2477987662246 -7.841277541546488 45.19774044143472 151.44238250574998 -999.0 6231.0 -999.0 -1 -999 {-999.0 -999.0 -999.0 -999.0 -999.0} "" -999.0 -999.0 -999.0 -999.0 -999 -999 "" "" "" "" 0 0 0.0 0.0 -999 ""
FIBERMAP 664 R+7C5 APOGEE 1 1 0 1 0 0 -112.97358988933064 132.34216428294098 143.1 -37.97656823794765 169.78543050334446 325.79697 133.0959 278.3118237003574 -7.696942913274108 0.9734445 -2.5391638 0.3390583 278.3118358249929 -7.696917143075914 278.3305193997031 -7.667973380467393 44.909839627306816 149.95901296198537 16000.0 16600.0 2016.0 2 117 {-999.0 20.385105 17.474913 16.074621 -999.0} sdss_psfmag_ps1 18.711582 16.643347 15.297656 11.521 63050395542016337 1034658377 bright_1x1 mwm_yso_disk_apogee_single mwm_yso science 0 0 0.0 0.0 -999 ""
FIBERMAP 664 R+7C5 BOSS 0 0 0 1 0 0 -112.8666721959986 131.60967957150888 143.1 -38.22452349809951 169.08805284128402 325.79697 133.0959 -999.0 -999.0 -999.0 -999.0 -999.0 278.31076089187627 -7.700196896161169 278.3293653801184 -7.6710691561092235 44.907522747873685 149.9623315113786 -999.0 5400.0 -999.0 1 56 {-999.0 -999.0 -999.0 -999.0 -999.0} "" -999.0 -999.0 -999.0 -999.0 -999 -999 "" "" "" "" 0 0 0.0 0.0 -999 ""
FIBERMAP 664 R+7C5 METROLOGY 0 0 0 1 0 0 -113.55824771283301 131.8822125562935 143.1 -38.708343129364835 169.65225175966202 325.79697 133.0959 -999.0 -999.0 -999.0 -999.0 -999.0 278.3085316926129 -7.697601797649821 278.32715537103957 -7.668533582961563 44.910748493699856 149.963610761692 -999.0 6231.0 -999.0 -1 -999 {-999.0 -999.0 -999.0 -999.0 -999.0} "" -999.0 -999.0 -999.0 -999.0 -999 -999 "" "" "" "" 0 0 0.0 0.0 -999 ""
FIBERMAP 665 R-5C18 APOGEE 1 1 0 1 0 0 157.3886909490908 -107.90982827697121 143.1 88.65456894495468 -168.95642687115293 339.56927 93.97563 278.88994467301666 -9.237127085355798 -4.20379 -7.294591 -0.16375011 278.8899182873613 -9.23713327293097 278.9122555516468 -9.205982348287968 43.27300113043072 150.14238803557598 16000.0 16600.0 2016.0 2 220 {-999.0 23.478903 22.255806 19.921188 -999.0} sdss_psfmag_ps1 21.52726 19.785923 17.69386 9.908 63050395540434066 1153922099 bright_1x1 mwm_galactic_core_dist_apogee_sparse mwm_galactic science 0 0 0.0 0.0 -999 ""
FIBERMAP 665 R-5C18 BOSS 0 0 0 1 0 0 157.20019477243258 -108.62477767925422 143.1 88.1537164190472 -169.5001940258099 339.56927 93.97563 -999.0 -999.0 -999.0 -999.0 -999.0 278.88772389879114 -9.239834974596784 278.90997575119655 -9.208492274418049 43.27168239366342 150.14664901144224 -999.0 5400.0 -999.0 1 292 {-999.0 -999.0 -999.0 -999.0 -999.0} "" -999.0 -999.0 -999.0 -999.0 -999 -999 "" "" "" "" 0 0 0.0 0.0 -999 ""
FIBERMAP 665 R-5C18 METROLOGY 0 0 0 1 0 0 156.67212312406048 -108.09160231691197 143.1 87.9362621516893 -168.78207331820894 339.56927 93.97563 -999.0 -999.0 -999.0 -999.0 -999.0 278.8867087635041 -9.236529390640648 278.90897908318254 -9.205246518921715 43.27503907190511 150.14598241576462 -999.0 6231.0 -999.0 -1 -999 {-999.0 -999.0 -999.0 -999.0 -999.0} "" -999.0 -999.0 -999.0 -999.0 -999 -999 "" "" "" "" 0 0 0.0 0.0 -999 ""
FIBERMAP 667 R0C9 APOGEE 1 1 0 1 0 0 -129.08574991931565 0.9517594260036455 143.1 -113.64478403646802 61.19153606258094 205.03336 84.629036 277.96234130859375 -8.18881487782366 -999.0 -999.0 -999.0 277.9623368724061 -8.188807945009154 277.98239238757714 -8.160564634124317 44.607792150718836 150.6912083178687 16000.0 16600.0 2015.5 2 246 {-999.0 -999.0 -999.0 -999.0 -999.0} "" -999.0 -999.0 -999.0 -999.0 27021603148728461 848995653 "" ops_sky_apogee_good ops_sky sky_apogee 0 0 0.0 0.0 -999 ""
FIBERMAP 667 R0C9 BOSS 0 0 0 1 0 0 -129.35329422742467 1.6440433730891335 143.1 -113.55758998015496 61.92847948709435 205.03336 84.629036 -999.0 -999.0 -999.0 -999.0 -999.0 277.9627913630198 -8.185619827376003 277.98275174965175 -8.157188599569977 44.61071450086529 150.68878185253558 -999.0 5400.0 -999.0 1 492 {-999.0 -999.0 -999.0 -999.0 -999.0} "" -999.0 -999.0 -999.0 -999.0 -999 -999 "" "" "" "" 0 0 0.0 0.0 -999 ""
FIBERMAP 667 R0C9 METROLOGY 0 0 0 1 0 0 -128.61609798017344 1.5327402252656641 143.1 -112.95807102625817 61.48545153733107 205.03336 84.629036 -999.0 -999.0 -999.0 -999.0 -999.0 277.96551475654525 -8.187593160099064 277.9855037070078 -8.159207214861256 44.60774583144342 150.68648121177762 -999.0 6231.0 -999.0 -1 -999 {-999.0 -999.0 -999.0 -999.0 -999.0} "" -999.0 -999.0 -999.0 -999.0 -999 -999 "" "" "" "" 0 0 0.0 0.0 -999 ""
FIBERMAP 669 R+3C3 APOGEE 1 1 0 1 0 0 -211.8235576196746 47.35405530029759 143.1 -165.07680863577878 140.88493002190637 256.91876 136.28503 277.72980823086533 -7.827153859434193 -1.2945902 -2.6192052 0.13234356 277.72983607145085 -7.827159500374271 277.74906646070497 -7.799685490932008 45.03202689141193 150.77638375032757 16000.0 16600.0 2016.0 2 107 {-999.0 24.640102 21.143589 17.268042 -999.0} sdss_psfmag_ps1 21.344196 17.134693 15.441958 9.269 63050395541947953 1153934295 bright_1x1 mwm_galactic_core_dist_apogee_sparse mwm_galactic science 0 0 0.0 0.0 -999 ""
FIBERMAP 669 R+3C3 BOSS 0 0 0 1 0 0 -212.453177267025 46.96589099948293 143.1 -165.8147599450644 140.83621971190956 256.91876 136.28503 -999.0 -999.0 -999.0 -999.0 -999.0 277.72652711680485 -7.827539032280773 277.7456744522914 -7.7998880080544835 45.03323501672709 150.7808304388664 -999.0 5400.0 -999.0 1 59 {-999.0 -999.0 -999.0 -999.0 -999.0} "" -999.0 -999.0 -999.0 -999.0 -999 -999 "" "" "" "" 0 0 0.0 0.0 -999 ""
FIBERMAP 669 R+3C3 METROLOGY 0 0 0 1 0 0 -212.48819348294128 47.707969440867046 143.1 -165.4987707879091 141.5084611170322 256.91876 136.28503 -999.0 -999.0 -999.0 -999.0 -999.0 277.7279767454298 -7.824454959687266 277.74713991413233 -7.796854071742993 45.03539470529913 150.77718173298936 -999.0 6231.0 -999.0 -1 -999 {-999.0 -999.0 -999.0 -999.0 -999.0} "" -999.0 -999.0 -999.0 -999.0 -999 -999 "" "" "" "" 0 0 0.0 0.0 -999 ""
FIBERMAP 671 R+1C15 APOGEE 0 0 0 1 0 0 37.967521581823114 38.16360635660767 143.1 51.39910382626295 15.979482004888904 122.04935 61.264122 -999.0 -999.0 -999.0 -999.0 -999.0 278.72087858453045 -8.39670896511215 278.7411657259619 -8.366382506327467 44.10476723857454 149.86003933993138 -999.0 16600.0 -999.0 2 -999 {-999.0 -999.0 -999.0 -999.0 -999.0} "" -999.0 -999.0 -999.0 -999.0 -999 -999 "" "" "" "" 0 0 0.0 0.0 -999 ""
FIBERMAP 671 R+1C15 BOSS 1 1 0 1 0 0 38.732131466883814 38.224969297788576 143.1 52.103576835076495 15.676244921360208 122.04935 61.264122 278.72425694111433 -8.3982780836959 -0.18472001 -6.58503 0.5045557 278.72423807129286 -8.398279665709428 278.7444370134605 -8.367753263365906 44.102146322457294 149.85677802212953 5400.0 5400.0 2016.0 1 189 {-999.0 18.50117 16.53741 15.610004 -999.0} sdss_psfmag_ps1 17.574543 16.171522 15.026271 12.266 63050395541734623 916966112 bright_4x1 mwm_yso_disk_boss mwm_yso science 0 0 0.0 0.0 -999 ""
FIBERMAP 671 R+1C15 METROLOGY 0 0 0 1 0 0 38.39746089694265 37.553840691924634 143.1 51.49401827336082 15.239547513888716 122.04935 61.264122 -999.0 -999.0 -999.0 -999.0 -999.0 278.72139766606324 -8.400210888133834 278.74162832934326 -8.369745032160932 44.10153096124398 149.86146125125248 -999.0 6231.0 -999.0 -1 -999 {-999.0 -999.0 -999.0 -999.0 -999.0} "" -999.0 -999.0 -999.0 -999.0 -999 -999 "" "" "" "" 0 0 0.0 0.0 -999 ""
FIBERMAP 673 R-11C1 APOGEE 1 1 0 1 0 0 -161.3933939992071 -233.66165956629786 143.1 -251.8860034616994 -131.06213535186913 351.83536 36.41526 277.32987446233375 -9.0565489929289 -1.3526821 -4.756077 -0.21822798 277.3298593515281 -9.05658300732592 277.35235231135533 -9.029613290462882 44.068429556094216 151.98210182913576 16000.0 16600.0 2016.0 2 271 {-999.0 23.594076 22.264994 18.19928 -999.0} sdss_psfmag_gaia 21.290668 18.815632 17.012585 9.863 63050395541375200 1154740491 bright_1x1 mwm_galactic_core_dist_apogee_sparse mwm_galactic science 0 0 0.0 0.0 -999 ""
FIBERMAP 673 R-11C1 BOSS 0 0 0 1 0 0 -162.0474862966238 -234.02405372822736 143.1 -252.63353632313758 -131.07662777501588 351.83536 36.41526 -999.0 -999.0 -999.0 -999.0 -999.0 277.3265840235309 -9.05679205852058 277.34899340546536 -9.029637641008152 44.06973391960248 151.98634701914216 -999.0 5400.0 -999.0 1 421 {-999.0 -999.0 -999.0 -999.0 -999.0} "" -999.0 -999.0 -999.0 -999.0 -999 -999 "" "" "" "" 0 0 0.0 0.0 -999 ""
FIBERMAP 673 R-11C1 METROLOGY 0 0 0 1 0 0 -162.03667611552697 -233.2743219919334 143.1 -252.27346638058384 -130.41904698329495 351.83536 36.41526 -999.0 -999.0 -999.0 -999.0 -999.0 277.32817788497465 -9.053798172982502 277.35060324563864 -9.026695685190287 44.071794523032025 151.98268126155637 -999.0 6231.0 -999.0 -1 -999 {-999.0 -999.0 -999.0 -999.0 -999.0} "" -999.0 -999.0 -999.0 -999.0 -999 -999 "" "" "" "" 0 0 0.0 0.0 -999 ""
FIBERMAP 674 R+4C1 APOGEE 1 1 0 1 0 0 -234.6441528872264 68.65379023186156 143.1 -175.288235823471 170.37937255267732 335.53345 104.60635 277.68478486612446 -7.694178968122528 -2.9169943 -6.920938 0.2860931 277.68476917632415 -7.694208100691881 277.7036808854361 -7.666910395451331 45.17150105368691 150.75641153088327 16000.0 16600.0 2016.0 2 144 {-999.0 26.317797 20.25679 17.486938 -999.0} sdss_psfmag_ps1 21.244202 17.439611 15.83307 10.236 63050395545497838 1153953703 bright_1x1 mwm_galactic_core_dist_apogee_sparse mwm_galactic science 0 0 0.0 0.0 -999 ""
FIBERMAP 674 R+4C1 BOSS 0 0 0 1 0 0 -234.77508216324009 67.93134061410242 143.1 -175.74171555388327 169.80206273399378 335.53345 104.60635 -999.0 -999.0 -999.0 -999.0 -999.0 277.68274716190973 -7.696977452550501 277.7015817661168 -7.669499207727216 45.170007313263156 150.76061897490146 -999.0 5400.0 -999.0 1 2 {-999.0 -999.0 -999.0 -999.0 -999.0} "" -999.0 -999.0 -999.0 -999.0 -999 -999 "" "" "" "" 0 0 0.0 0.0 -999 ""
FIBERMAP 674 R+4C1 METROLOGY 0 0 0 1 0 0 -235.35058760283505 68.41298625365917 143.1 -176.0251844350756 170.49681627903746 335.53345 104.60635 -999.0 -999.0 -999.0 -999.0 -999.0 277.68147590367164 -7.693804892344927 277.7003270268978 -7.666383705819167 45.17335802221907 150.7603927210027 -999.0 6231.0 -999.0 -1 -999 {-999.0 -999.0 -999.0 -999.0 -999.0} "" -999.0 -999.0 -999.0 -999.0 -999 -999 "" "" "" "" 0 0 0.0 0.0 -999 ""
FIBERMAP 675 R-1C20 APOGEE 1 1 0 1 0 0 124.76749646066934 -24.202972103267626 143.1 98.95774743955279 -79.72276052436612 256.13593 36.488834 278.93876526749983 -8.832613241752684 -7.6000853 -7.831396 0.1540247 278.93874701693534 -8.832676186787998 278.96004550804815 -8.80158156256055 43.618822315380505 149.84641086864224 16000.0 16600.0 2016.0 2 227 {-999.0 -999.0 -999.0 -999.0 -999.0} "" -999.0 19.975828 -999.0 9.329 63050395541580500 1151527135 bright_1x1 mwm_galactic_core_dist_apogee_sparse mwm_galactic science 0 0 0.0 0.0 -999 ""
FIBERMAP 675 R-1C20 BOSS 0 0 0 1 0 0 124.44980198639864 -23.526128557613575 143.1 98.99339859863893 -78.97601750402104 256.13593 36.488834 -999.0 -999.0 -999.0 -999.0 -999.0 278.9390561382945 -8.82951048929577 278.96025391952907 -8.7982229152298 43.62177064978334 149.84417058075135 -999.0 5400.0 -999.0 1 271 {-999.0 -999.0 -999.0 -999.0 -999.0} "" -999.0 -999.0 -999.0 -999.0 -999 -999 "" "" "" "" 0 0 0.0 0.0 -999 ""
FIBERMAP 675 R-1C20 METROLOGY 0 0 0 1 0 0 125.20781060358645 -23.59557795387216 143.1 99.6308796544807 -79.39178411422718 256.13593 36.488834 -999.0 -999.0 -999.0 -999.0 -999.0 278.94194641485063 -8.831338748280782 278.96317387994054 -8.800097604506483 43.6188423769397 149.84167406001015 -999.0 6231.0 -999.0 -1 -999 {-999.0 -999.0 -999.0 -999.0 -999.0} "" -999.0 -999.0 -999.0 -999.0 -999 -999 "" "" "" "" 0 0 0.0 0.0 -999 ""
FIBERMAP 676 R-9C12 APOGEE 1 1 0 1 0 0 39.71403801289055 -174.34579028176952 143.1 -46.4099527598433 -172.65905645995778 200.93831 92.889305 278.2684295170877 -9.25280265302332 -0.6375503 -2.745406 0.4322006 278.2684201638798 -9.252825703013617 278.2910454712826 -9.223300220946259 43.514262616460705 150.9185602126559 16000.0 16600.0 2016.0 2 152 {-999.0 19.036844 16.467314 15.165677 -999.0} sdss_psfmag_ps1 17.641115 15.745687 14.4279175 10.745 63050395541549282 1153931675 bright_1x1 mwm_galactic_core_dist_apogee_sparse mwm_galactic science 0 0 0.0 0.0 -999 ""
FIBERMAP 676 R-9C12 BOSS 0 0 0 1 0 0 39.409546827876966 -173.6577795682364 143.1 -46.3574112591657 -171.90861639037752 200.93831 92.889305 -999.0 -999.0 -999.0 -999.0 -999.0 278.2687418217865 -9.249686879881823 278.29126890689776 -9.219966373299588 43.517205898501935 150.91637977005445 -999.0 5400.0 -999.0 1 368 {-999.0 -999.0 -999.0 -999.0 -999.0} "" -999.0 -999.0 -999.0 -999.0 -999 -999 "" "" "" "" 0 0 0.0 0.0 -999 ""
FIBERMAP 676 R-9C12 METROLOGY 0 0 0 1 0 0 40.15560683287474 -173.73542055988997 143.1 -45.734320481070654 -172.32603674035332 200.93831 92.889305 -999.0 -999.0 -999.0 -999.0 -999.0 278.27158331085815 -9.251520028994307 278.2941394453598 -9.22184664215813 43.514321074380526 150.91389702760802 -999.0 6231.0 -999.0 -1 -999 {-999.0 -999.0 -999.0 -999.0 -999.0} "" -999.0 -999.0 -999.0 -999.0 -999 -999 "" "" "" "" 0 0 0.0 0.0 -999 ""
FIBERMAP 677 R-11C3 APOGEE 1 1 0 1 0 0 -109.1913752393286 -229.78705808315348 143.1 -203.93687738334657 -152.04320749720233 16.49853 33.63407 277.5471069325718 -9.15378980954341 -1.8536036 -0.45916477 -0.020911997 277.54712126773944 -9.153795544486353 277.56977754992 -9.126210779527273 43.89376536479356 151.76271737746603 16000.0 16600.0 2016.0 2 206 {-999.0 24.371305 26.421127 19.68254 -999.0} sdss_psfmag_ps1 22.12208 19.012259 17.217028 9.734 63050395541055838 1153927179 bright_1x1 mwm_galactic_core_dist_apogee_sparse mwm_galactic science 0 0 0.0 0.0 -999 ""
FIBERMAP 677 R-11C3 BOSS 0 0 0 1 0 0 -109.63923131131287 -230.37639897767997 143.1 -204.60823509323862 -152.35470190116553 16.49853 33.63407 -999.0 -999.0 -999.0 -999.0 -999.0 277.54414583679915 -9.155367164130796 277.56672070585614 -9.127595381054316 43.89371417231049 151.76732474615176 -999.0 5400.0 -999.0 1 338 {-999.0 -999.0 -999.0 -999.0 -999.0} "" -999.0 -999.0 -999.0 -999.0 -999 -999 "" "" "" "" 0 0 0.0 0.0 -999 ""
FIBERMAP 677 R-11C3 METROLOGY 0 0 0 1 0 0 -109.92879676295138 -229.69763195463779 143.1 -204.54682341654603 -151.61940977385788 16.49853 33.63407 -999.0 -999.0 -999.0 -999.0 -999.0 277.54439789590964 -9.152000464523692 277.5669886556018 -9.124284574180953 43.89663778530352 151.7651376451394 -999.0 6231.0 -999.0 -1 -999 {-999.0 -999.0 -999.0 -999.0 -999.0} "" -999.0 -999.0 -999.0 -999.0 -999 -999 "" "" "" "" 0 0 0.0 0.0 -999 ""
FIBERMAP 678 R+11C16 APOGEE 1 1 0 1 0 0 176.47069395348421 206.8309948078645 143.1 252.66785259213898 100.29945150715359 303.61572 135.79277 279.6391358293816 -8.016632912638697 -4.3470373 -5.751161 0.50759107 279.63912932663266 -8.016659556492378 279.65810081445363 -7.984095266106908 44.05385262559759 148.49093502055734 16000.0 16600.0 2016.0 2 58 {-999.0 24.878687 24.146753 20.69567 -999.0} sdss_psfmag_ps1 21.23697 18.742426 16.834368 7.817 63050395604809733 1153990781 bright_1x1 mwm_galactic_core_dist_apogee_sparse mwm_galactic science 0 0 0.0 0.0 -999 ""
FIBERMAP 678 R+11C16 BOSS 0 0 0 1 0 0 176.3361174632186 206.09278010530113 143.1 252.2037788337242 99.70991319707987 303.61572 135.79277 -999.0 -999.0 -999.0 -999.0 -999.0 279.6371528081257 -8.019497084324732 279.65603766805106 -7.986747676336177 44.052382308730856 148.49512033738043 -999.0 5400.0 -999.0 1 171 {-999.0 -999.0 -999.0 -999.0 -999.0} "" -999.0 -999.0 -999.0 -999.0 -999 -999 "" "" "" "" 0 0 0.0 0.0 -999 ""
FIBERMAP 678 R+11C16 METROLOGY 0 0 0 1 0 0 175.7684666870715 206.57581900971178 143.1 251.92790351430574 100.40222592743719 303.61572 135.79277 -999.0 -999.0 -999.0 -999.0 -999.0 279.6358624744665 -8.016313310395978 279.6547666725707 -7.983622288388722 44.055741669949306 148.49476018200232 -999.0 6231.0 -999.0 -1 -999 {-999.0 -999.0 -999.0 -999.0 -999.0} "" -999.0 -999.0 -999.0 -999.0 -999 -999 "" "" "" "" 0 0 0.0 0.0 -999 ""
FIBERMAP 681 R+6C17 APOGEE 1 1 0 1 0 0 145.89227921438228 101.84111457918327 143.1 176.55674758638798 21.8023938202666 348.10837 71.177315 279.2949659461461 -8.371201724095478 -0.25296733 -3.2898374 0.34576634 279.2950051603944 -8.371198204867696 279.31500179962325 -8.339377249143299 43.88419725657756 149.1318683155952 16000.0 16600.0 2016.0 2 71 {-999.0 24.043674 22.480328 18.909945 -999.0} sdss_psfmag_gaia 21.94722 19.56795 17.878244 10.797 63050395541705916 1154741180 bright_1x1 mwm_galactic_core_dist_apogee_sparse mwm_galactic science 0 0 0.0 0.0 -999 ""
FIBERMAP 681 R+6C17 BOSS 0 0 0 1 0 0 145.50458827641606 101.21517314277 143.1 175.92145404273168 21.430422305227708 348.10837 71.177315 -999.0 -999.0 -999.0 -999.0 -999.0 279.2922554097553 -8.373068835409986 279.3121643431385 -8.341063301786033 43.88390397783131 149.1363937433262 -999.0 5400.0 -999.0 1 207 {-999.0 -999.0 -999.0 -999.0 -999.0} "" -999.0 -999.0 -999.0 -999.0 -999 -999 "" "" "" "" 0 0 0.0 0.0 -999 ""
FIBERMAP 681 R+6C17 METROLOGY 0 0 0 1 0 0 145.13914455292326 101.85920723748441 143.1 175.8995639036565 22.17049116878859 348.10837 71.177315 -999.0 -999.0 -999.0 -999.0 -999.0 279.29211722111313 -8.369653290176865 279.3120441382512 -8.33770378197266 43.886979235399075 149.13450997202284 -999.0 6231.0 -999.0 -1 -999 {-999.0 -999.0 -999.0 -999.0 -999.0} "" -999.0 -999.0 -999.0 -999.0 -999 -999 "" "" "" "" 0 0 0.0 0.0 -999 ""
FIBERMAP 683 R-1C25 APOGEE 0 0 0 1 0 0 266.30829694175577 -25.50109582619525 143.1 223.4487358395702 -147.04342543803162 304.55264 137.1903 -999.0 -999.0 -999.0 -999.0 -999.0 279.5061272967325 -9.135574460664667 279.5279582104218 -9.102852475806584 43.105210928672214 149.32867228773048 -999.0 16600.0 -999.0 2 -999 {-999.0 -999.0 -999.0 -999.0 -999.0} "" -999.0 -999.0 -999.0 -999.0 -999 -999 "" "" "" "" 0 0 0.0 0.0 -999 ""
FIBERMAP 683 R-1C25 BOSS 1 1 0 1 0 0 266.195641814777 -26.250473571696634 143.1 222.99881786074943 -147.65307867636773 304.55264 137.1903 279.5041644147083 -9.138558936777661 0.78688633 -2.287746 0.2642018 279.504169728302 -9.138534451579401 279.52591297220164 -9.105619860160127 43.10359551726253 149.33281017825362 5400.0 5400.0 2016.0 1 261 {-999.0 15.598312 14.727258 14.124822 -999.0} sdss_psfmag_from_g3xp 15.270152 14.709905 13.696122 11.968 63050395540634182 1093189100 bright_3x1 mwm_astar_core_boss mwm_ob science 0 0 0.0 0.0 -999 ""
FIBERMAP 683 R-1C25 METROLOGY 0 0 0 1 0 0 265.6158838870336 -25.77899174585243 143.1 222.70683870661554 -146.96532007743943 304.55264 137.1903 -999.0 -999.0 -999.0 -999.0 -999.0 279.50283968998076 -9.135390371334216 279.52460276671934 -9.102536384689973 43.106934855556915 149.3325717561269 -999.0 6231.0 -999.0 -1 -999 {-999.0 -999.0 -999.0 -999.0 -999.0} "" -999.0 -999.0 -999.0 -999.0 -999 -999 "" "" "" "" 0 0 0.0 0.0 -999 ""
FIBERMAP 685 R+6C6 APOGEE 0 0 0 1 0 0 -125.34741374670729 119.6833082649265 143.1 -54.83120015307595 164.38219099202493 168.01118 114.03718 -999.0 -999.0 -999.0 -999.0 -999.0 278.23447736336806 -7.721209439799685 278.25325130039187 -7.692457921788168 44.920137106645726 150.07160400134566 -999.0 16600.0 -999.0 2 -999 {-999.0 -999.0 -999.0 -999.0 -999.0} "" -999.0 -999.0 -999.0 -999.0 -999 -999 "" "" "" "" 0 0 0.0 0.0 -999 ""
FIBERMAP 685 R+6C6 BOSS 1 1 0 1 0 0 -125.47859165160546 120.51744820577512 143.1 -54.55716078620539 165.18075667837738 168.01118 114.03718 278.2354416928667 -7.717710145709502 0.6602136 -0.7797878 0.44990864 278.23582043503006 -7.717734499085335 278.2544976932602 -7.68879559086057 44.92293210379647 150.0678338906877 5400.0 5400.0 2016.0 1 55 {-999.0 13.177402 12.176638 11.582702 -999.0} sdss_psfmag_from_g3xp 12.836838 12.092603 11.223054 10.121 63050395542016524 1093181706 bright_3x1 mwm_astar_core_boss mwm_ob science 0 0 1.4618827104568481 0.0 -999 ""
FIBERMAP 685 R+6C6 METROLOGY 0 0 0 1 0 0 -124.80844972423915 120.19923438657256 143.1 -54.11364155175085 164.58620436635113 168.01118 114.03718 -999.0 -999.0 -999.0 -999.0 -999.0 278.2378183313627 -7.72038211282428 278.25652626487914 -7.6914893290120885 44.91964056422963 150.06687249806924 -999.0 6231.0 -999.0 -1 -999 {-999.0 -999.0 -999.0 -999.0 -999.0} "" -999.0 -999.0 -999.0 -999.0 -999 -999 "" "" "" "" 0 0 0.0 0.0 -999 ""
FIBERMAP 687 R-7C16 APOGEE 1 1 0 1 0 0 125.13004010522991 -149.46627219456886 143.1 40.71490765738039 -190.60361662023925 282.1728 114.901054 278.6691489630731 -9.334880953026154 -3.2463245 -3.7798753 -0.01956799 278.6691491557345 -9.33489568919299 278.6918220709902 -9.304279772037408 43.27570631671096 150.47026977837416 16000.0 16600.0 2016.0 2 186 {-999.0 20.048336 18.10381 16.912918 -999.0} sdss_psfmag_ps1 19.168251 17.86022 15.823613 10.999 63050395541536791 1153931277 bright_1x1 mwm_galactic_core_dist_apogee_sparse mwm_galactic science 0 0 0.0 0.0 -999 ""
FIBERMAP 687 R-7C16 BOSS 0 0 0 1 0 0 124.5304556332698 -149.87963109977377 143.1 39.991723297077165 -190.6886367422246 282.1728 114.901054 -999.0 -999.0 -999.0 -999.0 -999.0 278.66592392745986 -9.335524356293563 278.6885075113367 -9.304719942635739 43.27668046685628 150.47460102101076 -999.0 5400.0 -999.0 1 306 {-999.0 -999.0 -999.0 -999.0 -999.0} "" -999.0 -999.0 -999.0 -999.0 -999 -999 "" "" "" "" 0 0 0.0 0.0 -999 ""
FIBERMAP 687 R-7C16 METROLOGY 0 0 0 1 0 0 124.45614767489757 -149.14606189289444 143.1 40.26900701715158 -190.0055463185686 282.1728 114.901054 -999.0 -999.0 -999.0 -999.0 -999.0 278.6671824445461 -9.332380763700034 278.68978371538634 -9.301630238962662 43.27895565522423 150.47124889566948 -999.0 6231.0 -999.0 -1 -999 {-999.0 -999.0 -999.0 -999.0 -999.0} "" -999.0 -999.0 -999.0 -999.0 -999 -999 "" "" "" "" 0 0 0.0 0.0 -999 ""
FIBERMAP 688 R-7C2 APOGEE 0 0 0 1 0 0 -186.5805606420359 -151.54129014439422 143.1 -235.75413068653106 -46.70621897329779 305.54276 91.19268 -999.0 -999.0 -999.0 -999.0 -999.0 277.4029960798584 -8.676272059356771 277.4244965609227 -8.649280876018905 44.38808123003521 151.67776469953748 -999.0 16600.0 -999.0 2 -999 {-999.0 -999.0 -999.0 -999.0 -999.0} "" -999.0 -999.0 -999.0 -999.0 -999 -999 "" "" "" "" 0 0 0.0 0.0 -999 ""
FIBERMAP 688 R-7C2 BOSS 1 1 0 1 0 0 -187.17097267443754 -152.03333666308404 143.1 -236.5059963159698 -46.86507381508036 305.54276 91.19268 277.39960618580204 -8.677151009858102 0.72157216 -0.1465236 0.52777743 277.39964642490634 -8.677161377163733 277.42106534707807 -8.649987842315964 44.38880311073085 151.6825071859906 5400.0 5400.0 2016.0 1 488 {-999.0 17.85178 16.626732 16.155893 -999.0} sdss_psfmag_ps1 17.354948 16.57405 15.655436 14.08 63050395541806577 981886296 "" ops_std_boss_tic ops_std standard_boss 0 0 0.0 0.0 -999 ""
FIBERMAP 688 R-7C2 METROLOGY 0 0 0 1 0 0 -187.28488363971456 -151.2951375586822 143.1 -236.26155031291088 -46.159376101894885 305.54276 91.19268 -999.0 -999.0 -999.0 -999.0 -999.0 277.4007448904413 -8.673918654656871 277.42217928976 -8.64679775480058 44.39127764432291 151.67929583942515 -999.0 6231.0 -999.0 -1 -999 {-999.0 -999.0 -999.0 -999.0 -999.0} "" -999.0 -999.0 -999.0 -999.0 -999 -999 "" "" "" "" 0 0 0.0 0.0 -999 ""
FIBERMAP 689 R+5C20 APOGEE 1 1 0 1 0 0 204.33744365803858 83.37563470908314 143.1 219.5792831022554 -21.84229786350473 5.0308123 60.693314 279.4908142089844 -8.569394505803729 -999.0 -999.0 -999.0 279.4908102930698 -8.569386560749304 279.51122584783195 -8.536962842669132 43.621662239191735 149.00967717826532 16000.0 16600.0 2015.5 2 45 {-999.0 -999.0 -999.0 -999.0 -999.0} "" -999.0 -999.0 -999.0 -999.0 27021603148724528 848995020 "" ops_sky_apogee_good ops_sky sky_apogee 0 0 0.0 0.0 -999 ""
FIBERMAP 689 R+5C20 BOSS 0 0 0 1 0 0 204.01946621474033 82.70168530883439 143.1 218.98315963130983 -22.289292764357096 5.0308123 60.693314 -999.0 -999.0 -999.0 -999.0 -999.0 279.48823809024907 -8.571613341787993 279.50856547878624 -8.53900284130581 43.6209798900284 149.0141783394781 -999.0 5400.0 -999.0 1 194 {-999.0 -999.0 -999.0 -999.0 -999.0} "" -999.0 -999.0 -999.0 -999.0 -999 -999 "" "" "" "" 0 0 0.0 0.0 -999 ""
FIBERMAP 689 R+5C20 METROLOGY 0 0 0 1 0 0 203.59640042380835 83.32366783089347 143.1 218.9000318470073 -21.541774177645856 5.0308123 60.693314 -999.0 -999.0 -999.0 -999.0 -999.0 279.4878285500286 -8.568167947815915 279.5081743281595 -8.535614654628352 43.62419550342906 149.01260980961834 -999.0 6231.0 -999.0 -1 -999 {-999.0 -999.0 -999.0 -999.0 -999.0} "" -999.0 -999.0 -999.0 -999.0 -999 -999 "" "" "" "" 0 0 0.0 0.0 -999 ""
FIBERMAP 690 R-4C17 APOGEE 1 1 0 1 0 0 126.28857137865428 -94.15090720547518 143.1 67.5999651895933 -142.2559213036577 23.460262 25.67021 278.79360214958814 -9.116469253038131 -1.4823213 -1.0662369 0.27923468 278.7936213679579 -9.11646002693011 278.8156930111651 -9.085617223270198 43.422421860781775 150.19100561312433 16000.0 16600.0 2016.0 2 201 {-999.0 25.005682 20.471214 17.44566 -999.0} sdss_psfmag_ps1 20.887842 17.436 15.7826185 9.655 63050395541562872 1153931553 bright_1x1 mwm_galactic_core_dist_apogee_sparse mwm_galactic science 0 0 0.0 0.0 -999 ""
FIBERMAP 690 R-4C17 BOSS 0 0 0 1 0 0 125.80587853241937 -94.70980698590067 143.1 66.91204959283056 -142.5242240273287 23.460262 25.67021 -999.0 -999.0 -999.0 -999.0 -999.0 278.79056906160565 -9.117922863789282 278.81255319612046 -9.086892059907823 43.42257925239584 150.19561605211396 -999.0 5400.0 -999.0 1 301 {-999.0 -999.0 -999.0 -999.0 -999.0} "" -999.0 -999.0 -999.0 -999.0 -999 -999 "" "" "" "" 0 0 0.0 0.0 -999 ""
FIBERMAP 690 R-4C17 METROLOGY 0 0 0 1 0 0 125.55901883851982 -94.00269693521527 143.1 67.02445683454361 -141.7838473585376 23.460262 25.67021 -999.0 -999.0 -999.0 -999.0 -999.0 278.7910675368229 -9.114504428165816 278.8130690437692 -9.083529252460353 43.425410346024265 150.19302079700708 -999.0 6231.0 -999.0 -1 -999 {-999.0 -999.0 -999.0 -999.0 -999.0} "" -999.0 -999.0 -999.0 -999.0 -999 -999 "" "" "" "" 0 0 0.0 0.0 -999 ""
FIBERMAP 691 R+10C2 APOGEE 0 0 0 1 0 0 -162.72881845328206 179.94097540511677 143.1 -59.69823070581233 235.11627981563655 262.21146 102.74385 -999.0 -999.0 -999.0 -999.0 -999.0 278.2139940073626 -7.402915914767265 278.23197484633454 -7.374356867767442 45.21714264083385 149.9075719460711 -999.0 16600.0 -999.0 2 -999 {-999.0 -999.0 -999.0 -999.0 -999.0} "" -999.0 -999.0 -999.0 -999.0 -999 -999 "" "" "" "" 0 0 0.0 0.0 -999 ""
FIBERMAP 691 R+10C2 BOSS 1 1 0 1 0 0 -163.49127887354214 179.88727192669646 143.1 -60.397222992598614 235.42528163514666 262.21146 102.74385 278.2109069824219 -7.401691321579122 -999.0 -999.0 -999.0 278.21089202080697 -7.401689556962234 278.2287841235916 -7.372955853749555 45.219755948333166 149.9107925154238 5400.0 5400.0 2015.5 1 18 {-999.0 -999.0 -999.0 -999.0 -999.0} "" -999.0 -999.0 -999.0 -999.0 27021603148731309 852785087 "" ops_sky_boss_fallback ops_sky sky_boss 0 0 0.0 0.0 -999 ""
FIBERMAP 691 R+10C2 METROLOGY 0 0 0 1 0 0 -163.16123629932213 180.54898592059976 143.1 -59.796156320562645 235.85582182067438 262.21146 102.74385 -999.0 -999.0 -999.0 -999.0 -999.0 278.21362477091276 -7.399717530511131 278.2315354877209 -7.3710294768722475 45.22033959985868 149.90612360295734 -999.0 6231.0 -999.0 -1 -999 {-999.0 -999.0 -999.0 -999.0 -999.0} "" -999.0 -999.0 -999.0 -999.0 -999 -999 "" "" "" "" 0 0 0.0 0.0 -999 ""
FIBERMAP 692 R+8C17 APOGEE 1 1 0 1 0 0 158.916099285312 134.35237793468445 143.1 203.26728928205173 44.44788303116289 335.81506 43.34329 279.41651093422473 -8.268592709699446 -1.9936284 -2.39701 0.15679795 279.4165601101173 -8.268600899428595 279.4362510771951 -8.236507275857608 43.92423638049956 148.9196699629119 16000.0 16600.0 2016.0 2 81 {-999.0 22.408 18.542345 16.564014 -999.0} sdss_psfmag_ps1 20.084042 16.99985 15.513338 10.876 63050395541713927 1153932389 bright_1x1 mwm_galactic_core_dist_apogee_sparse mwm_galactic science 0 0 0.0 0.0 -999 ""
FIBERMAP 692 R+8C17 BOSS 0 0 0 1 0 0 158.21036750314357 134.1545471931892 143.1 202.55105284891803 44.602979121491195 335.81506 43.34329 -999.0 -999.0 -999.0 -999.0 -999.0 279.4134427631205 -8.268070910651858 279.4330397556113 -8.235795297410807 43.92627017491737 148.9232019868599 -999.0 5400.0 -999.0 1 226 {-999.0 -999.0 -999.0 -999.0 -999.0} "" -999.0 -999.0 -999.0 -999.0 -999 -999 "" "" "" "" 0 0 0.0 0.0 -999 ""
FIBERMAP 692 R+8C17 METROLOGY 0 0 0 1 0 0 158.36291478491998 134.87738181227974 143.1 203.02381919987323 45.1705223364717 335.81506 43.34329 -999.0 -999.0 -999.0 -999.0 -999.0 279.415551393928 -8.265449012716754 279.4351675770194 -8.233223014688821 43.9276581993247 148.9190078458054 -999.0 6231.0 -999.0 -1 -999 {-999.0 -999.0 -999.0 -999.0 -999.0} "" -999.0 -999.0 -999.0 -999.0 -999 -999 "" "" "" "" 0 0 0.0 0.0 -999 ""
FIBERMAP 693 R+2C15 APOGEE 1 1 0 1 0 0 34.433570394728214 57.32877407272379 143.1 57.23581963501652 34.570413989380654 179.89403 38.191235 278.74791243474345 -8.31206784256452 -0.8898821 -3.396009 1.6504328 278.7478745443911 -8.312082584174929 278.7679382041542 -8.281723128386963 44.16999252820037 149.7762661532247 16000.0 16600.0 2016.0 2 54 {-999.0 19.707449 17.3011 15.524205 -999.0} sdss_psfmag_ps1 18.475893 15.988309 14.445511 10.376 63050395541739637 1153932337 bright_1x1 mwm_galactic_core_dist_apogee_sparse mwm_galactic science 0 0 0.0 0.0 -999 ""
FIBERMAP 693 R+2C15 BOSS 0 0 0 1 0 0 35.01036396113043 57.7918221552979 143.1 57.96209147905203 34.71000609081815 179.89403 38.191235 -999.0 -999.0 -999.0 -999.0 -999.0 278.7513384854675 -8.311626187118602 278.7713088268073 -8.281067964487558 44.16915790296382 149.77167220009164 -999.0 5400.0 -999.0 1 198 {-999.0 -999.0 -999.0 -999.0 -999.0} "" -999.0 -999.0 -999.0 -999.0 -999 -999 "" "" "" "" 0 0 0.0 0.0 -999 ""
FIBERMAP 693 R+2C15 METROLOGY 0 0 0 1 0 0 35.13555697945537 57.05562818802818 143.1 57.72855432804034 34.00080597572449 179.89403 38.191235 -999.0 -999.0 -999.0 -999.0 -999.0 278.7502277849357 -8.31480360992004 278.7702322898831 -8.284300679041678 44.166691627061084 149.77494252469347 -999.0 6231.0 -999.0 -1 -999 {-999.0 -999.0 -999.0 -999.0 -999.0} "" -999.0 -999.0 -999.0 -999.0 -999 -999 "" "" "" "" 0 0 0.0 0.0 -999 ""
FIBERMAP 694 R+3C15 APOGEE 0 0 0 1 0 0 53.079209607640095 42.14557094643874 143.1 66.61690802759335 12.433821785690249 281.75375 92.61266 -999.0 -999.0 -999.0 -999.0 -999.0 278.79087990543366 -8.413007719200627 278.8111806482519 -8.382490300078596 44.06060769826877 149.78243643193628 -999.0 16600.0 -999.0 2 -999 {-999.0 -999.0 -999.0 -999.0 -999.0} "" -999.0 -999.0 -999.0 -999.0 -999 -999 "" "" "" "" 0 0 0.0 0.0 -999 ""
FIBERMAP 694 R+3C15 BOSS 1 1 0 1 0 0 52.31551197639227 41.96276149566506 143.1 65.85646245990657 12.629294402684552 281.75375 92.61266 278.7871933503312 -8.412304962409037 0.78174555 -0.15140365 0.4329033 278.7875091993044 -8.412294478234461 278.8077183072455 -8.381595627085014 44.06288158147913 149.78621254196585 5400.0 5400.0 2016.0 1 197 {-999.0 14.501181 13.400396 12.785801 -999.0} sdss_psfmag_from_g3xp 14.097492 13.276924 12.371017 10.837 63050395541724605 1093181924 bright_3x1 mwm_astar_core_boss mwm_ob science 0 0 1.1095232963562012 0.0 -999 ""
FIBERMAP 694 R+3C15 METROLOGY 0 0 0 1 0 0 52.55269428709635 42.67419519649213 143.1 66.39870154604164 13.147192470992358 281.75375 92.61266 -999.0 -999.0 -999.0 -999.0 -999.0 278.7899754095075 -8.409887235854315 278.81020332297044 -8.379237014484783 44.06396190543832 149.78171595863967 -999.0 6231.0 -999.0 -1 -999 {-999.0 -999.0 -999.0 -999.0 -999.0} "" -999.0 -999.0 -999.0 -999.0 -999 -999 "" "" "" "" 0 0 0.0 0.0 -999 ""
FIBERMAP 695 R-4C1 APOGEE 1 1 0 1 0 0 -257.33075953751074 -83.01601345795748 143.1 -266.24819115696914 46.93564788870761 196.75182 126.390366 277.26769596009353 -8.251584606758467 0.13007617 -3.5695949 0.7856665 277.2677170418888 -8.2515888509775 277.28819256795254 -8.225141512383622 44.830550676805714 151.61049073483383 16000.0 16600.0 2016.0 2 248 {-999.0 10.776692 10.213098 9.913714 -999.0} sdss_psfmag_from_g3xp 10.633943 10.183046 9.54635 8.614 63050395541898986 975042437 "" ops_std_apogee ops_std standard_apogee 0 0 0.0 0.0 -999 ""
FIBERMAP 695 R-4C1 BOSS 0 0 0 1 0 0 -257.934215794796 -82.58678034255445 143.1 -266.58086776005035 47.597145319614725 196.75182 126.390366 -999.0 -999.0 -999.0 -999.0 -999.0 277.266326712437 -8.248781672264396 277.2867118669298 -8.222151446194108 44.83387791309446 151.61067787151413 -999.0 5400.0 -999.0 1 497 {-999.0 -999.0 -999.0 -999.0 -999.0} "" -999.0 -999.0 -999.0 -999.0 -999 -999 "" "" "" "" 0 0 0.0 0.0 -999 ""
FIBERMAP 695 R-4C1 METROLOGY 0 0 0 1 0 0 -257.2520164102937 -82.2709261099827 143.1 -265.8302514453461 47.557363732248206 196.75182 126.390366 -999.0 -999.0 -999.0 -999.0 -999.0 277.2696796126575 -8.248918144921847 277.2900875952892 -8.222332264292334 44.83236277952896 151.60647121105976 -999.0 6231.0 -999.0 -1 -999 {-999.0 -999.0 -999.0 -999.0 -999.0} "" -999.0 -999.0 -999.0 -999.0 -999 -999 "" "" "" "" 0 0 0.0 0.0 -999 ""
FIBERMAP 698 R+7C18 APOGEE 1 1 0 1 0 0 180.3416774149246 148.9206591664888 143.1 229.0148227523421 47.306839929956645 83.63557 74.62223 279.5333503037535 -8.255915991432152 -0.56868476 -2.4634132 0.24694999 279.53335065796233 -8.255901639854383 279.5529632744211 -8.223507565344077 43.88513705148083 148.76773787982643 16000.0 16600.0 2016.0 2 40 {-999.0 -999.0 -999.0 -999.0 -999.0} "" -999.0 20.605438 -999.0 10.881 63050395541712620 1151527216 bright_1x1 mwm_galactic_core_dist_apogee_sparse mwm_galactic science 0 0 0.0 0.0 -999 ""
FIBERMAP 698 R+7C18 BOSS 0 0 0 1 0 0 181.03764268586764 148.65251968511464 143.1 229.50457623298067 46.74447181433282 83.63557 74.62223 -999.0 -999.0 -999.0 -999.0 -999.0 279.53570129185493 -8.258638699002983 279.555225375201 -8.226046746939833 43.88187124526734 148.76650131926965 -999.0 5400.0 -999.0 1 196 {-999.0 -999.0 -999.0 -999.0 -999.0} "" -999.0 -999.0 -999.0 -999.0 -999 -999 "" "" "" "" 0 0 0.0 0.0 -999 ""
FIBERMAP 698 R+7C18 METROLOGY 0 0 0 1 0 0 180.46223708599925 148.18462128431105 143.1 228.7772634869637 46.599943956155506 83.63557 74.62223 -999.0 -999.0 -999.0 -999.0 -999.0 279.5323762644021 -8.259233223067566 279.5519299415792 -8.226703702400807 43.88271825185512 148.77096519698225 -999.0 6231.0 -999.0 -1 -999 {-999.0 -999.0 -999.0 -999.0 -999.0} "" -999.0 -999.0 -999.0 -999.0 -999 -999 "" "" "" "" 0 0 0.0 0.0 -999 ""
FIBERMAP 704 R+5C16 APOGEE 1 1 0 1 0 0 97.32409686031305 109.3320867819301 143.1 137.1329604282019 51.12979550129708 103.21888 120.089516 279.11477611917394 -8.237529784487021 -1.3757228 -10.146984 1.0892844 279.1147272516942 -8.237566715622663 279.1344598112609 -8.206278349317659 44.081768062633245 149.27496480910554 16000.0 16600.0 2016.0 2 79 {-999.0 16.483305 15.157626 14.574452 -999.0} sdss_psfmag_ps1 15.929709 15.024528 14.090435 12.089 63050395541749915 1034952277 bright_1x1 mwm_yso_pms_apogee_sagitta_edr3_single mwm_yso science 0 0 0.0 0.0 -999 ""
FIBERMAP 704 R+5C16 BOSS 0 0 0 1 0 0 97.85316729478755 109.84919145820292 143.1 137.84232578725397 51.33947598014435 103.21888 120.089516 -999.0 -999.0 -999.0 -999.0 -999.0 279.1181206534777 -8.236791527639609 279.1377575048284 -8.20530478031094 44.08122825926656 149.27028326881413 -999.0 5400.0 -999.0 1 214 {-999.0 -999.0 -999.0 -999.0 -999.0} "" -999.0 -999.0 -999.0 -999.0 -999 -999 "" "" "" "" 0 0 0.0 0.0 -999 ""
FIBERMAP 704 R+5C16 METROLOGY 0 0 0 1 0 0 98.04154927743296 109.13423972298669 143.1 137.67456808334265 50.619508179951005 103.21888 120.089516 -999.0 -999.0 -999.0 -999.0 -999.0 279.11731789184614 -8.240012633166309 279.13698933726823 -8.208580332527625 44.078607495952106 149.2732161154166 -999.0 6231.0 -999.0 -1 -999 {-999.0 -999.0 -999.0 -999.0 -999.0} "" -999.0 -999.0 -999.0 -999.0 -999 -999 "" "" "" "" 0 0 0.0 0.0 -999 ""
FIBERMAP 706 R+6C21 APOGEE 0 0 0 1 0 0 220.30060329323197 129.51157777334745 143.1 255.25752743184788 11.470876792870827 110.42509 112.47115 -999.0 -999.0 -999.0 -999.0 -999.0 279.65225966138024 -8.418368499178898 279.6722316580885 -8.385589682108295 43.68762415775996 148.72000502924283 -999.0 16600.0 -999.0 2 67 {-999.0 -999.0 -999.0 -999.0 -999.0} "" -999.0 -999.0 -999.0 -999.0 -999 -999 "" "" "" "" 0 0 0.0 0.0 -999 ""
FIBERMAP 706 R+6C21 BOSS 1 1 0 1 0 0 220.8373403506322 130.02538413427817 143.1 255.97212674309483 11.674057814534308 110.42509 112.47115 279.65560406871015 -8.417657511015932 -0.3597312 -0.71237993 0.28068116 279.655592982601 -8.417641010611707 279.6754665024555 -8.384662084287484 43.68704408861413 148.71546760003415 5400.0 5400.0 2016.0 1 249 {-999.0 16.430317 15.155927 14.520705 -999.0} sdss_psfmag_ps1 15.8790455 14.97922 14.027521 12.343 63050395541693286 1068532138 bright_1x1 mwm_ob_core_boss_single mwm_ob science 0 0 0.0 0.0 -999 ""
FIBERMAP 706 R+6C21 METROLOGY 0 0 0 1 0 0 221.01963371917 129.30577498143313 143.1 255.79681030224847 10.952820209811131 110.42509 112.47115 -999.0 -999.0 -999.0 -999.0 -999.0 279.6547745381512 -8.420851624305836 279.67468343982364 -8.387927706798312 43.6844556663334 148.71842203923097 -999.0 6231.0 -999.0 -1 -999 {-999.0 -999.0 -999.0 -999.0 -999.0} "" -999.0 -999.0 -999.0 -999.0 -999 -999 "" "" "" "" 0 0 0.0 0.0 -999 ""
FIBERMAP 709 R+2C18 APOGEE 0 0 0 1 0 0 95.75142990178387 29.631776109302756 143.1 98.48139511177891 -18.57640897415257 247.64291 71.68391 -999.0 -999.0 -999.0 -999.0 -999.0 278.93718063637397 -8.554473080325899 278.95777963982437 -8.523508287690042 43.871058358070826 149.68435090717747 -999.0 16600.0 -999.0 2 -999 {-999.0 -999.0 -999.0 -999.0 -999.0} "" -999.0 -999.0 -999.0 -999.0 -999 -999 "" "" "" "" 0 0 0.0 0.0 -999 ""
FIBERMAP 709 R+2C18 BOSS 1 1 0 1 0 0 95.18202879859949 30.087632470224136 143.1 98.19126438298902 -17.90730265353834 247.64291 71.68391 278.9359833565104 -8.551604934971209 -1.6003927 -7.944774 0.5996899 278.93599246994546 -8.551626034779407 278.95649267251844 -8.52047393739879 43.874345282060936 149.68413904705773 5400.0 5400.0 2016.0 1 200 {-999.0 18.459608 16.660772 15.709321 -999.0} sdss_psfmag_ps1 17.608295 16.277672 15.1553 12.295 63050395541719900 917200235 bright_5x1 mwm_yso_pms_boss_sagitta_edr3 mwm_yso science 0 0 0.0 0.0 -999 ""
FIBERMAP 709 R+2C18 METROLOGY 0 0 0 1 0 0 95.87113354126876 30.368208739762498 143.1 98.9314906540099 -17.981492336207914 247.64291 71.68391 -999.0 -999.0 -999.0 -999.0 -999.0 278.93935874660883 -8.551911659856286 278.9598844271275 -8.520804924257424 43.87260662064052 149.6801333847623 -999.0 6231.0 -999.0 -1 -999 {-999.0 -999.0 -999.0 -999.0 -999.0} "" -999.0 -999.0 -999.0 -999.0 -999 -999 "" "" "" "" 0 0 0.0 0.0 -999 ""
FIBERMAP 710 R+8C6 APOGEE 0 0 0 1 0 0 -102.8855790209222 159.88158871014153 143.1 -16.185221187026873 189.40921687951902 166.6814 111.99431 -999.0 -999.0 -999.0 -999.0 -999.0 278.4120285332825 -7.608544676853605 278.4304519561515 -7.579376843580777 44.947818603391944 149.7791379445206 -999.0 16600.0 -999.0 2 -999 {-999.0 -999.0 -999.0 -999.0 -999.0} "" -999.0 -999.0 -999.0 -999.0 -999 -999 "" "" "" "" 0 0 0.0 0.0 -999 ""
FIBERMAP 710 R+8C6 BOSS 1 1 0 1 0 0 -102.99812885107694 160.62651044565956 143.1 -15.936429199499715 190.12021989049722 166.6814 111.99431 278.4132772812191 -7.605473752124975 1.0336018 -1.0637829 0.6779509 278.4132622033675 -7.605474604002096 278.43158937318077 -7.576120013964539 44.950282173465034 149.77573245820844 5400.0 5400.0 2016.0 1 77 {-999.0 18.080574 16.705347 15.990221 -999.0} sdss_psfmag_ps1 17.505531 16.558306 15.528932 13.526 63050395542035179 981886463 "" ops_std_boss_tic ops_std standard_boss 0 0 0.0 0.0 -999 ""
FIBERMAP 710 R+8C6 METROLOGY 0 0 0 1 0 0 -102.30217913528979 160.34667639429998 143.1 -15.452156928040692 189.5475230450961 166.6814 111.99431 -999.0 -999.0 -999.0 -999.0 -999.0 278.41544813470887 -7.6080188668402196 278.43380582147364 -7.578709808380736 44.94700216458482 149.77448794396588 -999.0 6231.0 -999.0 -1 -999 {-999.0 -999.0 -999.0 -999.0 -999.0} "" -999.0 -999.0 -999.0 -999.0 -999 -999 "" "" "" "" 0 0 0.0 0.0 -999 ""
FIBERMAP 714 R-3C22 APOGEE 1 1 0 1 0 0 220.15767126680657 -67.88716948743442 143.1 162.84307228208695 -162.92907141311244 300.36252 124.83126 279.22988891601557 -9.208880137443344 -999.0 -999.0 -999.0 279.22992334658795 -9.208852025340795 279.25205147784914 -9.176821329529854 43.156186854139285 149.70908954794217 16000.0 16600.0 2015.5 2 209 {-999.0 -999.0 -999.0 -999.0 -999.0} "" -999.0 -999.0 -999.0 -999.0 27021603148711025 848992025 "" ops_sky_apogee_good ops_sky sky_apogee 0 0 0.0 0.0 -999 ""
FIBERMAP 714 R-3C22 BOSS 0 0 0 1 0 0 219.87196316557495 -68.56317678913365 143.1 162.27450728427246 -163.39297175348457 300.36252 124.83126 -999.0 -999.0 -999.0 -999.0 -999.0 279.2274337550052 -9.21117809523568 279.24947405381585 -9.17895633796104 43.15535200331034 149.7134965185113 -999.0 5400.0 -999.0 1 309 {-999.0 -999.0 -999.0 -999.0 -999.0} "" -999.0 -999.0 -999.0 -999.0 -999 -999 "" "" "" "" 0 0 0.0 0.0 -999 ""
FIBERMAP 714 R-3C22 METROLOGY 0 0 0 1 0 0 219.41731969575417 -67.96177062315273 143.1 162.153850340431 -162.6488759117152 300.36252 124.83126 -999.0 -999.0 -999.0 -999.0 -999.0 279.2268718474507 -9.207765558629138 279.24893062852334 -9.175602555911844 43.158611017181514 149.7121856089432 -999.0 6231.0 -999.0 -1 -999 {-999.0 -999.0 -999.0 -999.0 -999.0} "" -999.0 -999.0 -999.0 -999.0 -999 -999 "" "" "" "" 0 0 0.0 0.0 -999 ""
FIBERMAP 715 R-6C17 APOGEE 1 1 0 1 0 0 143.7841380446196 -117.06159640334121 143.1 72.35182123641177 -170.68460768541564 321.68896 147.68466 278.8150075413034 -9.244989140426457 -1.2279035 -5.3898168 -0.51972723 278.814975217441 -9.245017972990711 278.837362580199 -9.214060254290297 43.29698961765416 150.23908709787298 16000.0 16600.0 2016.0 2 205 {-999.0 22.656757 20.815876 19.595303 -999.0} sdss_psfmag_gaia 21.123508 20.2932 18.545927 10.687 63050395541557265 1154740835 bright_1x1 mwm_galactic_core_dist_apogee_sparse mwm_galactic science 0 0 0.0 0.0 -999 ""
FIBERMAP 715 R-6C17 BOSS 0 0 0 1 0 0 144.00324971232783 -117.77126544685038 143.1 72.21369309583164 -171.41427327222078 321.68896 147.68466 -999.0 -999.0 -999.0 -999.0 -999.0 278.8144399824143 -9.248559412785022 278.83674372254995 -9.217405207754107 43.29421670424595 150.24179097423342 -999.0 5400.0 -999.0 1 299 {-999.0 -999.0 -999.0 -999.0 -999.0} "" -999.0 -999.0 -999.0 -999.0 -999 -999 "" "" "" "" 0 0 0.0 0.0 -999 ""
FIBERMAP 715 R-6C17 METROLOGY 0 0 0 1 0 0 143.27125895701948 -117.6335179325441 143.1 71.63113821334879 -170.95030669843018 321.68896 147.68466 -999.0 -999.0 -999.0 -999.0 -999.0 278.81174061331427 -9.246401095432995 278.8340662979656 -9.215310603098262 43.29723229953858 150.24386481715803 -999.0 6231.0 -999.0 -1 -999 {-999.0 -999.0 -999.0 -999.0 -999.0} "" -999.0 -999.0 -999.0 -999.0 -999 -999 "" "" "" "" 0 0 0.0 0.0 -999 ""
FIBERMAP 717 R+6C9 APOGEE 0 0 0 1 0 0 -41.18627990835872 98.89875127424767 143.1 9.835641330021035 106.66506671175533 316.21793 77.97765 -999.0 -999.0 -999.0 -999.0 -999.0 278.5304416671521 -7.983482394382808 278.54976287064034 -7.953839261842111 44.5587136864739 149.85357881896243 -999.0 16600.0 -999.0 2 -999 {-999.0 -999.0 -999.0 -999.0 -999.0} "" -999.0 -999.0 -999.0 -999.0 -999 -999 "" "" "" "" 0 0 0.0 0.0 -999 ""
FIBERMAP 717 R+6C9 BOSS 1 1 0 1 0 0 -41.803626483592616 98.46091144237997 143.1 9.085312948891673 106.56671379494686 316.21793 77.97765 278.52709771862555 -7.983971623107808 -9.498364 -27.496965 2.2598662 278.52708515112414 -7.984057104041918 278.546319875558 -7.954235061235139 44.55980954579516 149.85814447991604 5400.0 5400.0 2016.0 1 130 {-999.0 18.154787 16.281788 15.400377 -999.0} sdss_psfmag_ps1 17.270472 15.943135 14.816505 12.206 63050395541976423 917200313 bright_4x1 mwm_yso_pms_boss_sagitta_edr3 mwm_yso science 0 0 0.0 0.0 -999 ""
FIBERMAP 717 R+6C9 METROLOGY 0 0 0 1 0 0 -41.865095314967306 99.20838270718465 143.1 9.380443772798605 107.25608869708103 316.21793 77.97765 -999.0 -999.0 -999.0 -999.0 -999.0 278.5284227422548 -7.980885171033177 278.54767425526984 -7.951114159458557 44.56206065297855 149.85457402101062 -999.0 6231.0 -999.0 -1 -999 {-999.0 -999.0 -999.0 -999.0 -999.0} "" -999.0 -999.0 -999.0 -999.0 -999 -999 "" "" "" "" 0 0 0.0 0.0 -999 ""
FIBERMAP 719 R+3C18 APOGEE 1 1 0 1 0 0 105.37122249007362 57.3139299836504 143.1 119.9256462493452 1.3924278912533652 214.05931 81.2894 279.0357605766212 -8.463669019789982 4.0284615 -8.848156 2.8547947 279.0357800879095 -8.463688189927016 279.0561118174994 -8.432505555174153 43.91136046920932 149.50819236700852 16000.0 16600.0 2016.0 2 87 {-999.0 12.465479 11.724685 11.454247 -999.0} sdss_psfmag_gaia 12.2562 11.76795 11.105704 10.026 63050395541725308 975476542 "" ops_std_apogee ops_std standard_apogee 0 0 0.0 0.0 -999 ""
FIBERMAP 719 R+3C18 BOSS 0 0 0 1 0 0 105.06653741404386 58.004866299427476 143.1 119.97938416497946 2.1455443416403917 214.05931 81.2894 -999.0 -999.0 -999.0 -999.0 -999.0 279.0361766926961 -8.460451524943881 279.0564077038233 -8.429078087525031 43.914326421399714 149.5057735483122 -999.0 5400.0 -999.0 1 218 {-999.0 -999.0 -999.0 -999.0 -999.0} "" -999.0 -999.0 -999.0 -999.0 -999 -999 "" "" "" "" 0 0 0.0 0.0 -999 ""
FIBERMAP 719 R+3C18 METROLOGY 0 0 0 1 0 0 105.81138112902914 57.91987226491527 143.1 120.59796224599503 1.7221937994010836 214.05931 81.2894 -999.0 -999.0 -999.0 -999.0 -999.0 279.038976664599 -8.462327934966408 279.05923746486224 -8.431000486997961 43.91138457180096 149.50341921496897 -999.0 6231.0 -999.0 -1 -999 {-999.0 -999.0 -999.0 -999.0 -999.0} "" -999.0 -999.0 -999.0 -999.0 -999 -999 "" "" "" "" 0 0 0.0 0.0 -999 ""
FIBERMAP 721 R+9C9 APOGEE 1 1 0 1 0 0 -4.9345346171560935 162.75791753062947 143.1 71.7315147157687 146.15719626710364 302.23032 114.16918 278.8147611845217 -7.805257639371078 -1.1068199 -0.9739651 0.3836705 278.81477122540423 -7.805265187915392 278.8335352023937 -7.774955112172829 44.599604973438765 149.38932936297059 16000.0 16600.0 2016.0 2 9 {-999.0 24.174057 24.163403 24.05778 -999.0} sdss_psfmag_ps1 22.568336 20.255722 18.292963 7.487 63050395541988780 1153934497 bright_1x1 mwm_galactic_core_dist_apogee_sparse mwm_galactic science 0 0 0.0 0.0 -999 ""
FIBERMAP 721 R+9C9 BOSS 0 0 0 1 0 0 -5.336322236366162 162.1342195091595 143.1 71.08481095832525 145.79379804700702 302.23032 114.16918 -999.0 -999.0 -999.0 -999.0 -999.0 278.81192306389477 -7.807034424949412 278.83060232677525 -7.776544400121762 44.5994274375287 149.39397432091747 -999.0 5400.0 -999.0 1 125 {-999.0 -999.0 -999.0 -999.0 -999.0} "" -999.0 -999.0 -999.0 -999.0 -999 -999 "" "" "" "" 0 0 0.0 0.0 -999 ""
FIBERMAP 721 R+9C9 METROLOGY 0 0 0 1 0 0 -5.683006284233012 162.7870768223369 143.1 71.0836262108414 146.53289457970013 302.23032 114.16918 -999.0 -999.0 -999.0 -999.0 -999.0 278.81188601792894 -7.8036454173591645 278.83058236660787 -7.773209889731074 44.60244312303904 149.39197573547298 -999.0 6231.0 -999.0 -1 -999 {-999.0 -999.0 -999.0 -999.0 -999.0} "" -999.0 -999.0 -999.0 -999.0 -999 -999 "" "" "" "" 0 0 0.0 0.0 -999 ""
FIBERMAP 723 R-2C19 APOGEE 1 1 0 1 0 0 143.07477590240566 -42.65949095201266 143.1 106.50943862822464 -104.59421424821277 303.87314 146.60074 278.97308349609375 -8.945635270485539 -999.0 -999.0 -999.0 278.9730941462894 -8.94562330273781 278.9946633035337 -8.914387196031122 43.50221857450043 149.87025920449022 16000.0 16600.0 2015.5 2 212 {-999.0 -999.0 -999.0 -999.0 -999.0} "" -999.0 -999.0 -999.0 -999.0 27021603148722233 848994557 "" ops_sky_apogee_good ops_sky sky_apogee 0 0 0.0 0.0 -999 ""
FIBERMAP 723 R-2C19 BOSS 0 0 0 1 0 0 143.07108976926793 -43.40077578546201 143.1 106.15961423447463 -105.24766006523713 303.87314 146.60074 -999.0 -999.0 -999.0 -999.0 -999.0 278.9716110014675 -8.948825177063618 278.9930958301491 -8.91739708439177 43.50015877743919 149.8739621990315 -999.0 5400.0 -999.0 1 297 {-999.0 -999.0 -999.0 -999.0 -999.0} "" -999.0 -999.0 -999.0 -999.0 -999 -999 "" "" "" "" 0 0 0.0 0.0 -999 ""
FIBERMAP 723 R-2C19 METROLOGY 0 0 0 1 0 0 142.43189996270053 -43.03457123551649 143.1 105.76588807836093 -104.62516292236104 303.87314 146.60074 -999.0 -999.0 -999.0 -999.0 -999.0 278.969778104517 -8.945938658310023 278.99128276016455 -8.914571803752997 43.50347845962243 149.87453093171953 -999.0 6231.0 -999.0 -1 -999 {-999.0 -999.0 -999.0 -999.0 -999.0} "" -999.0 -999.0 -999.0 -999.0 -999 -999 "" "" "" "" 0 0 0.0 0.0 -999 ""
FIBERMAP 724 R+1C21 APOGEE 0 0 0 1 0 0 185.68154019513716 15.524953408700078 143.1 171.36900960814748 -73.08867649121619 24.64498 73.798035 -999.0 -999.0 -999.0 -999.0 -999.0 279.2707431973962 -8.802224249877447 279.2918319853916 -8.77027222498307 43.506044893818206 149.4193248482892 -999.0 16600.0 -999.0 2 -999 {-999.0 -999.0 -999.0 -999.0 -999.0} "" -999.0 -999.0 -999.0 -999.0 -999 -999 "" "" "" "" 0 0 0.0 0.0 -999 ""
FIBERMAP 724 R+1C21 BOSS 1 1 0 1 0 0 185.81755310256312 14.79664380042727 143.1 171.1487214969119 -73.79596670889669 24.64498 73.798035 279.2698619507911 -8.80568415411773 -2.139647 -1.6837841 0.5383673 279.2698708019275 -8.805650762313514 279.2908743914178 -8.773505646018718 43.50353970272871 149.42243067345024 5400.0 5400.0 2016.0 1 234 {-999.0 18.25851 16.932568 16.335526 -999.0} sdss_psfmag_ps1 17.705256 16.828598 15.877811 -999.0 63050395541653260 981886204 "" ops_std_boss_tic ops_std standard_boss 0 0 0.0 0.0 -999 ""
FIBERMAP 724 R+1C21 METROLOGY 0 0 0 1 0 0 185.11137210069512 15.043735864763725 143.1 170.64009893853117 -73.24742484225997 24.64498 73.798035 -999.0 -999.0 -999.0 -999.0 -999.0 279.2675184826518 -8.803107190036963 279.288543322652 -8.771024343408582 43.5067736730536 149.42381337950883 -999.0 6231.0 -999.0 -1 -999 {-999.0 -999.0 -999.0 -999.0 -999.0} "" -999.0 -999.0 -999.0 -999.0 -999 -999 "" "" "" "" 0 0 0.0 0.0 -999 ""
FIBERMAP 730 R+6C13 APOGEE 0 0 0 1 0 0 45.219296866541995 101.39455446802708 143.1 87.37025224849005 68.47447899333511 286.07227 103.70432 -999.0 -999.0 -999.0 -999.0 -999.0 278.8865307326283 -8.15810672647639 278.9061531577032 -8.12745222269131 44.250584717272126 149.51149216858985 -999.0 16600.0 -999.0 2 -999 {-999.0 -999.0 -999.0 -999.0 -999.0} "" -999.0 -999.0 -999.0 -999.0 -999 -999 "" "" "" "" 0 0 0.0 0.0 -999 ""
FIBERMAP 730 R+6C13 BOSS 1 1 0 1 0 0 44.56167155688292 101.02667416140545 143.1 86.61703191801496 68.45678951408253 286.07227 103.70432 278.88312366755014 -8.158228401492563 6.2743907 -25.869558 1.9814537 278.88320392933645 -8.158335139441519 278.90273704709546 -8.127500232094896 44.25199873187628 149.5157814679562 5400.0 5400.0 2016.0 1 149 {-999.0 18.350988 16.437298 16.054535 -999.0} sdss_psfmag_ps1 17.429836 16.158226 15.038684 -999.0 63050395541762007 1035046285 bright_1x1 mwm_yso_pms_boss_sagitta_edr3_single mwm_yso science 0 0 0.0 0.0 -999 ""
FIBERMAP 730 R+6C13 METROLOGY 0 0 0 1 0 0 44.5717645041998 101.76518072213132 143.1 86.97121993925855 69.10478449024038 286.07227 103.70432 -999.0 -999.0 -999.0 -999.0 -999.0 278.88479798268116 -8.155344549608904 278.9043488015093 -8.124560373878824 44.25396403497975 149.5120025693357 -999.0 6231.0 -999.0 -1 -999 {-999.0 -999.0 -999.0 -999.0 -999.0} "" -999.0 -999.0 -999.0 -999.0 -999 -999 "" "" "" "" 0 0 0.0 0.0 -999 ""
FIBERMAP 733 R+2C2 APOGEE 0 0 0 1 0 0 -225.18991585412496 38.994515501028715 143.1 -180.7986492932102 139.7455826242642 66.39426 34.968353 -999.0 -999.0 -999.0 -999.0 -999.0 277.658281368893 -7.832344721159461 277.67755152112284 -7.805056212899193 45.05645357140723 150.87082101174562 -999.0 16600.0 -999.0 2 -999 {-999.0 -999.0 -999.0 -999.0 -999.0} "" -999.0 -999.0 -999.0 -999.0 -999 -999 "" "" "" "" 0 0 0.0 0.0 -999 ""
FIBERMAP 733 R+2C2 BOSS 1 1 0 1 0 0 -225.02922669605564 38.29874903105834 143.1 -180.98191320243004 139.0555183077987 66.39426 34.968353 277.65747070312494 -7.835661266029476 -999.0 -999.0 -999.0 277.6574725486868 -7.835624082699552 277.6766663392242 -7.808150754626411 45.053997775236645 150.87376131017714 5400.0 5400.0 2015.5 1 10 {-999.0 -999.0 -999.0 -999.0 -999.0} "" -999.0 -999.0 -999.0 -999.0 27021603148772844 852795542 "" ops_sky_boss_fallback ops_sky sky_boss 0 0 0.0 0.0 -999 ""
FIBERMAP 733 R+2C2 METROLOGY 0 0 0 1 0 0 -225.7451045549326 38.4960904946262 143.1 -181.52236559368717 139.5646226296148 66.39426 34.968353 -999.0 -999.0 -999.0 -999.0 -999.0 277.65502252660593 -7.833279730520177 277.6742353939201 -7.805866441104714 45.05707298865093 150.8755302867913 -999.0 6231.0 -999.0 -1 -999 {-999.0 -999.0 -999.0 -999.0 -999.0} "" -999.0 -999.0 -999.0 -999.0 -999 -999 "" "" "" "" 0 0 0.0 0.0 -999 ""
FIBERMAP 741 R+5C9 APOGEE 1 1 0 1 0 0 -69.78376252723558 106.65382371991608 143.1 -11.813986252268066 126.88915950866001 170.55916 87.966896 278.43121476290884 -7.891384226137051 3.266511 2.6601396 0.20594226 278.4311986819064 -7.891408140999406 278.45032623788586 -7.8620659274828295 44.68369506205274 149.92386151612357 16000.0 16600.0 2016.0 2 101 {-999.0 23.50483 19.354904 17.191145 -999.0} sdss_psfmag_ps1 20.937567 17.50265 15.96925 10.886 63050395541980989 1153934345 bright_1x1 mwm_galactic_core_dist_apogee_sparse mwm_galactic science 0 0 0.0 0.0 -999 ""
FIBERMAP 741 R+5C9 BOSS 0 0 0 1 0 0 -69.65807164242067 107.38263881325335 143.1 -11.362160369129954 127.47454438006808 170.55916 87.966896 -999.0 -999.0 -999.0 -999.0 -999.0 278.4333651388129 -7.888889599891783 278.4523969115165 -7.859356084466169 44.68527478877935 149.91962912667435 -999.0 5400.0 -999.0 1 75 {-999.0 -999.0 -999.0 -999.0 -999.0} "" -999.0 -999.0 -999.0 -999.0 -999 -999 "" "" "" "" 0 0 0.0 0.0 -999 ""
FIBERMAP 741 R+5C9 METROLOGY 0 0 0 1 0 0 -69.08070888345668 106.92099317633335 143.1 -11.067699506775641 126.79659908441113 170.55916 87.966896 -999.0 -999.0 -999.0 -999.0 -999.0 278.4346846885693 -7.891925943679489 278.4537487028553 -7.862440531769133 44.68191370545724 149.91977042136992 -999.0 6231.0 -999.0 -1 -999 {-999.0 -999.0 -999.0 -999.0 -999.0} "" -999.0 -999.0 -999.0 -999.0 -999 -999 "" "" "" "" 0 0 0.0 0.0 -999 ""
FIBERMAP 742 R-5C19 APOGEE 0 0 0 1 0 0 148.06434605184626 -90.40788045012665 143.1 88.59597505845726 -149.12836449900885 221.07454 42.19929 -999.0 -999.0 -999.0 -999.0 -999.0 278.89003486915567 -9.147516531657786 278.9121461075407 -9.116406354414664 43.354156862426784 150.09027779960257 -999.0 16600.0 -999.0 2 -999 {-999.0 -999.0 -999.0 -999.0 -999.0} "" -999.0 -999.0 -999.0 -999.0 -999 -999 "" "" "" "" 0 0 0.0 0.0 -999 ""
FIBERMAP 742 R-5C19 BOSS 1 1 0 1 0 0 148.1359146886662 -89.66956425927845 143.1 89.00440808566876 -148.50927897429258 221.07454 42.19929 278.8920690230763 -9.144948824366663 -0.5692844 -2.9850376 0.3679383 278.8920447444689 -9.144957852657887 278.9140557642595 -9.11364791176768 43.35585344607907 150.08631897035357 5400.0 5400.0 2016.0 1 287 {-999.0 14.878797 13.925991 13.409854 -999.0} sdss_psfmag_from_g3xp 14.552685 13.8432045 13.002948 11.569 63050395541560025 1093188949 bright_3x1 mwm_astar_core_boss mwm_ob science 0 0 0.0 0.0 -999 ""
FIBERMAP 742 R-5C19 METROLOGY 0 0 0 1 0 0 148.74635848496004 -90.10535603526066 143.1 89.34019416577878 -149.17983996439952 221.07454 42.19929 -999.0 -999.0 -999.0 -999.0 -999.0 278.8935433401555 -9.147925144808807 278.9155875724645 -9.116665342490643 43.352479318678725 150.08619828125936 -999.0 6231.0 -999.0 -1 -999 {-999.0 -999.0 -999.0 -999.0 -999.0} "" -999.0 -999.0 -999.0 -999.0 -999 -999 "" "" "" "" 0 0 0.0 0.0 -999 ""
FIBERMAP 743 R-1C3 APOGEE 1 1 0 1 0 0 -255.34675538483603 -13.776635406699748 143.1 -232.1237833078143 107.20386599556893 222.09537 43.688457 277.4241410686254 -7.9794388092546855 -1.1451508 -3.2057214 0.38843322 277.42418004185123 -7.979414422264938 277.44390877782956 -7.952675952695654 45.01691982028261 151.2552337443754 16000.0 16600.0 2016.0 2 281 {-999.0 17.701168 14.820938 13.229115 -999.0} sdss_psfmag_from_g3xp 16.06624 13.891619 12.537423 8.608 63050395545403278 1152262357 bright_1x1 mwm_galactic_core_dist_apogee_sparse mwm_galactic science 0 0 0.0 0.0 -999 ""
FIBERMAP 743 R-1C3 BOSS 0 0 0 1 0 0 -255.30320858204198 -13.03121334871702 143.1 -231.73679465050364 107.84233269848346 222.09537 43.688457 -999.0 -999.0 -999.0 -999.0 -999.0 277.4260270671745 -7.97671020952739 277.445664186249 -7.949781904619942 45.01885168725942 151.25131693760972 -999.0 5400.0 -999.0 1 433 {-999.0 -999.0 -999.0 -999.0 -999.0} "" -999.0 -999.0 -999.0 -999.0 -999 -999 "" "" "" "" 0 0 0.0 0.0 -999 ""
FIBERMAP 743 R-1C3 METROLOGY 0 0 0 1 0 0 -254.67715703004154 -13.435892628217452 143.1 -231.37266822436527 107.19197288155348 222.09537 43.688457 -999.0 -999.0 -999.0 -999.0 -999.0 277.4276206947491 -7.979595609102157 277.44728833908863 -7.952714600655973 45.01551779626865 151.25093400991693 -999.0 6231.0 -999.0 -1 -999 {-999.0 -999.0 -999.0 -999.0 -999.0} "" -999.0 -999.0 -999.0 -999.0 -999 -999 "" "" "" "" 0 0 0.0 0.0 -999 ""
FIBERMAP 748 R-1C24 APOGEE 1 1 0 1 0 0 229.936590105455 -34.51605843686954 143.1 187.08767274815222 -138.00656313730076 270.23126 95.387634 279.34121577665786 -9.095873043355306 -3.0579283 -6.2243795 -0.21709302 279.3411840218 -9.095860376331132 279.36298251003393 -9.063589491590319 43.21117763159857 149.50662755585284 16000.0 16600.0 2016.0 2 210 {-999.0 24.860262 26.245249 18.188316 -999.0} sdss_psfmag_gaia 22.100103 18.380682 16.593145 9.614 63050395540658685 1154738757 bright_1x1 mwm_galactic_core_dist_apogee_sparse mwm_galactic science 0 0 0.0 0.0 -999 ""
FIBERMAP 748 R-1C24 BOSS 0 0 0 1 0 0 229.19524185566007 -34.59771682155014 143.1 186.3942704982244 -137.73213906984773 270.23126 95.387634 -999.0 -999.0 -999.0 -999.0 -999.0 279.33815499382297 -9.094854406616063 279.3598571627773 -9.06239605946102 43.213587427632895 149.50973906041114 -999.0 5400.0 -999.0 1 311 {-999.0 -999.0 -999.0 -999.0 -999.0} "" -999.0 -999.0 -999.0 -999.0 -999 -999 "" "" "" "" 0 0 0.0 0.0 -999 ""
FIBERMAP 748 R-1C24 METROLOGY 0 0 0 1 0 0 229.487958860636 -33.915726329566056 143.1 186.9718274388187 -137.26622742344063 270.23126 95.387634 -999.0 -999.0 -999.0 -999.0 -999.0 279.34076549229735 -9.092677359799653 279.36248804504817 -9.060268676000062 43.21438342261631 149.50526293073492 -999.0 6231.0 -999.0 -1 -999 {-999.0 -999.0 -999.0 -999.0 -999.0} "" -999.0 -999.0 -999.0 -999.0 -999 -999 "" "" "" "" 0 0 0.0 0.0 -999 ""
FIBERMAP 751 R-10C16 APOGEE 0 0 0 1 0 0 143.90324725666522 -185.34381730252815 143.1 40.53369773607993 -231.09011276320885 162.99345 98.20453 -999.0 -999.0 -999.0 -999.0 -999.0 278.6676153143976 -9.516850904128479 278.6907485788393 -9.486155246768295 43.11104353586145 150.5762159892955 -999.0 16600.0 -999.0 2 -999 {-999.0 -999.0 -999.0 -999.0 -999.0} "" -999.0 -999.0 -999.0 -999.0 -999 -999 "" "" "" "" 0 0 0.0 0.0 -999 ""
FIBERMAP 751 R-10C16 BOSS 1 1 0 1 0 0 144.00814257393282 -184.59949763586812 143.1 40.97439260886513 -230.4813021258567 162.99345 98.20453 278.6697649890612 -9.514328412030803 0.6864141 -2.0292163 0.31427908 278.6697486517049 -9.514354216160978 278.69278218248115 -9.483456191107088 43.112654304688625 150.57217243992793 5400.0 5400.0 2016.0 1 268 {-999.0 15.771626 14.66525 14.026547 -999.0} sdss_psfmag_from_g3xp 15.369634 14.522832 13.601594 11.981 63050395540388107 1093181778 bright_3x1 mwm_astar_core_boss mwm_ob science 0 0 0.0 0.0 -999 ""
FIBERMAP 751 R-10C16 METROLOGY 0 0 0 1 0 0 144.5942111848529 -185.06233758664214 143.1 41.275989589954925 -231.16437316255076 162.99345 98.20453 -999.0 -999.0 -999.0 -999.0 -999.0 278.67109402735207 -9.517351170120897 278.69416081125127 -9.486504297496735 43.10931691180859 150.5722300129542 -999.0 6231.0 -999.0 -1 -999 {-999.0 -999.0 -999.0 -999.0 -999.0} "" -999.0 -999.0 -999.0 -999.0 -999 -999 "" "" "" "" 0 0 0.0 0.0 -999 ""
FIBERMAP 753 R-2C22 APOGEE 0 0 0 1 0 0 191.5423428256287 -46.64878113223434 143.1 147.48141001914212 -130.7796873339527 213.7113 120.585075 -999.0 -999.0 -999.0 -999.0 -999.0 279.16049150760415 -9.063935029513654 279.18228304819576 -9.032153030669592 43.3164200124768 149.70918414634835 -999.0 16600.0 -999.0 2 -999 {-999.0 -999.0 -999.0 -999.0 -999.0} "" -999.0 -999.0 -999.0 -999.0 -999 -999 "" "" "" "" 0 0 0.0 0.0 -999 ""
FIBERMAP 753 R-2C22 BOSS 1 1 0 1 0 0 190.86000733697486 -46.327414323118745 143.1 147.02858784955416 -130.1766475672889 213.7113 120.585075 279.1585819153183 -9.06143063455909 -3.7320983 -2.0489593 1.557035 279.15856421901873 -9.061442537127938 279.1802561736377 -9.029471317966982 43.31970149297315 149.71008593495748 5400.0 5400.0 2016.0 1 285 {-999.0 17.743591 16.173506 15.442808 -999.0} sdss_psfmag_ps1 17.092941 16.056612 15.043904 12.597 63050395540444963 917199857 bright_4x1 mwm_yso_pms_boss_sagitta_edr3 mwm_yso science 0 0 0.0 0.0 -999 ""
FIBERMAP 753 R-2C22 METROLOGY 0 0 0 1 0 0 191.46951739263528 -45.90624599042547 143.1 147.7641958043492 -130.0893656676808 213.7113 120.585075 -999.0 -999.0 -999.0 -999.0 -999.0 279.16189850428873 -9.060975080697572 279.18361458682017 -9.029050702270276 43.31865687938466 149.70572058731906 -999.0 6231.0 -999.0 -1 -999 {-999.0 -999.0 -999.0 -999.0 -999.0} "" -999.0 -999.0 -999.0 -999.0 -999 -999 "" "" "" "" 0 0 0.0 0.0 -999 ""
FIBERMAP 756 R-13C9 APOGEE 1 1 0 1 0 0 25.98728836449214 -234.5386513054584 143.1 -86.68350187450203 -219.44171472553234 158.30847 61.574486 278.0832652346868 -9.462253107770124 -2.0007908 -4.5435143 0.7653786 278.08327768069074 -9.462286613729294 278.1065066449054 -9.433151817216638 43.39805352149452 151.2662316137895 16000.0 16600.0 2016.0 2 207 {-999.0 23.35874 22.05305 17.941504 -999.0} sdss_psfmag_gaia 21.191639 18.553772 16.89518 10.778 63050395540998254 1154739981 bright_1x1 mwm_galactic_core_dist_apogee_sparse mwm_galactic science 0 0 0.0 0.0 -999 ""
FIBERMAP 756 R-13C9 BOSS 0 0 0 1 0 0 26.537281344112166 -234.04237349196444 143.1 -85.96538156251168 -219.2602233720668 158.30847 61.574486 -999.0 -999.0 -999.0 -999.0 -999.0 278.08664807019477 -9.461725100182019 278.10978461869905 -9.432384855981283 43.39742791747185 151.26173954286935 -999.0 5400.0 -999.0 1 334 {-999.0 -999.0 -999.0 -999.0 -999.0} "" -999.0 -999.0 -999.0 -999.0 -999 -999 "" "" "" "" 0 0 0.0 0.0 -999 ""
FIBERMAP 756 R-13C9 METROLOGY 0 0 0 1 0 0 26.69477168676081 -234.77077298642985 143.1 -86.16672931360236 -219.97763419317118 158.30847 61.574486 -999.0 -999.0 -999.0 -999.0 -999.0 278.08570388566505 -9.464872768259907 278.1088741919946 -9.435589330957145 43.39487298543971 151.26467437178425 -999.0 6231.0 -999.0 -1 -999 {-999.0 -999.0 -999.0 -999.0 -999.0} "" -999.0 -999.0 -999.0 -999.0 -999 -999 "" "" "" "" 0 0 0.0 0.0 -999 ""
FIBERMAP 758 R+4C17 APOGEE 1 1 0 1 0 0 99.78450703435976 91.43033298597064 143.1 130.9380907255125 34.157408937237456 168.92516 72.65472 279.08639670625934 -8.314658093934273 0.009086669 -2.5962796 0.039167944 279.08636587076995 -8.314683328757221 279.10630325045753 -8.283434845790376 44.024323721857826 149.35645147876608 16000.0 16600.0 2016.0 2 83 {-999.0 23.17869 18.649025 16.580807 -999.0} sdss_psfmag_ps1 19.4217 16.887209 15.308116 10.626 63050395541746330 1153932418 bright_1x1 mwm_galactic_core_dist_apogee_sparse mwm_galactic science 0 0 0.0 0.0 -999 ""
FIBERMAP 758 R+4C17 BOSS 0 0 0 1 0 0 100.13670914706327 92.08285087143622 143.1 131.55444326719157 34.56946127661175 168.92516 72.65472 -999.0 -999.0 -999.0 -999.0 -999.0 279.0893374161155 -8.312990998214955 279.10917695183963 -8.281545180121322 44.02479519176457 149.35174852884495 -999.0 5400.0 -999.0 1 210 {-999.0 -999.0 -999.0 -999.0 -999.0} "" -999.0 -999.0 -999.0 -999.0 -999 -999 "" "" "" "" 0 0 0.0 0.0 -999 ""
FIBERMAP 758 R+4C17 METROLOGY 0 0 0 1 0 0 100.53433901100222 91.4605112285159 143.1 131.61492307549406 33.833518894841994 168.92516 72.65472 -999.0 -999.0 -999.0 -999.0 -999.0 279.08957778754444 -8.316287872196666 279.10945169495403 -8.28489386079723 44.02165920400945 149.35342498708852 -999.0 6231.0 -999.0 -1 -999 {-999.0 -999.0 -999.0 -999.0 -999.0} "" -999.0 -999.0 -999.0 -999.0 -999 -999 "" "" "" "" 0 0 0.0 0.0 -999 ""
FIBERMAP 760 R+10C10 APOGEE 0 0 0 1 0 0 36.02531224730695 206.2308934067141 143.1 128.25756650293368 165.43027801697826 80.61407 71.74081 -999.0 -999.0 -999.0 -999.0 -999.0 279.0731596189891 -7.719358685084005 279.0916083189261 -7.6884091851018965 44.56644052264442 149.01314624639556 -999.0 16600.0 -999.0 2 -999 {-999.0 -999.0 -999.0 -999.0 -999.0} "" -999.0 -999.0 -999.0 -999.0 -999 -999 "" "" "" "" 0 0 0.0 0.0 -999 ""
FIBERMAP 760 R+10C10 BOSS 1 1 0 1 0 0 36.702579799932174 205.87920192109715 143.1 128.6917320492823 164.80280578475796 80.61407 71.74081 279.07528358545983 -7.722351710051825 -0.22239666 2.9849582 0.6151567 279.07527016129563 -7.722351143309538 279.0936342007802 -7.691208397875371 44.563045484042526 149.01232779930933 5400.0 5400.0 2016.0 1 122 {-999.0 17.438934 16.208263 15.566568 -999.0} sdss_psfmag_ps1 16.983742 16.096758 15.176738 12.991 63050395605588133 916945310 bright_5x1 mwm_yso_disk_boss mwm_yso science 0 0 0.0 0.0 -999 ""
FIBERMAP 760 R+10C10 METROLOGY 0 0 0 1 0 0 36.0614384006625 205.48567070070234 143.1 127.94108833004478 164.75473869959959 80.61407 71.74081 -999.0 -999.0 -999.0 -999.0 -999.0 279.0718140678075 -7.722503199103972 279.09020572397276 -7.691422269014807 44.5643372962386 149.01674866932336 -999.0 6231.0 -999.0 -1 -999 {-999.0 -999.0 -999.0 -999.0 -999.0} "" -999.0 -999.0 -999.0 -999.0 -999 -999 "" "" "" "" 0 0 0.0 0.0 -999 ""
FIBERMAP 761 R+4C9 APOGEE 1 1 0 1 0 0 -78.0607259939976 69.1791229739124 143.1 -36.6496305110859 97.63758274259428 220.88571 114.54616 278.31665039062494 -8.0239717103737 -999.0 -999.0 -999.0 278.31664608017775 -8.023961907091154 278.33615104563677 -7.994861718721809 44.61138207656641 150.1469638949926 16000.0 16600.0 2015.5 2 118 {-999.0 -999.0 -999.0 -999.0 -999.0} "" -999.0 -999.0 -999.0 -999.0 27021603148729371 848995831 "" ops_sky_apogee_good ops_sky sky_apogee 0 0 0.0 0.0 -999 ""
FIBERMAP 761 R+4C9 BOSS 0 0 0 1 0 0 -78.74395230775248 69.48273565007716 143.1 -37.111540453989676 98.2253473683242 220.88571 114.54616 -999.0 -999.0 -999.0 -999.0 -999.0 278.31460290641536 -8.021426431788074 278.33401398460154 -7.992145264575661 44.61473845100643 150.14804527353996 -999.0 5400.0 -999.0 1 64 {-999.0 -999.0 -999.0 -999.0 -999.0} "" -999.0 -999.0 -999.0 -999.0 -999 -999 "" "" "" "" 0 0 0.0 0.0 -999 ""
FIBERMAP 761 R+4C9 METROLOGY 0 0 0 1 0 0 -78.16575178393099 69.95255529686739 143.1 -36.38085924913435 98.37026659315387 220.88571 114.54616 -999.0 -999.0 -999.0 -999.0 -999.0 278.3179421591077 -8.020731381470526 278.33737521945415 -7.991494885189374 44.613920902566875 150.1434213770496 -999.0 6231.0 -999.0 -1 -999 {-999.0 -999.0 -999.0 -999.0 -999.0} "" -999.0 -999.0 -999.0 -999.0 -999 -999 "" "" "" "" 0 0 0.0 0.0 -999 ""
FIBERMAP 762 R+2C22 APOGEE 0 0 0 1 0 0 197.54810887141372 56.52570024456296 143.1 201.02575348612103 -42.398894370349325 140.08302 74.144394 -999.0 -999.0 -999.0 -999.0 -999.0 279.4063374200103 -8.662737918319994 279.42702123867576 -8.630493481740151 43.57390114020222 149.16951657527503 -999.0 16600.0 -999.0 2 -999 {-999.0 -999.0 -999.0 -999.0 -999.0} "" -999.0 -999.0 -999.0 -999.0 -999 -999 "" "" "" "" 0 0 0.0 0.0 -999 ""
FIBERMAP 762 R+2C22 BOSS 1 1 0 1 0 0 198.14444204506052 56.9451462490005 143.1 201.74891010293288 -42.30697424111209 140.08302 74.144394 279.4097900390625 -8.662534798096928 -999.0 -999.0 -999.0 279.4097710541869 -8.66251908860174 279.4303583659452 -8.630072712083843 43.572841595796916 149.16516485556645 5400.0 5400.0 2015.5 1 224 {-999.0 -999.0 -999.0 -999.0 -999.0} "" -999.0 -999.0 -999.0 -999.0 27021603148724071 852783631 "" ops_sky_boss_fallback ops_sky sky_boss 0 0 0.0 0.0 -999 ""
FIBERMAP 762 R+2C22 METROLOGY 0 0 0 1 0 0 198.22016384030877 56.20165688435435 143.1 201.4682380876451 -42.99949338854176 140.08302 74.144394 -999.0 -999.0 -999.0 -999.0 -999.0 279.4084515334809 -8.665606233419146 279.4290739284772 -8.633216608894438 43.57056571042957 149.16863391259656 -999.0 6231.0 -999.0 -1 -999 {-999.0 -999.0 -999.0 -999.0 -999.0} "" -999.0 -999.0 -999.0 -999.0 -999 -999 "" "" "" "" 0 0 0.0 0.0 -999 ""
FIBERMAP 765 R+2C19 APOGEE 1 1 0 1 0 0 133.73374123325576 29.03147369241325 143.1 131.77061581561935 -36.864515012117906 234.79239 144.53587 279.0898132324219 -8.637773745558547 -999.0 -999.0 -999.0 279.08986428714996 -8.637798964516737 279.1106122168471 -8.606396001262935 43.73122554926559 149.5447154492841 16000.0 16600.0 2015.5 2 72 {-999.0 -999.0 -999.0 -999.0 -999.0} "" -999.0 -999.0 -999.0 -999.0 27021603148724361 848994942 "" ops_sky_apogee_good ops_sky sky_apogee 0 0 0.0 0.0 -999 ""
FIBERMAP 765 R+2C19 BOSS 0 0 0 1 0 0 133.0311254861329 28.780776988638515 143.1 131.03241745942472 -36.75760021452074 234.79239 144.53587 -999.0 -999.0 -999.0 -999.0 -999.0 279.08662740006054 -8.637520228453797 279.1072829385006 -8.605933420007267 43.733061855418505 149.54855017498573 -999.0 5400.0 -999.0 1 221 {-999.0 -999.0 -999.0 -999.0 -999.0} "" -999.0 -999.0 -999.0 -999.0 -999 -999 "" "" "" "" 0 0 0.0 0.0 -999 ""
FIBERMAP 765 R+2C19 METROLOGY 0 0 0 1 0 0 133.16418364327086 29.518508549918437 143.1 131.49492339186136 -36.16777906566439 234.79239 144.53587 -999.0 -999.0 -999.0 -999.0 -999.0 279.08871688461795 -8.634780170040747 279.10939104753453 -8.603243670732358 43.73459043987128 149.5443426280898 -999.0 6231.0 -999.0 -1 -999 {-999.0 -999.0 -999.0 -999.0 -999.0} "" -999.0 -999.0 -999.0 -999.0 -999 -999 "" "" "" "" 0 0 0.0 0.0 -999 ""
FIBERMAP 766 R+7C3 APOGEE 1 1 0 1 0 0 -160.06935878247413 138.8455865485007 143.1 -76.560694095453 197.55162201750124 337.67883 152.34326 278.1358894282015 -7.571522570468132 -2.081341 -3.7994318 0.85387015 278.135879725363 -7.571509010658476 278.15431396440397 -7.543081463223981 45.096973621676405 150.10790679205493 16000.0 16600.0 2016.0 2 123 {-999.0 18.149048 16.554071 15.809548 -999.0} sdss_psfmag_ps1 17.441477 16.696507 15.111169 12.641 63050395542029453 1034745001 bright_1x1 mwm_yso_variable_apogee_single mwm_yso science 0 0 0.0 0.0 -999 ""
FIBERMAP 766 R+7C3 BOSS 0 0 0 1 0 0 -159.57569889670742 138.2778832136131 143.1 -76.38979651199165 196.81907271391202 337.67883 152.34326 -999.0 -999.0 -999.0 -999.0 -999.0 278.1367090832328 -7.574948238342498 278.1550649266139 -7.546332663753086 45.093712490529285 150.10889793814422 -999.0 5400.0 -999.0 1 26 {-999.0 -999.0 -999.0 -999.0 -999.0} "" -999.0 -999.0 -999.0 -999.0 -999 -999 "" "" "" "" 0 0 0.0 0.0 -999 ""
FIBERMAP 766 R+7C3 METROLOGY 0 0 0 1 0 0 -160.31062443093143 138.1386472335331 143.1 -77.10444093330841 197.03960526609572 337.67883 152.34326 -999.0 -999.0 -999.0 -999.0 -999.0 278.13342772906293 -7.573911050592269 278.15180678542475 -7.545356784607875 45.09596217268641 150.112460155484 -999.0 6231.0 -999.0 -1 -999 {-999.0 -999.0 -999.0 -999.0 -999.0} "" -999.0 -999.0 -999.0 -999.0 -999 -999 "" "" "" "" 0 0 0.0 0.0 -999 ""
FIBERMAP 776 R+1C5 APOGEE 1 1 0 1 0 0 -190.42595655244943 9.173318347341095 143.1 -164.01529399428892 97.13584555910741 243.5052 142.64246 277.7330017089843 -8.025148922880163 -999.0 -999.0 -999.0 277.7329880809856 -8.025141188188625 277.7527170356496 -7.997572058737567 44.85037660133924 150.887403692781 16000.0 16600.0 2015.5 2 110 {-999.0 -999.0 -999.0 -999.0 -999.0} "" -999.0 -999.0 -999.0 -999.0 27021603148728776 848995652 "" ops_sky_apogee_good ops_sky sky_apogee 0 0 0.0 0.0 -999 ""
FIBERMAP 776 R+1C5 BOSS 0 0 0 1 0 0 -191.11649689585443 8.873324410386184 143.1 -164.76586726509504 97.19354451478533 243.5052 142.64246 -999.0 -999.0 -999.0 -999.0 -999.0 277.72960676990016 -8.025035620987161 277.74925115651666 -7.997288591806377 44.85205258873962 150.89164738285746 -999.0 5400.0 -999.0 1 63 {-999.0 -999.0 -999.0 -999.0 -999.0} "" -999.0 -999.0 -999.0 -999.0 -999 -999 "" "" "" "" 0 0 0.0 0.0 -999 ""
FIBERMAP 776 R+1C5 METROLOGY 0 0 0 1 0 0 -191.02911652393354 9.620387191051012 143.1 -164.33937014766275 97.81296820711727 243.5052 142.64246 -999.0 -999.0 -999.0 -999.0 -999.0 277.73155825059087 -8.022182675265217 277.75121894767483 -7.994484733843463 44.85380102959948 150.8875102541959 -999.0 6231.0 -999.0 -1 -999 {-999.0 -999.0 -999.0 -999.0 -999.0} "" -999.0 -999.0 -999.0 -999.0 -999 -999 "" "" "" "" 0 0 0.0 0.0 -999 ""
FIBERMAP 779 R+1C20 APOGEE 1 1 0 1 0 0 158.96032654217487 27.152023109737954 143.1 153.18792463988754 -50.319595342629455 47.03895 98.30338 279.1878718449832 -8.698937712179625 -2.2647743 -4.855455 0.3961916 279.1878676165927 -8.698942849716904 279.2087301030832 -8.66725511041402 43.63445618072232 149.4600422211969 16000.0 16600.0 2016.0 2 85 {-999.0 23.797539 24.163752 19.758263 -999.0} sdss_psfmag_ps1 21.174904 18.252447 16.360493 7.888 63050395541663436 1153932188 bright_1x1 mwm_galactic_core_dist_apogee_sparse mwm_galactic science 0 0 0.0 0.0 -999 ""
FIBERMAP 779 R+1C20 BOSS 0 0 0 1 0 0 159.57565598053372 26.745904972855964 143.1 153.5419018526325 -50.9662140467103 47.03895 98.30338 -999.0 -999.0 -999.0 -999.0 -999.0 279.1896294282645 -8.702091259876136 279.2104055335964 -8.670204447744853 43.631080679023356 149.45973990240302 -999.0 5400.0 -999.0 1 233 {-999.0 -999.0 -999.0 -999.0 -999.0} "" -999.0 -999.0 -999.0 -999.0 -999 -999 "" "" "" "" 0 0 0.0 0.0 -999 ""
FIBERMAP 779 R+1C20 METROLOGY 0 0 0 1 0 0 158.90910201041964 26.40561766158355 143.1 152.79369042582675 -50.95534169230433 47.03895 98.30338 -999.0 -999.0 -999.0 -999.0 -999.0 279.1861678936382 -8.701986087970845 279.2069716550684 -8.670163110014107 43.63258512261064 149.46394463965717 -999.0 6231.0 -999.0 -1 -999 {-999.0 -999.0 -999.0 -999.0 -999.0} "" -999.0 -999.0 -999.0 -999.0 -999 -999 "" "" "" "" 0 0 0.0 0.0 -999 ""
FIBERMAP 781 R+8C12 APOGEE 0 0 0 1 0 0 25.702716594265937 155.95376953179604 143.1 95.62852676640574 125.81992288557191 218.98438 67.49555 -999.0 -999.0 -999.0 -999.0 -999.0 278.9243396434289 -7.897814482040446 278.943293651267 -7.867176309098 44.46941215751937 149.3077891423754 -999.0 16600.0 -999.0 2 -999 {-999.0 -999.0 -999.0 -999.0 -999.0} "" -999.0 -999.0 -999.0 -999.0 -999 -999 "" "" "" "" 0 0 0.0 0.0 -999 ""
FIBERMAP 781 R+8C12 BOSS 1 1 0 1 0 0 25.489520516795643 156.6740729182569 143.1 95.77685506053777 126.55622175023744 218.98438 67.49555 278.9251585100963 -7.894539589122644 3.7589445 1.98791 1.2750956 278.92514141589555 -7.8946219186050515 278.94399616877797 -7.863795712312595 44.47215737588906 149.304857548125 5400.0 5400.0 2016.0 1 139 {-999.0 19.99726 18.46736 17.695164 -999.0} sdss_psfmag_ps1 19.406466 18.310326 17.079758 14.657 63050395541989202 1096301591 bright_1x1 mwm_bin_vis_boss mwm_filler science 0 0 0.0 0.0 -999 ""
FIBERMAP 781 R+8C12 METROLOGY 0 0 0 1 0 0 26.208303898696016 156.5024438050319 143.1 96.33189651040603 126.06848435978817 218.98438 67.49555 -999.0 -999.0 -999.0 -999.0 -999.0 278.92765417218357 -7.896798049184492 278.94653917176305 -7.866017372050686 44.46906354005898 149.30302522323137 -999.0 6231.0 -999.0 -1 -999 {-999.0 -999.0 -999.0 -999.0 -999.0} "" -999.0 -999.0 -999.0 -999.0 -999 -999 "" "" "" "" 0 0 0.0 0.0 -999 ""
FIBERMAP 784 R0C21 APOGEE 1 1 0 1 0 0 161.91909433640473 -8.85178748629579 143.1 138.97042001438476 -83.52410066237414 275.365 140.31018 279.12233977669985 -8.849824002887496 -0.4034168 -2.0428877 0.22270875 279.1223459581216 -8.849825833294819 279.14361411547793 -8.818241569764691 43.5259821294854 149.6300791918323 16000.0 16600.0 2016.0 2 73 {-999.0 21.720295 17.94865 16.18634 -999.0} sdss_psfmag_ps1 19.415512 16.620855 15.119992 10.52 63050395541654678 1153932234 bright_1x1 mwm_galactic_core_dist_apogee_sparse mwm_galactic science 0 0 0.0 0.0 -999 ""
FIBERMAP 784 R0C21 BOSS 0 0 0 1 0 0 161.5083248984815 -9.466034574338616 143.1 138.3201963766156 -83.8749466798171 275.365 140.31018 -999.0 -999.0 -999.0 -999.0 -999.0 279.11950364794836 -8.851646414883696 279.1406840046126 -8.819874836090776 43.525753321777245 149.63465322746958 -999.0 5400.0 -999.0 1 243 {-999.0 -999.0 -999.0 -999.0 -999.0} "" -999.0 -999.0 -999.0 -999.0 -999 -999 "" "" "" "" 0 0 0.0 0.0 -999 ""
FIBERMAP 784 R0C21 METROLOGY 0 0 0 1 0 0 161.17151168017125 -8.802366861229347 143.1 138.33278984898442 -83.13091042377077 275.365 140.31018 -999.0 -999.0 -999.0 -999.0 -999.0 279.1195362152341 -8.848207625050403 279.1407344155983 -8.816492502881642 43.52878528102571 149.63258444911324 -999.0 6231.0 -999.0 -1 -999 {-999.0 -999.0 -999.0 -999.0 -999.0} "" -999.0 -999.0 -999.0 -999.0 -999 -999 "" "" "" "" 0 0 0.0 0.0 -999 ""
FIBERMAP 786 R+11C5 APOGEE 1 1 0 1 0 0 -88.49547473637813 232.86736993935523 143.1 30.655583358778983 247.18849880773234 189.70909 23.330502 278.626876934157 -7.349739798537888 -5.0306554 -6.610652 -0.22432801 278.6267928307872 -7.349760894684326 278.6444850377595 -7.320142904132989 45.09074483624737 149.3504736476464 16000.0 16600.0 2016.0 2 22 {-999.0 23.221724 21.409098 18.500957 -999.0} sdss_psfmag_gaia 21.180174 19.205126 17.427591 10.457 63050395542042216 1154742178 bright_1x1 mwm_galactic_core_dist_apogee_sparse mwm_galactic science 0 0 0.0 0.0 -999 ""
FIBERMAP 786 R+11C5 BOSS 0 0 0 1 0 0 -87.87413664742651 233.27367567714137 143.1 31.394696694133458 247.25711485431913 189.70909 23.330502 -999.0 -999.0 -999.0 -999.0 -999.0 278.63025795247785 -7.349629304201352 278.6478598566617 -7.319818827144448 45.08959030288406 149.34599970264915 -999.0 5400.0 -999.0 1 144 {-999.0 -999.0 -999.0 -999.0 -999.0} "" -999.0 -999.0 -999.0 -999.0 -999 -999 "" "" "" "" 0 0 0.0 0.0 -999 ""
FIBERMAP 786 R+11C5 METROLOGY 0 0 0 1 0 0 -87.82123879740575 232.52670357768835 143.1 31.092223957301893 246.5721882458094 189.70909 23.330502 -999.0 -999.0 -999.0 -999.0 -999.0 278.6288501614409 -7.352637579266372 278.6464852749828 -7.322881462432933 45.087417812412255 149.3496160577746 -999.0 6231.0 -999.0 -1 -999 {-999.0 -999.0 -999.0 -999.0 -999.0} "" -999.0 -999.0 -999.0 -999.0 -999 -999 "" "" "" "" 0 0 0.0 0.0 -999 ""
FIBERMAP 787 R+9C16 APOGEE 1 1 0 1 0 0 155.80064322306674 161.6280218629961 143.1 213.26570403232898 70.01143511355072 332.89255 89.307434 279.4612674014495 -8.152848187469134 -2.5600996 -0.8462566 0.5750302 279.4616789095486 -8.152839702644883 279.4810618221793 -8.120679625621623 44.008798200699296 148.7936055474902 16000.0 16600.0 2016.0 2 88 {-999.0 16.265997 15.652131 10.345904 -999.0} sdss_psfmag_gaia 14.067026 10.842058 9.337395 5.213 63050395541716739 1154741204 bright_1x1 mwm_galactic_core_dist_apogee_sparse mwm_galactic science 0 0 1.4651654958724976 0.0 -999 ""
FIBERMAP 787 R+9C16 BOSS 0 0 0 1 0 0 155.470915264742 160.95741924584982 143.1 212.66075980591395 69.57289181382716 332.89255 89.307434 -999.0 -999.0 -999.0 -999.0 -999.0 279.45907211798203 -8.154994958753228 279.47836756150355 -8.122651045128244 44.008201690930385 148.79814180290794 -999.0 5400.0 -999.0 1 227 {-999.0 -999.0 -999.0 -999.0 -999.0} "" -999.0 -999.0 -999.0 -999.0 -999 -999 "" "" "" "" 0 0 0.0 0.0 -999 ""
FIBERMAP 787 R+9C16 METROLOGY 0 0 0 1 0 0 155.05090865638675 161.56758209310632 143.1 212.5748098661738 70.30853359395607 332.89255 89.307434 -999.0 -999.0 -999.0 -999.0 -999.0 279.45863718307874 -8.151609760666659 279.47795093434945 -8.119322277156249 44.011372339911475 148.79662010333718 -999.0 6231.0 -999.0 -1 -999 {-999.0 -999.0 -999.0 -999.0 -999.0} "" -999.0 -999.0 -999.0 -999.0 -999 -999 "" "" "" "" 0 0 0.0 0.0 -999 ""
FIBERMAP 789 R+2C9 APOGEE 1 1 0 1 0 0 -100.87873799785388 55.665754993289475 143.1 -63.13464320282046 96.36198150905035 177.1522 49.878506 278.19492791817885 -8.029466155117198 -1.0899234 -2.6794603 0.167131 278.1949367474525 -8.029478354359508 278.21450201919606 -8.0006950515685 44.6568899874404 150.3039210043859 16000.0 16600.0 2016.0 2 109 {-999.0 22.438633 18.305573 16.28859 -999.0} sdss_psfmag_ps1 19.766369 16.599379 15.071868 9.981 63050395541971130 1153934224 bright_1x1 mwm_galactic_core_dist_apogee_sparse mwm_galactic science 0 0 0.0 0.0 -999 ""
FIBERMAP 789 R+2C9 BOSS 0 0 0 1 0 0 -100.38642647529602 56.23383111280123 143.1 -62.43393620491252 96.63389761244387 177.1522 49.878506 -999.0 -999.0 -999.0 -999.0 -999.0 278.19821888601183 -8.02839320195146 278.21769242283875 -7.999414395488865 44.65672266978357 150.29913428014785 -999.0 5400.0 -999.0 1 53 {-999.0 -999.0 -999.0 -999.0 -999.0} "" -999.0 -999.0 -999.0 -999.0 -999 -999 "" "" "" "" 0 0 0.0 0.0 -999 ""
FIBERMAP 789 R+2C9 METROLOGY 0 0 0 1 0 0 -100.14254457460302 55.527762726590396 143.1 -62.54848830676395 95.89583377898875 177.1522 49.878506 -999.0 -999.0 -999.0 -999.0 -999.0 278.19765865576153 -8.031701060238161 278.21716560684933 -8.002775347708733 44.653893112804774 150.30178736152845 -999.0 6231.0 -999.0 -1 -999 {-999.0 -999.0 -999.0 -999.0 -999.0} "" -999.0 -999.0 -999.0 -999.0 -999 -999 "" "" "" "" 0 0 0.0 0.0 -999 ""
FIBERMAP 790 R+6C16 APOGEE 0 0 0 1 0 0 124.64817182507875 129.10129486833893 143.1 170.5253018052271 55.82781012343605 81.43637 75.49237 -999.0 -999.0 -999.0 -999.0 -999.0 279.2673448463641 -8.216599172806125 279.2869645728645 -8.184920015365229 44.03528253285101 149.07292647185994 -999.0 16600.0 -999.0 2 -999 {-999.0 -999.0 -999.0 -999.0 -999.0} "" -999.0 -999.0 -999.0 -999.0 -999 -999 "" "" "" "" 0 0 0.0 0.0 -999 ""
FIBERMAP 790 R+6C16 BOSS 1 1 0 1 0 0 125.35931476909643 128.8063440180185 143.1 171.01593486889232 55.234649451593086 81.43637 75.49237 279.26971435546875 -8.219436082942323 -999.0 -999.0 -999.0 279.26973305450855 -8.219471437081348 279.28926592614187 -8.187594834574416 44.031881559242834 149.07170047616273 5400.0 5400.0 2015.5 1 215 {-999.0 -999.0 -999.0 -999.0 -999.0} "" -999.0 -999.0 -999.0 -999.0 27021603148725825 852783984 "" ops_sky_boss_fallback ops_sky sky_boss 0 0 0.0 0.0 -999 ""
FIBERMAP 790 R+6C16 METROLOGY 0 0 0 1 0 0 124.74584434624803 128.3616178718599 143.1 170.26581284541524 55.12839802533124 81.43637 75.49237 -999.0 -999.0 -999.0 -999.0 -999.0 279.26627446405547 -8.219894451754481 279.28583616351517 -8.18808054433993 44.032926778502755 149.07624351978382 -999.0 6231.0 -999.0 -1 -999 {-999.0 -999.0 -999.0 -999.0 -999.0} "" -999.0 -999.0 -999.0 -999.0 -999 -999 "" "" "" "" 0 0 0.0 0.0 -999 ""
FIBERMAP 791 R+7C20 APOGEE 1 1 0 1 0 0 207.4078861058961 143.99282835481642 143.1 250.63286157089826 30.297449019598194 92.90018 142.46492 279.6312744735722 -8.333104855439661 -2.5486991 -3.159825 0.06373348 279.631255002087 -8.333118609036108 279.65102188935845 -8.300433238377066 43.77329805193291 148.69404138906737 16000.0 16600.0 2016.0 2 76 {-999.0 24.597376 20.183685 17.471085 -999.0} sdss_psfmag_ps1 21.50517 17.560558 15.942616 10.325 63050395541700478 1153932434 bright_1x1 mwm_galactic_core_dist_apogee_sparse mwm_galactic science 0 0 0.0 0.0 -999 ""
FIBERMAP 791 R+7C20 BOSS 0 0 0 1 0 0 207.76973260536226 144.64200155503096 143.1 251.25617439123081 30.702036271902855 92.90018 142.46492 -999.0 -999.0 -999.0 -999.0 -999.0 279.6341775468457 -8.331480139155811 279.6538441033829 -8.298596747981906 43.77371260141863 148.6894482823728 -999.0 5400.0 -999.0 1 250 {-999.0 -999.0 -999.0 -999.0 -999.0} "" -999.0 -999.0 -999.0 -999.0 -999 -999 "" "" "" "" 0 0 0.0 0.0 -999 ""
FIBERMAP 791 R+7C20 METROLOGY 0 0 0 1 0 0 208.15690896099468 144.00689436556456 143.1 251.30144598338586 29.959696798254473 92.90018 142.46492 -999.0 -999.0 -999.0 -999.0 -999.0 279.6343570124415 -8.3347873938319 279.65405871337094 -8.301956183837083 43.77060469736017 148.6912388966127 -999.0 6231.0 -999.0 -1 -999 {-999.0 -999.0 -999.0 -999.0 -999.0} "" -999.0 -999.0 -999.0 -999.0 -999 -999 "" "" "" "" 0 0 0.0 0.0 -999 ""
FIBERMAP 792 R-7C14 APOGEE 1 1 0 1 0 0 89.6474999931906 -146.2692007531594 143.1 10.84910263344118 -171.18910675772 334.60535 99.466545 278.531969546667 -9.247107524473579 1.1445451 -4.396181 1.2202986 278.53199215843307 -9.247093839867768 278.5544982071942 -9.216878487259715 43.41186892800869 150.58909971890617 16000.0 16600.0 2016.0 2 184 {-999.0 16.774054 15.092775 14.289559 -999.0} sdss_psfmag_ps1 16.018183 14.806866 13.730358 11.198 63050395541540043 1034952124 bright_1x1 mwm_yso_pms_apogee_sagitta_edr3_single mwm_yso science 0 0 0.0 0.0 -999 ""
FIBERMAP 792 R-7C14 BOSS 0 0 0 1 0 0 89.46765179698994 -146.98790649823903 143.1 10.354137274535333 -171.74023699318047 334.60535 99.466545 -999.0 -999.0 -999.0 -999.0 -999.0 278.52980088364006 -9.249831443239795 278.55222331809045 -9.21942466612121 43.410495529028374 150.5933735619156 -999.0 5400.0 -999.0 1 326 {-999.0 -999.0 -999.0 -999.0 -999.0} "" -999.0 -999.0 -999.0 -999.0 -999 -999 "" "" "" "" 0 0 0.0 0.0 -999 ""
FIBERMAP 792 R-7C14 METROLOGY 0 0 0 1 0 0 88.92865445184201 -146.4590801273769 143.1 10.124993311264923 -171.0208520546899 334.60535 99.466545 -999.0 -999.0 -999.0 -999.0 -999.0 278.5287284780756 -9.24651259168875 278.5511688664304 -9.216165691805388 43.4138910741774 150.5927984727416 -999.0 6231.0 -999.0 -1 -999 {-999.0 -999.0 -999.0 -999.0 -999.0} "" -999.0 -999.0 -999.0 -999.0 -999 -999 "" "" "" "" 0 0 0.0 0.0 -999 ""
FIBERMAP 793 R+7C1 APOGEE 1 1 0 1 0 0 -234.45110345530216 130.48425839739835 143.1 -146.21054951652434 224.93668950440608 269.3022 18.795795 277.81957071426484 -7.44901605083302 -2.2396526 -4.4437866 1.0622538 277.8195885256051 -7.449027468198705 277.83783211954426 -7.421482654613886 45.33925721620623 150.4394670422366 16000.0 16600.0 2016.0 2 97 {-999.0 24.172377 22.496004 19.199347 -999.0} sdss_psfmag_gaia 22.081886 19.878012 18.13788 10.471 63050395545515416 1154742945 bright_1x1 mwm_galactic_core_dist_apogee_sparse mwm_galactic science 0 0 0.0 0.0 -999 ""
FIBERMAP 793 R+7C1 BOSS 0 0 0 1 0 0 -234.68574050579693 131.18657327834683 143.1 -146.08958139017284 225.66711371560982 269.3022 18.795795 -999.0 -999.0 -999.0 -999.0 -999.0 277.82025771980034 -7.445938473982404 277.83840819637834 -7.418210071985858 45.341990645682515 150.4367810112531 -999.0 5400.0 -999.0 1 82 {-999.0 -999.0 -999.0 -999.0 -999.0} "" -999.0 -999.0 -999.0 -999.0 -999 -999 "" "" "" "" 0 0 0.0 0.0 -999 ""
FIBERMAP 793 R+7C1 METROLOGY 0 0 0 1 0 0 -233.9508263518937 131.0453450000459 143.1 -145.50607005418254 225.19870398980814 269.3022 18.795795 -999.0 -999.0 -999.0 -999.0 -999.0 277.8228599618318 -7.447975233072416 277.84103870907506 -7.420291021129783 45.33900921524892 150.43464903971343 -999.0 6231.0 -999.0 -1 -999 {-999.0 -999.0 -999.0 -999.0 -999.0} "" -999.0 -999.0 -999.0 -999.0 -999 -999 "" "" "" "" 0 0 0.0 0.0 -999 ""
FIBERMAP 795 R+5C3 APOGEE 1 1 0 1 0 0 -189.2785104210069 86.28400376878739 143.1 -126.9502563290535 164.7520634973453 255.18704 137.48386 277.90460117253787 -7.719308699995535 -4.9973254 -5.848988 0.95583284 277.9045863214881 -7.719335935154095 277.92347949751587 -7.691450561561717 45.05852191458548 150.49021976031628 16000.0 16600.0 2016.0 2 130 {-999.0 -999.0 -999.0 -999.0 -999.0} "" -999.0 19.903498 -999.0 9.667 63050395542022158 1151527364 bright_1x1 mwm_galactic_core_dist_apogee_sparse mwm_galactic science 0 0 0.0 0.0 -999 ""
FIBERMAP 795 R+5C3 BOSS 0 0 0 1 0 0 -189.88377442330335 85.87677323055982 143.1 -127.67559528160271 164.67511510654796 255.18704 137.48386 -999.0 -999.0 -999.0 -999.0 -999.0 277.9013300336185 -7.719832430967181 277.9201397953455 -7.6917703560555255 45.05961458001697 150.49466555347243 -999.0 5400.0 -999.0 1 28 {-999.0 -999.0 -999.0 -999.0 -999.0} "" -999.0 -999.0 -999.0 -999.0 -999 -999 "" "" "" "" 0 0 0.0 0.0 -999 ""
FIBERMAP 795 R+5C3 METROLOGY 0 0 0 1 0 0 -189.9440547913617 86.61961255596148 143.1 -127.38157958967892 165.35984053353278 255.18704 137.48386 -999.0 -999.0 -999.0 -999.0 -999.0 277.90267941996007 -7.716697385090981 277.92150511228306 -7.6886855877105615 45.06185158199443 150.49110021979922 -999.0 6231.0 -999.0 -1 -999 {-999.0 -999.0 -999.0 -999.0 -999.0} "" -999.0 -999.0 -999.0 -999.0 -999 -999 "" "" "" "" 0 0 0.0 0.0 -999 ""
FIBERMAP 796 R-1C17 APOGEE 0 0 0 1 0 0 70.22255475792383 -3.252756004375854 143.1 60.54400979348827 -35.705423847237505 154.24768 72.5264 -999.0 -999.0 -999.0 -999.0 -999.0 278.7625160777498 -8.632244079912313 278.7833798065675 -8.601702600739774 43.87410421613492 149.9469882897208 -999.0 16600.0 -999.0 2 -999 {-999.0 -999.0 -999.0 -999.0 -999.0} "" -999.0 -999.0 -999.0 -999.0 -999 -999 "" "" "" "" 0 0 0.0 0.0 -999 ""
FIBERMAP 796 R-1C17 BOSS 1 1 0 1 0 0 70.71755247649024 -2.7003619035885507 143.1 61.239759251325744 -35.44862382348745 154.24768 72.5264 278.7658691938952 -8.631280534927484 0.20322047 -1.8188554 0.52704775 278.76584561721745 -8.631290732508015 278.78661419294843 -8.600548913724129 43.87378587592027 149.94229281738455 5400.0 5400.0 2016.0 1 280 {-999.0 17.927322 16.743523 16.069298 15.557149} sdss_psfmag_from_ps1dr2 17.484 16.6419 15.709 -999.0 63050395541718547 1040012001 "" ops_std_boss_ps1dr2 ops_std standard_boss 0 0 0.0 0.0 -999 ""
FIBERMAP 796 R-1C17 METROLOGY 0 0 0 1 0 0 70.95292990841611 -3.4051178107945645 143.1 61.11830426380676 -36.181551629036896 154.24768 72.5264 -999.0 -999.0 -999.0 -999.0 -999.0 278.7652471722099 -8.634570036131286 278.7860501525945 -8.603882714790148 43.871007178043776 149.94496259334727 -999.0 6231.0 -999.0 -1 -999 {-999.0 -999.0 -999.0 -999.0 -999.0} "" -999.0 -999.0 -999.0 -999.0 -999 -999 "" "" "" "" 0 0 0.0 0.0 -999 ""
FIBERMAP 800 R+11C7 APOGEE 1 1 0 1 0 0 -34.01466414941143 223.49289459993878 143.1 74.42454593318955 213.4321222039538 66.40571 140.2621 278.8268263672482 -7.50191076552921 -2.6542852 -1.8704154 0.59323263 278.8267761409109 -7.501907998427069 278.84477419035346 -7.471699598441797 44.86809290664143 149.19024011255587 16000.0 16600.0 2016.0 2 16 {-999.0 24.96897 20.179613 17.693247 -999.0} sdss_psfmag_ps1 21.261253 17.783808 16.194685 10.809 63050395605599664 1153993884 bright_1x1 mwm_galactic_core_dist_apogee_sparse mwm_galactic science 0 0 0.0 0.0 -999 ""
FIBERMAP 800 R+11C7 BOSS 0 0 0 1 0 0 -33.34531578608734 223.82251836484062 143.1 75.17024169070862 213.41051865768466 66.40571 140.2621 -999.0 -999.0 -999.0 -999.0 -999.0 278.8302843194631 -7.5021718635018635 278.84819185432207 -7.4717694768374745 44.86655791885943 149.18597642510818 -999.0 5400.0 -999.0 1 112 {-999.0 -999.0 -999.0 -999.0 -999.0} "" -999.0 -999.0 -999.0 -999.0 -999 -999 "" "" "" "" 0 0 0.0 0.0 -999 ""
FIBERMAP 800 R+11C7 METROLOGY 0 0 0 1 0 0 -33.38873868007238 223.0801090034031 143.1 74.7847710475568 212.7746567338599 66.40571 140.2621 -999.0 -999.0 -999.0 -999.0 -999.0 278.82850086817444 -7.504972975148772 278.84644157196766 -7.474626361993484 44.86473855810841 149.1899328577914 -999.0 6231.0 -999.0 -1 -999 {-999.0 -999.0 -999.0 -999.0 -999.0} "" -999.0 -999.0 -999.0 -999.0 -999 -999 "" "" "" "" 0 0 0.0 0.0 -999 ""
FIBERMAP 804 R-6C16 APOGEE 0 0 0 1 0 0 111.48593927164266 -127.16518275716761 143.1 39.08208858113271 -164.5143547749187 247.70583 136.80498 -999.0 -999.0 -999.0 -999.0 -999.0 278.6620465274636 -9.217123512418105 278.6844248927985 -9.18658024200907 43.385574465826735 150.4113721686112 -999.0 16600.0 -999.0 2 -999 {-999.0 -999.0 -999.0 -999.0 -999.0} "" -999.0 -999.0 -999.0 -999.0 -999 -999 "" "" "" "" 0 0 0.0 0.0 -999 ""
FIBERMAP 804 R-6C16 BOSS 1 1 0 1 0 0 110.79061061977528 -127.48005249988336 143.1 38.3203285069029 -164.46756485396838 247.70583 136.80498 278.65864083810516 -9.217151471867483 1.5459057 2.4608405 0.9592704 278.6586457089631 -9.217160191763893 278.6809335623183 -9.18642997508959 43.3871603088426 150.41558788488987 5400.0 5400.0 2016.0 1 305 {-999.0 17.493305 15.763642 14.914862 -999.0} sdss_psfmag_ps1 16.669842 15.483367 14.375351 11.676 63050395541540690 917200037 bright_3x1 mwm_yso_pms_boss_sagitta_edr3 mwm_yso science 0 0 0.0 0.0 -999 ""
FIBERMAP 804 R-6C16 METROLOGY 0 0 0 1 0 0 110.87142068045047 -126.74206471029304 143.1 38.73677583954062 -163.85309014276774 247.70583 136.80498 -999.0 -999.0 -999.0 -999.0 -999.0 278.6605433698313 -9.214317863015589 278.6828493468231 -9.18363948016736 43.388896637105724 150.41161190271308 -999.0 6231.0 -999.0 -1 -999 {-999.0 -999.0 -999.0 -999.0 -999.0} "" -999.0 -999.0 -999.0 -999.0 -999 -999 "" "" "" "" 0 0 0.0 0.0 -999 ""
FIBERMAP 805 R0C18 APOGEE 0 0 0 1 0 0 108.84741597410242 -9.601419026717966 143.1 91.71365355498683 -59.37450448372061 39.17901 34.03224 -999.0 -999.0 -999.0 -999.0 -999.0 278.9056877388064 -8.740137708392881 278.92676642711206 -8.709171772153695 43.7164236602838 149.83290931981264 -999.0 16600.0 -999.0 2 -999 {-999.0 -999.0 -999.0 -999.0 -999.0} "" -999.0 -999.0 -999.0 -999.0 -999 -999 "" "" "" "" 0 0 0.0 0.0 -999 ""
FIBERMAP 805 R0C18 BOSS 1 1 0 1 0 0 108.640951176405 -10.326694294422452 143.1 91.19209227508513 -59.918997225635415 39.17901 34.03224 278.90312382098494 -8.74284231641296 -0.22014369 -3.103808 0.37204415 278.90341874050864 -8.742835015196825 278.9244128294881 -8.711680866790944 43.71514983581396 149.83730312062917 5400.0 5400.0 2016.0 1 241 {-999.0 14.74695 13.669217 13.067345 -999.0} sdss_psfmag_from_g3xp 14.340877 13.580633 12.659734 11.208 63050395541667878 1093769881 bright_1x1 mwm_astar_core_boss_single mwm_ob science 0 0 1.013645887374878 0.0 -999 ""
FIBERMAP 805 R0C18 METROLOGY 0 0 0 1 0 0 108.12479809723776 -9.787121435284494 143.1 90.98816295321845 -59.20079440921324 39.17901 34.03224 -999.0 -999.0 -999.0 -999.0 -999.0 278.9024548064865 -8.739506807344892 278.92346706218285 -8.708411390441618 43.718505181147556 149.83653889408234 -999.0 6231.0 -999.0 -1 -999 {-999.0 -999.0 -999.0 -999.0 -999.0} "" -999.0 -999.0 -999.0 -999.0 -999 -999 "" "" "" "" 0 0 0.0 0.0 -999 ""
FIBERMAP 806 R+4C22 APOGEE 0 0 0 1 0 0 242.15464562412873 81.12500407055232 143.1 251.9510116633851 -41.5118199799935 52.101616 69.244 -999.0 -999.0 -999.0 -999.0 -999.0 279.6372576086946 -8.658241673311085 279.6578368470012 -8.625393681291095 43.478600214989996 148.88345118178896 -999.0 16600.0 -999.0 2 -999 {-999.0 -999.0 -999.0 -999.0 -999.0} "" -999.0 -999.0 -999.0 -999.0 -999 -999 "" "" "" "" 0 0 0.0 0.0 -999 ""
FIBERMAP 806 R+4C22 BOSS 1 1 0 1 0 0 242.55631208183726 80.51594116374395 143.1 252.02126628854276 -42.23791518878093 52.101616 69.244 279.63769052578255 -8.661769211854237 -1.8421524 -2.8683035 0.45959875 279.63768103693667 -8.661723274167406 279.6581731613266 -8.628679275915575 43.475502834294495 148.88502962027027 5400.0 5400.0 2016.0 1 236 {-999.0 17.809816 16.687664 16.261139 -999.0} sdss_psfmag_ps1 17.361538 16.593075 15.734293 14.066 63050395540738061 980278235 "" ops_std_boss_red ops_std standard_boss 0 0 0.0 0.0 -999 ""
FIBERMAP 806 R+4C22 METROLOGY 0 0 0 1 0 0 241.80725042912053 80.46471734571455 143.1 251.33527551758215 -41.93298598288465 52.101616 69.244 -999.0 -999.0 -999.0 -999.0 -999.0 279.6345548659677 -8.660295915257208 279.6550718040478 -8.627315555737798 43.478075374448686 148.8879992607665 -999.0 6231.0 -999.0 -1 -999 {-999.0 -999.0 -999.0 -999.0 -999.0} "" -999.0 -999.0 -999.0 -999.0 -999 -999 "" "" "" "" 0 0 0.0 0.0 -999 ""
FIBERMAP 808 R-9C5 APOGEE 1 1 0 1 0 0 -86.50666291391815 -186.88905075876195 143.1 -163.83173275283198 -124.73428426375163 2.1506937 67.872505 277.7297799931124 -9.03237671685427 -0.25342152 -1.108745 0.502024 277.7297806191789 -9.032381430589798 277.7520584974279 -9.004371551708385 43.93230647760593 151.4657712397836 16000.0 16600.0 2016.0 2 287 {-999.0 10.801468 10.140142 9.758504 -999.0} sdss_psfmag_from_g3xp 10.608832 10.091028 9.400777 8.462 63050395541066860 975042520 "" ops_std_apogee ops_std standard_apogee 0 0 0.0 0.0 -999 ""
FIBERMAP 808 R-9C5 BOSS 0 0 0 1 0 0 -86.7648879031203 -187.5993636999149 143.1 -164.3920459930789 -125.24135387062495 2.1506937 67.872505 -999.0 -999.0 -999.0 -999.0 -999.0 277.7272684643319 -9.034875098239787 277.74946642285823 -9.006677171239955 43.93124120617126 151.47032085144355 -999.0 5400.0 -999.0 1 412 {-999.0 -999.0 -999.0 -999.0 -999.0} "" -999.0 -999.0 -999.0 -999.0 -999 -999 "" "" "" "" 0 0 0.0 0.0 -999 ""
FIBERMAP 808 R-9C5 METROLOGY 0 0 0 1 0 0 -87.24687387832113 -187.01202414185468 143.1 -164.54344548034143 -124.49690730246417 2.1506937 67.872505 -999.0 -999.0 -999.0 -999.0 -999.0 277.7265604473218 -9.031440591564166 277.7487746973098 -9.003300937589733 43.93460351451781 151.46928116744039 -999.0 6231.0 -999.0 -1 -999 {-999.0 -999.0 -999.0 -999.0 -999.0} "" -999.0 -999.0 -999.0 -999.0 -999 -999 "" "" "" "" 0 0 0.0 0.0 -999 ""
FIBERMAP 809 R+9C1 APOGEE 1 1 0 1 0 0 -185.83309925787918 196.00546175757202 143.1 -72.6079779004438 260.1162859563094 156.48715 13.015235 278.1559753417969 -7.291209926113851 -999.0 -999.0 -999.0 278.155907159567 -7.2912888379874135 278.17362894024905 -7.262930448342823 45.342600260985414 149.91471093867736 16000.0 16600.0 2015.5 2 120 {-999.0 -999.0 -999.0 -999.0 -999.0} "" -999.0 -999.0 -999.0 -999.0 27021603148774771 848998548 "" ops_sky_apogee_good ops_sky sky_apogee 0 0 0.0 0.0 -999 ""
FIBERMAP 809 R+9C1 BOSS 0 0 0 1 0 0 -185.09120781194903 195.89555896922985 143.1 -72.00365449502415 259.672300579514 156.48715 13.015235 -999.0 -999.0 -999.0 -999.0 -999.0 278.1587292980651 -7.293443497036185 278.1763690436915 -7.2648942077636685 45.33966757193509 149.91239763786325 -999.0 5400.0 -999.0 1 78 {-999.0 -999.0 -999.0 -999.0 -999.0} "" -999.0 -999.0 -999.0 -999.0 -999 -999 "" "" "" "" 0 0 0.0 0.0 -999 ""
FIBERMAP 809 R+9C1 METROLOGY 0 0 0 1 0 0 -185.55790080134207 195.30256162678606 143.1 -72.69337028953822 259.3663811611506 156.48715 13.015235 -999.0 -999.0 -999.0 -999.0 -999.0 278.1555540195898 -7.294759826676536 278.17322275133995 -7.266270026796328 45.33974838203212 149.91724876135908 -999.0 6231.0 -999.0 -1 -999 {-999.0 -999.0 -999.0 -999.0 -999.0} "" -999.0 -999.0 -999.0 -999.0 -999 -999 "" "" "" "" 0 0 0.0 0.0 -999 ""
FIBERMAP 816 R+4C16 APOGEE 0 0 0 1 0 0 92.77132725365801 89.01291285913423 143.1 123.60944231723482 35.299633738303065 65.56838 126.788895 -999.0 -999.0 -999.0 -999.0 -999.0 279.05277583172847 -8.309420750502397 279.0727132333184 -8.27826271655696 44.043374474413206 149.3950164982341 -999.0 16600.0 -999.0 2 -999 {-999.0 -999.0 -999.0 -999.0 -999.0} "" -999.0 -999.0 -999.0 -999.0 -999 -999 "" "" "" "" 0 0 0.0 0.0 -999 ""
FIBERMAP 816 R+4C16 BOSS 1 1 0 1 0 0 93.48008729947406 89.1779447113293 143.1 124.31302103731798 35.11413325480574 65.56838 126.788895 279.0561739744479 -8.310448764526805 -0.02202229 -2.5916827 0.48956302 279.0561471134525 -8.310446658658563 279.07599350422873 -8.279089081507117 44.041225070807194 149.39144254489312 5400.0 5400.0 2016.0 1 211 {-999.0 17.890581 16.841536 16.305391 -999.0} sdss_psfmag_ps1 17.5014 16.681234 15.800541 14.221 63050395541746373 981886259 "" ops_std_boss_tic ops_std standard_boss 0 0 0.0 0.0 -999 ""
FIBERMAP 816 R+4C16 METROLOGY 0 0 0 1 0 0 93.27751681794274 88.46479416257203 143.1 123.80057023256116 34.57853601730917 65.56838 126.788895 -999.0 -999.0 -999.0 -999.0 -999.0 279.05376093003053 -8.312827505039662 279.0736403919543 -8.281529023972027 44.04003271646387 149.39583149090743 -999.0 6231.0 -999.0 -1 -999 {-999.0 -999.0 -999.0 -999.0 -999.0} "" -999.0 -999.0 -999.0 -999.0 -999 -999 "" "" "" "" 0 0 0.0 0.0 -999 ""
FIBERMAP 818 R+7C11 APOGEE 1 1 0 1 0 0 -8.394502954168722 136.83517469941827 143.1 56.55405818146683 124.86352889906688 223.69327 60.932747 278.74519097413736 -7.9014701855097655 -1.1020373 -2.6067898 0.09011605 278.74515441983385 -7.901507498854043 278.76418694185645 -7.871337493931942 44.5422764610764 149.53469005499346 16000.0 16600.0 2016.0 2 19 {-999.0 21.711111 18.013102 15.99746 -999.0} sdss_psfmag_ps1 19.42942 16.440416 14.951302 10.835 63050395541986558 1153934468 bright_1x1 mwm_galactic_core_dist_apogee_sparse mwm_galactic science 0 0 0.0 0.0 -999 ""
FIBERMAP 818 R+7C11 BOSS 0 0 0 1 0 0 -8.611807827601488 137.5579914258618 143.1 56.69993004193924 125.60397007674754 223.69327 60.932747 -999.0 -999.0 -999.0 -999.0 -999.0 278.74593882522424 -7.898287240086005 278.76487285859906 -7.8679294455489615 44.545060227877926 149.53177140628858 -999.0 5400.0 -999.0 1 135 {-999.0 -999.0 -999.0 -999.0 -999.0} "" -999.0 -999.0 -999.0 -999.0 -999 -999 "" "" "" "" 0 0 0.0 0.0 -999 ""
FIBERMAP 818 R+7C11 METROLOGY 0 0 0 1 0 0 -7.895878249426261 137.3943543460876 143.1 57.256185663036376 125.12463049278493 223.69327 60.932747 -999.0 -999.0 -999.0 -999.0 -999.0 278.7484609822219 -7.900426576245683 278.7674249395422 -7.870114249357422 44.54200000395095 149.52988927394753 -999.0 6231.0 -999.0 -1 -999 {-999.0 -999.0 -999.0 -999.0 -999.0} "" -999.0 -999.0 -999.0 -999.0 -999 -999 "" "" "" "" 0 0 0.0 0.0 -999 ""
FIBERMAP 819 R+10C16 APOGEE 0 0 0 1 0 0 139.04597575112325 186.69200647251705 143.1 210.17538787430613 99.99688061590071 244.47859 67.256325 -999.0 -999.0 -999.0 -999.0 -999.0 279.447145835604 -8.017047023502755 279.4661943244524 -7.984985613034276 44.13710608908877 148.72881735427322 -999.0 16600.0 -999.0 2 -999 {-999.0 -999.0 -999.0 -999.0 -999.0} "" -999.0 -999.0 -999.0 -999.0 -999 -999 "" "" "" "" 0 0 0.0 0.0 -999 ""
FIBERMAP 819 R+10C16 BOSS 1 1 0 1 0 0 138.5472801817456 187.2557706069716 143.1 209.99819794647095 100.72830262879071 244.47859 67.256325 279.44644965442365 -8.013859704172724 -0.7882128 -2.5985503 0.2719164 279.44645172956007 -8.01390941884255 279.46539903735584 -7.981662466621001 44.14043615266857 148.7277614159938 5400.0 5400.0 2016.0 1 177 {-999.0 16.607079 14.735091 13.697397 -999.0} sdss_psfmag_from_g3xp 15.725656 14.33688 13.188669 10.941 63050395604919484 1093189094 bright_3x1 mwm_astar_core_boss mwm_ob science 0 0 0.0 0.0 -999 ""
FIBERMAP 819 R+10C16 METROLOGY 0 0 0 1 0 0 139.26954536974262 187.40382007602724 143.1 210.70577327863666 100.52147867738466 244.47859 67.256325 -999.0 -999.0 -999.0 -999.0 -999.0 279.4496302585089 -8.014809996889236 279.4686050791149 -7.982607799121401 44.1381880918937 148.72437092453342 -999.0 6231.0 -999.0 -1 -999 {-999.0 -999.0 -999.0 -999.0 -999.0} "" -999.0 -999.0 -999.0 -999.0 -999 -999 "" "" "" "" 0 0 0.0 0.0 -999 ""
FIBERMAP 820 R+4C5 APOGEE 1 1 0 1 0 0 -158.92797049995326 67.71830935113448 143.1 -108.8054220728255 134.15363589312594 228.59764 143.56776 277.98646901793063 -7.857672062038089 -0.09760945 -4.3064537 0.18470299 277.98647118661813 -7.857686749962415 278.005682390249 -7.829525990803196 44.89903853138935 150.46725103933994 16000.0 16600.0 2016.0 2 127 {-999.0 20.974976 19.223932 16.129253 -999.0} sdss_psfmag_gaia 18.947422 16.821806 15.100688 10.479 63050395542017550 1154742039 bright_1x1 mwm_galactic_core_dist_apogee_sparse mwm_galactic science 0 0 0.0 0.0 -999 ""
FIBERMAP 820 R+4C5 BOSS 0 0 0 1 0 0 -159.64500506795784 67.5390909299149 143.1 -109.52294658084914 134.33046638875913 228.59764 143.56776 -999.0 -999.0 -999.0 -999.0 -999.0 277.9832436457589 -7.857025604665083 278.0023679195348 -7.828687594566224 44.90117375969361 150.47096628170925 -999.0 5400.0 -999.0 1 41 {-999.0 -999.0 -999.0 -999.0 -999.0} "" -999.0 -999.0 -999.0 -999.0 -999 -999 "" "" "" "" 0 0 0.0 0.0 -999 ""
FIBERMAP 820 R+4C5 METROLOGY 0 0 0 1 0 0 -159.44745071447474 68.25704345952583 143.1 -109.01268414786458 134.87265290396056 228.59764 143.56776 -999.0 -999.0 -999.0 -999.0 -999.0 277.9855776590149 -7.854528378430305 278.00471926140307 -7.826238062832301 44.90242405714408 150.466532428098 -999.0 6231.0 -999.0 -1 -999 {-999.0 -999.0 -999.0 -999.0 -999.0} "" -999.0 -999.0 -999.0 -999.0 -999 -999 "" "" "" "" 0 0 0.0 0.0 -999 ""
FIBERMAP 824 R-6C7 APOGEE 1 1 0 1 0 0 -102.94671452758794 -104.83388356672265 143.1 -139.99938795011823 -44.525458494172135 168.54395 81.61764 277.83950678308935 -8.669228597711149 -1.5336508 -3.6348686 0.21602085 277.8394865101698 -8.669251732626302 277.8608027999978 -8.641117069703276 44.219914431241435 151.12259645543983 16000.0 16600.0 2016.0 2 280 {-999.0 19.878868 16.91476 15.432125 -999.0} sdss_psfmag_ps1 18.202673 16.001036 14.641921 10.767 63050395541796276 1153932665 bright_1x1 mwm_galactic_core_dist_apogee_sparse mwm_galactic science 0 0 0.0 0.0 -999 ""
FIBERMAP 824 R-6C7 BOSS 0 0 0 1 0 0 -102.71098528204183 -104.11572093233042 143.1 -139.4552872052981 -44.00093385908557 168.54395 81.61764 -999.0 -999.0 -999.0 -999.0 -999.0 277.8420185180146 -8.667089127224784 277.86324123143163 -8.638757596923739 44.22107534191662 151.1181770715522 -999.0 5400.0 -999.0 1 438 {-999.0 -999.0 -999.0 -999.0 -999.0} "" -999.0 -999.0 -999.0 -999.0 -999 -999 "" "" "" "" 0 0 0.0 0.0 -999 ""
FIBERMAP 824 R-6C7 METROLOGY 0 0 0 1 0 0 -102.21774958583347 -104.6711146742847 143.1 -139.27900953551003 -44.72240526763286 168.54395 81.61764 -999.0 -999.0 -999.0 -999.0 -999.0 277.84280249299906 -8.670316410653284 277.8640577549678 -8.64203553949301 44.217755141555 151.11902907142323 -999.0 6231.0 -999.0 -1 -999 {-999.0 -999.0 -999.0 -999.0 -999.0} "" -999.0 -999.0 -999.0 -999.0 -999 -999 "" "" "" "" 0 0 0.0 0.0 -999 ""
FIBERMAP 825 R+3C17 APOGEE 0 0 0 1 0 0 88.14948565965628 48.08089455851429 143.1 100.38793165819295 1.283531358480577 239.4145 93.10174 -999.0 -999.0 -999.0 -999.0 -999.0 278.9460753645177 -8.464061180315959 278.9664434747896 -8.433113701907772 43.94900769424992 149.6197126693214 -999.0 16600.0 -999.0 2 -999 {-999.0 -999.0 -999.0 -999.0 -999.0} "" -999.0 -999.0 -999.0 -999.0 -999 -999 "" "" "" "" 0 0 0.0 0.0 -999 ""
FIBERMAP 825 R+3C17 BOSS 1 1 0 1 0 0 87.4850779068415 48.393103602056044 143.1 99.9466730937145 1.8700956255932386 239.4145 93.10174 278.94416886043894 -8.461529109661967 2.1974485 -2.0036082 0.42701653 278.9441923876895 -8.461578068375227 278.96446300611643 -8.430445532549037 43.95225892678726 149.62057624723565 5400.0 5400.0 2016.0 1 219 {-999.0 18.215794 16.355791 15.519743 -999.0} sdss_psfmag_ps1 17.347364 16.035303 14.923594 12.337 63050395541725845 916966110 bright_4x1 mwm_yso_disk_boss mwm_yso science 0 0 0.0 0.0 -999 ""
FIBERMAP 825 R+3C17 METROLOGY 0 0 0 1 0 0 88.09007257708721 48.824623048039484 143.1 100.68312958554165 1.9686371801815918 239.4145 93.10174 -999.0 -999.0 -999.0 -999.0 -999.0 278.94754132217776 -8.46108031127957 278.96783542625127 -8.429993372050424 43.95123293572867 149.616122541825 -999.0 6231.0 -999.0 -1 -999 {-999.0 -999.0 -999.0 -999.0 -999.0} "" -999.0 -999.0 -999.0 -999.0 -999 -999 "" "" "" "" 0 0 0.0 0.0 -999 ""
FIBERMAP 827 R+5C13 APOGEE 1 1 0 1 0 0 29.48828685800669 89.58089562160764 143.1 67.9435889840986 65.38780558305965 186.3674 159.78084 278.79723361470315 -8.171825222259663 -2.5397863 -5.678538 0.5749742 278.79728029071447 -8.171908866782235 278.81697218520196 -8.141482298335704 44.27589947320856 149.6312064342969 16000.0 16600.0 2016.0 2 3 {-999.0 22.509611 21.090946 20.059752 -999.0} sdss_psfmag_ps1 21.608784 19.192799 17.165943 7.108 63050395541743605 1153932378 bright_1x1 mwm_galactic_core_dist_apogee_sparse mwm_galactic science 0 0 0.0 0.0 -999 ""
FIBERMAP 827 R+5C13 BOSS 0 0 0 1 0 0 28.771804991156177 89.77020435539299 143.1 67.3988472803472 65.89009273055709 186.3674 159.78084 -999.0 -999.0 -999.0 -999.0 -999.0 278.7949030576547 -8.169773440542125 278.8144997271181 -8.13916506062856 44.27904322814888 149.63290381443284 -999.0 5400.0 -999.0 1 148 {-999.0 -999.0 -999.0 -999.0 -999.0} "" -999.0 -999.0 -999.0 -999.0 -999 -999 "" "" "" "" 0 0 0.0 0.0 -999 ""
FIBERMAP 827 R+5C13 METROLOGY 0 0 0 1 0 0 29.287168103767392 90.30756307261527 143.1 68.10556690487184 66.12408278725373 186.3674 159.78084 -999.0 -999.0 -999.0 -999.0 -999.0 278.7981202071071 -8.16866987660966 278.8177385673228 -8.138107111935248 44.27862173015454 149.62822494207103 -999.0 6231.0 -999.0 -1 -999 {-999.0 -999.0 -999.0 -999.0 -999.0} "" -999.0 -999.0 -999.0 -999.0 -999 -999 "" "" "" "" 0 0 0.0 0.0 -999 ""
FIBERMAP 828 R-2C18 APOGEE 0 0 0 1 0 0 102.45626777848517 -47.50210469548415 143.1 68.34559080818285 -89.88423804312552 219.12619 120.95915 -999.0 -999.0 -999.0 -999.0 -999.0 278.79781524796675 -8.878816824117015 278.8192861169863 -8.848071202353411 43.63604129999973 150.04761832629433 -999.0 16600.0 -999.0 2 -999 {-999.0 -999.0 -999.0 -999.0 -999.0} "" -999.0 -999.0 -999.0 -999.0 -999 -999 "" "" "" "" 0 0 0.0 0.0 -999 ""
FIBERMAP 828 R-2C18 BOSS 1 1 0 1 0 0 101.75404856544176 -47.268733557276036 143.1 67.83405496852474 -89.34967535214851 219.12619 120.95915 278.7956174373495 -8.876626170851885 -1.4380652 -2.3314154 0.3390727 278.7955911280782 -8.876621106816506 278.81696533570596 -8.845688602842655 43.63917247091846 150.04908791564068 5400.0 5400.0 2016.0 1 294 {-999.0 15.634131 14.50201 13.876677 -999.0} sdss_psfmag_from_g3xp 15.211383 14.367395 13.420289 11.611 63050395541579572 1093181906 bright_3x1 mwm_astar_core_boss mwm_ob science 0 0 0.0 0.0 -999 ""
FIBERMAP 828 R-2C18 METROLOGY 0 0 0 1 0 0 102.31942765826915 -46.768662971820255 143.1 68.56754717810651 -89.1720251724963 219.12619 120.95915 -999.0 -999.0 -999.0 -999.0 -999.0 278.79893771361697 -8.875753064414628 278.8203344676792 -8.844867067696219 43.638501640244954 150.04444144156406 -999.0 6231.0 -999.0 -1 -999 {-999.0 -999.0 -999.0 -999.0 -999.0} "" -999.0 -999.0 -999.0 -999.0 -999 -999 "" "" "" "" 0 0 0.0 0.0 -999 ""
FIBERMAP 830 R+9C18 APOGEE 1 1 0 1 0 0 211.20858473065806 174.60581546023033 143.1 268.3042547819019 55.57719243391535 61.35189 40.213543 279.7105088167648 -8.218929477110835 -5.861845 -10.093308 2.0487726 279.71049875495805 -8.218940882277163 279.7299479960474 -8.186099117289853 43.84125881896797 148.5268689311884 16000.0 16600.0 2016.0 2 52 {-999.0 23.803719 21.894968 19.348433 -999.0} sdss_psfmag_gaia 21.745506 20.071033 18.189182 10.653 63050395604778675 1154753413 bright_1x1 mwm_galactic_core_dist_apogee_sparse mwm_galactic science 0 0 0.0 0.0 -999 ""
FIBERMAP 830 R+9C18 BOSS 0 0 0 1 0 0 211.36407395327078 173.88470287228614 143.1 268.10454516687184 54.867157559720475 61.35189 40.213543 -999.0 -999.0 -999.0 -999.0 -999.0 279.7097086064008 -8.222337865684278 279.72907144594166 -8.18930618174435 43.83876925803772 148.52991911144647 -999.0 5400.0 -999.0 1 169 {-999.0 -999.0 -999.0 -999.0 -999.0} "" -999.0 -999.0 -999.0 -999.0 -999 -999 "" "" "" "" 0 0 0.0 0.0 -999 ""
FIBERMAP 830 R+9C18 METROLOGY 0 0 0 1 0 0 210.65232663687254 174.1051349232367 143.1 267.5785388120175 55.394738899566406 61.35189 40.213543 -999.0 -999.0 -999.0 -999.0 -999.0 279.70730576256284 -8.219893032306215 279.7266904413482 -8.186922731600205 43.84195069040761 148.53138212218087 -999.0 6231.0 -999.0 -1 -999 {-999.0 -999.0 -999.0 -999.0 -999.0} "" -999.0 -999.0 -999.0 -999.0 -999 -999 "" "" "" "" 0 0 0.0 0.0 -999 ""
FIBERMAP 831 R-6C18 APOGEE 0 0 0 1 0 0 141.59642602735724 -129.55700895206903 143.1 64.57638545798952 -180.70561578932976 269.4186 56.515507 -999.0 -999.0 -999.0 -999.0 -999.0 278.7790452656939 -9.29026787082098 278.80156128586907 -9.259383763559365 43.27083590803135 150.30938621981144 -999.0 16600.0 -999.0 2 -999 {-999.0 -999.0 -999.0 -999.0 -999.0} "" -999.0 -999.0 -999.0 -999.0 -999 -999 "" "" "" "" 0 0 0.0 0.0 -999 ""
FIBERMAP 831 R-6C18 BOSS 1 1 0 1 0 0 140.96059643666416 -129.15030495247694 143.1 64.20456351583705 -180.0488950239183 269.4186 56.515507 278.77718130135025 -9.287551473069902 -0.08245748 -2.030242 0.46654692 278.7774582132158 -9.28755247440824 278.7998753529799 -9.2564772927364 43.27417309760773 150.30977357104732 5400.0 5400.0 2016.0 1 288 {-999.0 14.804379 13.672248 13.037091 -999.0} sdss_psfmag_from_g3xp 14.38478 13.530408 12.597497 10.944 63050395541537190 1093181913 bright_3x1 mwm_astar_core_boss mwm_ob science 0 0 1.0356559753417969 0.0 -999 ""
FIBERMAP 831 R-6C18 METROLOGY 0 0 0 1 0 0 141.6217865816345 -128.8113422552141 143.1 64.94741495216778 -180.05843040809077 269.4186 56.515507 -999.0 -999.0 -999.0 -999.0 -999.0 278.7808434953202 -9.287528250429038 278.8032854594982 -9.256499868229321 43.2727322393647 150.30559583158922 -999.0 6231.0 -999.0 -1 -999 {-999.0 -999.0 -999.0 -999.0 -999.0} "" -999.0 -999.0 -999.0 -999.0 -999 -999 "" "" "" "" 0 0 0.0 0.0 -999 ""
FIBERMAP 835 R+3C22 APOGEE 1 1 0 1 0 0 220.9640303030174 53.12584236374255 143.1 220.1319218854194 -56.35123101942135 296.58475 144.91878 279.4930584912178 -8.725832543040681 -0.29628792 -2.776055 0.48122922 279.4930507595269 -8.725821449886423 279.5138579255692 -8.693320959759573 43.47991075541924 149.10079521866857 16000.0 16600.0 2016.0 2 31 {-999.0 15.6868305 14.522667 14.077706 -999.0} sdss_psfmag_ps1 15.309386 14.54927 13.679754 11.4 63050395540686936 1034952117 bright_1x1 mwm_yso_pms_apogee_sagitta_edr3_single mwm_yso science 0 0 0.0 0.0 -999 ""
FIBERMAP 835 R+3C22 BOSS 0 0 0 1 0 0 220.87116657356793 52.37688224853841 143.1 219.69969137223111 -56.96976804469198 296.58475 144.91878 -999.0 -999.0 -999.0 -999.0 -999.0 279.4912129477896 -8.728832500011142 279.5119333262838 -8.69614187980403 43.47820421478898 149.104851845758 -999.0 5400.0 -999.0 1 192 {-999.0 -999.0 -999.0 -999.0 -999.0} "" -999.0 -999.0 -999.0 -999.0 -999 -999 "" "" "" "" 0 0 0.0 0.0 -999 ""
FIBERMAP 835 R+3C22 METROLOGY 0 0 0 1 0 0 220.27488998132617 52.82822497420038 143.1 219.3836970812907 -56.292086141837224 296.58475 144.91878 -999.0 -999.0 -999.0 -999.0 -999.0 279.48975184140403 -8.725708616958403 279.51049192671826 -8.693078123694566 43.48158261195119 149.1047740161937 -999.0 6231.0 -999.0 -1 -999 {-999.0 -999.0 -999.0 -999.0 -999.0} "" -999.0 -999.0 -999.0 -999.0 -999 -999 "" "" "" "" 0 0 0.0 0.0 -999 ""
FIBERMAP 837 R+1C18 APOGEE 1 1 0 1 0 0 111.79153766895085 16.654900914326035 143.1 106.59114419577938 -37.54484261830652 332.72537 130.3201 278.97426873753227 -8.640847826075936 -1.7943665 -3.1917298 0.3028565 278.97428526480974 -8.64084841933123 278.9950868390287 -8.60974733501275 43.77733283823806 149.6894707064214 16000.0 16600.0 2016.0 2 69 {-999.0 17.535582 14.601204 12.7532215 -999.0} sdss_psfmag_from_g3xp 15.865436 13.41681 12.025647 7.988 63050395541672394 1152260850 bright_1x1 mwm_galactic_core_dist_apogee_sparse mwm_galactic science 0 0 0.0 0.0 -999 ""
FIBERMAP 837 R+1C18 BOSS 0 0 0 1 0 0 111.95546969006321 15.943221760697696 143.1 106.4033069042752 -38.25048713653363 332.72537 130.3201 -999.0 -999.0 -999.0 -999.0 -999.0 278.9735577498384 -8.644269555948156 278.9942757675002 -8.612976466158507 43.77476044721908 149.69239329840866 -999.0 5400.0 -999.0 1 231 {-999.0 -999.0 -999.0 -999.0 -999.0} "" -999.0 -999.0 -999.0 -999.0 -999 -999 "" "" "" "" 0 0 0.0 0.0 -999 ""
FIBERMAP 837 R+1C18 METROLOGY 0 0 0 1 0 0 111.24510142836456 16.146196096426976 143.1 105.87035754371232 -37.73898017223961 332.72537 130.3201 -999.0 -999.0 -999.0 -999.0 -999.0 278.97107848935326 -8.641882142638055 278.99181769699663 -8.6106511653907 43.777903753810214 149.69405136138946 -999.0 6231.0 -999.0 -1 -999 {-999.0 -999.0 -999.0 -999.0 -999.0} "" -999.0 -999.0 -999.0 -999.0 -999 -999 "" "" "" "" 0 0 0.0 0.0 -999 ""
FIBERMAP 838 R-8C6 APOGEE 0 0 0 1 0 0 -107.4560252206139 -158.1960271569524 143.1 -168.93278939923258 -89.58027885455844 222.04584 78.78397 -999.0 -999.0 -999.0 -999.0 -999.0 277.70661095693174 -8.87296900935631 277.72849391541007 -8.845091928944603 44.087271963330316 151.40520329267653 -999.0 16600.0 -999.0 2 -999 {-999.0 -999.0 -999.0 -999.0 -999.0} "" -999.0 -999.0 -999.0 -999.0 -999 -999 "" "" "" "" 0 0 0.0 0.0 -999 ""
FIBERMAP 838 R-8C6 BOSS 1 1 0 1 0 0 -107.84546286822365 -157.5807949894634 143.1 -168.98935158420093 -88.85444830292687 222.04584 78.78397 277.7061226316653 -8.869899690854533 -0.87258905 -3.758627 0.30398268 277.70639658348574 -8.869893105459195 277.72818499913535 -8.841825584567713 44.09037941451405 151.40373916061588 5400.0 5400.0 2016.0 1 411 {-999.0 14.893733 13.842752 13.247708 -999.0} sdss_psfmag_from_g3xp 14.521221 13.716802 12.816302 11.231 63050395541778074 1093181549 bright_3x1 mwm_astar_core_boss mwm_ob science 0 0 0.9540587663650513 0.0 -999 ""
FIBERMAP 838 R-8C6 METROLOGY 0 0 0 1 0 0 -107.10631509093051 -157.53696357450482 143.1 -168.31557909179935 -89.1612761819682 222.04584 78.78397 -999.0 -999.0 -999.0 -999.0 -999.0 277.7094576916293 -8.871248709730779 277.7312729597486 -8.8432270477863 44.087856600296554 151.40065422429947 -999.0 6231.0 -999.0 -1 -999 {-999.0 -999.0 -999.0 -999.0 -999.0} "" -999.0 -999.0 -999.0 -999.0 -999 -999 "" "" "" "" 0 0 0.0 0.0 -999 ""
FIBERMAP 839 R+3C1 APOGEE 1 1 0 1 0 0 -246.0754698500355 44.43079522592457 143.1 -196.71633445102248 154.3147675274139 345.9022 77.23215 277.5867634492964 -7.76672052029114 -3.7490902 -6.411567 0.35868913 277.5867566423897 -7.766730943908182 277.60588774704496 -7.73965879162544 45.14532894522674 150.9242022389273 16000.0 16600.0 2016.0 2 143 {-999.0 23.920065 24.83668 17.375975 -999.0} sdss_psfmag_gaia 21.284271 17.636482 15.927262 9.607 63050395545413658 1154742768 bright_1x1 mwm_galactic_core_dist_apogee_sparse mwm_galactic science 0 0 0.0 0.0 -999 ""
FIBERMAP 839 R+3C1 BOSS 0 0 0 1 0 0 -246.3886561482498 43.76907444235661 143.1 -197.3025062288524 153.87634067216678 345.9022 77.23215 -999.0 -999.0 -999.0 -999.0 -999.0 277.58414490323986 -7.768882814119668 277.6031979086716 -7.741631581272701 45.14463079622746 150.92879830527139 -999.0 5400.0 -999.0 1 3 {-999.0 -999.0 -999.0 -999.0 -999.0} "" -999.0 -999.0 -999.0 -999.0 -999 -999 "" "" "" "" 0 0 0.0 0.0 -999 ""
FIBERMAP 839 R+3C1 METROLOGY 0 0 0 1 0 0 -246.82262885260246 44.39013347391659 143.1 -197.39570561296705 154.62814226585493 345.9022 77.23215 -999.0 -999.0 -999.0 -999.0 -999.0 277.58374249940204 -7.765448056554702 277.60281093466506 -7.73825182041609 45.14786796267342 150.92731765299823 -999.0 6231.0 -999.0 -1 -999 {-999.0 -999.0 -999.0 -999.0 -999.0} "" -999.0 -999.0 -999.0 -999.0 -999 -999 "" "" "" "" 0 0 0.0 0.0 -999 ""
FIBERMAP 840 R+10C12 APOGEE 0 0 0 1 0 0 74.86473458919211 174.03219319374784 143.1 147.53140151326775 118.813868425248 356.7771 34.27084 -999.0 -999.0 -999.0 -999.0 -999.0 279.1617845254346 -7.930551461275311 279.18072830898825 -7.89927636515942 44.33818576093304 149.0309235296297 -999.0 16600.0 -999.0 2 -999 {-999.0 -999.0 -999.0 -999.0 -999.0} "" -999.0 -999.0 -999.0 -999.0 -999 -999 "" "" "" "" 0 0 0.0 0.0 -999 ""
FIBERMAP 840 R+10C12 BOSS 1 1 0 1 0 0 74.23872322178248 173.62648673463406 143.1 146.7884379736386 118.74796689606222 356.7771 34.27084 279.15847778320307 -7.930982653491881 -999.0 -999.0 -999.0 279.15852732933115 -7.930989468795851 279.177381392613 -7.899534854974281 44.339401345473924 149.03525096460916 5400.0 5400.0 2015.5 1 141 {-999.0 -999.0 -999.0 -999.0 -999.0} "" -999.0 -999.0 -999.0 -999.0 27021603148726315 852784080 "" ops_sky_boss_fallback ops_sky sky_boss 0 0 0.0 0.0 -999 ""
FIBERMAP 840 R+10C12 METROLOGY 0 0 0 1 0 0 74.20331587303458 174.3774282765948 143.1 147.10822512488093 119.42822463100451 356.7771 34.27084 -999.0 -999.0 -999.0 -999.0 -999.0 279.159944283133 -7.927868646965454 279.17881606383287 -7.896464953853297 44.34154215531957 149.03158865196798 -999.0 6231.0 -999.0 -1 -999 {-999.0 -999.0 -999.0 -999.0 -999.0} "" -999.0 -999.0 -999.0 -999.0 -999 -999 "" "" "" "" 0 0 0.0 0.0 -999 ""
FIBERMAP 842 R-4C20 APOGEE 0 0 0 1 0 0 163.58771242605945 -84.75525998187273 143.1 104.95869987681075 -151.38991872592382 232.01425 86.10446 -999.0 -999.0 -999.0 -999.0 -999.0 278.9651406323931 -9.157638233390047 278.9872471230059 -9.126326210542114 43.313647875031556 150.00380762638108 -999.0 16600.0 -999.0 2 -999 {-999.0 -999.0 -999.0 -999.0 -999.0} "" -999.0 -999.0 -999.0 -999.0 -999 -999 "" "" "" "" 0 0 0.0 0.0 -999 ""
FIBERMAP 842 R-4C20 BOSS 1 1 0 1 0 0 163.04058195013585 -84.28539052477078 143.1 104.69480399970635 -150.7188392156624 232.01425 86.10446 278.96406994888235 -9.154848266756238 -0.6945564 -1.902639 0.24899201 278.96406702831433 -9.15484685179654 278.986073592505 -9.123343112776196 43.31684040359497 150.00350285584142 5400.0 5400.0 2016.0 1 286 {-999.0 16.581474 14.688792 13.656895 -999.0} sdss_psfmag_from_g3xp 15.681072 14.257182 13.08065 10.494 63050395540436437 1093188988 bright_3x1 mwm_astar_core_boss mwm_ob science 0 0 0.0 0.0 -999 ""
FIBERMAP 842 R-4C20 METROLOGY 0 0 0 1 0 0 163.73028792824047 -84.02291156295612 143.1 105.42710078251349 -150.80930491728984 232.01425 86.10446 -999.0 -999.0 -999.0 -999.0 -999.0 278.96739437065753 -9.155185477367214 278.9894268811116 -9.123728333530833 43.31508205762959 149.99961094134636 -999.0 6231.0 -999.0 -1 -999 {-999.0 -999.0 -999.0 -999.0 -999.0} "" -999.0 -999.0 -999.0 -999.0 -999 -999 "" "" "" "" 0 0 0.0 0.0 -999 ""
FIBERMAP 846 R+1C13 APOGEE 1 1 0 1 0 0 6.5252986925733225 18.937489009642256 143.1 14.620929678250864 13.686788876158598 33.65807 77.4188 278.55151236980225 -8.406767883626186 -0.86895466 -6.2189975 0.6430929 278.55151082633057 -8.40676135497069 278.5718893527234 -8.376874818850988 44.16650948112506 150.0774430094782 16000.0 16600.0 2016.0 2 131 {-999.0 18.554083 16.846243 16.013315 -999.0} sdss_psfmag_ps1 17.814402 16.590094 15.510416 12.675 63050395541736074 1034952246 bright_1x1 mwm_yso_pms_apogee_sagitta_edr3_single mwm_yso science 0 0 0.0 0.0 -999 ""
FIBERMAP 846 R+1C13 BOSS 0 0 0 1 0 0 6.828199509682982 18.25947051044239 143.1 14.571654137496674 12.945923748071179 33.65807 77.4188 -999.0 -999.0 -999.0 -999.0 -999.0 278.5513741767306 -8.410320072595283 278.5716716780769 -8.380242003308718 44.16355119892909 150.0797050084917 -999.0 5400.0 -999.0 1 13 {-999.0 -999.0 -999.0 -999.0 -999.0} "" -999.0 -999.0 -999.0 -999.0 -999 -999 "" "" "" "" 0 0 0.0 0.0 -999 ""
FIBERMAP 846 R+1C13 METROLOGY 0 0 0 1 0 0 6.086608419471997 18.330665896862953 143.1 13.949499658649263 13.35555797104211 33.65807 77.4188 -999.0 -999.0 -999.0 -999.0 -999.0 278.54848565070927 -8.40839339840651 278.56880495239335 -8.378377711541384 44.166442010352824 150.0821840557412 -999.0 6231.0 -999.0 -1 -999 {-999.0 -999.0 -999.0 -999.0 -999.0} "" -999.0 -999.0 -999.0 -999.0 -999 -999 "" "" "" "" 0 0 0.0 0.0 -999 ""
FIBERMAP 847 R+5C22 APOGEE 1 1 0 1 0 0 231.46967316529475 88.73769830013403 143.1 246.0664183068342 -29.788046031672078 201.9806 152.94658 279.6107456119613 -8.6052484741326 -2.6546402 7.192095 5.343357 279.6107542918436 -8.60522776011149 279.63121134105904 -8.572473302482296 43.537705918154366 148.88398835077928 16000.0 16600.0 2016.0 2 74 {-999.0 9.617082 9.194944 9.0596895 -999.0} sdss_psfmag_gaia 9.53698 9.221864 8.724551 7.921 63050395540741729 975476517 "" ops_std_apogee ops_std standard_apogee 0 0 0.0 0.0 -999 ""
FIBERMAP 847 R+5C22 BOSS 0 0 0 1 0 0 230.71361457658568 88.7889462865705 143.1 245.42215119546884 -29.38927803843225 201.9806 152.94658 -999.0 -999.0 -999.0 -999.0 -999.0 279.6079633274854 -8.60362337850266 279.62832206080395 -8.570684079077564 43.54056860604281 148.88644401672315 -999.0 5400.0 -999.0 1 248 {-999.0 -999.0 -999.0 -999.0 -999.0} "" -999.0 -999.0 -999.0 -999.0 -999 -999 "" "" "" "" 0 0 0.0 0.0 -999 ""
FIBERMAP 847 R+5C22 METROLOGY 0 0 0 1 0 0 231.12608464676583 89.40463484440096 143.1 246.07455181953563 -29.03795308981446 201.9806 152.94658 -999.0 -999.0 -999.0 -999.0 -999.0 279.61088071885456 -8.601971521513745 279.63126116459176 -8.56907998830141 43.540732343365576 148.88187013704268 -999.0 6231.0 -999.0 -1 -999 {-999.0 -999.0 -999.0 -999.0 -999.0} "" -999.0 -999.0 -999.0 -999.0 -999 -999 "" "" "" "" 0 0 0.0 0.0 -999 ""
FIBERMAP 849 R+6C12 APOGEE 0 0 0 1 0 0 26.096789161864976 103.75650391020027 143.1 71.5734838139484 79.50221932648846 287.31577 116.97191 -999.0 -999.0 -999.0 -999.0 -999.0 278.81400731836516 -8.107753019606838 278.83353144700595 -8.077311106983482 44.32679556770559 149.57198612311976 -999.0 16600.0 -999.0 2 -999 {-999.0 -999.0 -999.0 -999.0 -999.0} "" -999.0 -999.0 -999.0 -999.0 -999 -999 "" "" "" "" 0 0 0.0 0.0 -999 ""
FIBERMAP 849 R+6C12 BOSS 1 1 0 1 0 0 25.57586412296133 103.22819307175847 143.1 70.86607847314538 79.27882636828812 287.31577 116.97191 278.8108840181569 -8.108896819361227 0.46281698 -3.192417 0.63904834 278.8108815821849 -8.108910875700735 278.8303190814992 -8.078288031777106 44.327281575270774 149.57658722847833 5400.0 5400.0 2016.0 1 117 {-999.0 16.06929 15.080582 14.616714 -999.0} sdss_psfmag_ps1 15.626851 14.994245 14.21254 12.814 63050395541744651 1034701878 bright_1x1 mwm_yso_disk_boss_single mwm_yso science 0 0 0.0 0.0 -999 ""
FIBERMAP 849 R+6C12 METROLOGY 0 0 0 1 0 0 25.373797177407738 103.9407444348478 143.1 71.02061878237353 80.00307066181794 287.31577 116.97191 -999.0 -999.0 -999.0 -999.0 -999.0 278.81156155220543 -8.105572924539208 278.83101611875554 -8.075003246857223 44.329950206881016 149.57374132225465 -999.0 6231.0 -999.0 -1 -999 {-999.0 -999.0 -999.0 -999.0 -999.0} "" -999.0 -999.0 -999.0 -999.0 -999 -999 "" "" "" "" 0 0 0.0 0.0 -999 ""
FIBERMAP 852 R0C15 APOGEE 1 1 0 1 0 0 37.73915141138757 1.3286680559890764 143.1 33.97614374055197 -16.469543203231975 23.439186 97.27184 278.640351475636 -8.544436013548301 -2.8251822 -3.8958876 0.13320084 278.64035624270383 -8.544389478975614 278.6610467352781 -8.514208118743968 44.00473319504965 150.04737594357363 16000.0 16600.0 2016.0 2 32 {-999.0 25.686607 23.83287 19.137001 -999.0} sdss_psfmag_ps1 21.918938 18.489302 16.700727 9.132 63050395541722412 1153932305 bright_1x1 mwm_galactic_core_dist_apogee_sparse mwm_galactic science 0 0 0.0 0.0 -999 ""
FIBERMAP 852 R0C15 BOSS 0 0 0 1 0 0 38.11108205023198 0.6882203784876543 143.1 34.00544393126816 -17.209475058010185 23.439186 97.27184 -999.0 -999.0 -999.0 -999.0 -999.0 278.6405934467706 -8.547962686286352 278.66120214728824 -8.517587775532181 44.00160792483734 150.04917703383285 -999.0 5400.0 -999.0 1 180 {-999.0 -999.0 -999.0 -999.0 -999.0} "" -999.0 -999.0 -999.0 -999.0 -999 -999 "" "" "" "" 0 0 0.0 0.0 -999 ""
FIBERMAP 852 R0C15 METROLOGY 0 0 0 1 0 0 37.37179403062718 0.6752579525086583 143.1 33.345979399840516 -16.87529869962538 23.439186 97.27184 -999.0 -999.0 -999.0 -999.0 -999.0 278.63752959069166 -8.546377247910511 278.65816121408966 -8.516065319421097 44.0042629900946 150.05206421884068 -999.0 6231.0 -999.0 -1 -999 {-999.0 -999.0 -999.0 -999.0 -999.0} "" -999.0 -999.0 -999.0 -999.0 -999 -999 "" "" "" "" 0 0 0.0 0.0 -999 ""
FIBERMAP 857 R+13C3 APOGEE 1 1 0 1 0 0 -88.4794847386405 259.1751590343253 143.1 42.969168704832356 270.4326146799186 40.67521 106.42331 278.6829857316063 -7.246408625778042 -0.17000018 -2.4809194 0.13167647 278.6829438403498 -7.246371407169304 278.7003554473908 -7.216651174469363 45.160034607405244 149.21615692481467 16000.0 16600.0 2016.0 2 106 {-999.0 22.620138 18.166351 15.4456 -999.0} sdss_psfmag_ps1 19.857328 15.480129 13.851525 8.071 63050395605637970 1153994107 bright_1x1 mwm_galactic_core_dist_apogee_sparse mwm_galactic science 0 0 0.0 0.0 -999 ""
FIBERMAP 857 R+13C3 BOSS 0 0 0 1 0 0 -87.852889298006 258.77069452108657 143.1 43.33387624342493 269.78219040013124 40.67521 106.42331 -999.0 -999.0 -999.0 -999.0 -999.0 278.68469578637 -7.24945539574099 278.70202571247006 -7.21954635229772 45.15670720570656 149.21582074668868 -999.0 5400.0 -999.0 1 87 {-999.0 -999.0 -999.0 -999.0 -999.0} "" -999.0 -999.0 -999.0 -999.0 -999 -999 "" "" "" "" 0 0 0.0 0.0 -999 ""
FIBERMAP 857 R+13C3 METROLOGY 0 0 0 1 0 0 -88.51172580265431 258.4202356914006 143.1 42.58773033579568 269.7804647899791 40.67521 106.42331 -999.0 -999.0 -999.0 -999.0 -999.0 278.6812706569112 -7.249397331436911 278.6986268929012 -7.219549117828881 45.15816736465236 149.22013085549787 -999.0 6231.0 -999.0 -1 -999 {-999.0 -999.0 -999.0 -999.0 -999.0} "" -999.0 -999.0 -999.0 -999.0 -999 -999 "" "" "" "" 0 0 0.0 0.0 -999 ""
FIBERMAP 859 R-9C1 APOGEE 1 1 0 1 0 0 -183.50853867785605 -195.10847842514556 143.1 -253.40757847396188 -86.64840689569927 355.55518 32.294243 277.32298222287363 -8.856188907313447 -2.664368 -5.8285017 -0.23922841 277.32286547178876 -8.856207731058824 277.3448525830393 -8.82934654922126 44.25489906908033 151.87975388178904 16000.0 16600.0 2016.0 2 272 {-999.0 23.85445 22.761148 18.254242 -999.0} sdss_psfmag_gaia 21.502028 18.82996 17.053019 10.066 63050395541415765 1154740648 bright_1x1 mwm_galactic_core_dist_apogee_sparse mwm_galactic science 0 0 0.0 0.0 -999 ""
FIBERMAP 859 R-9C1 BOSS 0 0 0 1 0 0 -184.1693260582546 -195.47292391846057 143.1 -254.16198768627658 -86.6615822511776 355.55518 32.294243 -999.0 -999.0 -999.0 -999.0 -999.0 277.31954123729713 -8.856425119520036 277.3414451641318 -8.829380713729087 44.25621813030488 151.88407941806253 -999.0 5400.0 -999.0 1 419 {-999.0 -999.0 -999.0 -999.0 -999.0} "" -999.0 -999.0 -999.0 -999.0 -999 -999 "" "" "" "" 0 0 0.0 0.0 -999 ""
FIBERMAP 859 R-9C1 METROLOGY 0 0 0 1 0 0 -184.15615814930027 -194.72494889680166 143.1 -253.8006552166426 -86.0066563832008 355.55518 32.294243 -999.0 -999.0 -999.0 -999.0 -999.0 277.32115201986704 -8.853429089934657 277.34307182021837 -8.826436180130779 44.25827085719169 151.88037472380026 -999.0 6231.0 -999.0 -1 -999 {-999.0 -999.0 -999.0 -999.0 -999.0} "" -999.0 -999.0 -999.0 -999.0 -999 -999 "" "" "" "" 0 0 0.0 0.0 -999 ""
FIBERMAP 865 R-9C11 APOGEE 1 1 0 1 0 0 51.67569859901448 -187.0353652255642 143.1 -41.77053528439413 -189.4668046519075 38.89551 25.084167 278.28968567699997 -9.328760285185373 0.74746424 -1.5234852 0.36619025 278.2896522943549 -9.3287641110579 278.3124613139436 -9.299148109873435 43.4364694706671 150.93531841257735 16000.0 16600.0 2016.0 2 179 {-999.0 20.875433 17.53385 15.895933 -999.0} sdss_psfmag_ps1 18.794172 16.409632 14.889299 10.819 63050395541544158 1153931564 bright_1x1 mwm_galactic_core_dist_apogee_sparse mwm_galactic science 0 0 0.0 0.0 -999 ""
FIBERMAP 865 R-9C11 BOSS 0 0 0 1 0 0 51.3576648954018 -187.7043505678281 143.1 -42.36438767678542 -189.9093858705876 38.89551 25.084167 -999.0 -999.0 -999.0 -999.0 -999.0 278.28699663736194 -9.3309928384839 278.30972196497055 -9.301186605635754 43.43573272800176 150.93986938767992 -999.0 5400.0 -999.0 1 374 {-999.0 -999.0 -999.0 -999.0 -999.0} "" -999.0 -999.0 -999.0 -999.0 -999 -999 "" "" "" "" 0 0 0.0 0.0 -999 ""
FIBERMAP 865 R-9C11 METROLOGY 0 0 0 1 0 0 50.933244682139645 -187.08932939714788 143.1 -42.451967119412735 -189.16738670797554 38.89551 25.084167 -999.0 -999.0 -999.0 -999.0 -999.0 278.286575167795 -9.32758097072635 278.309317649711 -9.297833022783369 43.43895072979175 150.93845808426474 -999.0 6231.0 -999.0 -1 -999 {-999.0 -999.0 -999.0 -999.0 -999.0} "" -999.0 -999.0 -999.0 -999.0 -999 -999 "" "" "" "" 0 0 0.0 0.0 -999 ""
FIBERMAP 866 R+11C13 APOGEE 1 1 0 1 0 0 96.3086029247343 234.25048174371946 143.1 194.63745318345337 162.0110825787539 167.36378 34.19204 279.3746886594854 -7.736653040027523 -7.845624 -12.451361 0.6894984 279.3751488237495 -7.736720200541336 279.39352362038863 -7.704971751337314 44.420159340581954 148.64652486605863 16000.0 16600.0 2016.0 2 12 {-999.0 15.209041 13.896818 9.798016 -999.0} sdss_psfmag_gaia 13.267749 10.411423 8.976383 5.185 63050395604936305 1154753776 bright_1x1 mwm_galactic_core_dist_apogee_sparse mwm_galactic science 0 0 1.4744579792022705 0.0 -999 ""
FIBERMAP 866 R+11C13 BOSS 0 0 0 1 0 0 97.00628388980101 234.53196219930064 143.1 195.3856820963163 161.93368247506572 167.36378 34.19204 -999.0 -999.0 -999.0 -999.0 -999.0 279.3786479002434 -7.737269000846616 279.39692990555255 -7.705324283021803 44.418352614887525 148.64250237088478 -999.0 5400.0 -999.0 1 99 {-999.0 -999.0 -999.0 -999.0 -999.0} "" -999.0 -999.0 -999.0 -999.0 -999 -999 "" "" "" "" 0 0 0.0 0.0 -999 ""
FIBERMAP 866 R+11C13 METROLOGY 0 0 0 1 0 0 96.90218742454668 233.78937979163996 143.1 194.9465054779096 161.32603379753505 167.36378 34.19204 -999.0 -999.0 -999.0 -999.0 -999.0 279.37664681950474 -7.739939755923824 279.3949625944091 -7.708052044221889 44.41676594525687 148.64663759843472 -999.0 6231.0 -999.0 -1 -999 {-999.0 -999.0 -999.0 -999.0 -999.0} "" -999.0 -999.0 -999.0 -999.0 -999 -999 "" "" "" "" 0 0 0.0 0.0 -999 ""
FIBERMAP 868 R+9C15 APOGEE 0 0 0 1 0 0 136.29225717587693 157.43038600088562 143.1 194.06113892200597 75.42202893886905 15.3470955 31.469051 -999.0 -999.0 -999.0 -999.0 -999.0 279.37437780311893 -8.128025523006192 279.39373311389 -8.096105351978197 44.068868351816036 148.88661069454642 -999.0 16600.0 -999.0 2 -999 {-999.0 -999.0 -999.0 -999.0 -999.0} "" -999.0 -999.0 -999.0 -999.0 -999 -999 "" "" "" "" 0 0 0.0 0.0 -999 ""
FIBERMAP 868 R+9C15 BOSS 1 1 0 1 0 0 135.78712793727692 156.8752725546066 143.1 193.35516357911408 75.16756218010042 15.3470955 31.469051 279.3710107270553 -8.129346602600343 1.6901538 -0.6957173 0.6142388 279.37130768135364 -8.129340643488359 279.39057406153927 -8.097238505226684 44.06922270290797 148.8912141392071 5400.0 5400.0 2016.0 1 229 {-999.0 14.2011795 13.504444 13.146565 -999.0} sdss_psfmag_from_g3xp 14.0029745 13.475259 12.773352 11.539 63050395541755641 916945283 bright_3x1 mwm_yso_disk_boss mwm_yso science 0 0 0.9713827967643738 0.0 -999 ""
FIBERMAP 868 R+9C15 METROLOGY 0 0 0 1 0 0 135.56354659836958 157.59051992839852 143.1 193.49194928235676 75.90424772464539 15.3470955 31.469051 -999.0 -999.0 -999.0 -999.0 -999.0 279.3718850021493 -8.125953127850522 279.39116914577374 -8.09390468574754 44.07195980286415 148.88844104762757 -999.0 6231.0 -999.0 -1 -999 {-999.0 -999.0 -999.0 -999.0 -999.0} "" -999.0 -999.0 -999.0 -999.0 -999 -999 "" "" "" "" 0 0 0.0 0.0 -999 ""
FIBERMAP 869 R+10C1 APOGEE 1 1 0 1 0 0 -166.70737732372527 205.64757994491328 143.1 -51.19621080258421 259.6965880944365 74.26199 83.32616 278.25348557370836 -7.293104542791434 -2.405609 -7.4747767 -0.01700847 278.2534564502441 -7.293132720149616 278.27114653545095 -7.264517811935847 45.299981414916594 149.79118460874494 16000.0 16600.0 2016.0 2 115 {-999.0 23.42617 19.081642 17.013027 -999.0} sdss_psfmag_ps1 20.422821 17.410492 15.898874 10.98 63050395545552298 1153954545 bright_1x1 mwm_galactic_core_dist_apogee_sparse mwm_galactic science 0 0 0.0 0.0 -999 ""
FIBERMAP 869 R+10C1 BOSS 0 0 0 1 0 0 -166.0448281347398 205.32581793868144 143.1 -50.761061104999634 259.1024495584483 74.26199 83.32616 -999.0 -999.0 -999.0 -999.0 -999.0 278.25550863356875 -7.29595509768157 278.273118195786 -7.267150894697938 45.29676564737845 149.790266329716 -999.0 5400.0 -999.0 1 79 {-999.0 -999.0 -999.0 -999.0 -999.0} "" -999.0 -999.0 -999.0 -999.0 -999 -999 "" "" "" "" 0 0 0.0 0.0 -999 ""
FIBERMAP 869 R+10C1 METROLOGY 0 0 0 1 0 0 -166.6645795512551 204.90021946344206 143.1 -51.50779185951006 259.0160402244005 74.26199 83.32616 -999.0 -999.0 -999.0 -999.0 -999.0 278.25207840620857 -7.296291270010988 278.26971471680065 -7.26754768796127 45.29784667856872 149.7948480429875 -999.0 6231.0 -999.0 -1 -999 {-999.0 -999.0 -999.0 -999.0 -999.0} "" -999.0 -999.0 -999.0 -999.0 -999 -999 "" "" "" "" 0 0 0.0 0.0 -999 ""
FIBERMAP 870 R0C26 APOGEE 1 1 0 1 0 0 271.928227743703 17.10889765878662 143.1 248.3368760737161 -112.01090764308034 110.564285 80.942535 279.6197303838315 -8.976908408188242 -0.66475046 -1.814344 0.31809953 279.6197292753057 -8.976910222170446 279.6411151252089 -8.943962944787732 43.19951393714434 149.09588036469646 16000.0 16600.0 2016.0 2 38 {-999.0 16.10332 14.154523 13.204714 -999.0} sdss_psfmag_from_g3xp 15.168337 13.8343115 12.712061 9.887 63050395540651534 1152260364 bright_1x1 mwm_galactic_core_dist_apogee_sparse mwm_galactic science 0 0 0.0 0.0 -999 ""
FIBERMAP 870 R0C26 BOSS 0 0 0 1 0 0 272.64646837293907 17.287323711732988 143.1 249.05509608476305 -112.18900231627894 110.564285 80.942535 -999.0 -999.0 -999.0 -999.0 -999.0 279.6230633160191 -8.977888010629865 279.64435406744985 -8.944736099866237 43.197419692705104 149.09239676103988 -999.0 5400.0 -999.0 1 173 {-999.0 -999.0 -999.0 -999.0 -999.0} "" -999.0 -999.0 -999.0 -999.0 -999 -999 "" "" "" "" 0 0 0.0 0.0 -999 ""
FIBERMAP 870 R0C26 METROLOGY 0 0 0 1 0 0 272.42706525514086 16.55406830190825 143.1 248.51836865330745 -112.73449919981728 110.564285 80.942535 -999.0 -999.0 -999.0 -999.0 -999.0 279.62059672566375 -8.980307739653659 279.64192182518724 -8.947216567664302 43.19623933849291 149.0968484916676 -999.0 6231.0 -999.0 -1 -999 {-999.0 -999.0 -999.0 -999.0 -999.0} "" -999.0 -999.0 -999.0 -999.0 -999 -999 "" "" "" "" 0 0 0.0 0.0 -999 ""
FIBERMAP 871 R-7C18 APOGEE 1 1 0 1 0 0 185.74198540323061 -147.57725957110972 143.1 95.16866699887552 -217.27143028911976 30.875141 36.916008 278.9187370793538 -9.454523551598811 -0.66028243 -3.8362067 0.08109583 278.9186866023653 -9.454540418276142 278.9415607055224 -9.423213892761698 43.06397506578843 150.2326509588399 16000.0 16600.0 2016.0 2 234 {-999.0 21.525946 17.426384 15.463137 -999.0} sdss_psfmag_ps1 18.9375 15.748163 14.23404 9.339 63050395540391998 1153921876 bright_1x1 mwm_galactic_core_dist_apogee_sparse mwm_galactic science 0 0 0.0 0.0 -999 ""
FIBERMAP 871 R-7C18 BOSS 0 0 0 1 0 0 185.4217310734018 -148.2597019612421 143.1 94.56656049513927 -217.72486704916477 30.875141 36.916008 -999.0 -999.0 -999.0 -999.0 -999.0 278.91601985429486 -9.456809032513517 278.938807118945 -9.425290640985072 43.06324290852303 150.23722260372693 -999.0 5400.0 -999.0 1 276 {-999.0 -999.0 -999.0 -999.0 -999.0} "" -999.0 -999.0 -999.0 -999.0 -999 -999 "" "" "" "" 0 0 0.0 0.0 -999 ""
FIBERMAP 871 R-7C18 METROLOGY 0 0 0 1 0 0 184.98213994334048 -147.6575013924385 143.1 94.45957864860792 -216.98710638112092 30.875141 36.916008 -999.0 -999.0 -999.0 -999.0 -999.0 278.9155197192893 -9.4534388421299 278.93832522689337 -9.421979398541934 43.066444262064195 150.235894360378 -999.0 6231.0 -999.0 -1 -999 {-999.0 -999.0 -999.0 -999.0 -999.0} "" -999.0 -999.0 -999.0 -999.0 -999 -999 "" "" "" "" 0 0 0.0 0.0 -999 ""
FIBERMAP 872 R+4C23 APOGEE 1 1 0 1 0 0 264.52279522383867 82.25175543259566 143.1 272.2474151863998 -50.973551620225344 55.742443 67.78465 279.7286371360223 -8.700790325965777 -3.4782655 -4.950841 -0.3521037 279.72862776902167 -8.70074090291312 279.74927642799696 -8.667634021845192 43.40088573329492 148.79725705472202 16000.0 16600.0 2016.0 2 77 {-999.0 -999.0 -999.0 -999.0 -999.0} "" -999.0 -999.0 16.353727 10.992 63050395540734678 1151526745 bright_1x1 mwm_galactic_core_dist_apogee_sparse mwm_galactic science 0 0 0.0 0.0 -999 ""
FIBERMAP 872 R+4C23 BOSS 0 0 0 1 0 0 264.9039648200079 81.61568844762898 143.1 272.2869291044104 -51.71393110088085 55.742443 67.78465 -999.0 -999.0 -999.0 -999.0 -999.0 279.72888948314164 -8.704279197895774 279.7494507130766 -8.67097630234658 43.397809527350745 148.7990712127514 -999.0 5400.0 -999.0 1 247 {-999.0 -999.0 -999.0 -999.0 -999.0} "" -999.0 -999.0 -999.0 -999.0 -999 -999 "" "" "" "" 0 0 0.0 0.0 -999 ""
FIBERMAP 872 R+4C23 METROLOGY 0 0 0 1 0 0 264.1538832834049 81.59855094000274 143.1 271.6159730079729 -51.37839860188956 55.742443 67.78465 -999.0 -999.0 -999.0 -999.0 -999.0 279.7258472758554 -8.702719057142847 279.7464331060703 -8.669479756335608 43.40046741105358 148.80184927176018 -999.0 6231.0 -999.0 -1 -999 {-999.0 -999.0 -999.0 -999.0 -999.0} "" -999.0 -999.0 -999.0 -999.0 -999 -999 "" "" "" "" 0 0 0.0 0.0 -999 ""
FIBERMAP 875 R+1C7 APOGEE 1 1 0 1 0 0 -145.17966718813466 -0.5330044113567851 143.1 -128.56321644707782 67.40350829913194 321.21082 57.62398 277.89408152292737 -8.160410642917977 -1.9826107 -2.1621099 -0.1774205 277.89412675752175 -8.16039709240312 277.91413643125117 -8.132345382223216 44.66152721845426 150.76110882002138 16000.0 16600.0 2016.0 2 138 {-999.0 24.666365 22.45994 18.008198 -999.0} sdss_psfmag_ps1 21.495857 17.508875 15.744803 8.773 63050395541917268 1153933775 bright_1x1 mwm_galactic_core_dist_apogee_sparse mwm_galactic science 0 0 0.0 0.0 -999 ""
FIBERMAP 875 R+1C7 BOSS 0 0 0 1 0 0 -145.89194513710746 -0.7606929547952603 143.1 -129.29919773311715 67.53527566569863 321.21082 57.62398 -999.0 -999.0 -999.0 -999.0 -999.0 277.89079473529193 -8.159951579650281 277.9107180127937 -8.131720927461775 44.66349935735913 150.76507361120295 -999.0 5400.0 -999.0 1 21 {-999.0 -999.0 -999.0 -999.0 -999.0} "" -999.0 -999.0 -999.0 -999.0 -999 -999 "" "" "" "" 0 0 0.0 0.0 -999 ""
FIBERMAP 875 R+1C7 METROLOGY 0 0 0 1 0 0 -145.73720419915995 -0.024086159856473444 143.1 -128.81805377867298 68.1139655504182 321.21082 57.62398 -999.0 -999.0 -999.0 -999.0 -999.0 277.8929985588406 -8.157278808182532 277.9129387732861 -8.129096808040144 44.66497490130079 150.76073048542614 -999.0 6231.0 -999.0 -1 -999 {-999.0 -999.0 -999.0 -999.0 -999.0} "" -999.0 -999.0 -999.0 -999.0 -999 -999 "" "" "" "" 0 0 0.0 0.0 -999 ""
FIBERMAP 877 R+13C4 APOGEE 1 1 0 1 0 0 -76.0986585115321 271.38105645204405 143.1 59.61822170496638 275.4322424078249 130.15222 59.399918 278.7587980180703 -7.2245627678138815 -1.3675891 -2.958379 0.5285356 278.7587365692972 -7.224540841801167 278.77606482983185 -7.194631497350848 45.14723244686389 149.10665941900461 16000.0 16600.0 2016.0 2 114 {-999.0 23.768795 22.434057 18.379503 -999.0} sdss_psfmag_gaia 21.532145 18.996845 17.258558 9.968 63050395605632793 1154754888 bright_1x1 mwm_galactic_core_dist_apogee_sparse mwm_galactic science 0 0 0.0 0.0 -999 ""
FIBERMAP 877 R+13C4 BOSS 0 0 0 1 0 0 -75.37550556540008 271.52350025188525 143.1 60.32396089366628 275.22004895654396 130.15222 59.399918 -999.0 -999.0 -999.0 -999.0 -999.0 278.7620376072883 -7.225693321850491 278.77927843507325 -7.195592009684185 45.144980137968666 149.10318212835818 -999.0 5400.0 -999.0 1 86 {-999.0 -999.0 -999.0 -999.0 -999.0} "" -999.0 -999.0 -999.0 -999.0 -999 -999 "" "" "" "" 0 0 0.0 0.0 -999 ""
FIBERMAP 877 R+13C4 METROLOGY 0 0 0 1 0 0 -75.59726184970921 270.82708561975 143.1 59.80237751489944 274.7082131827352 130.15222 59.399918 -999.0 -999.0 -999.0 -999.0 -999.0 278.7596426499498 -7.227902476532043 278.7769151699348 -7.197858281717748 45.14396008624086 149.10757336380317 -999.0 6231.0 -999.0 -1 -999 {-999.0 -999.0 -999.0 -999.0 -999.0} "" -999.0 -999.0 -999.0 -999.0 -999 -999 "" "" "" "" 0 0 0.0 0.0 -999 ""
FIBERMAP 880 R-8C1 APOGEE 1 1 0 1 0 0 -219.27353752408055 -159.2150753866763 143.1 -268.2367958706295 -38.20386975826281 227.99889 76.69306 277.25646972656244 -8.636594688401914 -999.0 -999.0 -999.0 277.2564761062493 -8.636632144636875 277.27793143508916 -8.610043603762344 44.482316527604 151.84142874900456 16000.0 16600.0 2015.5 2 276 {-999.0 -999.0 -999.0 -999.0 -999.0} "" -999.0 -999.0 -999.0 -999.0 27021603148721011 848994336 "" ops_sky_apogee_good ops_sky sky_apogee 0 0 0.0 0.0 -999 ""
FIBERMAP 880 R-8C1 BOSS 0 0 0 1 0 0 -219.72241633108547 -158.60763209187664 143.1 -268.3495353507089 -37.457133228817234 227.99889 76.69306 -999.0 -999.0 -999.0 -999.0 -999.0 277.256061501418 -8.633442571480234 277.2774245569525 -8.606666236234561 44.485611083133875 151.8401721944529 -999.0 5400.0 -999.0 1 418 {-999.0 -999.0 -999.0 -999.0 -999.0} "" -999.0 -999.0 -999.0 -999.0 -999 -999 "" "" "" "" 0 0 0.0 0.0 -999 ""
FIBERMAP 880 R-8C1 METROLOGY 0 0 0 1 0 0 -218.9774598049492 -158.52745283671462 143.1 -267.6536355254991 -37.734551540297915 227.99889 76.69306 -999.0 -999.0 -999.0 -999.0 -999.0 277.2591677182163 -8.634667824912402 277.2805566006893 -8.607936704751669 44.48320446204155 151.83691134779107 -999.0 6231.0 -999.0 -1 -999 {-999.0 -999.0 -999.0 -999.0 -999.0} "" -999.0 -999.0 -999.0 -999.0 -999 -999 "" "" "" "" 0 0 0.0 0.0 -999 ""
FIBERMAP 885 R+12C10 APOGEE 0 0 0 1 0 0 54.05695623963047 248.8327787322414 143.1 164.1117502314734 194.6528887499612 99.39729 69.547264 -999.0 -999.0 -999.0 -999.0 -999.0 279.23572242469174 -7.588902695529412 279.2537813253173 -7.557584641935977 44.61351479713326 148.72973277887402 -999.0 16600.0 -999.0 2 -999 {-999.0 -999.0 -999.0 -999.0 -999.0} "" -999.0 -999.0 -999.0 -999.0 -999 -999 "" "" "" "" 0 0 0.0 0.0 -999 ""
FIBERMAP 885 R+12C10 BOSS 1 1 0 1 0 0 54.79772074867058 248.7075628046307 143.1 164.70791839773688 194.1958960409658 99.39729 69.547264 279.23856007318386 -7.5911375039164195 -0.86857224 -1.6365923 0.48068982 279.23854527004494 -7.591148143421868 279.2565168082475 -7.559635969860904 44.610479008020135 148.72758150794377 5400.0 5400.0 2016.0 1 153 {-999.0 17.015898 16.242846 15.676451 -999.0} sdss_psfmag_ps1 16.7045 16.098612 15.340881 -999.0 63050395605589822 981894621 "" ops_std_boss_tic ops_std standard_boss 0 0 0.0 0.0 -999 ""
FIBERMAP 885 R+12C10 METROLOGY 0 0 0 1 0 0 54.318513664946686 248.134030069435 143.1 164.01624240089603 193.91303061657482 99.39729 69.547264 -999.0 -999.0 -999.0 -999.0 -999.0 279.2353844679703 -7.5923444550248425 279.2533862764842 -7.560892669700471 44.61071709353875 148.73227269730953 -999.0 6231.0 -999.0 -1 -999 {-999.0 -999.0 -999.0 -999.0 -999.0} "" -999.0 -999.0 -999.0 -999.0 -999 -999 "" "" "" "" 0 0 0.0 0.0 -999 ""
FIBERMAP 886 R+3C2 APOGEE 0 0 0 1 0 0 -242.0133590915819 62.74046016001872 143.1 -184.56596328866922 168.59826010258024 85.85263 161.72476 -999.0 -999.0 -999.0 -999.0 -999.0 277.64257875153385 -7.7023092299994325 277.66152655555317 -7.675118693024661 45.181330414787226 150.81517747146947 -999.0 16600.0 -999.0 2 -999 {-999.0 -999.0 -999.0 -999.0 -999.0} "" -999.0 -999.0 -999.0 -999.0 -999 -999 "" "" "" "" 0 0 0.0 0.0 -999 ""
FIBERMAP 886 R+3C2 BOSS 1 1 0 1 0 0 -241.76232006634183 63.408687466045926 143.1 -184.03167714572777 169.07149278880277 85.85263 161.72476 277.6451110839844 -7.700365843817181 -999.0 -999.0 -999.0 277.6450946151588 -7.700344582863857 277.6639518539879 -7.672963682378034 45.18229776313069 150.8108080151586 5400.0 5400.0 2015.5 1 73 {-999.0 -999.0 -999.0 -999.0 -999.0} "" -999.0 -999.0 -999.0 -999.0 27021603148774270 852796008 "" ops_sky_boss_fallback ops_sky sky_boss 0 0 0.0 0.0 -999 ""
FIBERMAP 886 R+3C2 METROLOGY 0 0 0 1 0 0 -241.275094510432 62.84829053019051 143.1 -183.86305051322043 168.3484092803874 85.85263 161.72476 -999.0 -999.0 -999.0 -999.0 -999.0 277.6458020227729 -7.703548235713341 277.6646910732058 -7.676216386646078 45.17903345255098 150.8117713291584 -999.0 6231.0 -999.0 -1 -999 {-999.0 -999.0 -999.0 -999.0 -999.0} "" -999.0 -999.0 -999.0 -999.0 -999 -999 "" "" "" "" 0 0 0.0 0.0 -999 ""
FIBERMAP 891 R+9C3 APOGEE 1 1 0 1 0 0 -127.40814122482976 174.18599704419705 143.1 -31.17136090201499 213.5166915430852 37.56814 72.43862 278.34384200718256 -7.499935285180506 -1.3734117 -4.319881 -0.11064069 278.34383911958616 -7.499909393011538 278.3620151495436 -7.470967744894165 45.07481495893346 149.8004834586763 16000.0 16600.0 2016.0 2 99 {-999.0 23.623398 19.241056 16.731487 -999.0} sdss_psfmag_ps1 20.398037 16.912914 15.344972 9.912 63050395542044786 1153934784 bright_1x1 mwm_galactic_core_dist_apogee_sparse mwm_galactic science 0 0 0.0 0.0 -999 ""
FIBERMAP 891 R+9C3 BOSS 0 0 0 1 0 0 -127.14183691739443 173.47761605604296 143.1 -31.267176617378112 212.7661008108225 37.56814 72.43862 -999.0 -999.0 -999.0 -999.0 -999.0 278.3434672589232 -7.503422442863896 278.3615646783349 -7.474296113984446 45.07199514730799 149.80306599230624 -999.0 5400.0 -999.0 1 58 {-999.0 -999.0 -999.0 -999.0 -999.0} "" -999.0 -999.0 -999.0 -999.0 -999 -999 "" "" "" "" 0 0 0.0 0.0 -999 ""
FIBERMAP 891 R+9C3 METROLOGY 0 0 0 1 0 0 -127.87837976794016 173.59728377712258 143.1 -31.862207463671584 213.21621613756176 37.56814 72.43862 -999.0 -999.0 -999.0 -999.0 -999.0 278.3407307088676 -7.501352416488779 278.3588487851484 -7.4722863550780625 45.07496152641955 149.8053009100919 -999.0 6231.0 -999.0 -1 -999 {-999.0 -999.0 -999.0 -999.0 -999.0} "" -999.0 -999.0 -999.0 -999.0 -999 -999 "" "" "" "" 0 0 0.0 0.0 -999 ""
FIBERMAP 894 R+13C9 APOGEE 1 1 0 1 0 0 40.90026414098617 240.37506793286556 143.1 148.52932158399358 193.3287515646281 309.11932 111.154594 279.1649869295735 -7.59428510911806 -3.8914652 -7.543827 0.5876325 279.1649536975123 -7.594318973109439 279.18305353837104 -7.5631839460811126 44.6393164410952 148.82167122739054 16000.0 16600.0 2016.0 2 56 {-999.0 15.0148325 13.414471 12.629028 -999.0} sdss_psfmag_from_g3xp 14.318991 13.218585 12.189539 9.831 63050395605591133 1107027234 bright_1x1 mwm_tess_rgb_apogee mwm_tessrgb science 0 0 0.0 0.0 -999 ""
FIBERMAP 894 R+13C9 BOSS 0 0 0 1 0 0 40.542365992731135 239.72053683845593 143.1 147.90699350175944 192.9175829106507 309.11932 111.154594 -999.0 -999.0 -999.0 -999.0 -999.0 279.1622411631495 -7.596310915179075 279.1802554990823 -7.564996439902019 44.63890602635329 148.8262919582313 -999.0 5400.0 -999.0 1 165 {-999.0 -999.0 -999.0 -999.0 -999.0} "" -999.0 -999.0 -999.0 -999.0 -999 -999 "" "" "" "" 0 0 0.0 0.0 -999 ""
FIBERMAP 894 R+13C9 METROLOGY 0 0 0 1 0 0 40.142089813511035 240.35503355889188 143.1 147.8498584960258 193.66550728109138 309.11932 111.154594 -999.0 -999.0 -999.0 -999.0 -999.0 279.16193298784117 -7.592900797717866 279.179964847591 -7.561641263892469 44.64204695913328 148.8245852162606 -999.0 6231.0 -999.0 -1 -999 {-999.0 -999.0 -999.0 -999.0 -999.0} "" -999.0 -999.0 -999.0 -999.0 -999 -999 "" "" "" "" 0 0 0.0 0.0 -999 ""
FIBERMAP 895 R+11C14 APOGEE 1 1 0 1 0 0 135.74697602876046 208.25394147828484 143.1 217.34030050724354 120.59630063257327 344.15402 112.30806 279.4791352373716 -7.92410908223336 2.0583923 0.29747096 0.029315084 279.4791222663798 -7.924131436797844 279.4979254660511 -7.892027560737459 44.206652055451286 148.63230204346178 16000.0 16600.0 2016.0 2 96 {-999.0 25.467314 19.82006 17.031208 -999.0} sdss_psfmag_ps1 21.39673 17.056131 15.439989 9.731 63050395604922838 1153991464 bright_1x1 mwm_galactic_core_dist_apogee_sparse mwm_galactic science 0 0 0.0 0.0 -999 ""
FIBERMAP 895 R+11C14 BOSS 0 0 0 1 0 0 135.83203270206033 207.50898934677303 143.1 217.06719505479356 119.89812439437692 344.15402 112.30806 -999.0 -999.0 -999.0 -999.0 -999.0 279.47801827708344 -7.927453585119163 279.49673663346306 -7.895162898519911 44.20435973647552 148.6357083356256 -999.0 5400.0 -999.0 1 88 {-999.0 -999.0 -999.0 -999.0 -999.0} "" -999.0 -999.0 -999.0 -999.0 -999 -999 "" "" "" "" 0 0 0.0 0.0 -999 ""
FIBERMAP 895 R+11C14 METROLOGY 0 0 0 1 0 0 135.14533106198044 207.80216999507496 143.1 216.59733632140163 120.4782936787599 344.15402 112.30806 -999.0 -999.0 -999.0 -999.0 -999.0 279.4758454797878 -7.9247709744680455 279.49458451101003 -7.892540529054119 44.207654131549646 148.63675974939258 -999.0 6231.0 -999.0 -1 -999 {-999.0 -999.0 -999.0 -999.0 -999.0} "" -999.0 -999.0 -999.0 -999.0 -999 -999 "" "" "" "" 0 0 0.0 0.0 -999 ""
FIBERMAP 896 R-8C17 APOGEE 1 1 0 1 0 0 162.46082453350385 -160.27308827007548 143.1 68.65652689088238 -217.6079344733367 235.4621 174.61473 278.7969741767344 -9.456303928196098 -4.0642295 -7.064707 -0.06551012 278.7970401611383 -9.45631127687248 278.81996810724104 -9.425303500710516 43.11272709760053 150.38274978107438 16000.0 16600.0 2016.0 2 230 {-999.0 22.177519 20.384874 19.26127 -999.0} sdss_psfmag_gaia 20.537487 19.945786 18.059343 9.592 63050395540391285 1154738390 bright_1x1 mwm_galactic_core_dist_apogee_sparse mwm_galactic science 0 0 0.0 0.0 -999 ""
FIBERMAP 896 R-8C17 BOSS 0 0 0 1 0 0 162.0162165691652 -160.85601956541097 143.1 67.99103657772109 -217.91528244618596 235.4621 174.61473 -999.0 -999.0 -999.0 -999.0 -999.0 278.7940816854475 -9.457927876557001 278.81692185327483 -9.426729447519046 43.112699659700375 150.38730609739522 -999.0 5400.0 -999.0 1 275 {-999.0 -999.0 -999.0 -999.0 -999.0} "" -999.0 -999.0 -999.0 -999.0 -999 -999 "" "" "" "" 0 0 0.0 0.0 -999 ""
FIBERMAP 896 R-8C17 METROLOGY 0 0 0 1 0 0 161.71640278839928 -160.17298978594644 143.1 68.04538341174606 -217.17143145777638 235.4621 174.61473 -999.0 -999.0 -999.0 -999.0 -999.0 278.7943190718063 -9.454525658420833 278.81717692743587 -9.42338421187914 43.115627677561314 150.38506325057864 -999.0 6231.0 -999.0 -1 -999 {-999.0 -999.0 -999.0 -999.0 -999.0} "" -999.0 -999.0 -999.0 -999.0 -999 -999 "" "" "" "" 0 0 0.0 0.0 -999 ""
FIBERMAP 897 R-6C3 APOGEE 1 1 0 1 0 0 -186.98981566600665 -103.91479033675411 143.1 -213.84943700914462 -4.421193471232976 133.7064 104.049934 277.5031076299563 -8.485215166858014 0.93106484 -3.7321646 0.047936674 277.50310306868863 -8.485226117009306 277.5240817860377 -8.458057105983393 44.52304470776232 151.44313227705598 16000.0 16600.0 2016.0 2 298 {-999.0 22.006363 18.25782 16.367102 -999.0} sdss_psfmag_ps1 19.79833 16.780521 15.299111 10.381 63050395541859771 1153933339 bright_1x1 mwm_galactic_core_dist_apogee_sparse mwm_galactic science 0 0 0.0 0.0 -999 ""
FIBERMAP 897 R-6C3 BOSS 0 0 0 1 0 0 -186.59923665270566 -103.28464792138998 143.1 -213.20962685292136 -4.046859245295412 133.7064 104.049934 -999.0 -999.0 -999.0 -999.0 -999.0 277.5060575793667 -8.483733730776882 277.52694613757217 -8.456368034439576 44.52343653177135 151.43853860666843 -999.0 5400.0 -999.0 1 445 {-999.0 -999.0 -999.0 -999.0 -999.0} "" -999.0 -999.0 -999.0 -999.0 -999 -999 "" "" "" "" 0 0 0.0 0.0 -999 ""
FIBERMAP 897 R-6C3 METROLOGY 0 0 0 1 0 0 -186.24558544650012 -103.93869873419166 143.1 -213.20284231417804 -4.79026792300854 133.7064 104.049934 -999.0 -999.0 -999.0 -999.0 -999.0 277.5060571111326 -8.487052883284015 277.5269782311565 -8.459739424079164 44.52034325918623 151.4404197828172 -999.0 6231.0 -999.0 -1 -999 {-999.0 -999.0 -999.0 -999.0 -999.0} "" -999.0 -999.0 -999.0 -999.0 -999 -999 "" "" "" "" 0 0 0.0 0.0 -999 ""
FIBERMAP 898 R+4C19 APOGEE 1 1 0 1 0 0 168.38859506098837 95.70304335298934 143.1 193.56996855615478 5.859879567797007 125.369995 31.927067 279.3725559385259 -8.443630713951238 -2.0794044 -5.1139917 0.22500226 279.3725858223709 -8.443686261255426 279.39273343051616 -8.41162927795857 43.785627606515554 149.07965769830113 16000.0 16600.0 2016.0 2 90 {-999.0 21.51978 17.679697 15.770999 -999.0} sdss_psfmag_ps1 19.029316 16.179308 14.706553 10.159 63050395541702797 1153932457 bright_1x1 mwm_galactic_core_dist_apogee_sparse mwm_galactic science 0 0 0.0 0.0 -999 ""
FIBERMAP 898 R+4C19 BOSS 0 0 0 1 0 0 169.05127328375173 95.39830005174197 143.1 194.01318890538698 5.280722333753131 125.369995 31.927067 -999.0 -999.0 -999.0 -999.0 -999.0 279.3747504539653 -8.44650775133808 279.3948102584519 -8.4142522809578 43.782370672635416 149.0786847350278 -999.0 5400.0 -999.0 1 208 {-999.0 -999.0 -999.0 -999.0 -999.0} "" -999.0 -999.0 -999.0 -999.0 -999 -999 "" "" "" "" 0 0 0.0 0.0 -999 ""
FIBERMAP 898 R+4C19 METROLOGY 0 0 0 1 0 0 168.45368112390736 94.95658869136254 143.1 193.27851003070438 5.169712036257362 125.369995 31.927067 -999.0 -999.0 -999.0 -999.0 -999.0 279.37136748546345 -8.446955792779033 279.3914564202832 -8.414763273078266 43.783360083243934 149.0831277793969 -999.0 6231.0 -999.0 -1 -999 {-999.0 -999.0 -999.0 -999.0 -999.0} "" -999.0 -999.0 -999.0 -999.0 -999 -999 "" "" "" "" 0 0 0.0 0.0 -999 ""
FIBERMAP 899 R+4C21 APOGEE 1 1 0 1 0 0 214.51286971707654 91.87798125212039 143.1 232.54765000774074 -19.08490479953307 94.40948 62.16708 279.54960570376375 -8.556808328332487 2.151327 -1.4302241 0.28790054 279.54962858571093 -8.556826706837366 279.5699889501971 -8.524254435432754 43.60761299043055 148.929837637871 16000.0 16600.0 2016.0 2 33 {-999.0 16.815598 14.392151 13.751432 -999.0} sdss_psfmag_ps1 15.494144 13.737664 12.49024 9.115 63050395541685701 1153932158 bright_1x1 mwm_galactic_core_dist_apogee_sparse mwm_galactic science 0 0 0.0 0.0 -999 ""
FIBERMAP 899 R+4C21 BOSS 0 0 0 1 0 0 215.19547472785757 91.580580514157 143.1 233.01191503864734 -19.66688866064453 94.40948 62.16708 -999.0 -999.0 -999.0 -999.0 -999.0 279.55185793121973 -8.559657825845234 279.57212942488974 -8.526885908070245 43.60431950782416 148.92880550693772 -999.0 5400.0 -999.0 1 193 {-999.0 -999.0 -999.0 -999.0 -999.0} "" -999.0 -999.0 -999.0 -999.0 -999 -999 "" "" "" "" 0 0 0.0 0.0 -999 ""
FIBERMAP 899 R+4C21 METROLOGY 0 0 0 1 0 0 214.58844466313639 91.13877745823783 143.1 232.26885179865974 -19.773567579359508 94.40948 62.16708 -999.0 -999.0 -999.0 -999.0 -999.0 279.5484577469934 -8.560089721012737 279.56875864773315 -8.527381082837955 43.60533731268634 148.9332422746635 -999.0 6231.0 -999.0 -1 -999 {-999.0 -999.0 -999.0 -999.0 -999.0} "" -999.0 -999.0 -999.0 -999.0 -999 -999 "" "" "" "" 0 0 0.0 0.0 -999 ""
FIBERMAP 901 R+8C13 APOGEE 0 0 0 1 0 0 48.29540120031769 143.91125797832615 143.1 109.96646937903269 104.61383755661483 281.2345 27.97093 -999.0 -999.0 -999.0 -999.0 -999.0 278.99011848992046 -7.994235886045092 279.00928898946137 -7.963382565305285 44.35437932821322 149.28370884808095 -999.0 16600.0 -999.0 2 -999 {-999.0 -999.0 -999.0 -999.0 -999.0} "" -999.0 -999.0 -999.0 -999.0 -999 -999 "" "" "" "" 0 0 0.0 0.0 -999 ""
FIBERMAP 901 R+8C13 BOSS 1 1 0 1 0 0 47.822717533361285 144.49073590084058 143.1 109.81961606077569 105.34698675426111 281.2345 27.97093 278.98956298828125 -7.991011142570912 -999.0 -999.0 -999.0 278.9895752726485 -7.991055329923599 279.00864660370826 -7.9600167915432225 44.3576880005187 149.28246901932513 5400.0 5400.0 2015.5 1 151 {-999.0 -999.0 -999.0 -999.0 -999.0} "" -999.0 -999.0 -999.0 -999.0 27021603148726212 852784062 "" ops_sky_boss_fallback ops_sky sky_boss 0 0 0.0 0.0 -999 ""
FIBERMAP 901 R+8C13 METROLOGY 0 0 0 1 0 0 48.553508664955295 144.6112883471032 143.1 110.52187142558205 105.11187407126847 281.2345 27.97093 -999.0 -999.0 -999.0 -999.0 -999.0 278.9927594967702 -7.992088084308124 279.01185806927583 -7.961094024194824 44.35533788640749 149.27911440547643 -999.0 6231.0 -999.0 -1 -999 {-999.0 -999.0 -999.0 -999.0 -999.0} "" -999.0 -999.0 -999.0 -999.0 -999 -999 "" "" "" "" 0 0 0.0 0.0 -999 ""
FIBERMAP 903 R+10C13 APOGEE 0 0 0 1 0 0 77.04342041135607 198.24118738380915 143.1 160.77520911099748 139.19190166884889 160.5439 117.706566 -999.0 -999.0 -999.0 -999.0 -999.0 279.2218578098498 -7.8386655032849175 279.24054779867953 -7.807273652791556 44.39497780463799 148.90006903741764 -999.0 16600.0 -999.0 2 -999 {-999.0 -999.0 -999.0 -999.0 -999.0} "" -999.0 -999.0 -999.0 -999.0 -999 -999 "" "" "" "" 0 0 0.0 0.0 -999 ""
FIBERMAP 903 R+10C13 BOSS 1 1 0 1 0 0 76.92295555277573 198.96569071927027 143.1 161.00745952763927 139.88855874687425 160.5439 117.706566 279.2230224609375 -7.835661266029476 -999.0 -999.0 -999.0 279.22302851158065 -7.835681836261095 279.2416183337951 -7.8041009235553975 44.3973643498204 148.89678815766956 5400.0 5400.0 2015.5 1 98 {-999.0 -999.0 -999.0 -999.0 -999.0} "" -999.0 -999.0 -999.0 -999.0 27021603150164224 852849169 "" ops_sky_boss_fallback ops_sky sky_boss 0 0 0.0 0.0 -999 ""
FIBERMAP 903 R+10C13 METROLOGY 0 0 0 1 0 0 77.62250110132517 198.71164198843823 143.1 161.5069650887154 139.33697059148113 160.5439 117.706566 -999.0 -999.0 -999.0 -999.0 -999.0 279.22528077768493 -7.838139588569203 279.24390200787553 -7.806604755741855 44.394122012088275 148.89547871542868 -999.0 6231.0 -999.0 -1 -999 {-999.0 -999.0 -999.0 -999.0 -999.0} "" -999.0 -999.0 -999.0 -999.0 -999 -999 "" "" "" "" 0 0 0.0 0.0 -999 ""
FIBERMAP 904 R+7C9 APOGEE 1 1 0 1 0 0 -52.80123450223408 144.43856959220625 143.1 20.86084266399264 152.3447259590354 215.13782 42.0995 278.5815120340301 -7.776415962644385 -1.0802907 -4.742164 0.1458601 278.5814791543982 -7.776452705403619 278.60026023540655 -7.746766969531879 44.7245251838728 149.66560571874615 16000.0 16600.0 2016.0 2 23 {-999.0 22.798775 18.515488 16.301622 -999.0} sdss_psfmag_ps1 19.896385 16.559366 15.010472 10.005 63050395541997761 1153934461 bright_1x1 mwm_galactic_core_dist_apogee_sparse mwm_galactic science 0 0 0.0 0.0 -999 ""
FIBERMAP 904 R+7C9 BOSS 0 0 0 1 0 0 -52.65366461995011 145.1589307113483 143.1 21.328053430039027 152.91241006309767 215.13782 42.0995 -999.0 -999.0 -999.0 -999.0 -999.0 278.5837238981609 -7.7740191244525745 278.6024088721385 -7.744142418219332 44.72598387501085 149.66131503199983 -999.0 5400.0 -999.0 1 131 {-999.0 -999.0 -999.0 -999.0 -999.0} "" -999.0 -999.0 -999.0 -999.0 -999 -999 "" "" "" "" 0 0 0.0 0.0 -999 ""
FIBERMAP 904 R+7C9 METROLOGY 0 0 0 1 0 0 -52.08571848494492 144.6746098134867 143.1 21.60359043693201 152.2188261829557 215.13782 42.0995 -999.0 -999.0 -999.0 -999.0 -999.0 278.58495647149266 -7.777120452746977 278.6036740208154 -7.747291890044112 44.722601061066484 149.66162103391773 -999.0 6231.0 -999.0 -1 -999 {-999.0 -999.0 -999.0 -999.0 -999.0} "" -999.0 -999.0 -999.0 -999.0 -999 -999 "" "" "" "" 0 0 0.0 0.0 -999 ""
FIBERMAP 905 R-1C5 APOGEE 1 1 0 1 0 0 -179.65061146227458 -16.557932392726126 143.1 -166.52163856352792 69.35611162003737 2.0687225 130.0696 277.7206420898437 -8.15113047243004 -999.0 -999.0 -999.0 277.72064051506794 -8.151123153317991 277.74069229005585 -8.123530930612139 44.74055292855395 150.97592691976652 16000.0 16600.0 2015.5 2 266 {-999.0 -999.0 -999.0 -999.0 -999.0} "" -999.0 -999.0 -999.0 -999.0 27021603148728441 848995616 "" ops_sky_apogee_good ops_sky sky_apogee 0 0 0.0 0.0 -999 ""
FIBERMAP 905 R-1C5 BOSS 0 0 0 1 0 0 -179.14214457146107 -17.09552574915233 143.1 -166.32357705940584 68.64325180297482 2.0687225 130.0696 -999.0 -999.0 -999.0 -999.0 -999.0 277.72155633592365 -8.15452734942525 277.74153062661287 -8.126743560681064 44.737283771821566 150.97672624936317 -999.0 5400.0 -999.0 1 485 {-999.0 -999.0 -999.0 -999.0 -999.0} "" -999.0 -999.0 -999.0 -999.0 -999 -999 "" "" "" "" 0 0 0.0 0.0 -999 ""
FIBERMAP 905 R-1C5 METROLOGY 0 0 0 1 0 0 -179.85995542004588 -17.27822055502596 143.1 -167.04341295088074 68.81737269616681 2.0687225 130.0696 -999.0 -999.0 -999.0 -999.0 -999.0 277.7182626801422 -8.153680595724678 277.7382603817845 -8.125959014292862 44.739332681119826 150.98042377500437 -999.0 6231.0 -999.0 -1 -999 {-999.0 -999.0 -999.0 -999.0 -999.0} "" -999.0 -999.0 -999.0 -999.0 -999 -999 "" "" "" "" 0 0 0.0 0.0 -999 ""
FIBERMAP 906 R+11C11 APOGEE 1 1 0 1 0 0 72.06765059631351 203.70987560038816 143.1 158.9342070451341 146.35156645694804 11.327614 66.75258 279.21331704290384 -7.8062669834228195 -0.82013434 -1.1264037 0.4137774 279.2133390062931 -7.8062753872365 279.2319511430574 -7.77492018303075 44.427790095658644 148.89092721665008 16000.0 16600.0 2016.0 2 1 {-999.0 23.226034 18.843441 16.280767 -999.0} sdss_psfmag_ps1 20.682356 16.515352 14.930995 9.44 63050395604936765 1153991500 bright_1x1 mwm_galactic_core_dist_apogee_sparse mwm_galactic science 0 0 0.0 0.0 -999 ""
FIBERMAP 906 R+11C11 BOSS 0 0 0 1 0 0 71.92551685834161 202.98242824101902 143.1 158.46848793347536 145.77507781353472 11.327614 66.75258 -999.0 -999.0 -999.0 -999.0 -999.0 279.21135316890167 -7.809024802066704 279.22988083744525 -7.7774864611359025 44.42638306106437 148.89508436488643 -999.0 5400.0 -999.0 1 108 {-999.0 -999.0 -999.0 -999.0 -999.0} "" -999.0 -999.0 -999.0 -999.0 -999 -999 "" "" "" "" 0 0 0.0 0.0 -999 ""
FIBERMAP 906 R+11C11 METROLOGY 0 0 0 1 0 0 71.35999705498551 203.46222435777895 143.1 158.19297995753993 146.46352819829366 11.327614 66.75258 -999.0 -999.0 -999.0 -999.0 -999.0 279.2100525587846 -7.8058613362289115 279.22859892365267 -7.774380847225124 44.42973113855735 148.89477618429592 -999.0 6231.0 -999.0 -1 -999 {-999.0 -999.0 -999.0 -999.0 -999.0} "" -999.0 -999.0 -999.0 -999.0 -999 -999 "" "" "" "" 0 0 0.0 0.0 -999 ""
FIBERMAP 907 R-6C6 APOGEE 0 0 0 1 0 0 -115.28778549491521 -136.94349582651125 143.1 -165.91871560851868 -67.13515652706216 318.4314 45.056168 -999.0 -999.0 -999.0 -999.0 -999.0 277.7205772976957 -8.771242290723896 277.7421972992618 -8.74337424192016 44.17462889534291 151.33019236660058 -999.0 16600.0 -999.0 2 -999 {-999.0 -999.0 -999.0 -999.0 -999.0} "" -999.0 -999.0 -999.0 -999.0 -999 -999 "" "" "" "" 0 0 0.0 0.0 -999 ""
FIBERMAP 907 R-6C6 BOSS 1 1 0 1 0 0 -116.04417572204578 -136.98633205910502 143.1 -166.60726221214182 -66.81938786348756 318.4314 45.056168 277.7174339349091 -8.76999290692169 1.2690432 5.1923046 0.50826144 277.71746769316974 -8.769999837279308 277.7389990212261 -8.741948783845235 44.17722041189441 151.3334049101577 5400.0 5400.0 2016.0 1 465 {-999.0 17.960762 16.582775 15.840022 15.292469} sdss_psfmag_from_ps1dr2 17.4109 16.4682 15.489 13.574 63050395541788211 1040012139 "" ops_std_boss_ps1dr2 ops_std standard_boss 0 0 0.0 0.0 -999 ""
FIBERMAP 907 R-6C6 METROLOGY 0 0 0 1 0 0 -115.70878448807353 -136.32752356392834 143.1 -166.00282662123863 -66.39391625509977 318.4314 45.056168 -999.0 -999.0 -999.0 -999.0 -999.0 277.7202203907261 -8.76802894359916 277.74177024231585 -8.740025885241241 44.17785791406299 151.32882402458856 -999.0 6231.0 -999.0 -1 -999 {-999.0 -999.0 -999.0 -999.0 -999.0} "" -999.0 -999.0 -999.0 -999.0 -999 -999 "" "" "" "" 0 0 0.0 0.0 -999 ""
FIBERMAP 908 R+6C18 APOGEE 0 0 0 1 0 0 140.62018536462892 126.58580678369185 143.1 183.4657889877891 46.13729112538838 189.41154 67.071754 -999.0 -999.0 -999.0 -999.0 -999.0 279.32641808502086 -8.260736645106336 279.34612513196925 -8.228882863018159 43.97015362886224 149.026408651706 -999.0 16600.0 -999.0 2 -999 {-999.0 -999.0 -999.0 -999.0 -999.0} "" -999.0 -999.0 -999.0 -999.0 -999 -999 "" "" "" "" 0 0 0.0 0.0 -999 ""
FIBERMAP 908 R+6C18 BOSS 1 1 0 1 0 0 140.77809823590806 127.31698870029759 143.1 183.9472001430434 46.709703397830445 189.41154 67.071754 279.3287658691406 -8.258304864406028 -999.0 -999.0 -999.0 279.3287531560581 -8.258320609802876 279.3483597526169 -8.226271557834286 43.97153493787778 149.02205840745526 5400.0 5400.0 2015.5 1 203 {-999.0 -999.0 -999.0 -999.0 -999.0} "" -999.0 -999.0 -999.0 -999.0 27021603148724955 852783811 "" ops_sky_boss_fallback ops_sky sky_boss 0 0 0.0 0.0 -999 ""
FIBERMAP 908 R+6C18 METROLOGY 0 0 0 1 0 0 141.33090573248992 126.8128277942158 143.1 184.2000815523136 46.00566197617144 189.41154 67.071754 -999.0 -999.0 -999.0 -999.0 -999.0 279.32987356320604 -8.26146790715679 279.3495140881895 -8.22946840160186 43.96816037383809 149.02257330989502 -999.0 6231.0 -999.0 -1 -999 {-999.0 -999.0 -999.0 -999.0 -999.0} "" -999.0 -999.0 -999.0 -999.0 -999 -999 "" "" "" "" 0 0 0.0 0.0 -999 ""
FIBERMAP 910 R+11C8 APOGEE 1 1 0 1 0 0 -4.8260486870028725 193.60936854318481 143.1 86.25110959259443 173.37388928169278 345.8274 44.205498 278.88111546960215 -7.6825226381401155 0.61220217 -1.7799538 0.65282995 278.88113703327923 -7.682525056028217 278.8995674008195 -7.652095024383315 44.68200561532009 149.23165505757026 16000.0 16600.0 2016.0 2 15 {-999.0 16.981081 15.808057 15.161979 -999.0} sdss_psfmag_ps1 16.504953 15.632991 14.708919 12.925 63050395542001325 1034643975 bright_1x1 mwm_yso_disk_apogee_single mwm_yso science 0 0 0.0 0.0 -999 ""
FIBERMAP 910 R+11C8 BOSS 0 0 0 1 0 0 -5.4665898116943605 193.2200209326165 143.1 85.50295234043178 173.32923915177912 345.8274 44.205498 -999.0 -999.0 -999.0 -999.0 -999.0 278.8778281288481 -7.682850207816907 278.8961702281405 -7.65224280117654 44.68333374444914 149.23601142168363 -999.0 5400.0 -999.0 1 111 {-999.0 -999.0 -999.0 -999.0 -999.0} "" -999.0 -999.0 -999.0 -999.0 -999 -999 "" "" "" "" 0 0 0.0 0.0 -999 ""
FIBERMAP 910 R+11C8 METROLOGY 0 0 0 1 0 0 -5.4885649375657675 193.9628670119429 143.1 85.83082648056788 173.99606202976406 345.8274 44.205498 -999.0 -999.0 -999.0 -999.0 -999.0 278.8792932211431 -7.679804443309404 278.89765271964933 -7.649247231438298 44.68539481769837 149.2323211045522 -999.0 6231.0 -999.0 -1 -999 {-999.0 -999.0 -999.0 -999.0 -999.0} "" -999.0 -999.0 -999.0 -999.0 -999 -999 "" "" "" "" 0 0 0.0 0.0 -999 ""
FIBERMAP 912 R+3C20 APOGEE 1 1 0 1 0 0 171.9268220469502 39.23984491104298 143.1 170.29940636374994 -45.69813917731827 326.35397 63.567673 279.2661586220596 -8.677894403977563 0.47160724 -1.3482649 0.35964385 279.2661685395883 -8.677884858290293 279.2869467288745 -8.64600123593318 43.62014060863786 149.3510334545036 16000.0 16600.0 2016.0 2 62 {-999.0 19.439999 16.737095 15.387516 -999.0} sdss_psfmag_ps1 17.92024 15.966672 14.608888 10.846 63050395541663202 1153932177 bright_1x1 mwm_galactic_core_dist_apogee_sparse mwm_galactic science 0 0 0.0 0.0 -999 ""
FIBERMAP 912 R+3C20 BOSS 0 0 0 1 0 0 171.2843153303514 38.86127067074878 143.1 169.5545486446647 -45.73234853209779 326.35397 63.567673 -999.0 -999.0 -999.0 -999.0 -999.0 279.2629126111079 -8.67825121283348 279.28359912901095 -8.646183010440158 43.62141170675364 149.35526199207214 -999.0 5400.0 -999.0 1 216 {-999.0 -999.0 -999.0 -999.0 -999.0} "" -999.0 -999.0 -999.0 -999.0 -999 -999 "" "" "" "" 0 0 0.0 0.0 -999 ""
FIBERMAP 912 R+3C20 METROLOGY 0 0 0 1 0 0 171.28068462462124 39.61074490843471 143.1 169.9017349240295 -45.06824390233903 326.35397 63.567673 -999.0 -999.0 -999.0 -999.0 -999.0 279.2644682453421 -8.675175612921999 279.28517302076335 -8.643159417280296 43.62346172385519 149.35151415724027 -999.0 6231.0 -999.0 -1 -999 {-999.0 -999.0 -999.0 -999.0 -999.0} "" -999.0 -999.0 -999.0 -999.0 -999 -999 "" "" "" "" 0 0 0.0 0.0 -999 ""
FIBERMAP 914 R+3C11 APOGEE 1 1 0 1 0 0 -44.577516739520746 76.20440683717126 143.1 -3.771723137446108 88.19261858765657 180.84125 40.02857 278.46765954513694 -8.06725417650191 -2.9998748 -6.7319975 0.15242605 278.4676756070081 -8.067280307745317 278.4872317774815 -8.037764754904211 44.50912517886194 149.98229696188403 16000.0 16600.0 2016.0 2 124 {-999.0 24.424263 23.56153 18.657532 -999.0} sdss_psfmag_gaia 22.082264 19.194529 17.48965 10.885 63050395541960952 1154741921 bright_1x1 mwm_galactic_core_dist_apogee_sparse mwm_galactic science 0 0 0.0 0.0 -999 ""
FIBERMAP 914 R+3C11 BOSS 0 0 0 1 0 0 -44.03171351238771 76.70739104113524 143.1 -3.0541704702536734 88.38199604339425 180.84125 40.02857 -999.0 -999.0 -999.0 -999.0 -999.0 278.4710650287117 -8.066571180212987 278.49052902428303 -8.03685911373545 44.508557877878545 149.97761303255737 -999.0 5400.0 -999.0 1 14 {-999.0 -999.0 -999.0 -999.0 -999.0} "" -999.0 -999.0 -999.0 -999.0 -999 -999 "" "" "" "" 0 0 0.0 0.0 -999 ""
FIBERMAP 914 R+3C11 METROLOGY 0 0 0 1 0 0 -43.86764129297182 75.98424967938861 143.1 -3.2472426773533605 87.66615534552055 180.84125 40.02857 -999.0 -999.0 -999.0 -999.0 -999.0 278.47014368150184 -8.06977951397987 278.4896413522205 -8.040121689026874 44.50597788240539 149.98067247127292 -999.0 6231.0 -999.0 -1 -999 {-999.0 -999.0 -999.0 -999.0 -999.0} "" -999.0 -999.0 -999.0 -999.0 -999 -999 "" "" "" "" 0 0 0.0 0.0 -999 ""
FIBERMAP 916 R-13C3 APOGEE 1 1 0 1 0 0 -111.12927606604491 -252.01271836765548 143.1 -216.04062124370284 -170.78088449561062 153.46037 140.06065 277.49243368923845 -9.23734180190317 -2.0312436 -3.9125664 0.318181 277.4924100600454 -9.237393280930341 277.51529962498836 -9.209914421193467 43.838764715369784 151.8777141332247 16000.0 16600.0 2016.0 2 198 {-999.0 19.895483 16.302479 13.88592 -999.0} sdss_psfmag_ps1 17.770473 14.078848 12.542934 7.687 63050395541053615 1153927072 bright_1x1 mwm_galactic_core_dist_apogee_sparse mwm_galactic science 0 0 0.0 0.0 -999 ""
FIBERMAP 916 R-13C3 BOSS 0 0 0 1 0 0 -111.40349115707437 -251.32225456838486 143.1 -215.96017397790934 -170.04243103744162 153.46037 140.06065 -999.0 -999.0 -999.0 -999.0 -999.0 277.4928510277953 -9.234274768116574 277.51564606632127 -9.206601561495766 43.8416614468479 151.87543559369257 -999.0 5400.0 -999.0 1 342 {-999.0 -999.0 -999.0 -999.0 -999.0} "" -999.0 -999.0 -999.0 -999.0 -999 -999 "" "" "" "" 0 0 0.0 0.0 -999 ""
FIBERMAP 916 R-13C3 METROLOGY 0 0 0 1 0 0 -110.6588064182843 -251.42847853975564 143.1 -215.3516618533098 -170.48447089249996 153.46037 140.06065 -999.0 -999.0 -999.0 -999.0 -999.0 277.49559278712917 -9.236241428916527 277.51841624430625 -9.2086152583873 43.838719154355026 151.87308465901276 -999.0 6231.0 -999.0 -1 -999 {-999.0 -999.0 -999.0 -999.0 -999.0} "" -999.0 -999.0 -999.0 -999.0 -999 -999 "" "" "" "" 0 0 0.0 0.0 -999 ""
FIBERMAP 918 R-4C10 APOGEE 0 0 0 1 0 0 -48.679245332399205 -86.83619828945042 143.1 -83.62191339798092 -53.98977930212201 216.42926 144.26062 -999.0 -999.0 -999.0 -999.0 -999.0 278.0982493375956 -8.713588394159842 278.1195779342594 -8.684754236274603 44.074582379935734 150.82295599294113 -999.0 16600.0 -999.0 2 -999 {-999.0 -999.0 -999.0 -999.0 -999.0} "" -999.0 -999.0 -999.0 -999.0 -999 -999 "" "" "" "" 0 0 0.0 0.0 -999 ""
FIBERMAP 918 R-4C10 BOSS 1 1 0 1 0 0 -49.40130729790477 -86.86032581627266 143.1 -84.27137296317582 -53.67352453357367 216.42926 144.26062 278.09501511288636 -8.712325957577002 -0.94595116 -3.8578389 0.5445506 278.09531223888786 -8.712354038641449 278.116550452173 -8.68333636887378 44.07711362009723 150.82592833107384 5400.0 5400.0 2016.0 1 408 {-999.0 14.771407 13.638507 12.963365 -999.0} sdss_psfmag_from_g3xp 14.355638 13.471461 12.526187 10.693 63050395541623918 1093181613 bright_3x1 mwm_astar_core_boss mwm_ob science 0 0 1.0596091747283936 0.0 -999 ""
FIBERMAP 918 R-4C10 METROLOGY 0 0 0 1 0 0 -49.070151516143525 -86.20070294247905 143.1 -83.67030004912131 -53.24535298929378 216.42926 144.26062 -999.0 -999.0 -999.0 -999.0 -999.0 278.0980653050054 -8.710358352219087 278.11932245452465 -8.681388704938279 44.07774960385534 150.82133314430862 -999.0 6231.0 -999.0 -1 -999 {-999.0 -999.0 -999.0 -999.0 -999.0} "" -999.0 -999.0 -999.0 -999.0 -999 -999 "" "" "" "" 0 0 0.0 0.0 -999 ""
FIBERMAP 919 R-12C2 APOGEE 1 1 0 1 0 0 -117.53604281067808 -237.05877603459334 143.1 -214.71182139134388 -154.56885377706715 16.785948 82.11407 277.498242343021 -9.164555234614165 -0.39272317 -2.3365645 0.23118891 277.4982331717304 -9.164570192919586 277.5209356428822 -9.13710905491872 43.90319896293063 151.83006783943566 16000.0 16600.0 2016.0 2 204 {-999.0 20.447031 16.877104 14.743182 -999.0} sdss_psfmag_ps1 18.279608 15.198168 13.699227 9.05 63050395541368353 1153929875 bright_1x1 mwm_galactic_core_dist_apogee_sparse mwm_galactic science 0 0 0.0 0.0 -999 ""
FIBERMAP 919 R-12C2 BOSS 0 0 0 1 0 0 -117.41365090224517 -237.79213062737134 143.1 -214.9465067768222 -155.27423479148382 16.785948 82.11407 -999.0 -999.0 -999.0 -999.0 -999.0 277.4972551475531 -9.167930898111614 277.51988017646164 -9.140276649367175 43.90071763012672 151.83315957220833 -999.0 5400.0 -999.0 1 339 {-999.0 -999.0 -999.0 -999.0 -999.0} "" -999.0 -999.0 -999.0 -999.0 -999 -999 "" "" "" "" 0 0 0.0 0.0 -999 ""
FIBERMAP 919 R-12C2 METROLOGY 0 0 0 1 0 0 -118.11940871413255 -237.53937326622167 143.1 -215.45210666037016 -154.72088362058594 16.785948 82.11407 -999.0 -999.0 -999.0 -999.0 -999.0 277.4949349903514 -9.165354244908478 277.51757885488354 -9.137762299752659 43.903933283985516 151.8346440211155 -999.0 6231.0 -999.0 -1 -999 {-999.0 -999.0 -999.0 -999.0 -999.0} "" -999.0 -999.0 -999.0 -999.0 -999 -999 "" "" "" "" 0 0 0.0 0.0 -999 ""
FIBERMAP 920 R+5C2 APOGEE 0 0 0 1 0 0 -218.9099203945008 81.83821389950725 143.1 -155.21786262178946 174.67606132416472 270.0554 94.19722 -999.0 -999.0 -999.0 -999.0 -999.0 277.77619160639796 -7.6747113246578165 277.79502016354627 -7.647182258963676 45.15185090624917 150.62800322314575 -999.0 16600.0 -999.0 2 -999 {-999.0 -999.0 -999.0 -999.0 -999.0} "" -999.0 -999.0 -999.0 -999.0 -999 -999 "" "" "" "" 0 0 0.0 0.0 -999 ""
FIBERMAP 920 R+5C2 BOSS 1 1 0 1 0 0 -219.60275264221036 81.74782266075269 143.1 -155.87246780928467 174.92008477389612 270.0554 94.19722 277.77285985311954 -7.673770344335677 6.377631 2.8592243 3.8297844 277.77328763438675 -7.673777087772626 277.79202969358823 -7.646071460416649 45.15409427973811 150.6311694460182 5400.0 5400.0 2016.0 1 71 {-999.0 13.299074 12.288381 11.759964 -999.0} sdss_psfmag_from_g3xp 12.951201 12.235068 11.383074 9.711 63050395545498427 917233004 bright_3x1 mwm_yso_pms_boss_zari18pms mwm_yso science 0 0 1.4101488590240479 0.0 -999 ""
FIBERMAP 920 R+5C2 METROLOGY 0 0 0 1 0 0 -219.33820997922382 82.44913943681075 143.1 -155.3107767238251 175.41624966025392 270.0554 94.19722 -999.0 -999.0 -999.0 -999.0 -999.0 277.7758465236034 -7.671492395614771 277.7946060148497 -7.643833369523193 45.15506686217824 150.6265563103112 -999.0 6231.0 -999.0 -1 -999 {-999.0 -999.0 -999.0 -999.0 -999.0} "" -999.0 -999.0 -999.0 -999.0 -999 -999 "" "" "" "" 0 0 0.0 0.0 -999 ""
FIBERMAP 921 R+2C21 APOGEE 1 1 0 1 0 0 170.60427256639113 20.225645400506483 143.1 160.24095443389197 -61.88512333713716 298.455 50.52798 279.22001945895164 -8.751473494186483 0.1611057 -1.3212597 0.26999003 279.22001517226073 -8.751448796947955 279.2409967410258 -8.719652918679285 43.57341886936563 149.4516049840256 16000.0 16600.0 2016.0 2 80 {-999.0 19.088234 16.319248 14.980477 -999.0} sdss_psfmag_ps1 17.58265 15.542472 14.2251625 10.515 63050395541662420 1153932128 bright_1x1 mwm_galactic_core_dist_apogee_sparse mwm_galactic science 0 0 0.0 0.0 -999 ""
FIBERMAP 921 R+2C21 BOSS 0 0 0 1 0 0 169.86816322287055 20.326452263255597 143.1 159.63748887991633 -61.45188046104704 298.455 50.52798 -999.0 -999.0 -999.0 -999.0 -999.0 279.2174064687233 -8.749698732388412 279.2382908778985 -8.717717112194546 43.57632080083858 149.45377852588848 -999.0 5400.0 -999.0 1 223 {-999.0 -999.0 -999.0 -999.0 -999.0} "" -999.0 -999.0 -999.0 -999.0 -999 -999 "" "" "" "" 0 0 0.0 0.0 -999 ""
FIBERMAP 921 R+2C21 METROLOGY 0 0 0 1 0 0 170.3127609243776 20.923648806802547 143.1 160.30963943050622 -61.131919647544066 298.455 50.52798 -999.0 -999.0 -999.0 -999.0 -999.0 279.2204480326582 -8.748183085232819 279.24135398699224 -8.716248978954452 43.57633544597608 149.44913384900653 -999.0 6231.0 -999.0 -1 -999 {-999.0 -999.0 -999.0 -999.0 -999.0} "" -999.0 -999.0 -999.0 -999.0 -999 -999 "" "" "" "" 0 0 0.0 0.0 -999 ""
FIBERMAP 925 R-13C12 APOGEE 0 0 0 1 0 0 103.12646819589133 -260.62907943758034 143.1 -30.70347621771768 -278.56540934456314 241.32538 153.41786 -999.0 -999.0 -999.0 -999.0 -999.0 278.3400280403688 -9.727918068482978 278.36382757453856 -9.69798583356863 43.052327231268166 151.09817384457418 -999.0 16600.0 -999.0 2 182 {-999.0 -999.0 -999.0 -999.0 -999.0} "" -999.0 -999.0 -999.0 -999.0 -999 -999 "" "" "" "" 0 0 0.0 0.0 -999 ""
FIBERMAP 925 R-13C12 BOSS 1 1 0 1 0 0 102.52675390530825 -261.06866172407894 143.1 -31.43903530597818 -278.67354576303137 241.32538 153.41786 278.3367213076465 -9.72852423492839 -0.5541576 -5.1741548 0.6887559 278.33674698059605 -9.728573851700538 278.36045815441605 -9.698450952744464 43.05327273877495 151.10257718884594 5400.0 5400.0 2016.0 1 337 {-999.0 16.867344 15.418411 14.71422 -999.0} sdss_psfmag_ps1 16.276827 15.24596 14.238082 12.292 63050395539337095 1035046651 bright_1x1 mwm_yso_pms_boss_sagitta_edr3_single mwm_yso science 0 0 0.0 0.0 -999 ""
FIBERMAP 925 R-13C12 METROLOGY 0 0 0 1 0 0 102.43818214121092 -260.33640705402354 143.1 -31.174972927576032 -277.9849485317469 241.32538 153.41786 -999.0 -999.0 -999.0 -999.0 -999.0 278.33793473015487 -9.725464261172872 278.3616634325875 -9.695396085134893 43.05556613446096 151.09937233954943 -999.0 6231.0 -999.0 -1 -999 {-999.0 -999.0 -999.0 -999.0 -999.0} "" -999.0 -999.0 -999.0 -999.0 -999 -999 "" "" "" "" 0 0 0.0 0.0 -999 ""
FIBERMAP 932 R0C19 APOGEE 1 1 0 1 0 0 101.0659575863675 4.731658933934974 143.1 91.53719348032485 -43.06851412657365 143.98907 126.12975 278.9050534160793 -8.665911510041807 -0.2891961 -1.1751981 0.5684111 278.9050460535056 -8.665937100323523 278.92593823179936 -8.635006380148804 43.78381261873394 149.79001905011594 16000.0 16600.0 2016.0 2 64 {-999.0 10.674916 9.826742 9.506233 -999.0} sdss_psfmag_gaia 10.408852 9.865868 9.144199 8.155 63050395541671065 975476537 "" ops_std_apogee ops_std standard_apogee 0 0 0.0 0.0 -999 ""
FIBERMAP 932 R0C19 BOSS 0 0 0 1 0 0 101.00283635485107 5.478330674067415 143.1 91.83049006992793 -42.37907333533578 143.98907 126.12975 -999.0 -999.0 -999.0 -999.0 -999.0 278.90653805513347 -8.663013590600997 278.9273301191046 -8.631887860649282 43.78604215292104 149.78644760326577 -999.0 5400.0 -999.0 1 242 {-999.0 -999.0 -999.0 -999.0 -999.0} "" -999.0 -999.0 -999.0 -999.0 -999 -999 "" "" "" "" 0 0 0.0 0.0 -999 ""
FIBERMAP 932 R0C19 METROLOGY 0 0 0 1 0 0 101.69211175902296 5.190275431408592 143.1 92.30501980765013 -42.955915926324444 143.98907 126.12975 -999.0 -999.0 -999.0 -999.0 -999.0 278.9086798877013 -8.665582591084 278.9295036756364 -8.634504594824175 43.78275745445878 149.78530879359784 -999.0 6231.0 -999.0 -1 -999 {-999.0 -999.0 -999.0 -999.0 -999.0} "" -999.0 -999.0 -999.0 -999.0 -999 -999 "" "" "" "" 0 0 0.0 0.0 -999 ""
FIBERMAP 934 R+3C10 APOGEE 0 0 0 1 0 0 -45.39205772045706 57.29698958692413 143.1 -13.331259348219655 71.86250688828834 338.4543 133.58066 -999.0 -999.0 -999.0 -999.0 -999.0 278.423499585108 -8.141456073617757 278.4432594775705 -8.112023551809214 44.46034999250504 150.08171409625547 -999.0 16600.0 -999.0 2 -999 {-999.0 -999.0 -999.0 -999.0 -999.0} "" -999.0 -999.0 -999.0 -999.0 -999 -999 "" "" "" "" 0 0 0.0 0.0 -999 ""
FIBERMAP 934 R+3C10 BOSS 1 1 0 1 0 0 -45.11195750105061 56.51953779526718 143.1 -13.447173908979906 71.04441948142595 338.4543 133.58066 278.4230098337272 -8.145351511258074 4.323408 0.44916084 0.8399327 278.42303713406613 -8.145328727302132 278.44271796285994 -8.11570730348556 44.45724021258938 150.08458082596513 5400.0 5400.0 2016.0 1 24 {-999.0 15.271102 14.112302 13.482419 -999.0} sdss_psfmag_from_g3xp 14.847774 14.000096 13.074931 11.238 63050395541955929 917045924 bright_3x1 mwm_yso_variable_boss mwm_yso science 0 0 0.0 0.0 -999 ""
FIBERMAP 934 R+3C10 METROLOGY 0 0 0 1 0 0 -45.837825399595545 56.698697721069934 143.1 -14.004956045731923 71.54212498648884 338.4543 133.58066 -999.0 -999.0 -999.0 -999.0 -999.0 278.42045338903057 -8.14301041391112 278.4401546048437 -8.113450200158425 44.46035976679785 150.08646197425912 -999.0 6231.0 -999.0 -1 -999 {-999.0 -999.0 -999.0 -999.0 -999.0} "" -999.0 -999.0 -999.0 -999.0 -999 -999 "" "" "" "" 0 0 0.0 0.0 -999 ""
FIBERMAP 936 R+2C20 APOGEE 0 0 0 1 0 0 165.22720861689817 30.213024657404553 143.1 160.15786141317128 -50.54409400069978 307.31238 125.11131 -999.0 -999.0 -999.0 -999.0 -999.0 279.219757816688 -8.699938359570913 279.2406100288448 -8.668166503977695 43.620004814532955 149.42132937819588 -999.0 16600.0 -999.0 2 -999 {-999.0 -999.0 -999.0 -999.0 -999.0} "" -999.0 -999.0 -999.0 -999.0 -999 -999 "" "" "" "" 0 0 0.0 0.0 -999 ""
FIBERMAP 936 R+2C20 BOSS 1 1 0 1 0 0 165.02682620552318 29.494498486839323 143.1 159.64483127072265 -51.08546533908573 307.31238 125.11131 279.21752929687494 -8.702627580156829 -999.0 -999.0 -999.0 279.21755363663016 -8.702610471873024 279.2383197236287 -8.670650125647729 43.61874539506973 149.425633411283 5400.0 5400.0 2015.5 1 222 {-999.0 -999.0 -999.0 -999.0 -999.0} "" -999.0 -999.0 -999.0 -999.0 27021603148724097 852783635 "" ops_sky_boss_fallback ops_sky sky_boss 0 0 0.0 0.0 -999 ""
FIBERMAP 936 R+2C20 METROLOGY 0 0 0 1 0 0 164.50454405188546 30.02750401977417 143.1 159.43241452884791 -50.3702014440301 307.31238 125.11131 -999.0 -999.0 -999.0 -999.0 -999.0 279.2165523000112 -8.699303625848591 279.23733704603586 -8.66740213337991 43.62209394945875 149.4249020037381 -999.0 6231.0 -999.0 -1 -999 {-999.0 -999.0 -999.0 -999.0 -999.0} "" -999.0 -999.0 -999.0 -999.0 -999 -999 "" "" "" "" 0 0 0.0 0.0 -999 ""
FIBERMAP 938 R+12C15 APOGEE 1 1 0 1 0 0 159.29562169850868 219.46638440785676 143.1 243.39533697660715 119.49669034245952 284.80713 115.19352 279.596748854213 -7.929779377129288 -2.8161216 -4.8648643 -0.2394364 279.59680509152565 -7.929817568926488 279.61557605837055 -7.897402835559252 44.15023153357389 148.48992559967311 16000.0 16600.0 2016.0 2 44 {-999.0 25.432665 29.163012 18.340633 -999.0} sdss_psfmag_gaia 22.338776 18.210562 16.224817 7.296 63050395604921187 1154753760 bright_1x1 mwm_galactic_core_dist_apogee_sparse mwm_galactic science 0 0 0.0 0.0 -999 ""
FIBERMAP 938 R+12C15 BOSS 0 0 0 1 0 0 158.72944785752625 218.98662848955664 143.1 242.67063988591377 119.33736642004989 284.80713 115.19352 -999.0 -999.0 -999.0 -999.0 -999.0 279.59364125654497 -7.93070226108627 279.61232153816275 -7.898107031622174 44.15103066206333 148.4943874662147 -999.0 5400.0 -999.0 1 179 {-999.0 -999.0 -999.0 -999.0 -999.0} "" -999.0 -999.0 -999.0 -999.0 -999 -999 "" "" "" "" 0 0 0.0 0.0 -999 ""
FIBERMAP 938 R+12C15 METROLOGY 0 0 0 1 0 0 158.59123465354276 219.7176925652815 143.1 242.89027108318334 120.04811980203084 284.80713 115.19352 -999.0 -999.0 -999.0 -999.0 -999.0 279.59457945591527 -7.927452008822453 279.61327791586586 -7.894909169490992 44.15347629697093 148.4912268325819 -999.0 6231.0 -999.0 -1 -999 {-999.0 -999.0 -999.0 -999.0 -999.0} "" -999.0 -999.0 -999.0 -999.0 -999 -999 "" "" "" "" 0 0 0.0 0.0 -999 ""
FIBERMAP 940 R+12C5 APOGEE 0 0 0 1 0 0 -60.118132254389124 214.88596665875036 143.1 47.32961672768396 218.02899667625636 337.082 65.35805 -999.0 -999.0 -999.0 -999.0 -999.0 278.7029477820647 -7.480684565247643 278.7209397308677 -7.4508099579177145 44.94014048008652 149.3336799089524 -999.0 16600.0 -999.0 2 -999 {-999.0 -999.0 -999.0 -999.0 -999.0} "" -999.0 -999.0 -999.0 -999.0 -999 -999 "" "" "" "" 0 0 0.0 0.0 -999 ""
FIBERMAP 940 R+12C5 BOSS 1 1 0 1 0 0 -60.6643281033492 214.39371755265535 143.1 46.61673593725134 217.8492907722983 337.082 65.35805 278.6997985839844 -7.481631264246957 -999.0 -999.0 -999.0 278.6997865543989 -7.481623212028941 278.7176928623759 -7.451572086920732 44.9408457471555 149.33824644928697 5400.0 5400.0 2015.5 1 157 {-999.0 -999.0 -999.0 -999.0 -999.0} "" -999.0 -999.0 -999.0 -999.0 27021603148731072 852785038 "" ops_sky_boss_fallback ops_sky sky_boss 0 0 0.0 0.0 -999 ""
FIBERMAP 940 R+12C5 METROLOGY 0 0 0 1 0 0 -60.829796262611204 215.11001201110804 143.1 46.8053732985569 218.55973260895422 337.082 65.35805 -999.0 -999.0 -999.0 -999.0 -999.0 278.7006211741105 -7.478393690837527 278.7185443381514 -7.448394057358749 44.94334602757315 149.33522913555137 -999.0 6231.0 -999.0 -1 -999 {-999.0 -999.0 -999.0 -999.0 -999.0} "" -999.0 -999.0 -999.0 -999.0 -999 -999 "" "" "" "" 0 0 0.0 0.0 -999 ""
FIBERMAP 941 R-13C14 APOGEE 0 0 0 1 0 0 161.4727013923856 -263.1969888796788 143.1 19.66407447093534 -308.1131119994489 11.479203 63.288876 -999.0 -999.0 -999.0 -999.0 -999.0 278.570531673893 -9.859444174195122 278.59457103022754 -9.82884482976469 42.83910851551385 150.8893164792637 -999.0 16600.0 -999.0 2 -999 {-999.0 -999.0 -999.0 -999.0 -999.0} "" -999.0 -999.0 -999.0 -999.0 -999 -999 "" "" "" "" 0 0 0.0 0.0 -999 ""
FIBERMAP 941 R-13C14 BOSS 1 1 0 1 0 0 161.28115688162902 -263.91231950885464 143.1 19.16034950670665 -308.65579093230093 11.479203 63.288876 278.5682962199538 -9.861975264004949 1.093971 -9.323406 2.0841308 278.56830633040795 -9.861995686405221 278.5922603404193 -9.831200805325395 42.83791037872107 150.89347507386356 5400.0 5400.0 2016.0 1 257 {-999.0 17.454418 15.866319 14.943618 -999.0} sdss_psfmag_ps1 16.68936 15.511853 14.433052 12.062 63050395539322979 916360441 bright_3x1 mwm_yso_cluster_boss mwm_yso science 0 0 0.0 0.0 -999 ""
FIBERMAP 941 R-13C14 METROLOGY 0 0 0 1 0 0 160.75103198713612 -263.38634370543895 143.1 18.937714573056574 -307.9430734685417 11.479203 63.288876 -999.0 -999.0 -999.0 -999.0 -999.0 278.56727279802425 -9.85879707714915 278.5912454112108 -9.828063154440368 42.8411800361613 150.8929394521372 -999.0 6231.0 -999.0 -1 -999 {-999.0 -999.0 -999.0 -999.0 -999.0} "" -999.0 -999.0 -999.0 -999.0 -999 -999 "" "" "" "" 0 0 0.0 0.0 -999 ""
FIBERMAP 942 R+1C24 APOGEE 1 1 0 1 0 0 249.79181442478463 23.919698284132032 143.1 231.95626281109855 -95.64207763412966 34.09659 99.48519 279.5460641851608 -8.903469327328215 -1.7547922 -0.81740475 0.34898862 279.5460375815098 -8.903435032195453 279.5672690762702 -8.870714666960984 43.2972741440845 149.14204609964722 16000.0 16600.0 2016.0 2 59 {-999.0 16.205841 13.759236 12.405106 -999.0} sdss_psfmag_from_g3xp 14.903588 13.076409 11.805435 8.332 63050395540673851 1152260382 bright_1x1 mwm_galactic_core_dist_apogee_sparse mwm_galactic science 0 0 0.0 0.0 -999 ""
FIBERMAP 942 R+1C24 BOSS 0 0 0 1 0 0 250.3146116987589 23.39794298277327 143.1 232.17439455474405 -96.34763907604263 34.09659 99.48519 -999.0 -999.0 -999.0 -999.0 -999.0 279.5471251869831 -8.906821774778285 279.5682690545021 -8.873902150989743 43.29397509270736 149.1427364825483 -999.0 5400.0 -999.0 1 183 {-999.0 -999.0 -999.0 -999.0 -999.0} "" -999.0 -999.0 -999.0 -999.0 -999 -999 "" "" "" "" 0 0 0.0 0.0 -999 ""
FIBERMAP 942 R+1C24 METROLOGY 0 0 0 1 0 0 249.58949444202503 23.200737498987266 143.1 231.44131699493877 -96.18292724158285 34.09659 99.48519 -999.0 -999.0 -999.0 -999.0 -999.0 279.54377682777306 -8.906036855290033 279.5649472185419 -8.87318160162825 43.29605597310968 149.14636149460645 -999.0 6231.0 -999.0 -1 -999 {-999.0 -999.0 -999.0 -999.0 -999.0} "" -999.0 -999.0 -999.0 -999.0 -999 -999 "" "" "" "" 0 0 0.0 0.0 -999 ""
FIBERMAP 943 R-4C19 APOGEE 1 1 0 1 0 0 145.9087798683043 -63.27438479065784 143.1 99.37631113880252 -124.13921621016635 163.67342 74.997444 278.940010652305 -9.034287990270505 -3.0674756 -6.9200892 1.0740471 278.9400105774564 -9.034299677212141 278.9618163783028 -9.003110008866338 43.4358235261474 149.96285715655787 16000.0 16600.0 2016.0 2 223 {-999.0 16.730995 15.460751 14.956074 -999.0} sdss_psfmag_ps1 16.223055 15.346725 14.418126 12.471 63050395541566296 1034952138 bright_1x1 mwm_yso_pms_apogee_sagitta_edr3_single mwm_yso science 0 0 0.0 0.0 -999 ""
FIBERMAP 943 R-4C19 BOSS 0 0 0 1 0 0 146.29400589033884 -62.63380544185358 143.1 100.01626965432065 -123.7531548802825 163.67342 74.997444 -999.0 -999.0 -999.0 -999.0 -999.0 278.9430860683757 -9.032786849420008 278.9647938213379 -9.001394840826084 43.436121790892095 149.95818685774793 -999.0 5400.0 -999.0 1 291 {-999.0 -999.0 -999.0 -999.0 -999.0} "" -999.0 -999.0 -999.0 -999.0 -999 -999 "" "" "" "" 0 0 0.0 0.0 -999 ""
FIBERMAP 943 R-4C19 METROLOGY 0 0 0 1 0 0 146.6532805265184 -63.285362515096736 143.1 100.02919022101013 -124.49698859175864 163.67342 74.997444 -999.0 -999.0 -999.0 -999.0 -999.0 278.9430994968056 -9.036094608732087 278.9648419294935 -9.004756288214637 43.43306069391909 149.96010062676496 -999.0 6231.0 -999.0 -1 -999 {-999.0 -999.0 -999.0 -999.0 -999.0} "" -999.0 -999.0 -999.0 -999.0 -999 -999 "" "" "" "" 0 0 0.0 0.0 -999 ""
FIBERMAP 944 R-1C11 APOGEE 1 1 0 1 0 0 -69.74789368892166 -28.036362265179335 143.1 -74.7528211233111 7.829274072989844 233.62352 93.55208 278.1399150864901 -8.432227945932636 -3.1739626 -4.1406574 0.08799229 278.1399277846596 -8.432246818526083 278.16052981663364 -8.403429183880359 44.31357491359985 150.60839109086086 16000.0 16600.0 2016.0 2 282 {-999.0 24.625027 28.63852 17.499544 -999.0} sdss_psfmag_gaia 21.732773 17.33225 15.556682 8.565 63050395541822515 1154741555 bright_1x1 mwm_galactic_core_dist_apogee_sparse mwm_galactic science 0 0 0.0 0.0 -999 ""
FIBERMAP 944 R-1C11 BOSS 0 0 0 1 0 0 -70.34771992011127 -27.61086715274486 143.1 -75.08403699959447 8.485770633136752 233.62352 93.55208 -999.0 -999.0 -999.0 -999.0 -999.0 278.13846271860274 -8.429437059178419 278.15897009167463 -8.400434578489836 44.316940181719076 150.60860504332956 -999.0 5400.0 -999.0 1 440 {-999.0 -999.0 -999.0 -999.0 -999.0} "" -999.0 -999.0 -999.0 -999.0 -999 -999 "" "" "" "" 0 0 0.0 0.0 -999 ""
FIBERMAP 944 R-1C11 METROLOGY 0 0 0 1 0 0 -69.6849513237661 -27.288216036173466 143.1 -74.34741649401727 8.46108063834692 233.62352 93.55208 -999.0 -999.0 -999.0 -999.0 -999.0 278.1418332406923 -8.429507931986741 278.16236446028967 -8.400550396950019 44.315434037758216 150.60440730717772 -999.0 6231.0 -999.0 -1 -999 {-999.0 -999.0 -999.0 -999.0 -999.0} "" -999.0 -999.0 -999.0 -999.0 -999 -999 "" "" "" "" 0 0 0.0 0.0 -999 ""
FIBERMAP 948 R-8C9 APOGEE 0 0 0 1 0 0 -4.989945317917794 -142.8912160564981 143.1 -71.21495265398053 -123.95851968973871 99.947586 36.013767 -999.0 -999.0 -999.0 -999.0 -999.0 278.15463527438226 -9.031812002720603 278.17674635058694 -9.00268607288265 43.76180303406972 150.93436921268267 -999.0 16600.0 -999.0 2 -999 {-999.0 -999.0 -999.0 -999.0 -999.0} "" -999.0 -999.0 -999.0 -999.0 -999 -999 "" "" "" "" 0 0 0.0 0.0 -999 ""
FIBERMAP 948 R-8C9 BOSS 1 1 0 1 0 0 -4.448820479597384 -143.4077739610239 143.1 -70.97819258030187 -124.66805604821381 99.947586 36.013767 278.15550222702376 -9.035293666084602 -0.88871056 -1.7772534 0.5237918 278.1557790905345 -9.03527931676104 278.1778092469737 -9.005954786178973 43.758392810618 150.93491771871783 5400.0 5400.0 2016.0 1 384 {-999.0 16.135118 14.230645 13.248718 -999.0} sdss_psfmag_from_g3xp 15.23736 13.886663 12.759483 10.017 63050395541597578 916966105 bright_3x1 mwm_yso_disk_boss mwm_yso science 0 0 0.9766520857810974 0.0 -999 ""
FIBERMAP 948 R-8C9 METROLOGY 0 0 0 1 0 0 -5.1660169553131645 -143.6162407174695 143.1 -71.7095344080837 -124.51700038926899 99.947586 36.013767 -999.0 -999.0 -999.0 -999.0 -999.0 278.15239577771706 -9.034512315428968 278.17445062245264 -9.005252011868734 43.76040459063696 150.9386969874786 -999.0 6231.0 -999.0 -1 -999 {-999.0 -999.0 -999.0 -999.0 -999.0} "" -999.0 -999.0 -999.0 -999.0 -999 -999 "" "" "" "" 0 0 0.0 0.0 -999 ""
FIBERMAP 950 R-5C15 APOGEE 0 0 0 1 0 0 79.54823799386341 -84.19319077438197 143.1 30.94493985566788 -111.60289751286967 84.22175 117.99564 -999.0 -999.0 -999.0 -999.0 -999.0 278.6253064142666 -8.977298140716686 278.6470941561507 -8.94696072989744 43.61843963578439 150.31837424028402 -999.0 16600.0 -999.0 2 -999 {-999.0 -999.0 -999.0 -999.0 -999.0} "" -999.0 -999.0 -999.0 -999.0 -999 -999 "" "" "" "" 0 0 0.0 0.0 -999 ""
FIBERMAP 950 R-5C15 BOSS 1 1 0 1 0 0 80.22623958085029 -83.90380623804262 143.1 31.67947088649429 -111.66411123008844 84.22175 117.99564 278.6284998957759 -8.977804722597398 -0.7127851 -2.8855324 0.35633057 278.62879484697476 -8.977827146114137 278.65049114346857 -8.94728613546542 43.61673000413445 150.31436053423155 5400.0 5400.0 2016.0 1 315 {-999.0 14.856636 13.741607 13.100312 -999.0} sdss_psfmag_from_g3xp 14.447064 13.595411 12.667496 11.039 63050395541574581 1034697249 bright_1x1 mwm_yso_disk_boss_single mwm_yso science 0 0 1.0108891725540161 0.0 -999 ""
FIBERMAP 950 R-5C15 METROLOGY 0 0 0 1 0 0 80.14904478079004 -84.63556299920482 143.1 31.26913196545023 -112.27476898807492 84.22175 117.99564 -999.0 -999.0 -999.0 -999.0 -999.0 278.62686810835476 -8.980532539425107 278.6485978988638 -8.95005038131132 43.6150117382634 150.3183125246239 -999.0 6231.0 -999.0 -1 -999 {-999.0 -999.0 -999.0 -999.0 -999.0} "" -999.0 -999.0 -999.0 -999.0 -999 -999 "" "" "" "" 0 0 0.0 0.0 -999 ""
FIBERMAP 951 R+2C24 APOGEE 0 0 0 1 0 0 264.1793015053669 44.321369729377146 143.1 254.21056050806118 -84.33694248675037 58.85494 68.41094 -999.0 -999.0 -999.0 -999.0 -999.0 279.64686961396774 -8.851843994388064 279.6679305113324 -8.818882691095022 43.30037047879514 148.98799463302961 -999.0 16600.0 -999.0 2 -999 {-999.0 -999.0 -999.0 -999.0 -999.0} "" -999.0 -999.0 -999.0 -999.0 -999 -999 "" "" "" "" 0 0 0.0 0.0 -999 ""
FIBERMAP 951 R+2C24 BOSS 1 1 0 1 0 0 264.63700176154293 43.73586383761055 143.1 254.341352846439 -85.0684143151409 58.85494 68.41094 279.6475438037222 -8.855412355418519 -0.3999696 -2.279928 0.40970966 279.64754644125605 -8.855341494701845 279.66851975928984 -8.822182182362765 43.29714970528784 148.98926314354102 5400.0 5400.0 2016.0 1 185 {-999.0 17.432384 16.226988 15.658155 15.216326} sdss_psfmag_from_ps1dr2 16.9436 16.1743 15.2534 13.592 63050395540677260 1040009673 "" ops_std_boss_ps1dr2 ops_std standard_boss 0 0 0.0 0.0 -999 ""
FIBERMAP 951 R+2C24 METROLOGY 0 0 0 1 0 0 263.9007440924162 43.62922252812439 143.1 253.64076974963834 -84.81845084062965 58.85494 68.41094 -999.0 -999.0 -999.0 -999.0 -999.0 279.6443606429995 -8.8541728622367 279.6653595693416 -8.821077606011947 43.29951148101123 148.99245430509058 -999.0 6231.0 -999.0 -1 -999 {-999.0 -999.0 -999.0 -999.0 -999.0} "" -999.0 -999.0 -999.0 -999.0 -999 -999 "" "" "" "" 0 0 0.0 0.0 -999 ""
FIBERMAP 954 R+12C12 APOGEE 0 0 0 1 0 0 90.90948367564755 217.48936407701103 143.1 182.02937380951667 149.721321264389 291.5037 101.04007 -999.0 -999.0 -999.0 -999.0 -999.0 279.31829561492646 -7.791704116263679 279.33683030214956 -7.760080327078483 44.39546322833347 148.75111875751605 -999.0 16600.0 -999.0 2 -999 {-999.0 -999.0 -999.0 -999.0 -999.0} "" -999.0 -999.0 -999.0 -999.0 -999 -999 "" "" "" "" 0 0 0.0 0.0 -999 ""
FIBERMAP 954 R+12C12 BOSS 1 1 0 1 0 0 90.2878462382954 217.08761865915886 143.1 181.2921279482176 149.65687571337475 291.5037 101.04007 279.3150329589844 -7.792126674113845 -999.0 -999.0 -999.0 279.3150665797631 -7.792140051963697 279.3335110278541 -7.760337390183805 44.39668023440911 148.75541004888404 5400.0 5400.0 2015.5 1 101 {-999.0 -999.0 -999.0 -999.0 -999.0} "" -999.0 -999.0 -999.0 -999.0 27021603150164174 852849158 "" ops_sky_boss_fallback ops_sky sky_boss 0 0 0.0 0.0 -999 ""
FIBERMAP 954 R+12C12 METROLOGY 0 0 0 1 0 0 90.24320375127515 217.8251214937424 143.1 181.59746993228094 150.32957355091847 291.5037 101.04007 -999.0 -999.0 -999.0 -999.0 -999.0 279.31640458294623 -7.789066603756229 279.3348670494492 -7.7573148419345355 44.39880269161994 148.75185934709197 -999.0 6231.0 -999.0 -1 -999 {-999.0 -999.0 -999.0 -999.0 -999.0} "" -999.0 -999.0 -999.0 -999.0 -999 -999 "" "" "" "" 0 0 0.0 0.0 -999 ""
FIBERMAP 956 R+10C8 APOGEE 0 0 0 1 0 0 -19.547061406850105 180.84658381063664 143.1 67.27337478876976 168.9761554323044 286.41174 114.37073 -999.0 -999.0 -999.0 -999.0 -999.0 278.79429748111187 -7.7019972691336855 278.8128100627931 -7.671786304580609 44.70151264805556 149.35266319746992 -999.0 16600.0 -999.0 2 -999 {-999.0 -999.0 -999.0 -999.0 -999.0} "" -999.0 -999.0 -999.0 -999.0 -999 -999 "" "" "" "" 0 0 0.0 0.0 -999 ""
FIBERMAP 956 R+10C8 BOSS 1 1 0 1 0 0 -20.10077505889942 180.34857160125415 143.1 66.55115517083789 168.79487066292654 286.41174 114.37073 278.7911007220496 -7.702947707799234 0.8749935 0.3464241 0.35142103 278.79110044455047 -7.702937757042227 278.8095266297834 -7.672548826172106 44.70223244696831 149.35725501587643 5400.0 5400.0 2016.0 1 120 {-999.0 17.721445 16.415453 15.739734 -999.0} sdss_psfmag_ps1 17.198446 16.24829 15.280237 13.456 63050395542000970 916945305 bright_5x1 mwm_yso_disk_boss mwm_yso science 0 0 0.0 0.0 -999 ""
FIBERMAP 956 R+10C8 METROLOGY 0 0 0 1 0 0 -20.255808331315542 181.07969274991737 143.1 66.75594698371451 169.51353822863797 286.41174 114.37073 -999.0 -999.0 -999.0 -999.0 -999.0 278.79200715221623 -7.699652753592989 278.8104502444461 -7.669315595483949 44.70475181462355 149.35412650776735 -999.0 6231.0 -999.0 -1 -999 {-999.0 -999.0 -999.0 -999.0 -999.0} "" -999.0 -999.0 -999.0 -999.0 -999 -999 "" "" "" "" 0 0 0.0 0.0 -999 ""
FIBERMAP 962 R-1C12 APOGEE 0 0 0 1 0 0 -20.400623241413783 -9.07762345216173 143.1 -22.27464873136796 1.5146583509179812 66.33942 84.89659 -999.0 -999.0 -999.0 -999.0 -999.0 278.38141644788953 -8.461777431471114 278.4019997007691 -8.43231270658333 44.18725722481814 150.3224989374255 -999.0 16600.0 -999.0 2 -999 {-999.0 -999.0 -999.0 -999.0 -999.0} "" -999.0 -999.0 -999.0 -999.0 -999 -999 "" "" "" "" 0 0 0.0 0.0 -999 ""
FIBERMAP 962 R-1C12 BOSS 1 1 0 1 0 0 -19.744228943207375 -9.41793496842071 143.1 -21.85361119768556 0.9070027595921423 66.33942 84.89659 278.38291744150524 -8.464743619756515 -0.53956 -3.637287 0.37342066 278.3834242911255 -8.464742372706848 278.40392489856634 -8.435080587127782 44.183944912855786 150.32171450501082 5400.0 5400.0 2016.0 1 439 {-999.0 13.896912 11.970836 10.846197 -999.0} sdss_psfmag_from_g3xp 12.978285 11.453023 10.25132 7.75 63050395541650202 1093762631 bright_1x1 mwm_astar_core_boss_single mwm_ob science 0 0 1.8241153955459595 0.0 -999 ""
FIBERMAP 962 R-1C12 METROLOGY 0 0 0 1 0 0 -20.370597860627086 -9.823116884071364 143.1 -22.596645515180235 0.8417319994840821 66.33942 84.89659 -999.0 -999.0 -999.0 -999.0 -999.0 278.37997769636223 -8.464976019542714 278.4005055597377 -8.435377153534722 44.18509941956545 150.32616719127924 -999.0 6231.0 -999.0 -1 -999 {-999.0 -999.0 -999.0 -999.0 -999.0} "" -999.0 -999.0 -999.0 -999.0 -999 -999 "" "" "" "" 0 0 0.0 0.0 -999 ""
FIBERMAP 963 R+9C11 APOGEE 1 1 0 1 0 0 42.72825098458213 166.57190917089275 143.1 115.64039770066076 127.24474376187365 314.6105 122.668465 279.0159293293001 -7.891722020667114 -0.2757825 -2.8014054 0.30762476 279.0159514913074 -7.891729076471263 279.03485469061883 -7.860853434147905 44.43574134542062 149.1894759424644 16000.0 16600.0 2016.0 2 28 {-999.0 21.896881 17.57912 15.2691145 -999.0} sdss_psfmag_ps1 19.135683 15.5000105 13.9500265 8.785 63050395541772128 1153932749 bright_1x1 mwm_galactic_core_dist_apogee_sparse mwm_galactic science 0 0 0.0 0.0 -999 ""
FIBERMAP 963 R+9C11 BOSS 0 0 0 1 0 0 42.58600107626727 165.84370711261948 143.1 115.17422307641752 126.66764240566523 314.6105 122.668465 -999.0 -999.0 -999.0 -999.0 -999.0 279.0139524738531 -7.894480455108895 279.03277200554794 -7.863421388051394 44.43432574254967 149.19364146423533 -999.0 5400.0 -999.0 1 133 {-999.0 -999.0 -999.0 -999.0 -999.0} "" -999.0 -999.0 -999.0 -999.0 -999 -999 "" "" "" "" 0 0 0.0 0.0 -999 ""
FIBERMAP 963 R+9C11 METROLOGY 0 0 0 1 0 0 42.00945097759322 166.35627845924677 143.1 114.9042893231916 127.39021739329873 314.6105 122.668465 -999.0 -999.0 -999.0 -999.0 -999.0 279.0126784376388 -7.891156643759376 279.0315160195282 -7.86015552422019 44.437807732272056 149.19322224924264 -999.0 6231.0 -999.0 -1 -999 {-999.0 -999.0 -999.0 -999.0 -999.0} "" -999.0 -999.0 -999.0 -999.0 -999 -999 "" "" "" "" 0 0 0.0 0.0 -999 ""
FIBERMAP 964 R+8C14 APOGEE 0 0 0 1 0 0 85.84179061752033 142.1965608120307 143.1 142.3494062457619 85.54459972573068 257.54034 113.868996 -999.0 -999.0 -999.0 -999.0 -999.0 279.13843726929923 -8.08130107243989 279.1577683169781 -8.05002022310291 44.212453074905525 149.1513285589483 -999.0 16600.0 -999.0 2 -999 {-999.0 -999.0 -999.0 -999.0 -999.0} "" -999.0 -999.0 -999.0 -999.0 -999 -999 "" "" "" "" 0 0 0.0 0.0 -999 ""
FIBERMAP 964 R+8C14 BOSS 1 1 0 1 0 0 85.0868116399116 142.03022809083356 143.1 141.6043697012889 85.75055880036818 257.54034 113.868996 279.13513183593744 -8.080481766430509 -999.0 -999.0 -999.0 279.1351704135187 -8.08051438794606 279.15440853184225 -8.049053636679728 44.21477180814224 149.1549195521072 5400.0 5400.0 2015.5 1 161 {-999.0 -999.0 -999.0 -999.0 -999.0} "" -999.0 -999.0 -999.0 -999.0 27021603148726135 852784048 "" ops_sky_boss_fallback ops_sky sky_boss 0 0 0.0 0.0 -999 ""
FIBERMAP 964 R+8C14 METROLOGY 0 0 0 1 0 0 85.33401183745379 142.7432075819159 143.1 142.15618557802338 86.26513950728217 257.54034 113.868996 -999.0 -999.0 -999.0 -999.0 -999.0 279.1376542590459 -8.07813939933695 279.1569115779305 -8.046726710901952 44.21578731009662 149.15039292442003 -999.0 6231.0 -999.0 -1 -999 {-999.0 -999.0 -999.0 -999.0 -999.0} "" -999.0 -999.0 -999.0 -999.0 -999 -999 "" "" "" "" 0 0 0.0 0.0 -999 ""
FIBERMAP 965 R+5C15 APOGEE 0 0 0 1 0 0 89.2390202349997 106.01932058224244 143.1 128.4383449163731 51.981821974859514 47.75422 108.51498 -999.0 -999.0 -999.0 -999.0 -999.0 279.0749052965556 -8.233597483240018 279.09464356080605 -8.20241531476958 44.10234286564648 149.3220709113358 -999.0 16600.0 -999.0 2 -999 {-999.0 -999.0 -999.0 -999.0 -999.0} "" -999.0 -999.0 -999.0 -999.0 -999 -999 "" "" "" "" 0 0 0.0 0.0 -999 ""
FIBERMAP 965 R+5C15 BOSS 1 1 0 1 0 0 89.93104126124568 105.73763033850054 143.1 128.91827708783768 51.40932131869118 47.75422 108.51498 279.07725716501193 -8.236377207989408 -0.009295534 -2.6327322 0.38625076 279.0772498215807 -8.236374981144419 279.0969019069084 -8.204995647190813 44.0990486435237 149.32082345237492 5400.0 5400.0 2016.0 1 213 {-999.0 16.812717 15.972298 15.667841 -999.0} sdss_psfmag_ps1 16.483265 15.901436 15.162864 14.004 63050395541750012 980524047 "" ops_std_boss_tic ops_std standard_boss 0 0 0.0 0.0 -999 ""
FIBERMAP 965 R+5C15 METROLOGY 0 0 0 1 0 0 89.34639130381876 105.28098906179078 143.1 128.18805685469215 51.27906476968863 47.75422 108.51498 -999.0 -999.0 -999.0 -999.0 -999.0 279.07386834473044 -8.236909281759988 279.0935492498564 -8.205592357717732 44.099949241405746 149.3253477607322 -999.0 6231.0 -999.0 -1 -999 {-999.0 -999.0 -999.0 -999.0 -999.0} "" -999.0 -999.0 -999.0 -999.0 -999 -999 "" "" "" "" 0 0 0.0 0.0 -999 ""
FIBERMAP 971 R+4C2 APOGEE 0 0 0 1 0 0 -217.78099311328313 64.58553564647697 143.1 -162.28607908116373 158.89984333364217 306.59637 106.908195 -999.0 -999.0 -999.0 -999.0 -999.0 277.7433201115869 -7.745841784193181 277.7623403075903 -7.718367932868458 45.100565892050746 150.71168787247106 -999.0 16600.0 -999.0 2 -999 {-999.0 -999.0 -999.0 -999.0 -999.0} "" -999.0 -999.0 -999.0 -999.0 -999 -999 "" "" "" "" 0 0 0.0 0.0 -999 ""
FIBERMAP 971 R+4C2 BOSS 1 1 0 1 0 0 -218.22454672957446 63.98261970757774 143.1 -162.95998077818146 158.5743394195388 306.59637 106.908195 277.74026948950814 -7.747465798628729 -2.2025237 -8.555656 0.8491164 277.7402975433955 -7.747472052347322 277.7592377927049 -7.719820392079214 45.1005206401445 150.71650456148873 5400.0 5400.0 2016.0 1 72 {-999.0 17.812021 16.525465 15.9019375 -999.0} sdss_psfmag_ps1 17.308397 16.40737 15.466393 13.438 63050395545496347 981886629 "" ops_std_boss_tic ops_std standard_boss 0 0 0.0 0.0 -999 ""
FIBERMAP 971 R+4C2 METROLOGY 0 0 0 1 0 0 -218.523487355238 64.65877689971353 143.1 -162.90807530546826 159.31170799611095 306.59637 106.908195 -999.0 -999.0 -999.0 -999.0 -999.0 277.7405487119383 -7.7440998874553255 277.7595045043798 -7.716501490834787 45.10343042902047 150.71421220945973 -999.0 6231.0 -999.0 -1 -999 {-999.0 -999.0 -999.0 -999.0 -999.0} "" -999.0 -999.0 -999.0 -999.0 -999 -999 "" "" "" "" 0 0 0.0 0.0 -999 ""
FIBERMAP 973 R+9C14 APOGEE 1 1 0 1 0 0 102.73434250569183 187.06002797852886 143.1 178.25416492161713 117.29861234354463 78.04189 119.7908 279.30180215708344 -7.9380609035598635 -999.0 -999.0 -999.0 279.30182612349574 -7.938072698205969 279.3207339509512 -7.906427228379008 44.271027452765836 148.86108896970978 16000.0 16600.0 2016.0 2 39 {-999.0 22.39025 20.636269 19.649014 -999.0} sdss_psfmag_ps1 -999.0 20.872526 -999.0 12.78 63050395541769439 1034806796 bright_1x1 mwm_yso_cmz_apogee_single mwm_yso science 0 0 0.0 0.0 -999 ""
FIBERMAP 973 R+9C14 BOSS 0 0 0 1 0 0 103.43837101536324 187.31877517543532 143.1 178.99737569593995 117.19815231000644 78.04189 119.7908 -999.0 -999.0 -999.0 -999.0 -999.0 279.3053390313215 -7.938708196897561 279.32415427588234 -7.906865148827172 44.26914664034571 148.8571066187251 -999.0 5400.0 -999.0 1 162 {-999.0 -999.0 -999.0 -999.0 -999.0} "" -999.0 -999.0 -999.0 -999.0 -999 -999 "" "" "" "" 0 0 0.0 0.0 -999 ""
FIBERMAP 973 R+9C14 METROLOGY 0 0 0 1 0 0 103.29981560504524 186.57869898232258 143.1 178.5289149653332 116.60882899032703 78.04189 119.7908 -999.0 -999.0 -999.0 -999.0 -999.0 279.30318475315863 -7.941315117266391 279.32203367744427 -7.909529850222189 44.26767463449104 148.8613757986023 -999.0 6231.0 -999.0 -1 -999 {-999.0 -999.0 -999.0 -999.0 -999.0} "" -999.0 -999.0 -999.0 -999.0 -999 -999 "" "" "" "" 0 0 0.0 0.0 -999 ""
FIBERMAP 975 R-1C21 APOGEE 0 0 0 1 0 0 168.50630833649018 -11.960116040410075 143.1 143.33918198730754 -89.3509952682258 5.865713 172.82434 -999.0 -999.0 -999.0 -999.0 -999.0 279.1422771331404 -8.876244170664574 279.1636037389251 -8.844595589475437 43.49369322774352 149.62112982243733 -999.0 16600.0 -999.0 2 -999 {-999.0 -999.0 -999.0 -999.0 -999.0} "" -999.0 -999.0 -999.0 -999.0 -999 -999 "" "" "" "" 0 0 0.0 0.0 -999 ""
FIBERMAP 975 R-1C21 BOSS 1 1 0 1 0 0 169.22561958349158 -11.947519475956613 143.1 143.98081941620956 -89.67615541812144 5.865713 172.82434 279.1453877797105 -8.877955614513596 -6.540264 -10.941784 1.1707234 279.1453531326309 -8.877939375369563 279.16658907202583 -8.846087793800494 43.49107673849142 149.61834480894694 5400.0 5400.0 2016.0 1 270 {-999.0 17.94973 16.340996 15.585678 -999.0} sdss_psfmag_ps1 17.204035 16.091946 15.048496 -999.0 63050395541652125 917200160 bright_4x1 mwm_yso_pms_boss_sagitta_edr3 mwm_yso science 0 0 0.0 0.0 -999 ""
FIBERMAP 975 R-1C21 METROLOGY 0 0 0 1 0 0 168.87079667357804 -12.61112313149182 143.1 143.35696770336997 -90.09678040587855 5.865713 172.82434 -999.0 -999.0 -999.0 -999.0 -999.0 279.1424532971751 -8.879791974556731 279.16372162258136 -8.848002175924167 43.49056811015943 149.62300570776742 -999.0 6231.0 -999.0 -1 -999 {-999.0 -999.0 -999.0 -999.0 -999.0} "" -999.0 -999.0 -999.0 -999.0 -999 -999 "" "" "" "" 0 0 0.0 0.0 -999 ""
FIBERMAP 979 R+3C7 APOGEE 1 1 0 1 0 0 -132.12450160959293 40.50875051012947 143.1 -97.83678379400533 97.57384014108159 291.46863 59.31542 278.03569632912564 -8.023632540518241 4.6824694 -4.3971734 1.8468337 278.03570759552855 -8.023642512716643 278.0553186189173 -7.9952795905693 44.727916484330166 150.50202549203556 16000.0 16600.0 2016.0 2 125 {-999.0 19.206333 17.204899 16.19972 -999.0} sdss_psfmag_ps1 18.240812 16.798935 15.645455 12.939 63050395542005776 1034952419 bright_1x1 mwm_yso_pms_apogee_sagitta_edr3_single mwm_yso science 0 0 0.0 0.0 -999 ""
FIBERMAP 979 R+3C7 BOSS 0 0 0 1 0 0 -132.8546976872686 40.629025668607824 143.1 -98.42592118731865 98.02152508693267 291.46863 59.31542 -999.0 -999.0 -999.0 -999.0 -999.0 278.0330636676586 -8.02175175821673 278.0525839525902 -7.993209467618662 44.730929226150295 150.50426993549917 -999.0 5400.0 -999.0 1 43 {-999.0 -999.0 -999.0 -999.0 -999.0} "" -999.0 -999.0 -999.0 -999.0 -999 -999 "" "" "" "" 0 0 0.0 0.0 -999 ""
FIBERMAP 979 R+3C7 METROLOGY 0 0 0 1 0 0 -132.39167936224425 41.20657672555225 143.1 -97.74667463654167 98.31551061154808 291.46863 59.31542 -999.0 -999.0 -999.0 -999.0 -999.0 278.0361686802389 -8.020377153497963 278.05570896122975 -7.991880358366174 44.730842689795175 150.49953064786496 -999.0 6231.0 -999.0 -1 -999 {-999.0 -999.0 -999.0 -999.0 -999.0} "" -999.0 -999.0 -999.0 -999.0 -999 -999 "" "" "" "" 0 0 0.0 0.0 -999 ""
FIBERMAP 983 R+6C5 APOGEE 1 1 0 1 0 0 -127.28766874546353 108.04465951229335 143.1 -61.9873708373546 155.00272428944982 296.1484 132.55988 278.2014432649737 -7.763583601757509 0.43404758 -0.6223384 0.024870634 278.20146732727045 -7.763573490792488 278.2203603744205 -7.734889995687877 44.895471493292526 150.138643990065 16000.0 16600.0 2016.0 2 150 {-999.0 22.755875 22.667238 18.17141 -999.0} sdss_psfmag_ps1 21.745731 17.303106 15.527989 8.231 63050395542015113 1153934507 bright_1x1 mwm_galactic_core_dist_apogee_sparse mwm_galactic science 0 0 0.0 0.0 -999 ""
FIBERMAP 983 R+6C5 BOSS 0 0 0 1 0 0 -127.54028866756184 107.33783206858057 143.1 -62.541100611317816 154.49611477839778 296.1484 132.55988 -999.0 -999.0 -999.0 -999.0 -999.0 278.198983191505 -7.765994791455691 278.21779594118584 -7.7371310904258666 44.89451383667409 150.14323179609858 -999.0 5400.0 -999.0 1 49 {-999.0 -999.0 -999.0 -999.0 -999.0} "" -999.0 -999.0 -999.0 -999.0 -999 -999 "" "" "" "" 0 0 0.0 0.0 -999 ""
FIBERMAP 983 R+6C5 METROLOGY 0 0 0 1 0 0 -128.02548662994576 107.91068690220123 143.1 -62.70211086440295 155.22926099706925 296.1484 132.55988 -999.0 -999.0 -999.0 -999.0 -999.0 278.1982419148294 -7.76263466065504 278.2170712398936 -7.733827006987136 44.89781195992331 150.14218010895323 -999.0 6231.0 -999.0 -1 -999 {-999.0 -999.0 -999.0 -999.0 -999.0} "" -999.0 -999.0 -999.0 -999.0 -999 -999 "" "" "" "" 0 0 0.0 0.0 -999 ""
FIBERMAP 985 R+9C10 APOGEE 1 1 0 1 0 0 4.330090046418461 191.6564929853937 143.1 93.43056113171352 167.36719060020266 150.00217 73.137634 278.9140319824218 -7.709776292543367 -999.0 -999.0 -999.0 278.91402170794385 -7.709795032873367 278.9325078471414 -7.679266819901956 44.64335379756144 149.20689620917068 16000.0 16600.0 2015.5 2 10 {-999.0 -999.0 -999.0 -999.0 -999.0} "" -999.0 -999.0 -999.0 -999.0 27021603148729864 848995809 "" ops_sky_apogee_good ops_sky sky_apogee 0 0 0.0 0.0 -999 ""
FIBERMAP 985 R+9C10 BOSS 0 0 0 1 0 0 4.8651843373946955 192.16272517189458 143.1 94.14016742985656 167.56444537389356 150.00217 73.137634 -999.0 -999.0 -999.0 -999.0 -999.0 278.91738167347825 -7.709060741571764 278.93577409245427 -7.678337922817989 44.642784320477 149.2022312621266 -999.0 5400.0 -999.0 1 126 {-999.0 -999.0 -999.0 -999.0 -999.0} "" -999.0 -999.0 -999.0 -999.0 -999 -999 "" "" "" "" 0 0 0.0 0.0 -999 ""
FIBERMAP 985 R+9C10 METROLOGY 0 0 0 1 0 0 5.041951484577601 191.43223389440422 143.1 93.95487912780658 166.83617345635656 150.00217 73.137634 -999.0 -999.0 -999.0 -999.0 -999.0 278.9165096552075 -7.712301025625366 278.93493620934225 -7.681631797916398 44.640178213110744 149.2052935005119 -999.0 6231.0 -999.0 -1 -999 {-999.0 -999.0 -999.0 -999.0 -999.0} "" -999.0 -999.0 -999.0 -999.0 -999 -999 "" "" "" "" 0 0 0.0 0.0 -999 ""
FIBERMAP 986 R+2C13 APOGEE 0 0 1 1 0 0 0.5838658708187099 46.40520722023683 143.1 22.211462546638 40.741306266204624 10.820745 169.56152 -999.0 -999.0 -999.0 -999.0 -999.0 278.5867350686562 -8.283583879798025 278.60678973522477 -8.253659898780773 44.26339732478486 149.9608163613903 -999.0 16600.0 -999.0 2 -999 {-999.0 -999.0 -999.0 -999.0 -999.0} "" -999.0 -999.0 -999.0 -999.0 -999 -999 "" "" "" "" 0 0 0.0 0.0 -999 ""
FIBERMAP 986 R+2C13 BOSS 1 0 1 1 0 0 1.3369686393714977 46.4106302848591 143.1 22.87961214387849 40.394007710292904 10.820745 169.56152 278.5234646090956 -8.350920798613945 0.31419793 -0.49933365 0.5938279 278.5899100881314 -8.285340879908775 278.6098779334557 -8.255218267865567 44.26068696610324 149.95787976370033 5400.0 5400.0 2016.0 1 105 {-999.0 16.84999 15.797034 15.15936 -999.0} sdss_psfmag_ps1 16.438623 15.615626 14.701348 11.877 63050395541736874 1055531632 bright_1x1 bhm_csc_boss bhm_csc science 0 0 0.0 0.0 -999 ""
FIBERMAP 986 R+2C13 METROLOGY 0 0 1 1 0 0 0.9718967652944513 45.76795216498489 143.1 22.256485232054988 39.99666893096187 10.820745 169.56152 -999.0 -999.0 -999.0 -999.0 -999.0 278.5870096801967 -8.287094152542387 278.6070085811077 -8.257032070427535 44.260253269897426 149.96254543787995 -999.0 6231.0 -999.0 -1 -999 {-999.0 -999.0 -999.0 -999.0 -999.0} "" -999.0 -999.0 -999.0 -999.0 -999 -999 "" "" "" "" 0 0 0.0 0.0 -999 ""
FIBERMAP 988 R+7C6 APOGEE 0 0 0 1 0 0 -93.34448404310162 121.69836729502825 143.1 -25.60399408250193 151.20110624053325 319.8453 94.71282 -999.0 -999.0 -999.0 -999.0 -999.0 278.368248324201 -7.781079395469668 278.38712226497904 -7.751950794624447 44.80998611153509 149.93772482772104 -999.0 16600.0 -999.0 2 -999 {-999.0 -999.0 -999.0 -999.0 -999.0} "" -999.0 -999.0 -999.0 -999.0 -999 -999 "" "" "" "" 0 0 0.0 0.0 -999 ""
FIBERMAP 988 R+7C6 BOSS 1 1 0 1 0 0 -93.88324991424982 121.0338958018751 143.1 -26.390825683665 150.86571149305513 319.8453 94.71282 278.3647155761719 -7.782714385390946 -999.0 -999.0 -999.0 278.3647105503967 -7.782719610740622 278.38350183363485 -7.753413609980224 44.81018695412648 149.94317825185777 5400.0 5400.0 2015.5 1 67 {-999.0 -999.0 -999.0 -999.0 -999.0} "" -999.0 -999.0 -999.0 -999.0 27021603148730415 852784906 "" ops_sky_boss_fallback ops_sky sky_boss 0 0 0.0 0.0 -999 ""
FIBERMAP 988 R+7C6 METROLOGY 0 0 0 1 0 0 -94.08820687243269 121.75785118901311 143.1 -26.23350802726328 151.60138613834306 319.8453 94.71282 -999.0 -999.0 -999.0 -999.0 -999.0 278.36542144234045 -7.779348735463223 278.3842289507301 -7.750095063713441 44.812884529792974 149.94027063871695 -999.0 6231.0 -999.0 -1 -999 {-999.0 -999.0 -999.0 -999.0 -999.0} "" -999.0 -999.0 -999.0 -999.0 -999 -999 "" "" "" "" 0 0 0.0 0.0 -999 ""
FIBERMAP 990 R+4C7 APOGEE 1 1 0 1 0 0 -110.26328667637192 59.018543381470735 143.1 -69.86148098715434 103.71275051734193 314.65543 71.27008 278.16419173104305 -7.996013281669258 6.5249 -2.1591153 4.2045546 278.1642013691895 -7.996020329094532 278.1836940188511 -7.967332426750864 44.69998923035614 150.32311858560766 16000.0 16600.0 2016.0 2 95 {-999.0 9.487924 9.054098 8.860088 -999.0} sdss_psfmag_from_g3xp 9.403866 9.053522 8.518229 7.658 63050395542006386 975042504 "" ops_std_apogee ops_std standard_apogee 0 0 0.0 0.0 -999 ""
FIBERMAP 990 R+4C7 BOSS 0 0 0 1 0 0 -110.91964439081869 58.66858578175351 143.1 -70.60520173197553 103.7103090215327 314.65543 71.27008 -999.0 -999.0 -999.0 -999.0 -999.0 278.16084332245185 -7.996166296192183 278.18025009081674 -7.967300022702879 44.70145233863993 150.3274533264754 -999.0 5400.0 -999.0 1 51 {-999.0 -999.0 -999.0 -999.0 -999.0} "" -999.0 -999.0 -999.0 -999.0 -999 -999 "" "" "" "" 0 0 0.0 0.0 -999 ""
FIBERMAP 990 R+4C7 METROLOGY 0 0 0 1 0 0 -110.90279258904927 59.41052517908334 143.1 -70.24343511359241 104.35817813011623 314.65543 71.27008 -999.0 -999.0 -999.0 -999.0 -999.0 278.16249922741946 -7.993182817373913 278.1819226501284 -7.964366554246546 44.70341777224099 150.32360389000422 -999.0 6231.0 -999.0 -1 -999 {-999.0 -999.0 -999.0 -999.0 -999.0} "" -999.0 -999.0 -999.0 -999.0 -999 -999 "" "" "" "" 0 0 0.0 0.0 -999 ""
FIBERMAP 991 R-3C20 APOGEE 1 1 0 1 0 0 168.810471302501 -69.64723525684201 143.1 116.63805057393907 -140.47875694427285 258.51285 131.64537 279.018978273062 -9.108182787816075 -0.8045542 -4.2468405 0.26213178 279.018956901549 -9.108181638186988 279.0409170581017 -9.076750952144737 43.33589645858407 149.90885867315095 16000.0 16600.0 2016.0 2 226 {-999.0 19.46417 16.254513 14.734816 -999.0} sdss_psfmag_ps1 17.579521 15.206892 13.814594 9.674 63050395540443850 1153922215 bright_1x1 mwm_galactic_core_dist_apogee_sparse mwm_galactic science 0 0 0.0 0.0 -999 ""
FIBERMAP 991 R-3C20 BOSS 0 0 0 1 0 0 168.17771595609048 -70.02792680714074 143.1 115.90082151270519 -140.51939661310516 258.51285 131.64537 -999.0 -999.0 -999.0 -999.0 -999.0 279.0157021046671 -9.108610487092703 279.0375711659068 -9.0769925879101 43.33708848309968 149.91310833113528 -999.0 5400.0 -999.0 1 290 {-999.0 -999.0 -999.0 -999.0 -999.0} "" -999.0 -999.0 -999.0 -999.0 -999 -999 "" "" "" "" 0 0 0.0 0.0 -999 ""
FIBERMAP 991 R-3C20 METROLOGY 0 0 0 1 0 0 168.15619018846394 -69.28743427225987 143.1 116.22799247650553 -139.85486395093696 258.51285 131.64537 -999.0 -999.0 -999.0 -999.0 -999.0 279.01718334777803 -9.105536745222732 279.0390705606366 -9.073971797207113 43.33918806719261 149.90949431740242 -999.0 6231.0 -999.0 -1 -999 {-999.0 -999.0 -999.0 -999.0 -999.0} "" -999.0 -999.0 -999.0 -999.0 -999 -999 "" "" "" "" 0 0 0.0 0.0 -999 ""
FIBERMAP 994 R+7C2 APOGEE 0 0 0 1 0 0 -188.8345483440901 157.4796748593199 143.1 -93.27237384621402 227.46931300889938 159.18436 21.701567 -999.0 -999.0 -999.0 -999.0 -999.0 278.06058215169827 -7.4372085901914256 278.07870650917215 -7.409036903421609 45.25013996940634 150.12393815390539 -999.0 16600.0 -999.0 2 -999 {-999.0 -999.0 -999.0 -999.0 -999.0} "" -999.0 -999.0 -999.0 -999.0 -999 -999 "" "" "" "" 0 0 0.0 0.0 -999 ""
FIBERMAP 994 R+7C2 BOSS 1 1 0 1 0 0 -188.0806677187963 157.5211826724069 143.1 -92.58666636638578 227.15354354183177 159.18436 21.701567 278.0637995473398 -7.4387510225843485 -5.4141903 -4.457898 2.402045 278.06377286375874 -7.438780138181829 278.0818137950489 -7.410416007567694 45.247588349904966 150.1207985286734 5400.0 5400.0 2016.0 1 70 {-999.0 16.458479 15.04169 14.579862 -999.0} sdss_psfmag_ps1 15.843987 14.970475 13.988021 11.151 63050395545543126 917200596 bright_3x1 mwm_yso_pms_boss_sagitta_edr3 mwm_yso science 0 0 0.0 0.0 -999 ""
FIBERMAP 994 R+7C2 METROLOGY 0 0 0 1 0 0 -188.43775719057368 156.84783725280784 143.1 -93.21707581535767 226.72536816482622 159.18436 21.701567 -999.0 -999.0 -999.0 -999.0 -999.0 278.06086089552844 -7.440654110901503 278.0789320617459 -7.412348768731803 45.24704356160881 150.12563713121114 -999.0 6231.0 -999.0 -1 -999 {-999.0 -999.0 -999.0 -999.0 -999.0} "" -999.0 -999.0 -999.0 -999.0 -999 -999 "" "" "" "" 0 0 0.0 0.0 -999 ""
FIBERMAP 996 R-6C15 APOGEE 1 1 0 1 0 0 74.5127393417752 -112.83311318826358 143.1 13.104644211661045 -134.5614934196891 183.1949 99.00004 278.54284198062714 -9.081282127974267 -1.2214698 -4.319218 0.38832808 278.54283336983536 -9.081323577747773 278.5649164113153 -9.051155428813898 43.558038780588355 150.48053797612383 16000.0 16600.0 2016.0 2 183 {-999.0 19.597952 16.723524 15.343254 -999.0} sdss_psfmag_ps1 17.951359 15.87109 14.535936 10.816 63050395541553628 1153931541 bright_1x1 mwm_galactic_core_dist_apogee_sparse mwm_galactic science 0 0 0.0 0.0 -999 ""
FIBERMAP 996 R-6C15 BOSS 0 0 0 1 0 0 74.37295465566916 -112.10035166997498 143.1 13.323680077811423 -133.84850508701282 183.1949 99.00004 -999.0 -999.0 -999.0 -999.0 -999.0 278.5439473340232 -9.078344118510486 278.565931242789 -9.047979622913312 43.560501062791815 150.477443888983 -999.0 5400.0 -999.0 1 316 {-999.0 -999.0 -999.0 -999.0 -999.0} "" -999.0 -999.0 -999.0 -999.0 -999 -999 "" "" "" "" 0 0 0.0 0.0 -999 ""
FIBERMAP 996 R-6C15 METROLOGY 0 0 0 1 0 0 75.08807981897165 -112.34615770180005 143.1 13.840808994664057 -134.40009190697194 183.1949 99.00004 -999.0 -999.0 -999.0 -999.0 -999.0 278.5462961582745 -9.080784297918926 278.56831111985485 -9.050467706006108 43.557256451622514 150.4759405977205 -999.0 6231.0 -999.0 -1 -999 {-999.0 -999.0 -999.0 -999.0 -999.0} "" -999.0 -999.0 -999.0 -999.0 -999 -999 "" "" "" "" 0 0 0.0 0.0 -999 ""
FIBERMAP 999 R0C27 APOGEE 0 0 0 1 0 0 291.91373381365776 13.025314181302097 143.1 264.09148698330995 -124.96374852141932 86.39492 117.10487 -999.0 -999.0 -999.0 -999.0 -999.0 279.6903759969375 -9.034749987755186 279.71187804645433 -9.001590870426604 43.11711146329385 149.0442878115385 -999.0 16600.0 -999.0 2 -999 {-999.0 -999.0 -999.0 -999.0 -999.0} "" -999.0 -999.0 -999.0 -999.0 -999 -999 "" "" "" "" 0 0 0.0 0.0 -999 ""
FIBERMAP 999 R0C27 BOSS 1 1 0 1 0 0 292.5784737364924 13.336362785399054 143.1 264.8244253825248 -124.99961479244998 86.39492 117.10487 279.6937649495475 -9.03510311108265 -1.1273652 3.1824982 0.7183057 279.69374979197886 -9.035071879220869 279.71515462301886 -9.001707843224912 43.11558901026856 149.0403723790032 5400.0 5400.0 2016.0 1 174 {-999.0 18.209743 17.104593 16.510813 -999.0} sdss_psfmag_ps1 17.686573 16.93184 16.023632 -999.0 63050395540644321 981885501 "" ops_std_boss_tic ops_std standard_boss 0 0 0.0 0.0 -999 ""
FIBERMAP 999 R0C27 METROLOGY 0 0 0 1 0 0 292.5211232443396 12.592024370658244 143.1 264.4257432481783 -125.6306702204484 86.39492 117.10487 -999.0 -999.0 -999.0 -999.0 -999.0 279.69190956124567 -9.037871303681017 279.713349564124 -9.004566320528216 43.113800024262446 149.04428289026552 -999.0 6231.0 -999.0 -1 -999 {-999.0 -999.0 -999.0 -999.0 -999.0} "" -999.0 -999.0 -999.0 -999.0 -999 -999 "" "" "" "" 0 0 0.0 0.0 -999 ""
FIBERMAP 1004 R-13C1 APOGEE 1 1 0 1 0 0 -149.37892666118896 -270.303521719542 143.1 -258.39811935013086 -169.0643020761801 294.98694 73.32215 277.3010835814131 -9.226813788822085 -2.9370244 -5.2526164 -0.14148279 277.3010760921716 -9.226880952340245 277.32401258154846 -9.199909890589442 43.923460980001046 152.11226487756917 16000.0 16600.0 2016.0 2 199 {-999.0 22.205246 19.263561 15.604055 -999.0} sdss_psfmag_ps1 20.979012 15.367519 13.668648 7.615 63050395541334285 1153929478 bright_1x1 mwm_galactic_core_dist_apogee_sparse mwm_galactic science 0 0 0.0 0.0 -999 ""
FIBERMAP 1004 R-13C1 BOSS 0 0 0 1 0 0 -150.10524885855352 -270.4251220272095 143.1 -259.0969148380556 -168.83220484580653 294.98694 73.32215 -999.0 -999.0 -999.0 -999.0 -999.0 277.2980476773771 -9.225963026490552 277.32089748978905 -9.198806016293686 43.92569860206998 152.11557013510108 -999.0 5400.0 -999.0 1 340 {-999.0 -999.0 -999.0 -999.0 -999.0} "" -999.0 -999.0 -999.0 -999.0 -999 -999 "" "" "" "" 0 0 0.0 0.0 -999 ""
FIBERMAP 1004 R-13C1 METROLOGY 0 0 0 1 0 0 -149.85795988211729 -269.7237424468627 143.1 -258.5504437018036 -168.3279179844583 294.98694 73.32215 -999.0 -999.0 -999.0 -999.0 -999.0 277.30046829949185 -9.223688856347135 277.32333563163047 -9.196581591942168 43.926779929011374 152.11127461633637 -999.0 6231.0 -999.0 -1 -999 {-999.0 -999.0 -999.0 -999.0 -999.0} "" -999.0 -999.0 -999.0 -999.0 -999 -999 "" "" "" "" 0 0 0.0 0.0 -999 ""
FIBERMAP 1009 R-13C2 APOGEE 1 1 0 1 0 0 -126.38133205072276 -270.5328727006447 143.1 -238.17940075270434 -180.01887550935902 300.22495 70.89943 277.39221774647024 -9.27739585624147 -1.7727822 -2.0595725 0.18094526 277.39242525577066 -9.277401023616223 277.4154549768021 -9.250166863970197 43.84136144819742 152.02526325383892 16000.0 16600.0 2016.0 2 190 {-999.0 20.299578 16.725798 13.968059 -999.0} sdss_psfmag_ps1 18.221073 13.783129 12.190088 6.952 63050395541366374 1153929760 bright_1x1 mwm_galactic_core_dist_apogee_sparse mwm_galactic science 0 0 0.8943451046943665 0.0 -999 ""
FIBERMAP 1009 R-13C2 BOSS 0 0 0 1 0 0 -127.10834774671636 -270.67098400829417 143.1 -238.88652841985538 -179.80104695707018 300.22495 70.89943 -999.0 -999.0 -999.0 -999.0 -999.0 277.3893376386323 -9.27655376049672 277.41228037532727 -9.249133330869991 43.8435609976897 152.02867296638243 -999.0 5400.0 -999.0 1 341 {-999.0 -999.0 -999.0 -999.0 -999.0} "" -999.0 -999.0 -999.0 -999.0 -999 -999 "" "" "" "" 0 0 0.0 0.0 -999 ""
FIBERMAP 1009 R-13C2 METROLOGY 0 0 0 1 0 0 -126.86162911492917 -269.9621306770301 143.1 -238.3370672327694 -179.28988792831606 300.22495 70.89943 -999.0 -999.0 -999.0 -999.0 -999.0 277.3917812965154 -9.274247154384163 277.4147416047181 -9.246876553334019 43.84465896760367 152.0243349563091 -999.0 6231.0 -999.0 -1 -999 {-999.0 -999.0 -999.0 -999.0 -999.0} "" -999.0 -999.0 -999.0 -999.0 -999 -999 "" "" "" "" 0 0 0.0 0.0 -999 ""
FIBERMAP 1011 R+6C3 APOGEE 1 1 0 1 0 0 -192.28969053254608 101.35009453649285 143.1 -122.56790615650114 179.47570504746705 276.51828 58.88608 277.9251398906563 -7.652906643646329 -3.8441405 -6.3277593 0.21089523 277.9251451246334 -7.652939785284016 277.9438632815242 -7.6250294571003 45.11040011090916 150.42487712167465 16000.0 16600.0 2016.0 2 126 {-999.0 25.882639 20.728174 17.826181 -999.0} sdss_psfmag_ps1 21.64398 17.861969 16.203835 10.446 63050395542023731 1153934665 bright_1x1 mwm_galactic_core_dist_apogee_sparse mwm_galactic science 0 0 0.0 0.0 -999 ""
FIBERMAP 1011 R+6C3 BOSS 0 0 0 1 0 0 -192.96083952313796 101.65593528456922 143.1 -123.01810013766001 180.05979250179792 276.51828 58.88608 -999.0 -999.0 -999.0 -999.0 -999.0 277.9231756364438 -7.650459601004898 277.9418024033229 -7.62237091800969 45.11366967740042 150.42592820839587 -999.0 5400.0 -999.0 1 27 {-999.0 -999.0 -999.0 -999.0 -999.0} "" -999.0 -999.0 -999.0 -999.0 -999 -999 "" "" "" "" 0 0 0.0 0.0 -999 ""
FIBERMAP 1011 R+6C3 METROLOGY 0 0 0 1 0 0 -192.36129523573635 102.10066228641843 143.1 -122.28028603893515 180.1725554499071 276.51828 58.88608 -999.0 -999.0 -999.0 -999.0 -999.0 277.92652644613116 -7.649904102687536 277.94517488789836 -7.621859186663689 45.112734649370516 150.4213232015907 -999.0 6231.0 -999.0 -1 -999 {-999.0 -999.0 -999.0 -999.0 -999.0} "" -999.0 -999.0 -999.0 -999.0 -999 -999 "" "" "" "" 0 0 0.0 0.0 -999 ""
FIBERMAP 1012 R+1C12 APOGEE 0 0 0 1 0 0 -19.98635107106765 11.769495148655498 143.1 -12.162029990634602 19.74626890746764 349.95316 96.910355 -999.0 -999.0 -999.0 -999.0 -999.0 278.4282229916777 -8.378826576135967 278.44857901140244 -8.349276062119923 44.243131645391955 150.21536016129684 -999.0 16600.0 -999.0 2 -999 {-999.0 -999.0 -999.0 -999.0 -999.0} "" -999.0 -999.0 -999.0 -999.0 -999 -999 "" "" "" "" 0 0 0.0 0.0 -999 ""
FIBERMAP 1012 R+1C12 BOSS 1 1 0 1 0 0 -20.016559697420057 11.0076031017716 143.1 -12.54493004981138 19.08700966566822 349.95316 96.910355 278.426513671875 -8.382003815854972 -999.0 -999.0 -999.0 278.42653309693713 -8.382005130265274 278.4468083759122 -8.352267666716783 44.24115923035406 150.21933981884305 5400.0 5400.0 2015.5 1 22 {-999.0 -999.0 -999.0 -999.0 -999.0} "" -999.0 -999.0 -999.0 -999.0 27021603148727220 852784268 "" ops_sky_boss_fallback ops_sky sky_boss 0 0 0.0 0.0 -999 ""
FIBERMAP 1012 R+1C12 METROLOGY 0 0 0 1 0 0 -20.645023332692436 11.419048530355536 143.1 -12.908025026404232 19.744477302975547 349.95316 96.910355 -999.0 -999.0 -999.0 -999.0 -999.0 278.4248449755579 -8.37895246103919 278.44513856157914 -8.349274640604495 44.244569917737905 150.21966684060948 -999.0 6231.0 -999.0 -1 -999 {-999.0 -999.0 -999.0 -999.0 -999.0} "" -999.0 -999.0 -999.0 -999.0 -999 -999 "" "" "" "" 0 0 0.0 0.0 -999 ""
FIBERMAP 1013 R+10C15 APOGEE 1 1 0 1 0 0 123.64409300207767 186.24297614349072 143.1 196.3528232845322 106.80072343597145 214.80775 117.72534 279.38431508027236 -7.985912854569075 -12.2904625 -12.923907 0.184957 279.38429167492 -7.985968958905851 279.4032871006106 -7.954086093887026 44.19228335790344 148.78782156819233 16000.0 16600.0 2016.0 2 68 {-999.0 22.009644 20.540672 19.821688 -999.0} sdss_psfmag_gaia 20.24126 20.408825 18.261871 12.207 63050395604922462 1034799146 bright_1x1 mwm_yso_cmz_apogee_single mwm_yso science 0 0 0.0 0.0 -999 ""
FIBERMAP 1013 R+10C15 BOSS 0 0 0 1 0 0 122.97404873873295 186.55943671526586 143.1 195.90857068779542 107.39368051675534 214.80775 117.72534 -999.0 -999.0 -999.0 -999.0 -999.0 279.38239055586354 -7.983446561562783 279.4012871713514 -7.951381322061217 44.19558372875178 148.78864256069664 -999.0 5400.0 -999.0 1 228 {-999.0 -999.0 -999.0 -999.0 -999.0} "" -999.0 -999.0 -999.0 -999.0 -999 -999 "" "" "" "" 0 0 0.0 0.0 -999 ""
FIBERMAP 1013 R+10C15 METROLOGY 0 0 0 1 0 0 123.57677573927435 186.99251662114514 143.1 196.64375249528618 107.49466143531465 214.80775 117.72534 -999.0 -999.0 -999.0 -999.0 -999.0 279.3856933198455 -7.98295666771567 279.40461382008635 -7.950936402906883 44.19453361298027 148.78424298221896 -999.0 6231.0 -999.0 -1 -999 {-999.0 -999.0 -999.0 -999.0 -999.0} "" -999.0 -999.0 -999.0 -999.0 -999 -999 "" "" "" "" 0 0 0.0 0.0 -999 ""
FIBERMAP 1016 R+1C16 APOGEE 1 1 0 1 0 0 46.509102362354525 38.15904166841347 143.1 58.946268033354464 11.982076272527344 177.03961 40.627842 278.75561857225784 -8.414981059431813 -1.7597283 -3.6087353 0.4041675 278.7555815885067 -8.414993965804603 278.77590116258466 -8.384568269245287 44.073649449899186 149.82758577150642 16000.0 16600.0 2016.0 2 51 {-999.0 23.699457 21.912216 18.924408 -999.0} sdss_psfmag_gaia 21.616463 19.62377 17.823132 9.549 63050395541724559 1154741291 bright_1x1 mwm_galactic_core_dist_apogee_sparse mwm_galactic science 0 0 0.0 0.0 -999 ""
FIBERMAP 1016 R+1C16 BOSS 0 0 0 1 0 0 47.085881015652156 38.62511807662334 143.1 59.67394250362482 12.124351868708448 177.03961 40.627842 -999.0 -999.0 -999.0 -999.0 -999.0 278.7590547835521 -8.41453706680115 278.77928081633183 -8.383911886210367 44.07281447286961 149.82298773820312 -999.0 5400.0 -999.0 1 190 {-999.0 -999.0 -999.0 -999.0 -999.0} "" -999.0 -999.0 -999.0 -999.0 -999 -999 "" "" "" "" 0 0 0.0 0.0 -999 ""
FIBERMAP 1016 R+1C16 METROLOGY 0 0 0 1 0 0 47.21198222548907 37.885813181233914 143.1 59.439753613471986 11.411977625664186 177.03961 40.627842 -999.0 -999.0 -999.0 -999.0 -999.0 278.75793971565747 -8.41772764206481 278.7782000110931 -8.387157951230868 44.07033639573851 149.82626356261244 -999.0 6231.0 -999.0 -1 -999 {-999.0 -999.0 -999.0 -999.0 -999.0} "" -999.0 -999.0 -999.0 -999.0 -999 -999 "" "" "" "" 0 0 0.0 0.0 -999 ""
FIBERMAP 1017 R+5C18 APOGEE 1 1 0 1 0 0 141.81516177857915 114.40136213415802 143.1 178.82545606574146 34.80964648110304 134.74535 78.40868 279.3053363232795 -8.312119321312846 -4.393917 -2.7907712 0.07791564 279.3053195310388 -8.31212968005165 279.32516386528414 -8.280308185475233 43.932960082663556 149.0835368399818 16000.0 16600.0 2016.0 2 70 {-999.0 22.395643 18.217985 16.185896 -999.0} sdss_psfmag_ps1 19.786894 16.59376 15.096509 10.309 63050395541708415 1153932268 bright_1x1 mwm_galactic_core_dist_apogee_sparse mwm_galactic science 0 0 0.0 0.0 -999 ""
FIBERMAP 1017 R+5C18 BOSS 0 0 0 1 0 0 142.4866991203966 114.6663228345829 143.1 179.54285514349513 34.729868437723084 134.74535 78.40868 -999.0 -999.0 -999.0 -999.0 -999.0 279.3087388249328 -8.31267848819433 279.32848971340036 -8.280657215784707 43.93120911395027 149.07963700287837 -999.0 5400.0 -999.0 1 209 {-999.0 -999.0 -999.0 -999.0 -999.0} "" -999.0 -999.0 -999.0 -999.0 -999 -999 "" "" "" "" 0 0 0.0 0.0 -999 ""
FIBERMAP 1017 R+5C18 METROLOGY 0 0 0 1 0 0 142.39412763581495 113.93117506371395 143.1 179.1173404906369 34.123402534640526 134.74535 78.40868 -999.0 -999.0 -999.0 -999.0 -999.0 279.3067638188157 -8.315377392781498 279.3265487527026 -8.283414082014477 43.929567506895246 149.08370770893168 -999.0 6231.0 -999.0 -1 -999 {-999.0 -999.0 -999.0 -999.0 -999.0} "" -999.0 -999.0 -999.0 -999.0 -999 -999 "" "" "" "" 0 0 0.0 0.0 -999 ""
FIBERMAP 1018 R-1C8 APOGEE 0 0 0 1 0 0 -133.22535291356377 -19.955903316239887 143.1 -127.07826452505788 44.64808650167959 150.53757 144.8209 -999.0 -999.0 -999.0 -999.0 -999.0 277.90037021691785 -8.26386531630774 277.9206387511627 -8.235751422997618 44.564759730551955 150.81310940076395 -999.0 16600.0 -999.0 2 -999 {-999.0 -999.0 -999.0 -999.0 -999.0} "" -999.0 -999.0 -999.0 -999.0 -999 -999 "" "" "" "" 0 0 0.0 0.0 -999 ""
FIBERMAP 1018 R-1C8 BOSS 1 1 0 1 0 0 -133.54846841927133 -19.289344511576182 143.1 -127.0522129676475 45.388274015782 150.53757 144.8209 277.9005432128906 -8.260660670953143 -999.0 -999.0 -999.0 277.9005396242924 -8.2606691776123 277.9207132820594 -8.232367698012718 44.56780875655336 150.81104722406113 5400.0 5400.0 2015.5 1 482 {-999.0 -999.0 -999.0 -999.0 -999.0} "" -999.0 -999.0 -999.0 -999.0 27021603148727502 852784323 "" ops_sky_boss_fallback ops_sky sky_boss 0 0 0.0 0.0 -999 ""
FIBERMAP 1018 R-1C8 METROLOGY 0 0 0 1 0 0 -132.80439623381875 -19.339902135810952 143.1 -126.41821703012154 44.995720084159586 150.53757 144.8209 -999.0 -999.0 -999.0 -999.0 -999.0 277.90342158056757 -8.262413337232944 277.9236231175455 -8.234156944084276 44.564987009777404 150.80840904971998 -999.0 6231.0 -999.0 -1 -999 {-999.0 -999.0 -999.0 -999.0 -999.0} "" -999.0 -999.0 -999.0 -999.0 -999 -999 "" "" "" "" 0 0 0.0 0.0 -999 ""
FIBERMAP 1019 R+3C24 APOGEE 1 1 0 1 0 0 270.15824588570746 63.85857312782404 143.1 268.62898558232433 -69.86467623453036 31.070503 109.387856 279.7121102969318 -8.786194220908046 -0.12942488 -5.3600583 0.29284665 279.71209599123296 -8.786153581809975 279.7329655129165 -8.753051171130615 43.33129052718702 148.86889862381207 16000.0 16600.0 2016.0 2 84 {-999.0 16.590475 14.239294 13.015119 -999.0} sdss_psfmag_from_g3xp 15.360646 13.686433 12.456507 9.157 63050395540729265 1152260412 bright_1x1 mwm_galactic_core_dist_apogee_sparse mwm_galactic science 0 0 0.0 0.0 -999 ""
FIBERMAP 1019 R+3C24 BOSS 0 0 0 1 0 0 270.72665010000395 63.386212033949946 143.1 268.9105189166956 -70.54790385282439 31.070503 109.387856 -999.0 -999.0 -999.0 -999.0 -999.0 279.71344321241025 -8.789426536579088 279.7342241164988 -8.756124825891158 43.32798302095836 148.86922144398284 -999.0 5400.0 -999.0 1 246 {-999.0 -999.0 -999.0 -999.0 -999.0} "" -999.0 -999.0 -999.0 -999.0 -999 -999 "" "" "" "" 0 0 0.0 0.0 -999 ""
FIBERMAP 1019 R+3C24 METROLOGY 0 0 0 1 0 0 270.0328788314951 63.12379951353122 143.1 268.1746601743942 -70.45547881831862 31.070503 109.387856 -999.0 -999.0 -999.0 -999.0 -999.0 279.7101051267752 -8.788969687542785 279.73091354292416 -8.75573199987842 43.329774937070546 148.873023519758 -999.0 6231.0 -999.0 -1 -999 {-999.0 -999.0 -999.0 -999.0 -999.0} "" -999.0 -999.0 -999.0 -999.0 -999 -999 "" "" "" "" 0 0 0.0 0.0 -999 ""
FIBERMAP 1025 R-7C7 APOGEE 1 1 0 1 0 0 -64.38768795615746 -134.54539557690157 143.1 -119.81056133057328 -88.8125275805398 13.326405 109.576004 277.9315991661061 -8.87101094748712 -4.016863 -3.6293733 1.0462321 277.9315879656872 -8.87103367557777 277.9533792120672 -8.84256640478423 43.99865931008743 151.12168998449533 16000.0 16600.0 2016.0 2 294 {-999.0 24.524252 23.481724 18.88492 -999.0} sdss_psfmag_gaia 22.257275 19.452032 17.774965 10.843 63050395541614195 1154740945 bright_1x1 mwm_galactic_core_dist_apogee_sparse mwm_galactic science 0 0 0.0 0.0 -999 ""
FIBERMAP 1025 R-7C7 BOSS 0 0 0 1 0 0 -63.97506744963555 -135.15747740273346 143.1 -119.73203660656748 -89.546412249663 13.326405 109.576004 -999.0 -999.0 -999.0 -999.0 -999.0 277.93198281931484 -8.874595474067146 277.95369501910517 -8.845932881655326 43.99546203488427 151.12321780819425 -999.0 5400.0 -999.0 1 410 {-999.0 -999.0 -999.0 -999.0 -999.0} "" -999.0 -999.0 -999.0 -999.0 -999 -999 "" "" "" "" 0 0 0.0 0.0 -999 ""
FIBERMAP 1025 R-7C7 METROLOGY 0 0 0 1 0 0 -64.7220541461821 -135.2143211305403 143.1 -120.41882089850078 -89.24742017028782 13.326405 109.576004 -999.0 -999.0 -999.0 -999.0 -999.0 277.9288174652702 -8.873157217889977 277.9505521757455 -8.844558202038574 43.99799146882927 151.12636801294713 -999.0 6231.0 -999.0 -1 -999 {-999.0 -999.0 -999.0 -999.0 -999.0} "" -999.0 -999.0 -999.0 -999.0 -999 -999 "" "" "" "" 0 0 0.0 0.0 -999 ""
FIBERMAP 1028 R+9C8 APOGEE 1 1 0 1 0 0 -28.323247883605987 181.08491821933032 143.1 59.62815155663615 173.28985683437054 358.4426 160.15831 278.7592906340897 -7.682376352341276 -3.0461714 -6.4528265 -0.6248415 278.7592768603527 -7.682373713810521 278.7777536007235 -7.652263169270642 44.7341367856216 149.384875527537 16000.0 16600.0 2016.0 2 2 {-999.0 23.61023 21.738434 19.03765 -999.0} sdss_psfmag_gaia 21.492935 19.753122 17.850485 10.253 63050395542000918 1154742065 bright_1x1 mwm_galactic_core_dist_apogee_sparse mwm_galactic science 0 0 0.0 0.0 -999 ""
FIBERMAP 1028 R+9C8 BOSS 0 0 0 1 0 0 -27.643057694595583 180.79632129597758 143.1 60.09439826884942 172.7167830221852 358.4426 160.15831 -999.0 -999.0 -999.0 -999.0 -999.0 278.7615204842362 -7.685104553926751 278.7799134049666 -7.654801146028619 44.73092304343182 149.38370184139416 -999.0 5400.0 -999.0 1 124 {-999.0 -999.0 -999.0 -999.0 -999.0} "" -999.0 -999.0 -999.0 -999.0 -999 -999 "" "" "" "" 0 0 0.0 0.0 -999 ""
FIBERMAP 1028 R+9C8 METROLOGY 0 0 0 1 0 0 -28.234871460083525 180.3470398487856 143.1 59.361287330522885 172.59638053840905 358.4426 160.15831 -999.0 -999.0 -999.0 -999.0 -999.0 278.75813401738117 -7.685591848594618 278.77655492239114 -7.655349753520096 44.73186645911766 149.38826095335108 -999.0 6231.0 -999.0 -1 -999 {-999.0 -999.0 -999.0 -999.0 -999.0} "" -999.0 -999.0 -999.0 -999.0 -999 -999 "" "" "" "" 0 0 0.0 0.0 -999 ""
FIBERMAP 1032 R+2C8 APOGEE 0 0 0 1 0 0 -101.57775314918595 46.248379182092414 143.1 -68.15527738518668 88.3654345163304 36.009224 117.99079 -999.0 -999.0 -999.0 -999.0 -999.0 278.1717169673443 -8.065767654296168 278.19138253315185 -8.03702925420777 44.63354533141473 150.3545849310939 -999.0 16600.0 -999.0 2 -999 {-999.0 -999.0 -999.0 -999.0 -999.0} "" -999.0 -999.0 -999.0 -999.0 -999 -999 "" "" "" "" 0 0 0.0 0.0 -999 ""
FIBERMAP 1032 R+2C8 BOSS 1 1 0 1 0 0 -100.90008906819743 45.92206959552401 143.1 -67.70889479594129 87.76021016153807 36.009224 117.99079 278.173828125 -8.068708187389902 -999.0 -999.0 -999.0 278.17381048171546 -8.068670226662793 278.19339486299594 -8.039737444118336 44.63025066563967 150.3536425388656 5400.0 5400.0 2015.5 1 44 {-999.0 -999.0 -999.0 -999.0 -999.0} "" -999.0 -999.0 -999.0 -999.0 27021603148729349 852784694 "" ops_sky_boss_fallback ops_sky sky_boss 0 0 0.0 0.0 -999 ""
FIBERMAP 1032 R+2C8 METROLOGY 0 0 0 1 0 0 -101.51674499835411 45.50477983698519 143.1 -68.4490051668964 87.67969710777557 36.009224 117.99079 -999.0 -999.0 -999.0 -999.0 -999.0 278.17039048311915 -8.068982930802873 278.19000182019875 -8.040112151298446 44.631321814558476 150.35814803989194 -999.0 6231.0 -999.0 -1 -999 {-999.0 -999.0 -999.0 -999.0 -999.0} "" -999.0 -999.0 -999.0 -999.0 -999 -999 "" "" "" "" 0 0 0.0 0.0 -999 ""
FIBERMAP 1034 R+13C2 APOGEE 1 1 0 1 0 0 -116.26614284368765 270.50716794361745 143.1 23.708465627287907 293.43903051466555 119.34765 56.09131 278.59527287654254 -7.143897525388294 -1.0208899 -0.46180263 0.46204785 278.5952395643605 -7.143888098870797 278.6124270614618 -7.114442039955121 45.289957777456486 149.26488282547905 16000.0 16600.0 2016.0 2 113 {-999.0 23.493729 22.067265 18.198565 -999.0} sdss_psfmag_gaia 21.344002 18.83206 17.146698 10.73 63050395605641348 1154754932 bright_1x1 mwm_galactic_core_dist_apogee_sparse mwm_galactic science 0 0 0.0 0.0 -999 ""
FIBERMAP 1034 R+13C2 BOSS 0 0 0 1 0 0 -115.52152487723883 270.4381369231848 143.1 24.33430723495999 293.02989409225324 119.34765 56.09131 -999.0 -999.0 -999.0 -999.0 -999.0 278.5981721273809 -7.145915895206793 278.6152754184279 -7.116279154748393 45.2870777779701 149.26239265486316 -999.0 5400.0 -999.0 1 95 {-999.0 -999.0 -999.0 -999.0 -999.0} "" -999.0 -999.0 -999.0 -999.0 -999 -999 "" "" "" "" 0 0 0.0 0.0 -999 ""
FIBERMAP 1034 R+13C2 METROLOGY 0 0 0 1 0 0 -115.94045638341709 269.8309846069656 143.1 23.68018668039647 292.68913458226115 119.34765 56.09131 -999.0 -999.0 -999.0 -999.0 -999.0 278.59516991705885 -7.147359931060995 278.6123029579685 -7.1177820395229565 45.287000567965606 149.2670965773255 -999.0 6231.0 -999.0 -1 -999 {-999.0 -999.0 -999.0 -999.0 -999.0} "" -999.0 -999.0 -999.0 -999.0 -999 -999 "" "" "" "" 0 0 0.0 0.0 -999 ""
FIBERMAP 1036 R0C17 APOGEE 1 1 0 1 0 0 54.51208820329425 -3.5233647756024813 143.1 46.532125719871225 -28.599617333324424 195.5706 117.53264 278.6980711824338 -8.599770657378086 -1.6402583 -2.6531184 0.35342863 278.6980665258999 -8.599769217242715 278.71887385244213 -8.56941150545838 43.93046577289716 150.008029363134 16000.0 16600.0 2016.0 2 47 {-999.0 16.909042 14.041235 12.5114155 -999.0} sdss_psfmag_from_g3xp 15.284958 13.164205 11.831551 8.119 63050395541721407 1152260889 bright_1x1 mwm_galactic_core_dist_apogee_sparse mwm_galactic science 0 0 0.0 0.0 -999 ""
FIBERMAP 1036 R0C17 BOSS 0 0 0 1 0 0 53.98687762923738 -2.983540514785798 143.1 46.32030865541751 -27.87695774857837 195.5706 117.53264 -999.0 -999.0 -999.0 -999.0 -999.0 278.6972146802219 -8.59668286827896 278.7179235156368 -8.566137064017449 43.933829109111 150.00727769380194 -999.0 5400.0 -999.0 1 181 {-999.0 -999.0 -999.0 -999.0 -999.0} "" -999.0 -999.0 -999.0 -999.0 -999 -999 "" "" "" "" 0 0 0.0 0.0 -999 ""
FIBERMAP 1036 R0C17 METROLOGY 0 0 0 1 0 0 54.730842519962586 -2.802963661458785 143.1 47.06227006436433 -28.065178122959455 195.5706 117.53264 -999.0 -999.0 -999.0 -999.0 -999.0 278.70059966978005 -8.597489369603887 278.7213349962344 -8.566988642447733 43.9316242207957 150.00354044651033 -999.0 6231.0 -999.0 -1 -999 {-999.0 -999.0 -999.0 -999.0 -999.0} "" -999.0 -999.0 -999.0 -999.0 -999 -999 "" "" "" "" 0 0 0.0 0.0 -999 ""
FIBERMAP 1037 R+4C11 APOGEE 0 0 0 1 0 0 -10.157682917099981 77.9220006556957 143.1 27.45254197146605 73.61867114122992 357.92108 120.84082 -999.0 -999.0 -999.0 -999.0 -999.0 278.6111472590414 -8.133959055899926 278.63081592407764 -8.10403758414281 44.3886303701009 149.84163551443774 -999.0 16600.0 -999.0 2 -999 {-999.0 -999.0 -999.0 -999.0 -999.0} "" -999.0 -999.0 -999.0 -999.0 -999 -999 "" "" "" "" 0 0 0.0 0.0 -999 ""
FIBERMAP 1037 R+4C11 BOSS 1 1 0 1 0 0 -9.779799920814732 77.28306326141642 143.1 27.487809118991823 72.87729126467462 357.92108 120.84082 278.611404265991 -8.137447558518149 -1.8707005 -9.956112 0.4048192 278.61140732874316 -8.13748384572079 278.63099489707156 -8.107371560180272 44.38553954511225 149.8434019876242 5400.0 5400.0 2016.0 1 113 {-999.0 18.677902 16.834316 15.909615 -999.0} sdss_psfmag_ps1 17.810837 16.444763 15.306516 12.325 63050395541957726 916954366 bright_6x1 mwm_yso_disk_boss mwm_yso science 0 0 0.0 0.0 -999 ""
FIBERMAP 1037 R+4C11 METROLOGY 0 0 0 1 0 0 -10.527229931211098 77.27385176471974 143.1 26.822902098058204 73.2185893582723 357.92108 120.84082 -999.0 -999.0 -999.0 -999.0 -999.0 278.6083233302714 -8.135876099966946 278.6279335250204 -8.10582606620252 44.38823045539916 149.84631485543235 -999.0 6231.0 -999.0 -1 -999 {-999.0 -999.0 -999.0 -999.0 -999.0} "" -999.0 -999.0 -999.0 -999.0 -999 -999 "" "" "" "" 0 0 0.0 0.0 -999 ""
FIBERMAP 1039 R-1C4 APOGEE 0 0 0 1 0 0 -227.65056578890272 -16.899072941658908 143.1 -209.10488909416208 91.4956048164162 183.7804 103.41292 -999.0 -999.0 -999.0 -999.0 -999.0 277.5276710413313 -8.050463337053557 277.54754082883363 -8.023422009660067 44.91039134492564 151.16376148869352 -999.0 16600.0 -999.0 2 -999 {-999.0 -999.0 -999.0 -999.0 -999.0} "" -999.0 -999.0 -999.0 -999.0 -999 -999 "" "" "" "" 0 0 0.0 0.0 -999 ""
FIBERMAP 1039 R-1C4 BOSS 1 1 0 1 0 0 -227.87916681476176 -16.185607994781844 143.1 -208.97337325932483 92.23306181084205 183.7804 103.41292 277.52800826488516 -8.04730198306285 -0.20965865 -0.29338443 0.52328163 277.5283482963533 -8.047298633935236 277.5481251564345 -8.020070175324312 44.91321213150677 151.16107758941305 5400.0 5400.0 2016.0 1 432 {-999.0 14.004379 13.081212 12.568746 -999.0} sdss_psfmag_from_g3xp 13.690521 12.999549 12.171913 10.812 63050395541936733 1093181528 bright_3x1 mwm_astar_core_boss mwm_ob science 0 0 1.1705588102340698 0.0 -999 ""
FIBERMAP 1039 R-1C4 METROLOGY 0 0 0 1 0 0 -227.1431693007168 -16.352071310684735 143.1 -208.40070233673356 91.74184212858053 183.7804 103.41292 -999.0 -999.0 -999.0 -999.0 -999.0 277.5309087232089 -8.049474077920493 277.5507141109938 -8.022290851079745 44.910136195810324 151.15905970939542 -999.0 6231.0 -999.0 -1 -999 {-999.0 -999.0 -999.0 -999.0 -999.0} "" -999.0 -999.0 -999.0 -999.0 -999 -999 "" "" "" "" 0 0 0.0 0.0 -999 ""
FIBERMAP 1040 R+5C11 APOGEE 1 1 0 1 0 0 -14.739159769247584 84.28283306140979 143.1 26.377123980277865 81.38249861617605 254.39876 117.35196 278.6062255178569 -8.09859223134135 -0.72742474 -4.2062387 0.43096903 278.60626536845234 -8.098623959833946 278.6258470264304 -8.068730972574654 44.42265952330755 149.82677059224383 16000.0 16600.0 2016.0 2 20 {-999.0 9.883742 9.118177 8.692059 -999.0} sdss_psfmag_from_g3xp 9.6408825 9.0690775 8.323201 7.189 63050395541958035 975042486 "" ops_std_apogee ops_std standard_apogee 0 0 0.0 0.0 -999 ""
FIBERMAP 1040 R+5C11 BOSS 0 0 0 1 0 0 -15.47601821492919 84.14056478593314 143.1 25.65935353260206 81.60125481458314 254.39876 117.35196 -999.0 -999.0 -999.0 -999.0 -999.0 278.6030688615325 -8.09776687958518 278.6225598393569 -8.067694361638672 44.42498618279526 149.83027221096233 -999.0 5400.0 -999.0 1 137 {-999.0 -999.0 -999.0 -999.0 -999.0} "" -999.0 -999.0 -999.0 -999.0 -999 -999 "" "" "" "" 0 0 0.0 0.0 -999 ""
FIBERMAP 1040 R+5C11 METROLOGY 0 0 0 1 0 0 -15.238127317357959 84.84551456650834 143.1 26.19918751737191 82.11309092551804 254.39876 117.35196 -999.0 -999.0 -999.0 -999.0 -999.0 278.60552815099857 -8.095399636347793 278.62503765532136 -8.065375087414402 44.42603637049954 149.82577945132698 -999.0 6231.0 -999.0 -1 -999 {-999.0 -999.0 -999.0 -999.0 -999.0} "" -999.0 -999.0 -999.0 -999.0 -999 -999 "" "" "" "" 0 0 0.0 0.0 -999 ""
FIBERMAP 1044 R+13C10 APOGEE 1 1 0 1 0 0 73.28244531762904 241.46518148544152 143.1 177.65928941825246 179.15286485617128 23.60537 47.91843 279.29763226863616 -7.65901826799876 -0.74390423 -4.7381496 0.17850153 279.29765967953364 -7.659020285707942 279.3158701302407 -7.62750911808259 44.5236279794554 148.6954210346808 16000.0 16600.0 2016.0 2 50 {-999.0 22.863718 26.489693 15.784757 -999.0} sdss_psfmag_gaia 20.137257 15.668485 14.046674 8.313 63050395604939124 1157111377 bright_1x1 mwm_galactic_core_dist_apogee_extra mwm_galactic science 0 0 0.0 0.0 -999 ""
FIBERMAP 1044 R+13C10 BOSS 0 0 0 1 0 0 73.06763106059802 240.74920471853056 143.1 177.13469589018416 178.62049395099416 23.60537 47.91843 -999.0 -999.0 -999.0 -999.0 -999.0 279.2954017313112 -7.6615680572614835 279.3135271612866 -7.629875418337468 44.52252756421939 148.69980761927246 -999.0 5400.0 -999.0 1 164 {-999.0 -999.0 -999.0 -999.0 -999.0} "" -999.0 -999.0 -999.0 -999.0 -999 -999 "" "" "" "" 0 0 0.0 0.0 -999 ""
FIBERMAP 1044 R+13C10 METROLOGY 0 0 0 1 0 0 72.55114396697344 241.29318980176834 143.1 176.93253416553702 179.34275257869137 23.60537 47.91843 -999.0 -999.0 -999.0 -999.0 -999.0 279.2944332255032 -7.658264604942788 279.3125769180971 -7.62662876022768 44.52585696681554 148.69898625960454 -999.0 6231.0 -999.0 -1 -999 {-999.0 -999.0 -999.0 -999.0 -999.0} "" -999.0 -999.0 -999.0 -999.0 -999 -999 "" "" "" "" 0 0 0.0 0.0 -999 ""
FIBERMAP 1046 R+5C21 APOGEE 0 0 0 1 0 0 218.5848559479103 110.6920473402906 143.1 244.9425677062518 -4.360224762505821 80.52794 102.21321 -999.0 -999.0 -999.0 -999.0 -999.0 279.60573312019665 -8.490064331281735 279.6259035048759 -8.457375131695462 43.64338425079656 148.82060914698263 -999.0 16600.0 -999.0 2 -999 {-999.0 -999.0 -999.0 -999.0 -999.0} "" -999.0 -999.0 -999.0 -999.0 -999 -999 "" "" "" "" 0 0 0.0 0.0 -999 ""
FIBERMAP 1046 R+5C21 BOSS 1 1 0 1 0 0 219.3179523135999 110.7499121177798 143.1 245.61755268104034 -4.6518203822293325 80.52794 102.21321 279.6089172363281 -8.491598596788975 -999.0 -999.0 -999.0 279.60890402062955 -8.491576717506884 279.6289816960224 -8.458686386107928 43.64086672205191 148.8176287852288 5400.0 5400.0 2015.5 1 237 {-999.0 -999.0 -999.0 -999.0 -999.0} "" -999.0 -999.0 -999.0 -999.0 27021603148724573 852783730 "" ops_sky_boss_fallback ops_sky sky_boss 0 0 0.0 0.0 -999 ""
FIBERMAP 1046 R+5C21 METROLOGY 0 0 0 1 0 0 219.00212395124444 110.07354156513135 143.1 245.0221966901076 -5.101959909421267 80.52794 102.21321 -999.0 -999.0 -999.0 -999.0 -999.0 279.60618096174437 -8.493562453668696 279.626291703075 -8.460732806685932 43.640200266910604 148.82217476589898 -999.0 6231.0 -999.0 -1 -999 {-999.0 -999.0 -999.0 -999.0 -999.0} "" -999.0 -999.0 -999.0 -999.0 -999 -999 "" "" "" "" 0 0 0.0 0.0 -999 ""
FIBERMAP 1051 R-5C20 APOGEE 1 1 0 1 0 0 196.51698433831615 -76.23631344350964 143.1 138.04534044774314 -159.2557626998665 145.36154 25.164528 279.11670028411294 -9.192783085520372 -4.790891 -4.981791 -0.23731981 279.11664491818124 -9.192766985427888 279.1387786113073 -9.161041070635257 43.21839273671487 149.8383646486548 16000.0 16600.0 2016.0 2 233 {-999.0 23.943562 23.441261 17.961628 -999.0} sdss_psfmag_gaia 21.248177 18.439754 16.461811 9.402 63050395540438471 1154738528 bright_1x1 mwm_galactic_core_dist_apogee_sparse mwm_galactic science 0 0 0.0 0.0 -999 ""
FIBERMAP 1051 R-5C20 BOSS 0 0 0 1 0 0 197.25733190966758 -76.31878594981754 143.1 138.66112357409457 -159.6747825987975 145.36154 25.164528 -999.0 -999.0 -999.0 -999.0 -999.0 279.1195771343118 -9.194878934813357 279.14162080714016 -9.162948071436938 43.21546834962582 149.83600470086765 -999.0 5400.0 -999.0 1 278 {-999.0 -999.0 -999.0 -999.0 -999.0} "" -999.0 -999.0 -999.0 -999.0 -999 -999 "" "" "" "" 0 0 0.0 0.0 -999 ""
FIBERMAP 1051 R-5C20 METROLOGY 0 0 0 1 0 0 196.8198940904321 -76.92234999906488 143.1 137.99232419152338 -160.00371859739542 145.36154 25.164528 -999.0 -999.0 -999.0 -999.0 -999.0 279.11647482483767 -9.196312068778107 279.13855005646485 -9.164444312521244 43.215413421285525 149.84064290265533 -999.0 6231.0 -999.0 -1 -999 {-999.0 -999.0 -999.0 -999.0 -999.0} "" -999.0 -999.0 -999.0 -999.0 -999 -999 "" "" "" "" 0 0 0.0 0.0 -999 ""
FIBERMAP 1054 R-2C7 APOGEE 1 1 0 1 0 0 -123.5949446216928 -28.887687343866254 143.1 -122.74242838184927 32.25149376196448 56.17156 103.157326 277.91998206416946 -8.320366091503926 -0.38002583 -2.0113137 0.18154006 277.9199680781348 -8.32031678270693 277.9403717123848 -8.292126399622797 44.50536021086744 150.82094296157308 16000.0 16600.0 2016.0 2 255 {-999.0 20.326908 16.812956 14.830454 -999.0} sdss_psfmag_ps1 18.086208 15.185432 13.710527 9.063 63050395541839624 1153933196 bright_1x1 mwm_galactic_core_dist_apogee_sparse mwm_galactic science 0 0 0.0 0.0 -999 ""
FIBERMAP 1054 R-2C7 BOSS 0 0 0 1 0 0 -122.90456996403272 -29.16319343461784 143.1 -122.26106009545555 31.685228553087214 56.17156 103.157326 -999.0 -999.0 -999.0 -999.0 -999.0 277.92219582884763 -8.32307563792099 277.94251863791726 -8.294689187349094 44.50214754060009 150.81972060379613 -999.0 5400.0 -999.0 1 471 {-999.0 -999.0 -999.0 -999.0 -999.0} "" -999.0 -999.0 -999.0 -999.0 -999 -999 "" "" "" "" 0 0 0.0 0.0 -999 ""
FIBERMAP 1054 R-2C7 METROLOGY 0 0 0 1 0 0 -123.48992815217262 -29.624590033161013 143.1 -122.99412949802345 31.551100224885683 56.17156 103.157326 -999.0 -999.0 -999.0 -999.0 -999.0 277.91881711778996 -8.323623796308198 277.93916724763494 -8.295299531541636 44.50296594032568 150.82430713928068 -999.0 6231.0 -999.0 -1 -999 {-999.0 -999.0 -999.0 -999.0 -999.0} "" -999.0 -999.0 -999.0 -999.0 -999 -999 "" "" "" "" 0 0 0.0 0.0 -999 ""
FIBERMAP 1056 R-6C9 APOGEE 0 0 0 1 0 0 -61.523445172821 -116.4723654901796 143.1 -108.82953267459733 -74.17815094150028 202.71979 92.46491 -999.0 -999.0 -999.0 -999.0 -999.0 277.98214635129773 -8.804838158086962 278.00375057739717 -8.776267897032872 44.038592424209405 151.02065731459388 -999.0 16600.0 -999.0 2 -999 {-999.0 -999.0 -999.0 -999.0 -999.0} "" -999.0 -999.0 -999.0 -999.0 -999 -999 "" "" "" "" 0 0 0.0 0.0 -999 ""
FIBERMAP 1056 R-6C9 BOSS 1 1 0 1 0 0 -61.84687452312839 -115.8035241760459 143.1 -108.80269138030532 -73.43579934988642 202.71979 92.46491 277.9823316613561 -8.801679667495012 -1.5037847 -3.1204534 0.34894073 277.98231806224624 -8.801688235058378 278.00382623577286 -8.77292669346588 44.0416056877956 151.0186464714092 5400.0 5400.0 2016.0 1 399 {-999.0 16.220757 14.839934 14.05664 -999.0} sdss_psfmag_from_g3xp 15.658885 14.608033 13.581704 11.706 63050395541621255 1093181609 bright_3x1 mwm_astar_core_boss mwm_ob science 0 0 0.0 0.0 -999 ""
FIBERMAP 1056 R-6C9 METROLOGY 0 0 0 1 0 0 -61.100644695636916 -115.857628361803 143.1 -108.1684465490058 -73.83249657976019 202.71979 92.46491 -999.0 -999.0 -999.0 -999.0 -999.0 277.9852113791265 -8.803446904460445 278.00674781240514 -8.774731441534277 44.03877106862722 151.0160220825978 -999.0 6231.0 -999.0 -1 -999 {-999.0 -999.0 -999.0 -999.0 -999.0} "" -999.0 -999.0 -999.0 -999.0 -999 -999 "" "" "" "" 0 0 0.0 0.0 -999 ""
FIBERMAP 1058 R-4C23 APOGEE 1 1 0 1 0 0 258.4181661261469 -94.45544975817978 143.1 184.2375757925854 -204.29849063641018 4.5442147 44.9154 279.32564942121496 -9.394149278149538 -0.68784356 -3.3989625 0.34244055 279.3260275958358 -9.394147481401015 279.34858290317044 -9.361779074896777 42.94823660313742 149.70015726284367 16000.0 16600.0 2016.0 2 221 {-999.0 18.779745 15.391122 12.797032 -999.0} sdss_psfmag_ps1 16.727606 12.224972 10.554649 5.144 63050395540411572 1153921947 bright_1x1 mwm_galactic_core_dist_apogee_sparse mwm_galactic science 0 0 1.4881465435028076 0.0 -999 ""
FIBERMAP 1058 R-4C23 BOSS 0 0 0 1 0 0 257.9511289287221 -95.02264065014992 143.1 183.55962084338395 -204.58144063633463 4.5442147 44.9154 -999.0 -999.0 -999.0 -999.0 -999.0 279.3230272118657 -9.395637013854655 279.345491988973 -9.363077879398864 42.948375190063416 149.70468189341798 -999.0 5400.0 -999.0 1 252 {-999.0 -999.0 -999.0 -999.0 -999.0} "" -999.0 -999.0 -999.0 -999.0 -999 -999 "" "" "" "" 0 0 0.0 0.0 -999 ""
FIBERMAP 1058 R-4C23 METROLOGY 0 0 0 1 0 0 257.6783428992883 -94.32651173959627 143.1 183.6439797159507 -203.83864830433097 4.5442147 44.9154 -999.0 -999.0 -999.0 -999.0 -999.0 279.32341214892864 -9.392248901961832 279.3458953077664 -9.359746427060479 42.95121194297958 149.7022342119088 -999.0 6231.0 -999.0 -1 -999 {-999.0 -999.0 -999.0 -999.0 -999.0} "" -999.0 -999.0 -999.0 -999.0 -999 -999 "" "" "" "" 0 0 0.0 0.0 -999 ""
FIBERMAP 1063 R0C13 APOGEE 1 1 0 1 0 0 -34.18511301168171 5.256831227407289 143.1 -27.7561194361392 20.628410793401674 153.6448 119.168884 278.3564235188927 -8.374605468878627 -999.0 -999.0 -999.0 278.35642175915746 -8.374606873519866 278.37679492772094 -8.345246681950899 44.27672962373272 150.3029131923201 16000.0 16600.0 2016.0 2 292 {-999.0 -999.0 -999.0 -999.0 -999.0} "" -999.0 -999.0 -999.0 12.467 63050400418966907 1034708786 bright_1x1 mwm_yso_embedded_apogee_single mwm_yso science 0 0 0.0 0.0 -999 ""
FIBERMAP 1063 R0C13 BOSS 0 0 0 1 0 0 -34.24485132006167 5.994840510294246 143.1 -27.463882804025744 21.308613863425023 153.6448 119.168884 -999.0 -999.0 -999.0 -999.0 -999.0 278.35784942016824 -8.371689374407037 278.3781256174386 -8.342136920100117 44.27899589891989 150.2994163469958 -999.0 5400.0 -999.0 1 430 {-999.0 -999.0 -999.0 -999.0 -999.0} "" -999.0 -999.0 -999.0 -999.0 -999 -999 "" "" "" "" 0 0 0.0 0.0 -999 ""
FIBERMAP 1063 R0C13 METROLOGY 0 0 0 1 0 0 -33.56859219939627 5.687714709395267 143.1 -27.009773130441715 20.721001547037073 153.6448 119.168884 -999.0 -999.0 -999.0 -999.0 -999.0 278.3599105934862 -8.374321404003645 278.38021785885786 -8.344816144161255 44.275694092465514 150.29836963736182 -999.0 6231.0 -999.0 -1 -999 {-999.0 -999.0 -999.0 -999.0 -999.0} "" -999.0 -999.0 -999.0 -999.0 -999 -999 "" "" "" "" 0 0 0.0 0.0 -999 ""
FIBERMAP 1068 R-2C8 APOGEE 0 0 0 1 0 0 -101.10540770794469 -48.07481415583674 143.1 -111.83591083819162 4.779012769642538 330.40604 107.51386 -999.0 -999.0 -999.0 -999.0 -999.0 277.96946553131545 -8.445521533434766 277.99016649052 -8.417145506930687 44.3711642187657 150.83068501499253 -999.0 16600.0 -999.0 2 -999 {-999.0 -999.0 -999.0 -999.0 -999.0} "" -999.0 -999.0 -999.0 -999.0 -999 -999 "" "" "" "" 0 0 0.0 0.0 -999 ""
FIBERMAP 1068 R-2C8 BOSS 1 1 0 1 0 0 -101.25885024965972 -48.8095842440015 143.1 -112.3150485325447 4.201339192004298 330.40604 107.51386 277.9672754568609 -8.448355940329641 2.1003082 1.8615888 2.5633945 277.9672898478204 -8.448330672240841 277.9879113755296 -8.419769232133774 44.36970040161645 150.835045924923 5400.0 5400.0 2016.0 1 450 {-999.0 17.47797 15.702384 14.902731 -999.0} sdss_psfmag_ps1 16.717342 15.460081 14.360658 11.842 63050395541833936 917200207 bright_3x1 mwm_yso_pms_boss_sagitta_edr3 mwm_yso science 0 0 0.0 0.0 -999 ""
FIBERMAP 1068 R-2C8 METROLOGY 0 0 0 1 0 0 -101.81176819424883 -48.31505745730418 143.1 -112.57253171543047 4.896917334674668 330.40604 107.51386 -999.0 -999.0 -999.0 -999.0 -999.0 277.96610564737745 -8.445106138063265 277.98674424808564 -8.416603068873382 44.37306040055283 150.83468115327435 -999.0 6231.0 -999.0 -1 -999 {-999.0 -999.0 -999.0 -999.0 -999.0} "" -999.0 -999.0 -999.0 -999.0 -999 -999 "" "" "" "" 0 0 0.0 0.0 -999 ""
FIBERMAP 1069 R+11C10 APOGEE 1 1 0 1 0 0 55.56894117929262 211.7812870215116 143.1 148.1257234259161 161.1988141596052 77.07646 10.602267 279.16398133360934 -7.739027929656377 -1.0523295 -4.3473988 0.7139032 279.1638216685965 -7.738972989822681 279.18228439630843 -7.707777259282086 44.50971098297289 148.9116722166921 16000.0 16600.0 2016.0 2 18 {-999.0 12.823065 11.224957 10.494182 -999.0} sdss_psfmag_from_g3xp 12.125117 11.070129 10.064678 7.794 63050395605587431 1152313997 bright_1x1 mwm_galactic_core_dist_apogee_sparse mwm_galactic science 0 0 0.0 0.0 -999 ""
FIBERMAP 1069 R+11C10 BOSS 0 0 0 1 0 0 55.55520342243145 211.04104284435874 143.1 147.7675016428916 160.5509874536112 77.07646 10.602267 -999.0 -999.0 -999.0 -999.0 -999.0 279.1623222973699 -7.742041639582798 279.18070150964934 -7.710661855872403 44.50780523683675 148.91542160294892 -999.0 5400.0 -999.0 1 109 {-999.0 -999.0 -999.0 -999.0 -999.0} "" -999.0 -999.0 -999.0 -999.0 -999 -999 "" "" "" "" 0 0 0.0 0.0 -999 ""
FIBERMAP 1069 R+11C10 METROLOGY 0 0 0 1 0 0 54.91083413258123 211.41201281019875 143.1 147.37142564198453 161.18011792907328 77.07646 10.602267 -999.0 -999.0 -999.0 -999.0 -999.0 279.1604737567696 -7.739146111055653 279.17887245141696 -7.707825352260522 44.51114911475341 148.91596376323622 -999.0 6231.0 -999.0 -1 -999 {-999.0 -999.0 -999.0 -999.0 -999.0} "" -999.0 -999.0 -999.0 -999.0 -999 -999 "" "" "" "" 0 0 0.0 0.0 -999 ""
FIBERMAP 1070 R+9C13 APOGEE 1 1 0 1 0 0 72.6391529426616 191.2239772248751 143.1 153.60189350098085 135.04897564880017 140.10052 80.77931 279.1892967221301 -7.857199738525168 -999.0 -999.0 -999.0 279.1892427078078 -7.857218412477979 279.2079919188466 -7.825903828233353 44.392360289847254 148.95206715793364 16000.0 16600.0 2016.0 2 55 {-999.0 26.352613 25.785858 21.759655 -999.0} sdss_psfmag_ps1 -999.0 20.615059 -999.0 12.13 63050395541772921 1034806797 bright_1x1 mwm_yso_cmz_apogee_single mwm_yso science 0 0 0.0 0.0 -999 ""
FIBERMAP 1070 R+9C13 BOSS 0 0 0 1 0 0 73.20470047822177 191.69547595146128 143.1 154.32217663130035 135.20129443542058 140.10052 80.77931 -999.0 -999.0 -999.0 -999.0 -999.0 279.19265184964485 -7.856702869554535 279.21130631395283 -7.825192163754398 44.39156261807754 148.9474997988482 -999.0 5400.0 -999.0 1 152 {-999.0 -999.0 -999.0 -999.0 -999.0} "" -999.0 -999.0 -999.0 -999.0 -999 -999 "" "" "" "" 0 0 0.0 0.0 -999 ""
FIBERMAP 1070 R+9C13 METROLOGY 0 0 0 1 0 0 73.33655387838479 190.9600570425866 143.1 154.09488847641788 134.48966546887942 140.10052 80.77931 -999.0 -999.0 -999.0 -999.0 -999.0 279.19159430747203 -7.859868252231013 279.21028322582106 -7.828412014878104 44.389111485510384 148.95074770597685 -999.0 6231.0 -999.0 -1 -999 {-999.0 -999.0 -999.0 -999.0 -999.0} "" -999.0 -999.0 -999.0 -999.0 -999 -999 "" "" "" "" 0 0 0.0 0.0 -999 ""
FIBERMAP 1078 R-3C9 APOGEE 1 1 0 1 0 0 -93.29906713111549 -72.99198423433538 143.1 -116.5857481325067 -20.893139948863897 282.80838 45.300823 277.9472351074219 -8.56232149486 -999.0 -999.0 -999.0 277.9472270964888 -8.562281836171389 277.96823158098965 -8.533912088672972 44.27383730343471 150.92582263030124 16000.0 16600.0 2015.5 2 245 {-999.0 -999.0 -999.0 -999.0 -999.0} "" -999.0 -999.0 -999.0 -999.0 27021603148727121 848995363 "" ops_sky_apogee_good ops_sky sky_apogee 0 0 0.0 0.0 -999 ""
FIBERMAP 1078 R-3C9 BOSS 0 0 0 1 0 0 -93.93334259869361 -72.61421976342733 143.1 -116.96972634265799 -20.262723368947952 282.80838 45.300823 -999.0 -999.0 -999.0 -999.0 -999.0 277.94550803215674 -8.55960482155353 277.9664189692689 -8.53105019679639 44.277184133308616 150.92645095719203 -999.0 5400.0 -999.0 1 470 {-999.0 -999.0 -999.0 -999.0 -999.0} "" -999.0 -999.0 -999.0 -999.0 -999 -999 "" "" "" "" 0 0 0.0 0.0 -999 ""
FIBERMAP 1078 R-3C9 METROLOGY 0 0 0 1 0 0 -93.2729240604058 -72.26565401046463 143.1 -116.22306724131626 -20.263410549728345 282.80838 45.300823 -999.0 -999.0 -999.0 -999.0 -999.0 277.94892097131543 -8.559567382785938 277.9698552725143 -8.531057820607428 44.27577298351146 150.92213317070838 -999.0 6231.0 -999.0 -1 -999 {-999.0 -999.0 -999.0 -999.0 -999.0} "" -999.0 -999.0 -999.0 -999.0 -999 -999 "" "" "" "" 0 0 0.0 0.0 -999 ""
FIBERMAP 1081 R-1C22 APOGEE 1 1 0 1 0 0 202.53686975779263 -25.071327422054182 143.1 167.28661385154697 -116.84908022786098 338.4586 115.0872 279.2513438335945 -9.000627147867212 -0.2853363 -3.0279326 0.19203165 279.251343919557 -9.000602209513893 279.2729393196052 -8.968610702906203 43.33524102765775 149.56048895174015 16000.0 16600.0 2016.0 2 196 {-999.0 21.19501 17.734602 16.063768 -999.0} sdss_psfmag_ps1 19.185467 16.515955 15.072664 10.732 63050395540667947 1153923246 bright_1x1 mwm_galactic_core_dist_apogee_sparse mwm_galactic science 0 0 0.0 0.0 -999 ""
FIBERMAP 1081 R-1C22 BOSS 0 0 0 1 0 0 202.58438746741226 -25.813935507039957 143.1 166.9814262595718 -117.52763446259141 338.4586 115.0872 -999.0 -999.0 -999.0 -999.0 -999.0 279.2500696605006 -9.003901399568752 279.2715794464227 -8.971716587403291 43.333018118420014 149.56399664526447 -999.0 5400.0 -999.0 1 313 {-999.0 -999.0 -999.0 -999.0 -999.0} "" -999.0 -999.0 -999.0 -999.0 -999 -999 "" "" "" "" 0 0 0.0 0.0 -999 ""
FIBERMAP 1081 R-1C22 METROLOGY 0 0 0 1 0 0 201.90985432623347 -25.48637192951102 143.1 166.53839715381554 -116.92276557519104 338.4586 115.0872 -999.0 -999.0 -999.0 -999.0 -999.0 279.2480237829922 -9.001109723970291 279.2695541465705 -8.968986873437775 43.33634367543851 149.564859760019 -999.0 6231.0 -999.0 -1 -999 {-999.0 -999.0 -999.0 -999.0 -999.0} "" -999.0 -999.0 -999.0 -999.0 -999 -999 "" "" "" "" 0 0 0.0 0.0 -999 ""
FIBERMAP 1083 R-3C10 APOGEE 0 0 0 1 0 0 -73.89585636123468 -67.18927565034406 143.1 -96.72373424437298 -24.835951987229443 255.47171 59.33311 -999.0 -999.0 -999.0 -999.0 -999.0 278.0383996112841 -8.58062340102519 278.0594153833007 -8.552006038192014 44.22004544682607 150.8216850494997 -999.0 16600.0 -999.0 2 -999 {-999.0 -999.0 -999.0 -999.0 -999.0} "" -999.0 -999.0 -999.0 -999.0 -999 -999 "" "" "" "" 0 0 0.0 0.0 -999 ""
FIBERMAP 1083 R-3C10 BOSS 1 1 0 1 0 0 -74.42628082339618 -66.66293636863344 143.1 -96.94646401080749 -24.122773216469465 255.47171 59.33311 278.0374055635188 -8.577533159747645 2.0534098 -3.0465264 0.758201 278.03742611729257 -8.577574979275651 278.0583466596434 -8.548770723644418 44.22342777769793 150.82115549963098 5400.0 5400.0 2016.0 1 447 {-999.0 18.647648 17.122362 16.375166 -999.0} sdss_psfmag_ps1 17.988548 16.903254 15.861657 13.793 63050395541819402 981886299 "" ops_std_boss_tic ops_std standard_boss 0 0 0.0 0.0 -999 ""
FIBERMAP 1083 R-3C10 METROLOGY 0 0 0 1 0 0 -73.69898314298713 -66.46962093004504 143.1 -96.21327800810339 -24.29194258097522 255.47171 59.33311 -999.0 -999.0 -999.0 -999.0 -999.0 278.0407778253342 -8.578303015693244 278.0617238148001 -8.549543701485685 44.22133977764675 150.817361928758 -999.0 6231.0 -999.0 -1 -999 {-999.0 -999.0 -999.0 -999.0 -999.0} "" -999.0 -999.0 -999.0 -999.0 -999 -999 "" "" "" "" 0 0 0.0 0.0 -999 ""
FIBERMAP 1085 R-2C13 APOGEE 0 0 0 1 0 0 -4.560649495520332 -30.93375816990134 143.1 -18.493027281543146 -25.20795698708247 79.80211 150.01233 -999.0 -999.0 -999.0 -999.0 -999.0 278.3985063523266 -8.583599560285956 278.4193901622587 -8.554035403763203 44.069591806462626 150.37209109975274 -999.0 16600.0 -999.0 2 -999 {-999.0 -999.0 -999.0 -999.0 -999.0} "" -999.0 -999.0 -999.0 -999.0 -999 -999 "" "" "" "" 0 0 0.0 0.0 -999 ""
FIBERMAP 1085 R-2C13 BOSS 1 1 0 1 0 0 -4.103268622493678 -30.35229804471374 143.1 -17.816935702476123 -24.907880884770268 79.80211 150.01233 278.4017006198943 -8.582437631386123 1.8659595 -1.9798069 0.4255298 278.4017039990122 -8.582447182832981 278.4224940288848 -8.552683879042243 44.06952771393381 150.36742424485917 5400.0 5400.0 2016.0 1 355 {-999.0 18.410772 16.822876 15.908271 -999.0} sdss_psfmag_ps1 17.594675 16.745066 15.368201 12.499 63050395541645577 1055531617 bright_1x1 bhm_csc_boss bhm_csc science 0 0 0.0 0.0 -999 ""
FIBERMAP 1085 R-2C13 METROLOGY 0 0 0 1 0 0 -3.8240458680533713 -31.052405026220068 143.1 -17.897465442768308 -25.657198458269995 79.80211 150.01233 -999.0 -999.0 -999.0 -999.0 -999.0 278.4013005056874 -8.585803683778837 278.4221245551311 -8.556094121268142 44.06658711357455 150.3698810527419 -999.0 6231.0 -999.0 -1 -999 {-999.0 -999.0 -999.0 -999.0 -999.0} "" -999.0 -999.0 -999.0 -999.0 -999 -999 "" "" "" "" 0 0 0.0 0.0 -999 ""
FIBERMAP 1086 R-3C15 APOGEE 0 0 0 1 0 0 72.04509765897842 -54.921823406078936 143.1 37.99843453940858 -82.22413077967441 36.653973 89.130684 -999.0 -999.0 -999.0 -999.0 -999.0 278.6581641293474 -8.843826286932801 278.67960221725 -8.813463152080221 43.725895026304634 150.20019644503648 -999.0 16600.0 -999.0 2 -999 {-999.0 -999.0 -999.0 -999.0 -999.0} "" -999.0 -999.0 -999.0 -999.0 -999 -999 "" "" "" "" 0 0 0.0 0.0 -999 ""
FIBERMAP 1086 R-3C15 BOSS 1 1 0 1 0 0 72.49226630362386 -55.52415830256241 143.1 38.11205081334755 -82.96555282024451 36.653973 89.130684 278.6587811786043 -8.847421488573103 -3.047714 -9.015007 0.31157798 278.65878877456026 -8.84743464615036 278.6801444050188 -8.81687488281503 43.72257679315094 150.20152101745697 5400.0 5400.0 2016.0 1 274 {-999.0 21.284512 17.709278 15.904311 -999.0} sdss_psfmag_ps1 19.082281 16.343279 14.8846035 10.335 63050395541582711 916966123 bright_4x1 mwm_yso_disk_boss mwm_yso science 0 0 0.0 0.0 -999 ""
FIBERMAP 1086 R-3C15 METROLOGY 0 0 0 1 0 0 71.75643027803255 -55.60981550173823 143.1 37.42165089686334 -82.6972401041776 36.653973 89.130684 -999.0 -999.0 -999.0 -999.0 -999.0 278.655581782687 -8.846146419589152 278.676961322674 -8.815650463024225 43.72501643177071 150.20474882890213 -999.0 6231.0 -999.0 -1 -999 {-999.0 -999.0 -999.0 -999.0 -999.0} "" -999.0 -999.0 -999.0 -999.0 -999 -999 "" "" "" "" 0 0 0.0 0.0 -999 ""
FIBERMAP 1091 R+10C17 APOGEE 1 1 0 1 0 0 172.623234946467 201.36844401960616 143.1 246.71349698424507 97.27025895597997 97.742424 144.11818 279.6123856091924 -8.030178675498574 -1.1485068 -3.8959386 0.33410296 279.612389848167 -8.030190074004944 279.63140581340053 -7.997689809057897 44.053393144493654 148.5322921354025 16000.0 16600.0 2016.0 2 49 {-999.0 20.016397 16.653936 15.156219 -999.0} sdss_psfmag_ps1 17.985796 15.499121 14.093286 9.963 63050395604809662 1153990780 bright_1x1 mwm_galactic_core_dist_apogee_sparse mwm_galactic science 0 0 0.0 0.0 -999 ""
FIBERMAP 1091 R+10C17 BOSS 0 0 0 1 0 0 172.95039126819802 202.03402501381785 143.1 247.31382060730633 97.70556629384399 97.742424 144.11818 -999.0 -999.0 -999.0 -999.0 -999.0 279.6151852719826 -8.028425322163615 279.63410128654965 -7.995729457480899 44.05396708816272 148.52775376429864 -999.0 5400.0 -999.0 1 170 {-999.0 -999.0 -999.0 -999.0 -999.0} "" -999.0 -999.0 -999.0 -999.0 -999 -999 "" "" "" "" 0 0 0.0 0.0 -999 ""
FIBERMAP 1091 R+10C17 METROLOGY 0 0 0 1 0 0 173.37303843220735 201.41041152302427 143.1 247.39581588422604 96.95680192640293 97.742424 144.11818 -999.0 -999.0 -999.0 -999.0 -999.0 279.61554451264084 -8.031755469348381 279.6344954722258 -7.999110740523214 44.05076317070542 148.52935257176733 -999.0 6231.0 -999.0 -1 -999 {-999.0 -999.0 -999.0 -999.0 -999.0} "" -999.0 -999.0 -999.0 -999.0 -999 -999 "" "" "" "" 0 0 0.0 0.0 -999 ""
FIBERMAP 1092 R-7C20 APOGEE 1 1 0 1 0 0 199.67721943907188 -126.04366482363959 143.1 117.55244856405983 -204.75443035175581 165.27887 92.34521 279.0216606136684 -9.397969533410233 -5.0044928 -6.323457 -0.96551377 279.02159649256004 -9.398003990553477 279.0442860865697 -9.366433245714429 43.07240481772292 150.0740517630777 16000.0 16600.0 2016.0 2 200 {-999.0 23.543184 21.657373 19.012035 -999.0} sdss_psfmag_gaia 21.629332 19.730207 18.017405 10.829 63050395540406743 1154738669 bright_1x1 mwm_galactic_core_dist_apogee_sparse mwm_galactic science 0 0 0.0 0.0 -999 ""
FIBERMAP 1092 R-7C20 BOSS 0 0 0 1 0 0 199.91524882309793 -125.34324059077095 143.1 118.090289157052 -204.2466587972913 165.27887 92.34521 -999.0 -999.0 -999.0 -999.0 -999.0 279.0241837038132 -9.395939286999466 279.04677297710526 -9.364165158971378 43.07341434991297 150.0696912846259 -999.0 5400.0 -999.0 1 332 {-999.0 -999.0 -999.0 -999.0 -999.0} "" -999.0 -999.0 -999.0 -999.0 -999 -999 "" "" "" "" 0 0 0.0 0.0 -999 ""
FIBERMAP 1092 R-7C20 METROLOGY 0 0 0 1 0 0 200.4099792262271 -125.90140008324862 143.1 118.2665948450228 -204.97127346423127 165.27887 92.34521 -999.0 -999.0 -999.0 -999.0 -999.0 279.024940008802 -9.399127884407124 279.04756366399687 -9.367406263837168 43.0701491222128 150.07061129947402 -999.0 6231.0 -999.0 -1 -999 {-999.0 -999.0 -999.0 -999.0 -999.0} "" -999.0 -999.0 -999.0 -999.0 -999 -999 "" "" "" "" 0 0 0.0 0.0 -999 ""
FIBERMAP 1094 R+1C19 APOGEE 0 0 0 1 0 0 110.24172344145971 36.507466043568456 143.1 114.50287109960087 -19.273995123479654 194.08209 31.85183 -999.0 -999.0 -999.0 -999.0 -999.0 279.0107676116602 -8.557722706182343 279.0313456438526 -8.526563382455823 43.83703336375702 149.59507284619886 -999.0 16600.0 -999.0 2 -999 {-999.0 -999.0 -999.0 -999.0 -999.0} "" -999.0 -999.0 -999.0 -999.0 -999 -999 "" "" "" "" 0 0 0.0 0.0 -999 ""
FIBERMAP 1094 R+1C19 BOSS 1 1 0 1 0 0 110.75626487103425 37.03986732146888 143.1 115.20654678798957 -19.04400244193222 194.08209 31.85183 279.013804422391 -8.556857497679031 -0.8628214 -3.2544758 0.33004478 279.0141448617958 -8.55687966361246 279.03462694381886 -8.525520025006715 43.836578614131106 149.59038949389617 5400.0 5400.0 2016.0 1 232 {-999.0 14.699213 13.0096655 12.0482025 -999.0} sdss_psfmag_gaia 13.919767 12.703137 11.623024 9.677 63050395541678699 1093582537 bright_1x1 mwm_astar_core_boss_single mwm_ob science 0 0 1.3353053331375122 0.0 -999 ""
FIBERMAP 1094 R+1C19 METROLOGY 0 0 0 1 0 0 110.9679247239547 36.336312084179696 143.1 115.06469085099364 -19.764780585962555 194.08209 31.85183 -999.0 -999.0 -999.0 -999.0 -999.0 279.0134524023696 -8.560103736895114 279.03396907509955 -8.528798811673685 43.833899019642935 149.593159876278 -999.0 6231.0 -999.0 -1 -999 {-999.0 -999.0 -999.0 -999.0 -999.0} "" -999.0 -999.0 -999.0 -999.0 -999 -999 "" "" "" "" 0 0 0.0 0.0 -999 ""
FIBERMAP 1095 R+5C8 APOGEE 0 0 0 1 0 0 -90.50823098529268 110.25930724313756 143.1 -28.445235613109702 139.76492238772332 166.85886 76.99392 -999.0 -999.0 -999.0 -999.0 -999.0 278.3550231535543 -7.832848978514605 278.3740323812816 -7.803732324316193 44.76861981399045 149.98526538344447 -999.0 16600.0 -999.0 2 -999 {-999.0 -999.0 -999.0 -999.0 -999.0} "" -999.0 -999.0 -999.0 -999.0 -999 -999 "" "" "" "" 0 0 0.0 0.0 -999 ""
FIBERMAP 1095 R+5C8 BOSS 1 1 0 1 0 0 -90.1893071470721 110.93228630909917 143.1 -27.84872934271073 140.21061721899682 166.85886 76.99392 278.35784912109375 -7.830954604648326 -999.0 -999.0 -999.0 278.35784514155637 -7.830965898523343 278.3767603839015 -7.801656406135047 44.769351766002764 149.98057712278126 5400.0 5400.0 2015.5 1 65 {-999.0 -999.0 -999.0 -999.0 -999.0} "" -999.0 -999.0 -999.0 -999.0 27021603148730386 852784903 "" ops_sky_boss_fallback ops_sky sky_boss 0 0 0.0 0.0 -999 ""
FIBERMAP 1095 R+5C8 METROLOGY 0 0 0 1 0 0 -89.76457531415262 110.31962492954055 143.1 -27.7597712288216 139.47055801978436 166.85886 76.99392 -999.0 -999.0 -999.0 -999.0 -999.0 278.3582186580514 -7.83427818034642 278.37716707592233 -7.8050190221178415 44.766136246633856 149.98207437601278 -999.0 6231.0 -999.0 -1 -999 {-999.0 -999.0 -999.0 -999.0 -999.0} "" -999.0 -999.0 -999.0 -999.0 -999 -999 "" "" "" "" 0 0 0.0 0.0 -999 ""
FIBERMAP 1096 R+1C25 APOGEE 0 0 0 1 0 0 245.6179946566938 30.981520777621068 143.1 231.56887187235998 -87.4492830559689 160.39261 88.52849 -999.0 -999.0 -999.0 -999.0 -999.0 279.544445476257 -8.866407144848099 279.5655846628879 -8.833707855492856 43.33129377312653 149.12189661743668 -999.0 16600.0 -999.0 2 -999 {-999.0 -999.0 -999.0 -999.0 -999.0} "" -999.0 -999.0 -999.0 -999.0 -999 -999 "" "" "" "" 0 0 0.0 0.0 -999 ""
FIBERMAP 1096 R+1C25 BOSS 1 1 0 1 0 0 245.8680429849239 31.68021963649755 143.1 232.1165285097269 -86.94865555032646 160.39261 88.52849 279.54708415231875 -8.864342459850672 1.5450263 -1.8888097 0.43504608 279.5470528826882 -8.864335284131782 279.56809019959314 -8.831435529800471 43.33225657042065 149.1174703169128 5400.0 5400.0 2016.0 1 184 {-999.0 18.860233 17.618021 17.028091 16.593216} sdss_psfmag_from_ps1dr2 18.3553 17.5697 16.6301 -999.0 63050395540678129 1040009675 "" ops_std_boss_ps1dr2 ops_std standard_boss 0 0 0.0 0.0 -999 ""
FIBERMAP 1096 R+1C25 METROLOGY 0 0 0 1 0 0 246.35140163068388 31.11854701968626 143.1 232.2811410461507 -87.6710586797579 160.39261 88.52849 -999.0 -999.0 -999.0 -999.0 -999.0 279.547752091923 -8.867541011790507 279.56882425894474 -8.8346930840484 43.32900935867081 149.1185293308302 -999.0 6231.0 -999.0 -1 -999 {-999.0 -999.0 -999.0 -999.0 -999.0} "" -999.0 -999.0 -999.0 -999.0 -999 -999 "" "" "" "" 0 0 0.0 0.0 -999 ""
FIBERMAP 1098 R+5C1 APOGEE 1 1 0 1 0 0 -228.4902566024752 77.37970500351176 143.1 -165.7696913427259 175.21451274539868 346.28806 46.639412 277.7282469665057 -7.672365703683906 -2.042099 -5.73026 0.25884145 277.7282409974117 -7.672365491456733 277.7470814641698 -7.644963248688963 45.173622207142294 150.68797965859378 16000.0 16600.0 2016.0 2 122 {-999.0 24.261686 27.891706 17.18221 -999.0} sdss_psfmag_gaia 21.503267 17.065403 15.411774 9.631 63050395545498646 1154742893 bright_1x1 mwm_galactic_core_dist_apogee_sparse mwm_galactic science 0 0 0.0 0.0 -999 ""
FIBERMAP 1098 R+5C1 BOSS 0 0 0 1 0 0 -229.10670475511452 76.9654282686174 143.1 -166.50820942098497 175.13656554941454 346.28806 46.639412 -999.0 -999.0 -999.0 -999.0 -999.0 277.7249467200751 -7.672886840359659 277.7437047266049 -7.645308484757584 45.17469814804823 150.69250165877204 -999.0 5400.0 -999.0 1 1 {-999.0 -999.0 -999.0 -999.0 -999.0} "" -999.0 -999.0 -999.0 -999.0 -999 -999 "" "" "" "" 0 0 0.0 0.0 -999 ""
FIBERMAP 1098 R+5C1 METROLOGY 0 0 0 1 0 0 -229.16556686244493 77.71627400522834 143.1 -166.2091970607213 175.82770420905297 346.28806 46.639412 -999.0 -999.0 -999.0 -999.0 -999.0 277.72631968442073 -7.669726521530439 277.745093296713 -7.642198247744996 45.17695587139393 150.68889327146388 -999.0 6231.0 -999.0 -1 -999 {-999.0 -999.0 -999.0 -999.0 -999.0} "" -999.0 -999.0 -999.0 -999.0 -999 -999 "" "" "" "" 0 0 0.0 0.0 -999 ""
FIBERMAP 1100 R-9C17 APOGEE 0 0 0 1 0 0 153.11562904776025 -163.59648016540058 143.1 58.84321382646514 -216.17616683615665 182.56091 71.77253 -999.0 -999.0 -999.0 -999.0 -999.0 278.75200655600696 -9.449931603056848 278.77493661796746 -9.419045080837456 43.13710287239641 150.43435204195634 -999.0 16600.0 -999.0 2 -999 {-999.0 -999.0 -999.0 -999.0 -999.0} "" -999.0 -999.0 -999.0 -999.0 -999 -999 "" "" "" "" 0 0 0.0 0.0 -999 ""
FIBERMAP 1100 R-9C17 BOSS 1 1 0 1 0 0 153.31362581604276 -162.8653466013232 143.1 59.36002969350809 -215.622537376496 182.56091 71.77253 278.7541897266892 -9.447675575545212 -0.03557889 -2.33825 0.13503349 278.75449458391 -9.447679858499413 278.77732510365604 -9.416590277666689 43.13833890884812 150.43000754309043 5400.0 5400.0 2016.0 1 269 {-999.0 15.035056 13.712114 12.870103 -999.0} sdss_psfmag_from_g3xp 14.481219 13.527003 12.431164 10.646 63050395540394057 1093181905 bright_3x1 mwm_astar_core_boss mwm_ob science 0 0 1.0904860496520996 0.0 -999 ""
FIBERMAP 1100 R-9C17 METROLOGY 0 0 0 1 0 0 153.83768632030282 -163.40860979604935 143.1 59.56922251771803 -216.34769870918558 182.56091 71.77253 -999.0 -999.0 -999.0 -999.0 -999.0 278.7554120903523 -9.45087065756648 278.77827660312033 -9.419833165244793 43.13500202189215 150.43070980495892 -999.0 6231.0 -999.0 -1 -999 {-999.0 -999.0 -999.0 -999.0 -999.0} "" -999.0 -999.0 -999.0 -999.0 -999 -999 "" "" "" "" 0 0 0.0 0.0 -999 ""
FIBERMAP 1101 R-12C14 APOGEE 1 1 0 1 0 0 123.99587739745604 -247.43059927590267 143.1 -6.08791230991822 -276.6571017509614 268.8009 77.96898 278.45292053875505 -9.719855105006124 -5.324446 -1.7096192 0.93976057 278.45292519532575 -9.719891072396678 278.47665887229476 -9.689665755668155 43.013944509267645 150.95491224823567 16000.0 16600.0 2016.0 2 213 {-999.0 17.764442 16.294672 15.515025 -999.0} sdss_psfmag_ps1 17.128712 16.059713 15.044424 12.866 63050395539337703 1034951801 bright_1x1 mwm_yso_pms_apogee_sagitta_edr3_single mwm_yso science 0 0 0.0 0.0 -999 ""
FIBERMAP 1101 R-12C14 BOSS 0 0 0 1 0 0 123.27207946722422 -247.29816000403503 143.1 -6.665707851211101 -276.2016570772994 268.8009 77.96898 -999.0 -999.0 -999.0 -999.0 -999.0 278.4503709654672 -9.718055556834225 278.47400915265786 -9.687638753030566 43.01687121621182 150.95701565459558 -999.0 5400.0 -999.0 1 256 {-999.0 -999.0 -999.0 -999.0 -999.0} "" -999.0 -999.0 -999.0 -999.0 -999 -999 "" "" "" "" 0 0 0.0 0.0 -999 ""
FIBERMAP 1101 R-12C14 METROLOGY 0 0 0 1 0 0 123.74495872766188 -246.72019306797247 143.1 -5.977551485656652 -275.9119141843651 268.8009 77.96898 -999.0 -999.0 -999.0 -999.0 -999.0 278.4535043750692 -9.716719449568227 278.4771639402982 -9.686351441225751 43.01675499855446 150.9524151000824 -999.0 6231.0 -999.0 -1 -999 {-999.0 -999.0 -999.0 -999.0 -999.0} "" -999.0 -999.0 -999.0 -999.0 -999 -999 "" "" "" "" 0 0 0.0 0.0 -999 ""
FIBERMAP 1103 R-2C9 APOGEE 1 1 0 1 0 0 -79.20375030682067 -46.148545915228524 143.1 -91.57801552455055 -3.7579874675176073 325.53244 118.532715 278.06235906126534 -8.484729949237295 -3.6675773 -9.062085 -0.8707596 278.0623776285378 -8.484743463710952 278.0831420065275 -8.45610599888193 44.29755472384481 150.73629809507682 16000.0 16600.0 2016.0 2 258 {-999.0 25.00711 24.974077 18.800348 -999.0} sdss_psfmag_gaia 22.27233 19.204311 17.271166 9.081 63050395541821618 1154741541 bright_1x1 mwm_galactic_core_dist_apogee_sparse mwm_galactic science 0 0 0.0 0.0 -999 ""
FIBERMAP 1103 R-2C9 BOSS 0 0 0 1 0 0 -79.28269163381029 -46.87066394929835 143.1 -91.98539176640385 -4.359309698670327 325.53244 118.532715 -999.0 -999.0 -999.0 -999.0 -999.0 278.0605362563075 -8.487667250358756 278.08122086302967 -8.458843072796675 44.2958547848014 150.74030208503964 -999.0 5400.0 -999.0 1 449 {-999.0 -999.0 -999.0 -999.0 -999.0} "" -999.0 -999.0 -999.0 -999.0 -999 -999 "" "" "" "" 0 0 0.0 0.0 -999 ""
FIBERMAP 1103 R-2C9 METROLOGY 0 0 0 1 0 0 -79.88770761134333 -46.439591245611005 143.1 -92.31858684895779 -3.695457183460401 325.53244 118.532715 -999.0 -999.0 -999.0 -999.0 -999.0 278.05899937253093 -8.484583812217812 278.0797016915989 -8.455818974922622 44.299229837003345 150.74045610554967 -999.0 6231.0 -999.0 -1 -999 {-999.0 -999.0 -999.0 -999.0 -999.0} "" -999.0 -999.0 -999.0 -999.0 -999 -999 "" "" "" "" 0 0 0.0 0.0 -999 ""
FIBERMAP 1104 R-13C7 APOGEE 0 0 0 1 0 0 -3.4513468269928635 -243.60864450150848 143.1 -116.94264194565132 -213.6948490362229 37.288933 127.41959 -999.0 -999.0 -999.0 -999.0 -999.0 277.9445901947869 -9.43531918296229 277.9678055830461 -9.406561326557162 43.478250448934006 151.42324422300987 -999.0 16600.0 -999.0 2 299 {-999.0 -999.0 -999.0 -999.0 -999.0} "" -999.0 -999.0 -999.0 -999.0 -999 -999 "" "" "" "" 0 0 0.0 0.0 -999 ""
FIBERMAP 1104 R-13C7 BOSS 1 1 0 1 0 0 -2.734604511124731 -243.807679157811 143.1 -116.4022171258279 -214.20585400327164 37.288933 127.41959 277.9471464616177 -9.437869408059086 5.2387185 2.4783196 3.6861238 277.9471433871606 -9.437854526718377 277.97027524950244 -9.40889228002931 43.475128651483736 151.42148805998184 5400.0 5400.0 2016.0 1 416 {-999.0 16.99072 15.338855 14.599711 -999.0} sdss_psfmag_ps1 16.226835 15.106169 14.062363 11.701 63050395541002410 1077960979 bright_flexible_2x1 mwm_snc_ext_main_boss mwm_snc science 0 0 0.0 0.0 -999 ""
FIBERMAP 1104 R-13C7 METROLOGY 0 0 0 1 0 0 -3.264540960948789 -244.33149675105915 143.1 -117.11548632647963 -214.42106267333216 37.288933 127.41959 -999.0 -999.0 -999.0 -999.0 -999.0 277.9438577084858 -9.438727317801051 277.96701829555883 -9.409828998244318 43.47558332178238 151.42605743756448 -999.0 6231.0 -999.0 -1 -999 {-999.0 -999.0 -999.0 -999.0 -999.0} "" -999.0 -999.0 -999.0 -999.0 -999 -999 "" "" "" "" 0 0 0.0 0.0 -999 ""
FIBERMAP 1105 R-7C6 APOGEE 0 0 0 1 0 0 -79.7875970739957 -129.85271711946064 143.1 -131.2275229643799 -77.46521523926755 96.99584 11.671935 -999.0 -999.0 -999.0 -999.0 -999.0 277.8793156345895 -8.819178989077207 277.90099588529216 -8.790872391034723 44.06705274187218 151.15780495346203 -999.0 16600.0 -999.0 2 -999 {-999.0 -999.0 -999.0 -999.0 -999.0} "" -999.0 -999.0 -999.0 -999.0 -999 -999 "" "" "" "" 0 0 0.0 0.0 -999 ""
FIBERMAP 1105 R-7C6 BOSS 1 1 0 1 0 0 -79.54000310509932 -130.5584922001418 143.1 -131.33865710545732 -78.20475531185438 96.99584 11.671935 277.8788388735239 -8.822776820495323 -0.40127683 -2.2438211 0.30540225 277.8788359423602 -8.82275660280024 277.9004378630366 -8.79425738564568 44.06419236467268 151.16043838059278 5400.0 5400.0 2016.0 1 437 {-999.0 16.33656 15.072991 14.40482 -999.0} sdss_psfmag_ps1 15.801327 14.9071865 13.841759 11.932 63050395541779942 1093578436 bright_1x1 mwm_astar_core_boss_single mwm_ob science 0 0 0.0 0.0 -999 ""
FIBERMAP 1105 R-7C6 METROLOGY 0 0 0 1 0 0 -80.27469237132068 -130.41787209982945 143.1 -131.92225401534395 -77.736988251294 96.99584 11.671935 -999.0 -999.0 -999.0 -999.0 -999.0 277.87614903074706 -8.820555222571342 277.8977712458446 -8.792118554386361 44.06722432174585 151.16256113627242 -999.0 6231.0 -999.0 -1 -999 {-999.0 -999.0 -999.0 -999.0 -999.0} "" -999.0 -999.0 -999.0 -999.0 -999 -999 "" "" "" "" 0 0 0.0 0.0 -999 ""
FIBERMAP 1106 R-10C9 APOGEE 0 0 0 1 0 0 4.645528389204828 -188.11875994071116 143.1 -83.84368198442463 -168.43673211688971 341.76114 167.56944 -999.0 -999.0 -999.0 -999.0 -999.0 278.09633039509134 -9.23278851863847 278.1189729117706 -9.2037243900545 43.60219812759716 151.12089993658196 -999.0 16600.0 -999.0 2 -999 {-999.0 -999.0 -999.0 -999.0 -999.0} "" -999.0 -999.0 -999.0 -999.0 -999 -999 "" "" "" "" 0 0 0.0 0.0 -999 ""
FIBERMAP 1106 R-10C9 BOSS 1 1 0 1 0 0 5.3034887089880725 -188.47475837975892 143.1 -83.42859432641156 -169.05898441675816 341.76114 167.56944 278.09798367388686 -9.235870596246402 1.1549962 -0.24665536 0.2725707 278.0983003387949 -9.235853993284298 278.12086052514627 -9.206587973869828 43.59882152658378 151.12018162816426 5400.0 5400.0 2016.0 1 371 {-999.0 14.4868145 13.4257765 12.804001 -999.0} sdss_psfmag_from_g3xp 14.1131735 13.297639 12.3811035 10.782 63050395541585511 1093181672 bright_3x1 mwm_astar_core_boss mwm_ob science 0 0 1.106386661529541 0.0 -999 ""
FIBERMAP 1106 R-10C9 METROLOGY 0 0 0 1 0 0 4.655375248655429 -188.86479279512895 143.1 -84.18376532564244 -169.1007013362559 341.76114 167.56944 -999.0 -999.0 -999.0 -999.0 -999.0 278.0948102796061 -9.235955002503415 278.11739741810874 -9.206753461660295 43.600077044435714 151.12457818396075 -999.0 6231.0 -999.0 -1 -999 {-999.0 -999.0 -999.0 -999.0 -999.0} "" -999.0 -999.0 -999.0 -999.0 -999 -999 "" "" "" "" 0 0 0.0 0.0 -999 ""
FIBERMAP 1107 R-13C5 APOGEE 1 1 0 1 0 0 -36.33728586443776 -257.4284550517973 143.1 -152.4692507256408 -210.5343223737224 39.269226 50.499046 277.7821473746996 -9.419454140308627 -0.94955254 -2.107917 0.020231683 277.78216329430717 -9.419446602590709 277.80540223178275 -9.391123024524482 43.55747633387041 151.6164679968132 16000.0 16600.0 2016.0 2 283 {-999.0 24.75138 19.579866 17.299227 -999.0} sdss_psfmag_ps1 20.88823 17.483707 15.92088 10.868 63050395541032095 1153926972 bright_1x1 mwm_galactic_core_dist_apogee_sparse mwm_galactic science 0 0 0.0 0.0 -999 ""
FIBERMAP 1107 R-13C5 BOSS 0 0 0 1 0 0 -36.31159810275286 -258.1693968567807 143.1 -152.7929532410275 -211.20119793497122 39.269226 50.499046 -999.0 -999.0 -999.0 -999.0 -999.0 277.7807747137514 -9.422624898651602 277.8039341314488 -9.394107300004881 43.55533475837811 151.61996362956714 -999.0 5400.0 -999.0 1 414 {-999.0 -999.0 -999.0 -999.0 -999.0} "" -999.0 -999.0 -999.0 -999.0 -999 -999 "" "" "" "" 0 0 0.0 0.0 -999 ""
FIBERMAP 1107 R-13C5 METROLOGY 0 0 0 1 0 0 -36.96648230549292 -257.8297582033041 143.1 -153.21297068599185 -210.59484304126565 39.269226 50.499046 -999.0 -999.0 -999.0 -999.0 -999.0 277.77882788876644 -9.41982631920819 277.80200595296793 -9.391370740249943 43.55860736014982 151.62083382699257 -999.0 6231.0 -999.0 -1 -999 {-999.0 -999.0 -999.0 -999.0 -999.0} "" -999.0 -999.0 -999.0 -999.0 -999 -999 "" "" "" "" 0 0 0.0 0.0 -999 ""
FIBERMAP 1108 R-9C7 APOGEE 1 1 0 1 0 0 -46.58219599913683 -165.02988165762318 143.1 -118.3256959684471 -124.08005330314771 52.56058 110.8152 277.938151879339 -9.031015839544354 1.2997578 -6.0631766 2.4749131 277.93816559594035 -9.031056085416518 277.9603592878755 -9.002499231976259 43.849994988101365 151.2041211451208 16000.0 16600.0 2016.0 2 178 {-999.0 19.806402 17.677546 16.430597 -999.0} sdss_psfmag_ps1 18.721834 17.03725 15.821088 12.972 63050395541603949 1034952156 bright_1x1 mwm_yso_pms_apogee_sagitta_edr3_single mwm_yso science 0 0 0.0 0.0 -999 ""
FIBERMAP 1108 R-9C7 BOSS 0 0 0 1 0 0 -45.865109236465734 -165.22751606517227 143.1 -117.78431207031056 -124.58998172572791 52.56058 110.8152 -999.0 -999.0 -999.0 -999.0 -999.0 277.94069557158537 -9.033618507690418 277.9628065486389 -9.004860086102804 43.846850525767714 151.20240688514662 -999.0 5400.0 -999.0 1 390 {-999.0 -999.0 -999.0 -999.0 -999.0} "" -999.0 -999.0 -999.0 -999.0 -999 -999 "" "" "" "" 0 0 0.0 0.0 -999 ""
FIBERMAP 1108 R-9C7 METROLOGY 0 0 0 1 0 0 -46.40456297773443 -165.74740152728336 143.1 -118.50415457557543 -124.7972655266798 52.56058 110.8152 -999.0 -999.0 -999.0 -999.0 -999.0 277.9373745268239 -9.034471734632879 277.95951396657875 -9.005776561061525 43.8473482778408 151.2070406145962 -999.0 6231.0 -999.0 -1 -999 {-999.0 -999.0 -999.0 -999.0 -999.0} "" -999.0 -999.0 -999.0 -999.0 -999 -999 "" "" "" "" 0 0 0.0 0.0 -999 ""
FIBERMAP 1109 R+8C19 APOGEE 1 1 0 1 0 0 184.20093136134744 157.35894054287346 143.1 236.37082063621946 52.96055560655769 203.50029 82.20586 279.56654279662024 -8.230366640473811 -0.38002163 -6.89714 0.3294591 279.56656468946784 -8.230377900767678 279.58610011361475 -8.197908215214307 43.89365463280502 148.7112302987132 16000.0 16600.0 2016.0 2 60 {-999.0 24.966402 27.3852 18.07228 -999.0} sdss_psfmag_gaia 22.268623 18.119083 16.470081 10.323 63050395541712735 1154741289 bright_1x1 mwm_galactic_core_dist_apogee_sparse mwm_galactic science 0 0 0.0 0.0 -999 ""
FIBERMAP 1109 R+8C19 BOSS 0 0 0 1 0 0 183.973587402117 158.0747324515055 143.1 236.50453540750576 53.699481532192294 203.50029 82.20586 -999.0 -999.0 -999.0 -999.0 -999.0 279.5672802793738 -8.227218441988873 279.5867129564946 -8.194557977803578 43.896393455691594 148.70842352474702 -999.0 5400.0 -999.0 1 168 {-999.0 -999.0 -999.0 -999.0 -999.0} "" -999.0 -999.0 -999.0 -999.0 -999 -999 "" "" "" "" 0 0 0.0 0.0 -999 ""
FIBERMAP 1109 R+8C19 METROLOGY 0 0 0 1 0 0 184.7075874423225 157.90719464333034 143.1 237.07493855636957 53.208246043966355 203.50029 82.20586 -999.0 -999.0 -999.0 -999.0 -999.0 279.5698327377199 -8.229396960639647 279.58929663535395 -8.196782752061997 43.89326854922828 148.70660128045773 -999.0 6231.0 -999.0 -1 -999 {-999.0 -999.0 -999.0 -999.0 -999.0} "" -999.0 -999.0 -999.0 -999.0 -999 -999 "" "" "" "" 0 0 0.0 0.0 -999 ""
FIBERMAP 1111 R+8C16 APOGEE 0 0 0 1 0 0 155.71708414833856 155.79332637746086 143.1 210.46400740807266 64.89362666589875 70.64 29.164162 -999.0 -999.0 -999.0 -999.0 -999.0 279.44903621037537 -8.175986099818891 279.468482138836 -8.143848811532514 43.99346974504668 148.82332218904602 -999.0 16600.0 -999.0 2 -999 {-999.0 -999.0 -999.0 -999.0 -999.0} "" -999.0 -999.0 -999.0 -999.0 -999 -999 "" "" "" "" 0 0 0.0 0.0 -999 ""
FIBERMAP 1111 R+8C16 BOSS 1 1 0 1 0 0 155.86786612316257 155.0683086302844 143.1 210.25831164481866 64.18234103685401 70.64 29.164162 279.44824218749994 -8.179393442738927 -999.0 -999.0 -999.0 279.4482451875609 -8.179384598193195 279.4676060513217 -8.147058009531698 43.99096880783096 148.8263663388877 5400.0 5400.0 2015.5 1 202 {-999.0 -999.0 -999.0 -999.0 -999.0} "" -999.0 -999.0 -999.0 -999.0 27021603148725090 852783836 "" ops_sky_boss_fallback ops_sky sky_boss 0 0 0.0 0.0 -999 ""
FIBERMAP 1111 R+8C16 METROLOGY 0 0 0 1 0 0 155.1529385420736 155.30506239615184 143.1 209.73712522934264 64.72583482615597 70.64 29.164162 -999.0 -999.0 -999.0 -999.0 -999.0 279.44583785806674 -8.17686282226862 279.4652199783159 -8.144597488053057 43.99421727797651 148.82781129171988 -999.0 6231.0 -999.0 -1 -999 {-999.0 -999.0 -999.0 -999.0 -999.0} "" -999.0 -999.0 -999.0 -999.0 -999 -999 "" "" "" "" 0 0 0.0 0.0 -999 ""
FIBERMAP 1112 R-6C10 APOGEE 0 0 0 1 0 0 -14.242797060261008 -109.3780369626322 143.1 -63.724766440744126 -90.01268856863476 22.447647 134.39526 -999.0 -999.0 -999.0 -999.0 -999.0 278.1894092425572 -8.877842300874542 278.2111174584553 -8.848694720151268 43.88788211621898 150.80309106995935 -999.0 16600.0 -999.0 2 -999 {-999.0 -999.0 -999.0 -999.0 -999.0} "" -999.0 -999.0 -999.0 -999.0 -999 -999 "" "" "" "" 0 0 0.0 0.0 -999 ""
FIBERMAP 1112 R-6C10 BOSS 1 1 0 1 0 0 -13.54676819658713 -109.6659428613544 143.1 -63.24419797700249 -90.59255655155918 22.447647 134.39526 278.1916809082031 -8.880738884331834 -999.0 -999.0 -999.0 278.1916741818864 -8.88072343358429 278.2132996501374 -8.851375579984778 43.88454805167522 150.80191351134093 5400.0 5400.0 2015.5 1 367 {-999.0 -999.0 -999.0 -999.0 -999.0} "" -999.0 -999.0 -999.0 -999.0 27021603148723094 852783435 "" ops_sky_boss_fallback ops_sky sky_boss 0 0 0.0 0.0 -999 ""
FIBERMAP 1112 R-6C10 METROLOGY 0 0 0 1 0 0 -14.13655564230965 -110.11653187908286 143.1 -63.97612931193684 -90.71506205206457 22.447647 134.39526 -999.0 -999.0 -999.0 -999.0 -999.0 278.18828394167275 -8.881202509911015 278.2099372180635 -8.851918045602764 43.8854337337408 150.80641973282295 -999.0 6231.0 -999.0 -1 -999 {-999.0 -999.0 -999.0 -999.0 -999.0} "" -999.0 -999.0 -999.0 -999.0 -999 -999 "" "" "" "" 0 0 0.0 0.0 -999 ""
FIBERMAP 1113 R-3C16 APOGEE 1 1 0 1 0 0 72.80588816717903 -64.40642228288294 143.1 34.236590971083814 -90.96258178318104 167.33603 161.78929 278.64070970376963 -8.883486056314933 0.5225079 -4.594533 0.5092351 278.64072778353653 -8.883535289148675 278.66227290402674 -8.85319994187117 43.69711820486693 150.2449000188302 16000.0 16600.0 2016.0 2 235 {-999.0 15.183349 17.528767 17.151106 -999.0} sdss_psfmag_ps1 14.636645 13.134885 11.956125 8.96 63050395541577819 1153931728 bright_1x1 mwm_galactic_core_dist_apogee_sparse mwm_galactic science 0 0 0.0 0.0 -999 ""
FIBERMAP 1113 R-3C16 BOSS 0 0 0 1 0 0 72.1666971147856 -64.03377852503557 143.1 33.84587418100633 -90.33439289804582 167.33603 161.78929 -999.0 -999.0 -999.0 -999.0 -999.0 278.63904300122056 -8.880914685418125 278.66049090725 -8.850391393139125 43.70040762843311 150.24546687628737 -999.0 5400.0 -999.0 1 282 {-999.0 -999.0 -999.0 -999.0 -999.0} "" -999.0 -999.0 -999.0 -999.0 -999 -999 "" "" "" "" 0 0 0.0 0.0 -999 ""
FIBERMAP 1113 R-3C16 METROLOGY 0 0 0 1 0 0 72.80465936658199 -63.66161816155234 143.1 34.58371674520554 -90.30372768042513 167.33603 161.78929 -999.0 -999.0 -999.0 -999.0 -999.0 278.6424140679278 -8.880717551010632 278.66388599641135 -8.850240347091425 43.69912761826659 150.24117272721026 -999.0 6231.0 -999.0 -1 -999 {-999.0 -999.0 -999.0 -999.0 -999.0} "" -999.0 -999.0 -999.0 -999.0 -999 -999 "" "" "" "" 0 0 0.0 0.0 -999 ""
FIBERMAP 1114 R-8C15 APOGEE 1 1 0 1 0 0 103.10991442403612 -151.74826080141082 143.1 20.1859997577102 -182.32562597143462 123.43826 146.17412 278.57482910156244 -9.297459205072613 -999.0 -999.0 -999.0 278.5748233994942 -9.297459473948939 278.59743958050564 -9.267108533273326 43.348511132900775 150.56506147271756 16000.0 16600.0 2015.5 2 203 {-999.0 -999.0 -999.0 -999.0 -999.0} "" -999.0 -999.0 -999.0 -999.0 27021603148721559 848994420 "" ops_sky_apogee_good ops_sky sky_apogee 0 0 0.0 0.0 -999 ""
FIBERMAP 1114 R-8C15 BOSS 0 0 0 1 0 0 103.09037818004671 -151.01926820700044 143.1 20.509552652919282 -181.67218743693252 123.43826 146.17412 -999.0 -999.0 -999.0 -999.0 -999.0 278.57641868988367 -9.294764152432247 278.5989357119557 -9.264213964124012 43.35052143703043 150.56155070898802 -999.0 5400.0 -999.0 1 318 {-999.0 -999.0 -999.0 -999.0 -999.0} "" -999.0 -999.0 -999.0 -999.0 -999 -999 "" "" "" "" 0 0 0.0 0.0 -999 ""
FIBERMAP 1114 R-8C15 METROLOGY 0 0 0 1 0 0 103.7504460776826 -151.3664122738844 143.1 20.93064265770326 -182.287599321985 123.43826 146.17412 -999.0 -999.0 -999.0 -999.0 -999.0 278.57832118087146 -9.29747797546117 278.60087027762546 -9.266977157363133 43.34721264590605 150.56075756348508 -999.0 6231.0 -999.0 -1 -999 {-999.0 -999.0 -999.0 -999.0 -999.0} "" -999.0 -999.0 -999.0 -999.0 -999 -999 "" "" "" "" 0 0 0.0 0.0 -999 ""
FIBERMAP 1115 R-5C21 APOGEE 0 0 0 1 0 0 206.63174996194059 -105.77578758516836 143.1 133.1747307498507 -190.0924805868571 212.34987 137.47124 -999.0 -999.0 -999.0 -999.0 -999.0 279.09352950815736 -9.331806808601629 279.11602291493557 -9.300077664858966 43.10228889723057 149.94765621204886 -999.0 16600.0 -999.0 2 -999 {-999.0 -999.0 -999.0 -999.0 -999.0} "" -999.0 -999.0 -999.0 -999.0 -999 -999 "" "" "" "" 0 0 0.0 0.0 -999 ""
FIBERMAP 1115 R-5C21 BOSS 1 1 0 1 0 0 205.91119565325792 -105.67927893443732 143.1 132.58300368362603 -189.67030890674567 212.34987 137.47124 279.0909619245244 -9.330119335070266 -1.0935013 -1.7515621 0.25803578 279.0909479513024 -9.330145687931642 279.11334396114484 -9.298226916414205 43.10509078788965 149.94984938263104 5400.0 5400.0 2016.0 1 321 {-999.0 18.862856 17.471754 16.756824 16.122288} sdss_psfmag_from_ps1dr2 18.3336 17.3668 16.3569 15.562 63050395540429376 1040008809 "" ops_std_boss_ps1dr2 ops_std standard_boss 0 0 0.0 0.0 -999 ""
FIBERMAP 1115 R-5C21 METROLOGY 0 0 0 1 0 0 206.35934243891725 -105.08119697055277 143.1 133.2587049712414 -189.35122480550942 212.34987 137.47124 -999.0 -999.0 -999.0 -999.0 -999.0 279.09401808100495 -9.328634675939657 279.11643573638054 -9.296764419448373 43.10511148133577 149.94521510290818 -999.0 6231.0 -999.0 -1 -999 {-999.0 -999.0 -999.0 -999.0 -999.0} "" -999.0 -999.0 -999.0 -999.0 -999 -999 "" "" "" "" 0 0 0.0 0.0 -999 ""
FIBERMAP 1118 R-13C4 APOGEE 1 1 0 1 0 0 -97.29448742043783 -254.1838252754871 143.1 -204.82807022570617 -179.1678311070083 227.90305 66.06286 277.5434177011976 -9.275671021815224 -1.0477546 -3.3405507 0.32344115 277.5433886633522 -9.275744782535673 277.56635588185316 -9.248114477174838 43.78353396406215 151.83503588550806 16000.0 16600.0 2016.0 2 279 {-999.0 15.6566725 13.403074 12.232737 -999.0} sdss_psfmag_from_g3xp 14.503797 12.883876 11.671779 8.513 63050395541053930 1152260570 bright_1x1 mwm_galactic_core_dist_apogee_sparse mwm_galactic science 0 0 0.0 0.0 -999 ""
FIBERMAP 1118 R-13C4 BOSS 0 0 0 1 0 0 -97.618809696164 -253.52458696808517 143.1 -204.80650773556576 -178.4335494712217 227.90305 66.06286 -999.0 -999.0 -999.0 -999.0 -999.0 277.5435604352115 -9.272645271959124 277.5664329751473 -9.244821002496089 43.786518792311554 151.83310481622928 -999.0 5400.0 -999.0 1 413 {-999.0 -999.0 -999.0 -999.0 -999.0} "" -999.0 -999.0 -999.0 -999.0 -999 -999 "" "" "" "" 0 0 0.0 0.0 -999 ""
FIBERMAP 1118 R-13C4 METROLOGY 0 0 0 1 0 0 -96.87668153625211 -253.56794216477314 143.1 -204.17086269592212 -178.81882881381205 227.90305 66.06286 -999.0 -999.0 -999.0 -999.0 -999.0 277.54642875891216 -9.274356805098245 277.56932910379373 -9.24657944489042 43.7837592134689 151.8304592436657 -999.0 6231.0 -999.0 -1 -999 {-999.0 -999.0 -999.0 -999.0 -999.0} "" -999.0 -999.0 -999.0 -999.0 -999 -999 "" "" "" "" 0 0 0.0 0.0 -999 ""
FIBERMAP 1121 R-3C7 APOGEE 1 1 0 1 0 0 -116.37866640150177 -69.7067701074875 143.1 -135.44826359540795 -7.199366583191408 304.0977 115.892815 277.8609399659576 -8.499573867040809 -2.8780465 -4.514203 -0.06180021 277.86093680491405 -8.499588289534945 277.881815887073 -8.471473128717427 44.36598200469461 150.99861693857494 16000.0 16600.0 2016.0 2 254 {-999.0 24.862589 24.749405 20.45738 -999.0} sdss_psfmag_ps1 21.215307 19.791677 17.949839 10.249 63050395541812057 1153932827 bright_1x1 mwm_galactic_core_dist_apogee_sparse mwm_galactic science 0 0 0.0 0.0 -999 ""
FIBERMAP 1121 R-3C7 BOSS 0 0 0 1 0 0 -116.76566013609857 -70.33810243166947 143.1 -136.08546128548113 -7.576428679577001 304.0977 115.892815 -999.0 -999.0 -999.0 -999.0 -999.0 277.85803910327616 -8.50148414482901 277.8788371485886 -8.473185645575116 44.36563600225315 151.00335916954984 -999.0 5400.0 -999.0 1 468 {-999.0 -999.0 -999.0 -999.0 -999.0} "" -999.0 -999.0 -999.0 -999.0 -999 -999 "" "" "" "" 0 0 0.0 0.0 -999 ""
FIBERMAP 1121 R-3C7 METROLOGY 0 0 0 1 0 0 -117.12833955332646 -69.69085586991632 143.1 -136.10340635312215 -6.834812916103517 304.0977 115.892815 -999.0 -999.0 -999.0 -999.0 -999.0 277.85795647350903 -8.498055149103786 277.87877052423846 -8.469812285421654 44.36873670914158 151.00149837495323 -999.0 6231.0 -999.0 -1 -999 {-999.0 -999.0 -999.0 -999.0 -999.0} "" -999.0 -999.0 -999.0 -999.0 -999 -999 "" "" "" "" 0 0 0.0 0.0 -999 ""
FIBERMAP 1125 R0C22 APOGEE 0 0 0 1 0 0 191.14089651369798 -11.159037019587725 143.1 163.71881292779327 -99.22513134707557 340.68634 92.56911 -999.0 -999.0 -999.0 -999.0 -999.0 279.2353758489699 -8.920828762708343 279.2567770755478 -8.888915564447446 43.41402639541005 149.53300478685816 -999.0 16600.0 -999.0 2 -999 {-999.0 -999.0 -999.0 -999.0 -999.0} "" -999.0 -999.0 -999.0 -999.0 -999 -999 "" "" "" "" 0 0 0.0 0.0 -999 ""
FIBERMAP 1125 R0C22 BOSS 1 1 0 1 0 0 190.9253735543091 -11.869097999361781 143.1 163.19635878465854 -99.75194237350782 340.68634 92.56911 279.2330940803994 -8.923468777242684 -0.425585 -1.2333918 0.41832036 279.233117404658 -8.923444887591426 279.2544319229441 -8.891341848840565 43.41283745538188 149.53732346107145 5400.0 5400.0 2016.0 1 244 {-999.0 18.210573 16.83823 16.092634 15.464584} sdss_psfmag_from_ps1dr2 17.6756 16.7251 15.7513 13.903 63050395540669214 1040009654 "" ops_std_boss_ps1dr2 ops_std standard_boss 0 0 0.0 0.0 -999 ""
FIBERMAP 1125 R0C22 METROLOGY 0 0 0 1 0 0 190.41461765466866 -11.329861489260068 143.1 162.99704239716795 -99.03656012880396 340.68634 92.56911 -999.0 -999.0 -999.0 -999.0 -999.0 279.23218349901646 -8.920144361481071 279.25351679691425 -8.888100435246944 43.416151712570446 149.53652083944291 -999.0 6231.0 -999.0 -1 -999 {-999.0 -999.0 -999.0 -999.0 -999.0} "" -999.0 -999.0 -999.0 -999.0 -999 -999 "" "" "" "" 0 0 0.0 0.0 -999 ""
FIBERMAP 1126 R+3C12 APOGEE 1 1 0 1 0 0 -14.79667308151339 68.77434106264619 143.1 19.07574101178774 67.70252962520632 92.54043 131.30206 278.57254853615314 -8.160769551796081 2.209913 -1.3828088 0.33452857 278.57255853756095 -8.16078056793344 278.59230960782423 -8.130948414920775 44.380538872064605 149.90593921834665 16000.0 16600.0 2016.0 2 14 {-999.0 18.724442 15.592017 14.035543 -999.0} sdss_psfmag_ps1 16.896244 14.347582 12.939596 8.778 63050395541957403 1153934179 bright_1x1 mwm_galactic_core_dist_apogee_sparse mwm_galactic science 0 0 0.0 0.0 -999 ""
FIBERMAP 1126 R+3C12 BOSS 0 0 0 1 0 0 -14.276970870314585 69.28986352218178 143.1 19.77608674169312 67.91519153907794 92.54043 131.30206 -999.0 -999.0 -999.0 -999.0 -999.0 278.5758827534548 -8.159973989978571 278.5955407742614 -8.129944801475776 44.38008441902685 149.90129190710988 -999.0 5400.0 -999.0 1 114 {-999.0 -999.0 -999.0 -999.0 -999.0} "" -999.0 -999.0 -999.0 -999.0 -999 -999 "" "" "" "" 0 0 0.0 0.0 -999 ""
FIBERMAP 1126 R+3C12 METROLOGY 0 0 0 1 0 0 -14.079373156663719 68.5736815277462 143.1 19.61589899727141 67.1898278489464 92.54043 131.30206 -999.0 -999.0 -999.0 -999.0 -999.0 278.5751116246435 -8.163227025440266 278.59480355836797 -8.133251868373842 44.37740324177597 149.9041866410301 -999.0 6231.0 -999.0 -1 -999 {-999.0 -999.0 -999.0 -999.0 -999.0} "" -999.0 -999.0 -999.0 -999.0 -999 -999 "" "" "" "" 0 0 0.0 0.0 -999 ""
FIBERMAP 1127 R-13C6 APOGEE 1 1 0 1 0 0 -40.490734714868246 -234.82048759493327 143.1 -145.57048266325205 -188.61091515368392 153.10223 68.978615 277.8135004212293 -9.321359783371054 1.9959284 -0.725491 0.30971107 277.81345004750744 -9.321363976836622 277.8364279492895 -9.29300294687812 43.634737322386556 151.52286328732635 16000.0 16600.0 2016.0 2 274 {-999.0 17.432718 14.921507 13.521552 -999.0} sdss_psfmag_from_g3xp 16.090532 14.1960745 12.911952 9.413 63050395541042560 1152260559 bright_1x1 mwm_galactic_core_dist_apogee_sparse mwm_galactic science 0 0 0.0 0.0 -999 ""
FIBERMAP 1127 R-13C6 BOSS 0 0 0 1 0 0 -39.92251946022552 -234.33024141314397 143.1 -144.83907688951996 -188.44327403480534 153.10223 68.978615 -999.0 -999.0 -999.0 -999.0 -999.0 277.8168602595566 -9.32086456614683 277.83974743821994 -9.292299234451331 43.63404932229288 151.51833240505033 -999.0 5400.0 -999.0 1 415 {-999.0 -999.0 -999.0 -999.0 -999.0} "" -999.0 -999.0 -999.0 -999.0 -999 -999 "" "" "" "" 0 0 0.0 0.0 -999 ""
FIBERMAP 1127 R-13C6 METROLOGY 0 0 0 1 0 0 -39.77622136592756 -235.06523700826168 143.1 -145.05340049408235 -189.16128206711576 153.10223 68.978615 -999.0 -999.0 -999.0 -999.0 -999.0 277.81586581647286 -9.324022008799444 277.83878636352773 -9.29551325744386 43.63149792877242 151.52133406747765 -999.0 6231.0 -999.0 -1 -999 {-999.0 -999.0 -999.0 -999.0 -999.0} "" -999.0 -999.0 -999.0 -999.0 -999 -999 "" "" "" "" 0 0 0.0 0.0 -999 ""
FIBERMAP 1129 R-8C8 APOGEE 0 0 0 1 0 0 -44.607309326891084 -140.52931961331768 143.1 -105.12569781016829 -103.34904343090395 102.10351 104.27666 -999.0 -999.0 -999.0 -999.0 -999.0 277.99889450109373 -8.937434046561936 278.0208276309443 -8.908759989603004 43.91091343668947 151.0751343641842 -999.0 16600.0 -999.0 2 -999 {-999.0 -999.0 -999.0 -999.0 -999.0} "" -999.0 -999.0 -999.0 -999.0 -999 -999 "" "" "" "" 0 0 0.0 0.0 -999 ""
FIBERMAP 1129 R-8C8 BOSS 1 1 0 1 0 0 -43.945321277378376 -140.1917388415387 143.1 -104.38278724218374 -103.36017323854118 102.10351 104.27666 278.0023391621023 -8.937713684800592 -0.7067442 -2.9704223 0.2934055 278.0023535275597 -8.937738510204188 278.02419773719936 -8.908862043450029 43.90944971158371 151.07098102301035 5400.0 5400.0 2016.0 1 389 {-999.0 15.635403 14.610856 14.033491 -999.0} sdss_psfmag_from_g3xp 15.274313 14.504938 13.623994 12.1 63050395541607609 1093181674 bright_3x1 mwm_astar_core_boss mwm_ob science 0 0 0.0 0.0 -999 ""
FIBERMAP 1129 R-8C8 METROLOGY 0 0 0 1 0 0 -43.985289329307676 -140.94133066064302 143.1 -104.7685623473937 -104.00399844040335 102.10351 104.27666 -999.0 -999.0 -999.0 -999.0 -999.0 278.0005594464137 -8.940587691053699 278.0224366009576 -8.911769384435551 43.907516503957005 151.07484325720245 -999.0 6231.0 -999.0 -1 -999 {-999.0 -999.0 -999.0 -999.0 -999.0} "" -999.0 -999.0 -999.0 -999.0 -999 -999 "" "" "" "" 0 0 0.0 0.0 -999 ""
FIBERMAP 1130 R-3C13 APOGEE 1 1 0 1 0 0 25.55565384689188 -62.400616441996696 143.1 -6.586787613868988 -67.09929899993266 0.6479074 100.81421 278.45288017458006 -8.774556220594135 -0.9111495 -1.6648407 -0.17278542 278.4528818677012 -8.77454884093974 278.4742261175567 -8.744755997270241 43.873746176116335 150.4150940388406 16000.0 16600.0 2016.0 2 174 {-999.0 25.687365 21.096613 17.973593 -999.0} sdss_psfmag_ps1 21.819433 17.777225 16.084951 9.52 63050395541629164 1153931981 bright_1x1 mwm_galactic_core_dist_apogee_sparse mwm_galactic science 0 0 0.0 0.0 -999 ""
FIBERMAP 1130 R-3C13 BOSS 0 0 0 1 0 0 25.694674827337693 -63.12676303128619 143.1 -6.8034058448659565 -67.80608381667076 0.6479074 100.81421 -999.0 -999.0 -999.0 -999.0 -999.0 278.4519613886052 -8.77799241666798 278.47322448616967 -8.74800779652683 43.8712109286688 150.4182349608838 -999.0 5400.0 -999.0 1 364 {-999.0 -999.0 -999.0 -999.0 -999.0} "" -999.0 -999.0 -999.0 -999.0 -999 -999 "" "" "" "" 0 0 0.0 0.0 -999 ""
FIBERMAP 1130 R-3C13 METROLOGY 0 0 0 1 0 0 24.9889000949305 -62.88390814886904 143.1 -7.313650303430551 -67.26147683467941 0.6479074 100.81421 -999.0 -999.0 -999.0 -999.0 -999.0 278.449591119252 -8.775445265704084 278.47087429355605 -8.745522624903879 43.87444187007875 150.4197113772543 -999.0 6231.0 -999.0 -1 -999 {-999.0 -999.0 -999.0 -999.0 -999.0} "" -999.0 -999.0 -999.0 -999.0 -999 -999 "" "" "" "" 0 0 0.0 0.0 -999 ""
FIBERMAP 1131 R-8C19 APOGEE 1 1 0 1 0 0 212.8622395620771 -156.61881920141357 143.1 114.91121675193382 -237.94192215807593 340.43823 129.29211 279.0085281792315 -9.546719884824979 -4.4051085 -7.3542023 2.0275602 279.0084935293464 -9.546736344793958 279.0315636746143 -9.515131273401039 42.94310536037666 150.17593068164064 16000.0 16600.0 2016.0 2 185 {-999.0 19.883902 17.756453 16.734568 -999.0} sdss_psfmag_ps1 18.84104 17.361437 16.143108 12.679 63050395540380220 1034952030 bright_1x1 mwm_yso_pms_apogee_sagitta_edr3_single mwm_yso science 0 0 0.0 0.0 -999 ""
FIBERMAP 1131 R-8C19 BOSS 0 0 0 1 0 0 213.12766498470197 -157.3183014823645 143.1 114.81878458808643 -238.68423705588287 340.43823 129.29211 -999.0 -999.0 -999.0 -999.0 -999.0 279.0081440670977 -9.550261642049245 279.03112898039643 -9.518457270993165 42.94027494925766 150.1783875749624 -999.0 5400.0 -999.0 1 331 {-999.0 -999.0 -999.0 -999.0 -999.0} "" -999.0 -999.0 -999.0 -999.0 -999 -999 "" "" "" "" 0 0 0.0 0.0 -999 ""
FIBERMAP 1131 R-8C19 METROLOGY 0 0 0 1 0 0 212.39797944703403 -157.21513086422988 143.1 114.22210168723433 -238.25190829016682 340.43823 129.29211 -999.0 -999.0 -999.0 -999.0 -999.0 279.00540068311 -9.548283975893245 279.0284084554152 -9.516544016886158 42.94314532454069 150.18059885627918 -999.0 6231.0 -999.0 -1 -999 {-999.0 -999.0 -999.0 -999.0 -999.0} "" -999.0 -999.0 -999.0 -999.0 -999 -999 "" "" "" "" 0 0 0.0 0.0 -999 ""
FIBERMAP 1132 R+2C1 APOGEE 1 1 0 1 0 0 -285.54320962845713 49.5084815807217 143.1 -229.22514759699683 177.2545856224918 197.90825 57.02279 277.44124162694254 -7.663995785897658 -2.9934957 -5.83548 0.16503233 277.4412252851449 -7.664042545699719 277.4601509049552 -7.637397006182884 45.297965331738084 151.05133372216173 16000.0 16600.0 2016.0 2 145 {-999.0 24.351833 24.163963 18.21374 -999.0} sdss_psfmag_gaia 21.94689 18.641897 17.012886 10.952 63050395545428313 1154742818 bright_1x1 mwm_galactic_core_dist_apogee_sparse mwm_galactic science 0 0 0.0 0.0 -999 ""
FIBERMAP 1132 R+2C1 BOSS 0 0 0 1 0 0 -285.3287331035339 50.200911760025754 143.1 -228.71186109870717 177.7663032635343 197.90825 57.02279 -999.0 -999.0 -999.0 -999.0 -999.0 277.4436673333414 -7.661933286331321 277.4625030343951 -7.6350981038984465 45.29910402303143 151.04696969125257 -999.0 5400.0 -999.0 1 4 {-999.0 -999.0 -999.0 -999.0 -999.0} "" -999.0 -999.0 -999.0 -999.0 -999 -999 "" "" "" "" 0 0 0.0 0.0 -999 ""
FIBERMAP 1132 R+2C1 METROLOGY 0 0 0 1 0 0 -284.8058833420198 49.6736952473139 143.1 -228.4962361979151 177.05589050465028 197.90825 57.02279 -999.0 -999.0 -999.0 -999.0 -999.0 277.4445681562703 -7.665062781051083 277.46343513955156 -7.6382760459543695 45.295827050307224 151.04762770340244 -999.0 6231.0 -999.0 -1 -999 {-999.0 -999.0 -999.0 -999.0 -999.0} "" -999.0 -999.0 -999.0 -999.0 -999 -999 "" "" "" "" 0 0 0.0 0.0 -999 ""
FIBERMAP 1135 R-2C11 APOGEE 1 1 0 1 0 0 -54.94034154402554 -57.15289703556945 143.1 -75.27807599731518 -24.827615520606223 299.01733 45.641125 278.1369699668297 -8.58093823937026 -1.8511853 -3.3448627 -0.19415607 278.1370198601514 -8.580982054381593 278.15799849576695 -8.552105577540729 44.17946224184031 150.69804646166403 16000.0 16600.0 2016.0 2 268 {-999.0 22.283375 23.06598 18.753103 -999.0} sdss_psfmag_ps1 21.813997 17.099548 15.242536 7.057 63050395541815702 1153932934 bright_1x1 mwm_galactic_core_dist_apogee_sparse mwm_galactic science 0 0 0.0 0.0 -999 ""
FIBERMAP 1135 R-2C11 BOSS 0 0 0 1 0 0 -55.6573534499707 -56.9804216245242 143.1 -75.83115610275657 -24.339958350272248 299.01733 45.641125 -999.0 -999.0 -999.0 -999.0 -999.0 278.13453009322586 -8.578955162889647 278.15541621007736 -8.5498951963997 44.18253480696395 150.70000159338133 -999.0 5400.0 -999.0 1 448 {-999.0 -999.0 -999.0 -999.0 -999.0} "" -999.0 -999.0 -999.0 -999.0 -999 -999 "" "" "" "" 0 0 0.0 0.0 -999 ""
FIBERMAP 1135 R-2C11 METROLOGY 0 0 0 1 0 0 -55.14515637904094 -56.43329074483588 143.1 -75.12266602370846 -24.095851179220638 299.01733 45.641125 -999.0 -999.0 -999.0 -999.0 -999.0 278.1377759891952 -8.577799338766482 278.15868296496274 -8.548785479040342 44.182199449501425 150.69526149651702 -999.0 6231.0 -999.0 -1 -999 {-999.0 -999.0 -999.0 -999.0 -999.0} "" -999.0 -999.0 -999.0 -999.0 -999 -999 "" "" "" "" 0 0 0.0 0.0 -999 ""
FIBERMAP 1137 R-1C6 APOGEE 0 0 0 1 0 0 -159.78586028563103 -35.5898442506096 143.1 -157.8624169290315 43.247957488507915 332.82864 76.92272 -999.0 -999.0 -999.0 -999.0 -999.0 277.75944423266293 -8.269798562861007 277.7797811880382 -8.24205200735662 44.61661850546598 150.9950290484904 -999.0 16600.0 -999.0 2 -999 {-999.0 -999.0 -999.0 -999.0 -999.0} "" -999.0 -999.0 -999.0 -999.0 -999 -999 "" "" "" "" 0 0 0.0 0.0 -999 ""
FIBERMAP 1137 R-1C6 BOSS 1 1 0 1 0 0 -160.25715386566586 -36.159408667829894 143.1 -158.5452434670799 42.96489964743835 332.82864 76.92272 277.75634765624994 -8.271261974504768 -999.0 -999.0 -999.0 277.75634623173926 -8.271248648421015 277.77660193592607 -8.243321118784184 44.61675827003849 150.9997912509159 5400.0 5400.0 2015.5 1 484 {-999.0 -999.0 -999.0 -999.0 -999.0} "" -999.0 -999.0 -999.0 -999.0 27021603148728346 852784494 "" ops_sky_boss_fallback ops_sky sky_boss 0 0 0.0 0.0 -999 ""
FIBERMAP 1137 R-1C6 METROLOGY 0 0 0 1 0 0 -160.52091695487178 -35.46196276830461 143.1 -158.45229413623926 43.704637555574976 332.82864 76.92272 -999.0 -999.0 -999.0 -999.0 -999.0 277.75677676119693 -8.267837870598399 277.77704808299575 -8.239964146024088 44.61963529140163 150.99728324098953 -999.0 6231.0 -999.0 -1 -999 {-999.0 -999.0 -999.0 -999.0 -999.0} "" -999.0 -999.0 -999.0 -999.0 -999 -999 "" "" "" "" 0 0 0.0 0.0 -999 ""
FIBERMAP 1140 R-5C12 APOGEE 1 1 0 1 0 0 6.267257451629682 -82.41440022756007 143.1 -32.99130618816991 -75.77032800657877 126.91276 97.59517 278.33111233661816 -8.813604564247742 -1.0503483 -4.512557 -0.8384094 278.3311064966504 -8.813629771756123 278.35259711347936 -8.784139050479858 43.888345091863584 150.58941965256716 16000.0 16600.0 2016.0 2 159 {-999.0 23.355978 18.792433 16.537554 -999.0} sdss_psfmag_ps1 20.302519 16.91544 15.141527 10.752 63050395541628447 1153931974 bright_1x1 mwm_galactic_core_dist_apogee_sparse mwm_galactic science 0 0 0.0 0.0 -999 ""
FIBERMAP 1140 R-5C12 BOSS 0 0 0 1 0 0 6.79809609911093 -81.89438149344782 143.1 -32.279015646636445 -75.55889867571645 126.91276 97.59517 -999.0 -999.0 -999.0 -999.0 -999.0 278.3344629309282 -8.812911185117215 278.3558607146523 -8.7832192396488 43.887833025979724 150.58482048432265 -999.0 5400.0 -999.0 1 387 {-999.0 -999.0 -999.0 -999.0 -999.0} "" -999.0 -999.0 -999.0 -999.0 -999 -999 "" "" "" "" 0 0 0.0 0.0 -999 ""
FIBERMAP 1140 R-5C12 METROLOGY 0 0 0 1 0 0 6.997444719982838 -82.61317236742315 143.1 -32.438875595042276 -76.28738675619731 126.91276 97.59517 -999.0 -999.0 -999.0 -999.0 -999.0 278.33369605944785 -8.816161308982007 278.35512776980534 -8.786524514185638 43.885132844299484 150.5876499660372 -999.0 6231.0 -999.0 -1 -999 {-999.0 -999.0 -999.0 -999.0 -999.0} "" -999.0 -999.0 -999.0 -999.0 -999 -999 "" "" "" "" 0 0 0.0 0.0 -999 ""
FIBERMAP 1143 R-2C5 APOGEE 1 1 0 1 0 0 -186.5993994870832 -34.09502770584176 143.1 -180.86214652564635 57.10502185149379 95.35108 156.39561 277.65487725916716 -8.206566553539988 -2.7392442 -5.593787 -0.13770834 277.6548638580047 -8.20656780699491 277.6750804978644 -8.179123782798486 44.71660174272474 151.09144363773947 16000.0 16600.0 2016.0 2 249 {-999.0 21.051495 17.498056 14.666866 -999.0} sdss_psfmag_ps1 18.934004 14.880409 13.31681 8.236 63050395541912849 1153933858 bright_1x1 mwm_galactic_core_dist_apogee_sparse mwm_galactic science 0 0 0.0 0.0 -999 ""
FIBERMAP 1143 R-2C5 BOSS 0 0 0 1 0 0 -186.37801301199303 -33.38487453062617 143.1 -180.33446693292882 57.629173044204904 95.35108 156.39561 -999.0 -999.0 -999.0 -999.0 -999.0 277.6573189911511 -8.204367095739137 277.6774436241792 -8.17672968295742 44.71782395354087 151.08705857645103 -999.0 5400.0 -999.0 1 473 {-999.0 -999.0 -999.0 -999.0 -999.0} "" -999.0 -999.0 -999.0 -999.0 -999 -999 "" "" "" "" 0 0 0.0 0.0 -999 ""
FIBERMAP 1143 R-2C5 METROLOGY 0 0 0 1 0 0 -185.8650499858262 -33.93549007849186 143.1 -180.13851976565147 56.90270179517908 95.35108 156.39561 -999.0 -999.0 -999.0 -999.0 -999.0 277.6581755064529 -8.207616473161563 277.67833225833516 -8.180028613517793 44.71445484856856 151.08783673454175 -999.0 6231.0 -999.0 -1 -999 {-999.0 -999.0 -999.0 -999.0 -999.0} "" -999.0 -999.0 -999.0 -999.0 -999 -999 "" "" "" "" 0 0 0.0 0.0 -999 ""
FIBERMAP 1144 R+12C1 APOGEE 1 1 0 1 0 0 -153.6878366409519 223.50666152012866 143.1 -31.33965907581155 269.39405227273016 254.51587 146.88982 278.34420890467874 -7.250004971923556 -0.48883408 -2.358512 0.3510016 278.3442032511413 -7.250006724954099 278.3617510948735 -7.2211726199396375 45.30075260635784 149.64932259710247 16000.0 16600.0 2016.0 2 129 {-999.0 17.256708 14.429406 12.838657 -999.0} sdss_psfmag_from_g3xp 15.662249 13.505767 12.16673 8.315 63050395545553851 1152262413 bright_1x1 mwm_galactic_core_dist_apogee_sparse mwm_galactic science 0 0 0.0 0.0 -999 ""
FIBERMAP 1144 R+12C1 BOSS 0 0 0 1 0 0 -154.26071215555993 223.06122203726903 143.1 -32.05423563515409 269.26819139261363 254.51587 146.88982 -999.0 -999.0 -999.0 -999.0 -999.0 278.3410300817831 -7.250743562275249 278.3584937871278 -7.221734955265313 45.30162835329033 149.65381655917278 -999.0 5400.0 -999.0 1 8 {-999.0 -999.0 -999.0 -999.0 -999.0} "" -999.0 -999.0 -999.0 -999.0 -999 -999 "" "" "" "" 0 0 0.0 0.0 -999 ""
FIBERMAP 1144 R+12C1 METROLOGY 0 0 0 1 0 0 -154.37587636201562 223.78727681545496 143.1 -31.816575014928805 269.9637415129766 254.51587 146.88982 -999.0 -999.0 -999.0 -999.0 -999.0 278.34210403818406 -7.247601466459051 278.35958415291117 -7.218643136433027 45.30395906176105 149.65054429829647 -999.0 6231.0 -999.0 -1 -999 {-999.0 -999.0 -999.0 -999.0 -999.0} "" -999.0 -999.0 -999.0 -999.0 -999 -999 "" "" "" "" 0 0 0.0 0.0 -999 ""
FIBERMAP 1148 R0C11 APOGEE 1 1 0 1 0 0 -53.48857368625699 -13.662841562684024 143.1 -53.66243201673791 12.931431877585728 2.632882 60.8812 278.2370242059925 -8.409312604919208 -4.117756 -9.567223 -0.03566398 278.2370460330524 -8.40932036328053 278.2575528188858 -8.38025801561584 44.29450056279415 150.47301423110562 16000.0 16600.0 2016.0 2 285 {-999.0 24.200352 22.303804 19.703285 -999.0} sdss_psfmag_gaia 22.286688 20.423527 18.699785 10.383 63050395541826079 1154741588 bright_1x1 mwm_galactic_core_dist_apogee_sparse mwm_galactic science 0 0 0.0 0.0 -999 ""
FIBERMAP 1148 R0C11 BOSS 0 0 0 1 0 0 -53.813970021740246 -14.329399007184188 143.1 -54.261656623956775 12.494438693332327 2.632882 60.8812 -999.0 -999.0 -999.0 -999.0 -999.0 278.23433947528605 -8.411485887203103 278.2547642159671 -8.382239740837715 44.293856608640475 150.47767388870815 -999.0 5400.0 -999.0 1 431 {-999.0 -999.0 -999.0 -999.0 -999.0} "" -999.0 -999.0 -999.0 -999.0 -999 -999 "" "" "" "" 0 0 0.0 0.0 -999 ""
FIBERMAP 1148 R0C11 METROLOGY 0 0 0 1 0 0 -54.23179539942384 -13.712081149803875 143.1 -54.342333608440896 13.23538450826206 2.632882 60.8812 -999.0 -999.0 -999.0 -999.0 -999.0 278.2339599299354 -8.408056125664286 278.25440126504844 -8.378866348362942 44.29707025005973 150.47615542170888 -999.0 6231.0 -999.0 -1 -999 {-999.0 -999.0 -999.0 -999.0 -999.0} "" -999.0 -999.0 -999.0 -999.0 -999 -999 "" "" "" "" 0 0 0.0 0.0 -999 ""
FIBERMAP 1149 R-5C9 APOGEE 1 1 0 1 0 0 -59.015622007157916 -83.505527568754 143.1 -91.20034501680672 -46.21355862943019 108.29739 111.203094 278.063504377696 -8.678027664498197 -1.1293454 -5.025893 -0.08210955 278.06349519176626 -8.678043875096005 278.084747422528 -8.649316949815839 44.12110486612296 150.84613433434487 16000.0 16600.0 2016.0 2 284 {-999.0 24.359411 23.780548 18.909042 -999.0} sdss_psfmag_ps1 20.454529 18.618216 15.828143 10.266 63050395541793067 1153932533 bright_1x1 mwm_galactic_core_dist_apogee_sparse mwm_galactic science 0 0 0.0 0.0 -999 ""
FIBERMAP 1149 R-5C9 BOSS 0 0 0 1 0 0 -58.44457630537479 -83.02589469196528 143.1 -90.4713995579329 -46.0566211536082 108.29739 111.203094 -999.0 -999.0 -999.0 -999.0 -999.0 278.0668922845168 -8.677558561700316 278.0880537660977 -8.648631418784806 44.12037425962769 150.8415945904105 -999.0 5400.0 -999.0 1 409 {-999.0 -999.0 -999.0 -999.0 -999.0} "" -999.0 -999.0 -999.0 -999.0 -999 -999 "" "" "" "" 0 0 0.0 0.0 -999 ""
FIBERMAP 1149 R-5C9 METROLOGY 0 0 0 1 0 0 -58.30789151038508 -83.75734761810777 143.1 -90.69256340353276 -46.76700364910583 108.29739 111.203094 -999.0 -999.0 -999.0 -999.0 -999.0 278.0658496194845 -8.68072883170718 278.08704451241374 -8.651857262891758 44.11785189542699 150.84472156780222 -999.0 6231.0 -999.0 -1 -999 {-999.0 -999.0 -999.0 -999.0 -999.0} "" -999.0 -999.0 -999.0 -999.0 -999 -999 "" "" "" "" 0 0 0.0 0.0 -999 ""
FIBERMAP 1150 R-9C10 APOGEE 1 1 0 1 0 0 -2.2541736385049163 -162.13342931046367 143.1 -77.79314323209555 -142.24438081208964 176.43741 70.977066 278.1243078745443 -9.114470894930363 -1.4989582 -4.2240458 0.047721863 278.1242563198974 -9.114513819355958 278.1465885150692 -9.085430153188208 43.698752572329774 151.01920779932186 16000.0 16600.0 2016.0 2 180 {-999.0 22.779549 18.375729 15.976223 -999.0} sdss_psfmag_ps1 19.921152 16.123632 14.532257 9.464 63050395541588096 1153931587 bright_1x1 mwm_galactic_core_dist_apogee_sparse mwm_galactic science 0 0 0.0 0.0 -999 ""
FIBERMAP 1150 R-9C10 BOSS 0 0 0 1 0 0 -1.9733583504105017 -161.45749982737513 143.1 -77.22893902714203 -141.77826175550138 176.43741 70.977066 -999.0 -999.0 -999.0 -999.0 -999.0 278.126914169888 -9.112662971329867 278.1491514013992 -9.083378649942029 43.69957704387412 151.0148483890733 -999.0 5400.0 -999.0 1 375 {-999.0 -999.0 -999.0 -999.0 -999.0} "" -999.0 -999.0 -999.0 -999.0 -999 -999 "" "" "" "" 0 0 0.0 0.0 -999 ""
FIBERMAP 1150 R-9C10 METROLOGY 0 0 0 1 0 0 -1.5139954097808364 -162.05529017773736 143.1 -77.10242040632986 -142.52136828727106 176.43741 70.977066 -999.0 -999.0 -999.0 -999.0 -999.0 278.1274718348987 -9.115966395993434 278.1497424888456 -9.086734214407663 43.6962796387345 151.0160282054842 -999.0 6231.0 -999.0 -1 -999 {-999.0 -999.0 -999.0 -999.0 -999.0} "" -999.0 -999.0 -999.0 -999.0 -999 -999 "" "" "" "" 0 0 0.0 0.0 -999 ""
FIBERMAP 1151 R-9C4 APOGEE 0 0 0 1 0 0 -114.79363232522796 -178.79202782689742 143.1 -185.04705055204275 -104.35313720285035 298.16425 148.7402 -999.0 -999.0 -999.0 -999.0 -999.0 277.63298817234613 -8.939289526621168 277.65506745821875 -8.91157602569793 44.05601785918964 151.53507327677002 -999.0 16600.0 -999.0 2 -999 {-999.0 -999.0 -999.0 -999.0 -999.0} "" -999.0 -999.0 -999.0 -999.0 -999 -999 "" "" "" "" 0 0 0.0 0.0 -999 ""
FIBERMAP 1151 R-9C4 BOSS 1 1 0 1 0 0 -114.831114076157 -179.51381530324323 143.1 -185.4176290681904 -104.97355051417061 298.16425 148.7402 277.6313471227303 -8.942261495695245 -0.6575906 -3.6083603 0.7116515 277.6313433764339 -8.942297930378318 277.65334431615514 -8.914394606612554 44.05413216498567 151.53882930544998 5400.0 5400.0 2016.0 1 479 {-999.0 18.198307 16.736671 16.019096 -999.0} sdss_psfmag_ps1 17.570967 16.54222 15.529433 13.442 63050395541382830 980278278 "" ops_std_boss_red ops_std standard_boss 0 0 0.0 0.0 -999 ""
FIBERMAP 1151 R-9C4 METROLOGY 0 0 0 1 0 0 -115.45935785662762 -179.12888313315582 143.1 -185.79292524494548 -104.33961885506484 298.16425 148.7402 -999.0 -999.0 -999.0 -999.0 -999.0 277.6296179024248 -8.939353822613128 277.65163659580634 -8.911511009948732 44.05745221730975 151.53934749903453 -999.0 6231.0 -999.0 -1 -999 {-999.0 -999.0 -999.0 -999.0 -999.0} "" -999.0 -999.0 -999.0 -999.0 -999 -999 "" "" "" "" 0 0 0.0 0.0 -999 ""
FIBERMAP 1152 R-9C3 APOGEE 1 1 0 1 0 0 -137.35313353762763 -189.60461862975282 143.1 -210.0409128877564 -103.36257208364192 327.4925 85.48396 277.51919898876565 -8.933749504198138 -999.0 -999.0 -999.0 277.5192226551158 -8.933748119781761 277.5413315426686 -8.906336071882032 44.1062898602332 151.67515308698714 16000.0 16600.0 2016.0 2 256 {-999.0 -999.0 -999.0 -999.0 -999.0} "" -999.0 17.9077 -999.0 10.997 63050395541389297 1151527062 bright_1x1 mwm_galactic_core_dist_apogee_sparse mwm_galactic science 0 0 0.0 0.0 -999 ""
FIBERMAP 1152 R-9C3 BOSS 0 0 0 1 0 0 -137.79876083033773 -190.18794431857455 143.1 -210.7074885004443 -103.66979207519044 327.4925 85.48396 -999.0 -999.0 -999.0 -999.0 -999.0 277.51624928868694 -8.935314891783985 277.53827723767756 -8.907717340442217 44.10624471261787 151.6797743290645 -999.0 5400.0 -999.0 1 477 {-999.0 -999.0 -999.0 -999.0 -999.0} "" -999.0 -999.0 -999.0 -999.0 -999 -999 "" "" "" "" 0 0 0.0 0.0 -999 ""
FIBERMAP 1152 R-9C3 METROLOGY 0 0 0 1 0 0 -138.08840143433704 -189.46715335592228 143.1 -210.6264961568674 -102.89732282866535 327.4925 85.48396 -999.0 -999.0 -999.0 -999.0 -999.0 277.5166006743059 -8.931767549677021 277.53864388318004 -8.904225273102355 44.1092931595015 151.677348993162 -999.0 6231.0 -999.0 -1 -999 {-999.0 -999.0 -999.0 -999.0 -999.0} "" -999.0 -999.0 -999.0 -999.0 -999 -999 "" "" "" "" 0 0 0.0 0.0 -999 ""
FIBERMAP 1153 R-6C11 APOGEE 0 0 0 1 0 0 19.16020610872816 -121.76845665632354 143.1 -39.99500337023277 -116.58031992754819 36.05849 55.433712 -999.0 -999.0 -999.0 -999.0 -999.0 278.2984142973179 -8.998989045999513 278.32038595965594 -8.969500310266392 43.73313784133734 150.73661213449702 -999.0 16600.0 -999.0 2 -999 {-999.0 -999.0 -999.0 -999.0 -999.0} "" -999.0 -999.0 -999.0 -999.0 -999 -999 "" "" "" "" 0 0 0.0 0.0 -999 ""
FIBERMAP 1153 R-6C11 BOSS 1 1 0 1 0 0 19.19193148133829 -122.50745217439786 143.1 -40.31245973826336 -117.24829801561877 36.05849 55.433712 278.2970292383962 -9.002253684906629 -0.45320016 -3.2292442 0.42457834 278.2970170374145 -9.002261237346756 278.31890766314166 -8.97258072064147 43.73094439250298 150.7402236131152 5400.0 5400.0 2016.0 1 386 {-999.0 17.370071 15.383443 14.443061 -999.0} sdss_psfmag_ps1 16.420778 15.035934 13.89781 11.15 63050395541596476 916945254 bright_3x1 mwm_yso_disk_boss mwm_yso science 0 0 0.0 0.0 -999 ""
FIBERMAP 1153 R-6C11 METROLOGY 0 0 0 1 0 0 18.52656089045792 -122.1623547622787 143.1 -40.73919327283068 -116.6322159014857 36.05849 55.433712 -999.0 -999.0 -999.0 -999.0 -999.0 278.29503554016793 -8.999391948438006 278.3169451683642 -8.969772921997219 43.73430416993985 150.74104628744067 -999.0 6231.0 -999.0 -1 -999 {-999.0 -999.0 -999.0 -999.0 -999.0} "" -999.0 -999.0 -999.0 -999.0 -999 -999 "" "" "" "" 0 0 0.0 0.0 -999 ""
FIBERMAP 1156 R-11C14 APOGEE 1 1 0 1 0 0 126.44388039950336 -222.24122965420014 143.1 7.852272108359582 -255.53849562816058 254.64784 148.71074 278.51715087890625 -9.62598969836641 -999.0 -999.0 -999.0 278.5171382694305 -9.626011987888111 278.5406083786548 -9.595661349137997 43.07331249775077 150.8230499706391 16000.0 16600.0 2015.5 2 239 {-999.0 -999.0 -999.0 -999.0 -999.0} "" -999.0 -999.0 -999.0 -999.0 27021603148710420 848991961 "" ops_sky_apogee_good ops_sky sky_apogee 0 0 0.0 0.0 -999 ""
FIBERMAP 1156 R-11C14 BOSS 0 0 0 1 0 0 125.90462335758954 -222.75497210484423 143.1 7.135475440701553 -255.74044201750107 254.64784 148.71074 -999.0 -999.0 -999.0 -999.0 -999.0 278.5139367443866 -9.627121767939046 278.53731893988186 -9.596580529678828 43.07382487796649 150.8276113400385 -999.0 5400.0 -999.0 1 255 {-999.0 -999.0 -999.0 -999.0 -999.0} "" -999.0 -999.0 -999.0 -999.0 -999 -999 "" "" "" "" 0 0 0.0 0.0 -999 ""
FIBERMAP 1156 R-11C14 METROLOGY 0 0 0 1 0 0 125.72584844171367 -222.02878587425064 143.1 7.316976516891771 -255.015036351294 254.64784 148.71074 -999.0 -999.0 -999.0 -999.0 -999.0 278.51475325531794 -9.623825843992673 278.53815285831473 -9.593340252764273 43.0764300768498 150.82474347328287 -999.0 6231.0 -999.0 -1 -999 {-999.0 -999.0 -999.0 -999.0 -999.0} "" -999.0 -999.0 -999.0 -999.0 -999 -999 "" "" "" "" 0 0 0.0 0.0 -999 ""
FIBERMAP 1158 R-5C22 APOGEE 1 1 0 1 0 0 237.9018920558916 -119.27459516304802 143.1 154.50121398210666 -216.6425794185591 4.077992 3.6291409 279.1901093512422 -9.450412063277177 -1.9217705 -4.869939 0.1957495 279.1901037463759 -9.45042607374578 279.2128566592951 -9.41838855621352 42.95450439477677 149.89860000249593 16000.0 16600.0 2016.0 2 211 {-999.0 19.019247 16.174843 14.746712 -999.0} sdss_psfmag_ps1 17.302896 15.2102585 13.816949 9.958 63050395540402131 1153922043 bright_1x1 mwm_galactic_core_dist_apogee_sparse mwm_galactic science 0 0 0.0 0.0 -999 ""
FIBERMAP 1158 R-5C22 BOSS 0 0 0 1 0 0 237.16846883164658 -119.37138185610162 143.1 153.80774329390871 -216.38523131001529 4.077992 3.6291409 -999.0 -999.0 -999.0 -999.0 -999.0 279.1870490270845 -9.449500021668191 279.20970588135526 -9.417272849680918 42.95684174402191 149.90178779749132 -999.0 5400.0 -999.0 1 251 {-999.0 -999.0 -999.0 -999.0 -999.0} "" -999.0 -999.0 -999.0 -999.0 -999 -999 "" "" "" "" 0 0 0.0 0.0 -999 ""
FIBERMAP 1158 R-5C22 METROLOGY 0 0 0 1 0 0 237.45097096940083 -118.68361548849191 143.1 154.37897238196774 -215.90943910776397 4.077992 3.6291409 -999.0 -999.0 -999.0 -999.0 -999.0 279.18964357544553 -9.447293262575684 279.2123207069371 -9.415116449892203 42.95768847089795 149.89734183625654 -999.0 6231.0 -999.0 -1 -999 {-999.0 -999.0 -999.0 -999.0 -999.0} "" -999.0 -999.0 -999.0 -999.0 -999 -999 "" "" "" "" 0 0 0.0 0.0 -999 ""
FIBERMAP 1162 R-2C6 APOGEE 0 0 0 1 0 0 -159.99580588864526 -58.043269082597334 143.1 -168.5454283366147 23.501119589120712 305.78528 62.36623 -999.0 -999.0 -999.0 -999.0 -999.0 277.7101394348438 -8.359363690835016 277.7307214251251 -8.331706883370256 44.55486516440887 151.10893758395252 -999.0 16600.0 -999.0 2 -999 {-999.0 -999.0 -999.0 -999.0 -999.0} "" -999.0 -999.0 -999.0 -999.0 -999 -999 "" "" "" "" 0 0 0.0 0.0 -999 ""
FIBERMAP 1162 R-2C6 BOSS 1 1 0 1 0 0 -160.74114845591942 -58.16087812360921 143.1 -169.25916858003708 23.74563684631707 305.78528 62.36623 277.7069091796875 -8.3584390948282 -999.0 -999.0 -999.0 277.706914891397 -8.358421403047984 277.72740972297436 -8.330584495943048 44.557233950239066 151.11248392906788 5400.0 5400.0 2015.5 1 472 {-999.0 -999.0 -999.0 -999.0 -999.0} "" -999.0 -999.0 -999.0 -999.0 27021603148728298 852784484 "" ops_sky_boss_fallback ops_sky sky_boss 0 0 0.0 0.0 -999 ""
FIBERMAP 1162 R-2C6 METROLOGY 0 0 0 1 0 0 -160.4698132717426 -57.467092910510175 143.1 -168.69499523261456 24.231969468959637 305.78528 62.36623 -999.0 -999.0 -999.0 -999.0 -999.0 277.7094897112825 -8.356168952789162 277.7300022381828 -8.32837984927912 44.55819098329474 151.10793098943154 -999.0 6231.0 -999.0 -1 -999 {-999.0 -999.0 -999.0 -999.0 -999.0} "" -999.0 -999.0 -999.0 -999.0 -999 -999 "" "" "" "" 0 0 0.0 0.0 -999 ""
FIBERMAP 1163 R-8C7 APOGEE 0 0 0 1 0 0 -50.65524758702129 -162.9317187228899 143.1 -120.94464183844538 -120.3213971338868 12.80024 72.912735 -999.0 -999.0 -999.0 -999.0 -999.0 277.92616852892724 -9.013941439763531 277.9483235601482 -8.985423856670335 43.87044338660306 151.20944762812903 -999.0 16600.0 -999.0 2 -999 {-999.0 -999.0 -999.0 -999.0 -999.0} "" -999.0 -999.0 -999.0 -999.0 -999 -999 "" "" "" "" 0 0 0.0 0.0 -999 ""
FIBERMAP 1163 R-8C7 BOSS 1 1 0 1 0 0 -50.682039719181184 -163.68268358038225 143.1 -121.31941360610564 -120.97259589085608 12.80024 72.912735 277.9244805207454 -9.017091428764266 2.3541276 -4.4370914 0.83871496 277.9244931827833 -9.017114036851964 277.9465687847965 -8.988405789901378 43.86843418588869 151.21333628706216 5400.0 5400.0 2016.0 1 401 {-999.0 17.359571 16.133385 15.481054 -999.0} sdss_psfmag_ps1 16.870705 15.95707 15.015018 13.208 63050395541604086 981886151 "" ops_std_boss_tic ops_std standard_boss 0 0 0.0 0.0 -999 ""
FIBERMAP 1163 R-8C7 METROLOGY 0 0 0 1 0 0 -51.31680028991745 -163.27669698568715 143.1 -121.69062611933315 -120.31700897847018 12.80024 72.912735 -999.0 -999.0 -999.0 -999.0 -999.0 277.92277631730855 -9.01406865748313 277.94486985675803 -8.985421188828209 43.87184439210954 151.21376216789795 -999.0 6231.0 -999.0 -1 -999 {-999.0 -999.0 -999.0 -999.0 -999.0} "" -999.0 -999.0 -999.0 -999.0 -999 -999 "" "" "" "" 0 0 0.0 0.0 -999 ""
FIBERMAP 1167 R-3C5 APOGEE 1 1 0 1 0 0 -154.42876022050055 -73.60832660067345 143.1 -170.9021075681473 7.141554967046526 8.436344 48.346733 277.69901631957305 -8.433668310987915 -0.6766522 -3.369767 0.10765487 277.69900022924634 -8.433664356757623 277.7197743094503 -8.406003794352733 44.49155264501146 151.16554488016067 16000.0 16600.0 2016.0 2 264 {-999.0 24.383354 19.83395 17.364586 -999.0} sdss_psfmag_ps1 -999.0 -999.0 15.977544 10.329 63050395541814231 1153933000 bright_1x1 mwm_galactic_core_dist_apogee_sparse mwm_galactic science 0 0 0.0 0.0 -999 ""
FIBERMAP 1167 R-3C5 BOSS 0 0 0 1 0 0 -154.8427756169038 -74.24580564037858 143.1 -171.56606151199125 6.771693427799008 8.436344 48.346733 -999.0 -999.0 -999.0 -999.0 -999.0 277.6959886932391 -8.435519202570887 277.71668253527264 -8.407676241830007 44.49128090923184 151.17041670049176 -999.0 5400.0 -999.0 1 466 {-999.0 -999.0 -999.0 -999.0 -999.0} "" -999.0 -999.0 -999.0 -999.0 -999 -999 "" "" "" "" 0 0 0.0 0.0 -999 ""
FIBERMAP 1167 R-3C5 METROLOGY 0 0 0 1 0 0 -155.1730591844213 -73.56766421184615 143.1 -171.54093017285822 7.525469224694505 8.436344 48.346733 -999.0 -999.0 -999.0 -999.0 -999.0 277.6961065970688 -8.432040712003483 277.7168159931579 -8.404252701977853 44.49434951520661 151.1682806638904 -999.0 6231.0 -999.0 -1 -999 {-999.0 -999.0 -999.0 -999.0 -999.0} "" -999.0 -999.0 -999.0 -999.0 -999 -999 "" "" "" "" 0 0 0.0 0.0 -999 ""
FIBERMAP 1169 R-11C9 APOGEE 1 1 0 1 0 0 13.452872901059578 -234.56960543502052 143.1 -97.7762556715547 -213.60896612261672 337.96725 39.665768 278.03237915039057 -9.435687413630916 -999.0 -999.0 -999.0 278.0323951110581 -9.435710354469448 278.0555768504126 -9.40672150041661 43.44273903254193 151.31444125569843 16000.0 16600.0 2015.5 2 168 {-999.0 -999.0 -999.0 -999.0 -999.0} "" -999.0 -999.0 -999.0 -999.0 27021603148716167 848993227 "" ops_sky_apogee_good ops_sky sky_apogee 0 0 0.0 0.0 -999 ""
FIBERMAP 1169 R-11C9 BOSS 0 0 0 1 0 0 12.753069451679735 -234.82697378006526 143.1 -98.515087571649 -213.50926272544154 337.96725 39.665768 -999.0 -999.0 -999.0 -999.0 -999.0 278.02908277716375 -9.435461186672335 278.0521758576792 -9.406284556555883 43.44451037855814 151.31841189300107 -999.0 5400.0 -999.0 1 361 {-999.0 -999.0 -999.0 -999.0 -999.0} "" -999.0 -999.0 -999.0 -999.0 -999 -999 "" "" "" "" 0 0 0.0 0.0 -999 ""
FIBERMAP 1169 R-11C9 METROLOGY 0 0 0 1 0 0 12.879667731022412 -234.08654464157445 143.1 -98.05702989275251 -212.91403724839387 337.96725 39.665768 -999.0 -999.0 -999.0 -999.0 -999.0 278.03115812902143 -9.432745123611394 278.0542688191439 -9.403620008177244 43.4460970315017 151.31431537477948 -999.0 6231.0 -999.0 -1 -999 {-999.0 -999.0 -999.0 -999.0 -999.0} "" -999.0 -999.0 -999.0 -999.0 -999 -999 "" "" "" "" 0 0 0.0 0.0 -999 ""
FIBERMAP 1170 R-5C6 APOGEE 0 0 0 1 0 0 -137.22436820980104 -93.65803290735234 143.1 -165.07002960982993 -18.622380899486863 175.83176 107.46725 -999.0 -999.0 -999.0 -999.0 -999.0 277.72513942642985 -8.550886760320338 277.74620004707066 -8.523105340336425 44.37402385318806 151.19935693692975 -999.0 16600.0 -999.0 2 -999 {-999.0 -999.0 -999.0 -999.0 -999.0} "" -999.0 -999.0 -999.0 -999.0 -999 -999 "" "" "" "" 0 0 0.0 0.0 -999 ""
FIBERMAP 1170 R-5C6 BOSS 1 1 0 1 0 0 -137.4179901661106 -92.94244892194422 143.1 -164.90660755706077 -17.899404498597086 175.83176 107.46725 277.7259239595195 -8.547799108262776 0.46314943 -2.2515388 0.58385575 277.72592795544165 -8.54780108474699 277.7468940758075 -8.519828710501669 44.37673177325189 151.1966030663126 5400.0 5400.0 2016.0 1 456 {-999.0 17.451864 16.004782 15.224896 14.629952} sdss_psfmag_from_ps1dr2 16.871 15.8783 14.884 12.949 63050395541811442 1040012205 "" ops_std_boss_ps1dr2 ops_std standard_boss 0 0 0.0 0.0 -999 ""
FIBERMAP 1170 R-5C6 METROLOGY 0 0 0 1 0 0 -136.68797185688166 -93.13943775399417 143.1 -164.35349256047067 -18.414808116745164 175.83176 107.46725 -999.0 -999.0 -999.0 -999.0 -999.0 277.72843384652293 -8.550101695495659 277.7494293035264 -8.522175618305162 44.373563694343176 151.1947483391807 -999.0 6231.0 -999.0 -1 -999 {-999.0 -999.0 -999.0 -999.0 -999.0} "" -999.0 -999.0 -999.0 -999.0 -999 -999 "" "" "" "" 0 0 0.0 0.0 -999 ""
FIBERMAP 1172 R-3C6 APOGEE 0 0 0 1 0 0 -131.0188669131229 -70.5198938105101 143.1 -148.76785262511675 -1.073422813022422 3.835622 65.13113 -999.0 -999.0 -999.0 -999.0 -999.0 277.8000403308355 -8.471455545323648 277.8208715377338 -8.443512834202412 44.41628418645094 151.05938052155958 -999.0 16600.0 -999.0 2 -999 {-999.0 -999.0 -999.0 -999.0 -999.0} "" -999.0 -999.0 -999.0 -999.0 -999 -999 "" "" "" "" 0 0 0.0 0.0 -999 ""
FIBERMAP 1172 R-3C6 BOSS 1 1 0 1 0 0 -131.2714117705581 -71.21681227235564 143.1 -149.31688339421888 -1.5713095711357654 3.835622 65.13113 277.79754638671875 -8.473919912867856 -999.0 -999.0 -999.0 277.79754559679895 -8.473899264610612 277.81829732423284 -8.445772165466405 44.41527222736921 151.0639309205337 5400.0 5400.0 2015.5 1 467 {-999.0 -999.0 -999.0 -999.0 -999.0} "" -999.0 -999.0 -999.0 -999.0 27021603148726984 852784222 "" ops_sky_boss_fallback ops_sky sky_boss 0 0 0.0 0.0 -999 ""
FIBERMAP 1172 R-3C6 METROLOGY 0 0 0 1 0 0 -131.75391344329606 -70.64783355801724 143.1 -149.47732275634704 -0.8428497527320911 3.835622 65.13113 -999.0 -999.0 -999.0 -999.0 -999.0 277.7968119204589 -8.47052900726183 277.8175799574325 -8.442459154272727 44.41858388232842 151.06292864247158 -999.0 6231.0 -999.0 -1 -999 {-999.0 -999.0 -999.0 -999.0 -999.0} "" -999.0 -999.0 -999.0 -999.0 -999 -999 "" "" "" "" 0 0 0.0 0.0 -999 ""
FIBERMAP 1174 R-1C1 APOGEE 1 1 0 1 0 0 -263.89191202266915 -7.992362725459122 143.1 -236.97197111215777 116.311218065995 85.08092 56.078014 277.4027618192981 -7.938326080677478 -3.4574475 -7.9996524 -0.047063332 277.4027508927109 -7.938321599046024 277.4223837022102 -7.911657382770805 45.06306803826279 151.25907575103957 16000.0 16600.0 2016.0 2 293 {-999.0 25.581366 20.0184 17.268995 -999.0} sdss_psfmag_ps1 21.12601 17.304007 15.6821995 9.959 63050395545406280 1153952807 bright_1x1 mwm_galactic_core_dist_apogee_sparse mwm_galactic science 0 0 0.0 0.0 -999 ""
FIBERMAP 1174 R-1C1 BOSS 0 0 0 1 0 0 -263.2848612698455 -8.412676948590489 143.1 -236.63194781654636 115.65592290890245 85.08092 56.078014 -999.0 -999.0 -999.0 -999.0 -999.0 277.40432555292557 -7.94145832414098 277.423881767207 -7.914602681965931 45.05977360495394 151.25886029937988 -999.0 5400.0 -999.0 1 425 {-999.0 -999.0 -999.0 -999.0 -999.0} "" -999.0 -999.0 -999.0 -999.0 -999 -999 "" "" "" "" 0 0 0.0 0.0 -999 ""
FIBERMAP 1174 R-1C1 METROLOGY 0 0 0 1 0 0 -263.9690771569571 -8.734424812814146 143.1 -237.3871017736804 115.69143829067748 85.08092 56.078014 -999.0 -999.0 -999.0 -999.0 -999.0 277.40090090238624 -7.941250059411072 277.42048165940014 -7.914456189303321 45.061282045191724 151.26312805044512 -999.0 6231.0 -999.0 -1 -999 {-999.0 -999.0 -999.0 -999.0 -999.0} "" -999.0 -999.0 -999.0 -999.0 -999 -999 "" "" "" "" 0 0 0.0 0.0 -999 ""
FIBERMAP 1176 R+12C11 APOGEE 0 0 0 1 0 0 75.87185425238245 218.65013093107456 143.1 169.28136147909717 157.77765359656297 327.69885 89.75109 -999.0 -999.0 -999.0 -999.0 -999.0 279.2601771499978 -7.755000056129207 279.27864256778366 -7.723544767281619 44.45363769878336 148.80111567636735 -999.0 16600.0 -999.0 2 -999 {-999.0 -999.0 -999.0 -999.0 -999.0} "" -999.0 -999.0 -999.0 -999.0 -999 -999 "" "" "" "" 0 0 0.0 0.0 -999 ""
FIBERMAP 1176 R+12C11 BOSS 1 1 0 1 0 0 75.4860856945168 218.02176872148016 143.1 168.64663522792807 157.4026437778314 327.69885 89.75109 279.2573547363281 -7.756831680236573 -999.0 -999.0 -999.0 279.25741801517535 -7.756835596782811 279.27579684534686 -7.725199887143591 44.453390509661475 148.80568321100947 5400.0 5400.0 2015.5 1 102 {-999.0 -999.0 -999.0 -999.0 -999.0} "" -999.0 -999.0 -999.0 -999.0 27021603150164250 852849174 "" ops_sky_boss_fallback ops_sky sky_boss 0 0 0.0 0.0 -999 ""
FIBERMAP 1176 R+12C11 METROLOGY 0 0 0 1 0 0 75.12634842473233 218.67984694445988 143.1 168.63635454885141 158.1524573627855 327.69885 89.75109 -999.0 -999.0 -999.0 -999.0 -999.0 279.25732188165983 -7.753406620682514 279.27571830944413 -7.72182564153655 44.45645556042669 148.80370342925463 -999.0 6231.0 -999.0 -1 -999 {-999.0 -999.0 -999.0 -999.0 -999.0} "" -999.0 -999.0 -999.0 -999.0 -999 -999 "" "" "" "" 0 0 0.0 0.0 -999 ""
FIBERMAP 1177 R+4C12 APOGEE 0 0 0 1 0 0 2.1036795983951255 57.176733784591235 143.1 28.590636837970806 49.5509503485486 332.42044 49.00621 -999.0 -999.0 -999.0 -999.0 -999.0 278.61617805929683 -8.243534598284008 278.6361204955377 -8.213551211010829 44.28733230689606 149.90028314190303 -999.0 16600.0 -999.0 2 -999 {-999.0 -999.0 -999.0 -999.0 -999.0} "" -999.0 -999.0 -999.0 -999.0 -999 -999 "" "" "" "" 0 0 0.0 0.0 -999 ""
FIBERMAP 1177 R+4C12 BOSS 1 1 0 1 0 0 1.4145725676653123 56.89907760088582 143.1 27.851773747148936 49.627721957988584 332.42044 49.00621 278.6128592549159 -8.243324440632097 0.13245848 -1.269798 0.52133524 278.6128834319389 -8.243338692043146 278.63273660440154 -8.213174768601206 44.28909980018287 149.90429190236088 5400.0 5400.0 2016.0 1 115 {-999.0 18.133696 16.860043 16.133097 15.624694} sdss_psfmag_from_ps1dr2 17.6411 16.7398 15.7963 13.989 63050395541738696 1040012048 "" ops_std_boss_ps1dr2 ops_std standard_boss 0 0 0.0 0.0 -999 ""
FIBERMAP 1177 R+4C12 METROLOGY 0 0 0 1 0 0 1.5167402801348202 57.63734665587461 143.1 28.287229093133636 50.2324601016794 332.42044 49.00621 -999.0 -999.0 -999.0 -999.0 -999.0 278.61486470613386 -8.240540995410996 278.6347355846967 -8.210426767644993 44.29074297806764 149.90015575004477 -999.0 6231.0 -999.0 -1 -999 {-999.0 -999.0 -999.0 -999.0 -999.0} "" -999.0 -999.0 -999.0 -999.0 -999 -999 "" "" "" "" 0 0 0.0 0.0 -999 ""
FIBERMAP 1189 R-13C11 APOGEE 1 1 0 1 0 0 85.80452206588947 -267.1314977785882 143.1 -49.05313694191399 -276.21405684561586 321.57867 89.439415 278.255909832277 -9.716982082885666 -2.7921839 -5.5546417 0.38503015 278.2559186254723 -9.717003333159251 278.27972430718467 -9.687297288293777 43.09619561964275 151.19558033235342 16000.0 16600.0 2016.0 2 189 {-999.0 25.52526 21.476524 17.9272 -999.0} sdss_psfmag_ps1 21.458635 17.529339 15.802436 8.977 63050395540980112 1153926537 bright_1x1 mwm_galactic_core_dist_apogee_sparse mwm_galactic science 0 0 0.0 0.0 -999 ""
FIBERMAP 1189 R-13C11 BOSS 0 0 0 1 0 0 85.34401582214589 -267.7049993161885 143.1 -49.72827000523756 -276.5056377385063 321.57867 89.439415 -999.0 -999.0 -999.0 -999.0 -999.0 278.2529164306767 -9.7184707751944 278.2766361176697 -9.688573130027024 43.09628361417896 151.2000989485387 -999.0 5400.0 -999.0 1 336 {-999.0 -999.0 -999.0 -999.0 -999.0} "" -999.0 -999.0 -999.0 -999.0 -999 -999 "" "" "" "" 0 0 0.0 0.0 -999 ""
FIBERMAP 1189 R-13C11 METROLOGY 0 0 0 1 0 0 85.0742067550163 -266.9834357532035 143.1 -49.629388763639874 -275.7417573120405 321.57867 89.439415 -999.0 -999.0 -999.0 -999.0 -999.0 278.253343968339 -9.715023013166375 278.27708051342523 -9.685182198329075 43.09919492004787 151.19764351116595 -999.0 6231.0 -999.0 -1 -999 {-999.0 -999.0 -999.0 -999.0 -999.0} "" -999.0 -999.0 -999.0 -999.0 -999 -999 "" "" "" "" 0 0 0.0 0.0 -999 ""
FIBERMAP 1190 R+13C5 APOGEE 1 1 0 1 0 0 -49.54401025391254 237.23587807079593 143.1 67.1243948791435 232.83887271462655 316.71255 91.417465 278.7933273481769 -7.414714862277231 -3.22585 -0.6616824 2.4917607 278.79329665931414 -7.414715050587246 278.8110887473918 -7.384632451002428 44.961026142139126 149.17931608518464 16000.0 16600.0 2016.0 2 111 {-999.0 10.114125 9.60356 9.325278 -999.0} sdss_psfmag_from_g3xp 10.002882 9.579687 8.965943 7.966 63050395605628737 975054251 "" ops_std_apogee ops_std standard_apogee 0 0 0.0 0.0 -999 ""
FIBERMAP 1190 R+13C5 BOSS 0 0 0 1 0 0 -50.018814856118865 236.66924417491813 143.1 66.43983527854223 232.56004643162305 316.71255 91.417465 -999.0 -999.0 -999.0 -999.0 -999.0 278.7902714377538 -7.416104744026789 278.8079786496187 -7.385845390274652 44.96127345091092 149.18398687900626 -999.0 5400.0 -999.0 1 85 {-999.0 -999.0 -999.0 -999.0 -999.0} "" -999.0 -999.0 -999.0 -999.0 -999 -999 "" "" "" "" 0 0 0.0 0.0 -999 ""
FIBERMAP 1190 R+13C5 METROLOGY 0 0 0 1 0 0 -50.2847668757394 237.36671010449928 143.1 66.53085933329855 233.30082541459714 316.71255 91.417465 -999.0 -999.0 -999.0 -999.0 -999.0 278.79065417898215 -7.412744666763083 278.8083781866824 -7.382537955460616 44.96408042863788 149.18145199893195 -999.0 6231.0 -999.0 -1 -999 {-999.0 -999.0 -999.0 -999.0 -999.0} "" -999.0 -999.0 -999.0 -999.0 -999 -999 "" "" "" "" 0 0 0.0 0.0 -999 ""
FIBERMAP 1192 R-11C4 APOGEE 1 1 0 1 0 0 -118.58013783759954 -213.17794121731134 143.1 -204.4698230444061 -132.974138526752 212.27505 79.68601 277.54460374186993 -9.06774849375317 -1.9709829 -3.0869915 0.06099171 277.5445786785652 -9.067788068374968 277.5670177514141 -9.040248911372124 43.97352938252822 151.71805302364618 16000.0 16600.0 2016.0 2 164 {-999.0 21.891615 19.064844 15.583044 -999.0} sdss_psfmag_ps1 20.47367 15.554599 13.894119 8.084 63050395541378010 1153929954 bright_1x1 mwm_galactic_core_dist_apogee_sparse mwm_galactic science 0 0 0.0 0.0 -999 ""
FIBERMAP 1192 R-11C4 BOSS 0 0 0 1 0 0 -118.86212805546937 -212.49182084395096 143.1 -204.39827830687486 -132.23588887737142 212.27505 79.68601 -999.0 -999.0 -999.0 -999.0 -999.0 277.54496395006083 -9.064668112569091 277.5673085609371 -9.036935838032555 43.97644499265848 151.71583050010432 -999.0 5400.0 -999.0 1 349 {-999.0 -999.0 -999.0 -999.0 -999.0} "" -999.0 -999.0 -999.0 -999.0 -999 -999 "" "" "" "" 0 0 0.0 0.0 -999 ""
FIBERMAP 1192 R-11C4 METROLOGY 0 0 0 1 0 0 -118.12489538606573 -212.58479429391173 143.1 -203.79015763703433 -132.6627335335245 212.27505 79.68601 -999.0 -999.0 -999.0 -999.0 -999.0 277.5477107514197 -9.066566530621158 277.5700835939903 -9.038881007402127 43.97355943058349 151.7134365531743 -999.0 6231.0 -999.0 -1 -999 {-999.0 -999.0 -999.0 -999.0 -999.0} "" -999.0 -999.0 -999.0 -999.0 -999 -999 "" "" "" "" 0 0 0.0 0.0 -999 ""
FIBERMAP 1194 R-7C9 APOGEE 1 1 0 1 0 0 -52.19683617211691 -138.25103085177028 143.1 -110.76839443784108 -97.78715956168043 227.3839 69.92465 277.97301661008754 -8.912026197663955 0.040681668 -3.3829134 0.6431671 277.97302299955834 -8.912032499404528 277.9949019134277 -8.883437881679088 43.94453288931421 151.0930779538427 16000.0 16600.0 2016.0 2 171 {-999.0 15.332719 14.505747 14.053282 -999.0} sdss_psfmag_from_g3xp 15.07804 14.446306 13.666581 12.372 63050395541612481 1034654499 bright_1x1 mwm_yso_disk_apogee_single mwm_yso science 0 0 0.0 0.0 -999 ""
FIBERMAP 1194 R-7C9 BOSS 0 0 0 1 0 0 -52.513583142581595 -137.57885409233836 143.1 -110.73408766941505 -97.04498416140592 227.3839 69.92465 -999.0 -999.0 -999.0 -999.0 -999.0 277.97323046746925 -8.908895050309352 277.9950132041568 -8.880108346904612 43.9475223440648 151.09103619769067 -999.0 5400.0 -999.0 1 388 {-999.0 -999.0 -999.0 -999.0 -999.0} "" -999.0 -999.0 -999.0 -999.0 -999 -999 "" "" "" "" 0 0 0.0 0.0 -999 ""
FIBERMAP 1194 R-7C9 METROLOGY 0 0 0 1 0 0 -51.77017322738535 -137.63771219273505 143.1 -110.1045577154359 -97.44456467054795 227.3839 69.92465 -999.0 -999.0 -999.0 -999.0 -999.0 277.97610169507254 -8.910664682001102 277.9979127657993 -8.881924308006303 43.944688501175094 151.08844742242638 -999.0 6231.0 -999.0 -1 -999 {-999.0 -999.0 -999.0 -999.0 -999.0} "" -999.0 -999.0 -999.0 -999.0 -999 -999 "" "" "" "" 0 0 0.0 0.0 -999 ""
FIBERMAP 1200 R+2C7 APOGEE 1 1 0 1 0 0 -140.92753930815087 25.446457328661566 143.1 -112.65910889679175 88.37695399923999 255.41733 105.2334 277.9675049755145 -8.065243249659584 -2.2321455 -4.295828 0.0069117257 277.9675308086136 -8.06527465238646 277.9872726487535 -8.03707228499728 44.718064688185095 150.61275492627098 16000.0 16600.0 2016.0 2 146 {-999.0 22.604708 18.685575 16.63347 -999.0} sdss_psfmag_ps1 19.925354 17.065535 15.53511 10.584 63050395541919213 1153933885 bright_1x1 mwm_galactic_core_dist_apogee_sparse mwm_galactic science 0 0 0.0 0.0 -999 ""
FIBERMAP 1200 R+2C7 BOSS 0 0 0 1 0 0 -141.6684607945043 25.408494369225508 143.1 -113.33170541679513 88.68979783732958 255.41733 105.2334 -999.0 -999.0 -999.0 -999.0 -999.0 277.96449811630106 -8.063999929896072 277.9841511668622 -8.035618744820631 44.720673971022684 150.6158567048821 -999.0 5400.0 -999.0 1 47 {-999.0 -999.0 -999.0 -999.0 -999.0} "" -999.0 -999.0 -999.0 -999.0 -999 -999 "" "" "" "" 0 0 0.0 0.0 -999 ""
FIBERMAP 1200 R+2C7 METROLOGY 0 0 0 1 0 0 -141.32778288535152 26.075458945063872 143.1 -112.71878416633353 89.12000639427497 255.41733 105.2334 -999.0 -999.0 -999.0 -999.0 -999.0 277.9673021097152 -8.062005082859422 277.98697363568397 -8.033670515898391 44.72128038289162 150.61113862133163 -999.0 6231.0 -999.0 -1 -999 {-999.0 -999.0 -999.0 -999.0 -999.0} "" -999.0 -999.0 -999.0 -999.0 -999 -999 "" "" "" "" 0 0 0.0 0.0 -999 ""
FIBERMAP 1203 R-3C1 APOGEE 1 1 0 1 0 0 -239.18355580512468 -70.5759859065162 143.1 -244.39318464756653 49.44630209739616 46.35796 12.878719 277.3663330078125 -8.240636763130652 -999.0 -999.0 -999.0 277.3663067039356 -8.240509268304 277.38671740260486 -8.213807915953264 44.80143899825537 151.47832715771892 16000.0 16600.0 2015.5 2 269 {-999.0 -999.0 -999.0 -999.0 -999.0} "" -999.0 -999.0 -999.0 -999.0 27021603148728237 848995559 "" ops_sky_apogee_good ops_sky sky_apogee 0 0 0.0 0.0 -999 ""
FIBERMAP 1203 R-3C1 BOSS 0 0 0 1 0 0 -239.5507093148449 -71.2078883959959 143.1 -245.0131135324974 49.05946034368302 46.35796 12.878719 -999.0 -999.0 -999.0 -999.0 -999.0 277.3635555673225 -8.242436135539808 277.38388794931024 -8.215553316126949 44.800979629362025 151.4829324119173 -999.0 5400.0 -999.0 1 496 {-999.0 -999.0 -999.0 -999.0 -999.0} "" -999.0 -999.0 -999.0 -999.0 -999 -999 "" "" "" "" 0 0 0.0 0.0 -999 ""
FIBERMAP 1203 R-3C1 METROLOGY 0 0 0 1 0 0 -239.92604994740827 -70.57440292760738 143.1 -245.0486825565125 49.79483303977039 46.35796 12.878719 -999.0 -999.0 -999.0 -999.0 -999.0 277.36340374538764 -8.23905511857451 277.38375149898224 -8.212227438069414 44.804074391635034 151.48120506338842 -999.0 6231.0 -999.0 -1 -999 {-999.0 -999.0 -999.0 -999.0 -999.0} "" -999.0 -999.0 -999.0 -999.0 -999 -999 "" "" "" "" 0 0 0.0 0.0 -999 ""
FIBERMAP 1207 R-4C13 APOGEE 0 0 0 1 0 0 36.194906224593545 -80.9693524265956 143.1 -5.864786366887517 -88.4849671823777 357.3648 107.051605 -999.0 -999.0 -999.0 -999.0 -999.0 278.45596488521124 -8.8718578186373 278.4775534911577 -8.84201290382573 43.78409181319836 150.467545888321 -999.0 16600.0 -999.0 2 -999 {-999.0 -999.0 -999.0 -999.0 -999.0} "" -999.0 -999.0 -999.0 -999.0 -999 -999 "" "" "" "" 0 0 0.0 0.0 -999 ""
FIBERMAP 1207 R-4C13 BOSS 1 1 0 1 0 0 36.39472036697331 -81.66509241917213 143.1 -6.013458094747394 -89.19329986260506 357.3648 107.051605 278.45542270263627 -8.875082004692374 -0.5491976 -1.2553407 0.5157216 278.4553584197469 -8.875315699100794 278.4768656046524 -8.845277513791425 43.78141338205545 150.47029722113362 5400.0 5400.0 2016.0 1 363 {-999.0 17.82944 16.647554 15.993573 -999.0} sdss_psfmag_ps1 17.378668 16.538502 15.51748 13.622 63050395541625406 981886165 "" ops_std_boss_tic ops_std standard_boss 0 0 0.0 0.0 -999 ""
FIBERMAP 1207 R-4C13 METROLOGY 0 0 0 1 0 0 35.667347833178795 -81.49693571306297 143.1 -6.577714312092276 -88.70461587503426 357.3648 107.051605 -999.0 -999.0 -999.0 -999.0 -999.0 278.4527384588105 -8.873022666023365 278.47426651394346 -8.84304719041934 43.78451520768623 150.4722307277773 -999.0 6231.0 -999.0 -1 -999 {-999.0 -999.0 -999.0 -999.0 -999.0} "" -999.0 -999.0 -999.0 -999.0 -999 -999 "" "" "" "" 0 0 0.0 0.0 -999 ""
FIBERMAP 1208 R-3C19 APOGEE 0 0 0 1 0 0 140.97613751504085 -70.1370071173368 143.1 91.80827550148189 -127.89848645768168 246.0436 119.92803 -999.0 -999.0 -999.0 -999.0 -999.0 278.90517224246895 -9.051368032781955 278.9270350397157 -9.020262042315027 43.434932566680914 150.01571902997833 -999.0 16600.0 -999.0 2 -999 {-999.0 -999.0 -999.0 -999.0 -999.0} "" -999.0 -999.0 -999.0 -999.0 -999 -999 "" "" "" "" 0 0 0.0 0.0 -999 ""
FIBERMAP 1208 R-3C19 BOSS 1 1 0 1 0 0 140.2581938203524 -70.24161896719222 143.1 91.12482764529834 -127.6552914614852 246.0436 119.92803 278.9021625175992 -9.050480409209582 3.3515267 -10.426265 -0.61451447 278.9021613436301 -9.050510233823122 278.9239303511666 -9.019217513834514 43.437182484493725 150.01892841472002 5400.0 5400.0 2016.0 1 289 {-999.0 15.682535 14.523858 13.876517 -999.0} sdss_psfmag_from_g3xp 15.242363 14.461811 13.477039 11.739 63050395541565892 1093188953 bright_3x1 mwm_astar_core_boss mwm_ob science 0 0 0.0 0.0 -999 ""
FIBERMAP 1208 R-3C19 METROLOGY 0 0 0 1 0 0 140.51891242052068 -69.54742489791967 143.1 91.67980889502087 -127.16363400020195 246.0436 119.92803 -999.0 -999.0 -999.0 -999.0 -999.0 278.90468785005265 -9.0482156254045 278.9264763640629 -9.016972596454707 43.43814414692034 150.01447909196338 -999.0 6231.0 -999.0 -1 -999 {-999.0 -999.0 -999.0 -999.0 -999.0} "" -999.0 -999.0 -999.0 -999.0 -999 -999 "" "" "" "" 0 0 0.0 0.0 -999 ""
FIBERMAP 1213 R+9C2 APOGEE 0 0 0 1 0 0 -185.7641777041581 164.2565850307968 143.1 -87.390340543316 232.02348012758364 264.87634 50.888153 -999.0 -999.0 -999.0 -999.0 -999.0 278.0875642138318 -7.416795081761772 278.1056271474015 -7.388561501868741 45.257412295264245 150.07727548739882 -999.0 16600.0 -999.0 2 -999 {-999.0 -999.0 -999.0 -999.0 -999.0} "" -999.0 -999.0 -999.0 -999.0 -999 -999 "" "" "" "" 0 0 0.0 0.0 -999 ""
FIBERMAP 1213 R+9C2 BOSS 1 1 0 1 0 0 -186.29929039556322 164.77834754153412 143.1 -87.6193536416534 232.73480566186686 264.87634 50.888153 278.08663557982555 -7.413785367357165 -0.14467938 -1.9206817 0.36492032 278.086623475663 -7.413774664492065 278.10459290032827 -7.385361601694114 45.26074568819627 150.0766730273508 5400.0 5400.0 2016.0 1 19 {-999.0 17.845722 16.771502 16.202528 15.736847} sdss_psfmag_from_ps1dr2 17.4708 16.7027 15.8299 14.307 63050395545543331 1040015230 "" ops_std_boss_ps1dr2 ops_std standard_boss 0 0 0.0 0.0 -999 ""
FIBERMAP 1213 R+9C2 METROLOGY 0 0 0 1 0 0 -185.57786617368438 164.979046098346 143.1 -86.88790700760175 232.57490767987795 264.87634 50.888153 -999.0 -999.0 -999.0 -999.0 -999.0 278.089930084008 -7.414440598286107 278.10792438579455 -7.386070504723839 45.25870580433761 150.07284596556931 -999.0 6231.0 -999.0 -1 -999 {-999.0 -999.0 -999.0 -999.0 -999.0} "" -999.0 -999.0 -999.0 -999.0 -999 -999 "" "" "" "" 0 0 0.0 0.0 -999 ""
FIBERMAP 1215 R-1C15 APOGEE 0 0 0 1 0 0 37.14028034939129 -10.1848254045462 143.1 28.064040085130873 -26.36551962836678 39.529743 142.36848 -999.0 -999.0 -999.0 -999.0 -999.0 278.61301871403106 -8.589420388640889 278.6338333674702 -8.55929054551695 43.97532173922972 150.10782815598444 -999.0 16600.0 -999.0 2 -999 {-999.0 -999.0 -999.0 -999.0 -999.0} "" -999.0 -999.0 -999.0 -999.0 -999 -999 "" "" "" "" 0 0 0.0 0.0 -999 ""
FIBERMAP 1215 R-1C15 BOSS 1 1 0 1 0 0 37.88077038109351 -10.143298602091642 143.1 28.737921445604105 -26.675011923762263 39.529743 142.36848 278.6162204411309 -8.591036221798989 1.7642698 -2.4542763 0.8301446 278.6162266961592 -8.591044206848116 278.6369535244774 -8.560713631845017 43.97272515385709 150.10478296421633 5400.0 5400.0 2016.0 1 272 {-999.0 18.720762 16.842474 15.911714 -999.0} sdss_psfmag_ps1 17.836212 16.481842 15.35571 12.732 63050395541635531 916945258 bright_6x1 mwm_yso_disk_boss mwm_yso science 0 0 0.0 0.0 -999 ""
FIBERMAP 1215 R-1C15 METROLOGY 0 0 0 1 0 0 37.54832159982075 -10.809456750589424 143.1 28.132650360443645 -27.10835502962409 39.529743 142.36848 -999.0 -999.0 -999.0 -999.0 -999.0 278.6134046611127 -8.592955533310692 278.6341631108641 -8.562685791624874 43.97210826351773 150.10941710366092 -999.0 6231.0 -999.0 -1 -999 {-999.0 -999.0 -999.0 -999.0 -999.0} "" -999.0 -999.0 -999.0 -999.0 -999 -999 "" "" "" "" 0 0 0.0 0.0 -999 ""
FIBERMAP 1222 R+1C10 APOGEE 0 0 0 1 0 0 -99.64750546803424 16.869943829624003 143.1 -80.18431375448705 61.497484239327996 247.74582 39.191162 -999.0 -999.0 -999.0 -999.0 -999.0 278.1159217486826 -8.187821485946367 278.13591630771003 -8.15917551275033 44.54566911994468 150.4964912945657 -999.0 16600.0 -999.0 2 -999 {-999.0 -999.0 -999.0 -999.0 -999.0} "" -999.0 -999.0 -999.0 -999.0 -999 -999 "" "" "" "" 0 0 0.0 0.0 -999 ""
FIBERMAP 1222 R+1C10 BOSS 1 1 0 1 0 0 -99.88685062951643 17.58558727749868 143.1 -80.06127540446128 62.24188976922212 247.74582 39.191162 278.11655561415876 -8.184599498534999 0.68930894 -0.5238392 0.5337223 278.11654989657586 -8.184594421266063 278.1364484522796 -8.155759926103247 44.54855104767358 150.49381488549582 5400.0 5400.0 2016.0 1 30 {-999.0 18.313236 16.951132 16.316662 -999.0} sdss_psfmag_ps1 17.793404 16.81661 15.844321 14.044 63050395541847981 981886320 "" ops_std_boss_tic ops_std standard_boss 0 0 0.0 0.0 -999 ""
FIBERMAP 1222 R+1C10 METROLOGY 0 0 0 1 0 0 -99.15349488966854 17.429064146706633 143.1 -79.4862921102755 61.760690598392145 247.74582 39.191162 -999.0 -999.0 -999.0 -999.0 -999.0 278.11916450437536 -8.18674310636797 278.13909230219105 -8.157954148403295 44.545463129569455 150.4917677077648 -999.0 6231.0 -999.0 -1 -999 {-999.0 -999.0 -999.0 -999.0 -999.0} "" -999.0 -999.0 -999.0 -999.0 -999 -999 "" "" "" "" 0 0 0.0 0.0 -999 ""
FIBERMAP 1226 R+8C2 APOGEE 0 0 0 1 0 0 -159.55850538721228 148.73574145620344 143.1 -71.48532844407173 206.05399460625995 40.298157 44.07978 -999.0 -999.0 -999.0 -999.0 -999.0 278.1593262700977 -7.533274570898506 278.177655499177 -7.504802192349383 45.12186926607655 150.05525148826803 -999.0 16600.0 -999.0 2 -999 {-999.0 -999.0 -999.0 -999.0 -999.0} "" -999.0 -999.0 -999.0 -999.0 -999 -999 "" "" "" "" 0 0 0.0 0.0 -999 ""
FIBERMAP 1226 R+8C2 BOSS 1 1 0 1 0 0 -159.61829399848148 147.99384652829767 143.1 -71.8850230769763 205.42623867594207 40.298157 44.07978 278.15758367264016 -7.536233966418271 -0.44690016 -2.3381405 0.3030423 278.15755371521647 -7.536240341852374 278.1758042950555 -7.507587193009568 45.12012311117423 150.0592788694816 5400.0 5400.0 2016.0 1 69 {-999.0 17.486572 15.9004 15.021837 -999.0} sdss_psfmag_ps1 16.751871 15.560984 14.43178 12.154 63050395542046242 1093371380 bright_3x1 mwm_astar_core_boss mwm_ob science 0 0 0.0 0.0 -999 ""
FIBERMAP 1226 R+8C2 METROLOGY 0 0 0 1 0 0 -160.22943580222525 148.40937608009514 143.1 -72.23089909872157 206.07921765454114 40.298157 44.07978 -999.0 -999.0 -999.0 -999.0 -999.0 278.1559706455602 -7.533260632360739 278.1742389203442 -7.504665127023793 45.12342741996041 150.05951852610045 -999.0 6231.0 -999.0 -1 -999 {-999.0 -999.0 -999.0 -999.0 -999.0} "" -999.0 -999.0 -999.0 -999.0 -999 -999 "" "" "" "" 0 0 0.0 0.0 -999 ""
FIBERMAP 1229 R-10C17 APOGEE 1 1 0 1 0 0 167.56434816503528 -185.14666682877493 143.1 61.53824109099 -241.97793512357055 153.71964 105.591354 278.7638589810954 -9.565501586283032 -3.1907096 -0.7882086 -0.23436113 278.7638225566701 -9.565525126659445 278.7870398531351 -9.534554180687902 43.027274673796974 150.48599385257 16000.0 16600.0 2016.0 2 188 {-999.0 23.544529 21.623894 19.13382 -999.0} sdss_psfmag_gaia 21.501797 19.858719 17.977982 10.865 63050395540389479 1154738379 bright_1x1 mwm_galactic_core_dist_apogee_sparse mwm_galactic science 0 0 0.0 0.0 -999 ""
FIBERMAP 1229 R-10C17 BOSS 0 0 0 1 0 0 167.70675387676715 -184.4324190976043 143.1 61.998029473074915 -241.41323985019883 153.71964 105.591354 -999.0 -999.0 -999.0 -999.0 -999.0 278.7660432445034 -9.563217792805448 278.78916069112 -9.532043707988667 43.028674290586046 150.4819547788238 -999.0 5400.0 -999.0 1 329 {-999.0 -999.0 -999.0 -999.0 -999.0} "" -999.0 -999.0 -999.0 -999.0 -999 -999 "" "" "" "" 0 0 0.0 0.0 -999 ""
FIBERMAP 1229 R-10C17 METROLOGY 0 0 0 1 0 0 168.27053739668642 -184.9103022023269 143.1 62.27289724501152 -242.09918770954044 153.71964 105.591354 -999.0 -999.0 -999.0 -999.0 -999.0 278.76726090932135 -9.566220614101015 278.7904118293023 -9.535098141141837 43.02538411654981 150.48217839732678 -999.0 6231.0 -999.0 -1 -999 {-999.0 -999.0 -999.0 -999.0 -999.0} "" -999.0 -999.0 -999.0 -999.0 -999 -999 "" "" "" "" 0 0 0.0 0.0 -999 ""
FIBERMAP 1232 R-4C22 APOGEE 0 0 0 1 0 0 225.08999998497927 -90.1111371802832 143.1 156.81222905662224 -184.87723140114574 270.61673 122.52983 -999.0 -999.0 -999.0 -999.0 -999.0 279.2017324290046 -9.307817454095087 279.22412126231717 -9.275815239215325 43.07859964013004 149.80139662634903 -999.0 16600.0 -999.0 2 -999 {-999.0 -999.0 -999.0 -999.0 -999.0} "" -999.0 -999.0 -999.0 -999.0 -999 -999 "" "" "" "" 0 0 0.0 0.0 -999 ""
FIBERMAP 1232 R-4C22 BOSS 1 1 0 1 0 0 224.4793650489711 -90.52754968406873 143.1 156.07785035128077 -184.95978405484067 270.61673 122.52983 279.1982112016353 -9.308409180867631 -2.6929355 -2.6701052 0.45915267 279.1984890114979 -9.308425832806561 279.2207859581022 -9.276234695057632 43.07963126931566 149.805714564946 5400.0 5400.0 2016.0 1 322 {-999.0 14.531708 13.626448 13.144243 -999.0} sdss_psfmag_from_g3xp 14.237465 13.5587 12.740893 11.192 63050395540421445 1093189026 bright_3x1 mwm_astar_core_boss mwm_ob science 0 0 0.9837153553962708 0.0 -999 ""
FIBERMAP 1232 R-4C22 METROLOGY 0 0 0 1 0 0 224.4193761096227 -89.78414238168003 143.1 156.37238915776538 -184.27469288236608 270.61673 122.52983 -999.0 -999.0 -999.0 -999.0 -999.0 279.199824549282 -9.305276618277702 279.22213986741104 -9.273139311653933 43.08185542216166 149.8022455071205 -999.0 6231.0 -999.0 -1 -999 {-999.0 -999.0 -999.0 -999.0 -999.0} "" -999.0 -999.0 -999.0 -999.0 -999 -999 "" "" "" "" 0 0 0.0 0.0 -999 ""
FIBERMAP 1240 R+7C16 APOGEE 1 1 0 1 0 0 130.42236035587064 147.0587333693326 143.1 184.02418387755094 68.99956179931885 59.89044 114.97657 279.3287658691406 -8.157018426340272 -999.0 -999.0 -999.0 279.3287735801269 -8.156997169529589 279.34821954942834 -8.125183604505683 44.06248882487095 148.96071292256042 16000.0 16600.0 2015.5 2 66 {-999.0 -999.0 -999.0 -999.0 -999.0} "" -999.0 -999.0 -999.0 -999.0 27021603148725935 848995087 "" ops_sky_apogee_good ops_sky sky_apogee 0 0 0.0 0.0 -999 ""
FIBERMAP 1240 R+7C16 BOSS 0 0 0 1 0 0 131.15831337295384 146.99184335744076 143.1 184.6433681173628 68.5963687114938 59.89044 114.97657 -999.0 -999.0 -999.0 -999.0 -999.0 279.33173857644135 -8.159006974101338 279.35109510792 -8.126995164015288 44.05961344275859 148.9582558396309 -999.0 5400.0 -999.0 1 201 {-999.0 -999.0 -999.0 -999.0 -999.0} "" -999.0 -999.0 -999.0 -999.0 -999 -999 "" "" "" "" 0 0 0.0 0.0 -999 ""
FIBERMAP 1240 R+7C16 METROLOGY 0 0 0 1 0 0 130.74464672670624 146.37909897920184 143.1 183.9912863912573 68.24820533954754 59.89044 114.97657 -999.0 -999.0 -999.0 -999.0 -999.0 279.3287368081067 -8.160526649606345 279.3481247864677 -8.128575748723971 44.05948039985459 148.96289769169087 -999.0 6231.0 -999.0 -1 -999 {-999.0 -999.0 -999.0 -999.0 -999.0} "" -999.0 -999.0 -999.0 -999.0 -999 -999 "" "" "" "" 0 0 0.0 0.0 -999 ""
FIBERMAP 1241 R+7C13 APOGEE 1 1 0 1 0 0 65.45184140938827 150.19093961929596 143.1 128.06571698024442 102.14300141440394 87.664604 82.04486 279.072979994441 -8.0057124751076 0.51786464 -3.6348515 0.31656873 279.07299050845296 -8.005749559973276 279.0921575936854 -7.974673866781263 44.30856508423953 149.18721903235323 16000.0 16600.0 2016.0 2 48 {-999.0 19.752941 17.15602 14.760317 -999.0} sdss_psfmag_ps1 18.38744 15.273819 13.663306 8.335 63050395541768294 1153932497 bright_1x1 mwm_galactic_core_dist_apogee_sparse mwm_galactic science 0 0 0.0 0.0 -999 ""
FIBERMAP 1241 R+7C13 BOSS 0 0 0 1 0 0 66.18628849967305 150.0605272237189 143.1 128.65387216781141 101.68436944351997 87.664604 82.04486 -999.0 -999.0 -999.0 -999.0 -999.0 279.07582123109154 -8.007993380457828 279.0949010096216 -7.976721002969369 44.3055400254049 149.18504461759412 -999.0 5400.0 -999.0 1 150 {-999.0 -999.0 -999.0 -999.0 -999.0} "" -999.0 -999.0 -999.0 -999.0 -999 -999 "" "" "" "" 0 0 0.0 0.0 -999 ""
FIBERMAP 1241 R+7C13 METROLOGY 0 0 0 1 0 0 65.70640419212117 149.4867964941718 143.1 127.96150505420795 101.40164564253901 87.664604 82.04486 -999.0 -999.0 -999.0 -999.0 -999.0 279.0726210616298 -8.009217442061379 279.091731194764 -7.978006260746688 44.30574802190049 149.1897757056578 -999.0 6231.0 -999.0 -1 -999 {-999.0 -999.0 -999.0 -999.0 -999.0} "" -999.0 -999.0 -999.0 -999.0 -999 -999 "" "" "" "" 0 0 0.0 0.0 -999 ""
FIBERMAP 1251 R+6C7 APOGEE 1 1 0 1 0 0 -101.94626839488576 102.56114275629646 143.1 -42.15356299130605 138.30858664296107 266.43317 73.91559 278.292079682821 -7.839277183117632 -0.93155533 -4.635136 0.08846918 278.29208105559115 -7.839317202410917 278.3111304740318 -7.810362795527806 44.789039874596696 150.06873672140736 16000.0 16600.0 2016.0 2 100 {-999.0 23.263103 19.49969 16.21088 -999.0} sdss_psfmag_ps1 20.883297 16.161648 14.499455 8.489 63050395542012160 1153934483 bright_1x1 mwm_galactic_core_dist_apogee_sparse mwm_galactic science 0 0 0.0 0.0 -999 ""
FIBERMAP 1251 R+6C7 BOSS 0 0 0 1 0 0 -102.64018421927642 102.82759440663348 143.1 -42.642294208323776 138.8685048442645 266.43317 73.91559 -999.0 -999.0 -999.0 -999.0 -999.0 278.2899194253899 -7.836907296642645 278.308875730357 -7.8077733932451965 44.79233161820822 150.0700430203838 -999.0 5400.0 -999.0 1 66 {-999.0 -999.0 -999.0 -999.0 -999.0} "" -999.0 -999.0 -999.0 -999.0 -999 -999 "" "" "" "" 0 0 0.0 0.0 -999 ""
FIBERMAP 1251 R+6C7 METROLOGY 0 0 0 1 0 0 -102.03147437841619 103.31246837193726 143.1 -41.87760976372701 139.01246575809802 266.43317 73.91559 -999.0 -999.0 -999.0 -999.0 -999.0 278.29340989798044 -7.836219337181782 278.3123880363958 -7.807129355398986 44.791441350861255 150.065216790308 -999.0 6231.0 -999.0 -1 -999 {-999.0 -999.0 -999.0 -999.0 -999.0} "" -999.0 -999.0 -999.0 -999.0 -999 -999 "" "" "" "" 0 0 0.0 0.0 -999 ""
FIBERMAP 1252 R+13C7 APOGEE 1 1 0 1 0 0 -19.054083545234107 248.3174876896969 143.1 99.25317067878402 228.3784310859439 153.66133 157.8688 278.93988687398934 -7.435515695047939 -1.3040986 -4.815512 1.3050568 278.9398726900087 -7.435544357484652 278.9576611438841 -7.405068600261757 44.879323542239604 149.0071034028235 16000.0 16600.0 2016.0 2 46 {-999.0 12.91192 12.326805 12.027431 -999.0} sdss_psfmag_from_g3xp 12.764237 12.3046875 11.665845 10.596 63050395605600347 1105490427 bright_flexible_2x1 mwm_tess_rgb_apogee mwm_tessrgb science 0 0 0.0 0.0 -999 ""
FIBERMAP 1252 R+13C7 BOSS 0 0 0 1 0 0 -19.569067350576923 248.8485478162566 143.1 99.0462949110597 229.08856344048257 153.66133 157.8688 -999.0 -999.0 -999.0 -999.0 -999.0 278.939017061681 -7.43252346430989 278.95670803970216 -7.4018669129661365 44.8826165894117 149.00633045357029 -999.0 5400.0 -999.0 1 167 {-999.0 -999.0 -999.0 -999.0 -999.0} "" -999.0 -999.0 -999.0 -999.0 -999 -999 "" "" "" "" 0 0 0.0 0.0 -999 ""
FIBERMAP 1252 R+13C7 METROLOGY 0 0 0 1 0 0 -18.84532899960576 249.03218048525335 143.1 99.77180817310774 228.91250022419797 153.66133 157.8688 -999.0 -999.0 -999.0 -999.0 -999.0 278.94229813014437 -7.433286030682719 278.9600153247198 -7.40267278772977 44.88045945450499 149.00266303673536 -999.0 6231.0 -999.0 -1 -999 {-999.0 -999.0 -999.0 -999.0 -999.0} "" -999.0 -999.0 -999.0 -999.0 -999 -999 "" "" "" "" 0 0 0.0 0.0 -999 ""
FIBERMAP 1254 R+2C6 APOGEE 0 0 0 1 0 0 -144.80339556201255 50.78878970353691 143.1 -104.2366224368422 112.58729224561264 74.61609 84.31581 -999.0 -999.0 -999.0 -999.0 -999.0 278.00676843736153 -7.955453729100965 278.0262184690038 -7.927196768665348 44.801812511401536 150.49880701032177 -999.0 16600.0 -999.0 2 -999 {-999.0 -999.0 -999.0 -999.0 -999.0} "" -999.0 -999.0 -999.0 -999.0 -999 -999 "" "" "" "" 0 0 0.0 0.0 -999 ""
FIBERMAP 1254 R+2C6 BOSS 1 1 0 1 0 0 -144.12758043428946 50.54464191855211 143.1 -103.75346161052148 112.05554931326371 74.61609 84.31581 278.00903320312494 -7.958053236348647 -999.0 -999.0 -999.0 278.00901447385894 -7.958013874180111 278.0283833540267 -7.929563198064858 44.79876636844596 150.49745630746247 5400.0 5400.0 2015.5 1 48 {-999.0 -999.0 -999.0 -999.0 -999.0} "" -999.0 -999.0 -999.0 -999.0 27021603148730273 852784880 "" ops_sky_boss_fallback ops_sky sky_boss 0 0 0.0 0.0 -999 ""
FIBERMAP 1254 R+2C6 METROLOGY 0 0 0 1 0 0 -144.6805654526704 50.05287208263712 143.1 -104.47211879792495 111.87944108388696 74.61609 84.31581 -999.0 -999.0 -999.0 -999.0 -999.0 278.00570017205615 -7.958762767363859 278.02509678893404 -7.930373365275314 44.799391277796325 150.5021009020036 -999.0 6231.0 -999.0 -1 -999 {-999.0 -999.0 -999.0 -999.0 -999.0} "" -999.0 -999.0 -999.0 -999.0 -999 -999 "" "" "" "" 0 0 0.0 0.0 -999 ""
FIBERMAP 1256 R-7C15 APOGEE 0 0 0 1 0 0 90.86898765146447 -129.14394464932178 143.1 19.935111815722685 -156.6243773320653 135.6565 126.609024 -999.0 -999.0 -999.0 -999.0 -999.0 278.57401261787436 -9.181319951486124 278.59633575605704 -9.151024290322733 43.45436748094818 150.49946879818785 -999.0 16600.0 -999.0 2 -999 {-999.0 -999.0 -999.0 -999.0 -999.0} "" -999.0 -999.0 -999.0 -999.0 -999 -999 "" "" "" "" 0 0 0.0 0.0 -999 ""
FIBERMAP 1256 R-7C15 BOSS 1 1 0 1 0 0 91.03010748121574 -128.3203183367798 143.1 20.462577102686478 -155.97175932694563 135.6565 126.609024 278.57657626010547 -9.178580401448146 0.023253351 -3.2427924 0.81855667 278.57654844779336 -9.178623923750322 278.5987722634859 -9.14812733395364 43.45598831055571 150.49478671464047 5400.0 5400.0 2016.0 1 317 {-999.0 18.244505 16.7011 15.869364 -999.0} sdss_psfmag_ps1 17.571642 16.445942 15.39318 13.037 63050395541541522 917200038 bright_6x1 mwm_yso_pms_boss_sagitta_edr3 mwm_yso science 0 0 0.0 0.0 -999 ""
FIBERMAP 1256 R-7C15 METROLOGY 0 0 0 1 0 0 91.55466272314115 -128.849815975791 143.1 20.678642881590083 -156.68498556029965 135.6565 126.609024 -999.0 -999.0 -999.0 -999.0 -999.0 278.57750678440726 -9.181786670877573 278.5997641285585 -9.15134150509692 43.45265982107155 150.4954194529224 -999.0 6231.0 -999.0 -1 -999 {-999.0 -999.0 -999.0 -999.0 -999.0} "" -999.0 -999.0 -999.0 -999.0 -999 -999 "" "" "" "" 0 0 0.0 0.0 -999 ""
FIBERMAP 1260 R+1C4 APOGEE 0 0 0 1 0 0 -229.10489178874033 12.651505053669172 143.1 -196.57473889802415 118.29319623931329 232.74301 81.32891 -999.0 -999.0 -999.0 -999.0 -999.0 277.5856703855999 -7.929283984426954 277.6052123639507 -7.902143598790558 44.99754050901994 151.01982387767842 -999.0 16600.0 -999.0 2 -999 {-999.0 -999.0 -999.0 -999.0 -999.0} "" -999.0 -999.0 -999.0 -999.0 -999 -999 "" "" "" "" 0 0 0.0 0.0 -999 ""
FIBERMAP 1260 R+1C4 BOSS 1 1 0 1 0 0 -229.64071283245897 13.167282342059176 143.1 -196.8071762779995 118.99956302929161 232.74301 81.32891 277.5846862792969 -7.926274908093163 -999.0 -999.0 -999.0 277.584700278338 -7.9262592850967195 277.60415023156446 -7.898936754014751 45.00089624854952 151.019314617469 5400.0 5400.0 2015.5 1 62 {-999.0 -999.0 -999.0 -999.0 -999.0} "" -999.0 -999.0 -999.0 -999.0 27021603148728847 852784595 "" ops_sky_boss_fallback ops_sky sky_boss 0 0 0.0 0.0 -999 ""
FIBERMAP 1260 R+1C4 METROLOGY 0 0 0 1 0 0 -228.9230322660832 13.375099618692095 143.1 -196.075710242444 118.84770701842352 232.74301 81.32891 -999.0 -999.0 -999.0 -999.0 -999.0 277.58799609023504 -7.926896146352141 277.60747042860106 -7.899617395724314 44.99892306307992 151.0154713672106 -999.0 6231.0 -999.0 -1 -999 {-999.0 -999.0 -999.0 -999.0 -999.0} "" -999.0 -999.0 -999.0 -999.0 -999 -999 "" "" "" "" 0 0 0.0 0.0 -999 ""
FIBERMAP 1265 R+5C6 APOGEE 0 0 0 1 0 0 -116.95026630658127 106.70125066790666 143.1 -53.47894527466054 148.98242407520246 47.487877 123.16825 -999.0 -999.0 -999.0 -999.0 -999.0 278.2403399091381 -7.790877474436373 278.25928699895456 -7.762080048265943 44.85452468192359 150.10553797062215 -999.0 16600.0 -999.0 2 -999 {-999.0 -999.0 -999.0 -999.0 -999.0} "" -999.0 -999.0 -999.0 -999.0 -999 -999 "" "" "" "" 0 0 0.0 0.0 -999 ""
FIBERMAP 1265 R+5C6 BOSS 1 1 0 1 0 0 -116.223888389615 106.64067020856865 143.1 -52.86527393719656 148.58928411768412 47.487877 123.16825 278.24323000721046 -7.792798572111686 -0.8042791 -3.0413477 0.32277012 278.2432136288215 -7.792793978486888 278.26207687587976 -7.763802289095008 44.85179482300278 150.10303225866136 5400.0 5400.0 2016.0 1 50 {-999.0 16.196768 14.542941 13.601768 -999.0} sdss_psfmag_from_g3xp 15.458257 14.1853695 13.070537 10.833 63050395542014887 1093181744 bright_3x1 mwm_astar_core_boss mwm_ob science 0 0 0.0 0.0 -999 ""
FIBERMAP 1265 R+5C6 METROLOGY 0 0 0 1 0 0 -116.63173981763346 106.02656343937008 143.1 -53.51285295062366 148.2371978862166 47.487877 123.16825 -999.0 -999.0 -999.0 -999.0 -999.0 278.24021521481063 -7.79434045784078 278.2591083173374 -7.765408627790539 44.851583380448766 150.10775020041612 -999.0 6231.0 -999.0 -1 -999 {-999.0 -999.0 -999.0 -999.0 -999.0} "" -999.0 -999.0 -999.0 -999.0 -999 -999 "" "" "" "" 0 0 0.0 0.0 -999 ""
FIBERMAP 1266 R-1C23 APOGEE 0 0 0 1 0 0 202.67416170284875 -16.15176929485612 143.1 171.57804028304412 -109.02990143975146 139.3226 137.20367 -999.0 -999.0 -999.0 -999.0 -999.0 279.2711022515228 -8.96513953883217 279.2926004620082 -8.933112374071673 43.3588820371337 149.51533060608452 -999.0 16600.0 -999.0 2 -999 {-999.0 -999.0 -999.0 -999.0 -999.0} "" -999.0 -999.0 -999.0 -999.0 -999 -999 "" "" "" "" 0 0 0.0 0.0 -999 ""
FIBERMAP 1266 R-1C23 BOSS 1 1 0 1 0 0 202.57042048167412 -15.407282871019545 143.1 171.8344140586785 -108.3234013826482 139.3226 137.20367 279.2724609375 -8.962156194849584 -999.0 -999.0 -999.0 279.2724225470674 -8.962157944807375 279.2938182652631 -8.929933789409057 43.36122943343212 149.5119502105803 5400.0 5400.0 2015.5 1 312 {-999.0 -999.0 -999.0 -999.0 -999.0} "" -999.0 -999.0 -999.0 -999.0 27021603148712472 852780832 "" ops_sky_boss_fallback ops_sky sky_boss 0 0 0.0 0.0 -999 ""
FIBERMAP 1266 R-1C23 METROLOGY 0 0 0 1 0 0 203.2679438627066 -15.700011918440014 143.1 172.31404849550202 -108.90823092387289 139.3226 137.20367 -999.0 -999.0 -999.0 -999.0 -999.0 279.2745661582403 -8.964738294531495 279.29599425543404 -8.932562550350353 43.3579301072312 149.51084504892125 -999.0 6231.0 -999.0 -1 -999 {-999.0 -999.0 -999.0 -999.0 -999.0} "" -999.0 -999.0 -999.0 -999.0 -999 -999 "" "" "" "" 0 0 0.0 0.0 -999 ""
FIBERMAP 1270 R+5C12 APOGEE 1 1 0 1 0 0 7.744619642349852 86.23649996870301 143.1 47.162325171784325 72.59755965519273 236.46396 133.15878 278.7017750397238 -8.13882194105707 0.038471863 -0.9005404 0.45225805 278.7017849757988 -8.138848712399959 278.7214308453208 -8.108687319561819 44.346082698180645 149.73096585979943 16000.0 16600.0 2016.0 2 8 {-999.0 12.264617 11.392372 10.919835 -999.0} sdss_psfmag_from_g3xp 11.980591 11.328712 10.531416 9.293 63050395541958167 975042485 "" ops_std_apogee ops_std standard_apogee 0 0 0.0 0.0 -999 ""
FIBERMAP 1270 R+5C12 BOSS 0 0 0 1 0 0 7.010269794471764 86.12706884925711 143.1 46.462123967362 72.84416546711367 236.46396 133.15878 -999.0 -999.0 -999.0 -999.0 -999.0 278.69868074837535 -8.137869906843415 278.71823508505116 -8.107528418980046 44.348484499049434 149.7342703237322 -999.0 5400.0 -999.0 1 116 {-999.0 -999.0 -999.0 -999.0 -999.0} "" -999.0 -999.0 -999.0 -999.0 -999 -999 "" "" "" "" 0 0 0.0 0.0 -999 ""
FIBERMAP 1270 R+5C12 METROLOGY 0 0 0 1 0 0 7.27848291940373 86.81415529193247 143.1 47.02040612958453 73.32603715035243 236.46396 133.15878 -999.0 -999.0 -999.0 -999.0 -999.0 278.70122093242065 -8.135637707897988 278.72079424783624 -8.105344025056619 44.34937390222209 149.7297606572479 -999.0 6231.0 -999.0 -1 -999 {-999.0 -999.0 -999.0 -999.0 -999.0} "" -999.0 -999.0 -999.0 -999.0 -999 -999 "" "" "" "" 0 0 0.0 0.0 -999 ""
FIBERMAP 1271 R-4C14 APOGEE 0 0 0 1 0 0 38.72166007955718 -63.359456200331785 143.1 4.601434762914855 -74.10213848380725 130.55669 98.20325 -999.0 -999.0 -999.0 -999.0 -999.0 278.50436497019564 -8.80655652707245 278.52576974723826 -8.77661405355924 43.823425845851 150.36956872499985 -999.0 16600.0 -999.0 2 -999 {-999.0 -999.0 -999.0 -999.0 -999.0} "" -999.0 -999.0 -999.0 -999.0 -999 -999 "" "" "" "" 0 0 0.0 0.0 -999 ""
FIBERMAP 1271 R-4C14 BOSS 1 1 0 1 0 0 39.2050737733159 -62.79956539340213 143.1 5.290450791793341 -73.83329687360175 130.55669 98.20325 278.50767653504477 -8.805559674172732 -0.4421364 -1.6400473 0.38112238 278.5076363345125 -8.805573310749365 278.52894682926006 -8.775429801220662 43.823179287070246 150.36493002719075 5400.0 5400.0 2016.0 1 324 {-999.0 18.716757 17.209665 16.390474 15.699903} sdss_psfmag_from_ps1dr2 18.112 17.0716 16.0493 14.164 63050395541626867 1040011764 "" ops_std_boss_ps1dr2 ops_std standard_boss 0 0 0.0 0.0 -999 ""
FIBERMAP 1271 R-4C14 METROLOGY 0 0 0 1 0 0 39.45427582522652 -63.500651631239336 143.1 5.182930055509016 -74.56944462321742 130.55669 98.20325 -999.0 -999.0 -999.0 -999.0 -999.0 278.50710624138725 -8.80886013146417 278.5284508853834 -8.778771176415132 43.820354201336905 150.36749466854553 -999.0 6231.0 -999.0 -1 -999 {-999.0 -999.0 -999.0 -999.0 -999.0} "" -999.0 -999.0 -999.0 -999.0 -999 -999 "" "" "" "" 0 0 0.0 0.0 -999 ""
FIBERMAP 1272 R+1C9 APOGEE 1 1 0 1 0 0 -120.17736612360406 18.829196828115748 143.1 -97.41321096948461 72.82727725011016 224.48712 65.70417 278.0370562422897 -8.136092700527536 -0.29037434 -5.779785 0.4194529 278.03706043177885 -8.13609030665315 278.0569545417789 -8.107674194527318 44.62512251004347 150.56598603733164 16000.0 16600.0 2016.0 2 147 {-999.0 27.961126 21.544836 18.59776 -999.0} sdss_psfmag_ps1 21.789597 18.441397 16.782803 10.775 63050395541848758 1153933069 bright_1x1 mwm_galactic_core_dist_apogee_sparse mwm_galactic science 0 0 0.0 0.0 -999 ""
FIBERMAP 1272 R+1C9 BOSS 0 0 0 1 0 0 -120.43582753281692 19.533847973071218 143.1 -97.31220725315995 73.57090471581586 224.48712 65.70417 -999.0 -999.0 -999.0 -999.0 -999.0 278.0375839344581 -8.132865872758371 278.0573825392794 -8.104261939258201 44.62804641642318 150.56344372550495 -999.0 5400.0 -999.0 1 45 {-999.0 -999.0 -999.0 -999.0 -999.0} "" -999.0 -999.0 -999.0 -999.0 -999 -999 "" "" "" "" 0 0 0.0 0.0 -999 ""
FIBERMAP 1272 R+1C9 METROLOGY 0 0 0 1 0 0 -119.69218723997096 19.408391978359006 143.1 -96.71360962176125 73.11235533820175 224.48712 65.70417 -999.0 -999.0 -999.0 -999.0 -999.0 278.04030395072135 -8.134910198498076 278.0601313708876 -8.10635145218564 44.6250116505059 150.56119465574878 -999.0 6231.0 -999.0 -1 -999 {-999.0 -999.0 -999.0 -999.0 -999.0} "" -999.0 -999.0 -999.0 -999.0 -999 -999 "" "" "" "" 0 0 0.0 0.0 -999 ""
FIBERMAP 1276 R-2C3 APOGEE 1 1 0 1 0 0 -215.66565877479061 -48.965999244422086 143.1 -213.5042511010307 57.550719953843554 311.0065 117.31454 277.5063791856667 -8.204189070118002 -0.54621196 -4.1163306 0.16595042 277.506427826823 -8.204168365874597 277.5266941577309 -8.17711512035763 44.77857356790157 151.27896211387005 16000.0 16600.0 2016.0 2 257 {-999.0 23.1627 19.071304 16.962923 -999.0} sdss_psfmag_ps1 20.319891 17.276041 15.616405 10.836 63050395541894051 1153933646 bright_1x1 mwm_galactic_core_dist_apogee_sparse mwm_galactic science 0 0 0.0 0.0 -999 ""
FIBERMAP 1276 R-2C3 BOSS 0 0 0 1 0 0 -215.91359870705554 -49.66656472215164 143.1 -214.0509169606859 57.04745695588409 311.0065 117.31454 -999.0 -999.0 -999.0 -999.0 -999.0 277.5039748441859 -8.20662042759797 277.5241634818104 -8.179384780458673 44.777524142940074 151.2834887928043 -999.0 5400.0 -999.0 1 475 {-999.0 -999.0 -999.0 -999.0 -999.0} "" -999.0 -999.0 -999.0 -999.0 -999 -999 "" "" "" "" 0 0 0.0 0.0 -999 ""
FIBERMAP 1276 R-2C3 METROLOGY 0 0 0 1 0 0 -216.40240847338276 -49.08893520354307 143.1 -214.21288716432778 57.78651177588472 311.0065 117.31454 -999.0 -999.0 -999.0 -999.0 -999.0 277.5032500915568 -8.20321811170518 277.5234544379313 -8.176039094749283 44.78086489836706 151.28246750194705 -999.0 6231.0 -999.0 -1 -999 {-999.0 -999.0 -999.0 -999.0 -999.0} "" -999.0 -999.0 -999.0 -999.0 -999 -999 "" "" "" "" 0 0 0.0 0.0 -999 ""
FIBERMAP 1281 R+5C7 APOGEE 1 1 0 1 0 0 -105.07638672558384 75.61750349401979 143.1 -57.516779338282944 115.95840930595715 328.37958 29.314737 278.22112198637416 -7.940517391126046 -2.3761559 -3.5111008 -0.09040929 278.2211270735035 -7.940540018223292 278.2404583193242 -7.9117272115909145 44.726755341411355 150.21841535296699 16000.0 16600.0 2016.0 2 108 {-999.0 24.57341 26.067898 17.874348 -999.0} sdss_psfmag_gaia 21.81233 18.050995 16.272142 9.074 63050395542006813 1154742036 bright_1x1 mwm_galactic_core_dist_apogee_sparse mwm_galactic science 0 0 0.0 0.0 -999 ""
FIBERMAP 1281 R+5C7 BOSS 0 0 0 1 0 0 -105.81306911014174 75.66138515769829 143.1 -58.147365108232 116.34160793922 328.37958 29.314737 -999.0 -999.0 -999.0 -999.0 -999.0 278.2183023233357 -7.9389322690968624 278.2375428930974 -7.9099407721374275 44.72959281762968 150.2210406532843 -999.0 5400.0 -999.0 1 54 {-999.0 -999.0 -999.0 -999.0 -999.0} "" -999.0 -999.0 -999.0 -999.0 -999 -999 "" "" "" "" 0 0 0.0 0.0 -999 ""
FIBERMAP 1281 R+5C7 METROLOGY 0 0 0 1 0 0 -105.4067613662078 76.28567934182219 143.1 -57.49638761391672 116.70341981047666 328.37958 29.314737 -999.0 -999.0 -999.0 -999.0 -999.0 278.22127828508866 -7.937252497485094 278.2405383384269 -7.908306878128729 44.72982327681567 150.21628406493434 -999.0 6231.0 -999.0 -1 -999 {-999.0 -999.0 -999.0 -999.0 -999.0} "" -999.0 -999.0 -999.0 -999.0 -999 -999 "" "" "" "" 0 0 0.0 0.0 -999 ""
FIBERMAP 1285 R+9C4 APOGEE 0 0 0 1 0 0 -107.0741092542485 175.07334174757213 143.1 -12.784697608295723 204.79435872133118 25.3587 90.96839 -999.0 -999.0 -999.0 -999.0 -999.0 278.42782679333345 -7.539287180932366 278.4460701488734 -7.510108171377909 45.0038275281391 149.71750565132808 -999.0 16600.0 -999.0 2 -999 {-999.0 -999.0 -999.0 -999.0 -999.0} "" -999.0 -999.0 -999.0 -999.0 -999 -999 "" "" "" "" 0 0 0.0 0.0 -999 ""
FIBERMAP 1285 R+9C4 BOSS 1 1 0 1 0 0 -106.72899642579779 174.4095560614428 143.1 -12.79001079798446 204.04633795239897 25.3587 90.96839 278.4278869628906 -7.542771684904878 -999.0 -999.0 -999.0 278.4278763657893 -7.542789403620734 278.4460404696614 -7.513424260528648 45.00084260498382 149.7195490391936 5400.0 5400.0 2015.5 1 15 {-999.0 -999.0 -999.0 -999.0 -999.0} "" -999.0 -999.0 -999.0 -999.0 27021603148730988 852785022 "" ops_sky_boss_fallback ops_sky sky_boss 0 0 0.0 0.0 -999 ""
FIBERMAP 1285 R+9C4 METROLOGY 0 0 0 1 0 0 -107.47158616867195 174.44193531506434 143.1 -13.431195285772754 204.4221322361687 25.3587 90.96839 -999.0 -999.0 -999.0 -999.0 -999.0 278.42492240733054 -7.541049361856476 278.4431082134485 -7.511745011420645 45.00360377681246 149.72224986907594 -999.0 6231.0 -999.0 -1 -999 {-999.0 -999.0 -999.0 -999.0 -999.0} "" -999.0 -999.0 -999.0 -999.0 -999 -999 "" "" "" "" 0 0 0.0 0.0 -999 ""
FIBERMAP 1287 R+12C7 APOGEE 0 0 0 1 0 0 -12.965822227595217 245.2556047053135 143.1 103.20265800910177 222.825857458449 72.20381 95.10569 -999.0 -999.0 -999.0 -999.0 -999.0 278.9579622410406 -7.460531018501038 278.975806412594 -7.42999694771988 44.849040104215184 148.9996245532595 -999.0 16600.0 -999.0 2 -999 {-999.0 -999.0 -999.0 -999.0 -999.0} "" -999.0 -999.0 -999.0 -999.0 -999 -999 "" "" "" "" 0 0 0.0 0.0 -999 ""
FIBERMAP 1287 R+12C7 BOSS 1 1 0 1 0 0 -12.234944480973333 245.1092466471507 143.1 103.78020356899755 222.35480099010073 72.20381 95.10569 278.9607238769531 -7.4628205540453365 -999.0 -999.0 -999.0 278.96070286790325 -7.46282085256441 278.9784613499549 -7.432094023768045 44.84600376973851 148.9975761279386 5400.0 5400.0 2015.5 1 155 {-999.0 -999.0 -999.0 -999.0 -999.0} "" -999.0 -999.0 -999.0 -999.0 27021603150168002 852849927 "" ops_sky_boss_fallback ops_sky sky_boss 0 0 0.0 0.0 -999 ""
FIBERMAP 1287 R+12C7 METROLOGY 0 0 0 1 0 0 -12.726536937900532 244.54891910998305 143.1 103.08375472990569 222.08939713131926 72.20381 95.10569 -999.0 -999.0 -999.0 -999.0 -999.0 278.95750538509503 -7.463942507830397 278.9752935244338 -7.43327587117281 44.846312547562825 149.00228971492868 -999.0 6231.0 -999.0 -1 -999 {-999.0 -999.0 -999.0 -999.0 -999.0} "" -999.0 -999.0 -999.0 -999.0 -999 -999 "" "" "" "" 0 0 0.0 0.0 -999 ""
FIBERMAP 1289 R-2C15 APOGEE 1 1 0 1 0 0 52.022831421611045 -52.291721089153974 143.1 21.531800455474666 -70.53873279377662 314.52087 101.06983 278.58242796773385 -8.790511274669255 -3.3461232 -4.761008 0.27585632 278.58242983404597 -8.790520036131682 278.60376342074244 -8.760379849397172 43.805671116722614 150.26321090336793 16000.0 16600.0 2016.0 2 219 {-999.0 18.005177 15.368593 14.141853 -999.0} sdss_psfmag_ps1 16.58099 14.705796 13.432217 9.953 63050395541630311 1153931992 bright_1x1 mwm_galactic_core_dist_apogee_sparse mwm_galactic science 0 0 0.0 0.0 -999 ""
FIBERMAP 1289 R-2C15 BOSS 0 0 0 1 0 0 51.60837231813191 -52.89946858304963 143.1 20.88135448263261 -70.88210928288507 314.52087 101.06983 -999.0 -999.0 -999.0 -999.0 -999.0 278.5795299403695 -8.792307094687906 278.60077834298255 -8.761980825949902 43.80546462778723 150.26785316927047 -999.0 5400.0 -999.0 1 273 {-999.0 -999.0 -999.0 -999.0 -999.0} "" -999.0 -999.0 -999.0 -999.0 -999 -999 "" "" "" "" 0 0 0.0 0.0 -999 ""
FIBERMAP 1289 R-2C15 METROLOGY 0 0 0 1 0 0 51.26799171620775 -52.23374630985369 143.1 20.89175554797768 -70.13458931870963 314.52087 101.06983 -999.0 -999.0 -999.0 -999.0 -999.0 278.57955883207296 -8.788843179736535 278.6008242336189 -8.758573079677005 43.808534989481906 150.26580366452836 -999.0 6231.0 -999.0 -1 -999 {-999.0 -999.0 -999.0 -999.0 -999.0} "" -999.0 -999.0 -999.0 -999.0 -999 -999 "" "" "" "" 0 0 0.0 0.0 -999 ""
FIBERMAP 1296 R-5C7 APOGEE 1 1 0 1 0 0 -82.64653930068646 -90.04697584405162 143.1 -115.14430584823182 -40.94712324648014 70.18403 58.575935 277.9535544146717 -8.653561273612826 -1.9679544 1.7111951 0.35132223 277.95354861190043 -8.653565761212953 277.9747813919598 -8.625138555136227 44.18807818914852 150.97016669606546 16000.0 16600.0 2016.0 2 262 {-999.0 23.703096 19.423437 16.997469 -999.0} sdss_psfmag_ps1 20.744139 17.487225 15.317576 9.644 63050395541793945 1153932549 bright_1x1 mwm_galactic_core_dist_apogee_sparse mwm_galactic science 0 0 0.0 0.0 -999 ""
FIBERMAP 1296 R-5C7 BOSS 0 0 0 1 0 0 -82.18068433573058 -90.62976894907973 143.1 -115.00503785461666 -41.68000993521505 70.18403 58.575935 -999.0 -999.0 -999.0 -999.0 -999.0 277.9542134279958 -8.657113043765266 277.97536727440877 -8.62849125410675 44.18478527946245 150.97136054360078 -999.0 5400.0 -999.0 1 464 {-999.0 -999.0 -999.0 -999.0 -999.0} "" -999.0 -999.0 -999.0 -999.0 -999 -999 "" "" "" "" 0 0 0.0 0.0 -999 ""
FIBERMAP 1296 R-5C7 METROLOGY 0 0 0 1 0 0 -82.91138267755936 -90.74182698214547 143.1 -115.70323988964569 -41.43743302320845 70.18403 58.575935 -999.0 -999.0 -999.0 -999.0 -999.0 277.9509960209557 -8.655935935579782 277.9721729803567 -8.627377329234182 44.18710324003565 150.9747311157237 -999.0 6231.0 -999.0 -1 -999 {-999.0 -999.0 -999.0 -999.0 -999.0} "" -999.0 -999.0 -999.0 -999.0 -999 -999 "" "" "" "" 0 0 0.0 0.0 -999 ""
FIBERMAP 1300 R+11C12 APOGEE 1 1 0 1 0 0 71.7432160728375 225.64195657820594 143.1 168.9011783268017 165.88745956273186 123.41681 110.70738 279.2583085887825 -7.718390811931064 -7.8873878 -8.403644 3.5369513 279.2582530652138 -7.7184377715682455 279.2766276447142 -7.687003658676946 44.48733516858732 148.7811145173281 16000.0 16600.0 2016.0 2 11 {-999.0 24.481575 23.940634 22.557844 -999.0} sdss_psfmag_ps1 18.703653 20.640852 18.876759 9.691 63050395604938702 1153991556 bright_1x1 mwm_galactic_core_dist_apogee_sparse mwm_galactic science 0 0 0.0 0.0 -999 ""
FIBERMAP 1300 R+11C12 BOSS 0 0 0 1 0 0 72.14721784420544 226.2731271023393 143.1 169.55333257101006 166.2564270353012 123.41681 110.70738 -999.0 -999.0 -999.0 -999.0 -999.0 279.261321551635 -7.716960988447938 279.27959902700974 -7.685332902640776 44.48754052796488 148.77637749319294 -999.0 5400.0 -999.0 1 142 {-999.0 -999.0 -999.0 -999.0 -999.0} "" -999.0 -999.0 -999.0 -999.0 -999 -999 "" "" "" "" 0 0 0.0 0.0 -999 ""
FIBERMAP 1300 R+11C12 METROLOGY 0 0 0 1 0 0 72.48756215698572 225.6058584526799 143.1 169.5421764682581 165.50755730444084 123.41681 110.70738 -999.0 -999.0 -999.0 -999.0 -999.0 279.2612588178428 -7.7202859745616825 279.2795707740031 -7.688709447190101 44.48452044085051 148.77849443087635 -999.0 6231.0 -999.0 -1 -999 {-999.0 -999.0 -999.0 -999.0 -999.0} "" -999.0 -999.0 -999.0 -999.0 -999 -999 "" "" "" "" 0 0 0.0 0.0 -999 ""
FIBERMAP 1301 R+2C23 APOGEE 1 1 0 1 0 0 208.05183723497225 36.071693298375294 143.1 200.74657024139458 -65.38745966256576 210.06506 94.38836 279.4048260120676 -8.766937271499414 -1.545074 -5.7872815 0.11766456 279.4048199925598 -8.76700047948963 279.4257662064387 -8.734712713710548 43.48062646093581 149.23366184350482 16000.0 16600.0 2016.0 2 82 {-999.0 25.534115 34.161808 22.055124 -999.0} sdss_psfmag_ps1 20.776731 19.470324 17.586857 8.875 63050395540683631 1153923608 bright_1x1 mwm_galactic_core_dist_apogee_sparse mwm_galactic science 0 0 0.0 0.0 -999 ""
FIBERMAP 1301 R+2C23 BOSS 0 0 0 1 0 0 207.61966070595724 36.674180858392376 143.1 200.6462758101083 -64.652911827562 210.06506 94.38836 -999.0 -999.0 -999.0 -999.0 -999.0 279.404511164391 -8.763879585587215 279.4253549314984 -8.731400338041961 43.48378561906547 149.23217953353327 -999.0 5400.0 -999.0 1 225 {-999.0 -999.0 -999.0 -999.0 -999.0} "" -999.0 -999.0 -999.0 -999.0 -999 -999 "" "" "" "" 0 0 0.0 0.0 -999 ""
FIBERMAP 1301 R+2C23 METROLOGY 0 0 0 1 0 0 208.37593675443122 36.73766263012275 143.1 201.3443737295116 -64.95037998035072 210.06506 94.38836 -999.0 -999.0 -999.0 -999.0 -999.0 279.4076490780701 -8.765162457657729 279.42852163335726 -8.732729282185856 43.48122688683469 149.2290929018981 -999.0 6231.0 -999.0 -1 -999 {-999.0 -999.0 -999.0 -999.0 -999.0} "" -999.0 -999.0 -999.0 -999.0 -999 -999 "" "" "" "" 0 0 0.0 0.0 -999 ""
FIBERMAP 1302 R-9C18 APOGEE 1 1 0 1 0 0 182.3492552099481 -157.19713556252935 143.1 87.6725757162797 -224.18758357191086 159.07852 64.578835 278.88418434390263 -9.48574205925298 -2.112452 40.626064 8.303092 278.8841356696092 -9.48564669869206 278.9071023372929 -9.454396572970785 43.0500893874605 150.2928536339404 16000.0 16600.0 2016.0 2 187 {-999.0 9.501038 8.921099 8.720755 -999.0} sdss_psfmag_gaia 9.357019 8.96108 8.376698 7.363 63050395540391544 975476507 "" ops_std_apogee ops_std standard_apogee 0 0 0.0 0.0 -999 ""
FIBERMAP 1302 R-9C18 BOSS 0 0 0 1 0 0 182.88617429212357 -156.67140523543065 143.1 88.39291061502423 -223.97394890153151 159.07852 64.578835 -999.0 -999.0 -999.0 -999.0 -999.0 278.88754796319677 -9.484905384892809 278.9104178096219 -9.453448655339248 43.0495668550729 150.28824923312487 -999.0 5400.0 -999.0 1 330 {-999.0 -999.0 -999.0 -999.0 -999.0} "" -999.0 -999.0 -999.0 -999.0 -999 -999 "" "" "" "" 0 0 0.0 0.0 -999 ""
FIBERMAP 1302 R-9C18 METROLOGY 0 0 0 1 0 0 183.07794695325262 -157.39376705619466 143.1 88.22468531852488 -224.70205116608506 159.07852 64.578835 -999.0 -999.0 -999.0 -999.0 -999.0 278.8867286529739 -9.488107782151483 278.9096334300462 -9.456707816645991 43.04693975528298 150.2910931172339 -999.0 6231.0 -999.0 -1 -999 {-999.0 -999.0 -999.0 -999.0 -999.0} "" -999.0 -999.0 -999.0 -999.0 -999 -999 "" "" "" "" 0 0 0.0 0.0 -999 ""
FIBERMAP 1303 R-7C11 APOGEE 1 1 0 1 0 0 9.51774541543502 -145.40752370403143 143.1 -59.569059852604205 -132.96516087473958 226.62831 146.77864 278.20810112633086 -9.072883886560426 12.081158 -5.238667 3.1796222 278.2081525280834 -9.07291697811947 278.23034655713695 -9.043631793740618 43.702618330169926 150.89113291613532 16000.0 16600.0 2016.0 2 151 {-999.0 21.201412 19.161396 17.534382 -999.0} sdss_psfmag_ps1 20.255684 18.18994 16.838799 11.509 63050395541594777 1034952152 bright_1x1 mwm_yso_pms_apogee_sagitta_edr3_single mwm_yso science 0 0 0.0 0.0 -999 ""
FIBERMAP 1303 R-7C11 BOSS 0 0 0 1 0 0 8.792132685408884 -145.58771824123545 143.1 -60.29462234554931 -132.7851826250531 226.62831 146.77864 -999.0 -999.0 -999.0 -999.0 -999.0 278.20487983251974 -9.072331613833631 278.2269841286908 -9.042860961330256 43.70469530339939 150.89487209827507 -999.0 5400.0 -999.0 1 377 {-999.0 -999.0 -999.0 -999.0 -999.0} "" -999.0 -999.0 -999.0 -999.0 -999 -999 "" "" "" "" 0 0 0.0 0.0 -999 ""
FIBERMAP 1303 R-7C11 METROLOGY 0 0 0 1 0 0 8.994470042379529 -144.8789522332842 143.1 -59.784427449491815 -132.2533515819328 226.62831 146.77864 -999.0 -999.0 -999.0 -999.0 -999.0 278.20721131034776 -9.069867254280394 278.2293338278903 -9.040446677739164 43.705931630813 150.8905671338006 -999.0 6231.0 -999.0 -1 -999 {-999.0 -999.0 -999.0 -999.0 -999.0} "" -999.0 -999.0 -999.0 -999.0 -999 -999 "" "" "" "" 0 0 0.0 0.0 -999 ""
FIBERMAP 1304 R+7C15 APOGEE 0 0 0 1 0 0 91.90580259470286 155.27604916103314 143.1 153.8238969238646 94.26957809483524 180.45107 35.005337 -999.0 -999.0 -999.0 -999.0 -999.0 279.19078950453985 -8.041903625667656 279.2100011896557 -8.0105030603745 44.225465008120615 149.0623409936753 -999.0 16600.0 -999.0 2 -999 {-999.0 -999.0 -999.0 -999.0 -999.0} "" -999.0 -999.0 -999.0 -999.0 -999 -999 "" "" "" "" 0 0 0.0 0.0 -999 ""
FIBERMAP 1304 R+7C15 BOSS 1 1 0 1 0 0 92.49196989995585 155.6939475077881 143.1 154.5373450865986 94.3648831195154 180.45107 35.005337 279.1941833496094 -8.041630256274857 -999.0 -999.0 -999.0 279.19418523527895 -8.041644130501622 279.21330248879747 -8.01004614714752 44.22444882740103 149.05795845788734 5400.0 5400.0 2015.5 1 187 {-999.0 -999.0 -999.0 -999.0 -999.0} "" -999.0 -999.0 -999.0 -999.0 27021603148726035 852784026 "" ops_sky_boss_fallback ops_sky sky_boss 0 0 0.0 0.0 -999 ""
FIBERMAP 1304 R+7C15 METROLOGY 0 0 0 1 0 0 92.58036279541263 154.95725374680927 143.1 154.27104924911802 93.67244611506861 180.45107 35.005337 -999.0 -999.0 -999.0 -999.0 -999.0 279.1929413330204 -8.044731773176172 279.21209301795415 -8.013189120256845 44.22214412503125 149.06137683309132 -999.0 6231.0 -999.0 -1 -999 {-999.0 -999.0 -999.0 -999.0 -999.0} "" -999.0 -999.0 -999.0 -999.0 -999 -999 "" "" "" "" 0 0 0.0 0.0 -999 ""
FIBERMAP 1306 R-11C6 APOGEE 1 1 0 1 0 0 -42.7093840111872 -218.44521854277562 143.1 -139.87560184266331 -173.1007087122306 348.93857 107.9332 277.83939490816164 -9.251813793805388 -1.8655862 -3.957322 0.28225458 277.8393999987421 -9.251797486209652 277.86219138322883 -9.223399949727071 43.68798267185459 151.45162348307142 16000.0 16600.0 2016.0 2 177 {-999.0 17.39255 14.995485 13.905095 -999.0} sdss_psfmag_ps1 16.133299 14.434141 13.194993 9.877 63050395541044402 1153927169 bright_1x1 mwm_galactic_core_dist_apogee_sparse mwm_galactic science 0 0 0.0 0.0 -999 ""
FIBERMAP 1306 R-11C6 BOSS 0 0 0 1 0 0 -42.60049382757678 -219.17942433067984 143.1 -140.12261839834494 -173.80052969319615 348.93857 107.9332 -999.0 -999.0 -999.0 -999.0 -999.0 277.8383352693555 -9.255166553676318 277.861047497935 -9.226575138766194 43.685542165232036 151.45483719196693 -999.0 5400.0 -999.0 1 358 {-999.0 -999.0 -999.0 -999.0 -999.0} "" -999.0 -999.0 -999.0 -999.0 -999 -999 "" "" "" "" 0 0 0.0 0.0 -999 ""
FIBERMAP 1306 R-11C6 METROLOGY 0 0 0 1 0 0 -43.295094945103685 -218.9023538798563 143.1 -140.60699078155324 -173.23090589704879 348.93857 107.9332 -999.0 -999.0 -999.0 -999.0 -999.0 277.8360972167018 -9.252516977196748 277.8588285836405 -9.223987967641156 43.68879685321564 151.4561472944431 -999.0 6231.0 -999.0 -1 -999 {-999.0 -999.0 -999.0 -999.0 -999.0} "" -999.0 -999.0 -999.0 -999.0 -999 -999 "" "" "" "" 0 0 0.0 0.0 -999 ""
FIBERMAP 1308 R-4C5 APOGEE 1 1 0 1 0 0 -153.06313904227312 -98.9941826658983 143.1 -181.56356127879434 -15.933662309953371 348.4166 31.648962 277.64985040634105 -8.538272423020905 1.670977 -1.8579389 0.2956901 277.64986350255435 -8.538274620103758 277.670920865814 -8.510696528713918 44.4158005020437 151.28732990258328 16000.0 16600.0 2016.0 2 252 {-999.0 19.037592 15.334271 13.789621 -999.0} sdss_psfmag_ps1 16.788715 13.842646 12.375462 7.595 63050395541812872 1153932917 bright_1x1 mwm_galactic_core_dist_apogee_sparse mwm_galactic science 0 0 0.0 0.0 -999 ""
FIBERMAP 1308 R-4C5 BOSS 0 0 0 1 0 0 -153.7676686530786 -99.21843355354576 143.1 -182.29108718004588 -15.80247915637922 348.4166 31.648962 -999.0 -999.0 -999.0 -999.0 -999.0 277.6465773596377 -8.53785588974174 277.6675489049384 -8.510096511263512 44.417710287533986 151.29124846093765 -999.0 5400.0 -999.0 1 459 {-999.0 -999.0 -999.0 -999.0 -999.0} "" -999.0 -999.0 -999.0 -999.0 -999 -999 "" "" "" "" 0 0 0.0 0.0 -999 ""
FIBERMAP 1308 R-4C5 METROLOGY 0 0 0 1 0 0 -153.62385408424404 -98.48903008650421 143.1 -181.82296797894378 -15.225047472239368 348.4166 31.648962 -999.0 -999.0 -999.0 -999.0 -999.0 277.648710177183 -8.535189336930145 277.66969853422347 -8.507479430018796 44.41923076813019 151.28703495504018 -999.0 6231.0 -999.0 -1 -999 {-999.0 -999.0 -999.0 -999.0 -999.0} "" -999.0 -999.0 -999.0 -999.0 -999 -999 "" "" "" "" 0 0 0.0 0.0 -999 ""
FIBERMAP 1312 R-11C11 APOGEE 1 1 0 1 0 0 38.21849565079711 -207.8019759631395 143.1 -63.37323763242402 -201.52941148104227 201.61464 70.63688 278.19030761718744 -9.382516204306967 -999.0 -999.0 -999.0 278.1902895107085 -9.382553436087514 278.2132741024105 -9.35317392569744 43.42768582474071 151.0887923674412 16000.0 16600.0 2015.5 2 156 {-999.0 -999.0 -999.0 -999.0 -999.0} "" -999.0 -999.0 -999.0 -999.0 27021603148716158 848993225 "" ops_sky_apogee_good ops_sky sky_apogee 0 0 0.0 0.0 -999 ""
FIBERMAP 1312 R-11C11 BOSS 0 0 0 1 0 0 38.18054634617239 -207.05689561748545 143.1 -63.05843737032339 -200.85314562376914 201.61464 70.63688 -999.0 -999.0 -999.0 -999.0 -999.0 278.19181324625345 -9.379759809390714 278.21470014399546 -9.35018116477677 43.429832989113336 151.0853290083099 -999.0 5400.0 -999.0 1 393 {-999.0 -999.0 -999.0 -999.0 -999.0} "" -999.0 -999.0 -999.0 -999.0 -999 -999 "" "" "" "" 0 0 0.0 0.0 -999 ""
FIBERMAP 1312 R-11C11 METROLOGY 0 0 0 1 0 0 38.843229568664924 -207.38967478537026 143.1 -62.62831996823966 -201.45708411217961 201.61464 70.63688 -999.0 -999.0 -999.0 -999.0 -999.0 278.19376534336135 -9.382424315323547 278.21668371333243 -9.352894965104644 43.42655380924487 151.08441319587843 -999.0 6231.0 -999.0 -1 -999 {-999.0 -999.0 -999.0 -999.0 -999.0} "" -999.0 -999.0 -999.0 -999.0 -999 -999 "" "" "" "" 0 0 0.0 0.0 -999 ""
FIBERMAP 1314 R-13C8 APOGEE 1 1 0 1 0 0 8.17113495472609 -268.95276264627313 143.1 -118.51926964018847 -241.52847837760694 287.96863 86.866905 277.9376220703125 -9.559785549701488 -999.0 -999.0 -999.0 277.9376293251589 -9.55981458828192 277.9611632003224 -9.531017906109286 43.36725163211805 151.5012714025153 16000.0 16600.0 2015.5 2 273 {-999.0 -999.0 -999.0 -999.0 -999.0} "" -999.0 -999.0 -999.0 -999.0 27021603148716063 848993061 "" ops_sky_apogee_good ops_sky sky_apogee 0 0 0.0 0.0 -999 ""
FIBERMAP 1314 R-13C8 BOSS 0 0 0 1 0 0 7.459679567123292 -269.1251622101469 143.1 -119.22867514444734 -241.3482295628307 287.96863 86.866905 -999.0 -999.0 -999.0 -999.0 -999.0 277.93447043907736 -9.559177640180211 277.95791484571197 -9.530192222037883 43.36930912767132 151.50483497863647 -999.0 5400.0 -999.0 1 417 {-999.0 -999.0 -999.0 -999.0 -999.0} "" -999.0 -999.0 -999.0 -999.0 -999 -999 "" "" "" "" 0 0 0.0 0.0 -999 ""
FIBERMAP 1314 R-13C8 METROLOGY 0 0 0 1 0 0 7.664050790936292 -268.41420014926916 143.1 -118.71565595592006 -240.81540846022367 287.96863 86.866905 -999.0 -999.0 -999.0 -999.0 -999.0 277.9367859819229 -9.556764778040508 277.9602485977518 -9.527830313217759 43.37053046079236 151.5006209214068 -999.0 6231.0 -999.0 -1 -999 {-999.0 -999.0 -999.0 -999.0 -999.0} "" -999.0 -999.0 -999.0 -999.0 -999 -999 "" "" "" "" 0 0 0.0 0.0 -999 ""
FIBERMAP 1316 R-8C11 APOGEE 0 0 0 1 0 0 34.45054168533584 -147.88138540806196 143.1 -38.68931023881672 -146.8082464499534 40.072212 107.954185 -999.0 -999.0 -999.0 -999.0 -999.0 278.3041510365108 -9.136071410542902 278.3264669377976 -9.10650529969982 43.60603790044386 150.80780745926373 -999.0 16600.0 -999.0 2 -999 {-999.0 -999.0 -999.0 -999.0 -999.0} "" -999.0 -999.0 -999.0 -999.0 -999 -999 "" "" "" "" 0 0 0.0 0.0 -999 ""
FIBERMAP 1316 R-8C11 BOSS 1 1 0 1 0 0 35.099234541371885 -148.26591601465742 143.1 -38.29575283296731 -147.45138357482443 40.072212 107.954185 278.3056999623506 -9.139283441441487 0.92189074 -0.8248805 0.54685354 278.3060323077325 -9.13924211002018 278.3282653446344 -9.10947470685825 43.6025991846908 150.80728007924964 5400.0 5400.0 2016.0 1 373 {-999.0 14.103355 13.069878 12.456441 -999.0} sdss_psfmag_from_g3xp 13.739558 12.931993 12.029223 10.375 63050395541555035 1093181727 bright_3x1 mwm_astar_core_boss mwm_ob science 0 0 1.2132753133773804 0.0 -999 ""
FIBERMAP 1316 R-8C11 METROLOGY 0 0 0 1 0 0 34.44226494194838 -148.6274373338893 143.1 -39.045420665273774 -147.4637593540279 40.072212 107.954185 -999.0 -999.0 -999.0 -999.0 -999.0 278.30255802754743 -9.139217764988764 278.3248179311298 -9.109514737864446 43.60397659362618 150.8115790929251 -999.0 6231.0 -999.0 -1 -999 {-999.0 -999.0 -999.0 -999.0 -999.0} "" -999.0 -999.0 -999.0 -999.0 -999 -999 "" "" "" "" 0 0 0.0 0.0 -999 ""
FIBERMAP 1317 R-12C9 APOGEE 0 0 0 1 0 0 29.25638524904511 -248.23053296202755 143.1 -90.19542558749414 -233.07137176679228 321.7952 87.156296 -999.0 -999.0 -999.0 -999.0 -999.0 278.0672249136916 -9.52322086719077 278.0906146783699 -9.494100286113353 43.34886755672071 151.32023945938516 -999.0 16600.0 -999.0 2 -999 {-999.0 -999.0 -999.0 -999.0 -999.0} "" -999.0 -999.0 -999.0 -999.0 -999 -999 "" "" "" "" 0 0 0.0 0.0 -999 ""
FIBERMAP 1317 R-12C9 BOSS 1 1 0 1 0 0 28.75257277229887 -248.79888497450426 143.1 -90.90642645010637 -233.33815477087617 321.7952 87.156296 278.0640557526993 -9.524582010391203 -1.2097759 -2.4703898 0.3404073 278.06404898562255 -9.524605029907862 278.0873538572603 -9.49529491144299 43.349093294201346 151.32494722056626 5400.0 5400.0 2016.0 1 405 {-999.0 15.421475 14.304602 13.646582 -999.0} sdss_psfmag_from_g3xp 15.015517 14.140135 13.198799 11.399 63050395540997292 1093181603 bright_3x1 mwm_astar_core_boss mwm_ob science 0 0 0.0 0.0 -999 ""
FIBERMAP 1317 R-12C9 METROLOGY 0 0 0 1 0 0 28.522504384275926 -248.09606788538153 143.1 -90.78118561352989 -232.60942264065588 321.7952 87.156296 -999.0 -999.0 -999.0 -999.0 -999.0 278.06459607265265 -9.521288037466636 278.08791773036415 -9.49203391991357 43.35184137478497 151.32241468287063 -999.0 6231.0 -999.0 -1 -999 {-999.0 -999.0 -999.0 -999.0 -999.0} "" -999.0 -999.0 -999.0 -999.0 -999 -999 "" "" "" "" 0 0 0.0 0.0 -999 ""
FIBERMAP 1318 R-11C7 APOGEE 1 1 0 1 0 0 -54.22909080031367 -212.37533112077006 143.1 -147.2192528663328 -162.35025631604418 235.15181 44.858566 277.8057861328125 -9.20297565799018 -999.0 -999.0 -999.0 277.8057678357406 -9.20301213569878 277.82844867358983 -9.174725192746378 43.746000195097125 151.46630973169476 16000.0 16600.0 2015.5 2 169 {-999.0 -999.0 -999.0 -999.0 -999.0} "" -999.0 -999.0 -999.0 -999.0 27021603148717119 848993458 "" ops_sky_apogee_good ops_sky sky_apogee 0 0 0.0 0.0 -999 ""
FIBERMAP 1318 R-11C7 BOSS 0 0 0 1 0 0 -54.38780091029233 -211.64927701340946 143.1 -147.02007969972718 -161.63434814922852 235.15181 44.858566 -999.0 -999.0 -999.0 -999.0 -999.0 277.80673489480847 -9.200017359925212 277.8293198977711 -9.171534505161073 43.74856485477427 151.46342499222368 -999.0 5400.0 -999.0 1 359 {-999.0 -999.0 -999.0 -999.0 -999.0} "" -999.0 -999.0 -999.0 -999.0 -999 -999 "" "" "" "" 0 0 0.0 0.0 -999 ""
FIBERMAP 1318 R-11C7 METROLOGY 0 0 0 1 0 0 -53.67106450318301 -211.8726031821682 143.1 -146.49101690279238 -162.16681990122518 235.15181 44.858566 -999.0 -999.0 -999.0 -999.0 -999.0 277.80913756822616 -9.202380407259566 277.8317525146237 -9.17394533475571 43.74538542699548 151.46174631602466 -999.0 6231.0 -999.0 -1 -999 {-999.0 -999.0 -999.0 -999.0 -999.0} "" -999.0 -999.0 -999.0 -999.0 -999 -999 "" "" "" "" 0 0 0.0 0.0 -999 ""
FIBERMAP 1323 R+2C5 APOGEE 1 1 0 1 0 0 -166.3937083129086 27.477874749164503 143.1 -134.21712104105805 102.07835754620525 349.23987 83.25974 277.86922612707826 -8.002926869083753 -1.9662961 -2.2549171 0.054458465 277.8692365838225 -8.002915899774642 277.88885820558505 -7.97499896190618 44.81506158682208 150.7011897866159 16000.0 16600.0 2016.0 2 140 {-999.0 26.88093 20.70039 18.023972 -999.0} sdss_psfmag_ps1 21.752722 17.985092 16.374306 10.583 63050395541922659 1153933988 bright_1x1 mwm_galactic_core_dist_apogee_sparse mwm_galactic science 0 0 0.0 0.0 -999 ""
FIBERMAP 1323 R+2C5 BOSS 0 0 0 1 0 0 -166.59884959539522 26.763480679505392 143.1 -134.73242536726636 101.54286315297384 349.23987 83.25974 -999.0 -999.0 -999.0 -999.0 -999.0 277.86690388160343 -8.005494081899958 277.8864467123772 -7.977395284988282 44.8138741494737 150.70565545756418 -999.0 5400.0 -999.0 1 34 {-999.0 -999.0 -999.0 -999.0 -999.0} "" -999.0 -999.0 -999.0 -999.0 -999 -999 "" "" "" "" 0 0 0.0 0.0 -999 ""
FIBERMAP 1323 R+2C5 METROLOGY 0 0 0 1 0 0 -167.13182639305586 27.30156157838089 143.1 -134.95192150564043 102.26761277887158 349.23987 83.25974 -999.0 -999.0 -999.0 -999.0 -999.0 277.8659072179814 -8.002158983698306 277.88546643685675 -7.974117236655424 44.817259223676174 150.704980407819 -999.0 6231.0 -999.0 -1 -999 {-999.0 -999.0 -999.0 -999.0 -999.0} "" -999.0 -999.0 -999.0 -999.0 -999 -999 "" "" "" "" 0 0 0.0 0.0 -999 ""
FIBERMAP 1324 R-4C11 APOGEE 0 0 0 1 0 0 -15.182994509961851 -75.11540935886272 143.1 -48.537230665502484 -59.29081629758816 310.1706 167.35529 -999.0 -999.0 -999.0 -999.0 -999.0 278.259681550946 -8.738374756772002 278.2810100371653 -8.709105520759866 43.98606598591401 150.63520162065527 -999.0 16600.0 -999.0 2 -999 {-999.0 -999.0 -999.0 -999.0 -999.0} "" -999.0 -999.0 -999.0 -999.0 -999 -999 "" "" "" "" 0 0 0.0 0.0 -999 ""
FIBERMAP 1324 R-4C11 BOSS 1 1 0 1 0 0 -14.836650400202867 -75.79426806854532 143.1 -48.54850257308025 -60.05273469478765 310.1706 167.35529 278.2596822720555 -8.742045888971914 -3.5127292 -4.9621854 0.3317483 278.2596836305824 -8.742066615136165 278.2809322094057 -8.71260354063489 43.98291892794733 150.63732673744482 5400.0 5400.0 2016.0 1 357 {-999.0 17.484312 15.51248 13.785809 -999.0} sdss_psfmag_gaia 16.289 14.518844 13.271586 9.898 63050395541637613 916966108 bright_3x1 mwm_yso_disk_boss mwm_yso science 0 0 0.0 0.0 -999 ""
FIBERMAP 1324 R-4C11 METROLOGY 0 0 0 1 0 0 -15.572320907812433 -75.75187376199024 143.1 -49.178889387862235 -59.67132370521543 310.1706 167.35529 -999.0 -999.0 -999.0 -999.0 -999.0 278.25676413457995 -8.740259045771051 278.27803458528376 -8.710858921938518 43.98569921940676 150.63993321866147 -999.0 6231.0 -999.0 -1 -999 {-999.0 -999.0 -999.0 -999.0 -999.0} "" -999.0 -999.0 -999.0 -999.0 -999 -999 "" "" "" "" 0 0 0.0 0.0 -999 ""
FIBERMAP 1326 R-3C23 APOGEE 0 0 0 1 0 0 250.87965659242974 -64.51282170949735 143.1 191.57363884206669 -174.30990827434402 7.327342 85.79702 -999.0 -999.0 -999.0 -999.0 -999.0 279.3605048625124 -9.259304948739999 279.3827066132858 -9.226908247732522 43.055456088790535 149.57917655137436 -999.0 16600.0 -999.0 2 -999 {-999.0 -999.0 -999.0 -999.0 -999.0} "" -999.0 -999.0 -999.0 -999.0 -999 -999 "" "" "" "" 0 0 0.0 0.0 -999 ""
FIBERMAP 1326 R-3C23 BOSS 1 1 0 1 0 0 250.93264187243125 -65.23278099285895 143.1 191.2838724464915 -174.9710010432697 7.327342 85.79702 279.3592933734911 -9.262496310863032 0.6121898 -0.45936614 0.40471298 279.3592694512662 -9.262493148955222 279.3813842910397 -9.22990117474181 43.053318888498644 149.58255480793468 5400.0 5400.0 2016.0 1 323 {-999.0 18.730526 17.176123 16.341032 15.658256} sdss_psfmag_from_ps1dr2 18.0238 17.0323 15.9673 13.849 63050395540418182 1040008773 "" ops_std_boss_ps1dr2 ops_std standard_boss 0 0 0.0 0.0 -999 ""
FIBERMAP 1326 R-3C23 METROLOGY 0 0 0 1 0 0 250.2546340302938 -64.92026345666231 143.1 190.83073795318484 -174.3778057893075 7.327342 85.79702 -999.0 -999.0 -999.0 -999.0 -999.0 279.3571989342863 -9.259782106169748 279.37933485837357 -9.227252672492309 43.05658087830137 149.58348917311815 -999.0 6231.0 -999.0 -1 -999 {-999.0 -999.0 -999.0 -999.0 -999.0} "" -999.0 -999.0 -999.0 -999.0 -999 -999 "" "" "" "" 0 0 0.0 0.0 -999 ""
FIBERMAP 1328 R-3C12 APOGEE 1 1 0 1 0 0 -17.948908887514214 -43.18141559354648 143.1 -36.052002798980496 -29.77349691918552 137.21057 89.71136 278.3175501802358 -8.604144489845252 -2.064197 -3.077511 0.6335639 278.3175531693866 -8.604151297042522 278.3385203252153 -8.574790440189558 44.084312273187116 150.48525212742751 16000.0 16600.0 2016.0 2 154 {-999.0 24.84306 24.97682 18.567408 -999.0} sdss_psfmag_gaia 22.265825 18.945585 17.195726 10.848 63050395541643171 1154741032 bright_1x1 mwm_galactic_core_dist_apogee_sparse mwm_galactic science 0 0 0.0 0.0 -999 ""
FIBERMAP 1328 R-3C12 BOSS 0 0 0 1 0 0 -17.464369944754445 -42.62875565191352 143.1 -35.36537282606844 -29.511572236616725 137.21057 89.71136 -999.0 -999.0 -999.0 -999.0 -999.0 278.32078824413304 -8.603176366393832 278.3416624010422 -8.573616140368804 44.08407681385311 150.4806398053369 -999.0 5400.0 -999.0 1 356 {-999.0 -999.0 -999.0 -999.0 -999.0} "" -999.0 -999.0 -999.0 -999.0 -999 -999 "" "" "" "" 0 0 0.0 0.0 -999 ""
FIBERMAP 1328 R-3C12 METROLOGY 0 0 0 1 0 0 -17.222237082311562 -43.33416128763889 143.1 -35.48116092895608 -30.248232599143236 137.21057 89.71136 -999.0 -999.0 -999.0 -999.0 -999.0 278.3202241318599 -8.60647358968471 278.3411321270527 -8.576967566014465 44.08125343414189 150.48325737649228 -999.0 6231.0 -999.0 -1 -999 {-999.0 -999.0 -999.0 -999.0 -999.0} "" -999.0 -999.0 -999.0 -999.0 -999 -999 "" "" "" "" 0 0 0.0 0.0 -999 ""
FIBERMAP 1329 R+3C16 APOGEE 1 1 0 1 0 0 68.88551530454626 53.56469795702362 143.1 85.92566776393151 15.136594107469184 181.19762 138.11475 278.8796997070312 -8.400856620725207 -999.0 -999.0 -999.0 278.87969438067904 -8.400868686064308 278.89992972491206 -8.370123698412621 44.03415619694013 149.6646905976998 16000.0 16600.0 2015.5 2 63 {-999.0 -999.0 -999.0 -999.0 -999.0} "" -999.0 -999.0 -999.0 -999.0 27021603148725383 848995076 "" ops_sky_apogee_good ops_sky sky_apogee 0 0 0.0 0.0 -999 ""
FIBERMAP 1329 R+3C16 BOSS 0 0 0 1 0 0 68.33520231505396 54.07678618768701 143.1 85.67869726624879 15.846475694567262 181.19762 138.11475 -999.0 -999.0 -999.0 -999.0 -999.0 278.8786983629571 -8.397816743423318 278.89883485447274 -8.366885127716493 44.03754618787551 149.66411765996318 -999.0 5400.0 -999.0 1 220 {-999.0 -999.0 -999.0 -999.0 -999.0} "" -999.0 -999.0 -999.0 -999.0 -999 -999 "" "" "" "" 0 0 0.0 0.0 -999 ""
FIBERMAP 1329 R+3C16 METROLOGY 0 0 0 1 0 0 69.04633152484202 54.30174804460043 143.1 86.41238847893267 15.712835462985796 181.19762 138.11475 -999.0 -999.0 -999.0 -999.0 -999.0 278.8820362995373 -8.398379101272155 278.90219883122603 -8.367492487859092 44.03556887121528 149.66029910580932 -999.0 6231.0 -999.0 -1 -999 {-999.0 -999.0 -999.0 -999.0 -999.0} "" -999.0 -999.0 -999.0 -999.0 -999 -999 "" "" "" "" 0 0 0.0 0.0 -999 ""
FIBERMAP 1330 R-3C11 APOGEE 1 1 0 1 0 0 -28.18060543950197 -74.36161743996048 143.1 -59.67248460192448 -52.54793247498542 317.03268 86.65815 278.208459846542 -8.707470851354142 -0.120129414 -2.4233732 0.11195503 278.2084845332157 -8.707484503680504 278.2297549355277 -8.678363606082963 44.035129302575214 150.68141939400468 16000.0 16600.0 2016.0 2 208 {-999.0 23.044188 18.557621 16.399488 -999.0} sdss_psfmag_ps1 20.1315 16.61758 15.062244 9.794 63050395541640806 1153932036 bright_1x1 mwm_galactic_core_dist_apogee_sparse mwm_galactic science 0 0 0.0 0.0 -999 ""
FIBERMAP 1330 R-3C11 BOSS 0 0 0 1 0 0 -28.710024205104702 -74.86907809033724 143.1 -60.37764903824028 -52.748926430141964 317.03268 86.65815 -999.0 -999.0 -999.0 -999.0 -999.0 278.2052920831001 -8.70860632558878 278.22647764435584 -8.679301423774247 44.03562602355082 150.6860597377197 -999.0 5400.0 -999.0 1 347 {-999.0 -999.0 -999.0 -999.0 -999.0} "" -999.0 -999.0 -999.0 -999.0 -999 -999 "" "" "" "" 0 0 0.0 0.0 -999 ""
FIBERMAP 1330 R-3C11 METROLOGY 0 0 0 1 0 0 -28.901241149197592 -74.15494487621598 143.1 -60.21277963204937 -52.02835665778632 317.03268 86.65815 -999.0 -999.0 -999.0 -999.0 -999.0 278.2060408544554 -8.7052691075113 278.22724289571795 -8.676018133096532 44.038295953936185 150.6832009252864 -999.0 6231.0 -999.0 -1 -999 {-999.0 -999.0 -999.0 -999.0 -999.0} "" -999.0 -999.0 -999.0 -999.0 -999 -999 "" "" "" "" 0 0 0.0 0.0 -999 ""
FIBERMAP 1331 R-10C3 APOGEE 1 1 0 1 0 0 -138.08329100631545 -207.7763692288569 143.1 -219.18192862690236 -119.08193122657173 258.6574 109.67359 277.4777386237628 -9.004317295665397 -3.1689692 -5.197421 0.024449835 277.477726821479 -9.004347529587195 277.50003064697916 -8.977012720959122 44.058068851429034 151.76680400444846 16000.0 16600.0 2016.0 2 242 {-999.0 24.246876 23.696133 18.291328 -999.0} sdss_psfmag_gaia 21.866484 18.777262 17.104437 10.67 63050395541383873 1154740571 bright_1x1 mwm_galactic_core_dist_apogee_sparse mwm_galactic science 0 0 0.0 0.0 -999 ""
FIBERMAP 1331 R-10C3 BOSS 0 0 0 1 0 0 -138.80342571713996 -207.92887117560204 143.1 -219.88970260954014 -118.88003854840103 258.6574 109.67359 -999.0 -999.0 -999.0 -999.0 -999.0 277.47458191809955 -9.003604406574793 277.4967990966271 -8.97608517458179 44.06020326487962 151.7703499496573 -999.0 5400.0 -999.0 1 478 {-999.0 -999.0 -999.0 -999.0 -999.0} "" -999.0 -999.0 -999.0 -999.0 -999 -999 "" "" "" "" 0 0 0.0 0.0 -999 ""
FIBERMAP 1331 R-10C3 METROLOGY 0 0 0 1 0 0 -138.5765853347876 -207.22087871128028 143.1 -219.35821287292677 -118.3603468730712 258.6574 109.67359 -999.0 -999.0 -999.0 -999.0 -999.0 277.47697181973615 -9.001227210380444 277.49920640948596 -8.973757479877 44.061376318715695 151.76601670953053 -999.0 6231.0 -999.0 -1 -999 {-999.0 -999.0 -999.0 -999.0 -999.0} "" -999.0 -999.0 -999.0 -999.0 -999 -999 "" "" "" "" 0 0 0.0 0.0 -999 ""
FIBERMAP 1333 R-5C14 APOGEE 1 1 0 1 0 0 54.75504685504394 -106.86610109559463 143.1 -1.5680753287714286 -120.05053109447 232.26405 145.21007 278.4754116033985 -9.01530567865608 0.597333 -2.7863758 1.531663 278.47540589456037 -9.015330862700074 278.4973490336608 -8.985369830589653 43.645739586052336 150.5261189989695 16000.0 16600.0 2016.0 2 195 {-999.0 17.3991 15.847753 15.039239 -999.0} sdss_psfmag_ps1 16.726566 15.586238 14.523979 11.925 63050395541575836 1034952141 bright_1x1 mwm_yso_pms_apogee_sagitta_edr3_single mwm_yso science 0 0 0.0 0.0 -999 ""
FIBERMAP 1333 R-5C14 BOSS 0 0 0 1 0 0 54.037608918997144 -107.07100196336877 143.1 -2.297963437173646 -119.89621091122325 232.26405 145.21007 -999.0 -999.0 -999.0 -999.0 -999.0 278.47213374138045 -9.01486979160878 278.4939862985505 -8.984723301860145 43.64771787337448 150.52991286730162 -999.0 5400.0 -999.0 1 325 {-999.0 -999.0 -999.0 -999.0 -999.0} "" -999.0 -999.0 -999.0 -999.0 -999 -999 "" "" "" "" 0 0 0.0 0.0 -999 ""
FIBERMAP 1333 R-5C14 METROLOGY 0 0 0 1 0 0 54.22095765390613 -106.33831871273148 143.1 -1.7933694178421349 -119.33436352511644 232.26405 145.21007 -999.0 -999.0 -999.0 -999.0 -999.0 278.4744399047789 -9.012260389560154 278.4963106630357 -8.982164090942602 43.64908014868299 150.5255503189915 -999.0 6231.0 -999.0 -1 -999 {-999.0 -999.0 -999.0 -999.0 -999.0} "" -999.0 -999.0 -999.0 -999.0 -999 -999 "" "" "" "" 0 0 0.0 0.0 -999 ""
FIBERMAP 1334 R-4C16 APOGEE 0 0 0 1 0 0 103.72162761354706 -93.9581541944768 143.1 47.74475804144749 -131.53503268629606 19.450516 30.27353 -999.0 -999.0 -999.0 -999.0 -999.0 278.70240854694777 -9.067840820120882 278.72439402777394 -9.037259729807275 43.5043605790325 150.27541253637915 -999.0 16600.0 -999.0 2 -999 {-999.0 -999.0 -999.0 -999.0 -999.0} "" -999.0 -999.0 -999.0 -999.0 -999 -999 "" "" "" "" 0 0 0.0 0.0 -999 ""
FIBERMAP 1334 R-4C16 BOSS 1 1 0 1 0 0 103.23839274168051 -94.53794428051314 143.1 47.04659672285871 -131.82154546299313 19.450516 30.27353 278.69935959181936 -9.069371695730506 0.7660084 -0.9114706 0.418174 278.69930082165433 -9.069385826052727 278.72119954446737 -9.038617286849819 43.50446171317026 150.28014564045415 5400.0 5400.0 2016.0 1 283 {-999.0 19.231499 17.714878 16.848557 16.244064} sdss_psfmag_from_ps1dr2 18.6025 17.5633 16.5374 12.06 63050395541562751 1040011512 "" ops_std_boss_ps1dr2 ops_std standard_boss 0 0 0.0 0.0 -999 ""
FIBERMAP 1334 R-4C16 METROLOGY 0 0 0 1 0 0 102.98514282358298 -93.83877188982763 143.1 47.1496450725168 -131.08519676348632 19.450516 30.27353 -999.0 -999.0 -999.0 -999.0 -999.0 278.69975629317986 -9.065982081129766 278.72167229232696 -9.035269147870311 43.50729983317714 150.27761346487472 -999.0 6231.0 -999.0 -1 -999 {-999.0 -999.0 -999.0 -999.0 -999.0} "" -999.0 -999.0 -999.0 -999.0 -999 -999 "" "" "" "" 0 0 0.0 0.0 -999 ""
FIBERMAP 1335 R-7C1 APOGEE 1 1 0 1 0 0 -200.7812949439862 -145.02860373577013 143.1 -245.26033406816026 -34.31097032746059 339.6218 101.25189 277.36013923312197 -8.619788885129744 3.986638 -11.278239 1.2521359 277.36017484394563 -8.61981506378118 277.3815484403929 -8.592961575914229 44.456743375398425 151.7003620578784 16000.0 16600.0 2016.0 2 260 {-999.0 16.931425 15.22875 14.489176 -999.0} sdss_psfmag_ps1 16.11999 14.989466 13.943665 11.5 63050395541851131 1034952350 bright_1x1 mwm_yso_pms_apogee_sagitta_edr3_single mwm_yso science 0 0 0.0 0.0 -999 ""
FIBERMAP 1335 R-7C1 BOSS 0 0 0 1 0 0 -200.90890759225283 -145.7645762964761 143.1 -245.71720473066986 -34.90178271191765 339.6218 101.25189 -999.0 -999.0 -999.0 -999.0 -999.0 277.35816137546897 -8.622668809312719 277.3794581643728 -8.59562899245182 44.45513555588914 151.70451842141165 -999.0 5400.0 -999.0 1 500 {-999.0 -999.0 -999.0 -999.0 -999.0} "" -999.0 -999.0 -999.0 -999.0 -999 -999 "" "" "" "" 0 0 0.0 0.0 -999 ""
FIBERMAP 1335 R-7C1 METROLOGY 0 0 0 1 0 0 -201.48270680542404 -145.2835555549728 143.1 -245.99945775234733 -34.2083791672762 339.6218 101.25189 -999.0 -999.0 -999.0 -999.0 -999.0 277.3568790087084 -8.619464888933425 277.37819220156376 -8.592483828051149 44.45851844874413 151.70434701158706 -999.0 6231.0 -999.0 -1 -999 {-999.0 -999.0 -999.0 -999.0 -999.0} "" -999.0 -999.0 -999.0 -999.0 -999 -999 "" "" "" "" 0 0 0.0 0.0 -999 ""
FIBERMAP 1336 R-9C8 APOGEE 1 1 0 1 0 0 -46.16261115983362 -187.81445037359333 143.1 -128.6071268381765 -144.4138847469726 260.4083 78.30421 277.89093017578125 -9.122684496432143 -999.0 -999.0 -999.0 277.89095848389707 -9.122743278783272 277.9134027391925 -9.09426890568381 43.78525565353674 151.3148282247298 16000.0 16600.0 2015.5 2 173 {-999.0 -999.0 -999.0 -999.0 -999.0} "" -999.0 -999.0 -999.0 -999.0 27021603148722901 848994729 "" ops_sky_apogee_good ops_sky sky_apogee 0 0 0.0 0.0 -999 ""
FIBERMAP 1336 R-9C8 BOSS 0 0 0 1 0 0 -46.85452060990061 -187.55741340341905 143.1 -129.0984863269551 -143.86322553749292 260.4083 78.30421 -999.0 -999.0 -999.0 -999.0 -999.0 277.8887597887349 -9.120468615450331 277.9111110190571 -9.091806765347645 43.788427682723984 151.3162949467706 -999.0 5400.0 -999.0 1 383 {-999.0 -999.0 -999.0 -999.0 -999.0} "" -999.0 -999.0 -999.0 -999.0 -999 -999 "" "" "" "" 0 0 0.0 0.0 -999 ""
FIBERMAP 1336 R-9C8 METROLOGY 0 0 0 1 0 0 -46.284327614934725 -187.0751829828701 143.1 -128.36908010809398 -143.70359361807442 260.4083 78.30421 -999.0 -999.0 -999.0 -999.0 -999.0 277.89208476977285 -9.119710736894493 277.9144577468519 -9.091095552985598 43.787725920567446 151.31171441705598 -999.0 6231.0 -999.0 -1 -999 {-999.0 -999.0 -999.0 -999.0 -999.0} "" -999.0 -999.0 -999.0 -999.0 -999 -999 "" "" "" "" 0 0 0.0 0.0 -999 ""
FIBERMAP 1338 R-8C12 APOGEE 0 0 0 1 0 0 42.47626945905517 -140.73299702235633 143.1 -28.253913733447394 -144.24249127555657 110.67443 104.74153 -999.0 -999.0 -999.0 -999.0 -999.0 278.35222358122115 -9.124641035956191 278.3744915916001 -9.094953839977558 43.59682668163328 150.74162034513677 -999.0 16600.0 -999.0 2 -999 {-999.0 -999.0 -999.0 -999.0 -999.0} "" -999.0 -999.0 -999.0 -999.0 -999 -999 "" "" "" "" 0 0 0.0 0.0 -999 ""
FIBERMAP 1338 R-8C12 BOSS 1 1 0 1 0 0 43.0647461613967 -140.3058952402132 143.1 -27.53412165570581 -144.14013167859923 110.67443 104.74153 278.355646644652 -9.124442474775966 -1.17516 -1.0577571 0.50946295 278.35561806840843 -9.124441143855346 278.37779388279915 -9.0945502569359 43.59583637455221 150.7372944771784 5400.0 5400.0 2016.0 1 382 {-999.0 18.01749 16.65102 15.883316 15.304162} sdss_psfmag_from_ps1dr2 17.4694 16.5285 15.5468 13.428 63050395541555178 1040011480 "" ops_std_boss_ps1dr2 ops_std standard_boss 0 0 0.0 0.0 -999 ""
FIBERMAP 1338 R-8C12 METROLOGY 0 0 0 1 0 0 43.15852162206388 -141.0349804102798 143.1 -27.792103046365526 -144.82836045253774 110.67443 104.74153 -999.0 -999.0 -999.0 -999.0 -999.0 278.35440011664855 -9.127488320691526 278.37660971881354 -9.09765445442584 43.593500589462664 150.7405465675013 -999.0 6231.0 -999.0 -1 -999 {-999.0 -999.0 -999.0 -999.0 -999.0} "" -999.0 -999.0 -999.0 -999.0 -999 -999 "" "" "" "" 0 0 0.0 0.0 -999 ""
FIBERMAP 1339 R-4C7 APOGEE 1 1 0 1 0 0 -118.30816830957524 -60.68734827850811 143.1 -132.9368414583631 1.674344898412402 146.94257 74.24721 277.87262159461585 -8.459247850608827 -1.9364506 -6.652261 -0.46146768 277.8726117389014 -8.459265432563845 277.89338445061355 -8.431137588464711 44.398008537005865 150.96075567961972 16000.0 16600.0 2016.0 2 259 {-999.0 23.724506 21.055983 16.882174 -999.0} sdss_psfmag_ps1 21.867308 16.558996 14.829378 8.292 63050395541834146 1153932904 bright_1x1 mwm_galactic_core_dist_apogee_sparse mwm_galactic science 0 0 0.0 0.0 -999 ""
FIBERMAP 1339 R-4C7 BOSS 0 0 0 1 0 0 -117.75946840565783 -60.19201504001343 143.1 -132.2203056133778 1.855605949425974 146.94257 74.24721 -999.0 -999.0 -999.0 -999.0 -999.0 277.8759296212031 -8.458643412683104 277.8966125445657 -8.430317295331154 44.39743802107252 150.95621103527805 -999.0 5400.0 -999.0 1 460 {-999.0 -999.0 -999.0 -999.0 -999.0} "" -999.0 -999.0 -999.0 -999.0 -999 -999 "" "" "" "" 0 0 0.0 0.0 -999 ""
FIBERMAP 1339 R-4C7 METROLOGY 0 0 0 1 0 0 -117.58895859391082 -60.92321482715412 143.1 -132.41145557442917 1.1296332682629315 146.94257 74.24721 -999.0 -999.0 -999.0 -999.0 -999.0 277.87502584645136 -8.461889423977293 277.8957419577698 -8.433618017118965 44.39478684132675 150.95921520560043 -999.0 6231.0 -999.0 -1 -999 {-999.0 -999.0 -999.0 -999.0 -999.0} "" -999.0 -999.0 -999.0 -999.0 -999 -999 "" "" "" "" 0 0 0.0 0.0 -999 ""
FIBERMAP 1340 R+9C17 APOGEE 0 0 0 1 0 0 182.3830896610865 190.0063707065697 143.1 250.02752953909447 82.6651866760577 110.19056 37.351482 -999.0 -999.0 -999.0 -999.0 -999.0 279.6276808753555 -8.09622965400469 279.6468560489538 -8.063659843277051 43.987475124558166 148.55387672862912 -999.0 16600.0 -999.0 2 -999 {-999.0 -999.0 -999.0 -999.0 -999.0} "" -999.0 -999.0 -999.0 -999.0 -999 -999 "" "" "" "" 0 0 0.0 0.0 -999 ""
FIBERMAP 1340 R+9C17 BOSS 1 1 0 1 0 0 183.01589035786105 189.62353548235643 143.1 250.40783361838166 82.0309779032587 110.19056 37.351482 279.62951660156244 -8.099320207574621 -999.0 -999.0 -999.0 279.6295128778112 -8.099289501826474 279.64860036322773 -8.066523974666017 43.98414225874581 148.5534885783188 5400.0 5400.0 2015.5 1 240 {-999.0 -999.0 -999.0 -999.0 -999.0} "" -999.0 -999.0 -999.0 -999.0 27021603150162945 852848914 "" ops_sky_boss_fallback ops_sky sky_boss 0 0 0.0 0.0 -999 ""
FIBERMAP 1340 R+9C17 METROLOGY 0 0 0 1 0 0 182.36063008450867 189.26061099464383 143.1 249.65902052711263 82.01656281639187 110.19056 37.351482 -999.0 -999.0 -999.0 -999.0 -999.0 279.6261085732515 -8.099287136717146 279.64522423324496 -8.06658425020596 43.98556920719784 148.55769059975628 -999.0 6231.0 -999.0 -1 -999 {-999.0 -999.0 -999.0 -999.0 -999.0} "" -999.0 -999.0 -999.0 -999.0 -999 -999 "" "" "" "" 0 0 0.0 0.0 -999 ""
FIBERMAP 1341 R-6C4 APOGEE 0 0 0 1 0 0 -172.7096934669874 -121.61733813226904 143.1 -209.50456732448336 -26.743483613714417 222.3924 90.23465 -999.0 -999.0 -999.0 -999.0 -999.0 277.52240599985817 -8.586613693723727 277.5436341068144 -8.559348832129126 44.4226318700664 151.4760333798869 -999.0 16600.0 -999.0 2 -999 {-999.0 -999.0 -999.0 -999.0 -999.0} "" -999.0 -999.0 -999.0 -999.0 -999 -999 "" "" "" "" 0 0 0.0 0.0 -999 ""
FIBERMAP 1341 R-6C4 BOSS 1 1 0 1 0 0 -173.22585525129907 -121.0866227233779 143.1 -209.71264538725592 -26.033105200397518 222.3924 90.23465 277.5215148925781 -8.583540922534539 -999.0 -999.0 -999.0 277.52151196813503 -8.583580954674936 277.54264723651676 -8.556129525778218 44.42597008508049 151.47545165603412 5400.0 5400.0 2015.5 1 453 {-999.0 -999.0 -999.0 -999.0 -999.0} "" -999.0 -999.0 -999.0 -999.0 27021603148726851 852784191 "" ops_sky_boss_fallback ops_sky sky_boss 0 0 0.0 0.0 -999 ""
FIBERMAP 1341 R-6C4 METROLOGY 0 0 0 1 0 0 -172.49688433631553 -120.9022337661696 143.1 -208.98215385159136 -26.210946322456344 222.3924 90.23465 -999.0 -999.0 -999.0 -999.0 -999.0 277.52481470600367 -8.584353412503456 277.54597489558546 -8.556946877293814 44.42388686007313 151.47170583139106 -999.0 6231.0 -999.0 -1 -999 {-999.0 -999.0 -999.0 -999.0 -999.0} "" -999.0 -999.0 -999.0 -999.0 -999 -999 "" "" "" "" 0 0 0.0 0.0 -999 ""
FIBERMAP 1342 R+2C4 APOGEE 0 0 0 1 0 0 -213.46307690739673 42.44850047539686 143.1 -168.81931520117305 137.31576780823508 155.1614 123.87986 -999.0 -999.0 -999.0 -999.0 -999.0 277.7126508904776 -7.8432896223151705 277.7319283983266 -7.815853650600025 45.02434299609271 150.80772519251363 -999.0 16600.0 -999.0 2 -999 {-999.0 -999.0 -999.0 -999.0 -999.0} "" -999.0 -999.0 -999.0 -999.0 -999 -999 "" "" "" "" 0 0 0.0 0.0 -999 ""
FIBERMAP 1342 R+2C4 BOSS 1 1 0 1 0 0 -213.59333716754549 43.16857983325279 143.1 -168.59779055017685 138.01309440509033 155.1614 123.87986 277.7137448433934 -7.840286643199651 1.8010633 -0.98990065 0.6701025 277.71374041493124 -7.840297781522098 277.7329247583906 -7.812674659642135 45.02682810101926 150.80459182268274 5400.0 5400.0 2016.0 1 35 {-999.0 17.725153 16.548199 15.906009 -999.0} sdss_psfmag_ps1 17.270506 16.37188 15.412772 13.662 63050395541947935 981886373 "" ops_std_boss_tic ops_std standard_boss 0 0 0.0 0.0 -999 ""
FIBERMAP 1342 R+2C4 METROLOGY 0 0 0 1 0 0 -212.89198704141893 42.928623736121914 143.1 -168.09010144373843 137.4731180519834 155.1614 123.87986 -999.0 -999.0 -999.0 -999.0 -999.0 277.7160105914908 -7.842689209994786 277.73522425972794 -7.815111668683137 45.02366656186779 150.80308540191777 -999.0 6231.0 -999.0 -1 -999 {-999.0 -999.0 -999.0 -999.0 -999.0} "" -999.0 -999.0 -999.0 -999.0 -999 -999 "" "" "" "" 0 0 0.0 0.0 -999 ""
FIBERMAP 1345 R-1C16 APOGEE 1 1 0 1 0 0 50.55895235851409 -12.432520465239623 143.1 38.8730084833396 -34.625613674523024 81.96083 153.09183 278.6627197265625 -8.627162363774744 -999.0 -999.0 -999.0 278.6627270085133 -8.627153040935148 278.6836172110998 -8.59687575673997 43.920407909202474 150.06804489842796 16000.0 16600.0 2015.5 2 231 {-999.0 -999.0 -999.0 -999.0 -999.0} "" -999.0 -999.0 -999.0 -999.0 27021603148723499 848994723 "" ops_sky_apogee_good ops_sky sky_apogee 0 0 0.0 0.0 -999 ""
FIBERMAP 1345 R-1C16 BOSS 0 0 0 1 0 0 50.989009904362675 -11.817712245919392 143.1 39.540541854476864 -34.28328931502953 81.96083 153.09183 -999.0 -999.0 -999.0 -999.0 -999.0 278.6659181440648 -8.625810840107437 278.6867127559945 -8.595333910375265 43.92050512276888 150.06328883660026 -999.0 5400.0 -999.0 1 281 {-999.0 -999.0 -999.0 -999.0 -999.0} "" -999.0 -999.0 -999.0 -999.0 -999 -999 "" "" "" "" 0 0 0.0 0.0 -999 ""
FIBERMAP 1345 R-1C16 METROLOGY 0 0 0 1 0 0 51.31015668998129 -12.493524827500849 143.1 39.50842394659093 -35.03073516849049 81.96083 153.09183 -999.0 -999.0 -999.0 -999.0 -999.0 278.6657325843817 -8.629157626351804 278.686561472908 -8.598734036310795 43.917489861166885 150.0654801176599 -999.0 6231.0 -999.0 -1 -999 {-999.0 -999.0 -999.0 -999.0 -999.0} "" -999.0 -999.0 -999.0 -999.0 -999 -999 "" "" "" "" 0 0 0.0 0.0 -999 ""
FIBERMAP 1346 R+3C6 APOGEE 0 0 0 1 0 0 -140.18038602968198 70.30113826941894 143.1 -91.02823230566469 127.67151955440103 69.53644 114.57824 -999.0 -999.0 -999.0 -999.0 -999.0 278.06769174523373 -7.887148526054291 278.0869465879678 -7.858761741883291 44.83876468808452 150.38139312614632 -999.0 16600.0 -999.0 2 -999 {-999.0 -999.0 -999.0 -999.0 -999.0} "" -999.0 -999.0 -999.0 -999.0 -999 -999 "" "" "" "" 0 0 0.0 0.0 -999 ""
FIBERMAP 1346 R+3C6 BOSS 1 1 0 1 0 0 -139.45179824059431 70.35610431318199 143.1 -90.3585873623036 127.37946980503236 69.53644 114.57824 278.0708312988281 -7.888614880866598 -999.0 -999.0 -999.0 278.0708056161483 -7.888616170992466 278.08997604791733 -7.860034259416539 44.836350524860904 150.37830440847094 5400.0 5400.0 2015.5 1 39 {-999.0 -999.0 -999.0 -999.0 -999.0} "" -999.0 -999.0 -999.0 -999.0 27021603148730318 852784889 "" ops_sky_boss_fallback ops_sky sky_boss 0 0 0.0 0.0 -999 ""
FIBERMAP 1346 R+3C6 METROLOGY 0 0 0 1 0 0 -139.75178844146168 69.6904287739274 143.1 -90.93494497699378 126.93137816415926 69.53644 114.57824 -999.0 -999.0 -999.0 -999.0 -999.0 278.0681343647089 -7.890599540778639 278.0873354464098 -7.8620765583881145 44.83559407109599 150.3828610875977 -999.0 6231.0 -999.0 -1 -999 {-999.0 -999.0 -999.0 -999.0 -999.0} "" -999.0 -999.0 -999.0 -999.0 -999 -999 "" "" "" "" 0 0 0.0 0.0 -999 ""
FIBERMAP 1349 R-5C10 APOGEE 1 1 0 1 0 0 -16.50382952128388 -89.97769264349836 143.1 -56.65305784265852 -71.80901731488784 63.19424 70.31719 278.2221729652249 -8.795170413839811 -2.082503 -5.586909 0.6245455 278.22216212777784 -8.795197996434561 278.2436487508796 -8.766001689400808 43.94973063094459 150.7147819584704 16000.0 16600.0 2016.0 2 289 {-999.0 25.032084 23.900715 19.462257 -999.0} sdss_psfmag_gaia 22.814709 20.044458 18.391384 12.233 63050395541636949 1034645580 bright_1x1 mwm_yso_disk_apogee_single mwm_yso science 0 0 0.0 0.0 -999 ""
FIBERMAP 1349 R-5C10 BOSS 0 0 0 1 0 0 -15.987995802860244 -90.53245000858288 143.1 -56.45650986176497 -72.54049133271263 63.19424 70.31719 -999.0 -999.0 -999.0 -999.0 -999.0 278.22311894228073 -8.798758554771288 278.2445250336768 -8.769365621518459 43.946311438309536 150.71563272868636 -999.0 5400.0 -999.0 1 398 {-999.0 -999.0 -999.0 -999.0 -999.0} "" -999.0 -999.0 -999.0 -999.0 -999 -999 "" "" "" "" 0 0 0.0 0.0 -999 ""
FIBERMAP 1349 R-5C10 METROLOGY 0 0 0 1 0 0 -16.710525169696925 -90.69809210933191 143.1 -57.17254361371323 -72.3490927532197 63.19424 70.31719 -999.0 -999.0 -999.0 -999.0 -999.0 278.2198039819766 -8.797812907163731 278.24123425444645 -8.768483668227526 43.948466856537486 150.7192304555738 -999.0 6231.0 -999.0 -1 -999 {-999.0 -999.0 -999.0 -999.0 -999.0} "" -999.0 -999.0 -999.0 -999.0 -999 -999 "" "" "" "" 0 0 0.0 0.0 -999 ""
FIBERMAP 1351 R-3C8 APOGEE 0 0 0 1 0 0 -94.4010513835876 -62.71559689492549 143.1 -112.75528354344107 -11.295367843570478 261.48468 165.33902 -999.0 -999.0 -999.0 -999.0 -999.0 277.96496696166736 -8.518674219027506 277.9858544470276 -8.490277371371183 44.30636094009724 150.87844840992364 -999.0 16600.0 -999.0 2 -999 {-999.0 -999.0 -999.0 -999.0 -999.0} "" -999.0 -999.0 -999.0 -999.0 -999 -999 "" "" "" "" 0 0 0.0 0.0 -999 ""
FIBERMAP 1351 R-3C8 BOSS 1 1 0 1 0 0 -94.68446791772737 -63.4102187894095 143.1 -113.33052590684254 -11.776791660657482 261.48468 165.33902 277.96234130859375 -8.521064880749279 -999.0 -999.0 -999.0 277.962352167932 -8.521050359849687 277.98315920285677 -8.492468966040276 44.305468601072434 150.88310671920232 5400.0 5400.0 2015.5 1 469 {-999.0 -999.0 -999.0 -999.0 -999.0} "" -999.0 -999.0 -999.0 -999.0 27021603148727138 852784249 "" ops_sky_boss_fallback ops_sky sky_boss 0 0 0.0 0.0 -999 ""
FIBERMAP 1351 R-3C8 METROLOGY 0 0 0 1 0 0 -95.14052689894058 -62.814783298758144 143.1 -113.45522533910608 -11.03731109415124 261.48468 165.33902 -999.0 -999.0 -999.0 -999.0 -999.0 277.96177716495305 -8.517626749394626 277.9826005606104 -8.489102354524896 44.30876217682584 150.88186332469675 -999.0 6231.0 -999.0 -1 -999 {-999.0 -999.0 -999.0 -999.0 -999.0} "" -999.0 -999.0 -999.0 -999.0 -999 -999 "" "" "" "" 0 0 0.0 0.0 -999 ""
FIBERMAP 1353 R-12C3 APOGEE 0 0 0 1 0 0 -96.52231127070247 -222.21184788542132 143.1 -189.19801657133212 -151.27107353194683 78.0409 66.441154 -999.0 -999.0 -999.0 -999.0 -999.0 277.614146944571 -9.15108535287473 277.63677046904604 -9.123325637537194 43.869715593075426 151.67713470016392 -999.0 16600.0 -999.0 2 -999 {-999.0 -999.0 -999.0 -999.0 -999.0} "" -999.0 -999.0 -999.0 -999.0 -999 -999 "" "" "" "" 0 0 0.0 0.0 -999 ""
FIBERMAP 1353 R-12C3 BOSS 1 1 0 1 0 0 -95.90521873607717 -222.6546084162694 143.1 -188.85961218394843 -151.95090213800083 78.0409 66.441154 277.6157484824218 -9.154342909580485 -0.47646898 -2.5106103 0.32289875 277.6157566574625 -9.154378784359077 277.63830102827285 -9.12641914273515 43.866275251618475 151.6769510988856 5400.0 5400.0 2016.0 1 350 {-999.0 17.234354 15.848325 15.19445 -999.0} sdss_psfmag_ps1 16.671917 15.66217 14.641473 12.737 63050395541062849 1034701902 bright_1x1 mwm_yso_disk_boss_single mwm_yso science 0 0 0.0 0.0 -999 ""
FIBERMAP 1353 R-12C3 METROLOGY 0 0 0 1 0 0 -96.59034204946764 -222.95483765227706 143.1 -189.6055077329141 -151.89594372364434 78.0409 66.441154 -999.0 -999.0 -999.0 -999.0 -999.0 277.6123414926453 -9.154033904129328 277.63491094325605 -9.126138434943071 43.86788441127177 151.68104068037076 -999.0 6231.0 -999.0 -1 -999 {-999.0 -999.0 -999.0 -999.0 -999.0} "" -999.0 -999.0 -999.0 -999.0 -999 -999 "" "" "" "" 0 0 0.0 0.0 -999 ""
FIBERMAP 1354 R+3C8 APOGEE 0 0 0 1 0 0 -106.87990307670955 71.459278467803 143.1 -61.05483866095115 113.12643109938759 125.542015 105.850655 -999.0 -999.0 -999.0 -999.0 -999.0 278.2048270254838 -7.953361289275415 278.2241967604786 -7.924585598661987 44.72188390700282 150.24660063032854 -999.0 16600.0 -999.0 2 -999 {-999.0 -999.0 -999.0 -999.0 -999.0} "" -999.0 -999.0 -999.0 -999.0 -999 -999 "" "" "" "" 0 0 0.0 0.0 -999 ""
FIBERMAP 1354 R+3C8 BOSS 1 1 0 1 0 0 -106.39019939069095 72.04973995647461 143.1 -60.34597090718165 113.41935126438662 125.542015 105.850655 278.2081604003906 -7.952168175146312 -999.0 -999.0 -999.0 278.2081483487361 -7.952176422812223 278.22742616338996 -7.923205656776128 44.72178763001046 150.24169977169672 5400.0 5400.0 2015.5 1 52 {-999.0 -999.0 -999.0 -999.0 -999.0} "" -999.0 -999.0 -999.0 -999.0 27021603148730251 852784875 "" ops_sky_boss_fallback ops_sky sky_boss 0 0 0.0 0.0 -999 ""
FIBERMAP 1354 R+3C8 METROLOGY 0 0 0 1 0 0 -106.14187977800408 71.34980887805457 143.1 -60.45373150731384 112.68463703753788 125.542015 105.850655 -999.0 -999.0 -999.0 -999.0 -999.0 278.207618673496 -7.955466860807912 278.22692982210106 -7.926548980987842 44.7189627581475 150.24430988260409 -999.0 6231.0 -999.0 -1 -999 {-999.0 -999.0 -999.0 -999.0 -999.0} "" -999.0 -999.0 -999.0 -999.0 -999 -999 "" "" "" "" 0 0 0.0 0.0 -999 ""
FIBERMAP 1355 R0C10 APOGEE 0 0 0 1 0 0 -77.62604086967256 -13.525774701974305 143.1 -74.93174804617014 24.337356670228353 349.47186 75.52644 -999.0 -999.0 -999.0 -999.0 -999.0 278.13937798423336 -8.357056395753208 278.1597904828784 -8.328273707597504 44.382175708920684 150.56545323374613 -999.0 16600.0 -999.0 2 -999 {-999.0 -999.0 -999.0 -999.0 -999.0} "" -999.0 -999.0 -999.0 -999.0 -999 -999 "" "" "" "" 0 0 0.0 0.0 -999 ""
FIBERMAP 1355 R0C10 BOSS 1 1 0 1 0 0 -77.93142033384171 -14.206297693242359 143.1 -75.51981034972201 23.87866201371109 349.47186 75.52644 278.13669343475533 -8.359317864144638 1.2952251 -3.6097205 0.7241271 278.13671395725504 -8.359314021406984 278.15704516826287 -8.330347842442585 44.381425468476216 150.57011862550394 5400.0 5400.0 2016.0 1 491 {-999.0 18.278555 16.75587 15.810306 -999.0} sdss_psfmag_ps1 17.594725 16.331059 15.228897 12.47 63050395541830000 1035046896 bright_1x1 mwm_yso_pms_boss_sagitta_edr3_single mwm_yso science 0 0 0.0 0.0 -999 ""
FIBERMAP 1355 R0C10 METROLOGY 0 0 0 1 0 0 -78.36930670269426 -13.59071992484986 143.1 -75.61903135222742 24.62744882878241 349.47186 75.52644 -999.0 -999.0 -999.0 -999.0 -999.0 278.1362531255923 -8.355850716936887 278.1566007204943 -8.326941002377662 44.38470468724286 150.56868711625378 -999.0 6231.0 -999.0 -1 -999 {-999.0 -999.0 -999.0 -999.0 -999.0} "" -999.0 -999.0 -999.0 -999.0 -999 -999 "" "" "" "" 0 0 0.0 0.0 -999 ""
FIBERMAP 1356 R+8C9 APOGEE 0 0 0 1 0 0 -17.395469855732337 137.4999802232477 143.1 48.90955180086531 129.6592475614214 324.11578 74.189095 -999.0 -999.0 -999.0 -999.0 -999.0 278.71008217191707 -7.8796423971615255 278.72907326277596 -7.8495740065797435 44.57688675378245 149.56562008075443 -999.0 16600.0 -999.0 2 -999 {-999.0 -999.0 -999.0 -999.0 -999.0} "" -999.0 -999.0 -999.0 -999.0 -999 -999 "" "" "" "" 0 0 0.0 0.0 -999 ""
FIBERMAP 1356 R+8C9 BOSS 1 1 0 1 0 0 -18.00579847382699 137.02175904719854 143.1 48.14654695469533 129.5219233897362 324.11578 74.189095 278.7066650390625 -7.8803772076661005 -999.0 -999.0 -999.0 278.7066891246568 -7.880387899379712 278.7255935119452 -7.8501410852619475 44.57785685967131 149.57033166864917 5400.0 5400.0 2015.5 1 123 {-999.0 -999.0 -999.0 -999.0 -999.0} "" -999.0 -999.0 -999.0 -999.0 27021603148729672 852784759 "" ops_sky_boss_fallback ops_sky sky_boss 0 0 0.0 0.0 -999 ""
FIBERMAP 1356 R+8C9 METROLOGY 0 0 0 1 0 0 -18.09139702380049 137.7689548637929 143.1 48.420222451397464 130.2223360011793 324.11578 74.189095 -999.0 -999.0 -999.0 -999.0 -999.0 278.70791851384797 -7.877172874639914 278.7268398211948 -7.84697726090262 44.58018252491495 149.56685699395885 -999.0 6231.0 -999.0 -1 -999 {-999.0 -999.0 -999.0 -999.0 -999.0} "" -999.0 -999.0 -999.0 -999.0 -999 -999 "" "" "" "" 0 0 0.0 0.0 -999 ""
FIBERMAP 1357 R+3C5 APOGEE 1 1 0 1 0 0 -179.67304852023054 50.389368064044504 143.1 -135.24217719256546 128.53657876881525 217.89468 113.18249 277.8653995452573 -7.882982163905946 4.1015515 -6.5057554 0.16743131 277.8654168532582 -7.883020150589093 277.88473743385606 -7.855165905127229 44.925737744283104 150.63610783321374 16000.0 16600.0 2016.0 2 148 {-999.0 24.64141 20.20265 17.818138 -999.0} sdss_psfmag_ps1 21.432837 18.043598 16.429598 10.897 63050395542017800 1153934543 bright_1x1 mwm_galactic_core_dist_apogee_sparse mwm_galactic science 0 0 0.0 0.0 -999 ""
FIBERMAP 1357 R+3C5 BOSS 0 0 0 1 0 0 -180.3304918309 50.744525689641165 143.1 -135.65720100107475 129.15784622042884 217.89468 113.18249 -999.0 -999.0 -999.0 -999.0 -999.0 277.8635892042983 -7.8803559748432725 277.88281778917747 -7.852321666573829 44.92911541352102 150.63687792631202 -999.0 5400.0 -999.0 1 40 {-999.0 -999.0 -999.0 -999.0 -999.0} "" -999.0 -999.0 -999.0 -999.0 -999 -999 "" "" "" "" 0 0 0.0 0.0 -999 ""
FIBERMAP 1357 R+3C5 METROLOGY 0 0 0 1 0 0 -179.69680392556867 51.13425254792048 143.1 -134.9149235177271 129.20603556686123 217.89468 113.18249 -999.0 -999.0 -999.0 -999.0 -999.0 277.86696473926185 -7.880094223591713 277.8862157469295 -7.852103889467925 44.92791228343992 150.6324269039425 -999.0 6231.0 -999.0 -1 -999 {-999.0 -999.0 -999.0 -999.0 -999.0} "" -999.0 -999.0 -999.0 -999.0 -999 -999 "" "" "" "" 0 0 0.0 0.0 -999 ""
FIBERMAP 1358 R-3C14 APOGEE 1 1 0 1 0 0 44.90472545782632 -74.13997452441431 143.1 5.02608591885399 -86.52099013919738 353.46103 60.352955 278.5061645507812 -8.863041866649425 -999.0 -999.0 -999.0 278.5061787476444 -8.863058515686904 278.5277253695237 -8.833085727599792 43.77137676900917 150.400038312734 16000.0 16600.0 2015.5 2 215 {-999.0 -999.0 -999.0 -999.0 -999.0} "" -999.0 -999.0 -999.0 -999.0 27021603148723287 848994696 "" ops_sky_apogee_good ops_sky sky_apogee 0 0 0.0 0.0 -999 ""
FIBERMAP 1358 R-3C14 BOSS 0 0 0 1 0 0 44.47558957082749 -74.75072085339266 143.1 4.361266157130181 -86.8601553766845 353.46103 60.352955 -999.0 -999.0 -999.0 -999.0 -999.0 278.503203239146 -8.864831199092125 278.52466490981305 -8.834672137162622 43.77120834362279 150.4047617717219 -999.0 5400.0 -999.0 1 264 {-999.0 -999.0 -999.0 -999.0 -999.0} "" -999.0 -999.0 -999.0 -999.0 -999 -999 "" "" "" "" 0 0 0.0 0.0 -999 ""
FIBERMAP 1358 R-3C14 METROLOGY 0 0 0 1 0 0 44.157174963416445 -74.07505493892654 143.1 4.395730273820945 -86.1141165035272 353.46103 60.352955 -999.0 -999.0 -999.0 -999.0 -999.0 278.50334475882596 -8.861375205778295 278.52482333111226 -8.831272127856543 43.77422769424672 150.40258611991794 -999.0 6231.0 -999.0 -1 -999 {-999.0 -999.0 -999.0 -999.0 -999.0} "" -999.0 -999.0 -999.0 -999.0 -999 -999 "" "" "" "" 0 0 0.0 0.0 -999 ""
FIBERMAP 1359 R-7C12 APOGEE 1 1 0 1 0 0 43.2536986742467 -134.71991862261905 143.1 -24.75555661541926 -139.29142190471524 336.72943 144.15627 278.3683856990497 -9.102294188900668 -2.476698 -3.952805 0.28262565 278.36838224733185 -9.102267191748625 278.3905873219435 -9.072547734253144 43.61057936525075 150.70878012065498 16000.0 16600.0 2016.0 2 161 {-999.0 25.148829 23.19034 19.915886 -999.0} sdss_psfmag_ps1 22.105793 19.093985 17.249975 8.943 63050395541555311 1153931577 bright_1x1 mwm_galactic_core_dist_apogee_sparse mwm_galactic science 0 0 0.0 0.0 -999 ""
FIBERMAP 1359 R-7C12 BOSS 0 0 0 1 0 0 43.622964755845544 -135.35201819443026 143.1 -24.72470852054224 -140.02272972274167 336.72943 144.15627 -999.0 -999.0 -999.0 -999.0 -999.0 278.3685968782309 -9.105833015638245 278.3907205017783 -9.075916617371954 43.60746196330064 150.71055334857098 -999.0 5400.0 -999.0 1 381 {-999.0 -999.0 -999.0 -999.0 -999.0} "" -999.0 -999.0 -999.0 -999.0 -999 -999 "" "" "" "" 0 0 0.0 0.0 -999 ""
FIBERMAP 1359 R-7C12 METROLOGY 0 0 0 1 0 0 42.88598878494577 -135.36886473058263 143.1 -25.383945500278994 -139.69306718636616 336.72943 144.15627 -999.0 -999.0 -999.0 -999.0 -999.0 278.36554015675136 -9.10426221457337 278.3876866434886 -9.074409762612275 43.610079853158446 150.71344789787037 -999.0 6231.0 -999.0 -1 -999 {-999.0 -999.0 -999.0 -999.0 -999.0} "" -999.0 -999.0 -999.0 -999.0 -999 -999 "" "" "" "" 0 0 0.0 0.0 -999 ""
FIBERMAP 1362 R-12C4 APOGEE 0 0 0 1 0 0 -77.38498557045715 -223.0554027224689 143.1 -172.67826967323643 -160.96374014281363 59.56403 95.4739 -999.0 -999.0 -999.0 -999.0 -999.0 277.6894854123638 -9.195594469183657 277.71219264787374 -9.16761653374867 43.79908727169412 151.60756889149675 -999.0 16600.0 -999.0 2 -999 {-999.0 -999.0 -999.0 -999.0 -999.0} "" -999.0 -999.0 -999.0 -999.0 -999 -999 "" "" "" "" 0 0 0.0 0.0 -999 ""
FIBERMAP 1362 R-12C4 BOSS 1 1 0 1 0 0 -76.70218071578942 -223.36860539284234 143.1 -172.22121575515294 -161.5597836440963 59.56403 95.4739 277.6916390524965 -9.198485832177893 -1.2409134 -2.874958 0.19960359 277.69163701885964 -9.198519478588961 277.71426351851466 -9.17033997093417 43.79576917796461 151.60650744188897 5400.0 5400.0 2016.0 1 351 {-999.0 17.221045 14.981007 13.729418 -999.0} sdss_psfmag_from_g3xp 16.078222 14.366348 13.122867 10.476 63050395541057753 1093181567 bright_3x1 mwm_astar_core_boss mwm_ob science 0 0 0.0 0.0 -999 ""
FIBERMAP 1362 R-12C4 METROLOGY 0 0 0 1 0 0 -77.31560291741808 -223.79826746653004 143.1 -172.96425238389904 -161.65274354806036 59.56403 95.4739 -999.0 -999.0 -999.0 -999.0 -999.0 277.6882297003341 -9.198841870117326 277.71088309621723 -9.170726317787784 43.79676753335866 151.6109514844242 -999.0 6231.0 -999.0 -1 -999 {-999.0 -999.0 -999.0 -999.0 -999.0} "" -999.0 -999.0 -999.0 -999.0 -999 -999 "" "" "" "" 0 0 0.0 0.0 -999 ""
FIBERMAP 1363 R-6C13 APOGEE 0 0 0 1 0 0 37.72830272102671 -123.88679775147996 143.1 -24.574347532349883 -127.13355307715763 198.18242 141.82042 -999.0 -999.0 -999.0 -999.0 -999.0 278.3693380615553 -9.047144312068053 278.3914034669846 -9.017447415094251 43.66032971159047 150.67603646235818 -999.0 16600.0 -999.0 2 -999 {-999.0 -999.0 -999.0 -999.0 -999.0} "" -999.0 -999.0 -999.0 -999.0 -999 -999 "" "" "" "" 0 0 0.0 0.0 -999 ""
FIBERMAP 1363 R-6C13 BOSS 1 1 0 1 0 0 37.029182204647796 -123.64010250149907 143.1 -25.076915346845063 -126.5886628542918 198.18242 141.82042 278.3671114680382 -9.044880088268238 -0.63769764 -3.1920748 0.34365878 278.36710729561605 -9.04491340661082 278.38907768096175 -9.01502904419141 43.66348560848287 150.6775286312228 5400.0 5400.0 2016.0 1 380 {-999.0 15.467822 14.260355 13.563766 -999.0} sdss_psfmag_from_g3xp 15.003753 14.08694 13.129528 11.431 63050395541595472 1093181837 bright_3x1 mwm_astar_core_boss mwm_ob science 0 0 0.0 0.0 -999 ""
FIBERMAP 1363 R-6C13 METROLOGY 0 0 0 1 0 0 37.590424228622936 -123.15355052042877 143.1 -24.35339983550821 -126.42102664361292 198.18242 141.82042 -999.0 -999.0 -999.0 -999.0 -999.0 278.37041867805135 -9.044099194688279 278.39241126894376 -9.01426157902408 43.66281029948657 150.6729495726653 -999.0 6231.0 -999.0 -1 -999 {-999.0 -999.0 -999.0 -999.0 -999.0} "" -999.0 -999.0 -999.0 -999.0 -999 -999 "" "" "" "" 0 0 0.0 0.0 -999 ""
FIBERMAP 1364 R+13C6 APOGEE 0 0 0 1 0 0 -20.4197951586112 237.47911124367673 143.1 92.97894258540893 219.43765710025608 1.4228687 58.361774 -999.0 -999.0 -999.0 -999.0 -999.0 278.91140144908906 -7.475429208380047 278.9293007738421 -7.445010625427896 44.85565237189185 149.06739457579474 -999.0 16600.0 -999.0 2 105 {-999.0 -999.0 -999.0 -999.0 -999.0} "" -999.0 -999.0 -999.0 -999.0 -999 -999 "" "" "" "" 0 0 0.0 0.0 -999 ""
FIBERMAP 1364 R+13C6 BOSS 1 1 0 1 0 0 -20.802930347263036 236.84715498296453 143.1 92.34486348717054 219.0582395979749 1.4228687 58.361774 278.90826789625345 -7.477242534203348 0.85958207 -9.955209 2.207921 278.9086161195376 -7.477270117179319 278.92643096284286 -7.446673419478256 44.855396210111294 149.07202978829739 5400.0 5400.0 2016.0 1 84 {-999.0 12.985783 12.285611 11.926613 -999.0} sdss_psfmag_from_g3xp 12.7911415 12.262954 11.568134 10.436 63050395605599518 1034893309 bright_1x1 mwm_yso_cluster_boss_single mwm_yso science 0 0 1.352218747138977 0.0 -999 ""
FIBERMAP 1364 R+13C6 METROLOGY 0 0 0 1 0 0 -21.16948140190348 237.48786914233423 143.1 92.32044251588556 219.7958919067649 1.4228687 58.361774 -999.0 -999.0 -999.0 -999.0 -999.0 278.90846656459564 -7.473915779766191 278.9262986099415 -7.4433732719518995 44.85842358316202 149.07016723862503 -999.0 6231.0 -999.0 -1 -999 {-999.0 -999.0 -999.0 -999.0 -999.0} "" -999.0 -999.0 -999.0 -999.0 -999 -999 "" "" "" "" 0 0 0.0 0.0 -999 ""
FIBERMAP 1365 R+12C3 APOGEE 0 0 0 1 0 0 -107.43850244277282 241.36669893472853 143.1 17.886800521414308 263.55672351929826 32.04324 142.36778 -999.0 -999.0 -999.0 -999.0 -999.0 278.56859340839094 -7.276512155542086 278.58612370761546 -7.247078489763926 45.181647666910564 149.37974543729737 -999.0 16600.0 -999.0 2 -999 {-999.0 -999.0 -999.0 -999.0 -999.0} "" -999.0 -999.0 -999.0 -999.0 -999 -999 "" "" "" "" 0 0 0.0 0.0 -999 ""
FIBERMAP 1365 R+12C3 BOSS 1 1 0 1 0 0 -106.69808740511151 241.31065054162733 143.1 18.51499711338335 263.1610264806085 32.04324 142.36778 278.5715705394026 -7.278476537002648 0.569256 -1.4614557 0.4240185 278.57154487041475 -7.2784586679361265 278.58899066522525 -7.248833484533948 45.178836723841414 149.3771811023483 5400.0 5400.0 2016.0 1 94 {-999.0 18.551096 16.828236 15.974783 -999.0} sdss_psfmag_ps1 17.793676 16.518604 15.404332 12.713 63050395605638159 916379382 bright_6x1 mwm_yso_cluster_boss mwm_yso science 0 0 0.0 0.0 -999 ""
FIBERMAP 1365 R+12C3 METROLOGY 0 0 0 1 0 0 -107.11624290213024 240.6937867792605 143.1 17.85702210999858 262.81132091033237 32.04324 142.36778 -999.0 -999.0 -999.0 -999.0 -999.0 278.56851684006466 -7.279957909190787 278.58599256289654 -7.250391849224225 45.178715184151876 149.38194133562695 -999.0 6231.0 -999.0 -1 -999 {-999.0 -999.0 -999.0 -999.0 -999.0} "" -999.0 -999.0 -999.0 -999.0 -999 -999 "" "" "" "" 0 0 0.0 0.0 -999 ""
FIBERMAP 1369 R-1C18 APOGEE 1 1 0 1 0 0 102.0324972428908 -30.416233975337946 143.1 75.95905929044572 -74.58512524636768 258.90958 134.22066 278.83304440616996 -8.809258361024032 -0.4879338 -3.2188723 0.6350561 278.83304388166 -8.809282114933929 278.8543255569137 -8.778475543178025 43.68429640799656 149.9633798128263 16000.0 16600.0 2016.0 2 217 {-999.0 19.638947 18.182198 17.362947 -999.0} sdss_psfmag_ps1 19.050888 17.924576 16.505342 10.92 63050395541581219 1153931667 bright_1x1 mwm_galactic_core_dist_apogee_sparse mwm_galactic science 0 0 0.0 0.0 -999 ""
FIBERMAP 1369 R-1C18 BOSS 0 0 0 1 0 0 101.40198002814705 -30.79944895965623 143.1 75.22262859601217 -74.62904157413344 258.90958 134.22066 -999.0 -999.0 -999.0 -999.0 -999.0 278.8297824997998 -8.809708731378525 278.8509744878785 -8.77871721966399 43.685488137000284 149.96766579107364 -999.0 5400.0 -999.0 1 295 {-999.0 -999.0 -999.0 -999.0 -999.0} "" -999.0 -999.0 -999.0 -999.0 -999 -999 "" "" "" "" 0 0 0.0 0.0 -999 ""
FIBERMAP 1369 R-1C18 METROLOGY 0 0 0 1 0 0 101.36928954824539 -30.05364534255959 143.1 75.5424149056674 -73.95459508126099 258.90958 134.22066 -999.0 -999.0 -999.0 -999.0 -999.0 278.8312295230386 -8.806580583249144 278.85243914395056 -8.775641485493715 43.687654588216624 149.9640433085972 -999.0 6231.0 -999.0 -1 -999 {-999.0 -999.0 -999.0 -999.0 -999.0} "" -999.0 -999.0 -999.0 -999.0 -999 -999 "" "" "" "" 0 0 0.0 0.0 -999 ""
FIBERMAP 1370 R0C23 APOGEE 1 1 0 1 0 0 213.42973272832572 -3.915310569945442 143.1 186.80493338223116 -103.24342124044763 336.59586 123.30003 279.3407295737548 -8.938722898935374 -6.1803536 -3.6523626 0.37177354 279.3406915555844 -8.938702476657985 279.3620951073003 -8.906504766917047 43.353183159982144 149.41436943493443 16000.0 16600.0 2016.0 2 89 {-999.0 15.357939 13.627473 12.710243 -999.0} sdss_psfmag_from_g3xp 14.574192 13.3326235 12.241147 9.594 63050395540669668 1152260389 bright_1x1 mwm_galactic_core_dist_apogee_sparse mwm_galactic science 0 0 0.0 0.0 -999 ""
FIBERMAP 1370 R0C23 BOSS 0 0 0 1 0 0 213.43939520780188 -4.651699929177337 143.1 186.4691956204443 -103.89878105584401 336.59586 123.30003 -999.0 -999.0 -999.0 -999.0 -999.0 279.3392817892889 -8.941891565636114 279.36059918282973 -8.909501266261751 43.35112223903354 149.4179860023546 -999.0 5400.0 -999.0 1 245 {-999.0 -999.0 -999.0 -999.0 -999.0} "" -999.0 -999.0 -999.0 -999.0 -999 -999 "" "" "" "" 0 0 0.0 0.0 -999 ""
FIBERMAP 1370 R0C23 METROLOGY 0 0 0 1 0 0 212.77917426781192 -4.289573372556249 143.1 186.0549749861035 -103.27005565867749 336.59586 123.30003 -999.0 -999.0 -999.0 -999.0 -999.0 279.3373712249573 -8.938992554863534 279.3587089664207 -8.906663821546168 43.35448850385298 149.41861109668432 -999.0 6231.0 -999.0 -1 -999 {-999.0 -999.0 -999.0 -999.0 -999.0} "" -999.0 -999.0 -999.0 -999.0 -999 -999 "" "" "" "" 0 0 0.0 0.0 -999 ""
FIBERMAP 1372 R-11C10 APOGEE 1 1 0 1 0 0 22.069831729228518 -221.9728461822414 143.1 -84.27108223971938 -206.50419495581795 224.41669 109.63447 278.0943106431775 -9.404234792988042 -1.2930336 -3.8823233 -0.15520437 278.0943242362381 -9.404284011717325 278.1174018641553 -9.375146773772805 43.44655008120027 151.2199856558569 16000.0 16600.0 2016.0 2 157 {-999.0 26.983448 20.78851 18.060827 -999.0} sdss_psfmag_ps1 -999.0 -999.0 16.373499 10.714 63050395541003527 1153926478 bright_1x1 mwm_galactic_core_dist_apogee_sparse mwm_galactic science 0 0 0.0 0.0 -999 ""
FIBERMAP 1372 R-11C10 BOSS 0 0 0 1 0 0 21.397665641826137 -221.6476004564971 143.1 -84.71310291947069 -205.90248130161189 224.41669 109.63447 -999.0 -999.0 -999.0 -999.0 -999.0 278.092368886501 -9.401798553487039 278.1153514117451 -9.372471151855168 43.44982019351321 151.2210147061661 -999.0 5400.0 -999.0 1 362 {-999.0 -999.0 -999.0 -999.0 -999.0} "" -999.0 -999.0 -999.0 -999.0 -999 -999 "" "" "" "" 0 0 0.0 0.0 -999 ""
FIBERMAP 1372 R-11C10 METROLOGY 0 0 0 1 0 0 22.009090720943718 -221.22283399366557 143.1 -83.97412020843431 -205.8129145839522 224.41669 109.63447 -999.0 -999.0 -999.0 -999.0 -999.0 278.09573817483033 -9.401357440901304 278.11874362503335 -9.372077054277634 43.44880622724206 151.21658774783708 -999.0 6231.0 -999.0 -1 -999 {-999.0 -999.0 -999.0 -999.0 -999.0} "" -999.0 -999.0 -999.0 -999.0 -999 -999 "" "" "" "" 0 0 0.0 0.0 -999 ""
FIBERMAP 1373 R-9C2 APOGEE 0 0 0 1 0 0 -157.6497351049317 -180.88467294299065 143.1 -223.90288078209312 -86.16653523281678 322.70102 125.17882 -999.0 -999.0 -999.0 -999.0 -999.0 277.4563477956164 -8.855363163153491 277.47828197101813 -8.828151587014824 44.202965388997484 151.71061838263896 -999.0 16600.0 -999.0 2 -999 {-999.0 -999.0 -999.0 -999.0 -999.0} "" -999.0 -999.0 -999.0 -999.0 -999 -999 "" "" "" "" 0 0 0.0 0.0 -999 ""
FIBERMAP 1373 R-9C2 BOSS 1 1 0 1 0 0 -157.660356765799 -181.61798641948985 143.1 -224.2551082180799 -86.80969322475602 322.70102 125.17882 277.4547694865045 -8.858472391590661 0.27737972 -1.984943 0.52812546 277.4548053384323 -8.858460128349218 277.47666231948193 -8.831059187557306 44.20095011573379 151.71429692245147 5400.0 5400.0 2016.0 1 490 {-999.0 19.338573 17.784775 16.999916 16.369532} sdss_psfmag_from_ps1dr2 18.6211 17.697 16.54 -999.0 63050395541411181 1040011222 "" ops_std_boss_ps1dr2 ops_std standard_boss 0 0 0.0 0.0 -999 ""
FIBERMAP 1373 R-9C2 METROLOGY 0 0 0 1 0 0 -158.3081669911787 -181.23557097901394 143.1 -224.64887441451162 -86.1688381940827 322.70102 125.17882 -999.0 -999.0 -999.0 -999.0 -999.0 277.4530047859122 -8.855487184400877 277.4748791933403 -8.8281467443927 44.204325783489395 151.7149078626777 -999.0 6231.0 -999.0 -1 -999 {-999.0 -999.0 -999.0 -999.0 -999.0} "" -999.0 -999.0 -999.0 -999.0 -999 -999 "" "" "" "" 0 0 0.0 0.0 -999 ""
FIBERMAP 1374 R-5C8 APOGEE 0 0 0 1 0 0 -64.91219868258611 -82.66172169336652 143.1 -96.01741425934571 -42.7110029253137 97.52779 55.527122 -999.0 -999.0 -999.0 -999.0 -999.0 278.0413954573714 -8.66200377767543 278.06261569406735 -8.633342085964046 44.14470822065114 150.8646621359946 -999.0 16600.0 -999.0 2 -999 {-999.0 -999.0 -999.0 -999.0 -999.0} "" -999.0 -999.0 -999.0 -999.0 -999 -999 "" "" "" "" 0 0 0.0 0.0 -999 ""
FIBERMAP 1374 R-5C8 BOSS 1 1 0 1 0 0 -64.24064483813416 -82.99180671158553 143.1 -95.57819717029886 -43.31670745074915 97.52779 55.527122 278.0434510303987 -8.66499458106719 0.24610323 -1.9692608 0.510297 278.0434477214129 -8.664981785264676 278.06458661303685 -8.636121965075034 44.14137097868442 150.86379466455875 5400.0 5400.0 2016.0 1 463 {-999.0 18.915154 17.32647 16.424002 15.738792} sdss_psfmag_from_ps1dr2 18.21 17.1519 16.088 13.907 63050395541793373 1040012154 "" ops_std_boss_ps1dr2 ops_std standard_boss 0 0 0.0 0.0 -999 ""
FIBERMAP 1374 R-5C8 METROLOGY 0 0 0 1 0 0 -64.86397857743133 -83.40625967223038 143.1 -96.32288332023431 -43.391591241463374 97.52779 55.527122 -999.0 -999.0 -999.0 -999.0 -999.0 278.04000726683824 -8.66524890983128 278.06117313378616 -8.636452248164467 44.142467772500275 150.86826587938592 -999.0 6231.0 -999.0 -1 -999 {-999.0 -999.0 -999.0 -999.0 -999.0} "" -999.0 -999.0 -999.0 -999.0 -999 -999 "" "" "" "" 0 0 0.0 0.0 -999 ""
FIBERMAP 1376 R+4C13 APOGEE 0 0 0 1 0 0 30.702744587300337 79.328667466394 143.1 64.22382666955443 55.758802318542266 321.16364 156.98419 -999.0 -999.0 -999.0 -999.0 -999.0 278.780137879074 -8.21568526002943 278.79994651161195 -8.185284164209339 44.24356935332986 149.67870896096784 -999.0 16600.0 -999.0 2 -999 {-999.0 -999.0 -999.0 -999.0 -999.0} "" -999.0 -999.0 -999.0 -999.0 -999 -999 "" "" "" "" 0 0 0.0 0.0 -999 ""
FIBERMAP 1376 R+4C13 BOSS 1 1 0 1 0 0 31.065269447112563 78.68689056496706 143.1 64.24419231779005 55.022093059334296 321.16364 156.98419 278.78035764602123 -8.219222482773423 -5.3122435 0.85288966 0.54324996 278.78035146822276 -8.219200313298295 278.8000780587176 -8.188607785295659 44.24051107481907 149.68053448166887 5400.0 5400.0 2016.0 1 107 {-999.0 18.061987 16.875553 16.184805 -999.0} sdss_psfmag_ps1 17.680784 16.723879 15.753699 13.868 63050395541743338 980278297 "" ops_std_boss_red ops_std standard_boss 0 0 0.0 0.0 -999 ""
FIBERMAP 1376 R+4C13 METROLOGY 0 0 0 1 0 0 30.320344205555593 78.68801785189846 143.1 63.586332686652625 55.37135783864405 321.16364 156.98419 -999.0 -999.0 -999.0 -999.0 -999.0 278.7772965791189 -8.217554250389176 278.79704596414086 -8.187024126626131 44.24322876841098 149.6833709563261 -999.0 6231.0 -999.0 -1 -999 {-999.0 -999.0 -999.0 -999.0 -999.0} "" -999.0 -999.0 -999.0 -999.0 -999 -999 "" "" "" "" 0 0 0.0 0.0 -999 ""
FIBERMAP 1378 R-3C2 APOGEE 0 0 0 1 0 0 -231.20435210793713 -71.42311017610854 143.1 -237.73698030223372 44.96714091507102 292.15567 112.53413 -999.0 -999.0 -999.0 -999.0 -999.0 277.3962241682513 -8.260875466501425 277.416675223441 -8.234086561378625 44.7708720108292 151.45174322022777 -999.0 16600.0 -999.0 2 -999 {-999.0 -999.0 -999.0 -999.0 -999.0} "" -999.0 -999.0 -999.0 -999.0 -999 -999 "" "" "" "" 0 0 0.0 0.0 -999 ""
FIBERMAP 1378 R-3C2 BOSS 1 1 0 1 0 0 -231.724199546681 -71.96619687225552 143.1 -238.45034125743177 44.73018482166693 292.15567 112.53413 277.39304872335236 -8.262119845887614 -0.66660583 -1.2299196 0.42188603 277.3930475725013 -8.26212182858628 277.41341858202105 -8.235152712024934 44.77120629190221 151.45650191534503 5400.0 5400.0 2016.0 1 436 {-999.0 15.712189 14.418971 13.714395 -999.0} sdss_psfmag_from_g3xp 15.189792 14.23953 13.258702 11.426 63050395541891744 1068461289 bright_3x1 mwm_ob_core_boss mwm_ob science 0 0 0.0 0.0 -999 ""
FIBERMAP 1378 R-3C2 METROLOGY 0 0 0 1 0 0 -231.92847905029632 -71.24338218201372 143.1 -238.29295814706458 45.46453456128789 292.15567 112.53413 -999.0 -999.0 -999.0 -999.0 -999.0 277.3937672055549 -8.258746390201967 277.4141533199055 -8.231830167857735 44.773947451170685 151.45366565580193 -999.0 6231.0 -999.0 -1 -999 {-999.0 -999.0 -999.0 -999.0 -999.0} "" -999.0 -999.0 -999.0 -999.0 -999 -999 "" "" "" "" 0 0 0.0 0.0 -999 ""
FIBERMAP 1381 R-7C10 APOGEE 1 1 0 1 0 0 -13.003848837145947 -145.40592048047856 143.1 -79.47355238406004 -122.43441788141082 225.95374 147.31622 278.1166480038009 -9.024667617245845 -0.27898082 -4.404841 -0.3433562 278.1166590936352 -9.02469867864939 278.1387670477352 -8.99567574284761 43.7836909088453 150.97766054622284 16000.0 16600.0 2016.0 2 170 {-999.0 24.301947 23.047482 18.837326 -999.0} sdss_psfmag_gaia 22.209995 19.440693 17.874508 12.563 63050395541593241 1034712123 bright_1x1 mwm_yso_embedded_apogee_single mwm_yso science 0 0 0.0 0.0 -999 ""
FIBERMAP 1381 R-7C10 BOSS 0 0 0 1 0 0 -13.7293272187932 -145.5708924269049 143.1 -80.19187924988627 -122.2410482726074 225.95374 147.31622 -999.0 -999.0 -999.0 -999.0 -999.0 278.1134136111625 -9.024045704554563 278.13543216333755 -8.994837693894738 43.78581454367194 150.98133630222134 -999.0 5400.0 -999.0 1 385 {-999.0 -999.0 -999.0 -999.0 -999.0} "" -999.0 -999.0 -999.0 -999.0 -999 -999 "" "" "" "" 0 0 0.0 0.0 -999 ""
FIBERMAP 1381 R-7C10 METROLOGY 0 0 0 1 0 0 -13.51754692270729 -144.85700779535068 143.1 -79.67094534295187 -121.70910801619789 225.95374 147.31622 -999.0 -999.0 -999.0 -999.0 -999.0 278.115794220055 -9.021582177617352 278.13783083177964 -8.992423987946777 43.78703426557427 150.97696664393717 -999.0 6231.0 -999.0 -1 -999 {-999.0 -999.0 -999.0 -999.0 -999.0} "" -999.0 -999.0 -999.0 -999.0 -999 -999 "" "" "" "" 0 0 0.0 0.0 -999 ""
FIBERMAP 1382 R+4C14 APOGEE 0 0 0 1 0 0 39.0927519444315 94.7260286694939 143.1 78.83775495819889 65.44493185398477 143.29922 75.96693 -999.0 -999.0 -999.0 -999.0 -999.0 278.8473369710371 -8.171781907925606 278.86700904699563 -8.141224108174525 44.25484112071247 149.56859913025204 -999.0 16600.0 -999.0 2 -999 {-999.0 -999.0 -999.0 -999.0 -999.0} "" -999.0 -999.0 -999.0 -999.0 -999 -999 "" "" "" "" 0 0 0.0 0.0 -999 ""
FIBERMAP 1382 R+4C14 BOSS 1 1 0 1 0 0 39.658990794228444 95.22156568506632 143.1 79.56988750538825 65.61817317757215 143.29922 75.96693 278.85086059570307 -8.171149869709012 -999.0 -999.0 -999.0 278.85082998432705 -8.171160605652743 278.87040808885587 -8.140404848633157 44.25413286928196 149.56386627702045 5400.0 5400.0 2015.5 1 158 {-999.0 -999.0 -999.0 -999.0 -999.0} "" -999.0 -999.0 -999.0 -999.0 27021603148725737 852783965 "" ops_sky_boss_fallback ops_sky sky_boss 0 0 0.0 0.0 -999 ""
FIBERMAP 1382 R+4C14 METROLOGY 0 0 0 1 0 0 39.79565422149433 94.47584799595637 143.1 79.34203569321402 64.89519305825338 143.29922 75.96693 -999.0 -999.0 -999.0 -999.0 -999.0 278.84974831011465 -8.174399367617724 278.86936077811805 -8.143698572561416 44.251605755739064 149.56715153215578 -999.0 6231.0 -999.0 -1 -999 {-999.0 -999.0 -999.0 -999.0 -999.0} "" -999.0 -999.0 -999.0 -999.0 -999 -999 "" "" "" "" 0 0 0.0 0.0 -999 ""
FIBERMAP 1383 R-9C6 APOGEE 1 1 0 1 0 0 -63.853438585823255 -174.9035344256427 143.1 -138.2066674725675 -124.73200113599218 13.060135 104.73571 277.8470040068659 -9.033334499226585 1.5849965 -7.8929105 1.8878977 277.84701843833864 -9.033340329429507 277.869253334831 -9.00502194043498 43.88452774897768 151.31942996398826 16000.0 16600.0 2016.0 2 165 {-999.0 13.19538 12.374315 11.89307 -999.0} sdss_psfmag_from_g3xp 12.878293 12.369222 11.44068 9.981 63050395541607946 1034835975 bright_1x1 mwm_yso_cluster_apogee_single mwm_yso science 0 0 0.0 0.0 -999 ""
FIBERMAP 1383 R-9C6 BOSS 0 0 0 1 0 0 -63.49362589911103 -175.55144485629782 143.1 -138.19156647787506 -125.47286338846571 13.060135 104.73571 -999.0 -999.0 -999.0 -999.0 -999.0 277.8471322396874 -9.036925226575917 277.86928839146253 -9.008411241987247 43.88142012033087 151.3213074637765 -999.0 5400.0 -999.0 1 402 {-999.0 -999.0 -999.0 -999.0 -999.0} "" -999.0 -999.0 -999.0 -999.0 -999 -999 "" "" "" "" 0 0 0.0 0.0 -999 ""
FIBERMAP 1383 R-9C6 METROLOGY 0 0 0 1 0 0 -64.24012616530214 -175.54165613297675 143.1 -138.84676875535257 -125.11520702134152 13.060135 104.73571 -999.0 -999.0 -999.0 -999.0 -999.0 277.84411518089684 -9.035220433747398 277.8662930740168 -9.006770044690624 43.88412676131818 151.32412350079363 -999.0 6231.0 -999.0 -1 -999 {-999.0 -999.0 -999.0 -999.0 -999.0} "" -999.0 -999.0 -999.0 -999.0 -999 -999 "" "" "" "" 0 0 0.0 0.0 -999 ""
FIBERMAP 1384 R-12C6 APOGEE 0 0 0 1 0 0 -34.08301592681704 -249.94578407219797 143.1 -146.97855279168692 -204.97483876478532 354.66968 53.837467 -999.0 -999.0 -999.0 -999.0 -999.0 277.80716572218466 -9.394798726659578 277.83033233469314 -9.366420685858326 43.57008472093656 151.57161636595418 -999.0 16600.0 -999.0 2 -999 {-999.0 -999.0 -999.0 -999.0 -999.0} "" -999.0 -999.0 -999.0 -999.0 -999 -999 "" "" "" "" 0 0 0.0 0.0 -999 ""
FIBERMAP 1384 R-12C6 BOSS 1 1 0 1 0 0 -34.56978393016828 -250.50347866759887 143.1 -147.66950668148002 -205.24017108783738 354.66968 53.837467 277.80401519664406 -9.396145252493715 2.2441537 -2.991264 0.57003653 277.8040892392604 -9.396166436719797 277.8271723334442 -9.367599794602421 43.570271889334194 151.5762098435913 5400.0 5400.0 2016.0 1 403 {-999.0 18.083838 16.696276 15.931309 15.431661} sdss_psfmag_from_ps1dr2 17.5026 16.5844 15.6031 13.675 63050395541032642 1040010515 "" ops_std_boss_ps1dr2 ops_std standard_boss 0 0 0.0 0.0 -999 ""
FIBERMAP 1384 R-12C6 METROLOGY 0 0 0 1 0 0 -34.815386307439915 -249.80332142411743 143.1 -147.5592387724184 -204.50652733526266 354.66968 53.837467 -999.0 -999.0 -999.0 -999.0 -999.0 277.8045629090991 -9.39282096673905 277.8276623267641 -9.364310187017628 43.57308252051822 151.57375798541506 -999.0 6231.0 -999.0 -1 -999 {-999.0 -999.0 -999.0 -999.0 -999.0} "" -999.0 -999.0 -999.0 -999.0 -999 -999 "" "" "" "" 0 0 0.0 0.0 -999 ""
FIBERMAP 1388 R-10C8 APOGEE 0 0 0 1 0 0 -29.20338995096584 -178.6085091320867 143.1 -109.31409832144766 -144.20620318792038 141.92838 83.97573 -999.0 -999.0 -999.0 -999.0 -999.0 277.97944115660175 -9.12246798338292 278.00185019050133 -9.09376121850073 43.749956670264034 151.20420606824632 -999.0 16600.0 -999.0 2 -999 {-999.0 -999.0 -999.0 -999.0 -999.0} "" -999.0 -999.0 -999.0 -999.0 -999 -999 "" "" "" "" 0 0 0.0 0.0 -999 ""
FIBERMAP 1388 R-10C8 BOSS 1 1 0 1 0 0 -28.677127909462644 -178.04075344167674 143.1 -108.58353467182665 -143.95044288136782 141.92838 83.97573 277.98286875945746 -9.121548183343617 -1.804917 -3.0208693 0.2965849 277.98284932664615 -9.12157305755629 278.005166194699 -9.092663338908316 43.749614688775104 151.19944876885702 5400.0 5400.0 2016.0 1 372 {-999.0 15.603641 14.512582 13.881959 -999.0} sdss_psfmag_from_g3xp 15.20572 14.367418 13.440167 11.717 63050395541590949 1093181572 bright_3x1 mwm_astar_core_boss mwm_ob science 0 0 0.0 0.0 -999 ""
FIBERMAP 1388 R-10C8 METROLOGY 0 0 0 1 0 0 -28.47536058092818 -178.77171212493425 143.1 -108.7469456063851 -144.69081602414823 141.92838 83.97573 -999.0 -999.0 -999.0 -999.0 -999.0 277.9820787212255 -9.124853655602765 278.0044292946825 -9.095999548935103 43.74687065413396 151.2022620141278 -999.0 6231.0 -999.0 -1 -999 {-999.0 -999.0 -999.0 -999.0 -999.0} "" -999.0 -999.0 -999.0 -999.0 -999 -999 "" "" "" "" 0 0 0.0 0.0 -999 ""
FIBERMAP 1391 R-5C4 APOGEE 0 0 0 1 0 0 -156.82802673848698 -101.60813092184723 143.1 -186.11315546828382 -16.48378068470893 331.66425 124.313545 -999.0 -999.0 -999.0 -999.0 -999.0 277.62910096469017 -8.540661818232108 277.6501722582179 -8.513137194668118 44.42195075235797 151.3149511532603 -999.0 16600.0 -999.0 2 -999 {-999.0 -999.0 -999.0 -999.0 -999.0} "" -999.0 -999.0 -999.0 -999.0 -999 -999 "" "" "" "" 0 0 0.0 0.0 -999 ""
FIBERMAP 1391 R-5C4 BOSS 1 1 0 1 0 0 -156.73732922759703 -102.35663561920657 143.1 -186.38293628425933 -17.187733996220484 331.66425 124.313545 277.627871884158 -8.544061655684134 1.2356068 -0.5416106 0.5228665 277.6278891435415 -8.544047356713437 277.6488835346162 -8.516334282168767 44.41955212842478 151.3184070568354 5400.0 5400.0 2016.0 1 454 {-999.0 15.516615 14.378436 13.720158 -999.0} sdss_psfmag_from_g3xp 15.094025 14.227072 13.29385 11.554 63050395541813092 1127702681 bright_1x1 openfibertargets_mwm_more_ob_boss open_fiber science 0 0 0.0 0.0 -999 ""
FIBERMAP 1391 R-5C4 METROLOGY 0 0 0 1 0 0 -157.42248867943633 -102.05899340783886 143.1 -186.84934611072902 -16.604342458152097 331.66425 124.313545 -999.0 -999.0 -999.0 -999.0 -999.0 277.6257596270022 -8.54133120332114 277.64677231552093 -8.513678826699861 44.4228284521709 151.31955881262434 -999.0 6231.0 -999.0 -1 -999 {-999.0 -999.0 -999.0 -999.0 -999.0} "" -999.0 -999.0 -999.0 -999.0 -999 -999 "" "" "" "" 0 0 0.0 0.0 -999 ""
FIBERMAP 1392 R-12C10 APOGEE 0 0 0 1 0 0 43.87354601772105 -211.21740284594551 143.1 -59.97192409797874 -207.19192215469792 161.26587 28.483253 -999.0 -999.0 -999.0 -999.0 -999.0 278.20590052399297 -9.408113630436306 278.22894364317466 -9.378681374108124 43.39807385744857 151.08386857775935 -999.0 16600.0 -999.0 2 -999 {-999.0 -999.0 -999.0 -999.0 -999.0} "" -999.0 -999.0 -999.0 -999.0 -999 -999 "" "" "" "" 0 0 0.0 0.0 -999 ""
FIBERMAP 1392 R-12C10 BOSS 1 1 0 1 0 0 44.62095097118189 -211.07221858010695 143.1 -59.2434690512975 -207.41303183324166 161.26587 28.483253 278.20934174646214 -9.40934930324033 -1.9943905 -1.2540457 0.82025516 278.2093240607761 -9.409366167819604 278.2322788395199 -9.379727705956613 43.39576437995138 151.08033580967356 5400.0 5400.0 2016.0 1 406 {-999.0 14.755172 14.018875 13.613224 -999.0} sdss_psfmag_from_g3xp 14.54186 13.973115 13.237065 12.008 63050395541000407 916945222 bright_3x1 mwm_yso_disk_boss mwm_yso science 0 0 0.0 0.0 -999 ""
FIBERMAP 1392 R-12C10 METROLOGY 0 0 0 1 0 0 44.3634773502778 -211.78010105092838 143.1 -59.80198191356493 -207.91830460024315 161.26587 28.483253 -999.0 -999.0 -999.0 -999.0 -999.0 278.20673378887705 -9.411557809582243 278.22972069993875 -9.381980865817575 43.394751616491895 151.08477849742215 -999.0 6231.0 -999.0 -1 -999 {-999.0 -999.0 -999.0 -999.0 -999.0} "" -999.0 -999.0 -999.0 -999.0 -999 -999 "" "" "" "" 0 0 0.0 0.0 -999 ""
FIBERMAP 1393 R-12C5 APOGEE 0 0 0 1 0 0 -64.16437075587098 -222.51636973325458 143.1 -160.74149515822006 -166.6682466692735 55.183647 134.71384 -999.0 -999.0 -999.0 -999.0 -999.0 277.7439943030981 -9.221872225453593 277.7667470005009 -9.19373907395859 43.753375262498295 151.55405140129938 -999.0 16600.0 -999.0 2 -999 {-999.0 -999.0 -999.0 -999.0 -999.0} "" -999.0 -999.0 -999.0 -999.0 -999 -999 "" "" "" "" 0 0 0.0 0.0 -999 ""
FIBERMAP 1393 R-12C5 BOSS 1 1 0 1 0 0 -63.427427226087126 -222.38873767934692 143.1 -160.0304922567137 -166.89997856595193 55.183647 134.71384 277.7472757103125 -9.223190766625033 5.6046777 15.523135 3.1855156 277.7473049173838 -9.223170010640711 277.76997199286507 -9.19483274735382 43.75108387421411 151.55063760920356 5400.0 5400.0 2016.0 1 352 {-999.0 19.218052 17.388977 16.070488 -999.0} sdss_psfmag_ps1 18.377148 16.99375 15.48928 12.875 63050395541057017 916936185 bright_6x1 mwm_yso_disk_boss mwm_yso science 0 0 0.0 0.0 -999 ""
FIBERMAP 1393 R-12C5 METROLOGY 0 0 0 1 0 0 -63.68585481486954 -223.08880704398766 143.1 -160.58619546972054 -167.39789988141712 55.183647 134.71384 -999.0 -999.0 -999.0 -999.0 -999.0 277.74475120474705 -9.225326602369169 277.767449580153 -9.19705027252892 43.75006746714995 151.55503376625066 -999.0 6231.0 -999.0 -1 -999 {-999.0 -999.0 -999.0 -999.0 -999.0} "" -999.0 -999.0 -999.0 -999.0 -999 -999 "" "" "" "" 0 0 0.0 0.0 -999 ""
FIBERMAP 1395 R+4C20 APOGEE 0 0 0 1 0 0 183.40126302854978 71.1611155150493 143.1 195.36472741257936 -22.84973497889987 227.62344 171.76372 -999.0 -999.0 -999.0 -999.0 -999.0 279.3806911188797 -8.57404172214859 279.4011626044235 -8.54190468410423 43.664774793205154 149.1479519173734 -999.0 16600.0 -999.0 2 -999 {-999.0 -999.0 -999.0 -999.0 -999.0} "" -999.0 -999.0 -999.0 -999.0 -999 -999 "" "" "" "" 0 0 0.0 0.0 -999 ""
FIBERMAP 1395 R+4C20 BOSS 1 1 0 1 0 0 182.82006095904683 70.67937681133829 143.1 194.6258209405673 -23.003785327305597 227.62344 171.76372 279.377431382039 -8.574929520884083 1.3481063 -5.599745 0.9393295 279.3774695683067 -8.57494175873714 279.39785034392435 -8.542620358888596 43.66555896534295 149.15245821335446 5400.0 5400.0 2016.0 1 205 {-999.0 16.61096 15.405184 14.860237 -999.0} sdss_psfmag_ps1 16.154083 15.35585 14.465901 12.733 63050395541687161 980278291 "" ops_std_boss_red ops_std standard_boss 0 0 0.0 0.0 -999 ""
FIBERMAP 1395 R+4C20 METROLOGY 0 0 0 1 0 0 182.70237847643517 71.42230962548706 143.1 194.86914667691482 -22.292140558484977 227.62344 171.76372 -999.0 -999.0 -999.0 -999.0 -999.0 279.37854485877665 -8.571654369477729 279.39894366503853 -8.53938617523162 43.66799809596736 149.14916364375526 -999.0 6231.0 -999.0 -1 -999 {-999.0 -999.0 -999.0 -999.0 -999.0} "" -999.0 -999.0 -999.0 -999.0 -999 -999 "" "" "" "" 0 0 0.0 0.0 -999 ""
FIBERMAP 1396 R0C3 APOGEE 1 1 0 1 0 0 -229.1696160761736 4.500998720892254 143.1 -200.4424797878816 111.11980093552691 51.115837 76.89917 277.567785622646 -7.961717753305726 -0.17230128 -0.83128375 0.30226472 277.5678016229272 -7.96171213847939 277.5874321768395 -7.934604436066943 44.97518815583837 151.06138834519717 16000.0 16600.0 2016.0 2 297 {-999.0 17.912493 15.16668 18.4483 -999.0} sdss_psfmag_ps1 16.385319 14.349889 13.022281 9.326 63050395541939002 1153933978 bright_1x1 mwm_galactic_core_dist_apogee_sparse mwm_galactic science 0 0 0.0 0.0 -999 ""
FIBERMAP 1396 R0C3 BOSS 0 0 0 1 0 0 -228.7131863139617 3.915050097909705 143.1 -200.31301733542944 110.38853179141682 51.115837 76.89917 -999.0 -999.0 -999.0 -999.0 -999.0 277.5684094432106 -7.965187515248519 277.5879638177774 -7.937890440468734 44.971975921212405 151.06261792272366 -999.0 5400.0 -999.0 1 422 {-999.0 -999.0 -999.0 -999.0 -999.0} "" -999.0 -999.0 -999.0 -999.0 -999 -999 "" "" "" "" 0 0 0.0 0.0 -999 ""
FIBERMAP 1396 R0C3 METROLOGY 0 0 0 1 0 0 -229.44309850329122 3.79988263908369 143.1 -201.01197826885448 110.62799295914516 51.115837 76.89917 -999.0 -999.0 -999.0 -999.0 -999.0 277.5652313708069 -7.964055373449947 277.58480809429795 -7.936819926884148 44.97423582644332 151.0660244082455 -999.0 6231.0 -999.0 -1 -999 {-999.0 -999.0 -999.0 -999.0 -999.0} "" -999.0 -999.0 -999.0 -999.0 -999 -999 "" "" "" "" 0 0 0.0 0.0 -999 ""
FIBERMAP 1400 R-5C13 APOGEE 1 1 0 1 0 0 37.42701195969187 -88.83651456085691 143.1 -8.453881586992775 -96.0142303321695 27.02017 148.93367 278.44393690679976 -8.906056330162755 -0.09584749 -1.2725176 0.5535313 278.4439480045071 -8.90605713976227 278.4656276692197 -8.876228298325918 43.757969313924434 150.50222642872882 16000.0 16600.0 2016.0 2 155 {-999.0 12.340508 11.252683 10.603997 -999.0} sdss_psfmag_from_g3xp 11.978246 11.17983 10.295461 9.249 63050395541625242 975042557 "" ops_std_apogee ops_std standard_apogee 0 0 0.0 0.0 -999 ""
FIBERMAP 1400 R-5C13 BOSS 0 0 0 1 0 0 38.172859807545905 -88.86465915366702 143.1 -7.80783769665275 -96.38780513278658 27.02017 148.93367 -999.0 -999.0 -999.0 -999.0 -999.0 278.4470068931165 -8.90800517091822 278.4685998657995 -8.877973905571622 43.75515372627687 150.49954779740085 -999.0 5400.0 -999.0 1 379 {-999.0 -999.0 -999.0 -999.0 -999.0} "" -999.0 -999.0 -999.0 -999.0 -999 -999 "" "" "" "" 0 0 0.0 0.0 -999 ""
FIBERMAP 1400 R-5C13 METROLOGY 0 0 0 1 0 0 37.78159077932182 -89.4967087709087 143.1 -8.449149365781723 -96.7635024026822 27.02017 148.93367 -999.0 -999.0 -999.0 -999.0 -999.0 278.4440223036644 -8.909640733999167 278.4656462089353 -8.879671398639223 43.75483542869091 150.50420098716273 -999.0 6231.0 -999.0 -1 -999 {-999.0 -999.0 -999.0 -999.0 -999.0} "" -999.0 -999.0 -999.0 -999.0 -999 -999 "" "" "" "" 0 0 0.0 0.0 -999 ""
