#%yanny
#
# confSummary-26434.par
#
# Created by pydl.pydlutils.yanny.yanny
#
# 2026-05-09 08:06:59 UTC
#
configuration_id 26434
robostrategy_run iota-1
fps_calibrations_version 2025.12.04
jaeger_version 1.11.1
coordio_version 1.18.1
kaiju_version 1.4.1
design_id 755227
field_id 103234
focal_scale 0.9998535
instruments BOSS APOGEE
epoch 2461169.8437102595
obstime Sat May 09 08:06:59 2026
MJD 61169
observatory APO
temperature 12.1
raCen 274.585383147677
decCen -6.39717193994836
pa 28.052795
is_dithered 0
parent_configuration -999
dither_radius -999.0
cloned_from -999

typedef enum {
    BOSS,
    APOGEE,
    METROLOGY,
    NONE
} FIBERTYPE;

typedef struct {
    short positionerId;
    char holeId[28];
    FIBERTYPE fiberType;
    short assigned;
    short on_target;
    short disabled;
    short valid;
    short decollided;
    short too;
    double xwok;
    double ywok;
    double zwok;
    double xFocal;
    double yFocal;
    float alpha;
    float beta;
    double racat;
    double deccat;
    float pmra;
    float pmdec;
    float parallax;
    double ra;
    double dec;
    double ra_observed;
    double dec_observed;
    double alt_observed;
    double az_observed;
    float lambda_design;
    float lambda_eff;
    float coord_epoch;
    short spectrographId;
    short fiberId;
    float mag[5];
    char optical_prov[120];
    float bp_mag;
    float gaia_g_mag;
    float rp_mag;
    float h_mag;
    long catalogid;
    long carton_to_target_pk;
    char cadence[400];
    char firstcarton[400];
    char program[400];
    char category[400];
    long sdssv_boss_target0;
    long sdssv_apogee_target0;
    double delta_ra;
    double delta_dec;
    long too_id;
    char too_program[80];
} FIBERMAP;

FIBERMAP 3 R-1C14 APOGEE 1 1 0 1 0 0 -0.7038858287752826 -19.101306078707992 143.1 -9.602839336286644 -16.523733978067536 170.13809 124.61281 274.54108488820776 -6.472198974836984 -6.552081 -6.029503 0.030136155 274.5410659276074 -6.472216311980326 274.55443047809734 -6.4527780802972865 41.53029086293081 138.46734567080836 16000.0 16600.0 2016.0 2 214 {-999.0 19.463858 16.526411 14.716784 -999.0} sdss_psfmag_ps1 17.791534 15.205171 13.795325 9.753 63050395546650283 1153960949 bright_1x1 mwm_galactic_core_dist_apogee_sparse mwm_galactic science 0 0 0.0 0.0 -999 ""
FIBERMAP 3 R-1C14 BOSS 0 0 0 1 0 0 -1.039681109632367 -18.444966877429156 143.1 -9.590518937856558 -15.786693558469453 170.13809 124.61281 -999.0 -999.0 -999.0 -999.0 -999.0 274.5412550319942 -6.469057954380182 274.5544816312274 -6.449429970829533 41.53303371432399 138.4647798780779 -999.0 5400.0 -999.0 1 263 {-999.0 -999.0 -999.0 -999.0 -999.0} "" -999.0 -999.0 -999.0 -999.0 -999 -999 "" "" "" "" 0 0 0.0 0.0 -999 ""
FIBERMAP 3 R-1C14 METROLOGY 0 0 0 1 0 0 -0.29010926091885736 -18.478912142087232 143.1 -8.945069338187274 -16.169107080389338 170.13809 124.61281 -999.0 -999.0 -999.0 -999.0 -999.0 274.5441751718125 -6.470753167407186 274.5574416736349 -6.451170634338881 41.52994245617681 138.46283243099288 -999.0 6231.0 -999.0 -1 -999 {-999.0 -999.0 -999.0 -999.0 -999.0} "" -999.0 -999.0 -999.0 -999.0 -999 -999 "" "" "" "" 0 0 0.0 0.0 -999 ""
FIBERMAP 16 R+7C7 APOGEE 1 1 0 1 0 0 -66.72406248106695 140.39970780235495 143.1 7.141862478498131 155.26136892230983 20.231808 119.4513 274.61967201259597 -5.691128325016054 -1.503055 -6.544771 -0.024562638 274.61966766932545 -5.691147143754683 274.6310704299856 -5.671842742064794 42.13194296360947 137.79137044017418 16000.0 16600.0 2016.0 2 102 {-999.0 18.515453 15.931657 14.075038 -999.0} sdss_psfmag_ps1 17.159431 14.361237 12.9128 8.933 63050395547529852 1153963687 bright_1x1 mwm_galactic_core_dist_apogee_sparse mwm_galactic science 0 0 0.0 0.0 -999 ""
FIBERMAP 16 R+7C7 BOSS 0 0 0 1 0 0 -66.15775046858766 139.9284990977935 143.1 7.419997995869225 154.5792922700888 20.231808 119.4513 -999.0 -999.0 -999.0 -999.0 -999.0 274.6210629139954 -5.6943661497936 274.6323444127263 -5.674870914388238 42.12873037912114 137.79228125552248 -999.0 5400.0 -999.0 1 76 {-999.0 -999.0 -999.0 -999.0 -999.0} "" -999.0 -999.0 -999.0 -999.0 -999 -999 "" "" "" "" 0 0 0.0 0.0 -999 ""
FIBERMAP 16 R+7C7 METROLOGY 0 0 0 1 0 0 -66.8468481255316 139.66214135259054 143.1 6.686702639468482 154.66828688361056 20.231808 119.4513 -999.0 -999.0 -999.0 -999.0 -999.0 274.6176761823073 -5.693912046057611 274.6289943388473 -5.674478690581373 42.13094574229709 137.795681564285 -999.0 6231.0 -999.0 -1 -999 {-999.0 -999.0 -999.0 -999.0 -999.0} "" -999.0 -999.0 -999.0 -999.0 -999 -999 "" "" "" "" 0 0 0.0 0.0 -999 ""
FIBERMAP 37 R-9C9 APOGEE 1 1 0 1 0 0 8.85377042302576 -181.16478034973036 143.1 -77.37415124422867 -164.02033071724424 46.158783 37.711357 274.2292205036406 -7.14111298301383 0.8237425 -3.2276266 0.20667468 274.22922289073443 -7.141122263683677 274.2443659507417 -7.1222186615462535 41.1456748335959 139.3044369732019 16000.0 16600.0 2016.0 2 167 {-999.0 17.924696 15.411906 14.199869 -999.0} sdss_psfmag_ps1 16.544216 14.688188 13.419082 9.957 63050395546576568 1153960624 bright_1x1 mwm_galactic_core_dist_apogee_sparse mwm_galactic science 0 0 0.0 0.0 -999 ""
FIBERMAP 37 R-9C9 BOSS 0 0 0 1 0 0 8.774841321071648 -181.90000098331896 143.1 -77.78950967279819 -164.63196489258146 46.158783 37.711357 -999.0 -999.0 -999.0 -999.0 -999.0 274.2274278454032 -7.144119069918403 274.2424489961761 -7.1250243134412 41.144387347348406 139.30860092655195 -999.0 5400.0 -999.0 1 376 {-999.0 -999.0 -999.0 -999.0 -999.0} "" -999.0 -999.0 -999.0 -999.0 -999 -999 "" "" "" "" 0 0 0.0 0.0 -999 ""
FIBERMAP 37 R-9C9 METROLOGY 0 0 0 1 0 0 8.164449587081265 -181.45222679915955 143.1 -78.11755977782721 -163.9498395247529 46.158783 37.711357 -999.0 -999.0 -999.0 -999.0 -999.0 274.22589746847774 -7.140963271122685 274.2409482496254 -7.121929208818803 41.14778991366708 139.30797831219223 -999.0 6231.0 -999.0 -1 -999 {-999.0 -999.0 -999.0 -999.0 -999.0} "" -999.0 -999.0 -999.0 -999.0 -999 -999 "" "" "" "" 0 0 0.0 0.0 -999 ""
FIBERMAP 40 R+12C6 APOGEE 0 0 0 1 0 0 -42.40887098169652 222.94330667424688 143.1 67.41055639851783 216.66323676779854 256.1063 141.72272 -999.0 -999.0 -999.0 -999.0 -999.0 274.8947065807677 -5.415357147929363 274.90532272442385 -5.395437854473353 42.203276538536706 137.27615128724187 -999.0 16600.0 -999.0 2 -999 {-999.0 -999.0 -999.0 -999.0 -999.0} "" -999.0 -999.0 -999.0 -999.0 -999 -999 "" "" "" "" 0 0 0.0 0.0 -999 ""
FIBERMAP 40 R+12C6 BOSS 1 1 0 1 0 0 -42.991277901311086 222.46211880136732 143.1 66.67038680902805 216.51250072908988 256.1063 141.72272 274.8914876546863 -5.416154696758802 -2.6829333 -3.755034 0.80677605 274.8914799056226 -5.416165493928093 274.9019699495232 -5.39607003454406 42.20467115061401 137.28033321419252 5400.0 5400.0 2016.0 1 156 {-999.0 17.920021 16.145866 15.155503 -999.0} sdss_psfmag_ps1 17.09024 15.732169 14.607814 12.197 63050395547540306 939085457 bright_1x1 openfibertargets_nov2020_34a open_fiber science 0 0 0.0 0.0 -999 ""
FIBERMAP 40 R+12C6 METROLOGY 0 0 0 1 0 0 -43.10972559244806 223.19916756438082 143.1 66.91244246537198 217.21855775615097 256.1063 141.72272 -999.0 -999.0 -999.0 -999.0 -999.0 274.89253858730365 -5.412957063992614 274.90305684712587 -5.392912486975567 42.20663883656326 137.27669340557006 -999.0 6231.0 -999.0 -1 -999 {-999.0 -999.0 -999.0 -999.0 -999.0} "" -999.0 -999.0 -999.0 -999.0 -999 -999 "" "" "" "" 0 0 0.0 0.0 -999 ""
FIBERMAP 52 R+5C17 APOGEE 0 0 0 1 0 0 122.35888349656416 105.27017134958409 143.1 157.4674093656081 35.3537440206957 42.314175 157.97304 -999.0 -999.0 -999.0 -999.0 -999.0 275.305761015367 -6.237742594181849 275.31824573293443 -6.2163627974394045 41.29501003821646 137.4546189135242 -999.0 16600.0 -999.0 2 -999 {-999.0 -999.0 -999.0 -999.0 -999.0} "" -999.0 -999.0 -999.0 -999.0 -999 -999 "" "" "" "" 0 0 0.0 0.0 -999 ""
FIBERMAP 52 R+5C17 BOSS 1 1 0 1 0 0 123.04428165297993 105.5206051148065 143.1 158.18995262593276 35.25243788528311 42.314175 157.97304 275.3092463250095 -6.238379307722844 -3.0045488 -3.5954196 0.44763958 275.30923763431116 -6.238389645939436 275.3215890036062 -6.21680969938494 41.29274246410779 137.45133051748675 5400.0 5400.0 2016.0 1 206 {-999.0 17.713816 16.306705 15.662274 -999.0} sdss_psfmag_ps1 17.096676 16.128086 15.151732 13.175 63050395547398309 942862138 bright_1x1 openfibertargets_nov2020_34b open_fiber science 0 0 0.0 0.0 -999 ""
FIBERMAP 52 R+5C17 METROLOGY 0 0 0 1 0 0 122.93561676693729 104.79684195544453 143.1 157.75374326584623 34.66489586030538 42.314175 157.97304 -999.0 -999.0 -999.0 -999.0 -999.0 275.307204990288 -6.2410034864556 275.3196014068618 -6.2194818267663585 41.29168071152311 137.45552182571032 -999.0 6231.0 -999.0 -1 -999 {-999.0 -999.0 -999.0 -999.0 -999.0} "" -999.0 -999.0 -999.0 -999.0 -999 -999 "" "" "" "" 0 0 0.0 0.0 -999 ""
FIBERMAP 56 R-8C4 APOGEE 0 0 0 1 0 0 -141.42335573803828 -151.08126155821594 143.1 -195.83073026714618 -66.81235733949298 89.36497 161.94193 -999.0 -999.0 -999.0 -999.0 -999.0 273.6897525843628 -6.697083462851005 273.70400221063574 -6.679822369785484 41.81038246094004 139.57685394584698 -999.0 16600.0 -999.0 2 -999 {-999.0 -999.0 -999.0 -999.0 -999.0} "" -999.0 -999.0 -999.0 -999.0 -999 -999 "" "" "" "" 0 0 0.0 0.0 -999 ""
FIBERMAP 56 R-8C4 BOSS 1 1 0 1 0 0 -141.16384720724005 -150.36426748593775 143.1 -195.2646016202184 -66.30171736135901 89.36497 161.94193 273.692400816228 -6.694999238723101 0.7280501 2.35355 0.29734525 273.69240292402594 -6.694992471360232 273.70652031243816 -6.67753455495838 41.810921599875904 139.572364224244 5400.0 5400.0 2016.0 1 452 {-999.0 18.309057 17.143847 16.468742 -999.0} sdss_psfmag_ps1 17.80968 16.853504 15.891509 14.141 63050395546675563 981887083 "" ops_std_boss_tic ops_std standard_boss 0 0 0.0 0.0 -999 ""
FIBERMAP 56 R-8C4 METROLOGY 0 0 0 1 0 0 -140.69368074385633 -150.92558116967135 143.1 -195.1136723334619 -67.01809214510247 89.36497 161.94193 -999.0 -999.0 -999.0 -999.0 -999.0 273.69305522352164 -6.698188658356361 273.7072159734521 -6.680781607137339 41.80782834702062 139.57398115194525 -999.0 6231.0 -999.0 -1 -999 {-999.0 -999.0 -999.0 -999.0 -999.0} "" -999.0 -999.0 -999.0 -999.0 -999 -999 "" "" "" "" 0 0 0.0 0.0 -999 ""
FIBERMAP 59 R+4C8 APOGEE 0 0 0 1 0 0 -77.37903500541137 79.33625527353065 143.1 -30.97294483313856 106.39001295474326 4.1561713 116.98687 -999.0 -999.0 -999.0 -999.0 -999.0 274.44475468670987 -5.912331180770788 274.4567713326868 -5.893397586083529 42.04739162742984 138.15297542309494 -999.0 16600.0 -999.0 2 -999 {-999.0 -999.0 -999.0 -999.0 -999.0} "" -999.0 -999.0 -999.0 -999.0 -999 -999 "" "" "" "" 0 0 0.0 0.0 -999 ""
FIBERMAP 59 R+4C8 BOSS 1 1 0 1 0 0 -76.93332189542589 78.72584354151404 143.1 -30.866679517458508 105.64181313251567 4.1561713 116.98687 274.44534301757807 -5.915869106864605 -999.0 -999.0 -999.0 274.44534301757807 -5.915869106864606 274.4572399115587 -5.896745558530867 42.0443639975959 138.1549996501785 5400.0 5400.0 2015.5 1 33 {-999.0 -999.0 -999.0 -999.0 -999.0} "" -999.0 -999.0 -999.0 -999.0 27021603148797276 851720167 "" ops_sky_boss_fallback ops_sky sky_boss 0 0 0.0 0.0 -999 ""
FIBERMAP 59 R+4C8 METROLOGY 0 0 0 1 0 0 -77.67286519409134 78.65045224004939 143.1 -31.55469188047823 105.92303408647368 4.1561713 116.98687 -999.0 -999.0 -999.0 -999.0 -999.0 274.4421655907247 -5.914540186883744 274.45409678770943 -5.895478668336323 42.04717337001117 138.15751440148688 -999.0 6231.0 -999.0 -1 -999 {-999.0 -999.0 -999.0 -999.0 -999.0} "" -999.0 -999.0 -999.0 -999.0 -999 -999 "" "" "" "" 0 0 0.0 0.0 -999 ""
FIBERMAP 63 R+5C19 APOGEE 0 0 0 1 0 0 174.8096908663563 83.09599049511891 143.1 193.3225768291539 -8.875639776632807 314.48425 99.00145 -999.0 -999.0 -999.0 -999.0 -999.0 275.46855750547064 -6.4389514195847175 275.48147326952346 -6.417045959638163 41.03759550974577 137.43040865064557 -999.0 16600.0 -999.0 2 -999 {-999.0 -999.0 -999.0 -999.0 -999.0} "" -999.0 -999.0 -999.0 -999.0 -999 -999 "" "" "" "" 0 0 0.0 0.0 -999 ""
FIBERMAP 63 R+5C19 BOSS 1 1 0 1 0 0 174.37083621361404 82.48526003394173 143.1 192.64816265009645 -9.20818287644589 314.48425 99.00145 275.46568576263854 -6.440647198117131 -0.6200531 -2.6098611 0.34282556 275.46568396842287 -6.440654702473376 275.47847015063564 -6.4185639729797 41.03805901401333 137.434804847956 5400.0 5400.0 2016.0 1 204 {-999.0 17.488972 16.086351 15.394631 14.791077} sdss_psfmag_from_ps1dr2 16.9069 15.9976 15.0038 -999.0 63050395546964418 1040016293 "" ops_std_boss_ps1dr2 ops_std standard_boss 0 0 0.0 0.0 -999 ""
FIBERMAP 63 R+5C19 METROLOGY 0 0 0 1 0 0 174.06821116856275 83.17887498264098 143.1 192.70727963314098 -8.453848061354506 314.48425 99.00145 -999.0 -999.0 -999.0 -999.0 -999.0 275.46590797379395 -6.4371742687631945 275.4787236885436 -6.415138999577034 41.0407232003354 137.43193178476778 -999.0 6231.0 -999.0 -1 -999 {-999.0 -999.0 -999.0 -999.0 -999.0} "" -999.0 -999.0 -999.0 -999.0 -999 -999 "" "" "" "" 0 0 0.0 0.0 -999 ""
FIBERMAP 65 R+5C14 APOGEE 1 1 0 1 0 0 42.73950527773592 89.75881410117972 143.1 79.91874828307107 59.105059812041645 222.27614 103.52518 274.95190601532335 -6.128752356168452 -2.468984 -6.2066274 0.24258482 274.95189887523395 -6.128770202613276 274.9642542037886 -6.108385416220238 41.584403693605644 137.75815312008777 16000.0 16600.0 2016.0 2 41 {-999.0 22.606186 18.649555 16.607443 -999.0} sdss_psfmag_ps1 20.219225 17.03984 15.53796 10.581 63050395547393672 1153963111 bright_1x1 mwm_galactic_core_dist_apogee_sparse mwm_galactic science 0 0 0.0 0.0 -999 ""
FIBERMAP 65 R+5C14 BOSS 0 0 0 1 0 0 42.12672590800947 90.17845640601867 143.1 79.57536330194681 59.76348472672157 222.27614 103.52518 -999.0 -999.0 -999.0 -999.0 -999.0 274.9505012917982 -6.125930182739412 274.9627186716725 -6.105361283578706 41.58775958667992 137.75753381845877 -999.0 5400.0 -999.0 1 159 {-999.0 -999.0 -999.0 -999.0 -999.0} "" -999.0 -999.0 -999.0 -999.0 -999 -999 "" "" "" "" 0 0 0.0 0.0 -999 ""
FIBERMAP 65 R+5C14 METROLOGY 0 0 0 1 0 0 42.78393560526824 90.50325753545548 143.1 80.30800220791711 59.74105392910237 222.27614 103.52518 -999.0 -999.0 -999.0 -999.0 -999.0 274.9538076786282 -6.1259936272456486 274.96606115827865 -6.1054694475208935 41.58578103590746 137.75396057106713 -999.0 6231.0 -999.0 -1 -999 {-999.0 -999.0 -999.0 -999.0 -999.0} "" -999.0 -999.0 -999.0 -999.0 -999 -999 "" "" "" "" 0 0 0.0 0.0 -999 ""
FIBERMAP 71 R-4C9 APOGEE 1 1 0 1 0 0 -57.45203514966003 -89.33286462295638 143.1 -92.7005806245947 -51.81114047314438 325.8125 101.13037 274.1598814658847 -6.631575052101159 -2.299219 -8.230361 0.053678583 274.15987481021295 -6.631598717559802 274.17378182086475 -6.613109308427015 41.60836202204717 139.00637047476337 16000.0 16600.0 2016.0 2 270 {-999.0 20.229193 17.407875 15.619257 -999.0} sdss_psfmag_ps1 18.61313 16.22024 14.827156 10.906 63050395546614255 1153960805 bright_1x1 mwm_galactic_core_dist_apogee_sparse mwm_galactic science 0 0 0.0 0.0 -999 ""
FIBERMAP 71 R-4C9 BOSS 0 0 0 1 0 0 -57.75086105315684 -90.01846630361507 143.1 -93.28664113810517 -52.275592605319446 325.8125 101.13037 -999.0 -999.0 -999.0 -999.0 -999.0 274.1572714934222 -6.633916465077867 274.1710568433242 -6.615241930386951 41.60809140769964 139.01096506485203 -999.0 5400.0 -999.0 1 462 {-999.0 -999.0 -999.0 -999.0 -999.0} "" -999.0 -999.0 -999.0 -999.0 -999 -999 "" "" "" "" 0 0 0.0 0.0 -999 ""
FIBERMAP 71 R-4C9 METROLOGY 0 0 0 1 0 0 -58.19168043040099 -89.41779694131736 143.1 -93.39316931443443 -51.53829041898384 325.8125 101.13037 -999.0 -999.0 -999.0 -999.0 -999.0 274.1567642649134 -6.630500235340609 274.1705777415625 -6.611882740088931 41.61114943777541 139.00899981709145 -999.0 6231.0 -999.0 -1 -999 {-999.0 -999.0 -999.0 -999.0 -999.0} "" -999.0 -999.0 -999.0 -999.0 -999 -999 "" "" "" "" 0 0 0.0 0.0 -999 ""
FIBERMAP 78 R-5C11 APOGEE 1 1 0 1 0 0 -15.40419336389329 -90.55389885654499 143.1 -56.172331493131345 -72.66013348993901 47.740356 170.53133 274.32693869503373 -6.72714031710191 -4.645297 -7.5061927 0.08041398 274.3269252454175 -6.727161900297555 274.3410042908898 -6.708182896015193 41.43699239416747 138.89257564159345 16000.0 16600.0 2016.0 2 160 {-999.0 20.101753 17.290245 15.081672 -999.0} sdss_psfmag_ps1 18.503786 15.603712 14.138793 9.853 63050395546608847 1153960686 bright_1x1 mwm_galactic_core_dist_apogee_sparse mwm_galactic science 0 0 0.0 0.0 -999 ""
FIBERMAP 78 R-5C11 BOSS 0 0 0 1 0 0 -14.829313398961759 -90.09303436094658 143.1 -55.44835995638684 -72.52379120639375 47.740356 170.53133 -999.0 -999.0 -999.0 -999.0 -999.0 274.33034510431816 -6.726783352486645 274.34429232169157 -6.707603378800483 41.43565593268227 138.88852685857808 -999.0 5400.0 -999.0 1 366 {-999.0 -999.0 -999.0 -999.0 -999.0} "" -999.0 -999.0 -999.0 -999.0 -999 -999 "" "" "" "" 0 0 0.0 0.0 -999 ""
FIBERMAP 78 R-5C11 METROLOGY 0 0 0 1 0 0 -14.711733270811486 -90.8277510657333 143.1 -55.69008456636798 -73.22738251742553 47.740356 170.53133 -999.0 -999.0 -999.0 -999.0 -999.0 274.3291988962109 -6.729918819617089 274.3431910390402 -6.710794905643808 41.4336135544818 138.89210862999002 -999.0 6231.0 -999.0 -1 -999 {-999.0 -999.0 -999.0 -999.0 -999.0} "" -999.0 -999.0 -999.0 -999.0 -999 -999 "" "" "" "" 0 0 0.0 0.0 -999 ""
FIBERMAP 86 R-12C11 APOGEE 0 0 0 1 0 0 76.39860911968835 -222.53009790282258 143.1 -37.22421246784032 -232.2811480069869 55.234222 111.418785 -999.0 -999.0 -999.0 -999.0 -999.0 274.4125559766948 -7.449355660292146 274.42839076817404 -7.429820938990548 40.78843180244409 139.32806937994064 -999.0 16600.0 -999.0 2 -999 {-999.0 -999.0 -999.0 -999.0 -999.0} "" -999.0 -999.0 -999.0 -999.0 -999 -999 "" "" "" "" 0 0 0.0 0.0 -999 ""
FIBERMAP 86 R-12C11 BOSS 1 1 0 1 0 0 77.12394422014404 -222.7122941956632 143.1 -36.66985903316281 -232.78297955416136 55.234222 111.418785 274.414610578491 -7.451852060938814 -0.5929927 2.5151658 2.0412266 274.4152125201703 -7.451844828868118 274.4309210366449 -7.432104667081477 40.78514187548456 139.326974656785 5400.0 5400.0 2016.0 1 407 {-999.0 11.207524 10.39302 9.93676 -999.0} sdss_psfmag_from_g3xp 10.955515 10.327827 9.55047 8.262 63050395546234977 1127711069 bright_1x1 openfibertargets_mwm_more_ob_boss open_fiber science 0 0 2.1548264026641846 0.0 -999 ""
FIBERMAP 86 R-12C11 METROLOGY 0 0 0 1 0 0 76.61284381598715 -223.24477648471347 143.1 -37.37122825704903 -233.01250650199606 55.234222 111.418785 -999.0 -999.0 -999.0 -999.0 -999.0 274.4119713018611 -7.452794457156521 274.42772041580906 -7.433118513694598 40.786050917202985 139.3312080205562 -999.0 6231.0 -999.0 -1 -999 {-999.0 -999.0 -999.0 -999.0 -999.0} "" -999.0 -999.0 -999.0 -999.0 -999 -999 "" "" "" "" 0 0 0.0 0.0 -999 ""
FIBERMAP 97 R-4C15 APOGEE 1 1 0 1 0 0 66.73938861617597 -66.74955278177508 143.1 27.503146470775885 -90.28075867958127 74.458046 133.84314 274.71038818359375 -6.808462036702949 -999.0 -999.0 -999.0 274.71038818359375 -6.80846203670295 274.72451811960553 -6.788420205237218 41.15765423180703 138.53181676333418 16000.0 16600.0 2015.5 2 191 {-999.0 -999.0 -999.0 -999.0 -999.0} "" -999.0 -999.0 -999.0 -999.0 27021603148785199 848999733 "" ops_sky_apogee_good ops_sky sky_apogee 0 0 0.0 0.0 -999 ""
FIBERMAP 97 R-4C15 BOSS 0 0 0 1 0 0 67.38601533158617 -66.39152473450383 143.1 28.24207093899 -90.26889424413693 74.458046 133.84314 -999.0 -999.0 -999.0 -999.0 -999.0 274.71392159467484 -6.808653308607812 274.7279188014628 -6.788408688544948 41.15577008402807 138.52809476393745 -999.0 5400.0 -999.0 1 314 {-999.0 -999.0 -999.0 -999.0 -999.0} "" -999.0 -999.0 -999.0 -999.0 -999 -999 "" "" "" "" 0 0 0.0 0.0 -999 ""
FIBERMAP 97 R-4C15 METROLOGY 0 0 0 1 0 0 67.37773839277907 -67.13895955443869 143.1 27.88331163666237 -90.92452781988477 74.458046 133.84314 -999.0 -999.0 -999.0 -999.0 -999.0 274.71222871641237 -6.811567977415024 274.7262711578752 -6.7913813288394875 41.15422635393584 138.53210791999746 -999.0 6231.0 -999.0 -1 -999 {-999.0 -999.0 -999.0 -999.0 -999.0} "" -999.0 -999.0 -999.0 -999.0 -999 -999 "" "" "" "" 0 0 0.0 0.0 -999 ""
FIBERMAP 103 R-8C3 APOGEE 1 1 0 1 0 0 -167.5819048580887 -167.99199159549104 143.1 -226.8643472170509 -69.43396776869503 254.39314 89.86932 273.5493941134012 -6.707863813873528 -2.6635115 -9.086021 0.17711477 273.54938640199157 -6.70788993968557 273.5637161839162 -6.690999388895104 41.87739550270746 139.74151770144454 16000.0 16600.0 2016.0 2 267 {-999.0 18.784115 16.341976 15.165998 -999.0} sdss_psfmag_ps1 17.523136 15.629542 14.347481 10.777 63050395546572434 1153960566 bright_1x1 mwm_galactic_core_dist_apogee_sparse mwm_galactic science 0 0 0.0 0.0 -999 ""
FIBERMAP 103 R-8C3 BOSS 0 0 0 1 0 0 -168.2986165719493 -167.813192893612 143.1 -227.41268910366466 -68.93918906079638 254.39314 89.86932 -999.0 -999.0 -999.0 -999.0 -999.0 273.54701018956706 -6.705829682600281 273.5612103815031 -6.688755943266501 41.880635041717085 139.7426670526046 -999.0 5400.0 -999.0 1 476 {-999.0 -999.0 -999.0 -999.0 -999.0} "" -999.0 -999.0 -999.0 -999.0 -999 -999 "" "" "" "" 0 0 0.0 0.0 -999 ""
FIBERMAP 103 R-8C3 METROLOGY 0 0 0 1 0 0 -167.78502417714847 -167.2645847441499 143.1 -226.70153834529808 -68.69660466420358 254.39314 89.86932 -999.0 -999.0 -999.0 -999.0 -999.0 273.5501908804468 -6.704701491527194 273.5644225768955 -6.687673725317699 41.879795327164466 139.73828508089235 -999.0 6231.0 -999.0 -1 -999 {-999.0 -999.0 -999.0 -999.0 -999.0} "" -999.0 -999.0 -999.0 -999.0 -999 -999 "" "" "" "" 0 0 0.0 0.0 -999 ""
FIBERMAP 107 R-3C24 APOGEE 1 1 0 1 0 0 271.82799112803445 -75.08591194845819 143.1 204.55043213032368 -194.07259350347735 27.550613 17.52046 275.51513671874994 -7.275932738895207 -999.0 -999.0 -999.0 275.51513671874994 -7.275932738895207 275.5300970171128 -7.253522309699907 40.32266689278886 138.00656148986067 16000.0 16600.0 2015.5 2 222 {-999.0 -999.0 -999.0 -999.0 -999.0} "" -999.0 -999.0 -999.0 -999.0 27021603148772144 848998032 "" ops_sky_apogee_good ops_sky sky_apogee 0 0 0.0 0.0 -999 ""
FIBERMAP 107 R-3C24 BOSS 0 0 0 1 0 0 271.30192125249175 -75.61100475722577 143.1 203.83932871666008 -194.2885611964743 27.550613 17.52046 -999.0 -999.0 -999.0 -999.0 -999.0 275.51204891437595 -7.27711971932189 275.5268760311203 -7.254519069015445 40.3236579364285 138.01075478058075 -999.0 5400.0 -999.0 1 253 {-999.0 -999.0 -999.0 -999.0 -999.0} "" -999.0 -999.0 -999.0 -999.0 -999 -999 "" "" "" "" 0 0 0.0 0.0 -999 ""
FIBERMAP 107 R-3C24 METROLOGY 0 0 0 1 0 0 271.10900950606896 -74.88451384282473 143.1 204.01071391257608 -193.55680606585136 27.550613 17.52046 -999.0 -999.0 -999.0 -999.0 -999.0 275.51281461631936 -7.273777102105238 275.5276721119019 -7.251232048957664 40.325917448404276 138.00745658273948 -999.0 6231.0 -999.0 -1 -999 {-999.0 -999.0 -999.0 -999.0 -999.0} "" -999.0 -999.0 -999.0 -999.0 -999 -999 "" "" "" "" 0 0 0.0 0.0 -999 ""
FIBERMAP 110 R-1C13 APOGEE 1 1 0 1 0 0 -23.752735377126623 -1.919014808784893 143.1 -21.861416977972095 9.475607011897369 191.29274 32.07463 274.4851802018672 -6.35355546705385 -4.4538393 -7.3819985 0.077079825 274.4851673162185 -6.353576693143502 274.4982600476988 -6.334340676344448 41.65964635838186 138.4402516503784 16000.0 16600.0 2016.0 2 162 {-999.0 18.307678 15.826675 14.296854 -999.0} sdss_psfmag_ps1 17.020508 14.865631 13.529384 9.936 63050395546657118 1153961091 bright_1x1 mwm_galactic_core_dist_apogee_sparse mwm_galactic science 0 0 0.0 0.0 -999 ""
FIBERMAP 110 R-1C13 BOSS 0 0 0 1 0 0 -23.220337890661963 -1.4061404416938394 143.1 -21.15047548066585 9.67781798687185 191.29274 32.07463 -999.0 -999.0 -999.0 -999.0 -999.0 274.4885460047829 -6.3528490899582115 274.50150610992125 -6.333414577384017 41.65860195666894 138.43598200627412 -999.0 5400.0 -999.0 1 346 {-999.0 -999.0 -999.0 -999.0 -999.0} "" -999.0 -999.0 -999.0 -999.0 -999 -999 "" "" "" "" 0 0 0.0 0.0 -999 ""
FIBERMAP 110 R-1C13 METROLOGY 0 0 0 1 0 0 -23.027111891005024 -2.1217873377942134 143.1 -21.316484352623227 8.955483692072344 191.29274 32.07463 -999.0 -999.0 -999.0 -999.0 -999.0 274.4877416898208 -6.356086089227463 274.50074681572914 -6.3367060618576 41.65630146563376 138.439290749391 -999.0 6231.0 -999.0 -1 -999 {-999.0 -999.0 -999.0 -999.0 -999.0} "" -999.0 -999.0 -999.0 -999.0 -999 -999 "" "" "" "" 0 0 0.0 0.0 -999 ""
FIBERMAP 114 R-12C15 APOGEE 1 1 0 1 0 0 162.9785392803106 -225.33890700954942 143.1 37.85190122112367 -275.47087323569855 18.1512 145.00677 274.75486381728615 -7.6429869752560595 -2.927869 -3.8589592 0.072794445 274.754855323072 -7.6429980712503856 274.7710326355175 -7.622457009222602 40.439851782201806 139.09616603897905 16000.0 16600.0 2016.0 2 236 {-999.0 20.328426 17.379833 15.699368 -999.0} sdss_psfmag_ps1 18.63884 16.218979 14.825713 10.811 63050395546159615 1153958938 bright_1x1 mwm_galactic_core_dist_apogee_sparse mwm_galactic science 0 0 0.0 0.0 -999 ""
FIBERMAP 114 R-12C15 BOSS 0 0 0 1 0 0 163.68688023540713 -225.56564860978392 143.1 38.37031335238526 -276.00401998893716 18.1512 145.00677 -999.0 -999.0 -999.0 -999.0 -999.0 274.7573414203923 -7.6455616656691525 274.77338990364365 -7.624813716482362 40.4365942460494 139.09533362380594 -999.0 5400.0 -999.0 1 258 {-999.0 -999.0 -999.0 -999.0 -999.0} "" -999.0 -999.0 -999.0 -999.0 -999 -999 "" "" "" "" 0 0 0.0 0.0 -999 ""
FIBERMAP 114 R-12C15 METROLOGY 0 0 0 1 0 0 163.12980428571638 -226.07234480563747 143.1 37.640501016305954 -276.189175226566 18.1512 145.00677 -999.0 -999.0 -999.0 -999.0 -999.0 274.7539719439939 -7.646326271258933 274.7700617156362 -7.625643411086525 40.43773680146196 139.09954304699826 -999.0 6231.0 -999.0 -1 -999 {-999.0 -999.0 -999.0 -999.0 -999.0} "" -999.0 -999.0 -999.0 -999.0 -999 -999 "" "" "" "" 0 0 0.0 0.0 -999 ""
FIBERMAP 115 R-11C13 APOGEE 1 1 0 1 0 0 114.92992009106149 -229.7771774037065 143.1 -6.632441799936884 -256.79390575692696 19.59403 30.936382 274.5521233044763 -7.559495338189949 1.1995089 -4.7128973 0.10724464 274.5521267837659 -7.559508889585379 274.56817888601574 -7.539549690607883 40.62035444874762 139.25582383810038 16000.0 16600.0 2016.0 2 166 {-999.0 18.744064 16.154438 14.993048 -999.0} sdss_psfmag_ps1 17.354013 15.483992 14.205771 10.664 63050395546184674 1153959015 bright_1x1 mwm_galactic_core_dist_apogee_sparse mwm_galactic science 0 0 0.0 0.0 -999 ""
FIBERMAP 115 R-11C13 BOSS 0 0 0 1 0 0 114.46457138245319 -230.35200754332695 143.1 -7.313353037801512 -257.08231300896705 19.59403 30.936382 -999.0 -999.0 -999.0 -999.0 -999.0 274.54914685119877 -7.561000058102743 274.5650710264698 -7.540850102767336 40.620977095012556 139.26015263484845 -999.0 5400.0 -999.0 1 395 {-999.0 -999.0 -999.0 -999.0 -999.0} "" -999.0 -999.0 -999.0 -999.0 -999 -999 "" "" "" "" 0 0 0.0 0.0 -999 ""
FIBERMAP 115 R-11C13 METROLOGY 0 0 0 1 0 0 114.1933185968735 -229.65943851597237 143.1 -7.227045442028636 -256.34365283963933 19.59403 30.936382 -999.0 -999.0 -999.0 -999.0 -999.0 274.54951057027586 -7.557645571989965 274.5654639281986 -7.537552326813005 40.62350784199568 139.25732007256684 -999.0 6231.0 -999.0 -1 -999 {-999.0 -999.0 -999.0 -999.0 -999.0} "" -999.0 -999.0 -999.0 -999.0 -999 -999 "" "" "" "" 0 0 0.0 0.0 -999 ""
FIBERMAP 117 R-1C9 APOGEE 1 1 0 1 0 0 -90.39452485043448 -37.377155574441645 143.1 -97.33814191399036 9.523902920962176 357.6192 46.987984 274.13949250589826 -6.352273268197924 -1.3923949 -4.317865 0.48766783 274.1394884774937 -6.352285683722996 274.1527112957171 -6.3339746447087 41.851986930128966 138.8216616943923 16000.0 16600.0 2016.0 2 244 {-999.0 16.482475 14.129701 12.854516 -999.0} sdss_psfmag_from_g3xp 15.254704 13.523496 12.281628 8.981 63050395546699984 1152262807 bright_1x1 mwm_galactic_core_dist_apogee_sparse mwm_galactic science 0 0 0.0 0.0 -999 ""
FIBERMAP 117 R-1C9 BOSS 0 0 0 1 0 0 -90.9078917938009 -37.91348947286985 143.1 -98.0433221874098 9.292043132616723 357.6192 46.987984 -999.0 -999.0 -999.0 -999.0 -999.0 274.1363390138895 -6.353515353514124 274.1494383544692 -6.335023060719898 41.8529281787751 138.82607266581206 -999.0 5400.0 -999.0 1 481 {-999.0 -999.0 -999.0 -999.0 -999.0} "" -999.0 -999.0 -999.0 -999.0 -999 -999 "" "" "" "" 0 0 0.0 0.0 -999 ""
FIBERMAP 117 R-1C9 METROLOGY 0 0 0 1 0 0 -91.12322707968929 -37.197425358942525 143.1 -97.89662604290753 10.025141715674119 357.6192 46.987984 -999.0 -999.0 -999.0 -999.0 -999.0 274.1369946544859 -6.350126566609597 274.1501215233591 -6.331687639409358 41.855320057943395 138.82282129041164 -999.0 6231.0 -999.0 -1 -999 {-999.0 -999.0 -999.0 -999.0 -999.0} "" -999.0 -999.0 -999.0 -999.0 -999 -999 "" "" "" "" 0 0 0.0 0.0 -999 ""
FIBERMAP 119 R0C6 APOGEE 0 0 0 1 0 0 -166.49311793071234 11.678020952186516 143.1 -141.41989297730692 88.59225165775173 74.67322 79.892944 -999.0 -999.0 -999.0 -999.0 -999.0 273.94001609997144 -5.992229233369867 273.9524224344459 -5.974609494370247 42.26135729284914 138.77474092232427 -999.0 16600.0 -999.0 2 -999 {-999.0 -999.0 -999.0 -999.0 -999.0} "" -999.0 -999.0 -999.0 -999.0 -999 -999 "" "" "" "" 0 0 0.0 0.0 -999 ""
FIBERMAP 119 R0C6 BOSS 1 1 0 1 0 0 -165.8193494998886 11.395164908256318 143.1 -140.95837304689715 88.02584689821539 74.67322 79.892944 273.9421764759658 -5.994923153192103 0.6570802 -12.658902 0.37543225 273.94217837571404 -5.994959552412844 273.9544649207605 -5.977146351369689 42.2581188508419 138.77437160108963 5400.0 5400.0 2016.0 1 494 {-999.0 17.840313 16.96705 16.57107 -999.0} sdss_psfmag_ps1 17.544878 16.934341 16.154598 14.89 63050395555970895 981888102 "" ops_std_boss_tic ops_std standard_boss 0 0 0.0 0.0 -999 ""
FIBERMAP 119 R0C6 METROLOGY 0 0 0 1 0 0 -166.4204098027216 10.935474314839151 143.1 -141.70489374226295 87.90285086396543 74.67322 79.892944 -999.0 -999.0 -999.0 -999.0 -999.0 273.9387501472467 -5.995465535975809 273.95107483878166 -5.977714142490186 42.25952594192426 138.7785820027993 -999.0 6231.0 -999.0 -1 -999 {-999.0 -999.0 -999.0 -999.0 -999.0} "" -999.0 -999.0 -999.0 -999.0 -999 -999 "" "" "" "" 0 0 0.0 0.0 -999 ""
FIBERMAP 120 R-7C13 APOGEE 1 1 0 1 0 0 55.40992142727962 -123.20975392838147 143.1 -9.042302334410019 -134.77311490550133 89.97434 119.47431 274.54232583139816 -7.010083085773594 0.7504759 -3.131545 0.13892089 274.542328005558 -7.010092090172125 274.55702328237385 -6.99040931526073 41.08313642112464 138.8647308914444 16000.0 16600.0 2016.0 2 163 {-999.0 18.289768 15.367101 13.752609 -999.0} sdss_psfmag_ps1 16.655313 14.025527 12.608907 8.488 63050395546389397 1153959791 bright_1x1 mwm_galactic_core_dist_apogee_sparse mwm_galactic science 0 0 0.0 0.0 -999 ""
FIBERMAP 120 R-7C13 BOSS 0 0 0 1 0 0 56.06464912001836 -122.84389594715243 143.1 -8.292547921926388 -134.75815066075154 89.97434 119.47431 -999.0 -999.0 -999.0 -999.0 -999.0 274.545891886087 -7.010285616190326 274.56045481408285 -6.990398924283931 41.08124678093833 138.86097140777332 -999.0 5400.0 -999.0 1 354 {-999.0 -999.0 -999.0 -999.0 -999.0} "" -999.0 -999.0 -999.0 -999.0 -999 -999 "" "" "" "" 0 0 0.0 0.0 -999 ""
FIBERMAP 120 R-7C13 METROLOGY 0 0 0 1 0 0 56.061562837711705 -123.57887627404337 143.1 -8.640870762475725 -135.405235304487 89.97434 119.47431 -999.0 -999.0 -999.0 -999.0 -999.0 274.54425202306413 -7.013148864623046 274.5588599265335 -6.993320319399282 41.079703438629714 138.86487509896799 -999.0 6231.0 -999.0 -1 -999 {-999.0 -999.0 -999.0 -999.0 -999.0} "" -999.0 -999.0 -999.0 -999.0 -999 -999 "" "" "" "" 0 0 0.0 0.0 -999 ""
FIBERMAP 124 R-6C12 APOGEE 0 0 0 1 0 0 17.940478535829925 -107.83625693124254 143.1 -34.87592419733485 -103.58903293694829 84.98024 144.55397 -999.0 -999.0 -999.0 -999.0 -999.0 274.42422523383686 -6.86815486961486 274.43861548371126 -6.848852249480334 41.26617599019861 138.88965012409298 -999.0 16600.0 -999.0 2 -999 {-999.0 -999.0 -999.0 -999.0 -999.0} "" -999.0 -999.0 -999.0 -999.0 -999 -999 "" "" "" "" 0 0 0.0 0.0 -999 ""
FIBERMAP 124 R-6C12 BOSS 1 1 0 1 0 0 18.41794924203141 -107.2714127027647 143.1 -34.18901222229182 -103.31513706436921 84.98024 144.55397 274.427490234375 -6.867163857418731 -999.0 -999.0 -999.0 274.427490234375 -6.867163857418732 274.4417463282383 -6.847659833851953 41.26543530652964 138.8853317502217 5400.0 5400.0 2015.5 1 378 {-999.0 -999.0 -999.0 -999.0 -999.0} "" -999.0 -999.0 -999.0 -999.0 27021603148788153 820564231 "" ops_sky_boss_good ops_sky sky_boss 0 0 0.0 0.0 -999 ""
FIBERMAP 124 R-6C12 METROLOGY 0 0 0 1 0 0 18.675520339195092 -107.96422383250018 143.1 -34.28750617973122 -104.04757751172606 84.98024 144.55397 -999.0 -999.0 -999.0 -999.0 -999.0 274.42699781703413 -6.870426345554163 274.4412991466678 -6.850976882972331 41.26292748419481 138.88827986337714 -999.0 6231.0 -999.0 -1 -999 {-999.0 -999.0 -999.0 -999.0 -999.0} "" -999.0 -999.0 -999.0 -999.0 -999 -999 "" "" "" "" 0 0 0.0 0.0 -999 ""
FIBERMAP 126 R-7C19 APOGEE 0 0 0 1 0 0 185.79227008567173 -155.62967451444348 143.1 90.76080310652047 -224.68785116195247 309.85117 52.55122 -999.0 -999.0 -999.0 -999.0 -999.0 274.9973963371294 -7.415989139960108 275.01291382348836 -7.39490230600989 40.49496947573176 138.66770665313402 -999.0 16600.0 -999.0 2 -999 {-999.0 -999.0 -999.0 -999.0 -999.0} "" -999.0 -999.0 -999.0 -999.0 -999 -999 "" "" "" "" 0 0 0.0 0.0 -999 ""
FIBERMAP 126 R-7C19 BOSS 1 1 0 1 0 0 185.0528237445925 -155.68427958684018 143.1 90.08265031609741 -224.3883343352729 309.85117 52.55122 274.99446143529883 -7.4148663118197975 -1.7001683 -4.283279 0.41219863 274.99445650543504 -7.414878627896919 275.0098376352604 -7.393602260055206 40.49775485124085 138.67007292938342 5400.0 5400.0 2016.0 1 320 {-999.0 18.344704 17.06611 16.235025 -999.0} sdss_psfmag_ps1 17.821728 16.809977 15.823935 13.964 63050395546289661 981886930 "" ops_std_boss_tic ops_std standard_boss 0 0 0.0 0.0 -999 ""
FIBERMAP 126 R-7C19 METROLOGY 0 0 0 1 0 0 185.38230956785227 -155.00630114771934 143.1 90.69218012266458 -223.9450256261869 309.85117 52.55122 -999.0 -999.0 -999.0 -999.0 -999.0 274.99720812583126 -7.4128232155177285 275.012621199651 -7.391596528534862 40.49787078205768 138.66558837482796 -999.0 6231.0 -999.0 -1 -999 {-999.0 -999.0 -999.0 -999.0 -999.0} "" -999.0 -999.0 -999.0 -999.0 -999 -999 "" "" "" "" 0 0 0.0 0.0 -999 ""
FIBERMAP 129 R-6C21 APOGEE 1 1 0 1 0 0 226.11472769010913 -96.0079009862937 143.1 154.37586361705425 -191.03873942049944 140.12741 46.95082 275.28804733393395 -7.263814092355611 -3.8374655 -6.2477617 0.0316572 275.28803621047024 -7.263832057077472 275.30305963034886 -7.242035970938672 40.45957470768513 138.24184787880728 16000.0 16600.0 2016.0 2 194 {-999.0 20.320044 17.466955 14.785573 -999.0} sdss_psfmag_ps1 18.723074 15.193953 13.666562 9.148 63050395546311942 1153959474 bright_1x1 mwm_galactic_core_dist_apogee_sparse mwm_galactic science 0 0 0.0 0.0 -999 ""
FIBERMAP 129 R-6C21 BOSS 0 0 0 1 0 0 226.8453102518283 -95.88530288140433 143.1 155.07816655409292 -191.27409230093923 140.12741 46.95082 -999.0 -999.0 -999.0 -999.0 -999.0 275.2913695836324 -7.265090230041366 275.30625862310524 -7.243087192320817 40.4569154897097 138.2391852373416 -999.0 5400.0 -999.0 1 333 {-999.0 -999.0 -999.0 -999.0 -999.0} "" -999.0 -999.0 -999.0 -999.0 -999 -999 "" "" "" "" 0 0 0.0 0.0 -999 ""
FIBERMAP 129 R-6C21 METROLOGY 0 0 0 1 0 0 226.58221225899115 -96.58589892494419 143.1 154.51658123488923 -191.76857507628145 140.12741 46.95082 -999.0 -999.0 -999.0 -999.0 -999.0 275.2887597200989 -7.2672646848182705 275.303693776268 -7.24532359103315 40.45650590552854 138.2436045917723 -999.0 6231.0 -999.0 -1 -999 {-999.0 -999.0 -999.0 -999.0 -999.0} "" -999.0 -999.0 -999.0 -999.0 -999 -999 "" "" "" "" 0 0 0.0 0.0 -999 ""
FIBERMAP 130 R-9C15 APOGEE 0 0 0 1 1 0 141.4716228573244 -163.8875386238856 143.1 47.769933588455885 -211.1341894408466 94.43356 36.081875 -999.0 -999.0 -999.0 -999.0 -999.0 274.80139708681713 -7.355396566378039 274.81684380161266 -7.334862829939016 40.65345502882011 138.8357858706622 -999.0 16600.0 -999.0 2 -999 {-999.0 -999.0 -999.0 -999.0 -999.0} "" -999.0 -999.0 -999.0 -999.0 -999 -999 "" "" "" "" 0 0 0.0 0.0 -999 ""
FIBERMAP 130 R-9C15 BOSS 1 0 0 1 1 0 141.9587581858865 -164.43390843491548 143.1 47.94286280190565 -211.84535700329562 94.43356 36.081875 274.63301217956644 -7.372003399447794 0.17341079 0.17795086 -1.8881625 274.8023169094325 -7.3588317051892185 274.8176380790445 -7.3380967826016485 40.65033184607727 138.83730295769823 5400.0 5400.0 2016.0 1 265 {-999.0 16.19424 14.995071 14.242912 -999.0} sdss_psfmag_from_g3xp 15.722661 14.785432 13.791853 11.914 63050395546351665 1093174697 bright_3x1 mwm_astar_core_boss mwm_ob science 0 0 0.0 0.0 -999 ""
FIBERMAP 130 R-9C15 METROLOGY 0 0 0 1 1 0 141.2375216523205 -164.59595841915356 143.1 47.23025575597028 -211.64921053519356 94.43356 36.081875 -999.0 -999.0 -999.0 -999.0 -999.0 274.79902326297304 -7.357885483147465 274.8143813117981 -7.337215699422749 40.65286545609475 138.84018789158839 -999.0 6231.0 -999.0 -1 -999 {-999.0 -999.0 -999.0 -999.0 -999.0} "" -999.0 -999.0 -999.0 -999.0 -999 -999 "" "" "" "" 0 0 0.0 0.0 -999 ""
FIBERMAP 136 R-10C12 APOGEE 0 0 0 1 0 0 71.41423680704241 -184.69397005400535 143.1 -23.831194710839988 -196.55137170603382 42.61163 138.94727 -999.0 -999.0 -999.0 -999.0 -999.0 274.47401619679357 -7.289110771157595 274.48942949685534 -7.26948445396836 40.88844447525622 139.14410922199485 -999.0 16600.0 -999.0 2 -999 {-999.0 -999.0 -999.0 -999.0 -999.0} "" -999.0 -999.0 -999.0 -999.0 -999 -999 "" "" "" "" 0 0 0.0 0.0 -999 ""
FIBERMAP 136 R-10C12 BOSS 1 1 0 1 0 0 72.1267592126184 -184.6606370253336 143.1 -23.186801662808065 -196.85699860542329 42.61163 138.94727 274.4768429003774 -7.290729565304167 -2.7521951 -5.2846932 0.04208078 274.47708779870646 -7.2907447608331655 274.49237220179486 -7.270913396003417 40.88563663639913 139.14194426955504 5400.0 5400.0 2016.0 1 369 {-999.0 15.56832 14.193851 13.413433 -999.0} sdss_psfmag_from_g3xp 15.010995 13.960297 12.934068 11.054 63050395546356956 1093174655 bright_3x1 mwm_astar_core_boss mwm_ob science 0 0 0.9029949307441711 0.0 -999 ""
FIBERMAP 136 R-10C12 METROLOGY 0 0 0 1 0 0 71.8086413515484 -185.32730016996766 143.1 -23.780979913088338 -197.29566826291523 42.61163 138.94727 -999.0 -999.0 -999.0 -999.0 -999.0 274.47432928215204 -7.292644736462698 274.4896568245757 -7.272875457749176 40.88549753197703 139.14634825527898 -999.0 6231.0 -999.0 -1 -999 {-999.0 -999.0 -999.0 -999.0 -999.0} "" -999.0 -999.0 -999.0 -999.0 -999 -999 "" "" "" "" 0 0 0.0 0.0 -999 ""
FIBERMAP 138 R-2C24 APOGEE 0 0 0 1 0 0 249.57831910621067 -50.55105651409167 143.1 196.45433073986237 -161.96124381178774 278.12888 125.01752 -999.0 -999.0 -999.0 -999.0 -999.0 275.4798025647028 -7.131958044668506 275.4944222804023 -7.1097083798686755 40.461171461817976 137.93768687905703 -999.0 16600.0 -999.0 2 -999 {-999.0 -999.0 -999.0 -999.0 -999.0} "" -999.0 -999.0 -999.0 -999.0 -999 -999 "" "" "" "" 0 0 0.0 0.0 -999 ""
FIBERMAP 138 R-2C24 BOSS 1 1 0 1 0 0 249.04595373405863 -51.06464768305461 143.1 195.74308052800578 -162.1641023828887 278.12888 125.01752 275.4767224924315 -7.13307047024495 1.6702925 -10.156076 2.9546225 275.47672733262726 -7.13309967287743 275.49121490566785 -7.110660652767365 40.462194265469925 137.94184115418005 5400.0 5400.0 2016.0 1 260 {-999.0 21.00739 18.701168 17.13817 -999.0} sdss_psfmag_ps1 19.851595 17.753004 16.431644 13.281 63050395546321720 1165657131 bright_1x1 openfibertargets_mwm_nearbyocmg_boss open_fiber science 0 0 0.0 0.0 -999 ""
FIBERMAP 138 R-2C24 METROLOGY 0 0 0 1 0 0 248.86025968288345 -50.34844199071591 143.1 195.9159982358235 -161.4448166575888 278.12888 125.01752 -999.0 -999.0 -999.0 -999.0 -999.0 275.47749319637785 -7.12979812386068 275.4920104898521 -7.107414556826142 40.46441846587455 137.93856489108015 -999.0 6231.0 -999.0 -1 -999 {-999.0 -999.0 -999.0 -999.0 -999.0} "" -999.0 -999.0 -999.0 -999.0 -999 -999 "" "" "" "" 0 0 0.0 0.0 -999 ""
FIBERMAP 140 R-4C12 APOGEE 0 0 0 1 0 0 -5.622002764249407 -66.95781822932445 143.1 -36.44541398545471 -56.43904101980873 108.436325 125.2159 -999.0 -999.0 -999.0 -999.0 -999.0 274.41751952804134 -6.653665319175409 274.4313812880463 -6.634476747642927 41.44813979479304 138.7383482992711 -999.0 16600.0 -999.0 2 -999 {-999.0 -999.0 -999.0 -999.0 -999.0} "" -999.0 -999.0 -999.0 -999.0 -999 -999 "" "" "" "" 0 0 0.0 0.0 -999 ""
FIBERMAP 140 R-4C12 BOSS 1 1 0 1 0 0 -5.2061673369121255 -66.35098646609266 143.1 -35.79314486372748 -56.099114064520734 108.436325 125.2159 274.4206237792968 -6.652349969918134 -999.0 -999.0 -999.0 274.4206237792968 -6.652349969918135 274.43435120522605 -6.632962024357519 41.44774936949085 138.73395486503856 5400.0 5400.0 2015.5 1 365 {-999.0 -999.0 -999.0 -999.0 -999.0} "" -999.0 -999.0 -999.0 -999.0 27021603148788911 820564315 "" ops_sky_boss_good ops_sky sky_boss 0 0 0.0 0.0 -999 ""
FIBERMAP 140 R-4C12 METROLOGY 0 0 0 1 0 0 -4.878649504637384 -67.02175501010038 143.1 -35.819554070035814 -56.84499453533803 108.436325 125.2159 -999.0 -999.0 -999.0 -999.0 -999.0 274.4204614126637 -6.65568564484136 274.43423396545757 -6.636350940177715 41.44500289448895 138.73660805437697 -999.0 6231.0 -999.0 -1 -999 {-999.0 -999.0 -999.0 -999.0 -999.0} "" -999.0 -999.0 -999.0 -999.0 -999 -999 "" "" "" "" 0 0 0.0 0.0 -999 ""
FIBERMAP 142 R0C2 APOGEE 1 1 0 1 0 0 -278.6704640370364 -2.8234622461533205 143.1 -247.2223685247324 128.54394474311317 167.3148 142.07239 273.4633345004153 -5.8116809148105935 -2.636627 2.0256793 0.14272454 273.46332687992845 -5.811675090201991 273.47546353376407 -5.795406957696856 42.67369930665939 139.17502640535415 16000.0 16600.0 2016.0 2 295 {-999.0 18.093416 15.74629 14.628073 -999.0} sdss_psfmag_ps1 16.88585 15.214107 13.99087 10.781 63050395556056777 1153970868 bright_1x1 mwm_galactic_core_dist_apogee_sparse mwm_galactic science 0 0 0.0 0.0 -999 ""
FIBERMAP 142 R0C2 BOSS 0 0 0 1 0 0 -279.09817050517194 -2.217056783634215 143.1 -247.31462885592148 129.28014247977487 167.3148 142.07239 -999.0 -999.0 -999.0 -999.0 -999.0 273.4630799503758 -5.80854790988195 273.4750860043582 -5.792097352624725 42.67666531977398 139.1729648174565 -999.0 5400.0 -999.0 1 423 {-999.0 -999.0 -999.0 -999.0 -999.0} "" -999.0 -999.0 -999.0 -999.0 -999 -999 "" "" "" "" 0 0 0.0 0.0 -999 ""
FIBERMAP 142 R0C2 METROLOGY 0 0 0 1 0 0 -278.3547746296103 -2.1486551229307502 143.1 -246.62650367684913 128.99094242578798 167.3148 142.07239 -999.0 -999.0 -999.0 -999.0 -999.0 273.4661143740197 -5.809790632983446 273.478157208133 -5.793383697224507 42.67390477187273 139.1704677957401 -999.0 6231.0 -999.0 -1 -999 {-999.0 -999.0 -999.0 -999.0 -999.0} "" -999.0 -999.0 -999.0 -999.0 -999 -999 "" "" "" "" 0 0 0.0 0.0 -999 ""
FIBERMAP 144 R-4C4 APOGEE 0 0 0 1 0 0 -183.1789212264647 -63.712783095951195 143.1 -191.59316764932996 29.914444253141433 116.415054 106.19344 -999.0 -999.0 -999.0 -999.0 -999.0 273.7104892574732 -6.2581235264328585 273.72364153507783 -6.241000741918814 42.165927313630576 139.2298237436362 -999.0 16600.0 -999.0 2 -999 {-999.0 -999.0 -999.0 -999.0 -999.0} "" -999.0 -999.0 -999.0 -999.0 -999 -999 "" "" "" "" 0 0 0.0 0.0 -999 ""
FIBERMAP 144 R-4C4 BOSS 1 1 0 1 0 0 -182.62674728964438 -63.19989436145139 143.1 -190.86476894643116 30.107368701225564 116.415054 106.19344 273.7138747418611 -6.257427539675191 -1.7377563 -3.6793706 0.40081945 273.71386971519445 -6.257438119283289 273.7268938867855 -6.24011878442429 42.1648764779911 139.22553048015956 5400.0 5400.0 2016.0 1 455 {-999.0 18.854013 17.417635 16.668573 16.127491} sdss_psfmag_from_ps1dr2 18.2558 17.3212 16.3284 14.495 63050395555925502 1040020403 "" ops_std_boss_ps1dr2 ops_std standard_boss 0 0 0.0 0.0 -999 ""
FIBERMAP 144 R-4C4 METROLOGY 0 0 0 1 0 0 -182.4651367366942 -63.929978129676314 143.1 -191.065463274043 29.387161612803535 116.415054 106.19344 -999.0 -999.0 -999.0 -999.0 -999.0 273.71291674357434 -6.260653299887201 273.72598466074805 -6.243388330188663 42.16265040281315 139.22898363774442 -999.0 6231.0 -999.0 -1 -999 {-999.0 -999.0 -999.0 -999.0 -999.0} "" -999.0 -999.0 -999.0 -999.0 -999 -999 "" "" "" "" 0 0 0.0 0.0 -999 ""
FIBERMAP 146 R-8C5 APOGEE 1 1 0 1 0 0 -123.96656712653416 -139.53794415809304 143.1 -174.99926279298828 -64.83516561384505 175.66037 58.285416 273.784306594931 -6.688764708113229 2.173115 0.9950446 1.6823566 273.78431288629605 -6.688761846976643 273.79850614625883 -6.671251459712582 41.7659556536513 139.46536645556495 16000.0 16600.0 2016.0 2 265 {-999.0 11.800759 10.869537 10.507905 -999.0} sdss_psfmag_gaia 11.496083 10.901557 10.142321 8.985 63050395546665387 975476628 "" ops_std_apogee ops_std standard_apogee 0 0 0.0 0.0 -999 ""
FIBERMAP 146 R-8C5 BOSS 0 0 0 1 0 0 -123.53333492230304 -138.9276575403435 143.1 -174.33001848235946 -64.50037038940228 175.66037 58.285416 -999.0 -999.0 -999.0 -999.0 -999.0 273.7874323757752 -6.687471923212228 273.8014943441066 -6.6697631079646875 41.765565328283614 139.4609458525438 -999.0 5400.0 -999.0 1 480 {-999.0 -999.0 -999.0 -999.0 -999.0} "" -999.0 -999.0 -999.0 -999.0 -999 -999 "" "" "" "" 0 0 0.0 0.0 -999 ""
FIBERMAP 146 R-8C5 METROLOGY 0 0 0 1 0 0 -123.22314494670559 -139.61046058522626 143.1 -174.37737635084997 -65.24872209090668 175.66037 58.285416 -999.0 -999.0 -999.0 -999.0 -999.0 273.7871853843799 -6.690809132395735 273.8012915941664 -6.673153539454838 41.762845138996845 139.46367245591938 -999.0 6231.0 -999.0 -1 -999 {-999.0 -999.0 -999.0 -999.0 -999.0} "" -999.0 -999.0 -999.0 -999.0 -999 -999 "" "" "" "" 0 0 0.0 0.0 -999 ""
FIBERMAP 147 R-3C3 APOGEE 1 1 0 1 0 0 -209.965436568823 -46.740537819486605 143.1 -207.24857377976872 57.48595420546732 68.010445 125.70895 273.64037492920767 -6.132841410731471 -2.5038612 -4.3096967 0.13807045 273.64036768820074 -6.132853802769728 273.6532355035204 -6.11597322656766 42.30881392464272 139.21534664768484 16000.0 16600.0 2016.0 2 278 {-999.0 18.00382 15.523384 14.184667 -999.0} sdss_psfmag_ps1 16.736845 14.761168 13.459797 9.96 63050395555945136 1153970776 bright_1x1 mwm_galactic_core_dist_apogee_sparse mwm_galactic science 0 0 0.0 0.0 -999 ""
FIBERMAP 147 R-3C3 BOSS 0 0 0 1 0 0 -209.23645308016077 -46.55881919542081 143.1 -206.51988242401225 57.303520314073815 68.010445 125.70895 -999.0 -999.0 -999.0 -999.0 -999.0 273.6437382404534 -6.133862580084245 273.6564827183025 -6.116785702812675 42.306353007786875 139.21231441675522 -999.0 5400.0 -999.0 1 442 {-999.0 -999.0 -999.0 -999.0 -999.0} "" -999.0 -999.0 -999.0 -999.0 -999 -999 "" "" "" "" 0 0 0.0 0.0 -999 ""
FIBERMAP 147 R-3C3 METROLOGY 0 0 0 1 0 0 -209.4639529507228 -47.29528853498782 143.1 -207.0669246818669 56.76064465969231 68.010445 125.70895 -999.0 -999.0 -999.0 -999.0 -999.0 273.6412217162391 -6.136268349461102 273.6540084119416 -6.119250091204728 42.30565790345677 139.21692815527837 -999.0 6231.0 -999.0 -1 -999 {-999.0 -999.0 -999.0 -999.0 -999.0} "" -999.0 -999.0 -999.0 -999.0 -999 -999 "" "" "" "" 0 0 0.0 0.0 -999 ""
FIBERMAP 148 R-10C10 APOGEE 0 0 0 1 0 0 37.27092636440774 -210.40905296449995 143.1 -66.0503960496926 -203.18725103542195 28.059395 20.788105 -999.0 -999.0 -999.0 -999.0 -999.0 274.2809090181165 -7.318023022061671 274.29647033631124 -7.298900828731228 40.96983185791868 139.3766853994242 -999.0 16600.0 -999.0 2 -999 {-999.0 -999.0 -999.0 -999.0 -999.0} "" -999.0 -999.0 -999.0 -999.0 -999 -999 "" "" "" "" 0 0 0.0 0.0 -999 ""
FIBERMAP 148 R-10C10 BOSS 1 1 0 1 0 0 36.77103129840782 -210.9712965170445 143.1 -66.75587207142773 -203.44830781567677 28.059395 20.788105 274.2778015136719 -7.319415334222086 -999.0 -999.0 -999.0 274.2778015136719 -7.319415334222087 274.29323678467387 -7.3001049302544665 40.97059800283796 139.3811078103313 5400.0 5400.0 2015.5 1 370 {-999.0 -999.0 -999.0 -999.0 -999.0} "" -999.0 -999.0 -999.0 -999.0 27021603148782764 820563691 "" ops_sky_boss_good ops_sky sky_boss 0 0 0.0 0.0 -999 ""
FIBERMAP 148 R-10C10 METROLOGY 0 0 0 1 0 0 36.5382059550654 -210.26840168563973 143.1 -66.63080130524496 -202.7186055085832 28.059395 20.788105 -999.0 -999.0 -999.0 -999.0 -999.0 274.2783394783434 -7.316073253908641 274.2938033072818 -7.296818459202538 40.97302843666588 139.37808480887375 -999.0 6231.0 -999.0 -1 -999 {-999.0 -999.0 -999.0 -999.0 -999.0} "" -999.0 -999.0 -999.0 -999.0 -999 -999 "" "" "" "" 0 0 0.0 0.0 -999 ""
FIBERMAP 153 R-7C3 APOGEE 1 1 0 1 0 0 -173.53138482707956 -125.26179142166127 143.1 -212.02165491959542 -28.931924695837598 107.69581 126.04571 273.6165526750064 -6.524797076319157 -0.4055681 -1.6954983 0.4152048 273.6168350773668 -6.524801951530117 273.63068468819415 -6.507812082714118 41.99413211260588 139.53172554537468 16000.0 16600.0 2016.0 2 300 {-999.0 18.444656 18.564247 12.174668 -999.0} sdss_psfmag_gaia 16.111113 12.555026 11.046743 6.658 63050395546681512 1154743446 bright_1x1 mwm_galactic_core_dist_apogee_sparse mwm_galactic science 0 0 1.0142616033554077 0.0 -999 ""
FIBERMAP 153 R-7C3 BOSS 0 0 0 1 0 0 -173.10935084280425 -124.66178741932313 143.1 -211.36712680491365 -28.600937117638985 107.69581 126.04571 -999.0 -999.0 -999.0 -999.0 -999.0 273.61988069571026 -6.5235133859521595 273.6336005704669 -6.506326586308432 41.99378199153828 139.5273703409446 -999.0 5400.0 -999.0 1 446 {-999.0 -999.0 -999.0 -999.0 -999.0} "" -999.0 -999.0 -999.0 -999.0 -999 -999 "" "" "" "" 0 0 0.0 0.0 -999 ""
FIBERMAP 153 R-7C3 METROLOGY 0 0 0 1 0 0 -172.78487732415968 -125.32279143751327 143.1 -211.39163083211432 -29.33677002890744 107.69581 126.04571 -999.0 -999.0 -999.0 -999.0 -999.0 273.61973322791226 -6.526795753996799 273.63349681538455 -6.5096615529873665 41.9910519009077 139.5299511361464 -999.0 6231.0 -999.0 -1 -999 {-999.0 -999.0 -999.0 -999.0 -999.0} "" -999.0 -999.0 -999.0 -999.0 -999 -999 "" "" "" "" 0 0 0.0 0.0 -999 ""
FIBERMAP 155 R-11C15 APOGEE 0 0 0 1 0 0 138.52088781904192 -218.883058907892 143.1 19.306471631310078 -258.2739471339072 171.85013 154.06152 -999.0 -999.0 -999.0 -999.0 -999.0 274.6705416976342 -7.566378837092935 274.6865632801764 -7.546099083111822 40.54984907731133 139.1319836428153 -999.0 16600.0 -999.0 2 -999 {-999.0 -999.0 -999.0 -999.0 -999.0} "" -999.0 -999.0 -999.0 -999.0 -999 -999 "" "" "" "" 0 0 0.0 0.0 -999 ""
FIBERMAP 155 R-11C15 BOSS 1 1 0 1 0 0 137.89492443288012 -218.48330257959293 143.1 18.942102561952623 -257.6268699771265 171.85013 154.06152 274.66865775902994 -7.563700376330903 -1.0703607 -1.0110406 0.48462147 274.6690219813844 -7.563703283462042 274.68490417049685 -7.543230496409824 40.553148137673254 139.13168892190924 5400.0 5400.0 2016.0 1 267 {-999.0 14.03378 12.703746 12.098572 -999.0} sdss_psfmag_gaia 13.508397 12.639747 11.70343 10.015 63050395546280002 1068392411 bright_3x1 mwm_ob_core_boss mwm_ob science 0 0 1.3108716011047363 0.0 -999 ""
FIBERMAP 155 R-11C15 METROLOGY 0 0 0 1 0 0 138.55964339851138 -218.13796831905614 143.1 19.691022544140502 -257.6347136195011 171.85013 154.06152 -999.0 -999.0 -999.0 -999.0 -999.0 274.67240316242766 -7.563682824005192 274.6883216620116 -7.54325720481448 40.551245525807595 139.12799941936112 -999.0 6231.0 -999.0 -1 -999 {-999.0 -999.0 -999.0 -999.0 -999.0} "" -999.0 -999.0 -999.0 -999.0 -999 -999 "" "" "" "" 0 0 0.0 0.0 -999 ""
FIBERMAP 159 R-8C14 APOGEE 0 0 0 1 0 0 84.24235590370783 -146.4701554915437 143.1 5.461600793560176 -168.85522578564894 96.729 138.38391 -999.0 -999.0 -999.0 -999.0 -999.0 274.60840590445315 -7.164562819904464 274.62345741813397 -7.144633124927341 40.918335357064116 138.90604693185756 -999.0 16600.0 -999.0 2 -999 {-999.0 -999.0 -999.0 -999.0 -999.0} "" -999.0 -999.0 -999.0 -999.0 -999 -999 "" "" "" "" 0 0 0.0 0.0 -999 ""
FIBERMAP 159 R-8C14 BOSS 1 1 0 1 0 0 84.65964129681159 -145.85306598587084 143.1 6.11997269900908 -168.50692934602662 96.729 138.38391 274.6115414197405 -7.163264166564374 6.0180845 5.5668845 1.5017715 274.61155886017656 -7.163248159626341 274.6264740240135 -7.143115070576308 40.91792868126025 138.90163823234516 5400.0 5400.0 2016.0 1 327 {-999.0 16.880394 15.204669 14.453406 -999.0} sdss_psfmag_ps1 16.093077 15.0346985 13.8989725 11.528 63050395546368856 939083341 bright_1x1 openfibertargets_nov2020_34a open_fiber science 0 0 0.0 0.0 -999 ""
FIBERMAP 159 R-8C14 METROLOGY 0 0 0 1 0 0 84.98693721587362 -146.5177017856713 143.1 6.096251394527337 -169.247294026126 96.729 138.38391 -999.0 -999.0 -999.0 -999.0 -999.0 274.6114040460321 -7.1665278930314225 274.6263645364056 -7.146449194576864 40.915220325946244 138.9042155182255 -999.0 6231.0 -999.0 -1 -999 {-999.0 -999.0 -999.0 -999.0 -999.0} "" -999.0 -999.0 -999.0 -999.0 -999 -999 "" "" "" "" 0 0 0.0 0.0 -999 ""
FIBERMAP 160 R+8C5 APOGEE 1 1 0 1 0 0 -90.43120502154434 157.4333231509233 143.1 -5.767493052017582 181.4390603935724 79.55107 22.460642 274.56101055327485 -5.572669578713871 -1.5816884 -4.0291023 0.2065841 274.5610059837147 -5.572681163935305 274.5721383700271 -5.553585017166326 42.262590145444875 137.76590308892202 16000.0 16600.0 2016.0 2 92 {-999.0 18.28651 15.888228 14.789285 -999.0} sdss_psfmag_ps1 17.013466 15.294116 14.058954 10.814 63050395556429267 1153971833 bright_1x1 mwm_galactic_core_dist_apogee_sparse mwm_galactic science 0 0 0.0 0.0 -999 ""
FIBERMAP 160 R+8C5 BOSS 0 0 0 1 0 0 -90.25197896685486 156.709442372244 143.1 -5.949726973918167 180.71604364042304 79.55107 22.460642 -999.0 -999.0 -999.0 -999.0 -999.0 274.56029137914726 -5.576072218368337 274.57130428339804 -5.556791692978678 42.260422065739476 137.76928686580627 -999.0 5400.0 -999.0 1 68 {-999.0 -999.0 -999.0 -999.0 -999.0} "" -999.0 -999.0 -999.0 -999.0 -999 -999 "" "" "" "" 0 0 0.0 0.0 -999 ""
FIBERMAP 160 R+8C5 METROLOGY 0 0 0 1 0 0 -90.97270577724325 156.9189338148965 143.1 -6.487179503329753 181.23979313557638 79.55107 22.460642 -999.0 -999.0 -999.0 -999.0 -999.0 274.5578089031228 -5.573660560947351 274.5688531086296 -5.554440107190081 42.26374307945127 137.77019607055132 -999.0 6231.0 -999.0 -1 -999 {-999.0 -999.0 -999.0 -999.0 -999.0} "" -999.0 -999.0 -999.0 -999.0 -999 -999 "" "" "" "" 0 0 0.0 0.0 -999 ""
FIBERMAP 162 R-9C14 APOGEE 1 1 0 1 0 0 88.55621885929543 -170.97031965852165 143.1 -2.2522803473696698 -192.50225901752006 159.87123 120.51438 274.5728292674052 -7.271176116995751 -4.4542494 -6.649068 0.009699232 274.57281635589027 -7.271195235627361 274.588146029558 -7.251312395731809 40.84919125703719 139.0230642657669 16000.0 16600.0 2016.0 2 192 {-999.0 20.378757 17.371155 14.68805 -999.0} sdss_psfmag_ps1 18.67811 14.947324 13.407041 8.835 63050395546357784 1153959847 bright_1x1 mwm_galactic_core_dist_apogee_sparse mwm_galactic science 0 0 0.0 0.0 -999 ""
FIBERMAP 162 R-9C14 BOSS 0 0 0 1 0 0 88.39913225591953 -170.25472794725013 143.1 -2.0544085508484695 -191.7969667413775 159.87123 120.51438 -999.0 -999.0 -999.0 -999.0 -999.0 274.5738608340637 -7.268268076278865 274.5890506544662 -7.248187669690721 40.851289903961465 139.0197818121352 -999.0 5400.0 -999.0 1 328 {-999.0 -999.0 -999.0 -999.0 -999.0} "" -999.0 -999.0 -999.0 -999.0 -999 -999 "" "" "" "" 0 0 0.0 0.0 -999 ""
FIBERMAP 162 R-9C14 METROLOGY 0 0 0 1 0 0 89.1116659908418 -170.47671479493016 143.1 -1.5300610111567163 -192.3278894830742 159.87123 120.51438 -999.0 -999.0 -999.0 -999.0 -999.0 274.5762181309978 -7.270601558621207 274.5914502417237 -7.250569332862165 40.84798688300612 139.01891622559916 -999.0 6231.0 -999.0 -1 -999 {-999.0 -999.0 -999.0 -999.0 -999.0} "" -999.0 -999.0 -999.0 -999.0 -999 -999 "" "" "" "" 0 0 0.0 0.0 -999 ""
FIBERMAP 167 R-6C5 APOGEE 1 1 0 1 0 0 -149.8432504601143 -122.03764458662778 143.1 -189.60354689223152 -37.225525913096156 221.60136 91.997215 273.7182894177537 -6.56301215346848 -2.9846056 -5.9862924 0.05822157 273.7182807792524 -6.563029366365248 273.7321867823169 -6.5457514067638245 41.906997839286376 139.44651028933527 16000.0 16600.0 2016.0 2 251 {-999.0 19.845135 16.921343 15.115902 -999.0} sdss_psfmag_ps1 18.2161 15.594656 14.182044 10.036 63050395546679561 1153960876 bright_1x1 mwm_galactic_core_dist_apogee_sparse mwm_galactic science 0 0 0.0 0.0 -999 ""
FIBERMAP 167 R-6C5 BOSS 0 0 0 1 0 0 -150.3749581478184 -121.5242193102649 143.1 -189.83129715095797 -36.52246948605533 221.60136 91.997215 -999.0 -999.0 -999.0 -999.0 -999.0 273.7173303178968 -6.560031627535204 273.7311033314279 -6.542567744279544 41.910248438864244 139.44536384034015 -999.0 5400.0 -999.0 1 457 {-999.0 -999.0 -999.0 -999.0 -999.0} "" -999.0 -999.0 -999.0 -999.0 -999 -999 "" "" "" "" 0 0 0.0 0.0 -999 ""
FIBERMAP 167 R-6C5 METROLOGY 0 0 0 1 0 0 -149.6597317918976 -121.31967438635002 143.1 -189.10401159472752 -36.678292960475545 221.60136 91.997215 -999.0 -999.0 -999.0 -999.0 -999.0 273.72060233779433 -6.5607023947167855 273.7344114414601 -6.543283244633011 41.907842366391165 139.44220561098604 -999.0 6231.0 -999.0 -1 -999 {-999.0 -999.0 -999.0 -999.0 -999.0} "" -999.0 -999.0 -999.0 -999.0 -999 -999 "" "" "" "" 0 0 0.0 0.0 -999 ""
FIBERMAP 170 R-2C20 APOGEE 0 0 0 1 0 0 137.16125999957768 -41.731265877406635 143.1 101.40637335157042 -101.31848375920573 234.31566 62.41384 -999.0 -999.0 -999.0 -999.0 -999.0 275.04868676117377 -6.858927794166696 275.06280696710235 -6.837957358997387 40.92771444057763 138.2005856112867 -999.0 16600.0 -999.0 2 -999 {-999.0 -999.0 -999.0 -999.0 -999.0} "" -999.0 -999.0 -999.0 -999.0 -999 -999 "" "" "" "" 0 0 0.0 0.0 -999 ""
FIBERMAP 170 R-2C20 BOSS 1 1 0 1 0 0 136.81293002668625 -41.06221026158013 143.1 101.4136127838398 -100.5643285484278 234.31566 62.41384 275.04890590693935 -6.855743044717951 -0.17688715 1.5025694 0.9390314 275.04890539465777 -6.8557387242519345 275.0628840651208 -6.834574903176685 40.93046322240772 138.19797472562544 5400.0 5400.0 2016.0 1 298 {-999.0 15.797372 14.79689 14.235685 -999.0} sdss_psfmag_from_g3xp 15.453052 14.730976 13.851583 12.26 63050395546415883 981661777 "" ops_std_boss_tic ops_std standard_boss 0 0 0.0 0.0 -999 ""
FIBERMAP 170 R-2C20 METROLOGY 0 0 0 1 0 0 137.56041001192256 -41.100915777734336 143.1 102.05497820716792 -100.94995881867376 234.31566 62.41384 -999.0 -999.0 -999.0 -999.0 -999.0 275.0517866075404 -6.857426302972229 275.0658060013302 -6.836309078274142 40.92739403978816 138.1961009302688 -999.0 6231.0 -999.0 -1 -999 {-999.0 -999.0 -999.0 -999.0 -999.0} "" -999.0 -999.0 -999.0 -999.0 -999 -999 "" "" "" "" 0 0 0.0 0.0 -999 ""
FIBERMAP 171 R-12C7 APOGEE 0 0 0 1 0 0 -41.81823542840877 -233.06076744421082 143.1 -146.48871254592203 -185.9857980404285 224.9031 63.701183 -999.0 -999.0 -999.0 -999.0 -999.0 273.91405762895255 -7.237701208863135 273.92956322673126 -7.219597797048413 41.23623403194674 139.72221505087853 -999.0 16600.0 -999.0 2 -999 {-999.0 -999.0 -999.0 -999.0 -999.0} "" -999.0 -999.0 -999.0 -999.0 -999 -999 "" "" "" "" 0 0 0.0 0.0 -999 ""
FIBERMAP 171 R-12C7 BOSS 1 1 0 1 0 0 -42.06123428130979 -232.36202801197183 143.1 -146.37457267080214 -185.25497864909016 224.9031 63.701183 273.91467673864753 -7.234639286872026 0.5171961 0.30635527 0.007009126 273.91467823772007 -7.234638405982601 273.93004743337906 -7.216340051240602 41.23869585989745 139.719306712025 5400.0 5400.0 2016.0 1 404 {-999.0 17.504957 16.00052 15.142901 -999.0} sdss_psfmag_ps1 16.8821 15.944562 14.713497 12.59 63050395546480758 1093371799 bright_3x1 mwm_astar_core_boss mwm_ob science 0 0 0.0 0.0 -999 ""
FIBERMAP 171 R-12C7 METROLOGY 0 0 0 1 0 0 -41.33590896673172 -232.49153711747311 143.1 -145.7954535096252 -185.71031519324652 224.9031 63.701183 -999.0 -999.0 -999.0 -999.0 -999.0 273.9172835094443 -7.236652304912748 273.93269311701215 -7.218401217803338 41.23553338779438 139.7178891816524 -999.0 6231.0 -999.0 -1 -999 {-999.0 -999.0 -999.0 -999.0 -999.0} "" -999.0 -999.0 -999.0 -999.0 -999 -999 "" "" "" "" 0 0 0.0 0.0 -999 ""
FIBERMAP 177 R-4C3 APOGEE 1 1 0 1 0 0 -213.4591738290757 -60.60958775568961 143.1 -216.8528462653048 46.89091926150593 183.51118 44.281174 273.5966491699219 -6.180789001867879 -999.0 -999.0 -999.0 273.5966491699219 -6.180789001867879 273.6096523097978 -6.164004283665435 42.29268150469506 139.30004632115572 16000.0 16600.0 2015.5 2 286 {-999.0 -999.0 -999.0 -999.0 -999.0} "" -999.0 -999.0 -999.0 -999.0 27021603148959516 848192606 "" ops_sky_apogee_best ops_sky sky_apogee 0 0 0.0 0.0 -999 ""
FIBERMAP 177 R-4C3 BOSS 0 0 0 1 0 0 -212.96789488059622 -60.06103036434196 143.1 -216.1614084320643 47.14395101060019 183.51118 44.281174 -999.0 -999.0 -999.0 -999.0 -999.0 273.5998633099516 -6.179828091466454 273.61273843684035 -6.162848116484353 42.29195360648697 139.2957243373102 -999.0 5400.0 -999.0 1 443 {-999.0 -999.0 -999.0 -999.0 -999.0} "" -999.0 -999.0 -999.0 -999.0 -999 -999 "" "" "" "" 0 0 0.0 0.0 -999 ""
FIBERMAP 177 R-4C3 METROLOGY 0 0 0 1 0 0 -212.7235303683207 -60.7702362447161 143.1 -216.279264761336 46.403254023935375 183.51118 44.281174 -999.0 -999.0 -999.0 -999.0 -999.0 273.5992822522423 -6.183133294741465 273.6122010603143 -6.166206430887616 42.28944699184705 139.29883077350223 -999.0 6231.0 -999.0 -1 -999 {-999.0 -999.0 -999.0 -999.0 -999.0} "" -999.0 -999.0 -999.0 -999.0 -999 -999 "" "" "" "" 0 0 0.0 0.0 -999 ""
FIBERMAP 179 R-4C8 APOGEE 0 0 0 1 0 0 -86.20669585108885 -64.05239731744855 143.1 -106.18598996838806 -15.983123680448612 84.51133 109.13899 -999.0 -999.0 -999.0 -999.0 -999.0 274.0986467807962 -6.468268108627257 274.11217257164594 -6.450015006878132 41.777979554016106 138.9532020376858 -999.0 16600.0 -999.0 2 -999 {-999.0 -999.0 -999.0 -999.0 -999.0} "" -999.0 -999.0 -999.0 -999.0 -999 -999 "" "" "" "" 0 0 0.0 0.0 -999 ""
FIBERMAP 179 R-4C8 BOSS 1 1 0 1 0 0 -85.48450495360218 -63.87302701368815 143.1 -105.46439651339465 -16.164435709815272 84.51133 109.13899 274.1020202636718 -6.4693041904617985 -999.0 -999.0 -999.0 274.1020202636718 -6.469304190461799 274.1154195887717 -6.450851741778547 41.775490901407636 138.95022864381323 5400.0 5400.0 2015.5 1 461 {-999.0 -999.0 -999.0 -999.0 -999.0} "" -999.0 -999.0 -999.0 -999.0 27021603148789935 820564477 "" ops_sky_boss_good ops_sky sky_boss 0 0 0.0 0.0 -999 ""
FIBERMAP 179 R-4C8 METROLOGY 0 0 0 1 0 0 -85.68726595880678 -64.58798537511568 143.1 -105.97949475191662 -16.69996300419777 84.51133 109.13899 -999.0 -999.0 -999.0 -999.0 -999.0 274.09963080768745 -6.471677686297846 274.11307314391706 -6.453284373328111 41.774764176630306 138.9546405853569 -999.0 6231.0 -999.0 -1 -999 {-999.0 -999.0 -999.0 -999.0 -999.0} "" -999.0 -999.0 -999.0 -999.0 -999 -999 "" "" "" "" 0 0 0.0 0.0 -999 ""
FIBERMAP 187 R-7C8 APOGEE 1 1 0 1 0 0 -64.84039990388338 -145.89964964137664 143.1 -125.81857587870334 -98.25071438646063 230.39578 116.45601 274.00812915841686 -6.841861214162137 -4.6551147 1.1982192 0.22055142 274.00811567716534 -6.8418577688201765 274.0226025969247 -6.8236805407010666 41.516122174337056 139.32927434916647 16000.0 16600.0 2016.0 2 288 {-999.0 16.785103 13.958917 12.217778 -999.0} sdss_psfmag_from_g3xp 15.206701 12.896502 11.538405 7.666 63050395546604046 1152262769 bright_1x1 mwm_galactic_core_dist_apogee_sparse mwm_galactic science 0 0 0.0 0.0 -999 ""
FIBERMAP 187 R-7C8 BOSS 0 0 0 1 0 0 -65.56498332584475 -145.74064046633364 143.1 -126.3831689983724 -97.76969626332837 230.39578 116.45601 -999.0 -999.0 -999.0 -999.0 -999.0 274.00562315680725 -6.8398865586591775 274.01997802645485 -6.8215247273429656 41.51935819324086 139.33058763554533 -999.0 5400.0 -999.0 1 400 {-999.0 -999.0 -999.0 -999.0 -999.0} "" -999.0 -999.0 -999.0 -999.0 -999 -999 "" "" "" "" 0 0 0.0 0.0 -999 ""
FIBERMAP 187 R-7C8 METROLOGY 0 0 0 1 0 0 -65.0666044942773 -145.18681487445502 143.1 -125.68298913992851 -97.51535441035595 230.39578 116.45601 -999.0 -999.0 -999.0 -999.0 -999.0 274.0087929075939 -6.838691102798195 274.02317987748336 -6.820375784583517 41.51856160370532 139.3261999325114 -999.0 6231.0 -999.0 -1 -999 {-999.0 -999.0 -999.0 -999.0 -999.0} "" -999.0 -999.0 -999.0 -999.0 -999 -999 "" "" "" "" 0 0 0.0 0.0 -999 ""
FIBERMAP 188 R-1C2 APOGEE 0 0 0 1 0 0 -263.58619992388077 -3.8396996380724957 143.1 -234.39008619406897 120.55436859606101 138.04124 87.04144 -999.0 -999.0 -999.0 -999.0 -999.0 273.5205009987517 -5.847565194675663 273.5327055253241 -5.831128883253337 42.61245179979133 139.13735624747298 -999.0 16600.0 -999.0 2 -999 {-999.0 -999.0 -999.0 -999.0 -999.0} "" -999.0 -999.0 -999.0 -999.0 -999 -999 "" "" "" "" 0 0 0.0 0.0 -999 ""
FIBERMAP 188 R-1C2 BOSS 1 1 0 1 0 0 -263.05541721210363 -3.3028785652548693 143.1 -233.66930942475634 120.77846908601578 138.04124 87.04144 273.5238647460937 -5.8467297232214435 -999.0 -999.0 -999.0 273.5238647460937 -5.846729723221444 273.53594263470467 -5.830099999401033 42.61152806093734 139.13293737502556 5400.0 5400.0 2015.5 1 434 {-999.0 -999.0 -999.0 -999.0 -999.0} "" -999.0 -999.0 -999.0 -999.0 27021603148960378 820586003 "" ops_sky_boss_good ops_sky sky_boss 0 0 0.0 0.0 -999 ""
FIBERMAP 188 R-1C2 METROLOGY 0 0 0 1 0 0 -262.8645292634361 -4.0290496799663345 143.1 -233.84233001518746 120.04794776414754 138.04124 87.04144 -999.0 -999.0 -999.0 -999.0 -999.0 273.5230197147724 -5.8499749722797185 273.53514092246394 -5.833398452902125 42.60922102143658 139.13631883977013 -999.0 6231.0 -999.0 -1 -999 {-999.0 -999.0 -999.0 -999.0 -999.0} "" -999.0 -999.0 -999.0 -999.0 -999 -999 "" "" "" "" 0 0 0.0 0.0 -999 ""
FIBERMAP 189 R-5C5 APOGEE 1 1 0 1 0 0 -163.52536964092386 -84.81827322329757 143.1 -184.17530223613355 2.0498537341949445 214.75018 27.943039 273.74354680202043 -6.384778180042272 -3.6771095 -3.973099 0.21643598 273.7435361629248 -6.3847896042324574 273.75699028674205 -6.367522802029634 42.04213755774054 139.28673158451866 16000.0 16600.0 2016.0 2 263 {-999.0 18.70974 16.274916 14.209557 -999.0} sdss_psfmag_ps1 17.37123 14.654017 13.224381 9.247 63050395555918046 1153970717 bright_1x1 mwm_galactic_core_dist_apogee_sparse mwm_galactic science 0 0 0.0 0.0 -999 ""
FIBERMAP 189 R-5C5 BOSS 0 0 0 1 0 0 -163.18071972008045 -84.16031389224369 143.1 -183.56180515824704 2.468367473715038 214.75018 27.943039 -999.0 -999.0 -999.0 -999.0 -999.0 273.74639937995534 -6.383088357226832 273.75972250911036 -6.365625988547051 42.0422206673192 139.28227294077655 -999.0 5400.0 -999.0 1 458 {-999.0 -999.0 -999.0 -999.0 -999.0} "" -999.0 -999.0 -999.0 -999.0 -999 -999 "" "" "" "" 0 0 0.0 0.0 -999 ""
FIBERMAP 189 R-5C5 METROLOGY 0 0 0 1 0 0 -162.77634420174448 -84.79487877579541 143.1 -183.50337272694048 1.7182928640330748 214.75018 27.943039 -999.0 -999.0 -999.0 -999.0 -999.0 273.7466254313675 -6.386443488621029 273.75999240340093 -6.369032490444781 42.03923196818041 139.2845033637249 -999.0 6231.0 -999.0 -1 -999 {-999.0 -999.0 -999.0 -999.0 -999.0} "" -999.0 -999.0 -999.0 -999.0 -999 -999 "" "" "" "" 0 0 0.0 0.0 -999 ""
FIBERMAP 192 R+4C10 APOGEE 0 0 0 1 0 0 -44.62984385079919 57.562528306236025 143.1 -12.313894780311372 71.77800006227943 321.03998 56.223648 -999.0 -999.0 -999.0 -999.0 -999.0 274.52969735141613 -6.069925470335776 274.5420711741523 -6.050695653082904 41.869648881991935 138.17804329276058 -999.0 16600.0 -999.0 2 -999 {-999.0 -999.0 -999.0 -999.0 -999.0} "" -999.0 -999.0 -999.0 -999.0 -999 -999 "" "" "" "" 0 0 0.0 0.0 -999 ""
FIBERMAP 192 R+4C10 BOSS 1 1 0 1 0 0 -45.362975005676304 57.334641404454246 143.1 -13.067955041361635 71.92164604164236 321.03998 56.223648 274.5263671875 -6.069413038158274 -999.0 -999.0 -999.0 274.5263671875 -6.069413038158275 274.5386119664081 -6.050004367344808 41.87215936666423 138.18133505663067 5400.0 5400.0 2015.5 1 74 {-999.0 -999.0 -999.0 -999.0 -999.0} "" -999.0 -999.0 -999.0 -999.0 27021603148796961 852798942 "" ops_sky_boss_fallback ops_sky sky_boss 0 0 0.0 0.0 -999 ""
FIBERMAP 192 R+4C10 METROLOGY 0 0 0 1 0 0 -45.18641824916387 58.059405473750104 143.1 -12.571368246368696 72.4781474073256 321.03998 56.223648 -999.0 -999.0 -999.0 -999.0 -999.0 274.5286136582239 -6.066840013454897 274.54088778456105 -6.0474797495341654 41.872968351343935 138.1769133084632 -999.0 6231.0 -999.0 -1 -999 {-999.0 -999.0 -999.0 -999.0 -999.0} "" -999.0 -999.0 -999.0 -999.0 -999 -999 "" "" "" "" 0 0 0.0 0.0 -999 ""
FIBERMAP 194 R-10C1 APOGEE 1 1 0 1 0 0 -187.36708296839157 -187.51686914660763 143.1 -253.50340917532654 -77.35912500959064 117.675674 138.14519 273.4294484858374 -6.742666880389853 -1.3338544 -7.7028146 0.06944453 273.4294446237799 -6.742689028949365 273.44390621021677 -6.726103752493288 41.91299002236275 139.90117535213219 16000.0 16600.0 2016.0 2 291 {-999.0 20.63215 17.661043 15.39511 -999.0} sdss_psfmag_ps1 18.935879 15.958972 14.476678 10.098 63050395546573395 1153960579 bright_1x1 mwm_galactic_core_dist_apogee_sparse mwm_galactic science 0 0 0.0 0.0 -999 ""
FIBERMAP 194 R-10C1 BOSS 0 0 0 1 0 0 -187.19783235709897 -186.79060949151875 143.1 -253.01256596729107 -76.79786849414653 117.675674 138.14519 -999.0 -999.0 -999.0 -999.0 -999.0 273.4317653664976 -6.7403669270745485 273.44609548147184 -6.723585982012277 41.913914568205506 139.89688115471208 -999.0 5400.0 -999.0 1 420 {-999.0 -999.0 -999.0 -999.0 -999.0} "" -999.0 -999.0 -999.0 -999.0 -999 -999 "" "" "" "" 0 0 0.0 0.0 -999 ""
FIBERMAP 194 R-10C1 METROLOGY 0 0 0 1 0 0 -186.6499599534339 -187.29813075009235 143.1 -252.767776036271 -77.50331621144235 117.675674 138.14519 -999.0 -999.0 -999.0 -999.0 -999.0 273.4328316851848 -6.743509920806488 273.44720457210974 -6.726778699426442 41.91063778659284 139.89798056148786 -999.0 6231.0 -999.0 -1 -999 {-999.0 -999.0 -999.0 -999.0 -999.0} "" -999.0 -999.0 -999.0 -999.0 -999 -999 "" "" "" "" 0 0 0.0 0.0 -999 ""
FIBERMAP 199 R+10C9 APOGEE 0 0 0 1 0 0 19.070027434136463 189.55367892972248 143.1 105.9582958206027 158.29235372809575 36.16967 57.741806 -999.0 -999.0 -999.0 -999.0 -999.0 275.0705959167059 -5.679226454280701 275.08179537548233 -5.6587221839811574 41.8868528846141 137.28551431568226 -999.0 16600.0 -999.0 2 -999 {-999.0 -999.0 -999.0 -999.0 -999.0} "" -999.0 -999.0 -999.0 -999.0 -999 -999 "" "" "" "" 0 0 0.0 0.0 -999 ""
FIBERMAP 199 R+10C9 BOSS 1 1 0 1 0 0 19.13088472940417 188.80589489559856 143.1 105.66037534656968 157.6039039840105 36.16967 57.741806 275.0694195480018 -5.682450330212256 -4.9927673 -8.075683 0.60882473 275.0694051209764 -5.682473550910932 275.08048212953986 -5.661784573527784 41.88509253098857 137.2893104977497 5400.0 5400.0 2016.0 1 121 {-999.0 18.262543 16.807308 16.113659 -999.0} sdss_psfmag_ps1 17.680847 16.637533 15.637709 13.648 63050395547520255 982153214 "" ops_std_boss_tic ops_std standard_boss 0 0 0.0 0.0 -999 ""
FIBERMAP 199 R+10C9 METROLOGY 0 0 0 1 0 0 18.456864398402733 189.12859885241753 143.1 105.21737027156159 158.2055884050869 36.16967 57.741806 -999.0 -999.0 -999.0 -999.0 -999.0 275.0673405091117 -5.679699521358631 275.07844850806487 -5.659070163697395 41.888476749554194 137.28944821288712 -999.0 6231.0 -999.0 -1 -999 {-999.0 -999.0 -999.0 -999.0 -999.0} "" -999.0 -999.0 -999.0 -999.0 -999 -999 "" "" "" "" 0 0 0.0 0.0 -999 ""
FIBERMAP 200 R+7C19 APOGEE 0 0 0 1 0 0 183.15147602085563 143.95527564281122 143.1 229.30025874389668 40.90325972863252 112.36186 134.97133 -999.0 -999.0 -999.0 -999.0 -999.0 275.6312058241605 -6.213377776831484 275.6435006621539 -6.1911379845157395 41.13008015252569 137.0833868149166 -999.0 16600.0 -999.0 2 -999 {-999.0 -999.0 -999.0 -999.0 -999.0} "" -999.0 -999.0 -999.0 -999.0 -999 -999 "" "" "" "" 0 0 0.0 0.0 -999 ""
FIBERMAP 200 R+7C19 BOSS 1 1 0 1 0 0 183.44531241505746 144.6438472000453 143.1 229.8833130712169 41.37267858372993 112.36186 134.97133 275.6340111011593 -6.211418628065085 -4.4634542 -8.677111 -0.70267236 275.63399819121923 -6.211443578101083 275.64615179594927 -6.189006213000112 41.1303047514484 137.07889616556383 5400.0 5400.0 2016.0 1 238 {-999.0 16.878569 15.646897 15.004097 -999.0} sdss_psfmag_ps1 16.30825 15.733739 14.446716 12.618 63050395547013060 980278549 "" ops_std_boss_red ops_std standard_boss 0 0 0.0 0.0 -999 ""
FIBERMAP 200 R+7C19 METROLOGY 0 0 0 1 0 0 183.89156070897818 144.0498094194115 143.1 229.99774992018865 40.638675244027695 112.36186 134.97133 -999.0 -999.0 -999.0 -999.0 -999.0 275.63447423939675 -6.214717787808564 275.6466740693386 -6.192331786879535 41.127287157676015 137.08087566641123 -999.0 6231.0 -999.0 -1 -999 {-999.0 -999.0 -999.0 -999.0 -999.0} "" -999.0 -999.0 -999.0 -999.0 -999 -999 "" "" "" "" 0 0 0.0 0.0 -999 ""
FIBERMAP 202 R-10C6 APOGEE 0 0 0 1 0 0 -76.42867830466281 -197.83191951268287 143.1 -160.46328991767174 -138.62599326215508 171.73131 143.8864 -999.0 -999.0 -999.0 -999.0 -999.0 273.85021895067354 -7.02354596520427 273.86521759707387 -7.005709865118159 41.45011221856959 139.6371244404746 -999.0 16600.0 -999.0 2 -999 {-999.0 -999.0 -999.0 -999.0 -999.0} "" -999.0 -999.0 -999.0 -999.0 -999 -999 "" "" "" "" 0 0 0.0 0.0 -999 ""
FIBERMAP 202 R-10C6 BOSS 1 1 0 1 0 0 -76.9633298396284 -197.30990766523428 143.1 -160.68960024046768 -137.9139759264477 171.73131 143.8864 273.8492831429348 -7.020535619718145 -0.8968803 -2.135142 0.70830774 273.84928054457686 -7.020541759074233 273.8641445430973 -7.002516373986996 41.45336644661329 139.6359746378147 5400.0 5400.0 2016.0 1 391 {-999.0 16.789598 15.627944 15.077063 -999.0} sdss_psfmag_ps1 16.380219 15.554103 14.644991 12.948 63050395546500984 981887010 "" ops_std_boss_tic ops_std standard_boss 0 0 0.0 0.0 -999 ""
FIBERMAP 202 R-10C6 METROLOGY 0 0 0 1 0 0 -76.24945305176455 -197.10766797541464 143.1 -159.96458948138527 -138.07119891706273 171.73131 143.8864 -999.0 -999.0 -999.0 -999.0 -999.0 273.8525480462719 -7.021220851828484 273.8674485089755 -7.00324117607494 41.45096113978962 139.6328474373631 -999.0 6231.0 -999.0 -1 -999 {-999.0 -999.0 -999.0 -999.0 -999.0} "" -999.0 -999.0 -999.0 -999.0 -999 -999 "" "" "" "" 0 0 0.0 0.0 -999 ""
FIBERMAP 204 R-3C18 APOGEE 1 1 0 1 0 0 134.1089549065998 -64.18117598516011 143.1 88.15675591357522 -119.69271238754934 326.5362 118.70025 274.98779296875 -6.942312767073204 -999.0 -999.0 -999.0 274.98779296875 -6.942312767073204 275.0021435333119 -6.921467684257338 40.89270123049439 138.32870710449333 16000.0 16600.0 2015.5 2 224 {-999.0 -999.0 -999.0 -999.0 -999.0} "" -999.0 -999.0 -999.0 -999.0 27021603148784872 848185784 "" ops_sky_apogee_best ops_sky sky_apogee 0 0 0.0 0.0 -999 ""
FIBERMAP 204 R-3C18 BOSS 0 0 0 1 0 0 134.12467718997817 -64.91404900371485 143.1 87.82602036580505 -120.34678166287803 326.5362 118.70025 -999.0 -999.0 -999.0 -999.0 -999.0 274.98643644793844 -6.945521044943999 275.0006618554422 -6.924483465435912 40.89103745504654 138.33256162458255 -999.0 5400.0 -999.0 1 293 {-999.0 -999.0 -999.0 -999.0 -999.0} "" -999.0 -999.0 -999.0 -999.0 -999 -999 "" "" "" "" 0 0 0.0 0.0 -999 ""
FIBERMAP 204 R-3C18 METROLOGY 0 0 0 1 0 0 133.465064303107 -64.55661817725215 143.1 87.41205733990635 -119.72122937278876 326.5362 118.70025 -999.0 -999.0 -999.0 -999.0 -999.0 274.9845091723153 -6.942620168394933 274.99876606692317 -6.921644250557201 40.89444348391291 138.3325038860029 -999.0 6231.0 -999.0 -1 -999 {-999.0 -999.0 -999.0 -999.0 -999.0} "" -999.0 -999.0 -999.0 -999.0 -999 -999 "" "" "" "" 0 0 0.0 0.0 -999 ""
FIBERMAP 208 R-7C5 APOGEE 1 1 0 1 0 0 -133.49031460495144 -120.77611673813202 143.1 -174.58076543224314 -43.80178523396062 160.57263 72.67878 273.7864226011121 -6.59326429688617 -0.82630783 -6.835803 -0.073186204 273.7864202093401 -6.593283952453467 273.80037537912256 -6.575810402078083 41.84460622050812 139.39279282542668 16000.0 16600.0 2016.0 2 253 {-999.0 19.812649 16.920185 14.3294735 -999.0} sdss_psfmag_ps1 18.33103 14.575368 13.007328 8.363 63050395546678355 1153960874 bright_1x1 mwm_galactic_core_dist_apogee_sparse mwm_galactic science 0 0 0.0 0.0 -999 ""
FIBERMAP 208 R-7C5 BOSS 0 0 0 1 0 0 -133.07169309791806 -120.16059576659242 143.1 -173.92195210938786 -43.45550110807954 160.57263 72.67878 -999.0 -999.0 -999.0 -999.0 -999.0 273.7894903727631 -6.591932295358428 273.8033146650588 -6.574261002579927 41.84429050020434 139.38837587609314 -999.0 5400.0 -999.0 1 451 {-999.0 -999.0 -999.0 -999.0 -999.0} "" -999.0 -999.0 -999.0 -999.0 -999 -999 "" "" "" "" 0 0 0.0 0.0 -999 ""
FIBERMAP 208 R-7C5 METROLOGY 0 0 0 1 0 0 -132.74778350875326 -120.84132746734167 143.1 -173.95623001277266 -44.20847626847003 160.57263 72.67878 -999.0 -999.0 -999.0 -999.0 -999.0 273.78930075128363 -6.595294685035904 273.80316926447597 -6.57767627469886 41.841519938703954 139.39106352124375 -999.0 6231.0 -999.0 -1 -999 {-999.0 -999.0 -999.0 -999.0 -999.0} "" -999.0 -999.0 -999.0 -999.0 -999 -999 "" "" "" "" 0 0 0.0 0.0 -999 ""
FIBERMAP 214 R-11C5 APOGEE 1 1 0 1 0 0 -59.686063089736145 -215.22433665805215 143.1 -153.86804554208274 -161.84545360916107 37.51715 67.13923 273.88032115064016 -7.128627945254608 -1.686623 -6.0232744 0.17188679 273.8803162631693 -7.128645264489091 273.89556422098417 -7.110681356765434 41.34582095388985 139.68030846876235 16000.0 16600.0 2016.0 2 153 {-999.0 19.906727 16.95307 15.033208 -999.0} sdss_psfmag_ps1 18.277847 15.587385 14.15655 9.952 63050395546496183 1153960299 bright_1x1 mwm_galactic_core_dist_apogee_sparse mwm_galactic science 0 0 0.0 0.0 -999 ""
FIBERMAP 214 R-11C5 BOSS 0 0 0 1 0 0 -59.475843859356225 -215.93160100174345 143.1 -154.01511822569645 -162.56838175255393 37.51715 67.13923 -999.0 -999.0 -999.0 -999.0 -999.0 273.8797525781834 -7.132121873664131 273.89488124616867 -7.113964009389947 41.34344731761909 139.68346083520242 -999.0 5400.0 -999.0 1 392 {-999.0 -999.0 -999.0 -999.0 -999.0} "" -999.0 -999.0 -999.0 -999.0 -999 -999 "" "" "" "" 0 0 0.0 0.0 -999 ""
FIBERMAP 214 R-11C5 METROLOGY 0 0 0 1 0 0 -60.19638684014994 -215.77345262937376 143.1 -154.57655088256303 -162.0900230693874 37.51715 67.13923 -999.0 -999.0 -999.0 -999.0 -999.0 273.8771664228131 -7.129879578934234 273.89232684483795 -7.1117846126453355 41.34665967508275 139.684692820093 -999.0 6231.0 -999.0 -1 -999 {-999.0 -999.0 -999.0 -999.0 -999.0} "" -999.0 -999.0 -999.0 -999.0 -999 -999 "" "" "" "" 0 0 0.0 0.0 -999 ""
FIBERMAP 215 R-10C15 APOGEE 1 1 0 1 0 0 123.23054035790774 -199.2722865709123 143.1 15.035793254910775 -233.7799223091288 196.72276 124.87046 274.65138185681775 -7.456868051086622 2.6908677 0.5892057 0.2585214 274.6513896600925 -7.456866356893216 274.66714778520895 -7.436688172108034 40.6515316234897 139.0730537787449 16000.0 16600.0 2016.0 2 237 {-999.0 17.764889 15.112341 13.992934 -999.0} sdss_psfmag_ps1 16.299828 14.415238 13.137763 9.594 63050395546285240 1153959418 bright_1x1 mwm_galactic_core_dist_apogee_sparse mwm_galactic science 0 0 0.0 0.0 -999 ""
FIBERMAP 215 R-10C15 BOSS 0 0 0 1 0 0 122.629195744955 -198.83795536799425 143.1 14.709405091209339 -233.11391293239882 196.72276 124.87046 -999.0 -999.0 -999.0 -999.0 -999.0 274.6500418829968 -7.454111703425077 274.6656606011612 -7.433740889475312 40.654801511982456 139.0725118891539 -999.0 5400.0 -999.0 1 266 {-999.0 -999.0 -999.0 -999.0 -999.0} "" -999.0 -999.0 -999.0 -999.0 -999 -999 "" "" "" "" 0 0 0.0 0.0 -999 ""
FIBERMAP 215 R-10C15 METROLOGY 0 0 0 1 0 0 123.30906175648089 -198.5319337537291 143.1 15.453205167121947 -233.1635678615667 196.72276 124.87046 -999.0 -999.0 -999.0 -999.0 -999.0 274.6534028234552 -7.454276726367476 274.6690583040694 -7.433952798495561 40.652753573573335 139.06897453119905 -999.0 6231.0 -999.0 -1 -999 {-999.0 -999.0 -999.0 -999.0 -999.0} "" -999.0 -999.0 -999.0 -999.0 -999 -999 "" "" "" "" 0 0 0.0 0.0 -999 ""
FIBERMAP 222 R-12C12 APOGEE 0 0 0 1 0 0 82.8887951912825 -241.38498677397257 143.1 -40.36323892052653 -251.97021516750158 212.45438 135.90547 -999.0 -999.0 -999.0 -999.0 -999.0 274.39815285093323 -7.537334077605855 274.41421145979336 -7.5177977089927355 40.7228531700281 139.40768331192427 -999.0 16600.0 -999.0 2 -999 {-999.0 -999.0 -999.0 -999.0 -999.0} "" -999.0 -999.0 -999.0 -999.0 -999 -999 "" "" "" "" 0 0 0.0 0.0 -999 ""
FIBERMAP 222 R-12C12 BOSS 1 1 0 1 0 0 82.14428131220562 -241.2389491445333 143.1 -40.95151781231806 -251.49127132507235 212.45438 135.90547 274.3955958911363 -7.535383967788589 0.38714597 -4.4185867 1.9858025 274.3955970140273 -7.53539667292776 274.411520332734 -7.515670321673533 40.7260996506071 139.40906994091452 5400.0 5400.0 2016.0 1 343 {-999.0 16.027409 14.503844 20.968822 -999.0} sdss_psfmag_ps1 15.347751 14.284071 13.267332 11.178 63050395546229333 1166109185 bright_1x1 openfibertargets_mwm_spyglassysos_boss open_fiber science 0 0 0.0 0.0 -999 ""
FIBERMAP 222 R-12C12 METROLOGY 0 0 0 1 0 0 82.64639483512964 -240.67936361119462 143.1 -40.245334100029766 -251.233603096054 212.45438 135.90547 -999.0 -999.0 -999.0 -999.0 -999.0 274.3987851111949 -7.534203056133348 274.41474117684425 -7.5145248259419875 40.725292630435696 139.40472203254785 -999.0 6231.0 -999.0 -1 -999 {-999.0 -999.0 -999.0 -999.0 -999.0} "" -999.0 -999.0 -999.0 -999.0 -999 -999 "" "" "" "" 0 0 0.0 0.0 -999 ""
FIBERMAP 228 R+13C11 APOGEE 1 1 0 1 0 0 63.77681817986877 265.5179065903391 143.1 181.12651192826544 204.30022352571325 184.47054 59.04708 275.41043037297607 -5.474592788082809 -2.3217776 -3.0098581 0.024993146 275.4104236663794 -5.474601442584488 275.4209863339241 -5.453278401634871 41.860354877690035 136.75597345548954 16000.0 16600.0 2016.0 2 53 {-999.0 19.696526 16.7784 15.492032 -999.0} sdss_psfmag_ps1 18.132162 15.946494 14.602072 10.756 63050395547690555 1153964094 bright_1x1 mwm_galactic_core_dist_apogee_sparse mwm_galactic science 0 0 0.0 0.0 -999 ""
FIBERMAP 228 R+13C11 BOSS 0 0 0 1 0 0 64.07840386492651 266.19665214717764 143.1 181.71178377305802 204.75732822116257 184.47054 59.04708 -999.0 -999.0 -999.0 -999.0 -999.0 275.4131795673369 -5.4727647924982765 275.4236042547466 -5.451249497262527 41.86050125536511 136.75154326318318 -999.0 5400.0 -999.0 1 163 {-999.0 -999.0 -999.0 -999.0 -999.0} "" -999.0 -999.0 -999.0 -999.0 -999 -999 "" "" "" "" 0 0 0.0 0.0 -999 ""
FIBERMAP 228 R+13C11 METROLOGY 0 0 0 1 0 0 64.520510689496 265.597055089376 143.1 181.8199521888196 204.02036684218763 184.47054 59.04708 -999.0 -999.0 -999.0 -999.0 -999.0 275.4136532902391 -5.476019753647606 275.4241233202604 -5.454554378142179 41.85750705802176 136.75354559281703 -999.0 6231.0 -999.0 -1 -999 {-999.0 -999.0 -999.0 -999.0 -999.0} "" -999.0 -999.0 -999.0 -999.0 -999 -999 "" "" "" "" 0 0 0.0 0.0 -999 ""
FIBERMAP 233 R+4C4 APOGEE 0 0 0 1 0 0 -175.92786574253364 68.24026726714727 143.1 -123.14849974075335 142.93831832038546 260.69394 144.02888 -999.0 -999.0 -999.0 -999.0 -999.0 274.0248177054231 -5.746038717757076 274.03658206989974 -5.728299598342532 42.41888615021161 138.49464881123205 -999.0 16600.0 -999.0 2 -999 {-999.0 -999.0 -999.0 -999.0 -999.0} "" -999.0 -999.0 -999.0 -999.0 -999 -999 "" "" "" "" 0 0 0.0 0.0 -999 ""
FIBERMAP 233 R+4C4 BOSS 1 1 0 1 0 0 -176.43785118419 67.71379161730943 143.1 -123.84606071987986 142.71356726964558 260.69394 144.02888 274.02174364081935 -5.74715611362098 -5.757871 -15.403887 1.264483 274.0217270010804 -5.747200405729829 274.0333699800199 -5.729283958020326 42.41986046174229 138.49898231971943 5400.0 5400.0 2016.0 1 36 {-999.0 18.31508 16.676329 15.977254 -999.0} sdss_psfmag_ps1 17.525253 16.458105 15.4212675 -999.0 63050395556398856 917201244 bright_6x1 mwm_yso_pms_boss_sagitta_edr3 mwm_yso science 0 0 0.0 0.0 -999 ""
FIBERMAP 233 R+4C4 METROLOGY 0 0 0 1 0 0 -176.65106655604842 68.42368636060093 143.1 -123.7003949314487 143.44022527290363 260.69394 144.02888 -999.0 -999.0 -999.0 -999.0 -999.0 274.0223846331356 -5.743868908686416 274.03405448422905 -5.726004673501545 42.422195893235305 138.4957302625464 -999.0 6231.0 -999.0 -1 -999 {-999.0 -999.0 -999.0 -999.0 -999.0} "" -999.0 -999.0 -999.0 -999.0 -999 -999 "" "" "" "" 0 0 0.0 0.0 -999 ""
FIBERMAP 238 R-5C3 APOGEE 1 1 0 1 0 0 -206.12559199193058 -85.87314271409231 143.1 -222.26113035099252 21.15036088741002 188.95616 62.927452 273.57154214957507 -6.297401060272812 -4.218666 -6.1822953 0.086331174 273.57152994564507 -6.297418836753534 273.5848320343776 -6.2806501492980695 42.20892967919729 139.41468556391675 16000.0 16600.0 2016.0 2 290 {-999.0 18.391798 15.90212 14.664868 -999.0} sdss_psfmag_ps1 17.07791 15.22356 13.942817 10.488 63050395555924095 1153970770 bright_1x1 mwm_galactic_core_dist_apogee_sparse mwm_galactic science 0 0 0.0 0.0 -999 ""
FIBERMAP 238 R-5C3 BOSS 0 0 0 1 0 0 -205.9079601860333 -85.17036016869773 143.1 -221.73863560018344 21.668151931016233 188.95616 62.927452 -999.0 -999.0 -999.0 -999.0 -999.0 273.57398569699575 -6.295263599898303 273.58715694971 -6.278301499399563 42.2096186701469 139.4103354576991 -999.0 5400.0 -999.0 1 444 {-999.0 -999.0 -999.0 -999.0 -999.0} "" -999.0 -999.0 -999.0 -999.0 -999 -999 "" "" "" "" 0 0 0.0 0.0 -999 ""
FIBERMAP 238 R-5C3 METROLOGY 0 0 0 1 0 0 -205.39540425660007 -85.70962560736115 143.1 -221.53993503132224 20.95129998789593 188.95616 62.927452 -999.0 -999.0 -999.0 -999.0 -999.0 273.5748381005271 -6.298464997312987 273.5880522702529 -6.281552419457668 42.20641465080887 139.41174802346478 -999.0 6231.0 -999.0 -1 -999 {-999.0 -999.0 -999.0 -999.0 -999.0} "" -999.0 -999.0 -999.0 -999.0 -999 -999 "" "" "" "" 0 0 0.0 0.0 -999 ""
FIBERMAP 240 R-13C13 APOGEE 1 1 0 1 0 0 111.29004368128447 -256.14408140734986 143.1 -22.242356971916852 -278.3481468960338 193.92976 123.12027 274.4807290637891 -7.655189903433215 -0.71071184 -3.2036557 0.2490399 274.480727001842 -7.655199115177658 274.49704486570914 -7.635387325839102 40.57947698651771 139.40299043002392 16000.0 16600.0 2016.0 2 176 {-999.0 19.190598 16.623924 14.328456 -999.0} sdss_psfmag_ps1 17.778452 14.818321 13.331024 9.203 63050395546180153 1153958926 bright_1x1 mwm_galactic_core_dist_apogee_sparse mwm_galactic science 0 0 0.0 0.0 -999 ""
FIBERMAP 240 R-13C13 BOSS 0 0 0 1 0 0 110.74897613295681 -255.63014290350398 143.1 -22.478124906608528 -277.6402364478437 193.92976 123.12027 -999.0 -999.0 -999.0 -999.0 -999.0 274.4797884168093 -7.652244021304343 274.4959666346549 -7.6322375563440445 40.58269322614855 139.40187401361948 -999.0 5400.0 -999.0 1 345 {-999.0 -999.0 -999.0 -999.0 -999.0} "" -999.0 -999.0 -999.0 -999.0 -999 -999 "" "" "" "" 0 0 0.0 0.0 -999 ""
FIBERMAP 240 R-13C13 METROLOGY 0 0 0 1 0 0 111.46116746624007 -255.4206702662844 143.1 -21.751200319936572 -277.7902846639268 193.92976 123.12027 -999.0 -999.0 -999.0 -999.0 -999.0 274.4830654465163 -7.652866674736971 274.49928147485 -7.632907402718214 40.58032077969078 139.39875412571794 -999.0 6231.0 -999.0 -1 -999 {-999.0 -999.0 -999.0 -999.0 -999.0} "" -999.0 -999.0 -999.0 -999.0 -999 -999 "" "" "" "" 0 0 0.0 0.0 -999 ""
FIBERMAP 245 R-9C16 APOGEE 1 1 0 1 0 0 157.82907932906318 -160.03937288028902 143.1 64.0129826426739 -215.43016307815776 95.07539 63.353214 274.8755412412316 -7.3746478615851965 -1.3790665 -7.113027 0.10794388 274.8755372428093 -7.374668314278469 274.89100180748807 -7.3539270535926065 40.59656780225766 138.7694250906335 16000.0 16600.0 2016.0 2 193 {-999.0 19.071962 16.354397 15.006973 -999.0} sdss_psfmag_ps1 17.552948 15.587953 14.29148 10.679 63050395546290942 1153959528 bright_1x1 mwm_galactic_core_dist_apogee_sparse mwm_galactic science 0 0 0.0 0.0 -999 ""
FIBERMAP 245 R-9C16 BOSS 0 0 0 1 0 0 158.51874005367847 -160.3129585887851 143.1 64.49288476065466 -215.9958606413426 95.07539 63.353214 -999.0 -999.0 -999.0 -999.0 -999.0 274.8778618374528 -7.377441059367541 274.8931981733032 -7.356494882911599 40.593221062522005 138.76893587172313 -999.0 5400.0 -999.0 1 308 {-999.0 -999.0 -999.0 -999.0 -999.0} "" -999.0 -999.0 -999.0 -999.0 -999 -999 "" "" "" "" 0 0 0.0 0.0 -999 ""
FIBERMAP 245 R-9C16 METROLOGY 0 0 0 1 0 0 157.93831125207774 -160.7760252924178 143.1 63.762981498221755 -216.13153696887366 95.07539 63.353214 -999.0 -999.0 -999.0 -999.0 -999.0 274.87448444821257 -7.377989203363973 274.88986152710333 -7.357107776646654 40.59456195897016 138.77300097000347 -999.0 6231.0 -999.0 -1 -999 {-999.0 -999.0 -999.0 -999.0 -999.0} "" -999.0 -999.0 -999.0 -999.0 -999 -999 "" "" "" "" 0 0 0.0 0.0 -999 ""
FIBERMAP 251 R-9C13 APOGEE 1 1 0 1 0 0 74.66556351008934 -165.0186095940043 143.1 -11.710601314022606 -180.718948159354 87.56786 138.21146 274.5296421036295 -7.217907005239612 -1.9060147 -5.1041293 0.018177506 274.52963657932537 -7.217921681577791 274.54485147589526 -7.198178742621192 40.91723402809257 139.0312326455271 16000.0 16600.0 2016.0 2 172 {-999.0 21.436193 18.278486 16.258278 -999.0} sdss_psfmag_ps1 19.55557 16.697712 15.23779 10.888 63050395546359478 1153959885 bright_1x1 mwm_galactic_core_dist_apogee_sparse mwm_galactic science 0 0 0.0 0.0 -999 ""
FIBERMAP 251 R-9C13 BOSS 0 0 0 1 0 0 75.18145560667435 -164.49112225469955 143.1 -11.007352676567299 -180.4960818126459 87.56786 138.21146 -999.0 -999.0 -999.0 -999.0 -999.0 274.5329866418474 -7.217177211221252 274.54806652594675 -7.197229960776062 40.916250216699 139.02702564026404 -999.0 5400.0 -999.0 1 397 {-999.0 -999.0 -999.0 -999.0 -999.0} "" -999.0 -999.0 -999.0 -999.0 -999 -999 "" "" "" "" 0 0 0.0 0.0 -999 ""
FIBERMAP 251 R-9C13 METROLOGY 0 0 0 1 0 0 75.38519790186751 -165.21241073147885 143.1 -11.166734885361379 -181.22833908651964 87.56786 138.21146 -999.0 -999.0 -999.0 -999.0 -999.0 274.53221310960555 -7.220413417237862 274.5473386762319 -7.2005222060477125 40.9139144701175 139.03024120426895 -999.0 6231.0 -999.0 -1 -999 {-999.0 -999.0 -999.0 -999.0 -999.0} "" -999.0 -999.0 -999.0 -999.0 -999 -999 "" "" "" "" 0 0 0.0 0.0 -999 ""
FIBERMAP 256 R-3C17 APOGEE 0 0 0 1 0 0 102.23091914867221 -45.24285690041416 143.1 68.93314629807558 -87.99225308876932 83.32488 116.08907 -999.0 -999.0 -999.0 -999.0 -999.0 274.9002799787662 -6.798334006823221 274.9143096472874 -6.777788329661396 41.060541951051796 138.31698625290787 -999.0 16600.0 -999.0 2 -999 {-999.0 -999.0 -999.0 -999.0 -999.0} "" -999.0 -999.0 -999.0 -999.0 -999 -999 "" "" "" "" 0 0 0.0 0.0 -999 ""
FIBERMAP 256 R-3C17 BOSS 1 1 0 1 0 0 102.92952472943978 -44.97326538564091 143.1 69.67635187741324 -88.08286504987774 83.32488 116.08907 274.90385687190644 -6.798957940012938 -3.4156897 -8.9814625 0.8885051 274.9038469809253 -6.7989837651776925 274.9177441871291 -6.7782346606683825 41.05825247944702 138.31358190967296 5400.0 5400.0 2016.0 1 302 {-999.0 17.092695 15.864093 15.308599 -999.0} sdss_psfmag_ps1 16.60466 15.755042 14.844739 13.155 63050395546436144 981886955 "" ops_std_boss_tic ops_std standard_boss 0 0 0.0 0.0 -999 ""
FIBERMAP 256 R-3C17 METROLOGY 0 0 0 1 0 0 102.8172443224198 -45.70425127742983 143.1 69.23355598987882 -88.67508023202699 83.32488 116.08907 -999.0 -999.0 -999.0 -999.0 -999.0 274.9017676301435 -6.801611500376253 274.91570962934804 -6.780921667817494 41.05716979748784 138.31780272826504 -999.0 6231.0 -999.0 -1 -999 {-999.0 -999.0 -999.0 -999.0 -999.0} "" -999.0 -999.0 -999.0 -999.0 -999 -999 "" "" "" "" 0 0 0.0 0.0 -999 ""
FIBERMAP 260 R+3C9 APOGEE 1 1 0 1 0 0 -84.16742939851738 50.01582139613723 143.1 -50.74986327351951 83.71010407075589 204.19746 145.33414 274.3539056656465 -6.0151915249136385 -3.0667534 -4.4228063 0.11914062 274.35389679872884 -6.0152042421855185 274.36620276727297 -5.996468404869045 42.01293054587281 138.33132815803904 16000.0 16600.0 2016.0 2 121 {-999.0 18.878933 16.217758 14.6616745 -999.0} sdss_psfmag_ps1 17.415045 15.20362 13.849105 10.089 63050395547485922 1153963354 bright_1x1 mwm_galactic_core_dist_apogee_sparse mwm_galactic science 0 0 0.0 0.0 -999 ""
FIBERMAP 260 R+3C9 BOSS 0 0 0 1 0 0 -84.88584013120845 50.14116271547882 143.1 -51.324840868998685 84.15851167409687 204.19746 145.33414 -999.0 -999.0 -999.0 -999.0 -999.0 274.35137579829006 -6.013305462158994 274.36355002235587 -5.994389898154086 42.01613257722541 138.33269249556096 -999.0 5400.0 -999.0 1 32 {-999.0 -999.0 -999.0 -999.0 -999.0} "" -999.0 -999.0 -999.0 -999.0 -999 -999 "" "" "" "" 0 0 0.0 0.0 -999 ""
FIBERMAP 260 R+3C9 METROLOGY 0 0 0 1 0 0 -84.42508644666954 50.72284898620007 143.1 -50.64476035007148 84.4551293297805 204.19746 145.33414 -999.0 -999.0 -999.0 -999.0 -999.0 274.3544615525249 -6.011918319919368 274.3666674262929 -5.9930481992393565 42.01549946521202 138.32822607974694 -999.0 6231.0 -999.0 -1 -999 {-999.0 -999.0 -999.0 -999.0 -999.0} "" -999.0 -999.0 -999.0 -999.0 -999 -999 "" "" "" "" 0 0 0.0 0.0 -999 ""
FIBERMAP 261 R+4C15 APOGEE 1 1 0 1 0 0 57.621392052843355 67.92033691414517 143.1 82.78150435172935 32.83740566570327 227.91034 114.772766 274.9648713403364 -6.248356229305913 -1.7214354 -4.973029 0.12223512 274.964866360966 -6.248370528680584 274.97751191085837 -6.227898038578411 41.478566201969784 137.83437146347023 16000.0 16600.0 2016.0 2 65 {-999.0 19.106493 16.3739 14.054254 -999.0} sdss_psfmag_ps1 17.63006 14.456827 12.974279 8.735 63050395547379033 1153963200 bright_1x1 mwm_galactic_core_dist_apogee_sparse mwm_galactic science 0 0 0.0 0.0 -999 ""
FIBERMAP 261 R+4C15 BOSS 0 0 0 1 0 0 56.908047860582094 68.11497754309694 143.1 82.24358304525809 33.344579595032556 227.91034 114.772766 -999.0 -999.0 -999.0 -999.0 -999.0 274.96258147171983 -6.246228862822793 274.97509082044644 -6.2255735024326855 41.48184628034237 137.83525416360507 -999.0 5400.0 -999.0 1 212 {-999.0 -999.0 -999.0 -999.0 -999.0} "" -999.0 -999.0 -999.0 -999.0 -999 -999 "" "" "" "" 0 0 0.0 0.0 -999 ""
FIBERMAP 261 R+4C15 METROLOGY 0 0 0 1 0 0 57.42712199152349 68.64670028489373 143.1 82.95163101742436 33.56968695515071 227.91034 114.772766 -999.0 -999.0 -999.0 -999.0 -999.0 274.96577724192514 -6.245161030437194 274.9783200377469 -6.2245514232244545 41.48086478320482 137.83095232230554 -999.0 6231.0 -999.0 -1 -999 {-999.0 -999.0 -999.0 -999.0 -999.0} "" -999.0 -999.0 -999.0 -999.0 -999 -999 "" "" "" "" 0 0 0.0 0.0 -999 ""
FIBERMAP 264 R+10C3 APOGEE 1 1 0 1 0 0 -132.8600567762541 209.23950652247817 143.1 -18.845990490689942 247.10280427041224 100.789185 98.08763 274.5019674559057 -5.277555512875265 -2.5073779 -4.996667 0.43918338 274.5023467260504 -5.277569880217616 274.51277190060813 -5.258757987877886 42.53872287803093 137.60472078190134 16000.0 16600.0 2016.0 2 136 {-999.0 18.074955 14.946022 12.951946 -999.0} sdss_psfmag_ps1 16.454582 12.181284 10.560532 5.461 63050395556458079 1153971684 bright_1x1 mwm_galactic_core_dist_apogee_sparse mwm_galactic science 0 0 1.3855392932891846 0.0 -999 ""
FIBERMAP 264 R+10C3 BOSS 0 0 0 1 0 0 -132.16138252071437 209.49224495482332 143.1 -18.110648903685338 246.9972891045102 100.789185 98.08763 -999.0 -999.0 -999.0 -999.0 -999.0 274.50581428317184 -5.278207144126296 274.51611248545237 -5.259202932584952 42.53646307394536 137.60135323943092 -999.0 5400.0 -999.0 1 16 {-999.0 -999.0 -999.0 -999.0 -999.0} "" -999.0 -999.0 -999.0 -999.0 -999 -999 "" "" "" "" 0 0 0.0 0.0 -999 ""
FIBERMAP 264 R+10C3 METROLOGY 0 0 0 1 0 0 -132.28682981738424 208.7562709401008 143.1 -18.56740855706804 246.40686375874304 100.789185 98.08763 -999.0 -999.0 -999.0 -999.0 -999.0 274.50369189987566 -5.280795571680858 274.51403334181214 -5.261847711088903 42.53546766026798 137.6057067281657 -999.0 6231.0 -999.0 -1 -999 {-999.0 -999.0 -999.0 -999.0 -999.0} "" -999.0 -999.0 -999.0 -999.0 -999 -999 "" "" "" "" 0 0 0.0 0.0 -999 ""
FIBERMAP 285 R-8C18 APOGEE 0 0 0 1 0 0 167.02743431147542 -169.94278362679108 143.1 67.4727334623442 -228.49400170278815 272.18872 68.102745 -999.0 -999.0 -999.0 -999.0 -999.0 274.8910421187698 -7.433247114517202 274.9066453154826 -7.412437444347842 40.53937362666856 138.7955211405709 -999.0 16600.0 -999.0 2 -999 {-999.0 -999.0 -999.0 -999.0 -999.0} "" -999.0 -999.0 -999.0 -999.0 -999 -999 "" "" "" "" 0 0 0.0 0.0 -999 ""
FIBERMAP 285 R-8C18 BOSS 1 1 0 1 0 0 166.33468159576807 -169.70542713047774 143.1 66.97306745951032 -227.95881836133898 272.18872 68.102745 274.88891601562494 -7.431079313802442 -999.0 -999.0 -999.0 274.88891601562494 -7.431079313802442 274.90438036259934 -7.410078527809735 40.542584821603015 138.79623866125283 5400.0 5400.0 2015.5 1 319 {-999.0 -999.0 -999.0 -999.0 -999.0} "" -999.0 -999.0 -999.0 -999.0 27021603148783350 820563738 "" ops_sky_boss_good ops_sky sky_boss 0 0 0.0 0.0 -999 ""
FIBERMAP 285 R-8C18 METROLOGY 0 0 0 1 0 0 166.8887873067051 -169.20968132248422 143.1 67.69510985227932 -227.78192893143813 272.18872 68.102745 -999.0 -999.0 -999.0 -999.0 -999.0 274.89217668303064 -7.430220164580705 274.9076756555795 -7.409267088799032 40.54143245112526 138.79207556120343 -999.0 6231.0 -999.0 -1 -999 {-999.0 -999.0 -999.0 -999.0 -999.0} "" -999.0 -999.0 -999.0 -999.0 -999 -999 "" "" "" "" 0 0 0.0 0.0 -999 ""
FIBERMAP 288 R-1C7 APOGEE 1 1 0 1 0 0 -150.3252551206318 -1.2882332320041483 143.1 -133.25054880669492 69.5486304144225 144.81776 68.27033 273.97672779558667 -6.078746823314858 -2.109693 -6.9658017 0.041917108 273.97672169510486 -6.078766852678424 273.98932863235274 -6.061011203537694 42.16915818284597 138.79857804258563 16000.0 16600.0 2016.0 2 247 {-999.0 18.834059 16.311981 14.964347 -999.0} sdss_psfmag_ps1 17.50813 15.592724 14.310974 10.815 63050395555958157 1153970939 bright_1x1 mwm_galactic_core_dist_apogee_sparse mwm_galactic science 0 0 0.0 0.0 -999 ""
FIBERMAP 288 R-1C7 BOSS 0 0 0 1 0 0 -149.72593526393172 -0.8475984324495478 143.1 -132.51452419570361 69.65563028130421 144.81776 68.27033 -999.0 -999.0 -999.0 -999.0 -999.0 273.98015323303474 -6.078448026671472 273.99263189003034 -6.060496268236129 42.167756104024164 138.79451041684635 -999.0 5400.0 -999.0 1 483 {-999.0 -999.0 -999.0 -999.0 -999.0} "" -999.0 -999.0 -999.0 -999.0 -999 -999 "" "" "" "" 0 0 0.0 0.0 -999 ""
FIBERMAP 288 R-1C7 METROLOGY 0 0 0 1 0 0 -149.6445985385019 -1.593035759053798 143.1 -132.7932704613035 68.95962148065095 144.81776 68.27033 -999.0 -999.0 -999.0 -999.0 -999.0 273.97883964084764 -6.081559863839795 273.99136226896644 -6.063663257223889 42.16582922112898 138.79830514989285 -999.0 6231.0 -999.0 -1 -999 {-999.0 -999.0 -999.0 -999.0 -999.0} "" -999.0 -999.0 -999.0 -999.0 -999 -999 "" "" "" "" 0 0 0.0 0.0 -999 ""
FIBERMAP 289 R-11C12 APOGEE 1 1 0 1 0 0 95.01496531651318 -210.14595053406796 143.1 -14.974187808127116 -230.10726754257968 38.196037 85.63623 274.51426317215146 -7.440024968232766 -2.6808734 -6.215286 0.1273026 274.5142553981576 -7.440042839573833 274.53002664657834 -7.420239860136476 40.740646876417294 139.21023058532282 16000.0 16600.0 2016.0 2 175 {-999.0 18.02725 15.343163 13.827947 -999.0} sdss_psfmag_ps1 16.514162 14.107644 12.724387 8.903 63050395546232367 1153959263 bright_1x1 mwm_galactic_core_dist_apogee_sparse mwm_galactic science 0 0 0.0 0.0 -999 ""
FIBERMAP 289 R-11C12 BOSS 0 0 0 1 0 0 95.42493996703165 -210.75669235796965 143.1 -14.899612799542009 -230.83895383560053 38.196037 85.63623 -999.0 -999.0 -999.0 -999.0 -999.0 274.51471968197836 -7.443555842852162 274.5303671173334 -7.423552828153489 40.737701676180215 139.21228182206102 -999.0 5400.0 -999.0 1 394 {-999.0 -999.0 -999.0 -999.0 -999.0} "" -999.0 -999.0 -999.0 -999.0 -999 -999 "" "" "" "" 0 0 0.0 0.0 -999 ""
FIBERMAP 289 R-11C12 METROLOGY 0 0 0 1 0 0 94.68849212628342 -210.81486249564446 143.1 -15.57679610817402 -230.5439927132454 38.196037 85.63623 -999.0 -999.0 -999.0 -999.0 -999.0 274.51158979024876 -7.442159430558826 274.5272725254415 -7.4222213344468715 40.740510076473036 139.21468024350045 -999.0 6231.0 -999.0 -1 -999 {-999.0 -999.0 -999.0 -999.0 -999.0} "" -999.0 -999.0 -999.0 -999.0 -999 -999 "" "" "" "" 0 0 0.0 0.0 -999 ""
FIBERMAP 293 R-11C16 APOGEE 1 1 0 1 0 0 189.30746827602206 -214.3987193269931 143.1 66.22841399880883 -278.19769718568017 64.99607 30.98611 274.88411495256867 -7.654962007055004 -0.98849857 -4.2641273 0.14169337 274.88411208469654 -7.654974268063664 274.9002666783498 -7.634081095769639 40.35894140898247 138.96488180859606 16000.0 16600.0 2016.0 2 218 {-999.0 21.760235 18.75689 15.675356 -999.0} sdss_psfmag_ps1 19.958887 15.704075 14.049296 8.704 63050395546262126 1153959402 bright_1x1 mwm_galactic_core_dist_apogee_sparse mwm_galactic science 0 0 0.0 0.0 -999 ""
FIBERMAP 293 R-11C16 BOSS 0 0 0 1 0 0 189.39407650506917 -215.12934681228964 143.1 65.96128305586802 -278.8831167451627 64.99607 30.98611 -999.0 -999.0 -999.0 -999.0 -999.0 274.88300816735824 -7.65820599447655 274.8990362933407 -7.637114926581976 40.3571009495099 138.96842845218515 -999.0 5400.0 -999.0 1 259 {-999.0 -999.0 -999.0 -999.0 -999.0} "" -999.0 -999.0 -999.0 -999.0 -999 -999 "" "" "" "" 0 0 0.0 0.0 -999 ""
FIBERMAP 293 R-11C16 METROLOGY 0 0 0 1 0 0 188.7061805580548 -214.8356867451605 143.1 65.49237743750118 -278.30053568903855 64.99607 30.98611 -999.0 -999.0 -999.0 -999.0 -999.0 274.8808502888637 -7.655567943945228 274.8969110043395 -7.634540396384781 40.3604124004499 138.96884261969407 -999.0 6231.0 -999.0 -1 -999 {-999.0 -999.0 -999.0 -999.0 -999.0} "" -999.0 -999.0 -999.0 -999.0 -999 -999 "" "" "" "" 0 0 0.0 0.0 -999 ""
FIBERMAP 296 R+3C13 APOGEE 1 1 0 1 0 0 2.3579299114473926 67.67015573562327 143.1 33.900196494656086 58.60241665238982 130.66695 118.973915 274.74126577255817 -6.1304639595544455 -4.448683 -2.2667062 0.54181385 274.7412529073086 -6.130470477207975 274.75369464147644 -6.110648268924921 41.7013017996539 137.99059507308334 16000.0 16600.0 2016.0 2 5 {-999.0 20.52831 17.146763 14.182597 -999.0} sdss_psfmag_ps1 18.593443 14.010831 12.376844 7.182 63050395547464716 1153963308 bright_1x1 mwm_galactic_core_dist_apogee_sparse mwm_galactic science 0 0 0.0 0.0 -999 ""
FIBERMAP 296 R+3C13 BOSS 0 0 0 1 0 0 2.616537117201265 68.35122048745204 143.1 34.44863528223688 59.081776942508 130.66695 118.973915 -999.0 -999.0 -999.0 -999.0 -999.0 274.7439174139856 -6.1284526997487125 274.75622268105224 -6.108435528397071 41.701703252111315 137.9861420828598 -999.0 5400.0 -999.0 1 106 {-999.0 -999.0 -999.0 -999.0 -999.0} "" -999.0 -999.0 -999.0 -999.0 -999 -999 "" "" "" "" 0 0 0.0 0.0 -999 ""
FIBERMAP 296 R+3C13 METROLOGY 0 0 0 1 0 0 3.1174387568918185 67.80939839430906 143.1 34.63585009673417 58.36814907911816 130.66695 118.973915 -999.0 -999.0 -999.0 -999.0 -999.0 274.7447288264567 -6.131656460859892 274.7570786254254 -6.111689181888541 41.69853923536479 137.98766892947106 -999.0 6231.0 -999.0 -1 -999 {-999.0 -999.0 -999.0 -999.0 -999.0} "" -999.0 -999.0 -999.0 -999.0 -999 -999 "" "" "" "" 0 0 0.0 0.0 -999 ""
FIBERMAP 298 R-12C13 APOGEE 0 0 0 1 0 0 129.40086915301276 -238.8148276564209 143.1 1.8868632065440205 -271.57306840789226 20.779217 71.19551 -999.0 -999.0 -999.0 -999.0 -999.0 274.5908576513373 -7.625458038348679 274.60705760159806 -7.605364722805064 40.54420941425952 139.26154145208446 -999.0 16600.0 -999.0 2 -999 {-999.0 -999.0 -999.0 -999.0 -999.0} "" -999.0 -999.0 -999.0 -999.0 -999 -999 "" "" "" "" 0 0 0.0 0.0 -999 ""
FIBERMAP 298 R-12C13 BOSS 1 1 0 1 0 0 129.43491577315166 -239.551862465784 143.1 1.5703398439781302 -272.2394263837588 20.779217 71.19551 274.58953857421875 -7.628618024665897 -999.0 -999.0 -999.0 274.58953857421875 -7.628618024665899 274.6056136759649 -7.608328185497681 40.542533867127375 139.26526883620267 5400.0 5400.0 2015.5 1 344 {-999.0 -999.0 -999.0 -999.0 -999.0} "" -999.0 -999.0 -999.0 -999.0 27021603148781495 812780295 "" ops_sky_boss_good ops_sky sky_boss 0 0 0.0 0.0 -999 ""
FIBERMAP 298 R-12C13 METROLOGY 0 0 0 1 0 0 128.77290203402734 -239.21771632340585 143.1 1.1433095089481629 -271.6332912381993 20.779217 71.19551 -999.0 -999.0 -999.0 -999.0 -999.0 274.5875593772057 -7.625859218172449 274.60366620813534 -7.605632252079578 40.545847629054485 139.2654203083024 -999.0 6231.0 -999.0 -1 -999 {-999.0 -999.0 -999.0 -999.0 -999.0} "" -999.0 -999.0 -999.0 -999.0 -999 -999 "" "" "" "" 0 0 0.0 0.0 -999 ""
FIBERMAP 302 R-2C21 APOGEE 1 1 0 1 0 0 195.16508384881806 -26.468355557977723 143.1 159.76496247826333 -115.12504476110247 90.98912 51.063583 275.31463623046875 -6.921175928821697 -999.0 -999.0 -999.0 275.31463623046875 -6.921175928821698 275.3288031364235 -6.899464942336262 40.727566833617104 137.95882183046638 16000.0 16600.0 2015.5 2 228 {-999.0 -999.0 -999.0 -999.0 -999.0} "" -999.0 -999.0 -999.0 -999.0 27021603148784078 848185771 "" ops_sky_apogee_best ops_sky sky_apogee 0 0 0.0 0.0 -999 ""
FIBERMAP 302 R-2C21 BOSS 0 0 0 1 0 0 195.7536577891131 -26.91848511748275 143.1 160.0726533467513 -115.79898940070395 90.98912 51.063583 -999.0 -999.0 -999.0 -999.0 -999.0 275.3161976824427 -6.924449227094069 275.3302366520943 -6.902537411308072 40.72422922538369 137.95957490186856 -999.0 5400.0 -999.0 1 284 {-999.0 -999.0 -999.0 -999.0 -999.0} "" -999.0 -999.0 -999.0 -999.0 -999 -999 "" "" "" "" 0 0 0.0 0.0 -999 ""
FIBERMAP 302 R-2C21 METROLOGY 0 0 0 1 0 0 195.06633848961027 -27.209398884491183 143.1 159.32938055116404 -115.7324988729731 90.98912 51.063583 -999.0 -999.0 -999.0 -999.0 -999.0 275.3127715195546 -6.924095710157785 275.3268493850044 -6.902248545585609 40.72637443885766 137.96301312143325 -999.0 6231.0 -999.0 -1 -999 {-999.0 -999.0 -999.0 -999.0 -999.0} "" -999.0 -999.0 -999.0 -999.0 -999 -999 "" "" "" "" 0 0 0.0 0.0 -999 ""
FIBERMAP 307 R0C7 APOGEE 1 1 0 1 0 0 -155.44843677592453 -9.337573174439068 143.1 -141.55609805507598 64.85501314929171 239.88281 149.61789 273.93877771269547 -6.099988716386577 -4.061315 -8.292876 0.07826276 273.9387659683526 -6.100012561600591 273.95143993663646 -6.08234903773334 42.17240669696958 138.85683487560203 16000.0 16600.0 2016.0 2 250 {-999.0 18.491753 15.855847 14.421976 -999.0} sdss_psfmag_ps1 17.194733 15.060361 13.729421 10.123 63050395555958197 1153970940 bright_1x1 mwm_galactic_core_dist_apogee_sparse mwm_galactic science 0 0 0.0 0.0 -999 ""
FIBERMAP 307 R0C7 BOSS 0 0 0 1 0 0 -156.0910242948776 -9.698797716313505 143.1 -142.29296143864843 64.8384288788545 239.88281 149.61789 -999.0 -999.0 -999.0 -999.0 -999.0 273.93548256330666 -6.100244284806092 273.94803233481844 -6.082402292165872 42.17424764172768 138.86067395613472 -999.0 5400.0 -999.0 1 493 {-999.0 -999.0 -999.0 -999.0 -999.0} "" -999.0 -999.0 -999.0 -999.0 -999 -999 "" "" "" "" 0 0 0.0 0.0 -999 ""
FIBERMAP 307 R0C7 METROLOGY 0 0 0 1 0 0 -156.08782633921953 -8.951630235724116 143.1 -141.9388094638295 65.49621477770707 239.88281 149.61789 -999.0 -999.0 -999.0 -999.0 -999.0 273.9370864648047 -6.097210581071786 273.94966381773725 -6.079418677885905 42.17582425678761 138.85661509983578 -999.0 6231.0 -999.0 -1 -999 {-999.0 -999.0 -999.0 -999.0 -999.0} "" -999.0 -999.0 -999.0 -999.0 -999 -999 "" "" "" "" 0 0 0.0 0.0 -999 ""
FIBERMAP 310 R+1C8 APOGEE 0 0 0 1 0 0 -104.77401312987953 9.093723510111209 143.1 -88.1750380552482 57.290591470937066 35.87633 36.91646 -999.0 -999.0 -999.0 -999.0 -999.0 274.1822278473758 -6.134973684092303 274.19489592267075 -6.116644143229567 42.008919783245574 138.61185440670403 -999.0 16600.0 -999.0 2 -999 {-999.0 -999.0 -999.0 -999.0 -999.0} "" -999.0 -999.0 -999.0 -999.0 -999 -999 "" "" "" "" 0 0 0.0 0.0 -999 ""
FIBERMAP 310 R+1C8 BOSS 1 1 0 1 0 0 -104.986152884874 8.379090831957164 143.1 -88.69825882355728 56.75976159343269 35.87633 36.91646 274.17960385725996 -6.1375276596520925 -0.33064544 -5.6894507 0.20765345 274.17991027752595 -6.137544019014909 274.19245825943597 -6.119031714944012 42.008295433000505 138.61635541697683 5400.0 5400.0 2016.0 1 46 {-999.0 15.03534 13.647162 12.836703 -999.0} sdss_psfmag_from_g3xp 14.468028 13.419451 12.400902 10.569 63050395546723995 1093174659 bright_3x1 mwm_astar_core_boss mwm_ob science 0 0 1.1002126932144165 0.0 -999 ""
FIBERMAP 310 R+1C8 METROLOGY 0 0 0 1 0 0 -105.50111736985447 8.926447078052597 143.1 -88.8952802389583 57.48488528788252 35.87633 36.91646 -999.0 -999.0 -999.0 -999.0 -999.0 274.17899520727013 -6.134193941473757 274.19157131516135 -6.115738809596449 42.01151865842941 138.61486171490975 -999.0 6231.0 -999.0 -1 -999 {-999.0 -999.0 -999.0 -999.0 -999.0} "" -999.0 -999.0 -999.0 -999.0 -999 -999 "" "" "" "" 0 0 0.0 0.0 -999 ""
FIBERMAP 322 R+11C6 APOGEE 1 1 0 1 0 0 -60.49448098393599 226.60546991323585 143.1 53.17408728026625 228.39882010999187 114.322174 110.45744 274.8298931952137 -5.362387081831312 -0.7989512 -2.3831825 0.0024211344 274.8298908878229 -5.362393934399223 274.84040108637635 -5.342670730505862 42.28355502771654 137.30688481995628 16000.0 16600.0 2016.0 2 4 {-999.0 25.357334 20.826466 17.806849 -999.0} sdss_psfmag_ps1 21.00558 17.908747 16.288536 10.167 63050395556439337 1153971571 bright_1x1 mwm_galactic_core_dist_apogee_sparse mwm_galactic science 0 0 0.0 0.0 -999 ""
FIBERMAP 322 R+11C6 BOSS 0 0 0 1 0 0 -59.972553046242794 227.1285435701474 143.1 53.88058647108436 228.6149537386768 114.322174 110.45744 -999.0 -999.0 -999.0 -999.0 -999.0 274.8332403790108 -5.361593447107413 274.84361827168254 -5.341677716358359 42.28253463757097 137.30256682185762 -999.0 5400.0 -999.0 1 143 {-999.0 -999.0 -999.0 -999.0 -999.0} "" -999.0 -999.0 -999.0 -999.0 -999 -999 "" "" "" "" 0 0 0.0 0.0 -999 ""
FIBERMAP 322 R+11C6 METROLOGY 0 0 0 1 0 0 -59.76296523162236 226.4073705316541 143.1 53.72641654385393 227.8800496687656 114.322174 110.45744 -999.0 -999.0 -999.0 -999.0 -999.0 274.83250314455887 -5.364838032811 274.8429259014084 -5.3449749751930655 42.280226442621476 137.305882955526 -999.0 6231.0 -999.0 -1 -999 {-999.0 -999.0 -999.0 -999.0 -999.0} "" -999.0 -999.0 -999.0 -999.0 -999 -999 "" "" "" "" 0 0 0.0 0.0 -999 ""
FIBERMAP 325 R+6C4 APOGEE 0 0 0 1 0 0 -138.47801171222468 115.7974131258976 143.1 -67.74116413793695 167.2925238354351 37.687668 71.816536 -999.0 -999.0 -999.0 -999.0 -999.0 274.2779505606907 -5.636075885120582 274.2893471750616 -5.617708349203187 42.36900071665356 138.12878564316085 -999.0 16600.0 -999.0 2 -999 {-999.0 -999.0 -999.0 -999.0 -999.0} "" -999.0 -999.0 -999.0 -999.0 -999 -999 "" "" "" "" 0 0 0.0 0.0 -999 ""
FIBERMAP 325 R+6C4 BOSS 1 1 0 1 0 0 -138.22009284695653 115.08748885685416 143.1 -67.84739810276568 166.54481947874123 37.687668 71.816536 274.27753848247585 -5.639599927748787 5.254062 4.1792045 1.0377598 274.2775536634085 -5.639587910925663 274.2888325525191 -5.621035100171514 42.36654226766598 138.13189735545208 5400.0 5400.0 2016.0 1 38 {-999.0 15.35673 14.424733 13.929857 -999.0} sdss_psfmag_from_g3xp 15.048327 14.369208 13.557225 12.149 63050395556392029 981662679 "" ops_std_boss_tic ops_std standard_boss 0 0 0.0 0.0 -999 ""
FIBERMAP 325 R+6C4 METROLOGY 0 0 0 1 0 0 -138.95728029194842 115.22560580782499 143.1 -68.43293668673772 167.01332922369554 37.687668 71.816536 -999.0 -999.0 -999.0 -999.0 -999.0 274.2748627563083 -5.637425691881222 274.28617305068553 -5.618933442479814 42.36977042515205 138.13325161667976 -999.0 6231.0 -999.0 -1 -999 {-999.0 -999.0 -999.0 -999.0 -999.0} "" -999.0 -999.0 -999.0 -999.0 -999 -999 "" "" "" "" 0 0 0.0 0.0 -999 ""
FIBERMAP 333 R+12C2 APOGEE 1 1 0 1 0 0 -154.9053527251763 238.38125956655713 143.1 -24.595516208386126 283.1831119498252 225.57475 39.47852 274.47687200595954 -5.11686319110463 -1.4425728 4.361883 0.34378532 274.4768678414106 -5.1168506490100505 274.48690529077476 -5.09817582921251 42.68536521799131 137.509157987665 16000.0 16600.0 2016.0 2 132 {-999.0 17.232967 14.884408 13.619345 -999.0} sdss_psfmag_from_g3xp 16.016094 14.295034 13.0620985 9.811 63050395556535868 1152272540 bright_1x1 mwm_galactic_core_dist_apogee_sparse mwm_galactic science 0 0 0.0 0.0 -999 ""
FIBERMAP 333 R+12C2 BOSS 0 0 0 1 0 0 -154.84215540119158 239.11549064795258 143.1 -24.19450457334654 283.8012702934025 225.57475 39.47852 -999.0 -999.0 -999.0 -999.0 -999.0 274.47882591871183 -5.1143041645955085 274.4887296160746 -5.095443511044349 42.686573463843885 137.5050076542042 -999.0 5400.0 -999.0 1 6 {-999.0 -999.0 -999.0 -999.0 -999.0} "" -999.0 -999.0 -999.0 -999.0 -999 -999 "" "" "" "" 0 0 0.0 0.0 -999 ""
FIBERMAP 333 R+12C2 METROLOGY 0 0 0 1 0 0 -154.2249433147206 238.69989584349008 143.1 -23.845305028302768 283.14433249912173 225.57475 39.47852 -999.0 -999.0 -999.0 -999.0 -999.0 274.4803618241667 -5.117169325335064 274.49030791133 -5.098354826760479 42.683285455480416 137.50550954763386 -999.0 6231.0 -999.0 -1 -999 {-999.0 -999.0 -999.0 -999.0 -999.0} "" -999.0 -999.0 -999.0 -999.0 -999 -999 "" "" "" "" 0 0 0.0 0.0 -999 ""
FIBERMAP 343 R+11C1 APOGEE 1 1 0 1 0 0 -164.16578062376632 200.200251103986 143.1 -50.7201051982006 253.84715182134087 292.2479 114.09527 274.357622312438 -5.247287105764382 -3.6890943 -5.472296 0.042189375 274.3576116602297 -5.247302840724252 274.36801642883245 -5.228890411340713 42.645254491562476 137.74272602439424 16000.0 16600.0 2016.0 2 139 {-999.0 19.959364 17.041515 15.165398 -999.0} sdss_psfmag_ps1 18.396902 15.78345 14.375816 10.357 63050395556524926 1153971866 bright_1x1 mwm_galactic_core_dist_apogee_sparse mwm_galactic science 0 0 0.0 0.0 -999 ""
FIBERMAP 343 R+11C1 BOSS 0 0 0 1 0 0 -164.67152383715646 199.67516594015996 143.1 -51.41326906846205 253.62163295122622 292.2479 114.09527 -999.0 -999.0 -999.0 -999.0 -999.0 274.35458029235974 -5.248476973230022 274.3648627974235 -5.229889771213211 42.64621503653634 137.7470120362312 -999.0 5400.0 -999.0 1 9 {-999.0 -999.0 -999.0 -999.0 -999.0} "" -999.0 -999.0 -999.0 -999.0 -999 -999 "" "" "" "" 0 0 0.0 0.0 -999 ""
FIBERMAP 343 R+11C1 METROLOGY 0 0 0 1 0 0 -164.88271489763972 200.38711353026466 143.1 -51.26485177582512 254.3491504927005 292.2479 114.09527 -999.0 -999.0 -999.0 -999.0 -999.0 274.3552386433407 -5.245184245035965 274.36554855406234 -5.226648394059406 42.64849549649861 137.74374560959927 -999.0 6231.0 -999.0 -1 -999 {-999.0 -999.0 -999.0 -999.0 -999.0} "" -999.0 -999.0 -999.0 -999.0 -999 -999 "" "" "" "" 0 0 0.0 0.0 -999 ""
FIBERMAP 361 R+13C14 APOGEE 1 1 0 1 0 0 145.51560417466345 264.7329679145259 143.1 252.88252736352885 165.17271560319446 85.421104 121.20759 275.7341642804388 -5.653238356323476 -4.9821014 -6.628337 0.1521719 275.7341498849619 -5.653257415345558 275.7450250847288 -5.630990663534685 41.52853373784939 136.54212418679572 16000.0 16600.0 2016.0 2 98 {-999.0 17.667263 15.36823 14.269415 -999.0} sdss_psfmag_ps1 16.463194 14.786695 13.560867 10.303 63050395547573974 1153963726 bright_1x1 mwm_galactic_core_dist_apogee_sparse mwm_galactic science 0 0 0.0 0.0 -999 ""
FIBERMAP 361 R+13C14 BOSS 0 0 0 1 0 0 146.17385914622304 265.06182181631266 143.1 253.61799428284394 165.15336940771115 85.421104 121.20759 -999.0 -999.0 -999.0 -999.0 -999.0 275.73754367316076 -5.653583847585343 275.7482837574207 -5.631120413202022 41.52654336077034 136.53869987526332 -999.0 5400.0 -999.0 1 90 {-999.0 -999.0 -999.0 -999.0 -999.0} "" -999.0 -999.0 -999.0 -999.0 -999 -999 "" "" "" "" 0 0 0.0 0.0 -999 ""
FIBERMAP 361 R+13C14 METROLOGY 0 0 0 1 0 0 146.14019540473174 264.3198140090082 143.1 253.2393859065546 164.51446183055452 85.421104 121.20759 -999.0 -999.0 -999.0 -999.0 -999.0 275.7358432782815 -5.656377337967344 275.7466290417674 -5.633970337157672 41.52518127230724 136.54270226159662 -999.0 6231.0 -999.0 -1 -999 {-999.0 -999.0 -999.0 -999.0 -999.0} "" -999.0 -999.0 -999.0 -999.0 -999 -999 "" "" "" "" 0 0 0.0 0.0 -999 ""
FIBERMAP 368 R-8C2 APOGEE 0 0 0 1 0 0 -161.19911170453832 -142.79157020142276 143.1 -209.38262138218178 -50.19877727207517 111.32554 19.60155 -999.0 -999.0 -999.0 -999.0 -999.0 273.6285197811204 -6.621326667558691 273.6426045638493 -6.60426290165036 41.90701626828624 139.58961821395337 -999.0 16600.0 -999.0 2 -999 {-999.0 -999.0 -999.0 -999.0 -999.0} "" -999.0 -999.0 -999.0 -999.0 -999 -999 "" "" "" "" 0 0 0.0 0.0 -999 ""
FIBERMAP 368 R-8C2 BOSS 1 1 0 1 0 0 -160.69564923778708 -143.46435592463936 143.1 -209.2547281330041 -51.029169664285675 111.32554 19.60155 273.62917459373523 -6.625277269695266 -0.6738825 -6.6568165 3.231342 273.6291726430365 -6.625296410607276 273.6431420778734 -6.608038865436077 41.903566584633076 139.59180247557254 5400.0 5400.0 2016.0 1 489 {-999.0 20.598223 18.040615 16.84211 -999.0} sdss_psfmag_ps1 19.193624 17.530416 16.149618 12.926 63050395546680053 939084198 bright_1x1 openfibertargets_nov2020_34a open_fiber science 0 0 0.0 0.0 -999 ""
FIBERMAP 368 R-8C2 METROLOGY 0 0 0 1 0 0 -161.4462161876763 -143.49555980001418 143.1 -209.93168996701522 -50.70377487568112 111.32554 19.60155 -999.0 -999.0 -999.0 -999.0 -999.0 273.6260866125659 -6.623743967904107 273.64008833236426 -6.606549439788764 41.90647627156583 139.59411182619985 -999.0 6231.0 -999.0 -1 -999 {-999.0 -999.0 -999.0 -999.0 -999.0} "" -999.0 -999.0 -999.0 -999.0 -999 -999 "" "" "" "" 0 0 0.0 0.0 -999 ""
FIBERMAP 372 R+12C4 APOGEE 0 0 0 1 0 0 -86.5483197991976 221.14783246706088 143.1 27.61829319118513 235.83401417680167 276.45056 126.43457 -999.0 -999.0 -999.0 -999.0 -999.0 274.71362148718566 -5.32858176874839 274.7240925415505 -5.309183724888679 42.377272864755255 137.40945213903004 -999.0 16600.0 -999.0 2 -999 {-999.0 -999.0 -999.0 -999.0 -999.0} "" -999.0 -999.0 -999.0 -999.0 -999 -999 "" "" "" "" 0 0 0.0 0.0 -999 ""
FIBERMAP 372 R+12C4 BOSS 1 1 0 1 0 0 -87.07187991785942 220.6310928838019 143.1 26.9133321709426 235.6242371195267 276.45056 126.43457 274.71054559315326 -5.329657701574404 -0.4236711 -1.5913451 0.5660935 274.7105443696461 -5.329662277304572 274.72089102663796 -5.310088443638456 42.37835225869124 137.41369319211014 5400.0 5400.0 2016.0 1 93 {-999.0 18.394579 16.497107 15.418269 -999.0} sdss_psfmag_ps1 17.424116 16.156578 14.854107 12.363 63050395556441803 917201258 bright_4x1 mwm_yso_pms_boss_sagitta_edr3 mwm_yso science 0 0 0.0 0.0 -999 ""
FIBERMAP 372 R+12C4 METROLOGY 0 0 0 1 0 0 -87.2658164046519 221.35243110262167 143.1 27.08139027079024 236.35192743649884 276.45056 126.43457 -999.0 -999.0 -999.0 -999.0 -999.0 274.7112749095871 -5.326361872153434 274.7216494044343 -5.3068395679343485 42.38058676335038 137.41034085053928 -999.0 6231.0 -999.0 -1 -999 {-999.0 -999.0 -999.0 -999.0 -999.0} "" -999.0 -999.0 -999.0 -999.0 -999 -999 "" "" "" "" 0 0 0.0 0.0 -999 ""
FIBERMAP 373 R-8C13 APOGEE 0 0 0 1 0 0 49.19607165753853 -155.68109187153257 143.1 -29.793856705398447 -160.50349544113206 214.6636 77.72183 -999.0 -999.0 -999.0 -999.0 -999.0 274.4470054075579 -7.126289423504663 274.46202604259895 -7.106809363298783 41.03886101049109 139.05451434686535 -999.0 16600.0 -999.0 2 -999 {-999.0 -999.0 -999.0 -999.0 -999.0} "" -999.0 -999.0 -999.0 -999.0 -999 -999 "" "" "" "" 0 0 0.0 0.0 -999 ""
FIBERMAP 373 R-8C13 BOSS 1 1 0 1 0 0 48.907852172596 -154.99875774971218 143.1 -29.72733289326624 -159.76588838791855 214.6636 77.72183 274.4474315796062 -7.123194699814255 1.5141239 -3.73916 1.4077172 274.4474359671598 -7.123205451339973 274.4623179207226 -7.10353067064483 41.04142678629778 139.05178093146117 5400.0 5400.0 2016.0 1 353 {-999.0 20.135077 18.1909 17.121939 -999.0} sdss_psfmag_ps1 19.121113 17.97881 16.487976 13.759 63050395546380828 942861977 bright_1x1 openfibertargets_nov2020_34b open_fiber science 0 0 0.0 0.0 -999 ""
FIBERMAP 373 R-8C13 METROLOGY 0 0 0 1 0 0 49.636970840750095 -155.0792032682552 143.1 -29.12179604618081 -160.1797156381321 214.6636 77.72183 -999.0 -999.0 -999.0 -999.0 -999.0 274.4501713192093 -7.1250223816825535 274.4650935704558 -7.105394752495191 41.03834694196045 139.05011668329286 -999.0 6231.0 -999.0 -1 -999 {-999.0 -999.0 -999.0 -999.0 -999.0} "" -999.0 -999.0 -999.0 -999.0 -999 -999 "" "" "" "" 0 0 0.0 0.0 -999 ""
FIBERMAP 375 R+2C25 APOGEE 1 1 0 1 0 0 278.01382701134355 31.83433397735208 143.1 260.28433931835923 -102.63641564973419 313.3452 127.3736 275.76924238980695 -6.862835413380677 0.9912831 -1.6917874 0.1683853 275.7692452606976 -6.8628402779211175 275.7830833044305 -6.839937854438351 40.51934649477556 137.42590914348898 16000.0 16600.0 2016.0 2 57 {-999.0 18.28763 15.6142645 14.126981 -999.0} sdss_psfmag_ps1 16.823574 14.655679 13.301559 9.557 63050395546755302 1153961252 bright_1x1 mwm_galactic_core_dist_apogee_sparse mwm_galactic science 0 0 0.0 0.0 -999 ""
FIBERMAP 375 R+2C25 BOSS 0 0 0 1 0 0 277.9075946549791 31.105756269212428 143.1 259.8480125086559 -103.22934977646685 313.3452 127.3736 -999.0 -999.0 -999.0 -999.0 -999.0 275.76740429811207 -6.865719476108193 275.7811124274323 -6.842625051456512 40.51826527279539 137.43004421084183 -999.0 5400.0 -999.0 1 176 {-999.0 -999.0 -999.0 -999.0 -999.0} "" -999.0 -999.0 -999.0 -999.0 -999 -999 "" "" "" "" 0 0 0.0 0.0 -999 ""
FIBERMAP 375 R+2C25 METROLOGY 0 0 0 1 0 0 277.3213747442165 31.55877865381712 143.1 259.54375905411763 -102.55395945289737 313.3452 127.3736 -999.0 -999.0 -999.0 -999.0 -999.0 275.7660190361176 -6.862625413297814 275.77975915835543 -6.83959156694942 40.521521336906126 137.42920660442562 -999.0 6231.0 -999.0 -1 -999 {-999.0 -999.0 -999.0 -999.0 -999.0} "" -999.0 -999.0 -999.0 -999.0 -999 -999 "" "" "" "" 0 0 0.0 0.0 -999 ""
FIBERMAP 380 R-1C10 APOGEE 0 0 0 1 0 0 -64.3754705041867 -10.952661891022153 143.1 -61.954088690885065 20.605911570891827 55.2772 89.43357 -999.0 -999.0 -999.0 -999.0 -999.0 274.3015992177676 -6.3023274533103555 274.31463597318225 -6.283605042077384 41.803936353162115 138.60472350277243 -999.0 16600.0 -999.0 2 -999 {-999.0 -999.0 -999.0 -999.0 -999.0} "" -999.0 -999.0 -999.0 -999.0 -999 -999 "" "" "" "" 0 0 0.0 0.0 -999 ""
FIBERMAP 380 R-1C10 BOSS 1 1 0 1 0 0 -63.7344933824961 -11.363258179095157 143.1 -61.581568844575976 19.94220969305492 55.2772 89.43357 274.3033943645531 -6.305528754089807 -1.5701294 -2.0158377 0.5784129 274.3033898223474 -6.3055345503997176 274.3163055208533 -6.286616756872718 41.80051160936551 138.6051382173349 5400.0 5400.0 2016.0 1 441 {-999.0 18.32766 16.533731 15.635924 -999.0} sdss_psfmag_ps1 17.49366 16.219316 15.119692 12.64 63050395546707430 917200779 bright_5x1 mwm_yso_pms_boss_sagitta_edr3 mwm_yso science 0 0 0.0 0.0 -999 ""
FIBERMAP 380 R-1C10 METROLOGY 0 0 0 1 0 0 -64.41486189521032 -11.697719136356383 143.1 -62.33918495585799 19.967006447103767 55.2772 89.43357 -999.0 -999.0 -999.0 -999.0 -999.0 274.29989039973736 -6.305359482030341 274.31284330937444 -6.286504765356273 41.802529463530966 138.60888087118482 -999.0 6231.0 -999.0 -1 -999 {-999.0 -999.0 -999.0 -999.0 -999.0} "" -999.0 -999.0 -999.0 -999.0 -999 -999 "" "" "" "" 0 0 0.0 0.0 -999 ""
FIBERMAP 382 R+9C5 APOGEE 1 0 0 1 1 0 -98.79975601700556 191.05745362778845 143.1 2.6588262677347223 215.04352712707527 108.52387 88.820496 274.4803112326926 -5.523972180231717 -3.3963766 -6.766553 0.1232565 274.59981830381054 -5.42145787487253 274.6105621165492 -5.402323615607145 42.365262324208295 137.60703298646752 16000.0 16600.0 2016.0 2 112 {-999.0 17.959259 15.502384 14.124501 -999.0} sdss_psfmag_ps1 16.671455 14.599269 13.282264 9.788 63050395556434345 1153971863 bright_1x1 mwm_galactic_core_dist_apogee_sparse mwm_galactic science 0 0 0.0 0.0 -999 ""
FIBERMAP 382 R+9C5 BOSS 0 0 0 1 1 0 -98.06987598342997 191.2078865751939 143.1 3.3735976940986445 214.8330656435343 108.52387 88.820496 -999.0 -999.0 -999.0 -999.0 -999.0 274.6032014053142 -5.422552973888341 274.6138186515183 -5.403225292645991 42.36267485364881 137.604121122842 -999.0 5400.0 -999.0 1 80 {-999.0 -999.0 -999.0 -999.0 -999.0} "" -999.0 -999.0 -999.0 -999.0 -999 -999 "" "" "" "" 0 0 0.0 0.0 -999 ""
FIBERMAP 382 R+9C5 METROLOGY 0 0 0 1 1 0 -98.30549041727679 190.48646296116985 143.1 2.8264700063069332 214.3072817146934 108.52387 88.820496 -999.0 -999.0 -999.0 -999.0 -999.0 274.6006664757397 -5.424864835594418 274.6113266749719 -5.4055950359025795 42.362139695257326 137.60870745117057 -999.0 6231.0 -999.0 -1 -999 {-999.0 -999.0 -999.0 -999.0 -999.0} "" -999.0 -999.0 -999.0 -999.0 -999 -999 "" "" "" "" 0 0 0.0 0.0 -999 ""
FIBERMAP 383 R+6C1 APOGEE 1 1 0 1 0 0 -214.46373234286162 98.44546393398609 143.1 -142.94901492973406 187.71112414620856 351.2052 52.878048 273.9365697728556 -5.544135010546602 -5.7221684 -6.063432 0.091053955 273.9365532420866 -5.544152445250012 273.94785055208484 -5.5267363710081385 42.63531838790916 138.4406711155223 16000.0 16600.0 2016.0 2 119 {-999.0 17.914438 15.75992 14.600749 -999.0} sdss_psfmag_ps1 16.808613 15.200326 13.990565 10.913 63050395556468130 1153971804 bright_1x1 mwm_galactic_core_dist_apogee_sparse mwm_galactic science 0 0 0.0 0.0 -999 ""
FIBERMAP 383 R+6C1 BOSS 0 0 0 1 0 0 -214.9697752792562 97.92664522603907 143.1 -143.63949668301333 187.4912756394437 351.2052 52.878048 -999.0 -999.0 -999.0 -999.0 -999.0 273.9335190121523 -5.5453058383475025 273.94469553424506 -5.52771382943824 42.6362687647115 138.4449510824418 -999.0 5400.0 -999.0 1 83 {-999.0 -999.0 -999.0 -999.0 -999.0} "" -999.0 -999.0 -999.0 -999.0 -999 -999 "" "" "" "" 0 0 0.0 0.0 -999 ""
FIBERMAP 383 R+6C1 METROLOGY 0 0 0 1 0 0 -215.18882260670685 98.63634851627438 143.1 -143.49906695098213 188.22050698648764 351.2052 52.878048 -999.0 -999.0 -999.0 -999.0 -999.0 273.9341561059963 -5.541978714531247 273.9453595084317 -5.524438468408789 42.63861109426789 138.44171191426832 -999.0 6231.0 -999.0 -1 -999 {-999.0 -999.0 -999.0 -999.0 -999.0} "" -999.0 -999.0 -999.0 -999.0 -999 -999 "" "" "" "" 0 0 0.0 0.0 -999 ""
FIBERMAP 386 R-4C2 APOGEE 0 0 0 1 0 0 -222.7165100220302 -59.80754215296095 143.1 -224.64424925930908 51.9515806512889 121.63758 76.26143 -999.0 -999.0 -999.0 -999.0 -999.0 273.5616414023203 -6.157776259226391 273.57460054182275 -6.141095128703105 42.33100927577532 139.32227994233045 -999.0 16600.0 -999.0 2 -999 {-999.0 -999.0 -999.0 -999.0 -999.0} "" -999.0 -999.0 -999.0 -999.0 -999 -999 "" "" "" "" 0 0 0.0 0.0 -999 ""
FIBERMAP 386 R-4C2 BOSS 1 1 0 1 0 0 -222.00647834467154 -59.566619527758945 143.1 -223.90444203205772 51.83029894833202 121.63758 76.26143 273.5650634765625 -6.158511946983282 -999.0 -999.0 -999.0 273.5650634765625 -6.158511946983282 273.5778989475103 -6.141634463784026 42.32875140640404 139.3189810031113 5400.0 5400.0 2015.5 1 486 {-999.0 -999.0 -999.0 -999.0 -999.0} "" -999.0 -999.0 -999.0 -999.0 27021603148959529 820585904 "" ops_sky_boss_good ops_sky sky_boss 0 0 0.0 0.0 -999 ""
FIBERMAP 386 R-4C2 METROLOGY 0 0 0 1 0 0 -222.16091505394928 -60.30551425253575 143.1 -224.3881548828073 51.25092769809249 121.63758 76.26143 -999.0 -999.0 -999.0 -999.0 -999.0 273.5628357619476 -6.1610809738064605 273.57571365563456 -6.144261271976175 42.32775755286337 139.32339175449414 -999.0 6231.0 -999.0 -1 -999 {-999.0 -999.0 -999.0 -999.0 -999.0} "" -999.0 -999.0 -999.0 -999.0 -999 -999 "" "" "" "" 0 0 0.0 0.0 -999 ""
FIBERMAP 388 R+2C3 APOGEE 1 1 0 1 0 0 -237.91913146509953 23.602950115350648 143.1 -198.83786682551602 132.7002926483091 280.38675 49.855774 273.68122142327104 -5.7925010979024325 -2.1810226 -4.382644 0.20405835 273.68121511980456 -5.792513699692878 273.6932233433467 -5.775672069475245 42.57010650886763 138.91505135235437 16000.0 16600.0 2016.0 2 116 {-999.0 17.218895 14.905892 13.524935 -999.0} sdss_psfmag_from_g3xp 16.028128 14.2287 12.969828 9.746 63050395556062414 1152272144 bright_1x1 mwm_galactic_core_dist_apogee_sparse mwm_galactic science 0 0 0.0 0.0 -999 ""
FIBERMAP 388 R+2C3 BOSS 0 0 0 1 0 0 -238.58070359053033 23.953390123018494 143.1 -199.25684585003043 133.3205976078297 280.38675 49.855774 -999.0 -999.0 -999.0 -999.0 -999.0 273.6794502667635 -5.789885075002873 273.69132860986963 -5.772864619806742 42.573488138701315 138.9150625924994 -999.0 5400.0 -999.0 1 60 {-999.0 -999.0 -999.0 -999.0 -999.0} "" -999.0 -999.0 -999.0 -999.0 -999 -999 "" "" "" "" 0 0 0.0 0.0 -999 ""
FIBERMAP 388 R+2C3 METROLOGY 0 0 0 1 0 0 -237.95918243420877 24.353777020897972 143.1 -198.52015634737114 133.38164390890094 280.38675 49.855774 -999.0 -999.0 -999.0 -999.0 -999.0 273.68274961171034 -5.789555937061791 273.6946610345086 -5.77257915041954 42.571883923340884 138.9111034444727 -999.0 6231.0 -999.0 -1 -999 {-999.0 -999.0 -999.0 -999.0 -999.0} "" -999.0 -999.0 -999.0 -999.0 -999 -999 "" "" "" "" 0 0 0.0 0.0 -999 ""
FIBERMAP 394 R-1C26 APOGEE 1 1 0 1 0 0 280.66848402490547 -1.997186808102908 143.1 246.71864548050294 -133.7371158598978 118.13317 80.954124 275.7073974609375 -7.003380088438391 -999.0 -999.0 -999.0 275.7073974609375 -7.003380088438391 275.72160697028517 -6.9805792695432825 40.43891303837035 137.5974991149033 16000.0 16600.0 2015.5 2 240 {-999.0 -999.0 -999.0 -999.0 -999.0} "" -999.0 -999.0 -999.0 -999.0 27021603148790527 848999735 "" ops_sky_apogee_good ops_sky sky_apogee 0 0 0.0 0.0 -999 ""
FIBERMAP 394 R-1C26 BOSS 0 0 0 1 0 0 281.3682782598965 -1.7479019273688188 143.1 247.45335140553627 -133.8462050214211 118.13317 80.954124 -999.0 -999.0 -999.0 -999.0 -999.0 275.7108236795671 -7.0040409731600315 275.7248956402872 -6.981034203279456 40.436674807989434 137.5943205238589 -999.0 5400.0 -999.0 1 262 {-999.0 -999.0 -999.0 -999.0 -999.0} "" -999.0 -999.0 -999.0 -999.0 -999 -999 "" "" "" "" 0 0 0.0 0.0 -999 ""
FIBERMAP 394 R-1C26 METROLOGY 0 0 0 1 0 0 281.24276166995196 -2.4892372402422005 143.1 246.99400964031437 -134.4413285152521 118.13317 80.954124 -999.0 -999.0 -999.0 -999.0 -999.0 275.7087002391504 -7.0066784975690535 275.7228186177656 -6.983731878984398 40.4356384532538 137.5985684457752 -999.0 6231.0 -999.0 -1 -999 {-999.0 -999.0 -999.0 -999.0 -999.0} "" -999.0 -999.0 -999.0 -999.0 -999 -999 "" "" "" "" 0 0 0.0 0.0 -999 ""
FIBERMAP 396 R+11C2 APOGEE 0 0 0 1 0 0 -144.95464641645864 195.1868486792953 143.1 -36.12586438542149 240.39001528302407 307.3674 76.636406 -999.0 -999.0 -999.0 -999.0 -999.0 274.4236333862677 -5.307470261109713 274.43416210747694 -5.2888556893755885 42.558488774729724 137.71535055031424 -999.0 16600.0 -999.0 2 -999 {-999.0 -999.0 -999.0 -999.0 -999.0} "" -999.0 -999.0 -999.0 -999.0 -999 -999 "" "" "" "" 0 0 0.0 0.0 -999 ""
FIBERMAP 396 R+11C2 BOSS 1 1 0 1 0 0 -145.6294660278627 194.8684118025384 143.1 -36.87104944762219 240.42634226825703 307.3674 76.636406 274.42037582163914 -5.307452360724996 -2.9217787 -3.1426127 0.2811923 274.42036738422576 -5.307461396947173 274.4307705834756 -5.288672677354671 42.56055808542678 137.71898233978413 5400.0 5400.0 2016.0 1 17 {-999.0 19.236988 17.719515 16.926725 16.318243} sdss_psfmag_from_ps1dr2 18.6106 17.6205 16.5982 14.754 63050395556452449 1040020586 "" ops_std_boss_ps1dr2 ops_std standard_boss 0 0 0.0 0.0 -999 ""
FIBERMAP 396 R+11C2 METROLOGY 0 0 0 1 0 0 -145.56954721779042 195.60941108301023 143.1 -36.469748209311554 241.0520143813357 307.3674 76.636406 -999.0 -999.0 -999.0 -999.0 -999.0 274.4221708994889 -5.3046187319665465 274.4326022679078 -5.285878268667548 42.56182140673447 137.71478907431384 -999.0 6231.0 -999.0 -1 -999 {-999.0 -999.0 -999.0 -999.0 -999.0} "" -999.0 -999.0 -999.0 -999.0 -999 -999 "" "" "" "" 0 0 0.0 0.0 -999 ""
FIBERMAP 402 R+12C13 APOGEE 0 0 0 1 0 0 100.6848883242974 244.97239586549858 143.1 204.03282281593363 168.81639896136497 157.18007 89.88771 -999.0 -999.0 -999.0 -999.0 -999.0 275.51481494233485 -5.634814819041313 275.525731320717 -5.6131425852662495 41.66964604467272 136.76602376559035 -999.0 16600.0 -999.0 2 -999 {-999.0 -999.0 -999.0 -999.0 -999.0} "" -999.0 -999.0 -999.0 -999.0 -999 -999 "" "" "" "" 0 0 0.0 0.0 -999 ""
FIBERMAP 402 R+12C13 BOSS 1 1 0 1 0 0 100.97906435002314 245.66850421704294 143.1 204.61972075082326 169.2923084730521 157.18007 89.88771 275.5175895610458 -5.6328698872968435 -2.7562928 -3.8634424 1.4780279 275.51758159718645 -5.632880996182193 275.5283591006881 -5.611015189891249 41.66986725877103 136.76152042867187 5400.0 5400.0 2016.0 1 100 {-999.0 17.988268 16.665283 15.921852 -999.0} sdss_psfmag_ps1 17.368303 16.81837 15.423104 13.381 63050395547589035 942862217 bright_1x1 openfibertargets_nov2020_34b open_fiber science 0 0 0.0 0.0 -999 ""
FIBERMAP 402 R+12C13 METROLOGY 0 0 0 1 0 0 101.42438602761985 245.0714167082168 143.1 204.7319059359765 168.55604980778492 157.18007 89.88771 -999.0 -999.0 -999.0 -999.0 -999.0 275.51807078873037 -5.636143976997592 275.5288936148645 -5.614328485198373 41.6668574778071 136.76350695966917 -999.0 6231.0 -999.0 -1 -999 {-999.0 -999.0 -999.0 -999.0 -999.0} "" -999.0 -999.0 -999.0 -999.0 -999 -999 "" "" "" "" 0 0 0.0 0.0 -999 ""
FIBERMAP 404 R+1C23 APOGEE 0 0 0 1 0 0 203.40792941859067 9.972218352464635 143.1 184.1732714719879 -86.84633501197854 226.33676 116.97589 -999.0 -999.0 -999.0 -999.0 -999.0 275.4261238223861 -6.7927995910268795 275.43992898850263 -6.770848199415561 40.7706864195418 137.74249852127747 -999.0 16600.0 -999.0 2 -999 {-999.0 -999.0 -999.0 -999.0 -999.0} "" -999.0 -999.0 -999.0 -999.0 -999 -999 "" "" "" "" 0 0 0.0 0.0 -999 ""
FIBERMAP 404 R+1C23 BOSS 1 1 0 1 0 0 202.6853690536828 10.174331515168115 143.1 183.63073165525907 -86.32823383608843 226.33676 116.97589 275.42386269023115 -6.7906616138506894 -4.3300085 -3.858018 0.34865454 275.4238501518288 -6.790672707138405 275.4375154120284 -6.768533892267526 40.77395364526242 137.7433599744299 5400.0 5400.0 2016.0 1 182 {-999.0 19.250463 16.986513 15.871374 -999.0} sdss_psfmag_ps1 18.097662 16.47344 15.27239 12.133 63050395546775751 1103363358 bright_1x1 mwm_legacy_ir2opt_boss mwm_legacy science 0 0 0.0 0.0 -999 ""
FIBERMAP 404 R+1C23 METROLOGY 0 0 0 1 0 0 203.2276576075496 10.696210102870507 143.1 184.35463481450563 -86.12272860757797 226.33676 116.97589 -999.0 -999.0 -999.0 -999.0 -999.0 275.4270927904663 -6.789674555861615 275.4407926445874 -6.767582635845218 40.772882415765025 137.73911212453135 -999.0 6231.0 -999.0 -1 -999 {-999.0 -999.0 -999.0 -999.0 -999.0} "" -999.0 -999.0 -999.0 -999.0 -999 -999 "" "" "" "" 0 0 0.0 0.0 -999 ""
FIBERMAP 409 R+9C6 APOGEE 1 1 0 1 0 0 -72.37886738726442 163.12336395509234 143.1 12.837173513512024 177.97136996672666 298.01947 118.497 274.64589160097154 -5.588562290784084 -1.3094089 -2.1795256 0.24506412 274.6458878179351 -5.588568557759903 274.6570270836279 -5.569238741174591 42.20169268380192 137.68402960334652 16000.0 16600.0 2016.0 2 17 {-999.0 17.488396 15.1619425 14.059269 -999.0} sdss_psfmag_ps1 16.258663 14.533733 13.299457 9.996 63050395556429622 1153971834 bright_1x1 mwm_galactic_core_dist_apogee_sparse mwm_galactic science 0 0 0.0 0.0 -999 ""
FIBERMAP 409 R+9C6 BOSS 0 0 0 1 0 0 -72.78772335283456 162.50090679520878 143.1 12.183715654124645 177.6143735355699 298.01947 118.497 -999.0 -999.0 -999.0 -999.0 -999.0 274.64303414039597 -5.590301302421102 274.65405016715886 -5.5707933057773475 42.202099204695855 137.6885128995266 -999.0 5400.0 -999.0 1 147 {-999.0 -999.0 -999.0 -999.0 -999.0} "" -999.0 -999.0 -999.0 -999.0 -999 -999 "" "" "" "" 0 0 0.0 0.0 -999 ""
FIBERMAP 409 R+9C6 METROLOGY 0 0 0 1 0 0 -73.13831208545932 163.16745048299097 143.1 12.187780841029058 178.36737436296713 298.01947 118.497 -999.0 -999.0 -999.0 -999.0 -999.0 274.64302215904775 -5.586860051631892 274.6540661278734 -5.567406044998718 42.204876233656385 137.68589457293103 -999.0 6231.0 -999.0 -1 -999 {-999.0 -999.0 -999.0 -999.0 -999.0} "" -999.0 -999.0 -999.0 -999.0 -999 -999 "" "" "" "" 0 0 0.0 0.0 -999 ""
FIBERMAP 410 R-2C2 APOGEE 0 0 0 1 0 0 -255.78934807538445 -45.70738376507684 143.1 -247.19711574009452 79.94473311709578 201.98781 130.02759 -999.0 -999.0 -999.0 -999.0 -999.0 273.4611614561882 -6.030969649443909 273.47384328146904 -6.014612199572891 42.49176649471059 139.34110887922523 -999.0 16600.0 -999.0 2 -999 {-999.0 -999.0 -999.0 -999.0 -999.0} "" -999.0 -999.0 -999.0 -999.0 -999 -999 "" "" "" "" 0 0 0.0 0.0 -999 ""
FIBERMAP 410 R-2C2 BOSS 1 1 0 1 0 0 -256.4660556920985 -45.374437625097244 143.1 -247.63767599764384 80.55671869529733 201.98781 130.02759 273.4593200683594 -6.0283856131908635 -999.0 -999.0 -999.0 273.4593200683594 -6.0283856131908635 273.47187278423695 -6.011848343621733 42.49515269907381 139.34126187554693 5400.0 5400.0 2015.5 1 435 {-999.0 -999.0 -999.0 -999.0 -999.0} "" -999.0 -999.0 -999.0 -999.0 27021603148959579 820585895 "" ops_sky_boss_good ops_sky sky_boss 0 0 0.0 0.0 -999 ""
FIBERMAP 410 R-2C2 METROLOGY 0 0 0 1 0 0 -255.83592526461837 -44.96274120253097 143.1 -246.8880718802648 80.62369613759124 201.98781 130.02759 -999.0 -999.0 -999.0 -999.0 -999.0 273.4626560600734 -6.028032217470513 273.4752416174106 -6.011538860144637 42.493565198505756 139.33723865473775 -999.0 6231.0 -999.0 -1 -999 {-999.0 -999.0 -999.0 -999.0 -999.0} "" -999.0 -999.0 -999.0 -999.0 -999 -999 "" "" "" "" 0 0 0.0 0.0 -999 ""
FIBERMAP 415 R-2C4 APOGEE 0 0 0 1 0 0 -201.6243905896299 -26.66668570488088 143.1 -190.44950955160323 71.27673322254029 84.15071 123.680595 -999.0 -999.0 -999.0 -999.0 -999.0 273.7168255208877 -6.070459935123095 273.729509832659 -6.053402348636316 42.31898955085368 139.08309532313945 -999.0 16600.0 -999.0 2 -999 {-999.0 -999.0 -999.0 -999.0 -999.0} "" -999.0 -999.0 -999.0 -999.0 -999 -999 "" "" "" "" 0 0 0.0 0.0 -999 ""
FIBERMAP 415 R-2C4 BOSS 1 1 0 1 0 0 -200.97863872994816 -26.310218901099784 143.1 -189.7120911650115 71.28763141083176 84.15071 123.680595 273.7202453613281 -6.070585296100447 -999.0 -999.0 -999.0 273.7202453613281 -6.070585296100447 273.7328038739203 -6.0533319385255995 42.317233917691624 139.07935404063113 5400.0 5400.0 2015.5 1 474 {-999.0 -999.0 -999.0 -999.0 -999.0} "" -999.0 -999.0 -999.0 -999.0 27021603148959788 820585972 "" ops_sky_boss_good ops_sky sky_boss 0 0 0.0 0.0 -999 ""
FIBERMAP 415 R-2C4 METROLOGY 0 0 0 1 0 0 -200.9938581335747 -27.065547588711397 143.1 -190.08068821981936 70.62829686041985 84.15071 123.680595 -999.0 -999.0 -999.0 -999.0 -999.0 273.7185282198343 -6.073522808022334 273.73113004712013 -6.056325618074443 42.31566323370613 139.0834706129825 -999.0 6231.0 -999.0 -1 -999 {-999.0 -999.0 -999.0 -999.0 -999.0} "" -999.0 -999.0 -999.0 -999.0 -999 -999 "" "" "" "" 0 0 0.0 0.0 -999 ""
FIBERMAP 417 R+13C12 APOGEE 1 1 0 1 0 0 94.44259117111622 256.5832480178428 143.1 203.98432044240417 181.99687299306567 64.14691 172.21909 275.51417961166 -5.57557640520744 -5.579742 -7.9673314 0.09770685 275.5141634914855 -5.575599314354544 275.5249343131384 -5.553954799365497 41.71836381551346 136.7209975104033 16000.0 16600.0 2016.0 2 93 {-999.0 18.061886 15.350089 14.052773 -999.0} sdss_psfmag_ps1 16.574839 14.456425 13.124601 9.384 63050395547606090 1153963981 bright_1x1 mwm_galactic_core_dist_apogee_sparse mwm_galactic science 0 0 0.0 0.0 -999 ""
FIBERMAP 417 R+13C12 BOSS 0 0 0 1 0 0 94.84547700886796 257.2123034334176 143.1 204.6356129543116 182.3624988782469 64.14691 172.21909 -999.0 -999.0 -999.0 -999.0 -999.0 275.51721490548215 -5.574172753980526 275.52784782742174 -5.552334169342565 41.71800530863806 136.71657301320937 -999.0 5400.0 -999.0 1 92 {-999.0 -999.0 -999.0 -999.0 -999.0} "" -999.0 -999.0 -999.0 -999.0 -999 -999 "" "" "" "" 0 0 0.0 0.0 -999 ""
FIBERMAP 417 R+13C12 METROLOGY 0 0 0 1 0 0 95.19162884206935 256.5579317620366 143.1 204.63335618995708 181.62232476098666 64.14691 172.21909 -999.0 -999.0 -999.0 -999.0 -999.0 275.5171912639929 -5.577443327100287 275.52786998492365 -5.555656221075707 41.7152844949992 136.7191267493223 -999.0 6231.0 -999.0 -1 -999 {-999.0 -999.0 -999.0 -999.0 -999.0} "" -999.0 -999.0 -999.0 -999.0 -999 -999 "" "" "" "" 0 0 0.0 0.0 -999 ""
FIBERMAP 422 R+8C8 APOGEE 0 0 0 1 0 0 -40.122022074963226 176.60999892468476 143.1 47.64177312552778 174.7040923349053 155.26263 15.010131 -999.0 -999.0 -999.0 -999.0 -999.0 274.8047080000837 -5.603873522567245 274.81582416480853 -5.584112720201608 42.099432631453816 137.52025649710663 -999.0 16600.0 -999.0 2 -999 {-999.0 -999.0 -999.0 -999.0 -999.0} "" -999.0 -999.0 -999.0 -999.0 -999 -999 "" "" "" "" 0 0 0.0 0.0 -999 ""
FIBERMAP 422 R+8C8 BOSS 1 1 0 1 0 0 -39.37369719972812 176.4981414434245 143.1 48.24948683890617 174.2535165624546 155.26263 15.010131 274.8076271142461 -5.606047579895152 -1.2874511 -1.7010964 0.7781035 274.80762339453696 -5.606052471202704 274.81861449343666 -5.586097417952616 42.0962181477622 137.518709060408 5400.0 5400.0 2016.0 1 132 {-999.0 18.729996 16.694107 15.605589 -999.0} sdss_psfmag_ps1 17.757664 16.17283 14.962876 12.21 63050395547531236 939085397 bright_1x1 openfibertargets_nov2020_34a open_fiber science 0 0 0.0 0.0 -999 ""
FIBERMAP 422 R+8C8 METROLOGY 0 0 0 1 0 0 -39.842962194502846 175.9180541554804 143.1 47.562647932005135 173.96231198045479 155.26263 15.010131 -999.0 -999.0 -999.0 -999.0 -999.0 274.8044500229028 -5.607311901719371 274.81548200532495 -5.587417385776672 42.096912965676204 137.52317455856792 -999.0 6231.0 -999.0 -1 -999 {-999.0 -999.0 -999.0 -999.0 -999.0} "" -999.0 -999.0 -999.0 -999.0 -999 -999 "" "" "" "" 0 0 0.0 0.0 -999 ""
FIBERMAP 423 R-11C2 APOGEE 0 0 0 1 0 0 -154.3984040836577 -195.64811745058336 143.1 -228.2357738613837 -100.03642142771004 166.58585 55.728996 -999.0 -999.0 -999.0 -999.0 -999.0 273.54315167620956 -6.846257513131103 273.55782755097687 -6.829322156733787 41.76476156815625 139.84954409164982 -999.0 16600.0 -999.0 2 -999 {-999.0 -999.0 -999.0 -999.0 -999.0} "" -999.0 -999.0 -999.0 -999.0 -999 -999 "" "" "" "" 0 0 0.0 0.0 -999 ""
FIBERMAP 423 R-11C2 BOSS 1 1 0 1 0 0 -153.7417309338143 -195.11896837244248 143.1 -227.4075207105637 -99.87828629859403 166.58585 55.728996 273.54699343796784 -6.845767858712043 -1.0083941 -4.228697 0.7499377 273.5469905176259 -6.8457800178445645 273.5615382175508 -6.828643163196758 41.76331835750924 139.8449090421699 5400.0 5400.0 2016.0 1 428 {-999.0 18.091719 15.922515 14.9306965 -999.0} sdss_psfmag_ps1 17.055302 15.545849 14.36353 11.452 63050395546568996 939083919 bright_1x1 openfibertargets_nov2020_34a open_fiber science 0 0 0.0 0.0 -999 ""
FIBERMAP 423 R-11C2 METROLOGY 0 0 0 1 0 0 -153.68438161352157 -195.8645288473545 143.1 -227.7074910170341 -100.5631245004793 166.58585 55.728996 -999.0 -999.0 -999.0 -999.0 -999.0 273.5456090287481 -6.848805112183204 273.56020024345764 -6.831724878437808 41.76146224620465 139.84865724775554 -999.0 6231.0 -999.0 -1 -999 {-999.0 -999.0 -999.0 -999.0 -999.0} "" -999.0 -999.0 -999.0 -999.0 -999 -999 "" "" "" "" 0 0 0.0 0.0 -999 ""
FIBERMAP 425 R-10C2 APOGEE 0 0 0 1 0 0 -150.51354569037886 -179.1780094760229 143.1 -217.06332257184863 -87.33016244719289 90.26647 92.60631 -999.0 -999.0 -999.0 -999.0 -999.0 273.59357581228534 -6.78926388264443 273.60809093516775 -6.7722190320451325 41.78529936088816 139.75164951280232 -999.0 16600.0 -999.0 2 -999 {-999.0 -999.0 -999.0 -999.0 -999.0} "" -999.0 -999.0 -999.0 -999.0 -999 -999 "" "" "" "" 0 0 0.0 0.0 -999 ""
FIBERMAP 425 R-10C2 BOSS 1 1 0 1 0 0 -149.79020108873056 -179.1329558480815 143.1 -216.4038689627328 -87.63053603199987 90.26647 92.60631 273.5966491699219 -6.790852893447948 -999.0 -999.0 -999.0 273.5966491699219 -6.790852893447948 273.6110412574753 -6.7736079995868925 41.78253378598386 139.74937985277478 5400.0 5400.0 2015.5 1 427 {-999.0 -999.0 -999.0 -999.0 -999.0} "" -999.0 -999.0 -999.0 -999.0 27021603148787797 820564219 "" ops_sky_boss_good ops_sky sky_boss 0 0 0.0 0.0 -999 ""
FIBERMAP 425 R-10C2 METROLOGY 0 0 0 1 0 0 -150.1057028609127 -179.8027703958673 143.1 -216.99722065489868 -88.07321656842113 90.26647 92.60631 -999.0 -999.0 -999.0 -999.0 -999.0 273.59393897367653 -6.792775675996544 273.6083725359964 -6.775591329087853 41.78232353761355 139.7538098933922 -999.0 6231.0 -999.0 -1 -999 {-999.0 -999.0 -999.0 -999.0 -999.0} "" -999.0 -999.0 -999.0 -999.0 -999 -999 "" "" "" "" 0 0 0.0 0.0 -999 ""
FIBERMAP 428 R+3C23 APOGEE 0 0 0 1 0 0 239.7931402022421 75.85444504193414 143.1 247.25792871294942 -45.821734529514075 114.33319 73.36635 -999.0 -999.0 -999.0 -999.0 -999.0 275.7118762540125 -6.6063235569006045 275.7251060770211 -6.583691228643458 40.76228314370283 137.29438985578994 -999.0 16600.0 -999.0 2 -999 {-999.0 -999.0 -999.0 -999.0 -999.0} "" -999.0 -999.0 -999.0 -999.0 -999 -999 "" "" "" "" 0 0 0.0 0.0 -999 ""
FIBERMAP 428 R+3C23 BOSS 1 1 0 1 0 0 240.5104720203579 75.94846498696747 143.1 247.9351014785263 -46.07607364676964 114.33319 73.36635 275.71507463451434 -6.607662581046994 -0.3426922 -1.2918773 0.26977536 275.715073642553 -6.607666295691856 275.7281687371772 -6.5848310033388575 40.759603203436455 137.29196491907635 5400.0 5400.0 2016.0 1 186 {-999.0 17.558203 16.28553 15.603126 15.0839615} sdss_psfmag_from_ps1dr2 17.1 16.1894 15.2324 -999.0 63050395546859941 1040016216 "" ops_std_boss_ps1dr2 ops_std standard_boss 0 0 0.0 0.0 -999 ""
FIBERMAP 428 R+3C23 METROLOGY 0 0 0 1 0 0 240.24159926099404 75.25816788059461 143.1 247.3732633156286 -46.55875340303331 114.33319 73.36635 -999.0 -999.0 -999.0 -999.0 -999.0 275.71249820922026 -6.60980030258052 275.7256383275544 -6.587025866699931 40.75924922393747 137.29634571985005 -999.0 6231.0 -999.0 -1 -999 {-999.0 -999.0 -999.0 -999.0 -999.0} "" -999.0 -999.0 -999.0 -999.0 -999 -999 "" "" "" "" 0 0 0.0 0.0 -999 ""
FIBERMAP 432 R+11C15 APOGEE 0 0 0 1 0 0 153.1407154355352 232.56470587149676 143.1 244.4847804357532 133.20246312752448 127.21741 44.327374 -999.0 -999.0 -999.0 -999.0 -999.0 275.69773537934043 -5.796604935878033 275.7089777316377 -5.774372332929612 41.43259857894135 136.6921998213106 -999.0 16600.0 -999.0 2 -999 {-999.0 -999.0 -999.0 -999.0 -999.0} "" -999.0 -999.0 -999.0 -999.0 -999 -999 "" "" "" "" 0 0 0.0 0.0 -999 ""
FIBERMAP 432 R+11C15 BOSS 1 1 0 1 0 0 153.85867243330938 232.47646698271998 143.1 245.07680382075046 132.78700751831363 127.21741 44.327374 275.7005310058594 -5.798688747751868 -999.0 -999.0 -999.0 275.7005310058594 -5.798688747751868 275.71164266579444 -5.776259391659528 41.42952388656679 136.69077744463098 5400.0 5400.0 2015.5 1 178 {-999.0 -999.0 -999.0 -999.0 -999.0} "" -999.0 -999.0 -999.0 -999.0 27021603148798180 852115318 "" ops_sky_boss_fallback ops_sky sky_boss 0 0 0.0 0.0 -999 ""
FIBERMAP 432 R+11C15 METROLOGY 0 0 0 1 0 0 153.4192793964774 231.8725613055454 143.1 244.4051237024812 132.4607396646738 127.21741 44.327374 -999.0 -999.0 -999.0 -999.0 -999.0 275.6974923276068 -5.800080379583432 275.7086468112765 -5.7777119097538225 41.4300682599385 136.69513978593196 -999.0 6231.0 -999.0 -1 -999 {-999.0 -999.0 -999.0 -999.0 -999.0} "" -999.0 -999.0 -999.0 -999.0 -999 -999 "" "" "" "" 0 0 0.0 0.0 -999 ""
FIBERMAP 436 R+4C3 APOGEE 1 1 0 1 0 0 -218.19173979814732 69.77145995042385 143.1 -159.72153109654732 164.16257244706773 241.17621 76.31751 273.85954546762184 -5.650298109656383 -3.327726 -6.691379 0.03224842 273.8595358524106 -5.6503173499490735 273.87112498255607 -5.63306108610868 42.58992836060543 138.60750868524596 16000.0 16600.0 2016.0 2 149 {-999.0 17.86911 16.033867 13.2008295 -999.0} sdss_psfmag_gaia 16.241066 13.909303 12.527671 8.975 63050395556462415 1154743963 bright_1x1 mwm_galactic_core_dist_apogee_sparse mwm_galactic science 0 0 0.0 0.0 -999 ""
FIBERMAP 436 R+4C3 BOSS 0 0 0 1 0 0 -218.73288707240428 70.27072515437418 143.1 -159.96426900143035 164.8575728790007 241.17621 76.31751 -999.0 -999.0 -999.0 -999.0 -999.0 273.8585649745889 -5.6473452077168735 273.8700225005905 -5.629908749246631 42.593155798008084 138.60635237788938 -999.0 5400.0 -999.0 1 29 {-999.0 -999.0 -999.0 -999.0 -999.0} "" -999.0 -999.0 -999.0 -999.0 -999 -999 "" "" "" "" 0 0 0.0 0.0 -999 ""
FIBERMAP 436 R+4C3 METROLOGY 0 0 0 1 0 0 -218.02297758956297 70.4925774656661 143.1 -159.23353676461633 164.71952126850687 241.17621 76.31751 -999.0 -999.0 -999.0 -999.0 -999.0 273.86183968280534 -5.647915087358219 273.87333269688406 -5.630521796224511 42.590806788929385 138.60310656200326 -999.0 6231.0 -999.0 -1 -999 {-999.0 -999.0 -999.0 -999.0 -999.0} "" -999.0 -999.0 -999.0 -999.0 -999 -999 "" "" "" "" 0 0 0.0 0.0 -999 ""
FIBERMAP 440 R+8C4 APOGEE 0 0 0 1 0 0 -154.60635197143648 162.34998510643922 143.1 -60.08280831091262 215.9536352788007 225.0314 34.941578 -999.0 -999.0 -999.0 -999.0 -999.0 274.31405988206467 -5.416911296434597 274.3249005842928 -5.398542131691334 42.52983895488779 137.92139601592424 -999.0 16600.0 -999.0 2 -999 {-999.0 -999.0 -999.0 -999.0 -999.0} "" -999.0 -999.0 -999.0 -999.0 -999 -999 "" "" "" "" 0 0 0.0 0.0 -999 ""
FIBERMAP 440 R+8C4 BOSS 1 1 0 1 0 0 -154.46982530154278 163.11253984815826 143.1 -59.6037736964523 216.5623053691325 225.0314 34.941578 274.31638349878693 -5.41430749312797 -4.1989617 -6.565888 1.3975859 274.31637137104514 -5.414326372585239 274.3270786084411 -5.3957686986051625 42.530897878825506 137.9168399517136 5400.0 5400.0 2016.0 1 57 {-999.0 21.620718 19.223404 17.992674 -999.0} sdss_psfmag_ps1 20.491217 18.595814 17.325598 14.382 63050395556448786 1094564614 bright_1x1 mwm_bin_vis_boss mwm_filler science 0 0 0.0 0.0 -999 ""
FIBERMAP 440 R+8C4 METROLOGY 0 0 0 1 0 0 -153.90978672099388 162.61730295542736 143.1 -59.342472203293134 215.86197646442048 225.0314 34.941578 -999.0 -999.0 -999.0 -999.0 -999.0 274.31750911230904 -5.417426073743328 274.3282591490647 -5.398916063822548 42.5276380256666 137.9179428543822 -999.0 6231.0 -999.0 -1 -999 {-999.0 -999.0 -999.0 -999.0 -999.0} "" -999.0 -999.0 -999.0 -999.0 -999 -999 "" "" "" "" 0 0 0.0 0.0 -999 ""
FIBERMAP 448 R+7C8 APOGEE 1 1 0 1 0 0 -45.3177532828747 124.65038252743147 143.1 18.624890218288417 131.29880495906622 332.19794 98.9695 274.67193603515625 -5.799860430054068 -999.0 -999.0 -999.0 274.67193603515625 -5.799860430054068 274.68358741712456 -5.780368882318988 42.01293363193836 137.81640312607263 16000.0 16600.0 2015.5 2 27 {-999.0 -999.0 -999.0 -999.0 -999.0} "" -999.0 -999.0 -999.0 -999.0 27021603148797371 848186235 "" ops_sky_apogee_best ops_sky sky_apogee 0 0 0.0 0.0 -999 ""
FIBERMAP 448 R+7C8 BOSS 0 0 0 1 0 0 -45.5746710439042 123.95695167280685 143.1 18.07212743187909 130.80773859713403 332.19794 98.9695 -999.0 -999.0 -999.0 -999.0 -999.0 274.6695409946208 -5.8022112381893285 274.68106992381286 -5.782538571995039 42.0125686706188 137.8208360044303 -999.0 5400.0 -999.0 1 104 {-999.0 -999.0 -999.0 -999.0 -999.0} "" -999.0 -999.0 -999.0 -999.0 -999 -999 "" "" "" "" 0 0 0.0 0.0 -999 ""
FIBERMAP 448 R+7C8 METROLOGY 0 0 0 1 0 0 -46.05797398014235 124.53417671437653 143.1 17.917088490021403 131.54433031017027 332.19794 98.9695 -999.0 -999.0 -999.0 -999.0 -999.0 274.6688002560874 -5.798826076471451 274.680357724601 -5.779209736822599 42.015711652060986 137.8190786003456 -999.0 6231.0 -999.0 -1 -999 {-999.0 -999.0 -999.0 -999.0 -999.0} "" -999.0 -999.0 -999.0 -999.0 -999 -999 "" "" "" "" 0 0 0.0 0.0 -999 ""
FIBERMAP 450 R+2C17 APOGEE 1 1 0 1 0 0 73.348697064323 32.35717471105652 143.1 79.93667782216173 -5.938238518430071 232.0061 82.80525 274.95158374547896 -6.424916436188143 -3.3371363 -5.787815 0.08382211 274.95157408927895 -6.424933078386281 274.96466090773896 -6.404417553303467 41.340420050195306 137.9818715397157 16000.0 16600.0 2016.0 2 61 {-999.0 21.238728 18.432743 16.144007 -999.0} sdss_psfmag_ps1 19.748146 16.722345 15.237539 10.997 63050395547362627 1153962930 bright_1x1 mwm_galactic_core_dist_apogee_sparse mwm_galactic science 0 0 0.0 0.0 -999 ""
FIBERMAP 450 R+2C17 BOSS 0 0 0 1 0 0 72.8060932920902 32.87268760936024 143.1 79.70029465157423 -5.228216490510826 232.0061 82.80525 -999.0 -999.0 -999.0 -999.0 -999.0 274.9506713125624 -6.421891471650897 274.9636188140446 -6.401188637056538 41.34366766776665 137.98057239048305 -999.0 5400.0 -999.0 1 199 {-999.0 -999.0 -999.0 -999.0 -999.0} "" -999.0 -999.0 -999.0 -999.0 -999 -999 "" "" "" "" 0 0 0.0 0.0 -999 ""
FIBERMAP 450 R+2C17 METROLOGY 0 0 0 1 0 0 73.52264119176019 33.090509214318715 143.1 80.43498922722331 -5.372946227346943 232.0061 82.80525 -999.0 -999.0 -999.0 -999.0 -999.0 274.95398839575716 -6.422502286748175 274.96697353498735 -6.401844448112381 41.34123886845819 137.9774076893793 -999.0 6231.0 -999.0 -1 -999 {-999.0 -999.0 -999.0 -999.0 -999.0} "" -999.0 -999.0 -999.0 -999.0 -999 -999 "" "" "" "" 0 0 0.0 0.0 -999 ""
FIBERMAP 452 R+12C9 APOGEE 0 0 0 1 0 0 10.057771746919538 219.01032979571647 143.1 111.8570037345106 188.52217784304017 264.58832 74.56191 -999.0 -999.0 -999.0 -999.0 -999.0 275.097101882397 -5.543032701919035 275.10795507712805 -5.522517104167647 41.98345811587981 137.15178136695235 -999.0 16600.0 -999.0 2 -999 {-999.0 -999.0 -999.0 -999.0 -999.0} "" -999.0 -999.0 -999.0 -999.0 -999 -999 "" "" "" "" 0 0 0.0 0.0 -999 ""
FIBERMAP 452 R+12C9 BOSS 1 1 0 1 0 0 9.360235850439343 219.2456914727441 143.1 111.35217912704363 189.05785011359873 264.58832 74.56191 275.0949529294214 -5.540756056051101 -0.3564659 -0.56077605 0.5894139 275.09495189963314 -5.540757668498304 275.1056695784101 -5.52006321642177 41.98677356154347 137.1523897210628 5400.0 5400.0 2016.0 1 154 {-999.0 17.75978 15.777957 14.753011 -999.0} sdss_psfmag_ps1 16.808973 15.39977 14.251269 11.521 63050395547524458 939085372 bright_1x1 openfibertargets_nov2020_34a open_fiber science 0 0 0.0 0.0 -999 ""
FIBERMAP 452 R+12C9 METROLOGY 0 0 0 1 0 0 9.918559587881925 219.74332499030365 143.1 112.0788310758974 189.23442184695458 264.58832 74.56191 -999.0 -999.0 -999.0 -999.0 -999.0 275.0982107655136 -5.5399378302345115 275.1089621191353 -5.519287649221979 41.98552546894803 137.14818153180957 -999.0 6231.0 -999.0 -1 -999 {-999.0 -999.0 -999.0 -999.0 -999.0} "" -999.0 -999.0 -999.0 -999.0 -999 -999 "" "" "" "" 0 0 0.0 0.0 -999 ""
FIBERMAP 455 R-2C17 APOGEE 1 1 0 1 0 0 98.96253699175453 -51.03866414267765 143.1 63.32389218719283 -91.56954264760581 325.74005 95.77471 274.8745525138121 -6.814554970878183 -4.4203067 -4.6997833 0.2145513 274.87453971329643 -6.814568484565728 274.8886197688486 -6.794084397782012 41.06143300043585 138.35711512974413 16000.0 16600.0 2016.0 2 238 {-999.0 18.08688 15.671502 14.58906 -999.0} sdss_psfmag_ps1 16.798035 15.042358 13.797462 10.373 63050395546435929 1153960132 bright_1x1 mwm_galactic_core_dist_apogee_sparse mwm_galactic science 0 0 0.0 0.0 -999 ""
FIBERMAP 455 R-2C17 BOSS 0 0 0 1 0 0 98.67785227041205 -51.71861362538344 143.1 62.7529673996865 -92.03565677408194 325.74005 95.77471 -999.0 -999.0 -999.0 -999.0 -999.0 274.87207992372385 -6.816921321732354 274.88603404417415 -6.7962491817087525 41.061088157869605 138.36154562602076 -999.0 5400.0 -999.0 1 303 {-999.0 -999.0 -999.0 -999.0 -999.0} "" -999.0 -999.0 -999.0 -999.0 -999 -999 "" "" "" "" 0 0 0.0 0.0 -999 ""
FIBERMAP 455 R-2C17 METROLOGY 0 0 0 1 0 0 98.22195241122385 -51.1165158165224 143.1 62.63380410572783 -91.29000306270743 325.74005 95.77471 -999.0 -999.0 -999.0 -999.0 -999.0 274.87150113789227 -6.813468462456827 274.8854845659175 -6.792854307842688 41.06420164537653 138.35961041753276 -999.0 6231.0 -999.0 -1 -999 {-999.0 -999.0 -999.0 -999.0 -999.0} "" -999.0 -999.0 -999.0 -999.0 -999 -999 "" "" "" "" 0 0 0.0 0.0 -999 ""
FIBERMAP 463 R+8C11 APOGEE 0 0 0 1 0 0 7.6979660767986875 161.2123520712637 143.1 82.5972087030731 138.63170832107022 175.75996 97.26307 -999.0 -999.0 -999.0 -999.0 -999.0 274.96421929326607 -5.767668331909979 274.97567829173533 -5.747409659854339 41.874546247043995 137.46998482568983 -999.0 16600.0 -999.0 2 -999 {-999.0 -999.0 -999.0 -999.0 -999.0} "" -999.0 -999.0 -999.0 -999.0 -999 -999 "" "" "" "" 0 0 0.0 0.0 -999 ""
FIBERMAP 463 R+8C11 BOSS 1 1 0 1 0 0 7.654973532603174 161.96568835437967 143.1 82.91350352811749 139.31665699546738 175.75996 97.26307 274.9658203125 -5.764711017408061 -999.0 -999.0 -999.0 274.9658203125 -5.764711017408061 274.97714070270246 -5.744262585062862 41.87629786777785 137.46596630726216 5400.0 5400.0 2015.5 1 134 {-999.0 -999.0 -999.0 -999.0 -999.0} "" -999.0 -999.0 -999.0 -999.0 27021603148797588 851788816 "" ops_sky_boss_fallback ops_sky sky_boss 0 0 0.0 0.0 -999 ""
FIBERMAP 463 R+8C11 METROLOGY 0 0 0 1 0 0 8.319663803377214 161.62484924371327 143.1 83.33974845427932 138.70335752467602 175.75996 97.26307 -999.0 -999.0 -999.0 -999.0 -999.0 274.96772441636574 -5.767452678669921 274.9790878660233 -5.747050869589747 41.8729025877747 137.4659703231378 -999.0 6231.0 -999.0 -1 -999 {-999.0 -999.0 -999.0 -999.0 -999.0} "" -999.0 -999.0 -999.0 -999.0 -999 -999 "" "" "" "" 0 0 0.0 0.0 -999 ""
FIBERMAP 466 R+5C5 APOGEE 1 1 0 1 0 0 -144.54316228987315 105.3613067868516 143.1 -78.00018883184511 160.93578781097435 33.828976 155.27902 274.2310152303872 -5.6647374741549 -1.7698666 -7.146117 0.15451987 274.2310101163644 -5.664758021994993 274.24249548628234 -5.646503415629018 42.37149070571644 138.2028834913688 16000.0 16600.0 2016.0 2 128 {-999.0 17.890097 15.6738825 13.828756 -999.0} sdss_psfmag_ps1 16.77543 13.979696 12.539134 8.752 63050395556412136 1153971720 bright_1x1 mwm_galactic_core_dist_apogee_sparse mwm_galactic science 0 0 0.0 0.0 -999 ""
FIBERMAP 466 R+5C5 BOSS 0 0 0 1 0 0 -143.805927053828 105.46834946306592 143.1 -77.29933008484686 160.68358085408414 33.828976 155.27902 -999.0 -999.0 -999.0 -999.0 -999.0 274.23430159799534 -5.6660356867017505 274.24566226607476 -5.6475869037668875 42.36882054916484 138.20018471293878 -999.0 5400.0 -999.0 1 42 {-999.0 -999.0 -999.0 -999.0 -999.0} "" -999.0 -999.0 -999.0 -999.0 -999 -999 "" "" "" "" 0 0 0.0 0.0 -999 ""
FIBERMAP 466 R+5C5 METROLOGY 0 0 0 1 0 0 -144.07885393451778 104.77090473825896 143.1 -77.86810646990332 160.19650045706078 33.828976 155.27902 -999.0 -999.0 -999.0 -999.0 -999.0 274.23166432073185 -5.668192298744391 274.2430672068623 -5.649801999331976 42.368444539091 138.20476154086975 -999.0 6231.0 -999.0 -1 -999 {-999.0 -999.0 -999.0 -999.0 -999.0} "" -999.0 -999.0 -999.0 -999.0 -999 -999 "" "" "" "" 0 0 0.0 0.0 -999 ""
FIBERMAP 469 R+1C6 APOGEE 0 0 0 1 0 0 -159.3581100791166 30.77493299193629 143.1 -126.14439201707515 102.08809156924694 63.08251 105.29164 -999.0 -999.0 -999.0 -999.0 -999.0 274.0099545451963 -5.9310846616009085 274.02218295333023 -5.913304741575038 42.27353087268527 138.6507098680736 -999.0 16600.0 -999.0 2 -999 {-999.0 -999.0 -999.0 -999.0 -999.0} "" -999.0 -999.0 -999.0 -999.0 -999 -999 "" "" "" "" 0 0 0.0 0.0 -999 ""
FIBERMAP 469 R+1C6 BOSS 1 1 0 1 0 0 -158.6180167326311 30.641954702694072 143.1 -125.55387302698577 101.62274970251387 63.08251 105.29164 274.0127150312043 -5.933330514137377 -0.62680143 -6.750311 1.1659229 274.0127132192015 -5.933349923881854 274.0248203855989 -5.91537538024392 42.270348088904946 138.64933189375003 5400.0 5400.0 2016.0 1 20 {-999.0 20.440624 18.469177 17.553602 -999.0} sdss_psfmag_ps1 19.387112 18.175238 17.030058 14.641 63050395555973985 1096672482 bright_1x1 mwm_bin_vis_boss mwm_filler science 0 0 0.0 0.0 -999 ""
FIBERMAP 469 R+1C6 METROLOGY 0 0 0 1 0 0 -159.09982715916846 30.074967340082683 143.1 -126.24562204369768 101.34900336597974 63.08251 105.29164 -999.0 -999.0 -999.0 -999.0 -999.0 274.009526738229 -5.934541671490225 274.0216735641967 -5.916627959415461 42.271057180908336 138.65378607255013 -999.0 6231.0 -999.0 -1 -999 {-999.0 -999.0 -999.0 -999.0 -999.0} "" -999.0 -999.0 -999.0 -999.0 -999 -999 "" "" "" "" 0 0 0.0 0.0 -999 ""
FIBERMAP 481 R+7C10 APOGEE 1 1 0 1 0 0 9.354513026950425 130.2318233893839 143.1 69.49137944248366 110.5160091153435 49.804527 34.155136 274.90439024470766 -5.89491281487156 -4.445014 -5.251818 0.0955071 274.9043773956329 -5.894927915872014 274.9161738098559 -5.874773353251735 41.80371065105927 137.6327694071563 16000.0 16600.0 2016.0 2 30 {-999.0 18.791399 16.062334 17.855171 -999.0} sdss_psfmag_ps1 17.384287 14.549804 13.1075735 9.103 63050395547504997 1153963452 bright_1x1 mwm_galactic_core_dist_apogee_sparse mwm_galactic science 0 0 0.0 0.0 -999 ""
FIBERMAP 481 R+7C10 BOSS 0 0 0 1 0 0 9.311715733824887 129.49171694135734 143.1 69.10560580382008 109.88307401235711 49.804527 34.155136 -999.0 -999.0 -999.0 -999.0 -999.0 274.90277352026607 -5.897935785320316 274.91444732284776 -5.8775966582936885 41.80236844963893 137.6368204128845 -999.0 5400.0 -999.0 1 127 {-999.0 -999.0 -999.0 -999.0 -999.0} "" -999.0 -999.0 -999.0 -999.0 -999 -999 "" "" "" "" 0 0 0.0 0.0 -999 ""
FIBERMAP 481 R+7C10 METROLOGY 0 0 0 1 0 0 8.6802858102706 129.88468707623497 143.1 68.73322216492132 110.52673358522138 49.804527 34.155136 -999.0 -999.0 -999.0 -999.0 -999.0 274.9010303471239 -5.89496321064228 274.9127345236782 -5.874683212386158 41.80573355782886 137.6364727933804 -999.0 6231.0 -999.0 -1 -999 {-999.0 -999.0 -999.0 -999.0 -999.0} "" -999.0 -999.0 -999.0 -999.0 -999 -999 "" "" "" "" 0 0 0.0 0.0 -999 ""
FIBERMAP 483 R+13C1 APOGEE 1 1 0 1 0 0 -164.5082370633527 254.32473332747253 143.1 -25.572083193292816 301.76682980932156 213.14291 69.472694 274.4728102159032 -5.034536371569867 -2.8717015 -6.2019315 0.073374495 274.47280192667483 -5.034554204512188 274.4826374089831 -5.015925491864224 42.755340831731296 137.45003639768004 16000.0 16600.0 2016.0 2 135 {-999.0 19.954502 17.369846 14.87364 -999.0} sdss_psfmag_ps1 18.543867 15.359637 13.883986 9.725 63050395556537224 1153971848 bright_1x1 mwm_galactic_core_dist_apogee_sparse mwm_galactic science 0 0 0.0 0.0 -999 ""
FIBERMAP 483 R+13C1 BOSS 0 0 0 1 0 0 -164.62853093039828 255.0604743407384 143.1 -25.332271500427748 302.47260099873506 213.14291 69.472694 -999.0 -999.0 -999.0 -999.0 -999.0 274.4740310448816 -5.031652292244345 274.4837324297997 -5.01284035749093 42.7572512455757 137.44641808485923 -999.0 5400.0 -999.0 1 7 {-999.0 -999.0 -999.0 -999.0 -999.0} "" -999.0 -999.0 -999.0 -999.0 -999 -999 "" "" "" "" 0 0 0.0 0.0 -999 ""
FIBERMAP 483 R+13C1 METROLOGY 0 0 0 1 0 0 -163.9323943615453 254.81839118451447 143.1 -24.831842186576175 301.93165577981006 213.14291 69.472694 -999.0 -999.0 -999.0 -999.0 -999.0 274.4762512285889 -5.033990418072822 274.4859933855432 -5.015222890861661 42.7540093231519 137.44575188769164 -999.0 6231.0 -999.0 -1 -999 {-999.0 -999.0 -999.0 -999.0 -999.0} "" -999.0 -999.0 -999.0 -999.0 -999 -999 "" "" "" "" 0 0 0.0 0.0 -999 ""
FIBERMAP 488 R+13C8 APOGEE 1 1 0 1 0 0 6.22739570990732 267.2544065908359 143.1 131.16227558478408 232.89314810259816 126.89172 94.97551 275.1838475751932 -5.344601251817615 -5.988672 -1.6131413 0.38157088 275.1838302802647 -5.344605890220088 275.19416064117723 -5.323944899477365 42.09640283232596 136.90335896799814 16000.0 16600.0 2016.0 2 37 {-999.0 16.265259 14.0932865 12.91633 -999.0} sdss_psfmag_from_g3xp 15.177369 13.589066 12.389925 9.264 63050395547707033 1152263300 bright_1x1 mwm_galactic_core_dist_apogee_sparse mwm_galactic science 0 0 0.0 0.0 -999 ""
FIBERMAP 488 R+13C8 BOSS 0 0 0 1 0 0 6.771322732331083 267.7521351572904 143.1 131.87626877692477 233.07657327225579 126.89172 94.97551 -999.0 -999.0 -999.0 -999.0 -999.0 275.1871907112477 -5.343992921911227 275.19738730820995 -5.323138798061987 42.09520735629101 136.89919594635552 -999.0 5400.0 -999.0 1 166 {-999.0 -999.0 -999.0 -999.0 -999.0} "" -999.0 -999.0 -999.0 -999.0 -999 -999 "" "" "" "" 0 0 0.0 0.0 -999 ""
FIBERMAP 488 R+13C8 METROLOGY 0 0 0 1 0 0 6.943639652327911 267.02099683482123 143.1 131.68452572226732 232.3504013549488 126.89172 94.97551 -999.0 -999.0 -999.0 -999.0 -999.0 275.1863026634605 -5.347181097893107 275.1965445542297 -5.3263802186067295 42.09304421766392 136.90264011960446 -999.0 6231.0 -999.0 -1 -999 {-999.0 -999.0 -999.0 -999.0 -999.0} "" -999.0 -999.0 -999.0 -999.0 -999 -999 "" "" "" "" 0 0 0.0 0.0 -999 ""
FIBERMAP 489 R-5C2 APOGEE 0 0 0 1 0 0 -227.69485753152026 -104.4450714506974 143.1 -250.02635306349887 14.904978261035273 231.261 90.47834 -999.0 -999.0 -999.0 -999.0 -999.0 273.4463168902431 -6.325241704268757 273.45973499624824 -6.308795399902794 42.25373723489485 139.57588072158478 -999.0 16600.0 -999.0 2 -999 {-999.0 -999.0 -999.0 -999.0 -999.0} "" -999.0 -999.0 -999.0 -999.0 -999 -999 "" "" "" "" 0 0 0.0 0.0 -999 ""
FIBERMAP 489 R-5C2 BOSS 1 1 0 1 0 0 -228.2757905851172 -103.99421690094195 143.1 -250.32696082354894 15.575969753798049 231.261 90.47834 273.44509774405554 -6.322339981326025 -4.286672 -15.640354 3.32483 273.44508534279737 -6.322384953369733 273.4583735219751 -6.305755222308619 42.25702146849487 139.5751560379695 5400.0 5400.0 2016.0 1 487 {-999.0 20.458164 18.598717 17.139387 -999.0} sdss_psfmag_ps1 19.569218 17.742834 16.463287 13.689 63050395555931449 939105196 bright_1x1 openfibertargets_nov2020_34a open_fiber science 0 0 0.0 0.0 -999 ""
FIBERMAP 489 R-5C2 METROLOGY 0 0 0 1 0 0 -227.58887405721072 -103.70653947191444 143.1 -249.5855652057925 15.506812918559518 231.261 90.47834 -999.0 -999.0 -999.0 -999.0 -999.0 273.4483851203364 -6.322658193756544 273.4617072028899 -6.306072940765047 42.25493801579868 139.57164856886786 -999.0 6231.0 -999.0 -1 -999 {-999.0 -999.0 -999.0 -999.0 -999.0} "" -999.0 -999.0 -999.0 -999.0 -999 -999 "" "" "" "" 0 0 0.0 0.0 -999 ""
FIBERMAP 493 R+8C15 APOGEE 1 1 0 1 0 0 102.29194199742669 164.88125119938957 143.1 167.79072127438894 97.38948486722826 139.23163 113.52152 275.35236671205456 -5.956288211275745 -1.8468652 -3.477753 0.1529973 275.35236137278065 -5.956298211155227 275.3641338184366 -5.9349186774103995 41.49946672526599 137.18970634485615 16000.0 16600.0 2016.0 2 78 {-999.0 18.050848 15.764091 14.666207 -999.0} sdss_psfmag_ps1 16.844051 15.179138 13.9582615 10.825 63050395547429260 1153963395 bright_1x1 mwm_galactic_core_dist_apogee_sparse mwm_galactic science 0 0 0.0 0.0 -999 ""
FIBERMAP 493 R+8C15 BOSS 0 0 0 1 0 0 102.51608841447562 165.5911553220583 143.1 168.32231310252862 97.91049661143566 139.23163 113.52152 -999.0 -999.0 -999.0 -999.0 -999.0 275.3549462392099 -5.954111408712866 275.36657904620176 -5.9325372035311625 41.500018545357506 137.18522160631505 -999.0 5400.0 -999.0 1 230 {-999.0 -999.0 -999.0 -999.0 -999.0} "" -999.0 -999.0 -999.0 -999.0 -999 -999 "" "" "" "" 0 0 0.0 0.0 -999 ""
FIBERMAP 493 R+8C15 METROLOGY 0 0 0 1 0 0 103.02223414932047 165.04420946770097 143.1 168.5117459549061 97.18988175854244 139.23163 113.52152 -999.0 -999.0 -999.0 -999.0 -999.0 275.35576737064866 -5.9573326314295425 275.36744553391327 -5.935808274456947 41.496846114144915 137.18678913267885 -999.0 6231.0 -999.0 -1 -999 {-999.0 -999.0 -999.0 -999.0 -999.0} "" -999.0 -999.0 -999.0 -999.0 -999 -999 "" "" "" "" 0 0 0.0 0.0 -999 ""
FIBERMAP 495 R+5C10 APOGEE 1 1 0 1 0 0 -33.341371682999906 79.74529328386298 143.1 8.077579785929798 86.0437257493588 301.20798 85.10567 274.62325103225993 -6.005253706526572 -1.7810428 -6.510336 -0.0071155364 274.62324588281695 -6.005272426250518 274.63542375136353 -5.985820948966228 41.870769794071144 138.02595533553372 16000.0 16600.0 2016.0 2 7 {-999.0 18.83392 16.191797 14.8524885 -999.0} sdss_psfmag_ps1 17.384836 15.439692 14.14293 10.586 63050395547478955 1153963539 bright_1x1 mwm_galactic_core_dist_apogee_sparse mwm_galactic science 0 0 0.0 0.0 -999 ""
FIBERMAP 495 R+5C10 BOSS 0 0 0 1 0 0 -34.020680190845816 79.42208580490934 143.1 7.326190573582674 86.07795397634524 301.20798 85.10567 -999.0 -999.0 -999.0 -999.0 -999.0 274.6199386019934 -6.00525167080607 274.6319883052687 -5.985621314444301 41.872866402494644 138.0295882317171 -999.0 5400.0 -999.0 1 129 {-999.0 -999.0 -999.0 -999.0 -999.0} "" -999.0 -999.0 -999.0 -999.0 -999 -999 "" "" "" "" 0 0 0.0 0.0 -999 ""
FIBERMAP 495 R+5C10 METROLOGY 0 0 0 1 0 0 -33.95802065623631 80.1660926042552 143.1 7.731324370699209 86.70499114729671 301.20798 85.10567 -999.0 -999.0 -999.0 -999.0 -999.0 274.6217630424415 -6.002359694963513 274.63384155998403 -5.982778944407881 41.87416856138557 138.02538822888658 -999.0 6231.0 -999.0 -1 -999 {-999.0 -999.0 -999.0 -999.0 -999.0} "" -999.0 -999.0 -999.0 -999.0 -999 -999 "" "" "" "" 0 0 0.0 0.0 -999 ""
FIBERMAP 501 R+6C19 APOGEE 1 1 0 1 0 0 182.19148600905112 124.09052106737678 143.1 219.11245109100284 23.82629429049196 15.17879 158.95554 275.58532820354645 -6.290673606059777 -3.1286407 -3.9342604 0.1653744 275.5853191530039 -6.290684918573986 275.59782280039275 -6.268533358893274 41.09290838567114 137.19178591778703 16000.0 16600.0 2016.0 2 34 {-999.0 18.089289 15.561839 14.258521 -999.0} sdss_psfmag_ps1 16.71227 14.73381 13.430578 9.912 63050395546998132 1153961876 bright_1x1 mwm_galactic_core_dist_apogee_sparse mwm_galactic science 0 0 0.0 0.0 -999 ""
FIBERMAP 501 R+6C19 BOSS 0 0 0 1 0 0 182.92666505084128 124.00252275020644 143.1 219.7197840757401 23.402952876531486 15.17879 158.95554 -999.0 -999.0 -999.0 -999.0 -999.0 275.5882389040442 -6.292797405869573 275.6006112625879 -6.270445675837005 41.08975023994227 137.1902352546458 -999.0 5400.0 -999.0 1 195 {-999.0 -999.0 -999.0 -999.0 -999.0} "" -999.0 -999.0 -999.0 -999.0 -999 -999 "" "" "" "" 0 0 0.0 0.0 -999 ""
FIBERMAP 501 R+6C19 METROLOGY 0 0 0 1 0 0 182.47767085976884 123.40195501318641 143.1 219.04120159280694 23.08414498921564 15.17879 158.95554 -999.0 -999.0 -999.0 -999.0 -999.0 275.5851286652288 -6.294184054261984 275.5975440381965 -6.271894272126436 41.090317560227845 137.1946502582309 -999.0 6231.0 -999.0 -1 -999 {-999.0 -999.0 -999.0 -999.0 -999.0} "" -999.0 -999.0 -999.0 -999.0 -999 -999 "" "" "" "" 0 0 0.0 0.0 -999 ""
FIBERMAP 506 R+6C10 APOGEE 0 0 0 1 0 0 -24.27880263593843 124.67917232986018 143.1 37.20288919652291 121.43135627018852 49.730484 156.4134 -999.0 -999.0 -999.0 -999.0 -999.0 274.7568165764086 -5.844886417278207 274.76854651975907 -5.825148286312251 41.928075208593356 137.75703184337084 -999.0 16600.0 -999.0 2 -999 {-999.0 -999.0 -999.0 -999.0 -999.0} "" -999.0 -999.0 -999.0 -999.0 -999 -999 "" "" "" "" 0 0 0.0 0.0 -999 ""
FIBERMAP 506 R+6C10 BOSS 1 1 0 1 0 0 -23.612781362241137 125.03787810475094 143.1 37.95924581698983 121.43469908984761 49.730484 156.4134 274.76042126916616 -5.84500211862935 -0.13530491 -5.3491154 0.6167399 274.7604208780791 -5.845017499396862 274.77202009663887 -5.825082704988711 41.92616546452547 137.75315984784575 5400.0 5400.0 2016.0 1 128 {-999.0 17.845617 15.32286 14.239726 -999.0} sdss_psfmag_ps1 16.557184 14.727446 13.461123 10.061 63050395547483317 934426356 bright_1x1 openfibertargets_nov2020_34a open_fiber science 0 0 0.0 0.0 -999 ""
FIBERMAP 506 R+6C10 METROLOGY 0 0 0 1 0 0 -23.64231082874376 124.28989073527104 143.1 37.58147377818774 120.78857123222919 49.730484 156.4134 -999.0 -999.0 -999.0 -999.0 -999.0 274.7586500853293 -5.847900470934698 274.77029377274994 -5.828022149098999 41.92472268364887 137.7573043106711 -999.0 6231.0 -999.0 -1 -999 {-999.0 -999.0 -999.0 -999.0 -999.0} "" -999.0 -999.0 -999.0 -999.0 -999 -999 "" "" "" "" 0 0 0.0 0.0 -999 ""
FIBERMAP 507 R+1C26 APOGEE 1 1 0 1 0 0 259.89155014524204 13.62653055568161 143.1 235.7319064365426 -110.18132885542681 253.10199 45.71894 275.65872543135634 -6.897474958278824 -2.0032663 -5.2112556 0.0896159 275.65871962920136 -6.897489942646204 275.67268824858604 -6.874867879081986 40.55341663007451 137.57048365500285 16000.0 16600.0 2016.0 2 42 {-999.0 22.586374 19.332039 15.626837 -999.0} sdss_psfmag_ps1 19.105188 15.89565 14.324761 10.243 63050395546755649 1153961273 bright_1x1 mwm_galactic_core_dist_apogee_sparse mwm_galactic science 0 0 0.0 0.0 -999 ""
FIBERMAP 507 R+1C26 BOSS 0 0 0 1 0 0 259.5672465853256 14.276730261813201 143.1 235.7514800718326 -109.45510942801498 253.10199 45.71894 -999.0 -999.0 -999.0 -999.0 -999.0 275.6589767157855 -6.894413057922515 275.6728004347169 -6.87159609600776 40.556037936078376 137.56790259504967 -999.0 5400.0 -999.0 1 175 {-999.0 -999.0 -999.0 -999.0 -999.0} "" -999.0 -999.0 -999.0 -999.0 -999 -999 "" "" "" "" 0 0 0.0 0.0 -999 ""
FIBERMAP 507 R+1C26 METROLOGY 0 0 0 1 0 0 260.3092927846373 14.260834769201164 143.1 236.3987764414374 -109.81805741457225 253.10199 45.71894 -999.0 -999.0 -999.0 -999.0 -999.0 275.66183795842176 -6.895978565189321 275.67570323282905 -6.8732086476372585 40.55306769149147 137.5660027822254 -999.0 6231.0 -999.0 -1 -999 {-999.0 -999.0 -999.0 -999.0 -999.0} "" -999.0 -999.0 -999.0 -999.0 -999 -999 "" "" "" "" 0 0 0.0 0.0 -999 ""
FIBERMAP 514 R+11C3 APOGEE 1 1 0 1 0 0 -106.47560140829718 223.4061540266909 143.1 11.0966511547447 247.19685176484353 79.543686 56.668194 274.63852495367667 -5.277471778209683 1.0250882 -6.0851955 0.14368194 274.63852791374813 -5.27748927549126 274.6489012942512 -5.258313810666425 42.46179658166275 137.4533308664352 16000.0 16600.0 2016.0 2 133 {-999.0 19.425896 16.544296 14.852644 -999.0} sdss_psfmag_ps1 17.80269 15.475129 14.0995035 10.174 63050395556456349 1153971674 bright_1x1 mwm_galactic_core_dist_apogee_sparse mwm_galactic science 0 0 0.0 0.0 -999 ""
FIBERMAP 514 R+11C3 BOSS 0 0 0 1 0 0 -105.91706568204495 222.91969058926648 143.1 11.36075197085794 246.50497109466596 79.543686 56.668194 -999.0 -999.0 -999.0 -999.0 -999.0 274.6398522680302 -5.280744393851334 274.6501053054254 -5.261380932409169 42.45859403360554 137.4543705789616 -999.0 5400.0 -999.0 1 5 {-999.0 -999.0 -999.0 -999.0 -999.0} "" -999.0 -999.0 -999.0 -999.0 -999 -999 "" "" "" "" 0 0 0.0 0.0 -999 ""
FIBERMAP 514 R+11C3 METROLOGY 0 0 0 1 0 0 -106.6189372638236 222.6717475718347 143.1 10.624843991149211 246.6162210985038 79.543686 56.668194 -999.0 -999.0 -999.0 -999.0 -999.0 274.6364696576161 -5.280190558363945 274.6467588584121 -5.26088825402671 42.46090118657607 137.4576975112949 -999.0 6231.0 -999.0 -1 -999 {-999.0 -999.0 -999.0 -999.0 -999.0} "" -999.0 -999.0 -999.0 -999.0 -999 -999 "" "" "" "" 0 0 0.0 0.0 -999 ""
FIBERMAP 515 R+3C19 APOGEE 0 0 0 1 0 0 132.39941078371692 59.8712812324525 143.1 144.9797363746244 -9.426788059847855 172.05827 117.13677 -999.0 -999.0 -999.0 -999.0 -999.0 275.2487354550219 -6.4412633428191794 275.2617448051476 -6.4199452495792615 41.159921589357985 137.670453367339 -999.0 16600.0 -999.0 2 -999 {-999.0 -999.0 -999.0 -999.0 -999.0} "" -999.0 -999.0 -999.0 -999.0 -999 -999 "" "" "" "" 0 0 0.0 0.0 -999 ""
FIBERMAP 515 R+3C19 BOSS 1 1 0 1 0 0 132.13826842154094 60.55893450788993 143.1 145.0726537942797 -8.697219561344761 172.05827 117.13677 275.2493577211036 -6.438135768837249 -1.3283294 -1.9244471 0.8269555 275.2493538774044 -6.438141302363951 275.26222163005957 -6.416631148670409 41.16237497463564 137.6674277493041 5400.0 5400.0 2016.0 1 217 {-999.0 16.482906 14.836086 14.008556 -999.0} sdss_psfmag_from_g3xp 15.759096 14.612875 13.563917 11.222 63050395546946558 939084589 bright_1x1 openfibertargets_nov2020_34a open_fiber science 0 0 0.0 0.0 -999 ""
FIBERMAP 515 R+3C19 METROLOGY 0 0 0 1 0 0 132.87394869243462 60.447020542992966 143.1 145.66918353468571 -9.141899478149492 172.05827 117.13677 -999.0 -999.0 -999.0 -999.0 -999.0 275.2520220988581 -6.4401118929079635 275.2649313962455 -6.418648094426045 41.159183066382575 137.66601527297877 -999.0 6231.0 -999.0 -1 -999 {-999.0 -999.0 -999.0 -999.0 -999.0} "" -999.0 -999.0 -999.0 -999.0 -999 -999 "" "" "" "" 0 0 0.0 0.0 -999 ""
FIBERMAP 533 R+1C3 APOGEE 1 1 0 1 0 0 -244.27698999442043 2.994476751589702 143.1 -214.13838302299027 117.50524509997157 280.5062 72.229034 273.6115009582533 -5.861188649361773 1.5389274 -5.565545 0.12542215 273.6115054065172 -5.861204652448068 273.6237099711161 -5.8445194128350595 42.55118748530523 139.0450228144829 16000.0 16600.0 2016.0 2 104 {-999.0 17.987867 15.636099 14.430874 -999.0} sdss_psfmag_ps1 16.78477 14.994813 13.733732 10.441 63050395556052736 1153971075 bright_1x1 mwm_galactic_core_dist_apogee_sparse mwm_galactic science 0 0 0.0 0.0 -999 ""
FIBERMAP 533 R+1C3 BOSS 0 0 0 1 0 0 -245.01087183926717 3.06793729849381 143.1 -214.75140727315843 117.91514863579033 280.5062 72.229034 -999.0 -999.0 -999.0 -999.0 -999.0 273.6088610035811 -5.859529308035545 273.6209386069312 -5.842666844160643 42.55425720168329 139.04674514062546 -999.0 5400.0 -999.0 1 61 {-999.0 -999.0 -999.0 -999.0 -999.0} "" -999.0 -999.0 -999.0 -999.0 -999 -999 "" "" "" "" 0 0 0.0 0.0 -999 ""
FIBERMAP 533 R+1C3 METROLOGY 0 0 0 1 0 0 -244.57452700460055 3.6796114102753847 143.1 -214.07876400110374 118.24970455581567 280.5062 72.229034 -999.0 -999.0 -999.0 -999.0 -999.0 273.6118782957713 -5.857965530730219 273.62398596371304 -5.841148123651209 42.55384188051069 139.04217690402032 -999.0 6231.0 -999.0 -1 -999 {-999.0 -999.0 -999.0 -999.0 -999.0} "" -999.0 -999.0 -999.0 -999.0 -999 -999 "" "" "" "" 0 0 0.0 0.0 -999 ""
FIBERMAP 544 R-6C19 APOGEE 1 1 0 1 0 0 192.04851117594694 -120.25135529401086 143.1 112.9166722272278 -196.41232605265623 346.4057 114.304276 275.0992003355911 -7.288754899802668 -0.9796812 -3.5846982 0.15481241 275.09919749568184 -7.288765207191037 275.11435928932735 -7.267463838580381 40.544010697279056 138.46408855409757 16000.0 16600.0 2016.0 2 229 {-999.0 19.109535 16.374863 14.821775 -999.0} sdss_psfmag_ps1 17.591404 15.382009 14.031805 10.207 63050395546324908 1153959535 bright_1x1 mwm_galactic_core_dist_apogee_sparse mwm_galactic science 0 0 0.0 0.0 -999 ""
FIBERMAP 544 R-6C19 BOSS 0 0 0 1 0 0 192.20750478694893 -120.97080208873564 143.1 112.71867042413724 -197.12191670351388 346.4057 114.304276 -999.0 -999.0 -999.0 -999.0 -999.0 275.0984286537516 -7.292189181495911 275.1134640634832 -7.270691058300139 40.541840665369776 138.46744211588714 -999.0 5400.0 -999.0 1 277 {-999.0 -999.0 -999.0 -999.0 -999.0} "" -999.0 -999.0 -999.0 -999.0 -999 -999 "" "" "" "" 0 0 0.0 0.0 -999 ""
FIBERMAP 544 R-6C19 METROLOGY 0 0 0 1 0 0 191.4967949464128 -120.74732512115783 143.1 112.19663294040835 -196.5905367262936 346.4057 114.304276 -999.0 -999.0 -999.0 -999.0 -999.0 275.0960217439354 -7.289744296085377 275.1110903976629 -7.268309659141896 40.5451337281078 138.46824351789465 -999.0 6231.0 -999.0 -1 -999 {-999.0 -999.0 -999.0 -999.0 -999.0} "" -999.0 -999.0 -999.0 -999.0 -999 -999 "" "" "" "" 0 0 0.0 0.0 -999 ""
FIBERMAP 546 R-12C1 APOGEE 1 1 0 1 0 0 -149.04334008555315 -250.86483309686335 143.1 -249.47433014983258 -151.27687872697075 342.09854 58.756332 273.44811045022567 -7.0760900173374415 -1.8105607 -0.9796715 0.14015438 273.4481052042094 -7.076092834270344 273.4633884983519 -7.059309092740299 41.622941117214275 140.12258969176057 16000.0 16600.0 2016.0 2 296 {-999.0 18.68007 15.938099 14.007064 -999.0} sdss_psfmag_ps1 17.215742 14.375722 12.931458 8.771 63050395546544718 1153960547 bright_1x1 mwm_galactic_core_dist_apogee_sparse mwm_galactic science 0 0 0.0 0.0 -999 ""
FIBERMAP 546 R-12C1 BOSS 0 0 0 1 0 0 -149.58297334463396 -251.36065523242516 143.1 -250.18363815374533 -151.46064068642627 342.09854 58.756332 -999.0 -999.0 -999.0 -999.0 -999.0 273.4450693745776 -7.077057746570194 273.46023053480553 -7.060088931318056 41.62398885649294 140.1266764012234 -999.0 5400.0 -999.0 1 429 {-999.0 -999.0 -999.0 -999.0 -999.0} "" -999.0 -999.0 -999.0 -999.0 -999 -999 "" "" "" "" 0 0 0.0 0.0 -999 ""
FIBERMAP 546 R-12C1 METROLOGY 0 0 0 1 0 0 -149.75670229197715 -250.6395383048751 143.1 -249.9978532721044 -150.74264754312003 342.09854 58.756332 -999.0 -999.0 -999.0 -999.0 -999.0 273.4458536944483 -7.07378869200432 273.4610420443365 -7.056873886037947 41.62625069623523 140.12343543687592 -999.0 6231.0 -999.0 -1 -999 {-999.0 -999.0 -999.0 -999.0 -999.0} "" -999.0 -999.0 -999.0 -999.0 -999 -999 "" "" "" "" 0 0 0.0 0.0 -999 ""
FIBERMAP 548 R+1C14 APOGEE 1 1 0 1 0 0 24.16514843481571 29.668099006308804 143.1 35.27338913223439 14.815854750198355 64.070274 86.820564 274.7471600627685 -6.329917941358428 -0.8356509 -4.834771 0.17826773 274.7471576452115 -6.329931843188155 274.7600899792512 -6.31000552211628 41.53326021501586 138.13432389065775 16000.0 16600.0 2016.0 2 13 {-999.0 18.930904 16.009575 14.030985 -999.0} sdss_psfmag_ps1 17.29486 14.529519 13.090322 8.969 63050395547384153 1153962971 bright_1x1 mwm_galactic_core_dist_apogee_sparse mwm_galactic science 0 0 0.0 0.0 -999 ""
FIBERMAP 548 R+1C14 BOSS 0 0 0 1 0 0 24.80399904578177 29.300987939407364 143.1 35.664480025840476 14.19152351337259 64.070274 86.820564 -999.0 -999.0 -999.0 -999.0 -999.0 274.7490949067636 -6.332963619031927 274.7619030951779 -6.312840654068576 41.529902724367155 138.1344753362478 -999.0 5400.0 -999.0 1 96 {-999.0 -999.0 -999.0 -999.0 -999.0} "" -999.0 -999.0 -999.0 -999.0 -999 -999 "" "" "" "" 0 0 0.0 0.0 -999 ""
FIBERMAP 548 R+1C14 METROLOGY 0 0 0 1 0 0 24.173593287015507 28.92167047523261 143.1 34.92985806627296 14.153246254373105 64.070274 86.820564 -999.0 -999.0 -999.0 -999.0 -999.0 274.74568650323675 -6.333077265869229 274.75853340038157 -6.31301725171068 41.531647939555434 138.13830125498555 -999.0 6231.0 -999.0 -1 -999 {-999.0 -999.0 -999.0 -999.0 -999.0} "" -999.0 -999.0 -999.0 -999.0 -999 -999 "" "" "" "" 0 0 0.0 0.0 -999 ""
FIBERMAP 550 R+1C1 APOGEE 1 1 0 1 0 0 -275.82477597677985 40.640911092878 143.1 -224.27372891434393 165.55818223199688 152.18942 22.534595 273.5683438033744 -5.644825782402833 -1.8624398 -1.1761584 0.14215164 273.56833842204713 -5.644829164311421 273.5800221903291 -5.6283527086643526 42.75517374787651 138.93120531645377 16000.0 16600.0 2016.0 2 141 {-999.0 16.970358 14.847362 13.963011 -999.0} sdss_psfmag_ps1 15.917367 14.427984 13.255089 10.327 63050395556071732 1156718879 bright_1x1 mwm_galactic_core_dist_apogee_extra mwm_galactic science 0 0 0.0 0.0 -999 ""
FIBERMAP 550 R+1C1 BOSS 0 0 0 1 0 0 -275.09887111244063 40.58879199554549 143.1 -223.6577083425673 165.1708609826548 152.18942 22.534595 -999.0 -999.0 -999.0 -999.0 -999.0 273.57120913471135 -5.646745157564397 273.5827734567732 -5.630076638102008 42.75221992815847 138.92940708700309 -999.0 5400.0 -999.0 1 12 {-999.0 -999.0 -999.0 -999.0 -999.0} "" -999.0 -999.0 -999.0 -999.0 -999 -999 "" "" "" "" 0 0 0.0 0.0 -999 ""
FIBERMAP 550 R+1C1 METROLOGY 0 0 0 1 0 0 -275.51660528148244 39.960683148228455 143.1 -224.32165771268734 164.8130522591968 152.18942 22.534595 -999.0 -999.0 -999.0 -999.0 -999.0 273.56817336300105 -5.648313345458261 273.5797775981314 -5.631704276145743 42.752521072371465 138.93401475207347 -999.0 6231.0 -999.0 -1 -999 {-999.0 -999.0 -999.0 -999.0 -999.0} "" -999.0 -999.0 -999.0 -999.0 -999 -999 "" "" "" "" 0 0 0.0 0.0 -999 ""
FIBERMAP 554 R-2C23 APOGEE 1 1 0 1 0 0 233.16742512392594 -39.80914354547671 143.1 187.02461847370503 -144.76607148175503 317.64032 148.80357 275.43767432487107 -7.054689133439952 -4.741353 -4.3995614 -0.079745576 275.4376605876547 -7.0547017838737816 275.4521069582252 -7.032600374246495 40.54848894069418 137.92557912396407 16000.0 16600.0 2016.0 2 197 {-999.0 20.130507 17.1195 15.531728 -999.0} sdss_psfmag_ps1 18.428623 16.026485 14.634414 10.558 63050395546324265 1153959518 bright_1x1 mwm_galactic_core_dist_apogee_sparse mwm_galactic science 0 0 0.0 0.0 -999 ""
FIBERMAP 554 R-2C23 BOSS 0 0 0 1 0 0 233.348747141026 -40.528550240799206 143.1 186.84633778413058 -145.48612592453267 317.64032 148.80357 -999.0 -999.0 -999.0 -999.0 -999.0 275.43699212104667 -7.058170256895412 275.4513109261819 -7.0358727516873065 40.54624359454065 137.92887995372806 -999.0 5400.0 -999.0 1 310 {-999.0 -999.0 -999.0 -999.0 -999.0} "" -999.0 -999.0 -999.0 -999.0 -999 -999 "" "" "" "" 0 0 0.0 0.0 -999 ""
FIBERMAP 554 R-2C23 METROLOGY 0 0 0 1 0 0 232.62353928400609 -40.35661952157884 143.1 186.28726958965825 -144.99341240090024 317.64032 148.80357 -999.0 -999.0 -999.0 -999.0 -999.0 275.43442935841256 -7.055899929753526 275.4487822769494 -7.033665973461665 40.54948500304168 137.9299501522693 -999.0 6231.0 -999.0 -1 -999 {-999.0 -999.0 -999.0 -999.0 -999.0} "" -999.0 -999.0 -999.0 -999.0 -999 -999 "" "" "" "" 0 0 0.0 0.0 -999 ""
FIBERMAP 565 R+8C3 APOGEE 1 1 0 1 0 0 -147.11534602930269 143.44932170506777 143.1 -62.36024990418408 195.75357577207376 326.80222 100.31151 274.3031915767077 -5.507708068039397 -5.2275553 -7.6809053 0.12343279 274.3031764757551 -5.507730153601236 274.31424599018317 -5.489350820941994 42.46095162448106 138.00292018433177 16000.0 16600.0 2016.0 2 137 {-999.0 18.251451 15.91241 14.61995 -999.0} sdss_psfmag_ps1 17.01228 15.143412 13.870275 10.491 63050395556418808 1153971608 bright_1x1 mwm_galactic_core_dist_apogee_sparse mwm_galactic science 0 0 0.0 0.0 -999 ""
FIBERMAP 565 R+8C3 BOSS 0 0 0 1 0 0 -147.3801742408809 142.75603954045474 143.1 -62.91992283973372 195.26636023288305 326.80222 100.31151 -999.0 -999.0 -999.0 -999.0 -999.0 274.30072622375144 -5.510060743511409 274.3116758140301 -5.491503006057823 42.46062216050726 138.0074298675242 -999.0 5400.0 -999.0 1 25 {-999.0 -999.0 -999.0 -999.0 -999.0} "" -999.0 -999.0 -999.0 -999.0 -999 -999 "" "" "" "" 0 0 0.0 0.0 -999 ""
FIBERMAP 565 R+8C3 METROLOGY 0 0 0 1 0 0 -147.86071463286882 143.33330734957448 143.1 -63.07250404306424 196.00169069071742 326.80222 100.31151 -999.0 -999.0 -999.0 -999.0 -999.0 274.3000168633904 -5.50670657005633 274.31099430747133 -5.488204322668623 42.463726873632176 138.00566130414035 -999.0 6231.0 -999.0 -1 -999 {-999.0 -999.0 -999.0 -999.0 -999.0} "" -999.0 -999.0 -999.0 -999.0 -999 -999 "" "" "" "" 0 0 0.0 0.0 -999 ""
FIBERMAP 566 R+8C7 APOGEE 0 0 0 1 0 0 -58.6342937025031 167.38645220411684 143.1 26.969756333831537 175.27013730207088 70.4053 100.88517 -999.0 -999.0 -999.0 -999.0 -999.0 274.7103759093802 -5.600971733337113 274.72152110332274 -5.581464241825306 42.155108740161474 137.62219696231432 -999.0 16600.0 -999.0 2 -999 {-999.0 -999.0 -999.0 -999.0 -999.0} "" -999.0 -999.0 -999.0 -999.0 -999 -999 "" "" "" "" 0 0 0.0 0.0 -999 ""
FIBERMAP 566 R+8C7 BOSS 1 1 0 1 0 0 -57.92483500189742 167.27775872482488 143.1 27.544662869148056 174.84062889789513 70.4053 100.88517 274.713134765625 -5.603051545345238 -999.0 -999.0 -999.0 274.713134765625 -5.603051545345239 274.724155061512 -5.583350505537013 42.15206534754879 137.62073922627386 5400.0 5400.0 2015.5 1 103 {-999.0 -999.0 -999.0 -999.0 -999.0} "" -999.0 -999.0 -999.0 -999.0 27021603148797921 852799134 "" ops_sky_boss_fallback ops_sky sky_boss 0 0 0.0 0.0 -999 ""
FIBERMAP 566 R+8C7 METROLOGY 0 0 0 1 0 0 -58.35626691729033 166.69409168587794 143.1 26.889524060339806 174.52847587474096 70.4053 100.88517 -999.0 -999.0 -999.0 -999.0 -999.0 274.71010445189404 -5.6044084184729055 274.72116582873366 -5.5847673855521185 42.15259483063223 137.62512629215152 -999.0 6231.0 -999.0 -1 -999 {-999.0 -999.0 -999.0 -999.0 -999.0} "" -999.0 -999.0 -999.0 -999.0 -999 -999 "" "" "" "" 0 0 0.0 0.0 -999 ""
FIBERMAP 572 R+10C5 APOGEE 0 0 0 1 0 0 -73.11155691014734 192.7043951736625 143.1 26.100134844045012 204.4177605366073 21.436022 88.72425 -999.0 -999.0 -999.0 -999.0 -999.0 274.70656892027915 -5.469570009081515 274.717390942845 -5.450129774181037 42.265368430396634 137.52570052568845 -999.0 16600.0 -999.0 2 -999 {-999.0 -999.0 -999.0 -999.0 -999.0} "" -999.0 -999.0 -999.0 -999.0 -999 -999 "" "" "" "" 0 0 0.0 0.0 -999 ""
FIBERMAP 572 R+10C5 BOSS 1 1 0 1 0 0 -72.84511952083781 192.00324662249548 143.1 26.005543983366323 203.673794197912 21.436022 88.72425 274.7062683105469 -5.473053625729179 -999.0 -999.0 -999.0 274.7062683105469 -5.473053625729178 274.7169704037968 -5.45342826427474 42.26289788158486 137.52870738849788 5400.0 5400.0 2015.5 1 146 {-999.0 -999.0 -999.0 -999.0 -999.0} "" -999.0 -999.0 -999.0 -999.0 27021603148964453 820586631 "" ops_sky_boss_good ops_sky sky_boss 0 0 0.0 0.0 -999 ""
FIBERMAP 572 R+10C5 METROLOGY 0 0 0 1 0 0 -73.57975436740209 192.1234880196938 143.1 25.41385240242975 204.12533054356737 21.436022 88.72425 -999.0 -999.0 -999.0 -999.0 -999.0 274.7035359264479 -5.470969147971011 274.71427039214313 -5.451404264196589 42.266093393449225 137.5301307638576 -999.0 6231.0 -999.0 -1 -999 {-999.0 -999.0 -999.0 -999.0 -999.0} "" -999.0 -999.0 -999.0 -999.0 -999 -999 "" "" "" "" 0 0 0.0 0.0 -999 ""
FIBERMAP 575 R+3C14 APOGEE 1 1 0 1 0 0 13.74689511541498 49.90627703926539 143.1 35.59679141729392 37.5725562711623 266.0799 36.738308 274.7488492663351 -6.226244699064869 -1.0232924 -4.96376 -0.10486359 274.74884630651627 -6.226258971786925 274.7615217087135 -6.206374125017788 41.61796171623994 138.05448540734415 16000.0 16600.0 2016.0 2 24 {-999.0 19.411531 16.687935 15.452242 -999.0} sdss_psfmag_ps1 17.925436 16.04766 14.683886 10.996 63050395547388720 1153963049 bright_1x1 mwm_galactic_core_dist_apogee_sparse mwm_galactic science 0 0 0.0 0.0 -999 ""
FIBERMAP 575 R+3C14 BOSS 0 0 0 1 0 0 13.343747926038507 50.519971035000594 143.1 35.529629018902746 38.30363713547219 266.0799 36.738308 -999.0 -999.0 -999.0 -999.0 -999.0 274.7486949089673 -6.223096845552252 274.76123197000595 -6.2030244068705755 41.620887506420274 138.0522698345429 -999.0 5400.0 -999.0 1 97 {-999.0 -999.0 -999.0 -999.0 -999.0} "" -999.0 -999.0 -999.0 -999.0 -999 -999 "" "" "" "" 0 0 0.0 0.0 -999 ""
FIBERMAP 575 R+3C14 METROLOGY 0 0 0 1 0 0 14.08807073835704 50.57693201865634 143.1 36.21319252334198 38.00390613527056 266.0799 36.738308 -999.0 -999.0 -999.0 -999.0 -999.0 274.75178388522056 -6.224420589280688 274.76436000882916 -6.204392965314221 41.618000430898576 138.0498739202979 -999.0 6231.0 -999.0 -1 -999 {-999.0 -999.0 -999.0 -999.0 -999.0} "" -999.0 -999.0 -999.0 -999.0 -999 -999 "" "" "" "" 0 0 0.0 0.0 -999 ""
FIBERMAP 577 R+6C15 APOGEE 1 1 0 1 0 0 97.84061905826027 109.89589744652544 143.1 138.0079430232128 50.96429849609487 300.598 136.85435 275.21713474845376 -6.1665489341690405 0.5850941 -1.3629547 0.37170237 275.21713644061583 -6.166552853189 275.229480752511 -6.145441817240702 41.403649064896015 137.49706307394464 16000.0 16600.0 2016.0 2 36 {-999.0 15.55393 13.232807 11.91538 -999.0} sdss_psfmag_from_g3xp 14.349699 12.599676 11.356675 8.063 63050395547407859 1152263139 bright_1x1 mwm_galactic_core_dist_apogee_sparse mwm_galactic science 0 0 0.0 0.0 -999 ""
FIBERMAP 577 R+6C15 BOSS 0 0 0 1 0 0 97.69735280244241 109.16589771717217 143.1 137.53826938646395 50.38752353282146 300.598 136.85435 -999.0 -999.0 -999.0 -999.0 -999.0 275.2151831278073 -6.169339351617064 275.2274020481749 -6.148042428891099 41.402695707950436 137.5013054622454 -999.0 5400.0 -999.0 1 188 {-999.0 -999.0 -999.0 -999.0 -999.0} "" -999.0 -999.0 -999.0 -999.0 -999 -999 "" "" "" "" 0 0 0.0 0.0 -999 ""
FIBERMAP 577 R+6C15 METROLOGY 0 0 0 1 0 0 97.12427031190397 109.65464091102456 143.1 137.2624046969232 51.08825594876763 300.598 136.85435 -999.0 -999.0 -999.0 -999.0 -999.0 275.21387767467945 -6.166099883325359 275.22612681318003 -6.1448617242565255 41.40603053359758 137.5002698274576 -999.0 6231.0 -999.0 -1 -999 {-999.0 -999.0 -999.0 -999.0 -999.0} "" -999.0 -999.0 -999.0 -999.0 -999 -999 "" "" "" "" 0 0 0.0 0.0 -999 ""
FIBERMAP 580 R+9C7 APOGEE 1 1 0 1 0 0 -63.598117265390634 163.1851921118063 143.1 20.614251258459895 173.89707653758072 241.79211 113.658424 274.68136939423084 -5.607057466800327 -4.5107493 -6.8180113 0.11137829 274.6813563617326 -5.607077071209355 274.6925277672296 -5.587644450882089 42.16645438869524 137.65894761475263 16000.0 16600.0 2016.0 2 29 {-999.0 18.98641 16.355124 14.566681 -999.0} sdss_psfmag_ps1 17.575659 15.150584 13.7595415 9.968 63050395547531634 1153963489 bright_1x1 mwm_galactic_core_dist_apogee_sparse mwm_galactic science 0 0 0.0 0.0 -999 ""
FIBERMAP 580 R+9C7 BOSS 0 0 0 1 0 0 -64.335091047372 163.23577807050194 143.1 19.987742729659875 174.28824975066456 241.79211 113.658424 -999.0 -999.0 -999.0 -999.0 -999.0 274.6786341402444 -5.605431174536854 274.689673714941 -5.585821322882898 42.16956996240907 137.66069922347444 -999.0 5400.0 -999.0 1 118 {-999.0 -999.0 -999.0 -999.0 -999.0} "" -999.0 -999.0 -999.0 -999.0 -999 -999 "" "" "" "" 0 0 0.0 0.0 -999 ""
FIBERMAP 580 R+9C7 METROLOGY 0 0 0 1 0 0 -63.91820005376796 163.85599908199254 143.1 20.6472391070873 174.63949483807943 241.79211 113.658424 -999.0 -999.0 -999.0 -999.0 -999.0 274.68160970376124 -5.603812641351508 274.69268063029403 -5.584248039139504 42.16916060818254 137.6561710446706 -999.0 6231.0 -999.0 -1 -999 {-999.0 -999.0 -999.0 -999.0 -999.0} "" -999.0 -999.0 -999.0 -999.0 -999 -999 "" "" "" "" 0 0 0.0 0.0 -999 ""
FIBERMAP 581 R-1C19 APOGEE 0 0 0 1 0 0 117.65591763947822 -13.79377725394366 143.1 97.33180097077665 -67.49512830417225 61.31094 168.27571 -999.0 -999.0 -999.0 -999.0 -999.0 275.03053873702333 -6.705236194762103 275.0442865735299 -6.684383690767097 41.064825244595745 138.10574597819556 -999.0 16600.0 -999.0 2 -999 {-999.0 -999.0 -999.0 -999.0 -999.0} "" -999.0 -999.0 -999.0 -999.0 -999 -999 "" "" "" "" 0 0 0.0 0.0 -999 ""
FIBERMAP 581 R-1C19 BOSS 1 1 0 1 0 0 118.13847565748515 -13.21237715347937 143.1 98.03098675198356 -67.20901590860674 61.31094 168.27571 275.03389304458983 -6.704139865893988 8.333661 -7.297945 2.2733107 275.03391717205545 -6.704160850296969 275.04752816783713 -6.683106509551557 41.064058451726765 138.1012660951548 5400.0 5400.0 2016.0 1 296 {-999.0 16.391937 14.841072 14.066812 -999.0} sdss_psfmag_from_g3xp 15.723731 14.661742 13.621807 11.348 63050395546439930 939083468 bright_1x1 openfibertargets_nov2020_34a open_fiber science 0 0 0.0 0.0 -999 ""
FIBERMAP 581 R-1C19 METROLOGY 0 0 0 1 0 0 118.39313138303564 -13.908572187724987 143.1 97.92832914715012 -67.94307140914349 61.31094 168.27571 -999.0 -999.0 -999.0 -999.0 -999.0 275.0333928510248 -6.707438408183804 275.047049466099 -6.686438855186837 41.06157864958394 138.10428499277515 -999.0 6231.0 -999.0 -1 -999 {-999.0 -999.0 -999.0 -999.0 -999.0} "" -999.0 -999.0 -999.0 -999.0 -999 -999 "" "" "" "" 0 0 0.0 0.0 -999 ""
FIBERMAP 587 R-10C13 APOGEE 0 0 0 1 0 0 95.94565505076635 -176.88741924814238 143.1 1.4857345646660918 -201.1980524708212 108.58244 70.00645 -999.0 -999.0 -999.0 -999.0 -999.0 274.58982782034445 -7.310409205903382 274.6052478355 -7.290462925209743 40.80721628663396 139.03318553501867 -999.0 16600.0 -999.0 2 -999 {-999.0 -999.0 -999.0 -999.0 -999.0} "" -999.0 -999.0 -999.0 -999.0 -999 -999 "" "" "" "" 0 0 0.0 0.0 -999 ""
FIBERMAP 587 R-10C13 BOSS 1 1 0 1 0 0 96.69227086290954 -176.88423971348067 143.1 2.1460324777141535 -201.54631763833606 108.58244 70.00645 274.5929863821809 -7.312217804934859 -3.0680828 -4.4332 1.6822264 274.5929774879265 -7.312230552092382 274.6082686795083 -7.292078464064456 40.804207836861345 139.03108092986744 5400.0 5400.0 2016.0 1 396 {-999.0 20.014824 18.186888 17.306421 -999.0} sdss_psfmag_ps1 19.194313 17.939783 16.770172 14.029 63050395546353577 1096416009 bright_1x1 mwm_bin_vis_boss mwm_filler science 0 0 0.0 0.0 -999 ""
FIBERMAP 587 R-10C13 METROLOGY 0 0 0 1 0 0 96.32133514412682 -177.5320326578419 143.1 1.5141215954128215 -201.94350070308425 108.58244 70.00645 -999.0 -999.0 -999.0 -999.0 -999.0 274.5900440131333 -7.3139455759782255 274.60537782060726 -7.2938563306479 40.80432359555466 139.03553556885848 -999.0 6231.0 -999.0 -1 -999 {-999.0 -999.0 -999.0 -999.0 -999.0} "" -999.0 -999.0 -999.0 -999.0 -999 -999 "" "" "" "" 0 0 0.0 0.0 -999 ""
FIBERMAP 588 R+8C1 APOGEE 1 1 0 1 0 0 -186.75314304269892 150.09713079590722 143.1 -94.21015419934096 220.25783360177954 1.402964 96.485504 274.15902193515547 -5.39762669782182 -2.67185 -6.442215 0.18112329 274.15901421833973 -5.397645221671749 274.1698655210411 -5.379698325992658 42.63261579879865 138.07986961123268 16000.0 16600.0 2016.0 2 94 {-999.0 17.762573 15.5152 13.56479 -999.0} sdss_psfmag_ps1 16.487947 13.354041 11.870062 7.806 63050395556481811 1153971775 bright_1x1 mwm_galactic_core_dist_apogee_sparse mwm_galactic science 0 0 0.0 0.0 -999 ""
FIBERMAP 588 R+8C1 BOSS 0 0 0 1 0 0 -186.6809076717815 149.36861420483189 143.1 -94.48897496518767 219.58103501306354 1.402964 96.485504 -999.0 -999.0 -999.0 -999.0 -999.0 274.1578375414276 -5.400836999314314 274.1685715409824 -5.382708882651545 42.63085720182137 138.08362419642523 -999.0 5400.0 -999.0 1 81 {-999.0 -999.0 -999.0 -999.0 -999.0} "" -999.0 -999.0 -999.0 -999.0 -999 -999 "" "" "" "" 0 0 0.0 0.0 -999 ""
FIBERMAP 588 R+8C1 METROLOGY 0 0 0 1 0 0 -187.3677629932709 149.6743413718645 143.1 -94.9512882067304 220.17377458236948 1.402964 96.485504 -999.0 -999.0 -999.0 -999.0 -999.0 274.1557257402615 -5.398136174384096 274.16648945658994 -5.380066733873612 42.634208203717876 138.08392409684976 -999.0 6231.0 -999.0 -1 -999 {-999.0 -999.0 -999.0 -999.0 -999.0} "" -999.0 -999.0 -999.0 -999.0 -999 -999 "" "" "" "" 0 0 0.0 0.0 -999 ""
FIBERMAP 589 R-2C25 APOGEE 1 1 0 1 0 0 287.94273047525814 -34.73066668666362 143.1 237.74552608754195 -166.04112599842364 61.836487 56.61279 275.6658582736427 -7.1489163708451775 -4.7245674 -6.1151104 0.1574874 275.6658445822545 -7.148933954143296 275.68042982349954 -7.126177836311583 40.342650277142006 137.75062795530377 16000.0 16600.0 2016.0 2 216 {-999.0 18.499352 15.709302 16.791151 -999.0} sdss_psfmag_ps1 17.013159 14.193797 12.745782 8.674 63050395545792717 1153956734 bright_1x1 mwm_galactic_core_dist_apogee_sparse mwm_galactic science 0 0 0.0 0.0 -999 ""
FIBERMAP 589 R-2C25 BOSS 0 0 0 1 0 0 288.3149292592636 -35.36664748361094 143.1 237.77490045507957 -166.7773199722231 61.836487 56.61279 -999.0 -999.0 -999.0 -999.0 -999.0 275.6660682162929 -7.1524250722644025 275.6805240272049 -7.129469365798906 40.33989201863675 137.75298767830324 -999.0 5400.0 -999.0 1 254 {-999.0 -999.0 -999.0 -999.0 -999.0} "" -999.0 -999.0 -999.0 -999.0 -999 -999 "" "" "" "" 0 0 0.0 0.0 -999 ""
FIBERMAP 589 R-2C25 METROLOGY 0 0 0 1 0 0 287.5649627841892 -35.364701054813615 143.1 237.11405627651195 -166.42295619420807 61.836487 56.61279 -999.0 -999.0 -999.0 -999.0 -999.0 275.66307507611515 -7.150804301186219 275.67756722522165 -7.127913313962348 40.342842410319285 137.75498798855207 -999.0 6231.0 -999.0 -1 -999 {-999.0 -999.0 -999.0 -999.0 -999.0} "" -999.0 -999.0 -999.0 -999.0 -999 -999 "" "" "" "" 0 0 0.0 0.0 -999 ""
FIBERMAP 592 R0C5 APOGEE 1 1 0 1 0 0 -189.52040372158763 17.186621839225776 143.1 -159.14859972240444 104.28075980343127 118.99883 35.021782 273.8598896074035 -5.92099408241543 -2.774145 -2.445107 0.23158063 273.8598815878847 -5.921001113039959 273.87214157725157 -5.903626497941608 42.36478430264902 138.81096281054516 16000.0 16600.0 2016.0 2 243 {-999.0 16.454119 14.589964 11.860197 -999.0} sdss_psfmag_gaia 14.873336 12.5742035 11.215119 7.544 63050395555989791 1154743856 bright_1x1 mwm_galactic_core_dist_apogee_sparse mwm_galactic science 0 0 0.0 0.0 -999 ""
FIBERMAP 592 R0C5 BOSS 0 0 0 1 0 0 -188.84609392675029 16.881322134569047 143.1 -158.69715546994863 103.6942965287163 118.99883 35.021782 -999.0 -999.0 -999.0 -999.0 -999.0 273.8619931328309 -5.923816989336822 273.8741340435281 -5.906249653564735 42.36150189372577 138.81071106605094 -999.0 5400.0 -999.0 1 495 {-999.0 -999.0 -999.0 -999.0 -999.0} "" -999.0 -999.0 -999.0 -999.0 -999 -999 "" "" "" "" 0 0 0.0 0.0 -999 ""
FIBERMAP 592 R0C5 METROLOGY 0 0 0 1 0 0 -189.42903755019688 16.424334653653435 143.1 -159.42641922617528 103.56516692777853 118.99883 35.021782 -999.0 -999.0 -999.0 -999.0 -999.0 273.85864992623254 -5.924352940844102 273.8708289222385 -5.906846977345615 42.36283585985607 138.814857189857 -999.0 6231.0 -999.0 -1 -999 {-999.0 -999.0 -999.0 -999.0 -999.0} "" -999.0 -999.0 -999.0 -999.0 -999 -999 "" "" "" "" 0 0 0.0 0.0 -999 ""
FIBERMAP 594 R+1C22 APOGEE 1 1 0 1 0 0 192.77077236667208 28.64920923298038 143.1 183.56942104835488 -65.36427009253515 43.852776 145.20322 275.42374897851465 -6.695373948539888 -2.7426496 -8.039875 0.105790965 275.4237410381877 -6.695397066278008 275.4373070075961 -6.673496119960564 40.852174954725974 137.6720400133556 16000.0 16600.0 2016.0 2 86 {-999.0 18.515451 16.029243 14.748262 -999.0} sdss_psfmag_ps1 17.147346 15.292618 14.001764 10.518 63050395546910449 1153961520 bright_1x1 mwm_galactic_core_dist_apogee_sparse mwm_galactic science 0 0 0.0 0.0 -999 ""
FIBERMAP 594 R+1C22 BOSS 0 0 0 1 0 0 193.50092645387954 28.74109812969808 143.1 184.25690594302847 -65.62651885237317 43.852776 145.20322 -999.0 -999.0 -999.0 -999.0 -999.0 275.427041895876 -6.696793850220024 275.4404745423119 -6.674689611563074 40.84940083320613 137.66952248186647 -999.0 5400.0 -999.0 1 235 {-999.0 -999.0 -999.0 -999.0 -999.0} "" -999.0 -999.0 -999.0 -999.0 -999 -999 "" "" "" "" 0 0 0.0 0.0 -999 ""
FIBERMAP 594 R+1C22 METROLOGY 0 0 0 1 0 0 193.22984528429973 28.052417123651956 143.1 183.69387902765988 -66.10673415546484 43.852776 145.20322 -999.0 -999.0 -999.0 -999.0 -999.0 275.4244310239628 -6.698917769010968 275.43790834453523 -6.676874484510247 40.849058849262164 137.67393744381087 -999.0 6231.0 -999.0 -1 -999 {-999.0 -999.0 -999.0 -999.0 -999.0} "" -999.0 -999.0 -999.0 -999.0 -999 -999 "" "" "" "" 0 0 0.0 0.0 -999 ""
FIBERMAP 597 R+1C2 APOGEE 0 0 0 1 0 0 -272.9147223257675 12.441435226299767 143.1 -234.96578655722206 139.30702427452448 228.85106 90.12403 -999.0 -999.0 -999.0 -999.0 -999.0 273.518872782409 -5.763061942106011 273.5308682033285 -5.746666532457413 42.68381841108327 139.07588880222926 -999.0 16600.0 -999.0 2 -999 {-999.0 -999.0 -999.0 -999.0 -999.0} "" -999.0 -999.0 -999.0 -999.0 -999 -999 "" "" "" "" 0 0 0.0 0.0 -999 ""
FIBERMAP 597 R+1C2 BOSS 1 1 0 1 0 0 -273.4977031725183 12.941482173453393 143.1 -235.2450702048508 140.02238532264928 228.85106 90.12403 273.5177764491491 -5.760011139423909 1.521653 -6.4750967 0.43401828 273.5177808466912 -5.760029757821529 273.529646136335 -5.743454322778768 42.687166603789684 139.07484710478175 5400.0 5400.0 2016.0 1 11 {-999.0 17.644077 16.48708 15.891416 15.459506} sdss_psfmag_from_ps1dr2 17.1871 16.4307 15.5205 13.875 63050395556059190 1040020454 "" ops_std_boss_ps1dr2 ops_std standard_boss 0 0 0.0 0.0 -999 ""
FIBERMAP 597 R+1C2 METROLOGY 0 0 0 1 0 0 -272.7788221788468 13.175051700064301 143.1 -234.50091201566138 139.89045426270428 228.85106 90.12403 -999.0 -999.0 -999.0 -999.0 -999.0 273.52108026650944 -5.760562539281832 273.53298044860094 -5.744030293315756 42.684850236265405 139.07152250236655 -999.0 6231.0 -999.0 -1 -999 {-999.0 -999.0 -999.0 -999.0 -999.0} "" -999.0 -999.0 -999.0 -999.0 -999 -999 "" "" "" "" 0 0 0.0 0.0 -999 ""
FIBERMAP 598 R+11C9 APOGEE 1 1 0 1 0 0 26.362134241200994 227.6144193427673 143.1 130.2895151734227 188.44772727312755 102.94515 41.623554 275.18082078108625 -5.5438937303944495 -3.0762649 -6.5995574 0.118053086 275.18081189407013 -5.543912706664475 275.19163481222307 -5.523173016636129 41.93502830832182 137.06064963380996 16000.0 16600.0 2016.0 2 21 {-999.0 17.043507 14.570237 12.381947 -999.0} sdss_psfmag_from_g3xp 15.743139 13.06295 11.638053 7.76 63050395547683419 1152263324 bright_1x1 mwm_galactic_core_dist_apogee_sparse mwm_galactic science 0 0 0.0 0.0 -999 ""
FIBERMAP 598 R+11C9 BOSS 0 0 0 1 0 0 26.960731474535375 227.18976870301285 143.1 130.61803104586184 187.7915517453919 102.94515 41.623554 -999.0 -999.0 -999.0 -999.0 -999.0 275.18246617872325 -5.547031511102559 275.19316480404393 -5.526100292224207 41.9317579621998 137.06124006161937 -999.0 5400.0 -999.0 1 110 {-999.0 -999.0 -999.0 -999.0 -999.0} "" -999.0 -999.0 -999.0 -999.0 -999 -999 "" "" "" "" 0 0 0.0 0.0 -999 ""
FIBERMAP 598 R+11C9 METROLOGY 0 0 0 1 0 0 26.289872877312106 226.8700396849318 143.1 129.87573353889601 187.82487603160305 102.94515 41.623554 -999.0 -999.0 -999.0 -999.0 -999.0 275.17905539478534 -5.546812053879897 275.1897920334535 -5.525942691866167 41.9338187838762 137.06480867587075 -999.0 6231.0 -999.0 -1 -999 {-999.0 -999.0 -999.0 -999.0 -999.0} "" -999.0 -999.0 -999.0 -999.0 -999 -999 "" "" "" "" 0 0 0.0 0.0 -999 ""
FIBERMAP 599 R+2C11 APOGEE 1 1 0 1 0 0 -36.35223503972081 46.10487018378085 143.1 -10.39742895170749 57.7756659764149 25.539217 130.76318 274.5382978463101 -6.133671806150366 2.1102066 -5.4692607 0.13295804 274.53830394890264 -6.133687532381928 274.55083216964124 -6.114406614479498 41.812113372151096 138.21658910561328 16000.0 16600.0 2016.0 2 142 {-999.0 18.151417 15.592457 14.367634 -999.0} sdss_psfmag_ps1 16.764465 14.909616 13.638616 10.171 63050395547467903 1153963292 bright_1x1 mwm_galactic_core_dist_apogee_sparse mwm_galactic science 0 0 0.0 0.0 -999 ""
FIBERMAP 599 R+2C11 BOSS 0 0 0 1 0 0 -35.67108016281138 45.81052782632661 143.1 -9.934792378620562 57.1956526367082 25.539217 130.76318 -999.0 -999.0 -999.0 -999.0 -999.0 274.54054003501176 -6.136491699033328 274.55294502963943 -6.117015123893472 41.80877462509732 138.216232737536 -999.0 5400.0 -999.0 1 23 {-999.0 -999.0 -999.0 -999.0 -999.0} "" -999.0 -999.0 -999.0 -999.0 -999 -999 "" "" "" "" 0 0 0.0 0.0 -999 ""
FIBERMAP 599 R+2C11 METROLOGY 0 0 0 1 0 0 -36.26676334310735 45.359601722181736 143.1 -10.672447176330468 57.07786184992583 25.539217 130.76318 -999.0 -999.0 -999.0 -999.0 -999.0 274.5371230946856 -6.136971428171143 274.5495672443599 -6.1175571846101375 41.81021930135977 138.22036498399154 -999.0 6231.0 -999.0 -1 -999 {-999.0 -999.0 -999.0 -999.0 -999.0} "" -999.0 -999.0 -999.0 -999.0 -999 -999 "" "" "" "" 0 0 0.0 0.0 -999 ""
FIBERMAP 600 R+1C17 APOGEE 0 0 0 1 0 0 58.94619511869192 27.394978777014845 143.1 64.89481709370608 -3.5445197920915725 217.89806 40.50127 -999.0 -999.0 -999.0 -999.0 -999.0 274.8827166904301 -6.413893463228689 274.89580334550226 -6.393567116434634 41.38809691153169 138.04885208610654 -999.0 16600.0 -999.0 2 -999 {-999.0 -999.0 -999.0 -999.0 -999.0} "" -999.0 -999.0 -999.0 -999.0 -999 -999 "" "" "" "" 0 0 0.0 0.0 -999 ""
FIBERMAP 600 R+1C17 BOSS 1 1 0 1 0 0 59.07227299810846 28.160157497038963 143.1 65.36586568539161 -2.928621152734882 217.89806 40.50127 274.8850487562481 -6.411279862276594 -0.93422085 -1.8907051 2.1793618 274.8850460530976 -6.411285298782193 274.8979940090984 -6.3907628483564265 41.389177913881426 138.04434480016914 5400.0 5400.0 2016.0 1 191 {-999.0 16.900736 15.40746 14.75109 -999.0} sdss_psfmag_ps1 16.262913 15.274446 14.2912655 12.338 63050395547365228 1126836309 bright_1x1 openfibertargets_mwm_snc_further_ext_boss open_fiber science 0 0 0.0 0.0 -999 ""
FIBERMAP 600 R+1C17 METROLOGY 0 0 0 1 0 0 59.64746786239429 27.64969139831961 143.1 65.63337984390876 -3.6495148134582647 217.89806 40.50127 -999.0 -999.0 -999.0 -999.0 -999.0 274.88622167278965 -6.41451751884889 274.89921405059056 -6.394044701151652 41.385785767132035 138.0454866683336 -999.0 6231.0 -999.0 -1 -999 {-999.0 -999.0 -999.0 -999.0 -999.0} "" -999.0 -999.0 -999.0 -999.0 -999 -999 "" "" "" "" 0 0 0.0 0.0 -999 ""
FIBERMAP 604 R+7C14 APOGEE 1 1 0 1 0 0 92.62955183076606 120.50560867060173 143.1 138.39863027645134 62.776479584565706 11.969516 43.872513 275.21891335985043 -6.112864382474223 -3.813518 -3.0408325 0.22635387 275.2189023318119 -6.112873126039126 275.2311135131608 -6.091781205055227 41.44675096694233 137.45437943938856 16000.0 16600.0 2016.0 2 43 {-999.0 16.98826 14.848294 13.957562 -999.0} sdss_psfmag_ps1 15.861829 14.517814 13.123074 9.992 63050395547409522 1153963188 bright_1x1 mwm_galactic_core_dist_apogee_sparse mwm_galactic science 0 0 0.0 0.0 -999 ""
FIBERMAP 604 R+7C14 BOSS 0 0 0 1 0 0 92.20007055177555 119.91446687468999 143.1 137.74169792986487 62.45681372491506 11.969516 43.872513 -999.0 -999.0 -999.0 -999.0 -999.0 275.2160951609493 -6.114482469656024 275.2281785396219 -6.0932078217652315 41.44724929126281 137.45866188471732 -999.0 5400.0 -999.0 1 160 {-999.0 -999.0 -999.0 -999.0 -999.0} "" -999.0 -999.0 -999.0 -999.0 -999 -999 "" "" "" "" 0 0 0.0 0.0 -999 ""
FIBERMAP 604 R+7C14 METROLOGY 0 0 0 1 0 0 91.88116893402744 120.5885160489893 143.1 137.77725256256534 63.201537493387455 11.969516 43.872513 -999.0 -999.0 -999.0 -999.0 -999.0 275.21620813617585 -6.11104939617072 275.22832065438604 -6.089829697564694 41.44993992398416 137.45593026771726 -999.0 6231.0 -999.0 -1 -999 {-999.0 -999.0 -999.0 -999.0 -999.0} "" -999.0 -999.0 -999.0 -999.0 -999 -999 "" "" "" "" 0 0 0.0 0.0 -999 ""
FIBERMAP 605 R+13C13 APOGEE 1 1 0 1 0 0 135.12866058716068 253.53887790111452 143.1 238.45359979576037 160.1793223614629 1.4256362 123.54933 275.66978134183427 -5.675013908652889 -2.567876 -7.3424387 0.19782338 275.6697739218339 -5.67503502099287 275.68072821154806 -5.652930801018783 41.547830422478015 136.6287379616492 16000.0 16600.0 2016.0 2 103 {-999.0 17.71654 15.739481 13.668055 -999.0} sdss_psfmag_gaia 16.368887 14.403631 13.105313 9.691 63050395547573303 1154743575 bright_1x1 mwm_galactic_core_dist_apogee_sparse mwm_galactic science 0 0 0.0 0.0 -999 ""
FIBERMAP 605 R+13C13 BOSS 0 0 0 1 0 0 135.5252359743118 252.91549701871628 143.1 238.51040840259378 159.442784097324 1.4256362 123.54933 -999.0 -999.0 -999.0 -999.0 -999.0 275.67017802924715 -5.678541874035489 275.6810065105475 -5.656247530438139 41.544968489104754 136.63100812916926 -999.0 5400.0 -999.0 1 91 {-999.0 -999.0 -999.0 -999.0 -999.0} "" -999.0 -999.0 -999.0 -999.0 -999 -999 "" "" "" "" 0 0 0.0 0.0 -999 ""
FIBERMAP 605 R+13C13 METROLOGY 0 0 0 1 0 0 134.7839174249355 252.87245793071762 143.1 237.83604211458558 159.753386921442 1.4256362 123.54933 -999.0 -999.0 -999.0 -999.0 -999.0 275.66710622401877 -5.67706476879181 275.67797034455236 -5.654832438628701 41.5478741364174 136.63319895897845 -999.0 6231.0 -999.0 -1 -999 {-999.0 -999.0 -999.0 -999.0 -999.0} "" -999.0 -999.0 -999.0 -999.0 -999 -999 "" "" "" "" 0 0 0.0 0.0 -999 ""
FIBERMAP 610 R-4C21 APOGEE 1 1 0 1 0 0 206.09879525125712 -56.85593076839305 143.1 155.12398333927996 -147.07980219469616 142.4473 35.93947 275.2927668209348 -7.065725723688376 -3.2894762 -9.38994 0.020315941 275.29275729004246 -7.065752723384132 275.3072898426027 -7.044034558991295 40.62053963578679 138.090022698171 16000.0 16600.0 2016.0 2 232 {-999.0 20.231482 17.394575 15.5217705 -999.0} sdss_psfmag_ps1 18.651915 16.053436 14.631748 10.621 63050395546338391 1153959603 bright_1x1 mwm_galactic_core_dist_apogee_sparse mwm_galactic science 0 0 0.0 0.0 -999 ""
FIBERMAP 610 R-4C21 BOSS 0 0 0 1 0 0 206.84527523535755 -56.87724181002281 143.1 155.7726455374702 -147.449613619092 142.4473 35.93947 -999.0 -999.0 -999.0 -999.0 -999.0 275.29586512027845 -7.067639360506843 275.31026542883944 -7.0457159128170685 40.61748212884383 138.0880688741928 -999.0 5400.0 -999.0 1 279 {-999.0 -999.0 -999.0 -999.0 -999.0} "" -999.0 -999.0 -999.0 -999.0 -999 -999 "" "" "" "" 0 0 0.0 0.0 -999 ""
FIBERMAP 610 R-4C21 METROLOGY 0 0 0 1 0 0 206.43117247484952 -57.522104611830216 143.1 155.10402249059493 -147.82391333292168 142.4473 35.93947 -999.0 -999.0 -999.0 -999.0 -999.0 275.29276938375796 -7.069278802082239 275.3072134441169 -7.047418469607458 40.6177926907065 138.0926280453811 -999.0 6231.0 -999.0 -1 -999 {-999.0 -999.0 -999.0 -999.0 -999.0} "" -999.0 -999.0 -999.0 -999.0 -999 -999 "" "" "" "" 0 0 0.0 0.0 -999 ""
FIBERMAP 613 R0C25 APOGEE 1 1 0 1 0 0 262.09083077895787 -2.3244229448453453 143.1 230.17212498006847 -125.29035339591172 12.925423 94.61231 275.6332397460937 -6.965799256640025 -999.0 -999.0 -999.0 275.6332397460937 -6.965799256640024 275.64738707202633 -6.943214329693482 40.51165328570802 137.64896473758813 16000.0 16600.0 2015.5 2 35 {-999.0 -999.0 -999.0 -999.0 -999.0} "" -999.0 -999.0 -999.0 -999.0 27021603148790596 848999799 "" ops_sky_apogee_good ops_sky sky_apogee 0 0 0.0 0.0 -999 ""
FIBERMAP 613 R0C25 BOSS 0 0 0 1 0 0 262.31538088694754 -3.0347419715867834 143.1 230.03626129170485 -126.02271555558015 12.925423 94.61231 -999.0 -999.0 -999.0 -999.0 -999.0 275.63275197379187 -6.969307524223403 275.6467708986812 -6.946526226813182 40.50928261557153 137.65211120619847 -999.0 5400.0 -999.0 1 172 {-999.0 -999.0 -999.0 -999.0 -999.0} "" -999.0 -999.0 -999.0 -999.0 -999 -999 "" "" "" "" 0 0 0.0 0.0 -999 ""
FIBERMAP 613 R0C25 METROLOGY 0 0 0 1 0 0 261.5815798551953 -2.8780574371399035 143.1 229.46244160498472 -125.53941439310455 12.925423 94.61231 -999.0 -999.0 -999.0 -999.0 -999.0 275.6301396188665 -6.9670857462666955 275.64419304934756 -6.944368043201308 40.512515129620716 137.65325540021843 -999.0 6231.0 -999.0 -1 -999 {-999.0 -999.0 -999.0 -999.0 -999.0} "" -999.0 -999.0 -999.0 -999.0 -999 -999 "" "" "" "" 0 0 0.0 0.0 -999 ""
FIBERMAP 614 R+1C11 APOGEE 1 1 0 1 0 0 -63.37937738811815 31.824368740954057 143.1 -40.96070411472169 57.883357172987935 130.40051 106.15621 274.39830631311406 -6.1328110214406495 -1.56822 -6.156055 0.13076212 274.398301777922 -6.132828722470382 274.41088180493205 -6.1139224979418785 41.89080882309429 138.37066255795608 16000.0 16600.0 2016.0 2 134 {-999.0 18.609806 15.982984 14.426109 -999.0} sdss_psfmag_ps1 17.22066 14.967784 13.608927 9.846 63050395546712191 1153961188 bright_1x1 mwm_galactic_core_dist_apogee_sparse mwm_galactic science 0 0 0.0 0.0 -999 ""
FIBERMAP 614 R+1C11 BOSS 0 0 0 1 0 0 -62.97077304088981 32.4478287646294 143.1 -40.30699671701305 58.24135683143351 130.40051 106.15621 -999.0 -999.0 -999.0 -999.0 -999.0 274.40140751640007 -6.131364341844349 274.4138541778382 -6.112262298520214 41.89052178214723 138.36612525001573 -999.0 5400.0 -999.0 1 31 {-999.0 -999.0 -999.0 -999.0 -999.0} "" -999.0 -999.0 -999.0 -999.0 -999 -999 "" "" "" "" 0 0 0.0 0.0 -999 ""
FIBERMAP 614 R+1C11 METROLOGY 0 0 0 1 0 0 -62.62555619911121 31.774255873212965 143.1 -40.319107226037886 57.48467948714572 130.40051 106.15621 -999.0 -999.0 -999.0 -999.0 -999.0 274.4013085503184 -6.134761613069918 274.41380007593943 -6.115711647704891 41.88769853658952 138.36878829109637 -999.0 6231.0 -999.0 -1 -999 {-999.0 -999.0 -999.0 -999.0 -999.0} "" -999.0 -999.0 -999.0 -999.0 -999 -999 "" "" "" "" 0 0 0.0 0.0 -999 ""
FIBERMAP 615 R-10C5 APOGEE 0 0 0 1 0 0 -90.03233945460372 -206.48927176214994 143.1 -176.5377870693138 -139.86845405349519 262.50488 123.216896 -999.0 -999.0 -999.0 -999.0 -999.0 273.7772092258177 -7.02848968043434 273.79224826549944 -7.010846736541926 41.48551891401713 139.7217172971102 -999.0 16600.0 -999.0 2 -999 {-999.0 -999.0 -999.0 -999.0 -999.0} "" -999.0 -999.0 -999.0 -999.0 -999 -999 "" "" "" "" 0 0 0.0 0.0 -999 ""
FIBERMAP 615 R-10C5 BOSS 1 1 0 1 0 0 -90.68948631168591 -206.83476593246303 143.1 -177.28010072609416 -139.86431204017737 262.50488 123.216896 273.77393669635404 -7.0286515199189195 0.3229737 -1.37814 0.23632418 273.7739376320596 -7.028655482602286 273.78885107741314 -7.010828182525203 41.487381175671054 139.7254696159609 5400.0 5400.0 2016.0 1 348 {-999.0 16.423706 15.167125 14.648896 -999.0} sdss_psfmag_ps1 15.897317 15.000882 14.054182 12.26 63050395546501700 1093371811 bright_3x1 mwm_astar_core_boss mwm_ob science 0 0 0.0 0.0 -999 ""
FIBERMAP 615 R-10C5 METROLOGY 0 0 0 1 0 0 -90.658830109532 -206.08409101260807 143.1 -176.90007074293828 -139.21634253671 262.50488 123.216896 -999.0 -999.0 -999.0 -999.0 -999.0 273.77562855738415 -7.0256865222716804 273.79057001687454 -7.0079107553519275 41.48888767590137 139.72143097300133 -999.0 6231.0 -999.0 -1 -999 {-999.0 -999.0 -999.0 -999.0 -999.0} "" -999.0 -999.0 -999.0 -999.0 -999 -999 "" "" "" "" 0 0 0.0 0.0 -999 ""
FIBERMAP 619 R+7C12 APOGEE 1 1 0 1 0 0 41.37027320635384 154.42322145758266 143.1 109.11680054930966 116.80781957509375 120.240005 50.64504 275.0852555368009 -5.867062499706901 -1.2223752 -6.7569966 0.10865152 275.0852520034929 -5.8670819286754305 275.09690926207736 -5.84645603105603 41.7243318262659 137.41318696177123 16000.0 16600.0 2016.0 2 6 {-999.0 19.100477 16.439459 15.059725 -999.0} sdss_psfmag_ps1 17.614994 15.622907 14.314243 10.65 63050395547445212 1153963313 bright_1x1 mwm_galactic_core_dist_apogee_sparse mwm_galactic science 0 0 0.0 0.0 -999 ""
FIBERMAP 619 R+7C12 BOSS 0 0 0 1 0 0 42.0960617151224 154.29578419799344 143.1 109.6973026414611 116.35409339604496 120.240005 50.64504 -999.0 -999.0 -999.0 -999.0 -999.0 275.08807151348753 -5.869296745905914 275.09960154997304 -5.848474656527736 41.721144054002266 137.41179067646667 -999.0 5400.0 -999.0 1 138 {-999.0 -999.0 -999.0 -999.0 -999.0} "" -999.0 -999.0 -999.0 -999.0 -999 -999 "" "" "" "" 0 0 0.0 0.0 -999 ""
FIBERMAP 619 R+7C12 METROLOGY 0 0 0 1 0 0 41.62074323253135 153.7142419133136 143.1 109.00443806284883 116.06445139342449 120.240005 50.64504 -999.0 -999.0 -999.0 -999.0 -999.0 275.08486912477815 -5.870551263149427 275.09644080362443 -5.8497903701312195 41.721863365515624 137.41625444412077 -999.0 6231.0 -999.0 -1 -999 {-999.0 -999.0 -999.0 -999.0 -999.0} "" -999.0 -999.0 -999.0 -999.0 -999 -999 "" "" "" "" 0 0 0.0 0.0 -999 ""
FIBERMAP 623 R+6C11 APOGEE 0 0 0 1 0 0 0.8793383977637494 98.26700213736905 143.1 46.98263745458457 86.29588273674695 307.98022 76.19191 -999.0 -999.0 -999.0 -999.0 -999.0 274.80134669884535 -6.004636894093161 274.8134540709908 -5.984709529835274 41.77137470177221 137.82932703032992 -999.0 16600.0 -999.0 2 -999 {-999.0 -999.0 -999.0 -999.0 -999.0} "" -999.0 -999.0 -999.0 -999.0 -999 -999 "" "" "" "" 0 0 0.0 0.0 -999 ""
FIBERMAP 623 R+6C11 BOSS 1 1 0 1 0 0 0.1851797666014798 97.94027568688233 143.1 46.216490034260296 86.33398864126409 307.98022 76.19191 274.7980004666891 -6.004578531344223 -2.4880295 -7.300425 1.9039152 274.7979932731786 -6.00459952287879 274.80997188922674 -5.984492972269189 41.77351867683503 137.83298535432468 5400.0 5400.0 2016.0 1 136 {-999.0 18.098167 16.304644 15.345404 -999.0} sdss_psfmag_ps1 17.278343 15.95444 14.836002 12.378 63050395547476281 939085238 bright_1x1 openfibertargets_nov2020_34a open_fiber science 0 0 0.0 0.0 -999 ""
FIBERMAP 623 R+6C11 METROLOGY 0 0 0 1 0 0 0.25932710906129114 98.68202982607585 143.1 46.63070126760346 86.95363634623298 307.98022 76.19191 -999.0 -999.0 -999.0 -999.0 -999.0 274.79985197895155 -6.001741774823007 274.81185937165594 -5.981684937692994 41.77476507571109 137.82877587763232 -999.0 6231.0 -999.0 -1 -999 {-999.0 -999.0 -999.0 -999.0 -999.0} "" -999.0 -999.0 -999.0 -999.0 -999 -999 "" "" "" "" 0 0 0.0 0.0 -999 ""
FIBERMAP 624 R-5C1 APOGEE 1 1 0 1 0 0 -230.54870591969015 -112.58129990341926 143.1 -256.37033228542236 9.067614910657339 308.36063 93.799 273.41768600819825 -6.351530248711643 -0.78439295 -6.965705 0.07919644 273.41768373883656 -6.351550277796907 273.43117791079675 -6.335168939794495 42.24724450137818 139.62748375214446 16000.0 16600.0 2016.0 2 241 {-999.0 18.302837 15.736101 14.514539 -999.0} sdss_psfmag_ps1 16.952614 14.9310055 13.620222 10.112 63050395555929291 1153970809 bright_1x1 mwm_galactic_core_dist_apogee_sparse mwm_galactic science 0 0 0.0 0.0 -999 ""
FIBERMAP 624 R-5C1 BOSS 0 0 0 1 0 0 -231.08004464926887 -113.10020903285368 143.1 -257.08317719332325 8.859581105393673 308.36063 93.799 -999.0 -999.0 -999.0 -999.0 -999.0 273.41458696197003 -6.352665575043454 273.42796120324397 -6.3361041209456275 42.2482142676104 139.63178874939297 -999.0 5400.0 -999.0 1 498 {-999.0 -999.0 -999.0 -999.0 -999.0} "" -999.0 -999.0 -999.0 -999.0 -999 -999 "" "" "" "" 0 0 0.0 0.0 -999 ""
FIBERMAP 624 R-5C1 METROLOGY 0 0 0 1 0 0 -231.27645523233238 -112.38865749378286 143.1 -256.9219040536964 9.579799159450015 308.36063 93.799 -999.0 -999.0 -999.0 -999.0 -999.0 273.41529759338715 -6.349355372733863 273.4286984475639 -6.33284673693558 42.250537453922945 139.62854923396063 -999.0 6231.0 -999.0 -1 -999 {-999.0 -999.0 -999.0 -999.0 -999.0} "" -999.0 -999.0 -999.0 -999.0 -999 -999 "" "" "" "" 0 0 0.0 0.0 -999 ""
FIBERMAP 627 R+5C4 APOGEE 0 0 0 1 0 0 -178.08972509720857 83.0631778988685 143.1 -118.08612216475515 157.03437828801304 261.55966 87.13418 -999.0 -999.0 -999.0 -999.0 -999.0 274.04830957705565 -5.682324024488043 274.05990728562483 -5.664549792662781 42.45867689993247 138.42019146172052 -999.0 16600.0 -999.0 2 -999 {-999.0 -999.0 -999.0 -999.0 -999.0} "" -999.0 -999.0 -999.0 -999.0 -999 -999 "" "" "" "" 0 0 0.0 0.0 -999 ""
FIBERMAP 627 R+5C4 BOSS 1 1 0 1 0 0 -178.83398678069142 83.19541793685038 143.1 -118.68066637188518 157.50102875164066 261.55966 87.13418 274.04571533203125 -5.68036128229177 -999.0 -999.0 -999.0 274.04571533203125 -5.680361282291769 274.05718349721263 -5.662410224585941 42.46196838565593 138.42160700765157 5400.0 5400.0 2015.5 1 37 {-999.0 -999.0 -999.0 -999.0 -999.0} "" -999.0 -999.0 -999.0 -999.0 27021603148964117 820586576 "" ops_sky_boss_good ops_sky sky_boss 0 0 0.0 0.0 -999 ""
FIBERMAP 627 R+5C4 METROLOGY 0 0 0 1 0 0 -178.34361041781335 83.76475057827756 143.1 -117.98025611079679 157.77281668701326 261.55966 87.13418 -999.0 -999.0 -999.0 -999.0 -999.0 274.0488808664052 -5.67908819411377 274.0603802955601 -5.661181550140398 42.46120162837681 138.4171027766919 -999.0 6231.0 -999.0 -1 -999 {-999.0 -999.0 -999.0 -999.0 -999.0} "" -999.0 -999.0 -999.0 -999.0 -999 -999 "" "" "" "" 0 0 0.0 0.0 -999 ""
FIBERMAP 630 R+11C4 APOGEE 1 1 0 1 0 0 -104.30122191090959 196.4301159581325 143.1 0.3307255218299396 222.37116317950344 287.47083 84.6055 274.58929126377575 -5.388516957788231 -0.12780015 -3.516722 0.17582963 274.58929089466994 -5.388527069718742 274.599957348474 -5.369435156258633 42.39830884990169 137.5934243832307 16000.0 16600.0 2016.0 2 26 {-999.0 18.864677 15.959781 14.649419 -999.0} sdss_psfmag_ps1 17.244677 15.118486 13.78932 10.045 63050395556440582 1153971581 bright_1x1 mwm_galactic_core_dist_apogee_sparse mwm_galactic science 0 0 0.0 0.0 -999 ""
FIBERMAP 630 R+11C4 BOSS 0 0 0 1 0 0 -105.03092626841094 196.28817120114914 143.1 -0.3798996071221205 222.58903191209748 287.47083 84.6055 -999.0 -999.0 -999.0 -999.0 -999.0 274.58618409177296 -5.387684766823108 274.5967217973621 -5.368417867366783 42.40097978025237 137.5962253271985 -999.0 5400.0 -999.0 1 145 {-999.0 -999.0 -999.0 -999.0 -999.0} "" -999.0 -999.0 -999.0 -999.0 -999 -999 "" "" "" "" 0 0 0.0 0.0 -999 ""
FIBERMAP 630 R+11C4 METROLOGY 0 0 0 1 0 0 -104.8053032578702 196.98864628596232 143.1 0.1485614604739409 223.10102929359417 287.47083 84.6055 -999.0 -999.0 -999.0 -999.0 -999.0 274.5885606988407 -5.385350132912903 274.5991279500987 -5.366129949967741 42.40149585131674 137.59179412780537 -999.0 6231.0 -999.0 -1 -999 {-999.0 -999.0 -999.0 -999.0 -999.0} "" -999.0 -999.0 -999.0 -999.0 -999 -999 "" "" "" "" 0 0 0.0 0.0 -999 ""
FIBERMAP 631 R-5C16 APOGEE 1 1 0 1 0 0 119.77525251415868 -94.63149383959444 143.1 61.1906787464875 -139.8216893589028 51.51758 65.0972 274.8640776040201 -7.03351975240279 -8.119227 -6.075258 0.086431146 274.864054081095 -7.033537221108891 274.87867961181587 -7.012982213377321 40.88590030366571 138.53082944335688 16000.0 16600.0 2016.0 2 202 {-999.0 18.86297 16.211443 14.546076 -999.0} sdss_psfmag_ps1 17.443153 15.113801 13.740627 9.905 63050395546402010 1153960028 bright_1x1 mwm_galactic_core_dist_apogee_sparse mwm_galactic science 0 0 0.0 0.0 -999 ""
FIBERMAP 631 R-5C16 BOSS 0 0 0 1 0 0 120.11812887954432 -95.29375715510237 143.1 61.18182097958745 -140.56728676966654 51.51758 65.0972 -999.0 -999.0 -999.0 -999.0 -999.0 274.86415730764276 -7.037163156305425 274.87865855518555 -7.016411163429355 40.883073568322416 138.53339687499462 -999.0 5400.0 -999.0 1 304 {-999.0 -999.0 -999.0 -999.0 -999.0} "" -999.0 -999.0 -999.0 -999.0 -999 -999 "" "" "" "" 0 0 0.0 0.0 -999 ""
FIBERMAP 631 R-5C16 METROLOGY 0 0 0 1 0 0 119.37834833184881 -95.26574604817611 143.1 60.542220744121586 -140.19471348845946 51.51758 65.0972 -999.0 -999.0 -999.0 -999.0 -999.0 274.86119308128434 -7.0354086841963 274.87572893666686 -7.0147207197472925 40.88610416848837 138.53532624517047 -999.0 6231.0 -999.0 -1 -999 {-999.0 -999.0 -999.0 -999.0 -999.0} "" -999.0 -999.0 -999.0 -999.0 -999 -999 "" "" "" "" 0 0 0.0 0.0 -999 ""
FIBERMAP 635 R+9C12 APOGEE 1 1 0 1 0 0 69.51347603400701 168.69953610567745 143.1 140.6629024160104 116.17164445580977 349.12527 102.64137 275.2289198090651 -5.870598362927507 -1.8542776 -4.6255827 -0.062098745 275.2289144491922 -5.870611663259797 275.2405241822103 -5.849600093396444 41.639913797650514 137.25880128944468 16000.0 16600.0 2016.0 2 25 {-999.0 18.808163 16.227844 14.737159 -999.0} sdss_psfmag_ps1 17.446106 15.309554 13.965025 10.387 63050395547448595 1153963326 bright_1x1 mwm_galactic_core_dist_apogee_sparse mwm_galactic science 0 0 0.0 0.0 -999 ""
FIBERMAP 635 R+9C12 BOSS 0 0 0 1 0 0 69.54113950510242 167.954444398545 143.1 140.33695817363648 115.50117865065799 349.12527 102.64137 -999.0 -999.0 -999.0 -999.0 -999.0 275.2276127267155 -5.873795777183116 275.23909849879635 -5.852598313896635 41.63827159175955 137.2626571531535 -999.0 5400.0 -999.0 1 140 {-999.0 -999.0 -999.0 -999.0 -999.0} "" -999.0 -999.0 -999.0 -999.0 -999 -999 "" "" "" "" 0 0 0.0 0.0 -999 ""
FIBERMAP 635 R+9C12 METROLOGY 0 0 0 1 0 0 68.88101159332032 168.29727353895638 143.1 139.91567475008733 116.11408880006628 349.12527 102.64137 -999.0 -999.0 -999.0 -999.0 -999.0 275.2256452311243 -5.870962981436395 275.2371623030066 -5.849825312324039 41.64164787087935 137.26263971914565 -999.0 6231.0 -999.0 -1 -999 {-999.0 -999.0 -999.0 -999.0 -999.0} "" -999.0 -999.0 -999.0 -999.0 -999 -999 "" "" "" "" 0 0 0.0 0.0 -999 ""
FIBERMAP 637 R-13C10 APOGEE 1 1 0 1 0 0 34.320179210453034 -255.84684643571444 143.1 -90.0196720945612 -241.89340503948804 262.9907 22.85595 274.17163820582056 -7.490736820039643 -3.3593001 -16.290365 -0.005652023 274.1716284633951 -7.490783661115624 274.1876613750816 -7.471875528096115 40.884869799128154 139.62197375281266 16000.0 16600.0 2016.0 2 181 {-999.0 18.71537 15.762059 13.766296 -999.0} sdss_psfmag_ps1 17.066498 14.036129 12.570505 8.372 63050395546240093 1153959251 bright_1x1 mwm_galactic_core_dist_apogee_sparse mwm_galactic science 0 0 0.0 0.0 -999 ""
FIBERMAP 637 R-13C10 BOSS 0 0 0 1 0 0 34.14231450436989 -255.122190808814 143.1 -89.83587259253792 -241.17034469960217 262.9907 22.85595 -999.0 -999.0 -999.0 -999.0 -999.0 274.1725856069784 -7.487771582234571 274.18848010839827 -7.468665398373466 40.887105983538426 139.61874364529695 -999.0 5400.0 -999.0 1 335 {-999.0 -999.0 -999.0 -999.0 -999.0} "" -999.0 -999.0 -999.0 -999.0 -999 -999 "" "" "" "" 0 0 0.0 0.0 -999 ""
FIBERMAP 637 R-13C10 METROLOGY 0 0 0 1 0 0 34.85465413001569 -255.32558544176214 143.1 -89.3029539741483 -241.68477067034388 262.9907 22.85595 -999.0 -999.0 -999.0 -999.0 -999.0 274.1749825328927 -7.490029996029042 274.19091867937016 -7.470972134460405 40.88385014124019 139.61774795743744 -999.0 6231.0 -999.0 -1 -999 {-999.0 -999.0 -999.0 -999.0 -999.0} "" -999.0 -999.0 -999.0 -999.0 -999 -999 "" "" "" "" 0 0 0.0 0.0 -999 ""
FIBERMAP 640 R-5C17 APOGEE 0 0 0 1 0 0 133.66686858866285 -109.0724907850439 143.1 66.65804845055409 -159.0962742284977 332.23422 94.12484 -999.0 -999.0 -999.0 -999.0 -999.0 274.8887477779065 -7.120778655197126 274.9035791333599 -7.100117880897824 40.79990135835243 138.568390838451 -999.0 16600.0 -999.0 2 -999 {-999.0 -999.0 -999.0 -999.0 -999.0} "" -999.0 -999.0 -999.0 -999.0 -999 -999 "" "" "" "" 0 0 0.0 0.0 -999 ""
FIBERMAP 640 R-5C17 BOSS 1 1 0 1 0 0 133.36632927394794 -109.77477854659006 143.1 66.06262998496972 -159.57464424031053 332.23422 94.12484 274.8861694335937 -7.123189282532223 -999.0 -999.0 -999.0 274.8861694335937 -7.123189282532223 274.9008742368942 -7.102338625266376 40.799567572188714 138.57297168474003 5400.0 5400.0 2015.5 1 300 {-999.0 -999.0 -999.0 -999.0 -999.0} "" -999.0 -999.0 -999.0 -999.0 27021603148784773 820563886 "" ops_sky_boss_good ops_sky sky_boss 0 0 0.0 0.0 -999 ""
FIBERMAP 640 R-5C17 METROLOGY 0 0 0 1 0 0 132.9278955728554 -109.17535410416315 143.1 65.95762151298354 -158.83956233624443 332.23422 94.12484 -999.0 -999.0 -999.0 -999.0 -999.0 274.8856605674588 -7.119800544978512 274.90039505593177 -7.099008266101119 40.80259180661768 138.57102504609338 -999.0 6231.0 -999.0 -1 -999 {-999.0 -999.0 -999.0 -999.0 -999.0} "" -999.0 -999.0 -999.0 -999.0 -999 -999 "" "" "" "" 0 0 0.0 0.0 -999 ""
FIBERMAP 641 R-8C16 APOGEE 0 0 0 1 0 0 121.79022287708196 -164.71100575958008 143.1 30.0161473712013 -202.60629449811745 235.32086 97.38469 -999.0 -999.0 -999.0 -999.0 -999.0 274.7203530234517 -7.316993129048401 274.7357372090139 -7.296694118451368 40.73000123112082 138.89577812899424 -999.0 16600.0 -999.0 2 -999 {-999.0 -999.0 -999.0 -999.0 -999.0} "" -999.0 -999.0 -999.0 -999.0 -999 -999 "" "" "" "" 0 0 0.0 0.0 -999 ""
FIBERMAP 641 R-8C16 BOSS 1 1 0 1 0 0 121.1131070911779 -164.3702605688143 143.1 29.578894190042313 -201.98723522415526 235.32086 97.38469 274.7185036068023 -7.314445269562289 -0.626709 -1.4252082 0.49412626 274.71850178998795 -7.314449367584972 274.7337474091225 -7.293959762687914 40.73337153463229 138.89592960211982 5400.0 5400.0 2016.0 1 307 {-999.0 17.372932 16.393373 15.756546 -999.0} sdss_psfmag_ps1 16.945719 16.153065 15.249725 13.593 63050395546352780 982153172 "" ops_std_boss_tic ops_std standard_boss 0 0 0.0 0.0 -999 ""
FIBERMAP 641 R-8C16 METROLOGY 0 0 0 1 0 0 121.74401525929926 -163.96634017250716 143.1 30.325528161962712 -201.92748493954704 235.32086 97.38469 -999.0 -999.0 -999.0 -999.0 -999.0 274.721879750344 -7.314119407415058 274.73716081688656 -7.2936766669029796 40.73171951500998 138.89201160662316 -999.0 6231.0 -999.0 -1 -999 {-999.0 -999.0 -999.0 -999.0 -999.0} "" -999.0 -999.0 -999.0 -999.0 -999 -999 "" "" "" "" 0 0 0.0 0.0 -999 ""
FIBERMAP 647 R-6C1 APOGEE 1 0 1 1 0 0 -223.5407052320159 -108.75845278679515 143.1 -248.38901114631173 9.145564709492417 10.003432 170.0581 273.46359162680955 -6.421842165893543 -5.3124256 -3.5163002 0.06915154 273.4535360927034 -6.351354096502687 273.46701635230454 -6.334877049103671 42.22795985680299 139.5870319983715 16000.0 16600.0 2016.0 2 261 {-999.0 18.129406 15.519614 16.129333 -999.0} sdss_psfmag_ps1 16.757313 14.130647 12.713697 8.749 63050395555913733 1153970655 bright_1x1 mwm_galactic_core_dist_apogee_sparse mwm_galactic science 0 0 0.0 0.0 -999 ""
FIBERMAP 647 R-6C1 BOSS 0 0 1 1 0 0 -222.8031802471664 -108.71581065497641 143.1 -247.71817889918506 8.836395412010615 10.003432 170.0581 -999.0 -999.0 -999.0 -999.0 -999.0 273.45664469040344 -6.352954868277647 273.47000368835506 -6.336280832965197 42.22515753590168 139.58471917162353 -999.0 5400.0 -999.0 1 499 {-999.0 -999.0 -999.0 -999.0 -999.0} "" -999.0 -999.0 -999.0 -999.0 -999 -999 "" "" "" "" 0 0 0.0 0.0 -999 ""
FIBERMAP 647 R-6C1 METROLOGY 0 0 1 1 0 0 -223.10167244412813 -109.39460423925014 143.1 -248.30074367871353 8.377793730085967 10.003432 170.0581 -999.0 -999.0 -999.0 -999.0 -999.0 273.45398630050164 -6.354967285331653 273.46738646025653 -6.338352735577207 42.22485184939703 139.58919102567242 -999.0 6231.0 -999.0 -1 -999 {-999.0 -999.0 -999.0 -999.0 -999.0} "" -999.0 -999.0 -999.0 -999.0 -999 -999 "" "" "" "" 0 0 0.0 0.0 -999 ""
FIBERMAP 648 R+10C6 APOGEE 0 0 0 1 0 0 -61.95699246008973 210.92056858813618 143.1 44.50829616444425 215.24638955045012 107.317276 77.06021 -999.0 -999.0 -999.0 -999.0 -999.0 274.7904654702213 -5.421221942122594 274.8011360163349 -5.401578562639942 42.25761359846056 137.3957630902098 -999.0 16600.0 -999.0 2 -999 {-999.0 -999.0 -999.0 -999.0 -999.0} "" -999.0 -999.0 -999.0 -999.0 -999 -999 "" "" "" "" 0 0 0.0 0.0 -999 ""
FIBERMAP 648 R+10C6 BOSS 1 1 0 1 0 0 -61.18356902805733 210.97102766867752 143.1 45.21448032977182 214.92723778766046 107.317276 77.06021 274.7938103096709 -5.42279503323091 2.6017022 -6.5868425 2.204699 274.79381782419904 -5.422813972940827 274.80436247003144 -5.4029765505145155 42.25463006528384 137.39328257234885 5400.0 5400.0 2016.0 1 119 {-999.0 19.31989 17.094221 15.869827 -999.0} sdss_psfmag_ps1 18.194162 16.48678 15.24446 12.182 63050395556438090 1035047834 bright_1x1 mwm_yso_pms_boss_sagitta_edr3_single mwm_yso science 0 0 0.0 0.0 -999 ""
FIBERMAP 648 R+10C6 METROLOGY 0 0 0 1 0 0 -61.53146855813938 210.30771347525817 143.1 44.59559790208295 214.50552701454757 107.317276 77.06021 -999.0 -999.0 -999.0 -999.0 -999.0 274.7909617989665 -5.424651184249117 274.80154819767336 -5.404872951640405 42.25467616756788 137.39785307713746 -999.0 6231.0 -999.0 -1 -999 {-999.0 -999.0 -999.0 -999.0 -999.0} "" -999.0 -999.0 -999.0 -999.0 -999 -999 "" "" "" "" 0 0 0.0 0.0 -999 ""
FIBERMAP 650 R-2C1 APOGEE 1 1 0 1 0 0 -252.93919855585582 -53.67536976007253 143.1 -248.4288605427005 71.57371304678958 24.09897 32.22836 273.4553007372675 -6.068785821898326 -0.65427136 -7.1139784 0.16802837 273.45529884538246 -6.068806277326937 273.46807681674824 -6.052448009331155 42.46334396347372 139.37585140367017 16000.0 16600.0 2016.0 2 275 {-999.0 17.937769 15.688169 13.731198 -999.0} sdss_psfmag_ps1 16.797066 14.085064 12.654889 8.796 63050395555951974 1153970853 bright_1x1 mwm_galactic_core_dist_apogee_sparse mwm_galactic science 0 0 0.0 0.0 -999 ""
FIBERMAP 650 R-2C1 BOSS 0 0 0 1 0 0 -253.3454389217231 -54.303615651757354 143.1 -249.0827323898982 71.2103788265977 24.09897 32.22836 -999.0 -999.0 -999.0 -999.0 -999.0 273.4524586751244 -6.070629019244103 273.4651187794276 -6.05409142749687 42.46359145649105 139.38040659900926 -999.0 5400.0 -999.0 1 426 {-999.0 -999.0 -999.0 -999.0 -999.0} "" -999.0 -999.0 -999.0 -999.0 -999 -999 "" "" "" "" 0 0 0.0 0.0 -999 ""
FIBERMAP 650 R-2C1 METROLOGY 0 0 0 1 0 0 -253.68496940136995 -53.643261930211985 143.1 -249.0718201842249 71.95271795045498 24.09897 32.22836 -999.0 -999.0 -999.0 -999.0 -999.0 273.4525060895258 -6.067221343133146 273.4651926980497 -6.050737870446574 42.46635060022587 139.37782071243146 -999.0 6231.0 -999.0 -1 -999 {-999.0 -999.0 -999.0 -999.0 -999.0} "" -999.0 -999.0 -999.0 -999.0 -999 -999 "" "" "" "" 0 0 0.0 0.0 -999 ""
FIBERMAP 654 R+12C14 APOGEE 1 1 0 1 0 0 141.34268471632384 227.4079927634432 143.1 231.64960182908538 134.199878564612 278.49554 153.1603 275.6401062011719 -5.7916587050195005 -999.0 -999.0 -999.0 275.6401062011719 -5.791658705019501 275.65135924663036 -5.769582404163435 41.4697174527081 136.7508349092225 16000.0 16600.0 2015.5 2 91 {-999.0 -999.0 -999.0 -999.0 -999.0} "" -999.0 -999.0 -999.0 -999.0 27021603148798224 849000122 "" ops_sky_apogee_good ops_sky sky_apogee 0 0 0.0 0.0 -999 ""
FIBERMAP 654 R+12C14 BOSS 0 0 0 1 0 0 141.09832282619115 226.7076994367578 143.1 231.1046913145007 133.69685288587127 278.49554 153.1603 -999.0 -999.0 -999.0 -999.0 -999.0 275.6378126774106 -5.794091705992906 275.64893828117397 -5.771832254161692 41.46927797015646 136.7551943703729 -999.0 5400.0 -999.0 1 89 {-999.0 -999.0 -999.0 -999.0 -999.0} "" -999.0 -999.0 -999.0 -999.0 -999 -999 "" "" "" "" 0 0 0.0 0.0 -999 ""
FIBERMAP 654 R+12C14 METROLOGY 0 0 0 1 0 0 140.60151661115844 227.26994544247447 143.1 230.93069389428067 134.42657677580578 278.49554 153.1603 -999.0 -999.0 -999.0 -999.0 -999.0 275.63696869670486 -5.790745795218758 275.6481244813625 -5.768543431244154 41.47242817194647 136.7535338029119 -999.0 6231.0 -999.0 -1 -999 {-999.0 -999.0 -999.0 -999.0 -999.0} "" -999.0 -999.0 -999.0 -999.0 -999 -999 "" "" "" "" 0 0 0.0 0.0 -999 ""
FIBERMAP 660 R+8C18 APOGEE 0 0 0 1 0 0 172.6345017629567 139.27138880378206 143.1 217.8177960774373 41.715516816010904 276.6523 85.53156 -999.0 -999.0 -999.0 -999.0 -999.0 275.5793932256837 -6.209555646804648 275.59169940781874 -6.187456215801039 41.16273650637061 137.13649383283717 -999.0 16600.0 -999.0 2 -999 {-999.0 -999.0 -999.0 -999.0 -999.0} "" -999.0 -999.0 -999.0 -999.0 -999 -999 "" "" "" "" 0 0 0.0 0.0 -999 ""
FIBERMAP 660 R+8C18 BOSS 1 1 0 1 0 0 171.87854861852412 139.23543355679843 143.1 217.13384737312356 42.03925173913173 276.6523 85.53156 275.57614233580006 -6.2082522937857005 -1.8518316 -3.8054254 0.5842374 275.5764766956589 -6.208263235849807 275.58864594934784 -6.185981315743162 41.165689412342964 137.1386647189374 5400.0 5400.0 2016.0 1 239 {-999.0 13.414425 12.740929 12.389007 -999.0} sdss_psfmag_from_g3xp 13.214729 12.710933 12.020738 11.022 63050395547014309 1127925448 bright_1x1 openfibertargets_mwm_more_ob_boss open_fiber science 0 0 1.2158052921295166 0.0 -999 ""
FIBERMAP 660 R+8C18 METROLOGY 0 0 0 1 0 0 172.23286441714805 139.90015698281437 143.1 217.75905406588333 42.45918896593809 276.6523 85.53156 -999.0 -999.0 -999.0 -999.0 -999.0 275.5792512590692 -6.206314454045279 275.59145274890614 -6.184080101778502 41.16563888909333 137.13417992826427 -999.0 6231.0 -999.0 -1 -999 {-999.0 -999.0 -999.0 -999.0 -999.0} "" -999.0 -999.0 -999.0 -999.0 -999 -999 "" "" "" "" 0 0 0.0 0.0 -999 ""
FIBERMAP 661 R-11C8 APOGEE 1 1 0 1 0 0 -10.87292696496886 -235.60097401325092 143.1 -120.37747203086649 -202.77821995599882 349.71457 15.402234 274.03303411528975 -7.314306339133234 -2.809286 -2.6729958 0.10158733 274.033025971239 -7.314314025025909 274.0486754000099 -7.29585739050812 41.107663838821836 139.64652044003583 16000.0 16600.0 2016.0 2 158 {-999.0 18.075808 16.161789 13.639744 -999.0} sdss_psfmag_gaia 16.56231 14.363363 13.020019 9.198 63050395546481443 1154743421 bright_1x1 mwm_galactic_core_dist_apogee_sparse mwm_galactic science 0 0 0.0 0.0 -999 ""
FIBERMAP 661 R-11C8 BOSS 0 0 0 1 0 0 -11.612198826357986 -235.70015293667876 143.1 -121.07643020338676 -202.51811648502212 349.71457 15.402234 -999.0 -999.0 -999.0 -999.0 -999.0 274.0299529494819 -7.313340068774033 274.04547179056476 -7.294696700890674 41.110378278396254 139.6492001926959 -999.0 5400.0 -999.0 1 360 {-999.0 -999.0 -999.0 -999.0 -999.0} "" -999.0 -999.0 -999.0 -999.0 -999 -999 "" "" "" "" 0 0 0.0 0.0 -999 ""
FIBERMAP 661 R-11C8 METROLOGY 0 0 0 1 0 0 -11.3247724830285 -235.00641934263027 143.1 -120.49660473837393 -202.04112861549424 349.71457 15.402234 -999.0 -999.0 -999.0 -999.0 -999.0 274.03255705373203 -7.311159881463838 274.04810611950165 -7.292565912657572 41.11072506209076 139.64474891660947 -999.0 6231.0 -999.0 -1 -999 {-999.0 -999.0 -999.0 -999.0 -999.0} "" -999.0 -999.0 -999.0 -999.0 -999 -999 "" "" "" "" 0 0 0.0 0.0 -999 ""
FIBERMAP 663 R0C1 APOGEE 1 1 0 1 0 0 -299.9234579462626 -19.04472230960444 143.1 -273.603195636535 124.22404168687729 302.58725 45.275955 273.34516456482544 -5.831426950215663 -4.947927 -4.237767 0.2146556 273.34515026362186 -5.831439135428896 273.35737966011635 -5.815477956596349 42.72177619517616 139.32340993057898 16000.0 16600.0 2016.0 2 277 {-999.0 17.338585 15.255972 14.245059 -999.0} sdss_psfmag_ps1 16.262745 14.736989 13.556936 10.571 63050395556057333 1153970874 bright_1x1 mwm_galactic_core_dist_apogee_sparse mwm_galactic science 0 0 0.0 0.0 -999 ""
FIBERMAP 663 R0C1 BOSS 0 0 0 1 0 0 -300.65307603262744 -18.90511742735216 143.1 -274.1813554802679 124.6903051266189 302.58725 45.275955 -999.0 -999.0 -999.0 -999.0 -999.0 273.3427490709068 -5.829547341198826 273.3548522860897 -5.813409024137729 42.72488804426611 139.324714845516 -999.0 5400.0 -999.0 1 424 {-999.0 -999.0 -999.0 -999.0 -999.0} "" -999.0 -999.0 -999.0 -999.0 -999 -999 "" "" "" "" 0 0 0.0 0.0 -999 ""
FIBERMAP 663 R0C1 METROLOGY 0 0 0 1 0 0 -300.17734493121117 -18.331884569910624 143.1 -273.4920340389554 124.97242099249125 302.58725 45.275955 -999.0 -999.0 -999.0 -999.0 -999.0 273.3458019701543 -5.828215830914471 273.3579354127236 -5.812122192841387 42.72427215718627 139.32026527554885 -999.0 6231.0 -999.0 -1 -999 {-999.0 -999.0 -999.0 -999.0 -999.0} "" -999.0 -999.0 -999.0 -999.0 -999 -999 "" "" "" "" 0 0 0.0 0.0 -999 ""
FIBERMAP 664 R+7C5 APOGEE 1 1 0 1 0 0 -134.71833247105448 148.87499265518733 143.1 -48.87006932776693 194.7118334430431 160.5694 83.846794 274.3646184507613 -5.512429117768108 1.4354064 -16.522362 3.6772852 274.36462259728427 -5.5124766259236 274.37568135859436 -5.493930899995602 42.422587492017946 137.938089702118 16000.0 16600.0 2016.0 2 117 {-999.0 9.134627 8.917895 8.799679 -999.0} sdss_psfmag_from_g3xp 9.130351 8.88554 8.464813 7.882 63050395556417669 975044637 "" ops_std_apogee ops_std standard_apogee 0 0 0.0 0.0 -999 ""
FIBERMAP 664 R+7C5 BOSS 0 0 0 1 0 0 -134.3918327053912 149.53934433062062 143.1 -48.2695818977101 195.14452218788927 160.5694 83.846794 -999.0 -999.0 -999.0 -999.0 -999.0 274.3674844486059 -5.510666999532379 274.3784099692115 -5.491930590299307 42.42269943258319 137.933522696571 -999.0 5400.0 -999.0 1 56 {-999.0 -999.0 -999.0 -999.0 -999.0} "" -999.0 -999.0 -999.0 -999.0 -999 -999 "" "" "" "" 0 0 0.0 0.0 -999 ""
FIBERMAP 664 R+7C5 METROLOGY 0 0 0 1 0 0 -133.9760006871014 148.92319933482386 143.1 -48.19237909186828 194.40531398684647 160.5694 83.846794 -999.0 -999.0 -999.0 -999.0 -999.0 274.36778666626844 -5.513953816256188 274.37875617287966 -5.495267324997231 42.41975350528217 137.9356960624747 -999.0 6231.0 -999.0 -1 -999 {-999.0 -999.0 -999.0 -999.0 -999.0} "" -999.0 -999.0 -999.0 -999.0 -999 -999 "" "" "" "" 0 0 0.0 0.0 -999 ""
FIBERMAP 665 R-5C18 APOGEE 1 1 0 1 0 0 155.37481283372483 -103.80218759700493 143.1 88.29100131999701 -164.6532598946473 317.1193 126.53053 274.98729635394517 -7.145835503646978 -1.2613705 -1.3393598 0.29931208 274.98756178097153 -7.14583935482228 275.0024154735713 -7.124902418920042 40.724344281398764 138.4795866684015 16000.0 16600.0 2016.0 2 220 {-999.0 18.836124 15.918254 13.598221 -999.0} sdss_psfmag_ps1 17.270311 13.210704 11.632948 6.799 63050395546332273 1153959721 bright_1x1 mwm_galactic_core_dist_apogee_sparse mwm_galactic science 0 0 0.9611722826957703 0.0 -999 ""
FIBERMAP 665 R-5C18 BOSS 0 0 0 1 0 0 155.3146797526574 -104.53911871251097 143.1 87.89142392858619 -165.2752415649506 317.1193 126.53053 -999.0 -999.0 -999.0 -999.0 -999.0 274.98588187008494 -7.148894748886158 275.0006095911898 -7.127764880098105 40.72298268213632 138.4836644860614 -999.0 5400.0 -999.0 1 292 {-999.0 -999.0 -999.0 -999.0 -999.0} "" -999.0 -999.0 -999.0 -999.0 -999 -999 "" "" "" "" 0 0 0.0 0.0 -999 ""
FIBERMAP 665 R-5C18 METROLOGY 0 0 0 1 0 0 154.7012529702325 -104.10686506541583 143.1 87.55339773560225 -164.605384162942 317.1193 126.53053 -999.0 -999.0 -999.0 -999.0 -999.0 274.9843082641653 -7.145805809311153 274.99906701126463 -7.124737142382413 40.72634742395687 138.48309138470367 -999.0 6231.0 -999.0 -1 -999 {-999.0 -999.0 -999.0 -999.0 -999.0} "" -999.0 -999.0 -999.0 -999.0 -999 -999 "" "" "" "" 0 0 0.0 0.0 -999 ""
FIBERMAP 667 R0C9 APOGEE 1 1 0 1 0 0 -122.05766986515367 -15.579835867615824 143.1 -115.02778709304694 43.64605736867824 274.8814 72.93762 274.05928330785576 -6.196708940462491 -5.1566896 -7.689978 -0.062003434 274.0592683932421 -6.196731052112052 274.07213632167185 -6.178703046056674 42.02555230995553 138.79479005374142 16000.0 16600.0 2016.0 2 246 {-999.0 18.826893 16.20173 14.794724 -999.0} sdss_psfmag_ps1 17.403471 15.372486 14.037274 10.364 63050395546717732 1153961045 bright_1x1 mwm_galactic_core_dist_apogee_sparse mwm_galactic science 0 0 0.0 0.0 -999 ""
FIBERMAP 667 R0C9 BOSS 0 0 0 1 0 0 -122.78691678770556 -15.441865051345077 143.1 -115.60638779133428 44.11070440537441 274.8814 72.93762 -999.0 -999.0 -999.0 -999.0 -999.0 274.0567111032243 -6.194778771058658 274.06944831640703 -6.17657048213866 42.028812166486205 138.79617796807182 -999.0 5400.0 -999.0 1 492 {-999.0 -999.0 -999.0 -999.0 -999.0} "" -999.0 -999.0 -999.0 -999.0 -999 -999 "" "" "" "" 0 0 0.0 0.0 -999 ""
FIBERMAP 667 R0C9 METROLOGY 0 0 0 1 0 0 -122.30342174090818 -14.87434479849139 143.1 -114.91290171685918 44.38412882095049 274.8814 72.93762 -999.0 -999.0 -999.0 -999.0 -999.0 274.05985687189263 -6.193493712423981 274.07262564379903 -6.1753308523636825 42.028081474451504 138.79171680189236 -999.0 6231.0 -999.0 -1 -999 {-999.0 -999.0 -999.0 -999.0 -999.0} "" -999.0 -999.0 -999.0 -999.0 -999 -999 "" "" "" "" 0 0 0.0 0.0 -999 ""
FIBERMAP 669 R+3C3 APOGEE 1 1 0 1 0 0 -201.3460987064819 75.29429837253608 143.1 -142.26025711068235 161.11475317867433 115.6706 43.737118 273.9385986328125 -5.663961384919546 -999.0 -999.0 -999.0 273.9385986328125 -5.6639613849195465 273.9501920041862 -5.646488100197557 42.534800826619275 138.52913231834196 16000.0 16600.0 2015.5 2 107 {-999.0 -999.0 -999.0 -999.0 -999.0} "" -999.0 -999.0 -999.0 -999.0 27021603148964153 848193139 "" ops_sky_apogee_best ops_sky sky_apogee 0 0 0.0 0.0 -999 ""
FIBERMAP 669 R+3C3 BOSS 0 0 0 1 0 0 -200.6609894204023 75.01551944420028 143.1 -141.7868130506757 160.54661335392845 115.6706 43.737118 -999.0 -999.0 -999.0 -999.0 -999.0 273.94082132545947 -5.66667430607603 273.9522955237418 -5.649009573257352 42.53153972029792 138.5286927711766 -999.0 5400.0 -999.0 1 59 {-999.0 -999.0 -999.0 -999.0 -999.0} "" -999.0 -999.0 -999.0 -999.0 -999 -999 "" "" "" "" 0 0 0.0 0.0 -999 ""
FIBERMAP 669 R+3C3 METROLOGY 0 0 0 1 0 0 -201.23910441855674 74.54894726601873 143.1 -142.51632297729108 160.40675585952715 115.6706 43.737118 -999.0 -999.0 -999.0 -999.0 -999.0 273.93747509755417 -5.66726299983337 273.9489874633573 -5.649659189034028 42.53284340903818 138.53288855439448 -999.0 6231.0 -999.0 -1 -999 {-999.0 -999.0 -999.0 -999.0 -999.0} "" -999.0 -999.0 -999.0 -999.0 -999 -999 "" "" "" "" 0 0 0.0 0.0 -999 ""
FIBERMAP 671 R+1C15 APOGEE 0 0 0 1 0 0 41.47519222272457 11.410764294098328 143.1 41.96262603351102 -9.43361020071776 299.39206 131.76666 -999.0 -999.0 -999.0 -999.0 -999.0 274.777584013514 -6.440499008025497 274.7907777032111 -6.42044210475326 41.42488134288583 138.18391562319835 -999.0 16600.0 -999.0 2 -999 {-999.0 -999.0 -999.0 -999.0 -999.0} "" -999.0 -999.0 -999.0 -999.0 -999 -999 "" "" "" "" 0 0 0.0 0.0 -999 ""
FIBERMAP 671 R+1C15 BOSS 1 1 0 1 0 0 41.243683097898526 10.679465988339862 143.1 41.41447757160376 -9.970037794964767 299.39206 131.76666 274.7752286074069 -6.44312531424101 -2.8026834 -3.2458453 0.3448471 274.77522049738735 -6.443134647296742 274.78829042949656 -6.422891966938264 41.42425300981364 138.18848051442657 5400.0 5400.0 2016.0 1 189 {-999.0 19.145304 16.346313 14.896666 -999.0} sdss_psfmag_ps1 17.557213 15.496945 14.178664 10.428 63050395547365458 934426232 bright_1x1 openfibertargets_nov2020_34a open_fiber science 0 0 0.0 0.0 -999 ""
FIBERMAP 671 R+1C15 METROLOGY 0 0 0 1 0 0 40.74831218265348 11.242516298989731 143.1 41.24212483596339 -9.240279099155776 299.39206 131.76666 -999.0 -999.0 -999.0 -999.0 -999.0 274.77439614690337 -6.439752078265124 274.78749518754114 -6.419567249779644 41.42744396535183 138.18684925805402 -999.0 6231.0 -999.0 -1 -999 {-999.0 -999.0 -999.0 -999.0 -999.0} "" -999.0 -999.0 -999.0 -999.0 -999 -999 "" "" "" "" 0 0 0.0 0.0 -999 ""
FIBERMAP 673 R-11C1 APOGEE 1 1 0 1 0 0 -182.83177221070304 -199.3268188196315 143.1 -255.0547454180306 -89.9126273641664 192.40494 47.62859 273.42248413992263 -6.799306244190987 -2.0939174 -6.4568353 0.02184668 273.4224780764585 -6.799324810079934 273.43708304676306 -6.782733029690931 41.86920831690269 139.95027514684435 16000.0 16600.0 2016.0 2 271 {-999.0 20.110098 17.302748 14.679719 -999.0} sdss_psfmag_ps1 18.60671 15.093909 13.564775 9.085 63050395546573020 1153960575 bright_1x1 mwm_galactic_core_dist_apogee_sparse mwm_galactic science 0 0 0.0 0.0 -999 ""
FIBERMAP 673 R-11C1 BOSS 0 0 0 1 0 0 -182.46663500627972 -198.67425381590672 143.1 -254.4257071608435 -89.5085069496591 192.40494 47.62859 -999.0 -999.0 -999.0 -999.0 -999.0 273.42542149976566 -6.797721362465211 273.4398964590506 -6.7809315565977455 41.86919653850103 139.9458112166346 -999.0 5400.0 -999.0 1 421 {-999.0 -999.0 -999.0 -999.0 -999.0} "" -999.0 -999.0 -999.0 -999.0 -999 -999 "" "" "" "" 0 0 0.0 0.0 -999 ""
FIBERMAP 673 R-11C1 METROLOGY 0 0 0 1 0 0 -182.08093877564227 -199.3172568906224 143.1 -254.38772483206856 -90.25724399450846 192.40494 47.62859 -999.0 -999.0 -999.0 -999.0 -999.0 273.42556082474874 -6.80104864556927 273.4400793958846 -6.784311063185396 41.866263870742316 139.94807960098075 -999.0 6231.0 -999.0 -1 -999 {-999.0 -999.0 -999.0 -999.0 -999.0} "" -999.0 -999.0 -999.0 -999.0 -999 -999 "" "" "" "" 0 0 0.0 0.0 -999 ""
FIBERMAP 674 R+4C1 APOGEE 1 1 0 1 0 0 -234.83450440874208 86.0801924541259 143.1 -166.7382346807929 186.37885399931073 46.609093 106.291115 273.8287893614847 -5.550379775924915 -1.5364525 -5.0726433 0.11061953 273.8287849227809 -5.550394361728633 273.8401378778976 -5.5332633175477195 42.68992144513548 138.56645404346855 16000.0 16600.0 2016.0 2 144 {-999.0 17.770994 15.5899515 13.868776 -999.0} sdss_psfmag_ps1 16.738901 14.135324 12.721228 9.037 63050395556470831 1153971808 bright_1x1 mwm_galactic_core_dist_apogee_sparse mwm_galactic science 0 0 0.0 0.0 -999 ""
FIBERMAP 674 R+4C1 BOSS 0 0 0 1 0 0 -234.18331502215207 85.74103421921137 143.1 -166.32311236210182 185.77338604114456 46.609093 106.291115 -999.0 -999.0 -999.0 -999.0 -999.0 273.8307419694498 -5.553277441853677 273.8419770736376 -5.535956516801415 42.6866650188759 138.56643751762675 -999.0 5400.0 -999.0 1 2 {-999.0 -999.0 -999.0 -999.0 -999.0} "" -999.0 -999.0 -999.0 -999.0 -999 -999 "" "" "" "" 0 0 0.0 0.0 -999 ""
FIBERMAP 674 R+4C1 METROLOGY 0 0 0 1 0 0 -234.81388366231363 85.3341285505949 143.1 -167.07085046249944 185.71084194452644 46.609093 106.291115 -999.0 -999.0 -999.0 -999.0 -999.0 273.82732646386273 -5.55352017754781 273.8385986660296 -5.536260248759942 42.68829303721341 138.57046153863715 -999.0 6231.0 -999.0 -1 -999 {-999.0 -999.0 -999.0 -999.0 -999.0} "" -999.0 -999.0 -999.0 -999.0 -999 -999 "" "" "" "" 0 0 0.0 0.0 -999 ""
FIBERMAP 675 R-1C20 APOGEE 1 1 0 1 0 0 165.31890733855946 -22.473394420134404 143.1 135.30762883711185 -97.56579823716227 43.089138 53.457314 275.20357439991545 -6.8417744025165295 -2.5432422 -6.1344275 0.095625766 275.20356703466547 -6.841792041359041 275.21758282700654 -6.820414553423645 40.85528322155205 138.01979510132693 16000.0 16600.0 2016.0 2 227 {-999.0 18.76279 15.922443 14.547125 -999.0} sdss_psfmag_ps1 17.187017 15.153354 13.840282 10.163 63050395546413851 1153959922 bright_1x1 mwm_galactic_core_dist_apogee_sparse mwm_galactic science 0 0 0.0 0.0 -999 ""
FIBERMAP 675 R-1C20 BOSS 0 0 0 1 0 0 165.43672259377576 -23.21174835282116 143.1 135.06440141684936 -98.27270954528092 43.089138 53.457314 -999.0 -999.0 -999.0 -999.0 -999.0 275.20262591055734 -6.845228834468805 275.2165159875633 -6.82365791211273 40.85321037003399 138.02337813887985 -999.0 5400.0 -999.0 1 271 {-999.0 -999.0 -999.0 -999.0 -999.0} "" -999.0 -999.0 -999.0 -999.0 -999 -999 "" "" "" "" 0 0 0.0 0.0 -999 ""
FIBERMAP 675 R-1C20 METROLOGY 0 0 0 1 0 0 164.72759821359796 -22.935084484907236 143.1 134.56877225458138 -97.69514373601443 43.089138 53.457314 -999.0 -999.0 -999.0 -999.0 -999.0 275.2003285834106 -6.84254952952447 275.21425111900635 -6.821041081241507 40.8566407239644 138.02386877996798 -999.0 6231.0 -999.0 -1 -999 {-999.0 -999.0 -999.0 -999.0 -999.0} "" -999.0 -999.0 -999.0 -999.0 -999 -999 "" "" "" "" 0 0 0.0 0.0 -999 ""
FIBERMAP 676 R-9C12 APOGEE 1 1 0 1 0 0 65.82605961378621 -185.91304037076063 143.1 -29.335346761093128 -194.9994108398413 325.5813 104.25747 274.44884661540493 -7.282003824383065 -1.8545475 -5.4401426 0.17743757 274.44884123950584 -7.282019466888987 274.46424697655954 -7.262463804993745 40.90813644217572 139.16646437174182 16000.0 16600.0 2016.0 2 152 {-999.0 20.738695 17.701035 15.070402 -999.0} sdss_psfmag_ps1 19.112698 15.402668 13.857662 9.255 63050395546374049 1153959781 bright_1x1 mwm_galactic_core_dist_apogee_sparse mwm_galactic science 0 0 0.0 0.0 -999 ""
FIBERMAP 676 R-9C12 BOSS 0 0 0 1 0 0 65.56729731753657 -186.61952157909312 143.1 -29.89587362417924 -195.50112531244864 325.5813 104.25747 -999.0 -999.0 -999.0 -999.0 -999.0 274.44639617383564 -7.284515436026397 274.46167749431993 -7.26476922309804 40.907630217835816 139.17096224692585 -999.0 5400.0 -999.0 1 368 {-999.0 -999.0 -999.0 -999.0 -999.0} "" -999.0 -999.0 -999.0 -999.0 -999 -999 "" "" "" "" 0 0 0.0 0.0 -999 ""
FIBERMAP 676 R-9C12 METROLOGY 0 0 0 1 0 0 65.08444891490574 -186.04550844795494 143.1 -30.05202178410101 -194.76758147108004 325.5813 104.25747 -999.0 -999.0 -999.0 -999.0 -999.0 274.4456510955032 -7.281142710829684 274.46096164154267 -7.261455582658976 40.91078193776946 139.16931428643719 -999.0 6231.0 -999.0 -1 -999 {-999.0 -999.0 -999.0 -999.0 -999.0} "" -999.0 -999.0 -999.0 -999.0 -999 -999 "" "" "" "" 0 0 0.0 0.0 -999 ""
FIBERMAP 677 R-11C3 APOGEE 1 1 0 1 0 0 -111.61363100600478 -218.04877858034487 143.1 -201.01626798321647 -139.92052358031128 334.32376 122.171524 273.66631122686783 -7.027584750056499 -4.088691 -7.195334 0.0084333895 273.6662993813134 -7.027605439413577 273.6813788003331 -7.010259661163762 41.54620626726573 139.84431129356363 16000.0 16600.0 2016.0 2 206 {-999.0 18.82757 16.027384 13.992353 -999.0} sdss_psfmag_ps1 17.440199 14.253355 12.75814 8.529 63050395546543191 1153960542 bright_1x1 mwm_galactic_core_dist_apogee_sparse mwm_galactic science 0 0 0.0 0.0 -999 ""
FIBERMAP 677 R-11C3 BOSS 0 0 0 1 0 0 -111.4961731841895 -218.779601001504 143.1 -201.25626935982723 -140.62062112217063 334.32376 122.171524 -999.0 -999.0 -999.0 -999.0 -999.0 273.66532494008715 -7.0309593190607735 273.68028634133134 -7.013421798284647 41.544150118539534 139.8478329568532 -999.0 5400.0 -999.0 1 338 {-999.0 -999.0 -999.0 -999.0 -999.0} "" -999.0 -999.0 -999.0 -999.0 -999 -999 "" "" "" "" 0 0 0.0 0.0 -999 ""
FIBERMAP 677 R-11C3 METROLOGY 0 0 0 1 0 0 -112.18723871365034 -218.5207549925659 143.1 -201.7443419003924 -140.06726909195007 334.32376 122.171524 -999.0 -999.0 -999.0 -999.0 -999.0 273.6630819694165 -7.028381526566283 273.6780737532489 -7.010905828164531 41.547457164634054 139.84845413426694 -999.0 6231.0 -999.0 -1 -999 {-999.0 -999.0 -999.0 -999.0 -999.0} "" -999.0 -999.0 -999.0 -999.0 -999 -999 "" "" "" "" 0 0 0.0 0.0 -999 ""
FIBERMAP 678 R+11C16 APOGEE 1 1 0 1 0 0 188.08835237257395 218.14648954679924 143.1 268.5423860122871 104.04710046580676 73.95169 41.61106 275.8062744140625 -5.928760453582427 -999.0 -999.0 -999.0 275.8062744140625 -5.928760453582429 275.8177986358259 -5.906179003893817 41.26244007478476 136.67652593098146 16000.0 16600.0 2015.5 2 58 {-999.0 -999.0 -999.0 -999.0 -999.0} "" -999.0 -999.0 -999.0 -999.0 27021603148794724 849000059 "" ops_sky_apogee_good ops_sky sky_apogee 0 0 0.0 0.0 -999 ""
FIBERMAP 678 R+11C16 BOSS 0 0 0 1 0 0 188.41520893921404 217.47103668859435 143.1 268.51319067513384 103.29739756254773 73.95169 41.61106 -999.0 -999.0 -999.0 -999.0 -999.0 275.80628607617984 -5.932333869944954 275.81768349524157 -5.909561362494993 41.25975120466972 136.67925982675482 -999.0 5400.0 -999.0 1 171 {-999.0 -999.0 -999.0 -999.0 -999.0} "" -999.0 -999.0 -999.0 -999.0 -999 -999 "" "" "" "" 0 0 0.0 0.0 -999 ""
FIBERMAP 678 R+11C16 METROLOGY 0 0 0 1 0 0 187.67189556790376 217.5261657994703 143.1 267.88322444876763 103.69556056318672 73.95169 41.61106 -999.0 -999.0 -999.0 -999.0 -999.0 275.8034222540468 -5.930466198721467 275.8148546662442 -5.907755879307675 41.26285396372888 136.68091610582886 -999.0 6231.0 -999.0 -1 -999 {-999.0 -999.0 -999.0 -999.0 -999.0} "" -999.0 -999.0 -999.0 -999.0 -999 -999 "" "" "" "" 0 0 0.0 0.0 -999 ""
FIBERMAP 681 R+6C17 APOGEE 1 1 0 1 0 0 143.67415166742893 99.83216499115235 143.1 173.71865154738998 20.53254562441084 342.32654 66.77781 275.3796633349762 -6.305234476816178 -3.5476878 -6.7714663 0.20550169 275.3796530719247 -6.3052539473903595 275.39227487763196 -6.283646291314856 41.19772378189226 137.425546524636 16000.0 16600.0 2016.0 2 71 {-999.0 18.395115 15.889341 14.685943 -999.0} sdss_psfmag_ps1 17.01464 15.27264 14.029672 10.756 63050395547001973 1153961926 bright_1x1 mwm_galactic_core_dist_apogee_sparse mwm_galactic science 0 0 0.0 0.0 -999 ""
FIBERMAP 681 R+6C17 BOSS 0 0 0 1 0 0 143.18192154357695 99.28461001640288 143.1 173.02684576332706 20.28084565095601 342.32654 66.77781 -999.0 -999.0 -999.0 -999.0 -999.0 275.37669925888815 -6.306576792987589 275.38919129258613 -6.284785350981805 41.19854388925853 137.42975334109246 -999.0 5400.0 -999.0 1 207 {-999.0 -999.0 -999.0 -999.0 -999.0} "" -999.0 -999.0 -999.0 -999.0 -999 -999 "" "" "" "" 0 0 0.0 0.0 -999 ""
FIBERMAP 681 R+6C17 METROLOGY 0 0 0 1 0 0 142.93607458781796 99.983100033897 143.1 173.13835523543 21.01278418607269 342.32654 66.77781 -999.0 -999.0 -999.0 -999.0 -999.0 275.37715798621383 -6.303198774697619 275.3896795383 -6.281461788668651 41.20099159830852 137.42669643672 -999.0 6231.0 -999.0 -1 -999 {-999.0 -999.0 -999.0 -999.0 -999.0} "" -999.0 -999.0 -999.0 -999.0 -999 -999 "" "" "" "" 0 0 0.0 0.0 -999 ""
FIBERMAP 683 R-1C25 APOGEE 0 0 0 1 0 0 249.18782825975788 -34.24011437278828 143.1 203.7794342205792 -147.3850925725764 268.69424 86.46755 -999.0 -999.0 -999.0 -999.0 -999.0 275.5134195263271 -7.066107557710056 275.5278631134553 -7.043797916179175 40.49655769503314 137.85255411622518 -999.0 16600.0 -999.0 2 -999 {-999.0 -999.0 -999.0 -999.0 -999.0} "" -999.0 -999.0 -999.0 -999.0 -999 -999 "" "" "" "" 0 0 0.0 0.0 -999 ""
FIBERMAP 683 R-1C25 BOSS 1 1 0 1 0 0 248.43306602269678 -34.17234897901071 143.1 203.1453074660565 -146.97039606069924 268.69424 86.46755 275.51030505721707 -7.064448400648801 0.90142214 -5.455173 0.7928828 275.5107188472974 -7.064464086372893 275.52502281476933 -7.04196589681217 40.49966745944156 137.8542338920146 5400.0 5400.0 2016.0 1 261 {-999.0 12.829528 12.118543 11.788478 -999.0} sdss_psfmag_from_g3xp 12.430752 12.16502 11.201334 9.839 63050395546736358 1068461380 bright_3x1 mwm_ob_core_boss mwm_ob science 0 0 1.469004511833191 0.0 -999 ""
FIBERMAP 683 R-1C25 METROLOGY 0 0 0 1 0 0 248.86913478951612 -33.56550600303803 143.1 203.81543546226644 -146.63997325253717 268.69424 86.46755 -999.0 -999.0 -999.0 -999.0 -999.0 275.5137167494923 -7.062898532428935 275.5280542436286 -7.040448758592283 40.499204978435124 137.84984476228533 -999.0 6231.0 -999.0 -1 -999 {-999.0 -999.0 -999.0 -999.0 -999.0} "" -999.0 -999.0 -999.0 -999.0 -999 -999 "" "" "" "" 0 0 0.0 0.0 -999 ""
FIBERMAP 685 R+6C6 APOGEE 0 0 0 1 0 0 -99.07501437837068 105.71770194735248 143.1 -37.71217910016114 139.87041250565326 348.65317 86.65167 -999.0 -999.0 -999.0 -999.0 -999.0 274.4144822184028 -5.760358602191321 274.4261344957605 -5.741572283712833 42.18993030493132 138.07138589652993 -999.0 16600.0 -999.0 2 -999 {-999.0 -999.0 -999.0 -999.0 -999.0} "" -999.0 -999.0 -999.0 -999.0 -999 -999 "" "" "" "" 0 0 0.0 0.0 -999 ""
FIBERMAP 685 R+6C6 BOSS 1 1 0 1 0 0 -99.33322948316902 104.91376038025545 143.1 -38.31805055501551 139.28244314335444 348.65317 86.65167 274.41183546990146 -5.76313179955416 -6.8702025 -5.967028 0.5855651 274.411815615066 -5.7631489570586005 274.4233481735387 -5.744182730448577 42.189341387252995 138.07646346270593 5400.0 5400.0 2016.0 1 55 {-999.0 19.050434 16.5609 15.389392 -999.0} sdss_psfmag_ps1 17.761053 16.01507 14.738701 11.487 63050395556383684 939106033 bright_1x1 openfibertargets_nov2020_34a open_fiber science 0 0 0.0 0.0 -999 ""
FIBERMAP 685 R+6C6 METROLOGY 0 0 0 1 0 0 -99.78849078357761 105.4994969984517 143.1 -38.4443436886107 140.01335971940438 348.65317 86.65167 -999.0 -999.0 -999.0 -999.0 -999.0 274.4112179653823 -5.759792952970156 274.4227785508732 -5.740882487794127 42.192385174782444 138.07457959906048 -999.0 6231.0 -999.0 -1 -999 {-999.0 -999.0 -999.0 -999.0 -999.0} "" -999.0 -999.0 -999.0 -999.0 -999 -999 "" "" "" "" 0 0 0.0 0.0 -999 ""
FIBERMAP 687 R-7C16 APOGEE 1 1 0 1 0 0 102.55243418434875 -135.4139497965288 143.1 26.81695081510073 -167.70908478848975 234.82831 48.111538 274.7062335296125 -7.1595620941154525 -2.1752985 -5.508871 0.18002309 274.70622722563854 -7.159577934242126 274.7212275094228 -7.139388462090249 40.86859086539438 138.7956502722894 16000.0 16600.0 2016.0 2 186 {-999.0 18.812246 16.278114 14.965195 -999.0} sdss_psfmag_ps1 17.383797 15.534787 14.264159 10.806 63050395546368117 1153959963 bright_1x1 mwm_galactic_core_dist_apogee_sparse mwm_galactic science 0 0 0.0 0.0 -999 ""
FIBERMAP 687 R-7C16 BOSS 0 0 0 1 0 0 102.4203597587278 -134.69776304042057 143.1 27.037172790148492 -167.0150285810759 234.82831 48.111538 -999.0 -999.0 -999.0 -999.0 -999.0 274.70738680661054 -7.1566947349184185 274.7222468225517 -7.136307888254527 40.870582046507316 138.7922663573746 -999.0 5400.0 -999.0 1 306 {-999.0 -999.0 -999.0 -999.0 -999.0} "" -999.0 -999.0 -999.0 -999.0 -999 -999 "" "" "" "" 0 0 0.0 0.0 -999 ""
FIBERMAP 687 R-7C16 METROLOGY 0 0 0 1 0 0 103.12019133930934 -134.929886311076 143.1 27.545545826275212 -167.54892279686044 234.82831 48.111538 -999.0 -999.0 -999.0 -999.0 -999.0 274.70966824876183 -7.159045022740555 274.7245707482649 -7.138706409759613 40.86730474853735 138.79150730552996 -999.0 6231.0 -999.0 -1 -999 {-999.0 -999.0 -999.0 -999.0 -999.0} "" -999.0 -999.0 -999.0 -999.0 -999 -999 "" "" "" "" 0 0 0.0 0.0 -999 ""
FIBERMAP 688 R-7C2 APOGEE 0 0 0 1 0 0 -191.42462695409145 -124.25662193890446 143.1 -227.33774256945335 -19.63128814743265 84.16837 124.613884 -999.0 -999.0 -999.0 -999.0 -999.0 273.5477821848081 -6.482228160072329 273.56155207061636 -6.465441684387884 42.06725760314556 139.5777013873475 -999.0 16600.0 -999.0 2 -999 {-999.0 -999.0 -999.0 -999.0 -999.0} "" -999.0 -999.0 -999.0 -999.0 -999 -999 "" "" "" "" 0 0 0.0 0.0 -999 ""
FIBERMAP 688 R-7C2 BOSS 1 1 0 1 0 0 -190.7718124306113 -123.85099977174292 143.1 -226.5709785508045 -19.580336965186717 84.16837 124.613884 273.55133056640625 -6.482209069730345 -999.0 -999.0 -999.0 273.55133056640625 -6.482209069730345 273.5649741991566 -6.46522412684581 42.06557351004047 139.57371139554812 5400.0 5400.0 2015.5 1 488 {-999.0 -999.0 -999.0 -999.0 -999.0} "" -999.0 -999.0 -999.0 -999.0 27021603148959228 820585871 "" ops_sky_boss_good ops_sky sky_boss 0 0 0.0 0.0 -999 ""
FIBERMAP 688 R-7C2 METROLOGY 0 0 0 1 0 0 -190.76113708081968 -124.59785963989549 143.1 -226.91274428001608 -20.244374882303113 84.16837 124.613884 -999.0 -999.0 -999.0 -999.0 -999.0 273.5497500519373 -6.4851565679829 273.5634369944041 -6.4682280958392 42.06390043094845 139.57765185814827 -999.0 6231.0 -999.0 -1 -999 {-999.0 -999.0 -999.0 -999.0 -999.0} "" -999.0 -999.0 -999.0 -999.0 -999 -999 "" "" "" "" 0 0 0.0 0.0 -999 ""
FIBERMAP 689 R+5C20 APOGEE 1 1 0 1 0 0 201.33231761925882 92.00478198219936 143.1 220.91481056102495 -13.486017737953228 330.61426 124.87671 275.5934143066406 -6.459919030768461 -999.0 -999.0 -999.0 275.5934143066406 -6.459919030768462 275.6063315066436 -6.437669904697454 40.94958915597737 137.31135721640084 16000.0 16600.0 2015.5 2 45 {-999.0 -999.0 -999.0 -999.0 -999.0} "" -999.0 -999.0 -999.0 -999.0 27021603148792434 848999834 "" ops_sky_apogee_good ops_sky sky_apogee 0 0 0.0 0.0 -999 ""
FIBERMAP 689 R+5C20 BOSS 0 0 0 1 0 0 201.39089302079682 91.26189143112417 143.1 220.61717757172252 -14.169076561281772 330.61426 124.87671 -999.0 -999.0 -999.0 -999.0 -999.0 275.59224271621906 -6.463212373596541 275.6050327684609 -6.4407723330454125 40.947788554821614 137.3151133232905 -999.0 5400.0 -999.0 1 194 {-999.0 -999.0 -999.0 -999.0 -999.0} "" -999.0 -999.0 -999.0 -999.0 -999 -999 "" "" "" "" 0 0 0.0 0.0 -999 ""
FIBERMAP 689 R+5C20 METROLOGY 0 0 0 1 0 0 200.71485288101994 91.5917651200027 143.1 220.17576157019718 -13.56011592725222 330.61426 124.87671 -999.0 -999.0 -999.0 -999.0 -999.0 275.5902052380479 -6.4603950835629025 275.6030276528244 -6.438016352980912 40.95118896096946 137.31518060931947 -999.0 6231.0 -999.0 -1 -999 {-999.0 -999.0 -999.0 -999.0 -999.0} "" -999.0 -999.0 -999.0 -999.0 -999 -999 "" "" "" "" 0 0 0.0 0.0 -999 ""
FIBERMAP 690 R-4C17 APOGEE 1 1 0 1 0 0 100.23111580957895 -89.34880400465528 143.1 46.42922467690883 -125.97035443762708 249.79118 90.67003 274.7966734594006 -6.970681173702893 -4.04745 -3.976899 0.0987347 274.79666173475795 -6.970692608819264 274.8111587272973 -6.9503465656626675 40.975345903065296 138.55777477739548 16000.0 16600.0 2016.0 2 201 {-999.0 18.16817 15.687813 14.435614 -999.0} sdss_psfmag_ps1 16.826313 14.935654 13.652486 10.132 63050395546421634 1153960032 bright_1x1 mwm_galactic_core_dist_apogee_sparse mwm_galactic science 0 0 0.0 0.0 -999 ""
FIBERMAP 690 R-4C17 BOSS 0 0 0 1 0 0 99.53492276960982 -89.10247779925973 143.1 45.93074068361787 -125.42563866070456 249.79118 90.67003 -999.0 -999.0 -999.0 -999.0 -999.0 274.79453748203366 -6.968466961350592 274.80889715659066 -6.947933147377209 40.97860299102273 138.55844474970397 -999.0 5400.0 -999.0 1 301 {-999.0 -999.0 -999.0 -999.0 -999.0} "" -999.0 -999.0 -999.0 -999.0 -999 -999 "" "" "" "" 0 0 0.0 0.0 -999 ""
FIBERMAP 690 R-4C17 METROLOGY 0 0 0 1 0 0 100.10379764726879 -88.61531693689393 143.1 46.66177839326682 -125.26326916026349 249.79118 90.67003 -999.0 -999.0 -999.0 -999.0 -999.0 274.79784804526304 -6.967669035986114 274.81224200937584 -6.947181827735041 40.97736347758498 138.5542451234035 -999.0 6231.0 -999.0 -1 -999 {-999.0 -999.0 -999.0 -999.0 -999.0} "" -999.0 -999.0 -999.0 -999.0 -999 -999 "" "" "" "" 0 0 0.0 0.0 -999 ""
FIBERMAP 691 R+10C2 APOGEE 0 0 0 1 0 0 -144.4738469999634 178.44024909615848 143.1 -43.576134032069454 225.38698176570722 359.64954 56.60964 -999.0 -999.0 -999.0 -999.0 -999.0 274.38941274245536 -5.374633800493241 274.4001204636603 -5.356081660690372 42.52238952281621 137.80501994057687 -999.0 16600.0 -999.0 2 -999 {-999.0 -999.0 -999.0 -999.0 -999.0} "" -999.0 -999.0 -999.0 -999.0 -999 -999 "" "" "" "" 0 0 0.0 0.0 -999 ""
FIBERMAP 691 R+10C2 BOSS 1 1 0 1 0 0 -144.90861531014133 177.81159460240005 143.1 -44.2553706502691 225.03670129848678 359.64954 56.60964 274.38643880173623 -5.376340789309452 -2.0069447 -3.347206 0.49346137 274.3864330054979 -5.376350413816564 274.397019433464 -5.3576222212845215 42.52287210979978 137.80965565420087 5400.0 5400.0 2016.0 1 18 {-999.0 17.341661 16.080769 15.493496 -999.0} sdss_psfmag_ps1 16.856518 15.980653 15.055296 13.315 63050395556449558 981888223 "" ops_std_boss_tic ops_std standard_boss 0 0 0.0 0.0 -999 ""
FIBERMAP 691 R+10C2 METROLOGY 0 0 0 1 0 0 -145.21872587035543 178.48288064498468 143.1 -44.21335818620245 225.77485322365203 359.64954 56.60964 -999.0 -999.0 -999.0 -999.0 -999.0 274.3866065203232 -5.372995994365613 274.3972204217614 -5.354320759816734 42.52547757132816 137.80689108815213 -999.0 6231.0 -999.0 -1 -999 {-999.0 -999.0 -999.0 -999.0 -999.0} "" -999.0 -999.0 -999.0 -999.0 -999 -999 "" "" "" "" 0 0 0.0 0.0 -999 ""
FIBERMAP 692 R+8C17 APOGEE 1 1 0 1 0 0 142.09887188639277 168.97320541631592 143.1 204.83987508018572 82.28230770653708 187.78004 54.525265 275.52037482345355 -6.025488818686896 -3.81729 -6.6548634 0.08733603 275.5203637862965 -6.025507953982814 275.5322402088791 -6.003648384722723 41.34706758816725 137.06004769276706 16000.0 16600.0 2016.0 2 81 {-999.0 18.62097 16.327671 21.428366 -999.0} sdss_psfmag_ps1 17.360369 14.379143 12.907797 8.826 63050395547421597 1153963254 bright_1x1 mwm_galactic_core_dist_apogee_sparse mwm_galactic science 0 0 0.0 0.0 -999 ""
FIBERMAP 692 R+8C17 BOSS 0 0 0 1 0 0 142.4784843056891 169.60017332758343 143.1 205.46964989087118 82.65703514355498 187.78004 54.525265 -999.0 -999.0 -999.0 -999.0 -999.0 275.52337700058865 -6.023998525365045 275.5351142140696 -6.001942059482496 41.34681600935368 137.05562621971282 -999.0 5400.0 -999.0 1 226 {-999.0 -999.0 -999.0 -999.0 -999.0} "" -999.0 -999.0 -999.0 -999.0 -999 -999 "" "" "" "" 0 0 0.0 0.0 -999 ""
FIBERMAP 692 R+8C17 METROLOGY 0 0 0 1 0 0 142.86151185951923 168.9684689246068 143.1 205.5105902352222 81.91952273565474 187.78004 54.525265 -999.0 -999.0 -999.0 -999.0 -999.0 275.52352605417406 -6.027288805514957 275.53530936150764 -6.005284169891416 41.343972277033345 137.05797924041687 -999.0 6231.0 -999.0 -1 -999 {-999.0 -999.0 -999.0 -999.0 -999.0} "" -999.0 -999.0 -999.0 -999.0 -999 -999 "" "" "" "" 0 0 0.0 0.0 -999 ""
FIBERMAP 693 R+2C15 APOGEE 1 1 0 1 0 0 54.668663508636264 39.825006861663866 143.1 66.96518470130744 9.434918766489771 338.3727 141.09752 274.8922970973934 -6.354765334875374 3.649393 -7.331081 2.3681278 274.89230765567913 -6.3547864145572905 274.9052449917388 -6.334460584005348 41.4315179212793 137.9939378874625 16000.0 16600.0 2016.0 2 54 {-999.0 10.718099 10.131826 9.81199 -999.0} sdss_psfmag_from_g3xp 10.575274 10.103765 9.449407 8.458 63050395547368359 975042949 "" ops_std_apogee ops_std standard_apogee 0 0 0.0 0.0 -999 ""
FIBERMAP 693 R+2C15 BOSS 0 0 0 1 0 0 55.040086454310156 39.18535903633691 143.1 66.99215018485698 8.695853872258887 338.3727 141.09752 -999.0 -999.0 -999.0 -999.0 -999.0 274.8925930325241 -6.358339638100332 274.90540687436305 -6.337821057090149 41.42865683743006 137.99629861695604 -999.0 5400.0 -999.0 1 198 {-999.0 -999.0 -999.0 -999.0 -999.0} "" -999.0 -999.0 -999.0 -999.0 -999 -999 "" "" "" "" 0 0 0.0 0.0 -999 ""
FIBERMAP 693 R+2C15 METROLOGY 0 0 0 1 0 0 54.29344562288514 39.17185651321757 143.1 66.32697616024635 9.035021950595576 338.3727 141.09752 -999.0 -999.0 -999.0 -999.0 -999.0 274.8895053457844 -6.3567344874104625 274.9023537685978 -6.336278895463678 41.43164599386582 137.99847026194186 -999.0 6231.0 -999.0 -1 -999 {-999.0 -999.0 -999.0 -999.0 -999.0} "" -999.0 -999.0 -999.0 -999.0 -999 -999 "" "" "" "" 0 0 0.0 0.0 -999 ""
FIBERMAP 694 R+3C15 APOGEE 0 0 0 1 0 0 35.90869914082377 63.829976513615584 143.1 61.699189371638944 39.43778844516956 226.23929 39.63806 -999.0 -999.0 -999.0 -999.0 -999.0 274.86841628964504 -6.218073138453295 274.8810247936758 -6.197872101117479 41.55771200539806 137.91711440712658 -999.0 16600.0 -999.0 2 -999 {-999.0 -999.0 -999.0 -999.0 -999.0} "" -999.0 -999.0 -999.0 -999.0 -999 -999 "" "" "" "" 0 0 0.0 0.0 -999 ""
FIBERMAP 694 R+3C15 BOSS 1 1 0 1 0 0 35.97751203892901 64.61222848856998 143.1 62.12773630209822 40.09567918796639 226.23929 39.63806 274.8705444500141 -6.215231063615059 0.23286106 -7.1776247 7.381423 274.8705451235382 -6.215251702051353 274.8830160920223 -6.194856177705567 41.559074207804116 137.91265009476675 5400.0 5400.0 2016.0 1 197 {-999.0 17.381865 15.85894 14.535204 -999.0} sdss_psfmag_ps1 16.70739 15.1596775 13.948019 11.57 63050395547391617 917201040 bright_3x1 mwm_yso_pms_boss_sagitta_edr3 mwm_yso science 0 0 0.0 0.0 -999 ""
FIBERMAP 694 R+3C15 METROLOGY 0 0 0 1 0 0 36.57700845038174 64.16167614772743 143.1 62.4448662004036 39.41622557100626 226.23929 39.63806 -999.0 -999.0 -999.0 -999.0 -999.0 274.87195090528553 -6.2182994231353845 274.8844645367275 -6.1979529692753745 41.555706805727716 137.9134110568181 -999.0 6231.0 -999.0 -1 -999 {-999.0 -999.0 -999.0 -999.0 -999.0} "" -999.0 -999.0 -999.0 -999.0 -999 -999 "" "" "" "" 0 0 0.0 0.0 -999 ""
FIBERMAP 695 R-4C1 APOGEE 1 1 0 1 0 0 -228.71200297909903 -75.07682971544634 143.1 -237.11444850139327 41.29736225394532 43.990265 76.62366 273.5051394169381 -6.205890350583232 -5.9248805 -5.661978 0.20526898 273.5051222801997 -6.205906630950391 273.5182220775519 -6.189355447934533 42.321596237620206 139.42151181961867 16000.0 16600.0 2016.0 2 248 {-999.0 17.315016 15.057463 14.067559 -999.0} sdss_psfmag_ps1 16.139984 14.37198 13.113014 9.816 63050395555942581 1153970762 bright_1x1 mwm_galactic_core_dist_apogee_sparse mwm_galactic science 0 0 0.0 0.0 -999 ""
FIBERMAP 695 R-4C1 BOSS 0 0 0 1 0 0 -228.3190520205896 -75.70451599538389 143.1 -237.06286250429628 40.55872923468891 43.990265 76.62366 -999.0 -999.0 -999.0 -999.0 -999.0 273.50542717416573 -6.20943513214515 273.5184115798602 -6.192694482491202 42.3187043440778 139.42378362464538 -999.0 5400.0 -999.0 1 497 {-999.0 -999.0 -999.0 -999.0 -999.0} "" -999.0 -999.0 -999.0 -999.0 -999 -999 "" "" "" "" 0 0 0.0 0.0 -999 ""
FIBERMAP 695 R-4C1 METROLOGY 0 0 0 1 0 0 -229.07020932275253 -75.73489039012794 143.1 -237.73995522138674 40.885133537956754 43.990265 76.62366 -999.0 -999.0 -999.0 -999.0 -999.0 273.50236103431007 -6.20789687113895 273.5153779234387 -6.191218124967974 42.32159644097198 139.42609130537932 -999.0 6231.0 -999.0 -1 -999 {-999.0 -999.0 -999.0 -999.0 -999.0} "" -999.0 -999.0 -999.0 -999.0 -999 -999 "" "" "" "" 0 0 0.0 0.0 -999 ""
FIBERMAP 698 R+7C18 APOGEE 1 1 0 1 0 0 156.22243103762287 125.64014790501525 143.1 196.926397195 37.40472888724996 237.60707 100.01708 275.48492431640625 -6.228863742036168 -999.0 -999.0 -999.0 275.48492431640625 -6.228863742036167 275.49731581497565 -6.207008493000213 41.20066546708179 137.25344911235777 16000.0 16600.0 2015.5 2 40 {-999.0 -999.0 -999.0 -999.0 -999.0} "" -999.0 -999.0 -999.0 -999.0 27021603148792810 848186091 "" ops_sky_apogee_best ops_sky sky_apogee 0 0 0.0 0.0 -999 ""
FIBERMAP 698 R+7C18 BOSS 0 0 0 1 0 0 155.52947367380932 125.91596765007905 143.1 196.4446366507933 37.97394786422455 237.60707 100.01708 -999.0 -999.0 -999.0 -999.0 -999.0 275.4829234547763 -6.226456827946965 275.49517527219564 -6.204417227770873 41.20400885230663 137.2537875962745 -999.0 5400.0 -999.0 1 196 {-999.0 -999.0 -999.0 -999.0 -999.0} "" -999.0 -999.0 -999.0 -999.0 -999 -999 "" "" "" "" 0 0 0.0 0.0 -999 ""
FIBERMAP 698 R+7C18 METROLOGY 0 0 0 1 0 0 156.11001856200875 126.37747404290585 143.1 197.1739086631459 38.10819281059719 237.60707 100.01708 -999.0 -999.0 -999.0 -999.0 -999.0 275.4861783831789 -6.225803610733487 275.4984654128905 -6.203809655299234 41.20262838900482 137.2497644922832 -999.0 6231.0 -999.0 -1 -999 {-999.0 -999.0 -999.0 -999.0 -999.0} "" -999.0 -999.0 -999.0 -999.0 -999 -999 "" "" "" "" 0 0 0.0 0.0 -999 ""
FIBERMAP 704 R+5C16 APOGEE 1 1 0 1 0 0 89.65022666723729 106.04532506933012 143.1 128.97025992013647 51.41786389686648 149.35449 109.150154 275.17593383789057 -6.1643742390975405 -999.0 -999.0 -999.0 275.17593383789057 -6.164374239097541 275.1882889666991 -6.14337441987138 41.428738417857026 137.54031604231827 16000.0 16600.0 2015.5 2 79 {-999.0 -999.0 -999.0 -999.0 -999.0} "" -999.0 -999.0 -999.0 -999.0 27021603148796275 848186176 "" ops_sky_apogee_best ops_sky sky_apogee 0 0 0.0 0.0 -999 ""
FIBERMAP 704 R+5C16 BOSS 0 0 0 1 0 0 89.78452564752322 106.77283902435256 143.1 129.4308521134445 51.996662006250624 149.35449 109.150154 -999.0 -999.0 -999.0 -999.0 -999.0 275.1782200691003 -6.161917593480026 275.1904354920233 -6.140722968252486 41.42969667774781 137.53596007008682 -999.0 5400.0 -999.0 1 214 {-999.0 -999.0 -999.0 -999.0 -999.0} "" -999.0 -999.0 -999.0 -999.0 -999 -999 "" "" "" "" 0 0 0.0 0.0 -999 ""
FIBERMAP 704 R+5C16 METROLOGY 0 0 0 1 0 0 90.3505511744262 106.29717227339313 143.1 129.70663859515068 51.31078634937528 149.35449 109.150154 -999.0 -999.0 -999.0 -999.0 -999.0 275.17943018767807 -6.1649899511290664 275.1916903234745 -6.143844489848639 41.42642164541568 137.53697108649484 -999.0 6231.0 -999.0 -1 -999 {-999.0 -999.0 -999.0 -999.0 -999.0} "" -999.0 -999.0 -999.0 -999.0 -999 -999 "" "" "" "" 0 0 0.0 0.0 -999 ""
FIBERMAP 706 R+6C21 APOGEE 1 1 0 1 0 0 228.23925050122438 106.03194019447615 143.1 251.25288859892757 -13.76073086516329 277.8677 132.65399 275.7301110292516 -6.461131717150678 -1.971543 -6.4119177 0.26422936 275.73010532406886 -6.4611501538842715 275.7429703783915 -6.438534491860104 40.870871809400754 137.16496556937156 16000.0 16600.0 2016.0 2 67 {-999.0 19.226028 16.393372 14.787652 -999.0} sdss_psfmag_ps1 17.559858 15.302494 13.938411 10.009 63050395546957711 1153961746 bright_1x1 mwm_galactic_core_dist_apogee_sparse mwm_galactic science 0 0 0.0 0.0 -999 ""
FIBERMAP 706 R+6C21 BOSS 0 0 0 1 0 0 227.7754405346608 105.45145422545033 143.1 250.57067566268577 -14.054852279352602 277.8677 132.65399 -999.0 -999.0 -999.0 -999.0 -999.0 275.72719534807857 -6.462677353497661 275.7399288144545 -6.4398759863236075 40.871513375267334 137.16925539275937 -999.0 5400.0 -999.0 1 249 {-999.0 -999.0 -999.0 -999.0 -999.0} "" -999.0 -999.0 -999.0 -999.0 -999 -999 "" "" "" "" 0 0 0.0 0.0 -999 ""
FIBERMAP 706 R+6C21 METROLOGY 0 0 0 1 0 0 227.49926930413474 106.14050985201538 143.1 250.6509912372973 -13.31697955158098 277.8677 132.65399 -999.0 -999.0 -999.0 -999.0 -999.0 275.7275155096576 -6.459280859187197 275.74027916716693 -6.43653482451572 40.87404595421489 137.16633678712114 -999.0 6231.0 -999.0 -1 -999 {-999.0 -999.0 -999.0 -999.0 -999.0} "" -999.0 -999.0 -999.0 -999.0 -999 -999 "" "" "" "" 0 0 0.0 0.0 -999 ""
FIBERMAP 709 R+2C18 APOGEE 0 0 0 1 0 0 126.3237033021934 33.31615679372012 143.1 127.1319753116195 -30.00174527214275 356.6657 98.473656 -999.0 -999.0 -999.0 -999.0 -999.0 275.1671503687513 -6.534777707346586 275.18042295525174 -6.513636078746146 41.128854028332846 137.82948403119505 -999.0 16600.0 -999.0 2 -999 {-999.0 -999.0 -999.0 -999.0 -999.0} "" -999.0 -999.0 -999.0 -999.0 -999 -999 "" "" "" "" 0 0 0.0 0.0 -999 ""
FIBERMAP 709 R+2C18 BOSS 1 1 0 1 0 0 126.41426432431311 32.592401766537094 143.1 126.87156379547183 -30.682959342126026 356.6657 98.473656 275.16614928312816 -6.538070990322723 -2.4064696 -3.6794436 0.102786705 275.16614231830454 -6.538081570140574 275.1792898685252 -6.516748887812585 41.12693207445387 137.8330618878633 5400.0 5400.0 2016.0 1 200 {-999.0 18.96083 17.388588 16.545382 15.846093} sdss_psfmag_from_ps1dr2 18.2792 17.2555 16.2134 14.171 63050395546932203 1040016271 "" ops_std_boss_ps1dr2 ops_std standard_boss 0 0 0.0 0.0 -999 ""
FIBERMAP 709 R+2C18 METROLOGY 0 0 0 1 0 0 125.72456870697408 32.871522430087275 143.1 126.39423351339708 -30.112361408643146 356.6657 98.473656 -999.0 -999.0 -999.0 -999.0 -999.0 275.16392076102665 -6.535426756269856 275.1771005075491 -6.51415571851718 41.13030191392598 137.83348242425237 -999.0 6231.0 -999.0 -1 -999 {-999.0 -999.0 -999.0 -999.0 -999.0} "" -999.0 -999.0 -999.0 -999.0 -999 -999 "" "" "" "" 0 0 0.0 0.0 -999 ""
FIBERMAP 710 R+8C6 APOGEE 0 0 0 1 0 0 -78.84561319086913 144.4895891596478 143.1 -1.6308882462384857 164.5699680241443 333.6155 99.492424 -999.0 -999.0 -999.0 -999.0 -999.0 274.5796918233369 -5.6489300959848965 274.5910055300907 -5.629750893237169 42.189227966707435 137.8034205033231 -999.0 16600.0 -999.0 2 -999 {-999.0 -999.0 -999.0 -999.0 -999.0} "" -999.0 -999.0 -999.0 -999.0 -999 -999 "" "" "" "" 0 0 0.0 0.0 -999 ""
FIBERMAP 710 R+8C6 BOSS 1 1 0 1 0 0 -79.06557678012847 143.76903945579994 143.1 -2.163794931662831 164.03759594241882 333.6155 99.492424 274.5773824370362 -5.65144755363457 -1.1907144 -4.3463745 0.21453361 274.5773789965507 -5.651460051135781 274.5885715100536 -5.632100567259416 42.18866800081325 137.80791196571428 5400.0 5400.0 2016.0 1 77 {-999.0 19.483427 17.906008 17.047617 16.377663} sdss_psfmag_from_ps1dr2 18.8388 17.7661 16.7181 14.754 63050395556426799 1040020580 "" ops_std_boss_ps1dr2 ops_std standard_boss 0 0 0.0 0.0 -999 ""
FIBERMAP 710 R+8C6 METROLOGY 0 0 0 1 0 0 -79.57260566879017 144.32182766955546 143.1 -2.351259894826413 164.76378128068117 333.6155 99.492424 -999.0 -999.0 -999.0 -999.0 -999.0 274.576495036399 -5.648132146279245 274.58771601333365 -5.62882902748607 42.19184486054195 137.806352297717 -999.0 6231.0 -999.0 -1 -999 {-999.0 -999.0 -999.0 -999.0 -999.0} "" -999.0 -999.0 -999.0 -999.0 -999 -999 "" "" "" "" 0 0 0.0 0.0 -999 ""
FIBERMAP 714 R-3C22 APOGEE 1 1 0 1 0 0 224.15222894641178 -73.47935350341122 143.1 163.23746823938595 -170.237081045443 349.40417 66.564384 275.3289663858494 -7.170037681650416 -1.1369654 -2.859643 0.086715125 275.3289630908694 -7.170045904225695 275.3437383432356 -7.148183076171021 40.51420021772817 138.12833591973964 16000.0 16600.0 2016.0 2 209 {-999.0 19.948586 16.819683 15.209628 -999.0} sdss_psfmag_ps1 18.179855 15.812305 14.429132 10.323 63050395546320678 1153959672 bright_1x1 mwm_galactic_core_dist_apogee_sparse mwm_galactic science 0 0 0.0 0.0 -999 ""
FIBERMAP 714 R-3C22 BOSS 0 0 0 1 0 0 223.76184155366553 -74.10081361849895 143.1 162.6007756043198 -170.60188191835877 349.40417 66.564384 -999.0 -999.0 -999.0 -999.0 -999.0 275.32621821019444 -7.171923410550015 275.3408631243485 -7.1498702163659775 40.514422583182515 138.1326857714968 -999.0 5400.0 -999.0 1 309 {-999.0 -999.0 -999.0 -999.0 -999.0} "" -999.0 -999.0 -999.0 -999.0 -999 -999 "" "" "" "" 0 0 0.0 0.0 -999 ""
FIBERMAP 714 R-3C22 METROLOGY 0 0 0 1 0 0 223.40949351221116 -73.43429961353444 143.1 162.60327444557277 -169.84808002738612 349.40417 66.564384 -999.0 -999.0 -999.0 -999.0 -999.0 275.3262100242313 -7.168467318062104 275.34088498246535 -7.1464715342722105 40.51721309083002 138.1301335695718 -999.0 6231.0 -999.0 -1 -999 {-999.0 -999.0 -999.0 -999.0 -999.0} "" -999.0 -999.0 -999.0 -999.0 -999 -999 "" "" "" "" 0 0 0.0 0.0 -999 ""
FIBERMAP 715 R-6C17 APOGEE 1 1 0 1 0 0 140.54512694519877 -135.70736833264945 143.1 60.20317570318138 -185.8327671361225 339.09897 54.96876 274.8587325042845 -7.241490011662273 -2.3266768 -4.510657 0.13535489 274.8587257604006 -7.241502981538409 274.87386771725176 -7.220867645539577 40.716384387391294 138.68992260100765 16000.0 16600.0 2016.0 2 205 {-999.0 18.862808 16.106054 14.594897 -999.0} sdss_psfmag_ps1 17.391737 15.2053795 13.859631 10.063 63050395546299297 1153959443 bright_1x1 mwm_galactic_core_dist_apogee_sparse mwm_galactic science 0 0 0.0 0.0 -999 ""
FIBERMAP 715 R-6C17 BOSS 0 0 0 1 0 0 139.9142479037984 -136.0993271434483 143.1 59.462191961809616 -185.88197638892612 339.09897 54.96876 -999.0 -999.0 -999.0 -999.0 -999.0 274.85548511013224 -7.241971311200796 274.8704958392582 -7.221148002963805 40.71802366515725 138.69378755369888 -999.0 5400.0 -999.0 1 299 {-999.0 -999.0 -999.0 -999.0 -999.0} "" -999.0 -999.0 -999.0 -999.0 -999 -999 "" "" "" "" 0 0 0.0 0.0 -999 ""
FIBERMAP 715 R-6C17 METROLOGY 0 0 0 1 0 0 139.8618147130449 -135.35633615826623 143.1 59.76529197357297 -185.20171711014248 339.09897 54.96876 -999.0 -999.0 -999.0 -999.0 -999.0 274.8568434763515 -7.238838755648092 274.8718837931789 -7.218068921895865 40.71980526812355 138.69000875686865 -999.0 6231.0 -999.0 -1 -999 {-999.0 -999.0 -999.0 -999.0 -999.0} "" -999.0 -999.0 -999.0 -999.0 -999 -999 "" "" "" "" 0 0 0.0 0.0 -999 ""
FIBERMAP 717 R+6C9 APOGEE 0 0 0 1 0 0 -36.077599635979574 102.28906513656382 143.1 16.263615842522462 107.22263778203998 328.0133 88.59406 -999.0 -999.0 -999.0 -999.0 -999.0 274.6609239831308 -5.909109116204842 274.6728496193049 -5.889599146673016 41.92902234495455 137.91155086150914 -999.0 16600.0 -999.0 2 -999 {-999.0 -999.0 -999.0 -999.0 -999.0} "" -999.0 -999.0 -999.0 -999.0 -999 -999 "" "" "" "" 0 0 0.0 0.0 -999 ""
FIBERMAP 717 R+6C9 BOSS 1 1 0 1 0 0 -36.48138556565492 101.64892653022986 143.1 15.606317608457084 106.84765548952284 328.0133 88.59406 274.65804901860355 -5.910919010284069 -0.24441564 -7.87425 4.230662 274.6580483120578 -5.910941651786293 274.6698510525716 -5.891251108719044 41.92935111154978 137.91611252839178 5400.0 5400.0 2016.0 1 130 {-999.0 17.37991 15.676285 14.695284 -999.0} sdss_psfmag_gaia 16.44077 15.354337 14.121039 11.449 63050395547480398 1094244716 bright_1x1 mwm_bin_vis_boss mwm_filler science 0 0 0.0 0.0 -999 ""
FIBERMAP 717 R+6C9 METROLOGY 0 0 0 1 0 0 -36.82319275175126 102.31650390887012 143.1 15.618617561289964 107.59743920640474 328.0133 88.59406 -999.0 -999.0 -999.0 -999.0 -999.0 274.6580744201598 -5.907491382395876 274.6699044453429 -5.8878556206525 41.93211893328252 137.91346778208572 -999.0 6231.0 -999.0 -1 -999 {-999.0 -999.0 -999.0 -999.0 -999.0} "" -999.0 -999.0 -999.0 -999.0 -999 -999 "" "" "" "" 0 0 0.0 0.0 -999 ""
FIBERMAP 719 R+3C18 APOGEE 1 1 0 1 0 0 117.60821606747596 65.14178311008396 143.1 134.40647764863868 2.17888275208651 79.07849 155.27847 275.2005891426409 -6.388399228589885 0.010327984 -1.8800603 0.20110962 275.2005891725234 -6.388404634487609 275.2134872984355 -6.367239033616428 41.23055987184357 137.6829261689122 16000.0 16600.0 2016.0 2 87 {-999.0 18.348639 15.71127 14.329014 -999.0} sdss_psfmag_ps1 16.916782 14.894895 13.581119 10.008 63050395546948273 1153961962 bright_1x1 mwm_galactic_core_dist_apogee_sparse mwm_galactic science 0 0 0.0 0.0 -999 ""
FIBERMAP 719 R+3C18 BOSS 0 0 0 1 0 0 118.06472163133438 65.74330506162119 143.1 135.09213674376338 2.4950006562164013 79.07849 155.27847 -999.0 -999.0 -999.0 -999.0 -999.0 275.2039086850026 -6.38716207086203 275.2166689574884 -6.3657968277970856 41.22994396679882 137.6783781899849 -999.0 5400.0 -999.0 1 218 {-999.0 -999.0 -999.0 -999.0 -999.0} "" -999.0 -999.0 -999.0 -999.0 -999 -999 "" "" "" "" 0 0 0.0 0.0 -999 ""
FIBERMAP 719 R+3C18 METROLOGY 0 0 0 1 0 0 118.35159140914195 65.0506854862146 143.1 135.01958558443044 1.7489525235422043 79.07849 155.27847 -999.0 -999.0 -999.0 -999.0 -999.0 275.20352523152206 -6.390501854600299 275.2163317068838 -6.36919034932275 41.22734582215787 137.68131484156856 -999.0 6231.0 -999.0 -1 -999 {-999.0 -999.0 -999.0 -999.0 -999.0} "" -999.0 -999.0 -999.0 -999.0 -999 -999 "" "" "" "" 0 0 0.0 0.0 -999 ""
FIBERMAP 721 R+9C9 APOGEE 1 1 0 1 0 0 -17.492841423607338 167.11459870066693 143.1 63.14454067410496 155.68488634226134 197.5407 145.8424 274.87542926965847 -5.690084766865396 0.91541564 -9.688171 0.79024833 274.87543191486486 -5.690112624090625 274.8867339512112 -5.67012514961238 41.98852971830082 137.5083231550291 16000.0 16600.0 2016.0 2 9 {-999.0 20.737415 17.423319 15.65253 -999.0} sdss_psfmag_ps1 18.84704 16.17056 14.740238 10.374 63050395547527780 1153963612 bright_1x1 mwm_galactic_core_dist_apogee_sparse mwm_galactic science 0 0 0.0 0.0 -999 ""
FIBERMAP 721 R+9C9 BOSS 0 0 0 1 0 0 -18.20670030233449 167.31668287668882 143.1 62.60966529118661 156.1988703622184 197.5407 145.8424 -999.0 -999.0 -999.0 -999.0 -999.0 274.87314210919374 -5.68791148619478 274.8843094346281 -5.667745034369522 41.99186114790843 137.50916067437763 -999.0 5400.0 -999.0 1 125 {-999.0 -999.0 -999.0 -999.0 -999.0} "" -999.0 -999.0 -999.0 -999.0 -999 -999 "" "" "" "" 0 0 0.0 0.0 -999 ""
FIBERMAP 721 R+9C9 METROLOGY 0 0 0 1 0 0 -17.683580785726257 167.83894571449957 143.1 63.31683465360747 156.4137282364806 197.5407 145.8424 -999.0 -999.0 -999.0 -999.0 -999.0 274.8763285627318 -5.686910164745723 274.88752901857686 -5.666788376927988 41.99081787214294 137.50488658824287 -999.0 6231.0 -999.0 -1 -999 {-999.0 -999.0 -999.0 -999.0 -999.0} "" -999.0 -999.0 -999.0 -999.0 -999 -999 "" "" "" "" 0 0 0.0 0.0 -999 ""
FIBERMAP 723 R-2C19 APOGEE 1 1 0 1 0 0 130.72846395574757 -49.06311309074103 143.1 92.28261617102368 -104.76319424876175 229.83646 137.0196 275.00691828019416 -6.8745543590490135 -3.286177 -5.254704 0.19925602 275.0069087627444 -6.87456946834736 275.0210843453324 -6.853703834418423 40.9380845102905 138.25761791062777 16000.0 16600.0 2016.0 2 212 {-999.0 18.546629 15.972361 14.698949 -999.0} sdss_psfmag_ps1 17.140057 15.280369 14.009225 10.585 63050395546416857 1153959981 bright_1x1 mwm_galactic_core_dist_apogee_sparse mwm_galactic science 0 0 0.0 0.0 -999 ""
FIBERMAP 723 R-2C19 BOSS 0 0 0 1 0 0 129.9913634904054 -49.14185123824235 143.1 91.59518558756623 -104.4860751621207 229.83646 137.0196 -999.0 -999.0 -999.0 -999.0 -999.0 275.00393960458524 -6.873548986376211 275.01798026917527 -6.85249755612325 40.94081850344868 138.26008690928018 -999.0 5400.0 -999.0 1 297 {-999.0 -999.0 -999.0 -999.0 -999.0} "" -999.0 -999.0 -999.0 -999.0 -999 -999 "" "" "" "" 0 0 0.0 0.0 -999 ""
FIBERMAP 723 R-2C19 METROLOGY 0 0 0 1 0 0 130.28424596103463 -48.46591541316825 143.1 92.17145666257699 -104.02735734162029 229.83646 137.0196 -999.0 -999.0 -999.0 -999.0 -999.0 275.00653817307006 -6.87140321006692 275.0206103389412 -6.850400837892863 40.94107768741579 138.25566685607967 -999.0 6231.0 -999.0 -1 -999 {-999.0 -999.0 -999.0 -999.0 -999.0} "" -999.0 -999.0 -999.0 -999.0 -999 -999 "" "" "" "" 0 0 0.0 0.0 -999 ""
FIBERMAP 724 R+1C21 APOGEE 0 0 0 1 0 0 163.35154039168503 4.825794536469781 143.1 146.40817004507633 -72.55230667163563 267.38113 101.29771 -999.0 -999.0 -999.0 -999.0 -999.0 275.2545813065647 -6.728206139750471 275.2682962676696 -6.706743382403309 40.920341906178656 137.87965271326695 -999.0 16600.0 -999.0 2 -999 {-999.0 -999.0 -999.0 -999.0 -999.0} "" -999.0 -999.0 -999.0 -999.0 -999 -999 "" "" "" "" 0 0 0.0 0.0 -999 ""
FIBERMAP 724 R+1C21 BOSS 1 1 0 1 0 0 162.6237968003134 4.686784962315949 143.1 145.7006552374986 -72.33276996046784 267.38113 101.29771 275.2515511182116 -6.727398477647328 -2.1900094 -11.287606 0.90113056 275.2515447774326 -6.727430933863927 275.2651246809139 -6.705782902300501 40.92292114391877 137.88236230198765 5400.0 5400.0 2016.0 1 234 {-999.0 17.307606 15.409749 14.524927 -999.0} sdss_psfmag_ps1 16.407452 15.084954 13.968998 11.343 63050395546905115 939084519 bright_1x1 openfibertargets_nov2020_34a open_fiber science 0 0 0.0 0.0 -999 ""
FIBERMAP 724 R+1C21 METROLOGY 0 0 0 1 0 0 162.8679800367997 5.39397704561185 143.1 146.2486520168477 -71.82357291423945 267.38113 101.29771 -999.0 -999.0 -999.0 -999.0 -999.0 275.254002812546 -6.725056910530353 275.2676138176589 -6.703458324761687 40.923430798161135 137.87792221555495 -999.0 6231.0 -999.0 -1 -999 {-999.0 -999.0 -999.0 -999.0 -999.0} "" -999.0 -999.0 -999.0 -999.0 -999 -999 "" "" "" "" 0 0 0.0 0.0 -999 ""
FIBERMAP 730 R+6C13 APOGEE 0 0 0 1 0 0 29.849676630513276 100.32620051392695 143.1 73.51390724950814 74.4905710147405 296.66028 29.140646 -999.0 -999.0 -999.0 -999.0 -999.0 274.9226666129515 -6.05869193503905 274.934860280085 -6.038416323922555 41.65858087534217 137.73709749210664 -999.0 16600.0 -999.0 2 -999 {-999.0 -999.0 -999.0 -999.0 -999.0} "" -999.0 -999.0 -999.0 -999.0 -999 -999 "" "" "" "" 0 0 0.0 0.0 -999 ""
FIBERMAP 730 R+6C13 BOSS 1 1 0 1 0 0 29.230561577771482 100.75573924253328 143.1 73.16958521194202 75.16070752851611 296.66028 29.140646 274.92126427259643 -6.0557947454950405 -1.4403872 0.70412743 0.43246463 274.92126010768646 -6.055792720857386 274.9333161220907 -6.0353335179870005 41.66198992176101 137.73644160270126 5400.0 5400.0 2016.0 1 149 {-999.0 16.586752 14.967257 14.002957 -999.0} sdss_psfmag_from_g3xp 15.882168 14.605085 13.489534 11.243 63050395547396546 1093174633 bright_3x1 mwm_astar_core_boss mwm_ob science 0 0 0.0 0.0 -999 ""
FIBERMAP 730 R+6C13 METROLOGY 0 0 0 1 0 0 29.89861764832034 101.07069145227865 143.1 73.90716367849032 75.12448604971198 296.66028 29.140646 -999.0 -999.0 -999.0 -999.0 -999.0 274.9245899343579 -6.055920800699267 274.9366820325956 -6.035506107833724 41.65994438259554 137.73288767645082 -999.0 6231.0 -999.0 -1 -999 {-999.0 -999.0 -999.0 -999.0 -999.0} "" -999.0 -999.0 -999.0 -999.0 -999 -999 "" "" "" "" 0 0 0.0 0.0 -999 ""
FIBERMAP 733 R+2C2 APOGEE 0 0 0 1 0 0 -241.06026612209305 54.29972642078469 143.1 -187.1754409117588 161.2636898935895 96.63713 88.908714 -999.0 -999.0 -999.0 -999.0 -999.0 273.735209757136 -5.66362471590142 273.7468782180109 -5.646694664121279 42.64759254450635 138.75729219418167 -999.0 16600.0 -999.0 2 -999 {-999.0 -999.0 -999.0 -999.0 -999.0} "" -999.0 -999.0 -999.0 -999.0 -999 -999 "" "" "" "" 0 0 0.0 0.0 -999 ""
FIBERMAP 733 R+2C2 BOSS 1 1 0 1 0 0 -240.35179664457507 54.389073976327325 143.1 -186.50828517813125 161.00939514319967 96.63713 88.908714 273.73831680375974 -5.6649322897656065 -0.19873664 0.24906264 0.5711698 273.7383162295108 -5.664931573614553 273.7498628592889 -5.647808644681078 42.64501283423317 138.75478242682027 5400.0 5400.0 2016.0 1 10 {-999.0 16.24918 15.417244 15.032978 -999.0} sdss_psfmag_ps1 15.928675 15.310088 14.518861 13.187 63050395556067383 982154127 "" ops_std_boss_tic ops_std standard_boss 0 0 0.0 0.0 -999 ""
FIBERMAP 733 R+2C2 METROLOGY 0 0 0 1 0 0 -240.62067448012505 53.696882188147704 143.1 -187.07101872998714 160.5250459343962 96.63713 88.908714 -999.0 -999.0 -999.0 -999.0 -999.0 273.73572047658524 -5.6670703092945836 273.74730842313795 -5.6500055559240066 42.6446044269259 138.7593162132624 -999.0 6231.0 -999.0 -1 -999 {-999.0 -999.0 -999.0 -999.0 -999.0} "" -999.0 -999.0 -999.0 -999.0 -999 -999 "" "" "" "" 0 0 0.0 0.0 -999 ""
FIBERMAP 741 R+5C9 APOGEE 1 1 0 1 0 0 -46.552037645198325 87.29471363360844 143.1 -0.029459488096031165 98.91709080809339 319.53296 113.40241 274.5862205186136 -5.94654455765505 16.49371 -34.224266 6.7681084 274.58626820097095 -5.946642965603261 274.59831674081886 -5.927315646581674 41.9398928241152 138.0224057830087 16000.0 16600.0 2016.0 2 101 {-999.0 9.053149 8.76768 8.672136 -999.0} sdss_psfmag_from_g3xp 9.022731 8.766304 8.342706 7.666 63050395547493920 975043016 "" ops_std_apogee ops_std standard_apogee 0 0 0.0 0.0 -999 ""
FIBERMAP 741 R+5C9 BOSS 0 0 0 1 0 0 -46.748132781882504 86.58161031979579 143.1 -0.5378035888065273 98.38006598212198 319.53296 113.40241 -999.0 -999.0 -999.0 -999.0 -999.0 274.5840651271053 -5.949216603311944 274.5959904378567 -5.92970718813204 41.93922856403182 138.02678934003552 -999.0 5400.0 -999.0 1 75 {-999.0 -999.0 -999.0 -999.0 -999.0} "" -999.0 -999.0 -999.0 -999.0 -999 -999 "" "" "" "" 0 0 0.0 0.0 -999 ""
FIBERMAP 741 R+5C9 METROLOGY 0 0 0 1 0 0 -47.27777502713293 87.09730746112184 143.1 -0.7626630640160031 99.08415586528957 319.53296 113.40241 -999.0 -999.0 -999.0 -999.0 -999.0 274.58300728889515 -5.9459693852348865 274.59496156705836 -5.926517317514063 41.942438238019406 138.02549946674068 -999.0 6231.0 -999.0 -1 -999 {-999.0 -999.0 -999.0 -999.0 -999.0} "" -999.0 -999.0 -999.0 -999.0 -999 -999 "" "" "" "" 0 0 0.0 0.0 -999 ""
FIBERMAP 742 R-5C19 APOGEE 0 0 0 1 0 0 185.24457526215608 -97.52592411901871 143.1 117.59884155513103 -173.16041890480446 29.856936 82.26029 -999.0 -999.0 -999.0 -999.0 -999.0 275.1211648523385 -7.183991028266835 275.13605887263077 -7.162678713380851 40.61852912641909 138.36303472411856 -999.0 16600.0 -999.0 2 -999 {-999.0 -999.0 -999.0 -999.0 -999.0} "" -999.0 -999.0 -999.0 -999.0 -999 -999 "" "" "" "" 0 0 0.0 0.0 -999 ""
FIBERMAP 742 R-5C19 BOSS 1 1 0 1 0 0 185.53806193330348 -98.20717182822858 143.1 117.5374762795243 -173.89954403898247 29.856936 82.26029 275.12101707506577 -7.1875599937312895 3.189399 0.13584879 0.3592909 275.1210263184522 -7.187559603113589 275.13579428523303 -7.166049428022491 40.615891348548665 138.36582086145202 5400.0 5400.0 2016.0 1 287 {-999.0 18.896997 17.305906 16.421362 15.736888} sdss_psfmag_from_ps1dr2 18.2718 17.1444 16.1187 13.992 63050395546328227 1040016018 "" ops_std_boss_ps1dr2 ops_std standard_boss 0 0 0.0 0.0 -999 ""
FIBERMAP 742 R-5C19 METROLOGY 0 0 0 1 0 0 184.79311535992048 -98.11993248359384 143.1 116.92116768706151 -173.4722794810793 29.856936 82.26029 -999.0 -999.0 -999.0 -999.0 -999.0 275.1181837625742 -7.185577368527054 275.1329861877523 -7.164131459584552 40.619045154312566 138.36743159428167 -999.0 6231.0 -999.0 -1 -999 {-999.0 -999.0 -999.0 -999.0 -999.0} "" -999.0 -999.0 -999.0 -999.0 -999 -999 "" "" "" "" 0 0 0.0 0.0 -999 ""
FIBERMAP 743 R-1C3 APOGEE 1 1 0 1 0 0 -243.18958627464474 -32.252243306068316 143.1 -229.75244760595967 85.8927414654964 251.03358 103.24464 273.5398367071263 -6.004092745026979 -2.4512348 -4.464596 -0.088793784 273.5398296200047 -6.0041055824598875 273.55241546650973 -5.987549709940747 42.47124559567505 139.23248639948943 16000.0 16600.0 2016.0 2 281 {-999.0 21.668383 18.860416 15.96416 -999.0} sdss_psfmag_ps1 20.242245 16.37137 14.798767 10.304 63050395555952924 1153970867 bright_1x1 mwm_galactic_core_dist_apogee_sparse mwm_galactic science 0 0 0.0 0.0 -999 ""
FIBERMAP 743 R-1C3 BOSS 0 0 0 1 0 0 -243.9336068016643 -32.189125765445 143.1 -230.37928152822786 86.29828585537624 251.03358 103.24464 -999.0 -999.0 -999.0 -999.0 -999.0 273.53712375626674 -6.002448180617548 273.5495827904592 -5.985714430104462 42.474331191222454 139.23429732112444 -999.0 5400.0 -999.0 1 433 {-999.0 -999.0 -999.0 -999.0 -999.0} "" -999.0 -999.0 -999.0 -999.0 -999 -999 "" "" "" "" 0 0 0.0 0.0 -999 ""
FIBERMAP 743 R-1C3 METROLOGY 0 0 0 1 0 0 -243.51261789113323 -31.573923195368252 143.1 -229.71852896072008 86.64317583734046 251.03358 103.24464 -999.0 -999.0 -999.0 -999.0 -999.0 273.5400825477898 -6.000838579209554 273.5525715356821 -5.9841502912541085 42.47399423246038 139.22976639804392 -999.0 6231.0 -999.0 -1 -999 {-999.0 -999.0 -999.0 -999.0 -999.0} "" -999.0 -999.0 -999.0 -999.0 -999 -999 "" "" "" "" 0 0 0.0 0.0 -999 ""
FIBERMAP 748 R-1C24 APOGEE 1 1 0 1 0 0 225.01918464059483 -30.322517899693906 143.1 184.2954942437868 -132.56377861631125 238.45901 104.36786 275.4256496564174 -6.99965214256246 -4.738679 -7.0386453 0.07770498 275.4256359285742 -6.999672381379136 275.43995148051334 -6.97762828934241 40.60058886845037 137.897555270787 16000.0 16600.0 2016.0 2 210 {-999.0 18.732723 16.292128 15.053645 -999.0} sdss_psfmag_ps1 17.42185 15.62299 14.360436 10.923 63050395546763051 1153961290 bright_1x1 mwm_galactic_core_dist_apogee_sparse mwm_galactic science 0 0 0.0 0.0 -999 ""
FIBERMAP 748 R-1C24 BOSS 0 0 0 1 0 0 224.30408960980975 -30.110611278256187 143.1 183.76414676995893 -132.04054615600364 238.45901 104.36786 -999.0 -999.0 -999.0 -999.0 -999.0 275.4234072685031 -6.997537382165225 275.4375822856907 -6.975304375976638 40.60383724335505 137.89836606867544 -999.0 5400.0 -999.0 1 311 {-999.0 -999.0 -999.0 -999.0 -999.0} "" -999.0 -999.0 -999.0 -999.0 -999 -999 "" "" "" "" 0 0 0.0 0.0 -999 ""
FIBERMAP 748 R-1C24 METROLOGY 0 0 0 1 0 0 224.8381448558893 -29.595267441295228 143.1 184.47771223442297 -131.83693566221385 238.45901 104.36786 -999.0 -999.0 -999.0 -999.0 -999.0 275.42660354374095 -6.996543554498582 275.44081338777664 -6.974357942767017 40.6027945262127 137.8941813332816 -999.0 6231.0 -999.0 -1 -999 {-999.0 -999.0 -999.0 -999.0 -999.0} "" -999.0 -999.0 -999.0 -999.0 -999 -999 "" "" "" "" 0 0 0.0 0.0 -999 ""
FIBERMAP 751 R-10C16 APOGEE 0 0 0 1 0 0 154.4016651016184 -204.52154048833313 143.1 40.07245318572387 -253.06895032201064 235.76782 136.95651 -999.0 -999.0 -999.0 -999.0 -999.0 274.7654295070658 -7.543226855231709 274.7813555496007 -7.522703382846429 40.517082182324586 139.01207919895353 -999.0 16600.0 -999.0 2 -999 {-999.0 -999.0 -999.0 -999.0 -999.0} "" -999.0 -999.0 -999.0 -999.0 -999 -999 "" "" "" "" 0 0 0.0 0.0 -999 ""
FIBERMAP 751 R-10C16 BOSS 1 1 0 1 0 0 153.6707734186762 -204.69707436417335 143.1 39.34498623523099 -252.88016183588374 235.76782 136.95651 274.7622554363633 -7.542590085462535 -2.4070735 -2.9601278 0.3358891 274.762248454691 -7.542598596970422 274.7780403573401 -7.52188558253519 40.51959013750807 139.01507340366214 5400.0 5400.0 2016.0 1 268 {-999.0 16.962795 15.33808 14.635132 -999.0} sdss_psfmag_ps1 16.269968 15.110929 14.036983 11.899 63050395546280305 1093371737 bright_3x1 mwm_astar_core_boss mwm_ob science 0 0 0.0 0.0 -999 ""
FIBERMAP 751 R-10C16 METROLOGY 0 0 0 1 0 0 153.88628406749507 -203.98205520569996 143.1 39.87136316007374 -252.35057598221084 235.76782 136.95651 -999.0 -999.0 -999.0 -999.0 -999.0 274.76462315337636 -7.540174795093001 274.7804459881155 -7.5195127641562856 40.52023512898812 139.01072991145008 -999.0 6231.0 -999.0 -1 -999 {-999.0 -999.0 -999.0 -999.0 -999.0} "" -999.0 -999.0 -999.0 -999.0 -999 -999 "" "" "" "" 0 0 0.0 0.0 -999 ""
FIBERMAP 753 R-2C22 APOGEE 0 0 0 1 1 0 214.36943872445354 -56.2146792059546 143.1 162.72340464566582 -150.4029605705707 13.092481 31.935368 -999.0 -999.0 -999.0 -999.0 -999.0 275.3272158810509 -7.080627374886715 275.3417711603307 -7.05881009030548 40.58898735883396 138.06388429778394 -999.0 16600.0 -999.0 2 -999 {-999.0 -999.0 -999.0 -999.0 -999.0} "" -999.0 -999.0 -999.0 -999.0 -999 -999 "" "" "" "" 0 0 0.0 0.0 -999 ""
FIBERMAP 753 R-2C22 BOSS 1 0 0 1 1 0 213.84090625773453 -56.7527421917672 143.1 162.00402949216655 -150.6292150076972 13.092481 31.935368 275.21863925740115 -6.973798036637822 0.41344064 -3.48365 0.27799293 275.3241059064981 -7.0818860266119525 275.3385297177482 -7.05988025425406 40.589926773537314 138.06817385851403 5400.0 5400.0 2016.0 1 285 {-999.0 18.360043 16.944014 16.191423 15.564165} sdss_psfmag_from_ps1dr2 17.7956 16.8292 15.8575 14.033 63050395546346856 1040016024 "" ops_std_boss_ps1dr2 ops_std standard_boss 0 0 0.0 0.0 -999 ""
FIBERMAP 753 R-2C22 METROLOGY 0 0 0 1 1 0 213.64446653509128 -56.03839164211901 143.1 162.16659305916906 -149.90651344585186 13.092481 31.935368 -999.0 -999.0 -999.0 -999.0 -999.0 275.3248203097529 -7.078559512564318 275.33927411989873 -7.056608973517057 40.59220482603909 138.06493275813457 -999.0 6231.0 -999.0 -1 -999 {-999.0 -999.0 -999.0 -999.0 -999.0} "" -999.0 -999.0 -999.0 -999.0 -999 -999 "" "" "" "" 0 0 0.0 0.0 -999 ""
FIBERMAP 756 R-13C9 APOGEE 1 1 0 1 0 0 18.439404973003004 -253.46985189599351 143.1 -102.91493342070544 -232.32858488943728 199.28271 100.11083 274.1128138272285 -7.447490984347281 -3.0899122 -7.5404987 -0.27712807 274.1128048669518 -7.447512666186127 274.12875356845126 -7.428781840542334 40.95296175192411 139.6552520325155 16000.0 16600.0 2016.0 2 207 {-999.0 20.724634 17.717522 15.194918 -999.0} sdss_psfmag_ps1 19.045876 15.657384 14.133097 9.742 63050395546241537 1153959285 bright_1x1 mwm_galactic_core_dist_apogee_sparse mwm_galactic science 0 0 0.0 0.0 -999 ""
FIBERMAP 756 R-13C9 BOSS 0 0 0 1 0 0 18.051548915985926 -252.83870086428016 143.1 -102.96039456951968 -231.58929032850222 199.28271 100.11083 -999.0 -999.0 -999.0 -999.0 -999.0 274.1127134462205 -7.444417241682808 274.1285243781123 -7.425491615693228 40.95583658577588 139.65311183689113 -999.0 5400.0 -999.0 1 334 {-999.0 -999.0 -999.0 -999.0 -999.0} "" -999.0 -999.0 -999.0 -999.0 -999 -999 "" "" "" "" 0 0 0.0 0.0 -999 ""
FIBERMAP 756 R-13C9 METROLOGY 0 0 0 1 0 0 18.796447527018174 -252.8164502272723 143.1 -102.29264435102985 -231.91991997941852 199.28271 100.11083 -999.0 -999.0 -999.0 -999.0 -999.0 274.1157233241987 -7.4458630413412354 274.13157352403164 -7.426984356550163 40.95292894698635 139.65085081301686 -999.0 6231.0 -999.0 -1 -999 {-999.0 -999.0 -999.0 -999.0 -999.0} "" -999.0 -999.0 -999.0 -999.0 -999 -999 "" "" "" "" 0 0 0.0 0.0 -999 ""
FIBERMAP 758 R+4C17 APOGEE 1 1 0 1 0 0 98.14360797868527 90.11806771421219 143.1 128.97544291757933 33.370161293029156 176.93654 70.60157 275.17593383789057 -6.2464531598643305 -999.0 -999.0 -999.0 275.17593383789057 -6.24645315986433 275.18849146510615 -6.22541685347238 41.36125021265879 137.6025037862937 16000.0 16600.0 2015.5 2 83 {-999.0 -999.0 -999.0 -999.0 -999.0} "" -999.0 -999.0 -999.0 -999.0 27021603148795774 848186159 "" ops_sky_apogee_best ops_sky sky_apogee 0 0 0.0 0.0 -999 ""
FIBERMAP 758 R+4C17 BOSS 0 0 0 1 0 0 98.42617372263733 90.80362042508868 143.1 129.5471326783569 33.84221600307197 176.93654 70.60157 -999.0 -999.0 -999.0 -999.0 -999.0 275.1787303692331 -6.2444886863721365 275.19114909886275 -6.223255442475949 41.361518684020744 137.59796998492817 -999.0 5400.0 -999.0 1 210 {-999.0 -999.0 -999.0 -999.0 -999.0} "" -999.0 -999.0 -999.0 -999.0 -999 -999 "" "" "" "" 0 0 0.0 0.0 -999 ""
FIBERMAP 758 R+4C17 METROLOGY 0 0 0 1 0 0 98.88625661336552 90.22591818906609 143.1 129.68145820804514 33.11612165885962 176.93654 70.60157 -999.0 -999.0 -999.0 -999.0 -999.0 275.1792936852586 -6.2477418113918155 275.19175788835264 -6.226559533425141 41.35845957858507 137.599818574198 -999.0 6231.0 -999.0 -1 -999 {-999.0 -999.0 -999.0 -999.0 -999.0} "" -999.0 -999.0 -999.0 -999.0 -999 -999 "" "" "" "" 0 0 0.0 0.0 -999 ""
FIBERMAP 760 R+10C10 APOGEE 0 0 0 1 0 0 23.24563896515078 208.15588863979843 143.1 118.38985188381763 172.743231222837 94.29882 108.790535 -999.0 -999.0 -999.0 -999.0 -999.0 275.12700094492345 -5.614309348889328 275.13801835832066 -5.59368272128258 41.908017195515676 137.173813524017 -999.0 16600.0 -999.0 2 -999 {-999.0 -999.0 -999.0 -999.0 -999.0} "" -999.0 -999.0 -999.0 -999.0 -999 -999 "" "" "" "" 0 0 0.0 0.0 -999 ""
FIBERMAP 760 R+10C10 BOSS 1 1 0 1 0 0 23.9465788365275 208.45765267942014 143.1 119.15024524469524 172.67991020497718 94.29882 108.790535 275.130615234375 -5.614764480548871 -999.0 -999.0 -999.0 275.130615234375 -5.61476448054887 275.1415011497315 -5.593941896086935 41.90581415765133 137.17020096488133 5400.0 5400.0 2015.5 1 122 {-999.0 -999.0 -999.0 -999.0 -999.0} "" -999.0 -999.0 -999.0 -999.0 27021603148797751 852799100 "" ops_sky_boss_fallback ops_sky sky_boss 0 0 0.0 0.0 -999 ""
FIBERMAP 760 R+10C10 METROLOGY 0 0 0 1 0 0 23.845470969067698 207.71219556165906 143.1 118.71050323944553 172.06967231774206 94.29882 108.790535 -999.0 -999.0 -999.0 -999.0 -999.0 275.1285820880316 -5.6174587872902615 275.1395126343026 -5.596693186349085 41.9046986472189 137.17450098820728 -999.0 6231.0 -999.0 -1 -999 {-999.0 -999.0 -999.0 -999.0 -999.0} "" -999.0 -999.0 -999.0 -999.0 -999 -999 "" "" "" "" 0 0 0.0 0.0 -999 ""
FIBERMAP 761 R+4C9 APOGEE 1 1 0 1 0 0 -69.82707388355486 99.1553111083244 143.1 -14.98996681420648 120.3270038398549 168.42233 24.523314 274.51808110805877 -5.8492077281176025 -2.5648007 -5.1426396 0.2268042 274.5180736946709 -5.84922251518778 274.529906210852 -5.830120569253467 42.058536824978425 138.02399116226294 16000.0 16600.0 2016.0 2 118 {-999.0 17.851618 15.283776 14.769968 -999.0} sdss_psfmag_ps1 16.484203 14.28958 12.941241 9.286 63050395547499875 1153963636 bright_1x1 mwm_galactic_core_dist_apogee_sparse mwm_galactic science 0 0 0.0 0.0 -999 ""
FIBERMAP 761 R+4C9 BOSS 0 0 0 1 0 0 -69.10024843086771 99.33053557653923 143.1 -14.266233334099581 120.13985434372827 168.42233 24.523314 -999.0 -999.0 -999.0 -999.0 -999.0 274.52150364861177 -5.850213183345139 274.53320874331985 -5.830915111550597 42.05602405364065 138.02094616611413 -999.0 5400.0 -999.0 1 64 {-999.0 -999.0 -999.0 -999.0 -999.0} "" -999.0 -999.0 -999.0 -999.0 -999 -999 "" "" "" "" 0 0 0.0 0.0 -999 ""
FIBERMAP 761 R+4C9 METROLOGY 0 0 0 1 0 0 -69.27278340287096 98.6057749059083 143.1 -14.759269767307337 119.58146486932853 168.42233 24.523314 -999.0 -999.0 -999.0 -999.0 -999.0 274.51920558381715 -5.852699298710058 274.53095413304436 -5.833459136019036 42.05519359157064 138.0253749349238 -999.0 6231.0 -999.0 -1 -999 {-999.0 -999.0 -999.0 -999.0 -999.0} "" -999.0 -999.0 -999.0 -999.0 -999 -999 "" "" "" "" 0 0 0.0 0.0 -999 ""
FIBERMAP 762 R+2C22 APOGEE 0 0 0 1 0 0 214.6711520378623 31.61515349737266 143.1 204.28862955218173 -73.0450745105001 346.67596 102.77089 -999.0 -999.0 -999.0 -999.0 -999.0 275.5175550646607 -6.730047398213244 275.53116851833784 -6.707879535456278 40.770751184007686 137.59680139632567 -999.0 16600.0 -999.0 2 -999 {-999.0 -999.0 -999.0 -999.0 -999.0} "" -999.0 -999.0 -999.0 -999.0 -999 -999 "" "" "" "" 0 0 0.0 0.0 -999 ""
FIBERMAP 762 R+2C22 BOSS 1 1 0 1 0 0 214.67549165611518 30.886092887859544 143.1 203.94964276355407 -73.69042746009464 346.67596 102.77089 275.5161888275613 -6.733168673748373 -1.4174136 -5.4657135 1.7333136 275.51618472364606 -6.7331843897804085 275.529670806538 -6.71082442476836 40.76918266856433 137.60063392848681 5400.0 5400.0 2016.0 1 224 {-999.0 18.124659 16.37984 15.611514 -999.0} sdss_psfmag_ps1 17.306625 16.113491 15.008291 12.654 63050395546788232 939084422 bright_1x1 openfibertargets_nov2020_34a open_fiber science 0 0 0.0 0.0 -999 ""
FIBERMAP 762 R+2C22 METROLOGY 0 0 0 1 0 0 214.0216376964965 31.248011697965488 143.1 203.5428716525849 -73.06362297910465 346.67596 102.77089 -999.0 -999.0 -999.0 -999.0 -999.0 275.514307982375 -6.73029031747089 275.5278259001152 -6.70799186103265 40.772554306999176 137.60048495478836 -999.0 6231.0 -999.0 -1 -999 {-999.0 -999.0 -999.0 -999.0 -999.0} "" -999.0 -999.0 -999.0 -999.0 -999 -999 "" "" "" "" 0 0 0.0 0.0 -999 ""
FIBERMAP 765 R+2C19 APOGEE 1 1 0 1 0 0 118.46415446119833 49.52804317760074 143.1 127.8199139312737 -12.00092839112393 190.29158 64.13503 275.17044067382807 -6.452880275240645 -999.0 -999.0 -999.0 275.17044067382807 -6.452880275240645 275.1835098308229 -6.4317665380431315 41.194463323714196 137.76431112772187 16000.0 16600.0 2015.5 2 72 {-999.0 -999.0 -999.0 -999.0 -999.0} "" -999.0 -999.0 -999.0 -999.0 27021603148792299 848186063 "" ops_sky_apogee_best ops_sky sky_apogee 0 0 0.0 0.0 -999 ""
FIBERMAP 765 R+2C19 BOSS 0 0 0 1 0 0 118.66056436535399 50.24772427012586 143.1 128.3316287553467 -11.458247438387318 190.29158 64.13503 -999.0 -999.0 -999.0 -999.0 -999.0 275.17296925771575 -6.450611089202189 275.185898394338 -6.429299907212591 41.19514189077711 137.75985222635023 -999.0 5400.0 -999.0 1 221 {-999.0 -999.0 -999.0 -999.0 -999.0} "" -999.0 -999.0 -999.0 -999.0 -999 -999 "" "" "" "" 0 0 0.0 0.0 -999 ""
FIBERMAP 765 R+2C19 METROLOGY 0 0 0 1 0 0 119.18947242600444 49.71649118280124 143.1 128.54853514558235 -12.175700787109431 190.29158 64.13503 -999.0 -999.0 -999.0 -999.0 -999.0 275.17390595382614 -6.453821717304966 275.18688044306293 -6.432560898068817 41.191904788446024 137.76125078745753 -999.0 6231.0 -999.0 -1 -999 {-999.0 -999.0 -999.0 -999.0 -999.0} "" -999.0 -999.0 -999.0 -999.0 -999 -999 "" "" "" "" 0 0 0.0 0.0 -999 ""
FIBERMAP 766 R+7C3 APOGEE 1 1 0 1 0 0 -164.7067581672805 144.5466266981967 143.1 -77.36668360126188 204.99358603689961 35.33827 144.88644 274.23510826921483 -5.4661228490399765 -2.036506 -4.8033767 0.20151997 274.2351023867261 -5.466136660598453 274.2460946446323 -5.447957079292099 42.53343382304271 138.04712318823974 16000.0 16600.0 2016.0 2 123 {-999.0 17.805677 15.50518 14.481968 -999.0} sdss_psfmag_ps1 16.662394 15.002514 13.78476 10.588 63050395556424689 1153971796 bright_1x1 mwm_galactic_core_dist_apogee_sparse mwm_galactic science 0 0 0.0 0.0 -999 ""
FIBERMAP 766 R+7C3 BOSS 0 0 0 1 0 0 -163.9546052887916 144.56253916621858 143.1 -76.69551263236035 204.65395260557833 35.33827 144.88644 -999.0 -999.0 -999.0 -999.0 -999.0 274.2382577115763 -5.467807967725372 274.24912670563435 -5.449435683970274 42.530509054877 138.04487589309733 -999.0 5400.0 -999.0 1 26 {-999.0 -999.0 -999.0 -999.0 -999.0} "" -999.0 -999.0 -999.0 -999.0 -999 -999 "" "" "" "" 0 0 0.0 0.0 -999 ""
FIBERMAP 766 R+7C3 METROLOGY 0 0 0 1 0 0 -164.31803588314594 143.90876519756387 143.1 -77.32361347656786 204.247962942689 35.33827 144.88644 -999.0 -999.0 -999.0 -999.0 -999.0 274.2353549633378 -5.469589229585733 274.2462652244327 -5.451275944784451 42.53059885905919 138.0494762598103 -999.0 6231.0 -999.0 -1 -999 {-999.0 -999.0 -999.0 -999.0 -999.0} "" -999.0 -999.0 -999.0 -999.0 -999 -999 "" "" "" "" 0 0 0.0 0.0 -999 ""
FIBERMAP 776 R+1C5 APOGEE 1 1 0 1 0 0 -169.92934832086942 13.287374064050372 143.1 -143.6952286147614 91.62809194566194 53.241585 29.266464 273.92975695095276 -5.97842677816291 -3.3421044 -4.594128 0.08217135 273.92974728856274 -5.978439988051155 273.9421233266148 -5.9608536990179815 42.2784873357324 138.7758783092445 16000.0 16600.0 2016.0 2 110 {-999.0 16.420767 14.250652 13.568495 -999.0} sdss_psfmag_ps1 15.30409 13.719296 12.516386 9.333 63050395555972100 1153970812 bright_1x1 mwm_galactic_core_dist_apogee_sparse mwm_galactic science 0 0 0.0 0.0 -999 ""
FIBERMAP 776 R+1C5 BOSS 0 0 0 1 0 0 -170.06212860614113 12.546285861524693 143.1 -144.16086356297743 91.03660200454458 53.241585 29.266464 -999.0 -999.0 -999.0 -999.0 -999.0 273.92768866855187 -5.981277176510224 273.93994680867763 -5.963508798635072 42.27748854527215 138.78030722594687 -999.0 5400.0 -999.0 1 63 {-999.0 -999.0 -999.0 -999.0 -999.0} "" -999.0 -999.0 -999.0 -999.0 -999 -999 "" "" "" "" 0 0 0.0 0.0 -999 ""
FIBERMAP 776 R+1C5 METROLOGY 0 0 0 1 0 0 -170.63568121166819 13.032881727048467 143.1 -144.43815278334756 91.7356607050761 53.241585 29.266464 -999.0 -999.0 -999.0 -999.0 -999.0 273.92642087892415 -5.978056710176181 273.93870714687273 -5.960345952531296 42.280801982106446 138.77930951440607 -999.0 6231.0 -999.0 -1 -999 {-999.0 -999.0 -999.0 -999.0 -999.0} "" -999.0 -999.0 -999.0 -999.0 -999 -999 "" "" "" "" 0 0 0.0 0.0 -999 ""
FIBERMAP 779 R+1C20 APOGEE 1 1 0 1 0 0 145.76494365959067 30.91341350060194 143.1 143.15683225664327 -41.26347407985606 76.258606 128.66284 275.24016138657777 -6.586029603994941 -2.9554133 -1.7978803 -0.022574225 275.2401528321731 -6.586034773593367 275.25352276579844 -6.564674699176514 41.04558088359255 137.7887021625975 16000.0 16600.0 2016.0 2 85 {-999.0 20.22364 17.241365 14.578215 -999.0} sdss_psfmag_ps1 18.555294 14.750029 13.173902 8.507 63050395546929939 1153961861 bright_1x1 mwm_galactic_core_dist_apogee_sparse mwm_galactic science 0 0 0.0 0.0 -999 ""
FIBERMAP 779 R+1C20 BOSS 0 0 0 1 0 0 146.42672212612192 31.23839276155733 143.1 143.89358633792656 -41.28789600550177 76.258606 128.66284 -999.0 -999.0 -999.0 -999.0 -999.0 275.24370114732307 -6.586355802934565 275.25693631851937 -6.564793349202246 41.04355470647633 137.78509318886358 -999.0 5400.0 -999.0 1 233 {-999.0 -999.0 -999.0 -999.0 -999.0} "" -999.0 -999.0 -999.0 -999.0 -999 -999 "" "" "" "" 0 0 0.0 0.0 -999 ""
FIBERMAP 779 R+1C20 METROLOGY 0 0 0 1 0 0 146.38265333277775 30.491300002429632 143.1 143.50340567046484 -41.926397847144 76.258606 128.66284 -999.0 -999.0 -999.0 -999.0 -999.0 275.2418669510042 -6.589200605885961 275.255147891824 -6.567696391412642 41.04217725910056 137.78921982397952 -999.0 6231.0 -999.0 -1 -999 {-999.0 -999.0 -999.0 -999.0 -999.0} "" -999.0 -999.0 -999.0 -999.0 -999 -999 "" "" "" "" 0 0 0.0 0.0 -999 ""
FIBERMAP 781 R+8C12 APOGEE 0 0 0 1 0 0 64.59051646895657 154.1003631229553 143.1 129.45418954672414 105.604402916417 48.411057 55.13096 -999.0 -999.0 -999.0 -999.0 -999.0 275.177983497854 -5.918281352032889 275.1897307743001 -5.897384954416138 41.62972085017406 137.35084480040598 -999.0 16600.0 -999.0 2 -999 {-999.0 -999.0 -999.0 -999.0 -999.0} "" -999.0 -999.0 -999.0 -999.0 -999 -999 "" "" "" "" 0 0 0.0 0.0 -999 ""
FIBERMAP 781 R+8C12 BOSS 1 1 0 1 0 0 64.76651403554393 153.37007934759734 143.1 129.26609606241982 104.87725433982838 48.411057 55.13096 275.17730712890625 -5.921728772620241 -999.0 -999.0 -999.0 275.17730712890625 -5.921728772620241 275.1889309891263 -5.900644471560922 41.627504472695 137.35421475710606 5400.0 5400.0 2015.5 1 139 {-999.0 -999.0 -999.0 -999.0 -999.0} "" -999.0 -999.0 -999.0 -999.0 27021603148796589 852798867 "" ops_sky_boss_fallback ops_sky sky_boss 0 0 0.0 0.0 -999 ""
FIBERMAP 781 R+8C12 METROLOGY 0 0 0 1 0 0 64.0574720271926 153.57832327426905 143.1 128.7383674289444 105.39440866364798 48.411057 55.13096 -999.0 -999.0 -999.0 -999.0 -999.0 275.17485503396927 -5.9193259103041 275.1865114088182 -5.898302571429977 41.6308026377732 137.35506002287133 -999.0 6231.0 -999.0 -1 -999 {-999.0 -999.0 -999.0 -999.0 -999.0} "" -999.0 -999.0 -999.0 -999.0 -999 -999 "" "" "" "" 0 0 0.0 0.0 -999 ""
FIBERMAP 784 R0C21 APOGEE 1 1 0 1 0 0 165.36750137808812 -16.827540117150182 143.1 138.00527884621366 -92.60682888453077 338.9324 68.12656 275.21596697898906 -6.819262918273306 -4.0787654 -5.351215 -0.014880619 275.2159551674074 -6.819278305077586 275.22991039205397 -6.797877832214153 40.866917651010304 137.98957478787133 16000.0 16600.0 2016.0 2 73 {-999.0 19.976377 17.097576 14.855754 -999.0} sdss_psfmag_ps1 18.32778 15.324411 13.852906 9.663 63050395546898379 1153961623 bright_1x1 mwm_galactic_core_dist_apogee_sparse mwm_galactic science 0 0 0.0 0.0 -999 ""
FIBERMAP 784 R0C21 BOSS 0 0 0 1 0 0 164.86934439201752 -17.37331537632737 143.1 137.30908013667283 -92.85417155728622 338.9324 68.12656 -999.0 -999.0 -999.0 -999.0 -999.0 275.212957890981 -6.820630903720737 275.22678310444087 -6.799043588688877 40.86771707143115 137.99383163184805 -999.0 5400.0 -999.0 1 243 {-999.0 -999.0 -999.0 -999.0 -999.0} "" -999.0 -999.0 -999.0 -999.0 -999 -999 "" "" "" "" 0 0 0.0 0.0 -999 ""
FIBERMAP 784 R0C21 METROLOGY 0 0 0 1 0 0 164.63575986927148 -16.666678094416977 143.1 137.4352407743972 -92.12080998839834 338.9324 68.12656 -999.0 -999.0 -999.0 -999.0 -999.0 275.21349867273057 -6.817240988973915 275.2273534391585 -6.7957088254138736 40.8701436482883 137.99071542639794 -999.0 6231.0 -999.0 -1 -999 {-999.0 -999.0 -999.0 -999.0 -999.0} "" -999.0 -999.0 -999.0 -999.0 -999 -999 "" "" "" "" 0 0 0.0 0.0 -999 ""
FIBERMAP 786 R+11C5 APOGEE 1 1 0 1 0 0 -72.64183876052023 229.6653767592884 143.1 43.89425422611351 236.8107197030599 100.894966 82.264786 274.7876794159443 -5.324507926414231 -4.7962003 -4.3938794 -0.081868045 274.787665565256 -5.324520560510192 274.79809837000477 -5.304926521128341 42.338616357253365 137.3243593564147 16000.0 16600.0 2016.0 2 22 {-999.0 19.998133 17.083786 15.437735 -999.0} sdss_psfmag_ps1 18.387852 16.036558 14.660505 10.636 63050395556441515 1153971599 bright_1x1 mwm_galactic_core_dist_apogee_sparse mwm_galactic science 0 0 0.0 0.0 -999 ""
FIBERMAP 786 R+11C5 BOSS 0 0 0 1 0 0 -71.90067936682951 229.70813335508356 143.1 44.56834724510881 236.49994244952256 100.894966 82.264786 -999.0 -999.0 -999.0 -999.0 -999.0 274.79086546929545 -5.326081349638519 274.80117215956705 -5.306294466396581 42.33574266928256 137.32202381373588 -999.0 5400.0 -999.0 1 144 {-999.0 -999.0 -999.0 -999.0 -999.0} "" -999.0 -999.0 -999.0 -999.0 -999 -999 "" "" "" "" 0 0 0.0 0.0 -999 ""
FIBERMAP 786 R+11C5 METROLOGY 0 0 0 1 0 0 -72.2269415859299 229.03410185412403 143.1 43.963517813277456 236.0586006703622 100.894966 82.264786 -999.0 -999.0 -999.0 -999.0 -999.0 274.78807731491156 -5.327998390233076 274.79842629827624 -5.3082701561677945 42.33568782744204 137.32658647540322 -999.0 6231.0 -999.0 -1 -999 {-999.0 -999.0 -999.0 -999.0 -999.0} "" -999.0 -999.0 -999.0 -999.0 -999 -999 "" "" "" "" 0 0 0.0 0.0 -999 ""
FIBERMAP 787 R+9C16 APOGEE 1 1 0 1 0 0 125.19856404431451 173.3533766987547 143.1 191.98691811776814 94.09410271140558 235.10358 52.186474 275.46208446887147 -5.9717320380970635 -4.2045803 -4.0181904 0.20190455 275.4620723131179 -5.971743591942347 275.47383944807797 -5.950063781226457 41.42432315816879 137.0822128225522 16000.0 16600.0 2016.0 2 88 {-999.0 18.080988 15.606417 20.483772 -999.0} sdss_psfmag_ps1 16.85449 13.790547 12.314622 8.267 63050395547424107 1153963331 bright_1x1 mwm_galactic_core_dist_apogee_sparse mwm_galactic science 0 0 0.0 0.0 -999 ""
FIBERMAP 787 R+9C16 BOSS 0 0 0 1 0 0 124.95641782524467 174.06033752172485 143.1 192.1056761743999 94.83177561525555 235.10358 52.186474 -999.0 -999.0 -999.0 -999.0 -999.0 275.4627730931621 -5.968575662195071 275.47439829060966 -5.946706361756674 41.426748361435244 137.07902886621204 -999.0 5400.0 -999.0 1 227 {-999.0 -999.0 -999.0 -999.0 -999.0} "" -999.0 -999.0 -999.0 -999.0 -999 -999 "" "" "" "" 0 0 0.0 0.0 -999 ""
FIBERMAP 787 R+9C16 METROLOGY 0 0 0 1 0 0 125.68506806664965 173.9270218177184 143.1 192.68593927852004 94.37151675041763 235.10358 52.186474 -999.0 -999.0 -999.0 -999.0 -999.0 275.4653595546978 -5.9706230454321405 275.47702668204533 -5.948799476168171 41.42353184185337 137.0777853529501 -999.0 6231.0 -999.0 -1 -999 {-999.0 -999.0 -999.0 -999.0 -999.0} "" -999.0 -999.0 -999.0 -999.0 -999 -999 "" "" "" "" 0 0 0.0 0.0 -999 ""
FIBERMAP 789 R+2C9 APOGEE 1 1 0 1 0 0 -101.44258563216059 47.22127520918983 143.1 -67.30724830906425 89.36729331765989 154.26775 105.616455 274.27825988038893 -5.989302027028616 -0.5276945 -4.582623 0.0865137 274.2782583547359 -5.989315203835272 274.2905291393023 -5.970792876932734 42.07644980001592 138.3957504760804 16000.0 16600.0 2016.0 2 109 {-999.0 18.638668 16.149307 14.911388 -999.0} sdss_psfmag_ps1 17.31734 15.536089 14.2852335 10.962 63050395547490220 1153963446 bright_1x1 mwm_galactic_core_dist_apogee_sparse mwm_galactic science 0 0 0.0 0.0 -999 ""
FIBERMAP 789 R+2C9 BOSS 0 0 0 1 0 0 -101.3371914086344 47.96556894854955 143.1 -66.8642711252767 89.97448914340994 154.26775 105.616455 -999.0 -999.0 -999.0 -999.0 -999.0 274.2803914923844 -5.986705139992855 274.2925274333845 -5.96799125443003 42.07765252237971 138.39141560995483 -999.0 5400.0 -999.0 1 53 {-999.0 -999.0 -999.0 -999.0 -999.0} "" -999.0 -999.0 -999.0 -999.0 -999 -999 "" "" "" "" 0 0 0.0 0.0 -999 ""
FIBERMAP 789 R+2C9 METROLOGY 0 0 0 1 0 0 -100.74927884602496 47.50473300570437 143.1 -66.56219816010511 89.29140833854642 154.26775 105.616455 -999.0 -999.0 -999.0 -999.0 -999.0 274.2817297284292 -5.989767768162274 274.2939088795308 -5.971101944093177 42.07430696249921 138.39223662314518 -999.0 6231.0 -999.0 -1 -999 {-999.0 -999.0 -999.0 -999.0 -999.0} "" -999.0 -999.0 -999.0 -999.0 -999 -999 "" "" "" "" 0 0 0.0 0.0 -999 ""
FIBERMAP 790 R+6C16 APOGEE 0 0 0 1 0 0 110.23106553529655 125.35319651101045 143.1 156.20936150722937 58.77740566566214 62.166767 149.17105 -999.0 -999.0 -999.0 -999.0 -999.0 275.2999980825655 -6.131296786577997 275.31222261483947 -6.109979761267617 41.38567644166571 137.3800696055596 -999.0 16600.0 -999.0 2 -999 {-999.0 -999.0 -999.0 -999.0 -999.0} "" -999.0 -999.0 -999.0 -999.0 -999 -999 "" "" "" "" 0 0 0.0 0.0 -999 ""
FIBERMAP 790 R+6C16 BOSS 1 1 0 1 0 0 110.88479848021153 125.75983336086992 143.1 156.9774130475812 58.828820332537646 62.166767 149.17105 275.30367860004276 -6.131234557420197 -0.4355954 -3.5904832 1.057518 275.3036773403324 -6.131244881442645 275.31576713944486 -6.109728158992191 41.38386441045122 137.37602667709504 5400.0 5400.0 2016.0 1 215 {-999.0 15.448885 14.546254 14.085322 -999.0} sdss_psfmag_from_g3xp 15.149457 14.502216 13.715897 12.321 63050395547405806 981661805 "" ops_std_boss_tic ops_std standard_boss 0 0 0.0 0.0 -999 ""
FIBERMAP 790 R+6C16 METROLOGY 0 0 0 1 0 0 110.88941054658456 125.00213550972434 143.1 156.62520097237444 58.158070191361965 62.166767 149.17105 -999.0 -999.0 -999.0 -999.0 -999.0 275.30203033252656 -6.134236244889291 275.31416574507296 -6.112776445591244 41.382277310129695 137.3800930146546 -999.0 6231.0 -999.0 -1 -999 {-999.0 -999.0 -999.0 -999.0 -999.0} "" -999.0 -999.0 -999.0 -999.0 -999 -999 "" "" "" "" 0 0 0.0 0.0 -999 ""
FIBERMAP 791 R+7C20 APOGEE 1 1 0 1 0 0 195.0136915078802 125.42460846601237 143.1 231.05388652210695 18.974266554457706 264.696 50.05885 275.6392178276079 -6.312753526997759 -1.0327208 -8.173243 0.18723428 275.6392148400224 -6.312777028218987 275.65175124984285 -6.2904713240539465 41.04413345458141 137.1503530805545 16000.0 16600.0 2016.0 2 76 {-999.0 18.213655 15.956479 14.779458 -999.0} sdss_psfmag_ps1 17.04891 15.36683 14.133444 10.886 63050395546969929 1153961931 bright_1x1 mwm_galactic_core_dist_apogee_sparse mwm_galactic science 0 0 0.0 0.0 -999 ""
FIBERMAP 791 R+7C20 BOSS 0 0 0 1 0 0 194.4422431293078 125.8997984108552 143.1 230.773090793713 19.6622713965297 264.696 50.05885 -999.0 -999.0 -999.0 -999.0 -999.0 275.638117405238 -6.3098456188367695 275.65051139839613 -6.2873525471087675 41.0473934041295 137.1493104629704 -999.0 5400.0 -999.0 1 250 {-999.0 -999.0 -999.0 -999.0 -999.0} "" -999.0 -999.0 -999.0 -999.0 -999 -999 "" "" "" "" 0 0 0.0 0.0 -999 ""
FIBERMAP 791 R+7C20 METROLOGY 0 0 0 1 0 0 195.13778108487435 126.16341484592516 143.1 231.5107799671444 19.567829559327603 264.696 50.05885 -999.0 -999.0 -999.0 -999.0 -999.0 275.64139692629686 -6.310225388196968 275.6538289529493 -6.287777667839876 41.045148410276695 137.14605854933885 -999.0 6231.0 -999.0 -1 -999 {-999.0 -999.0 -999.0 -999.0 -999.0} "" -999.0 -999.0 -999.0 -999.0 -999 -999 "" "" "" "" 0 0 0.0 0.0 -999 ""
FIBERMAP 792 R-7C14 APOGEE 1 1 0 1 0 0 82.81889045370252 -117.84981595666747 143.1 17.6632989208291 -142.9317215387764 115.97679 69.99936 274.66463557972224 -7.047353544266708 -3.4952857 -8.57238 0.11596554 274.66462545292154 -7.047378193161913 274.6793646145161 -7.0273510503377 40.98473194216257 138.7584616960985 16000.0 16600.0 2016.0 2 184 {-999.0 18.74264 16.093853 14.398369 -999.0} sdss_psfmag_ps1 17.27184 14.988606 13.62635 9.864 63050395546385935 1153959906 bright_1x1 mwm_galactic_core_dist_apogee_sparse mwm_galactic science 0 0 0.0 0.0 -999 ""
FIBERMAP 792 R-7C14 BOSS 0 0 0 1 0 0 83.552805364258 -117.74856268140468 143.1 18.358505592022095 -143.18747570781943 115.97679 69.99936 -999.0 -999.0 -999.0 -999.0 -999.0 274.66794685572034 -7.04879549417214 274.6825560328281 -7.0285640393452775 40.98195663715449 138.75587886777168 -999.0 5400.0 -999.0 1 326 {-999.0 -999.0 -999.0 -999.0 -999.0} "" -999.0 -999.0 -999.0 -999.0 -999 -999 "" "" "" "" 0 0 0.0 0.0 -999 ""
FIBERMAP 792 R-7C14 METROLOGY 0 0 0 1 0 0 83.26323228519207 -118.44593123566851 143.1 17.775076662218698 -143.66666158333032 115.97679 69.99936 -999.0 -999.0 -999.0 -999.0 -999.0 274.6652283978563 -7.05089500722056 274.67988130886783 -7.0307250744747884 40.98164681954988 138.76039455190957 -999.0 6231.0 -999.0 -1 -999 {-999.0 -999.0 -999.0 -999.0 -999.0} "" -999.0 -999.0 -999.0 -999.0 -999 -999 "" "" "" "" 0 0 0.0 0.0 -999 ""
FIBERMAP 793 R+7C1 APOGEE 1 1 0 1 0 0 -192.43604347055265 134.9887810632386 143.1 -106.32885082573404 209.5986383594746 55.17973 46.76926 274.10358865062403 -5.445520118158091 0.63976395 -3.585422 0.6730397 274.1035904985317 -5.445530427627783 274.11458120616675 -5.427710849825264 42.6239885265594 138.1784421855147 16000.0 16600.0 2016.0 2 97 {-999.0 14.487333 12.377295 11.251608 -999.0} sdss_psfmag_from_g3xp 13.446943 11.923744 10.7443695 7.726 63050395556478456 1152272487 bright_1x1 mwm_galactic_core_dist_apogee_sparse mwm_galactic science 0 0 0.0 0.0 -999 ""
FIBERMAP 793 R+7C1 BOSS 0 0 0 1 0 0 -192.27798432056892 134.26537381792446 143.1 -106.52953945097964 208.88599246366428 55.17973 46.76926 -999.0 -999.0 -999.0 -999.0 -999.0 274.10276307404115 -5.448885141479551 274.11363683492414 -5.430883158219143 42.621896729539365 138.18192609602042 -999.0 5400.0 -999.0 1 82 {-999.0 -999.0 -999.0 -999.0 -999.0} "" -999.0 -999.0 -999.0 -999.0 -999 -999 "" "" "" "" 0 0 0.0 0.0 -999 ""
FIBERMAP 793 R+7C1 METROLOGY 0 0 0 1 0 0 -192.99354273458755 134.4845093840161 143.1 -107.05789664153633 209.4158215289708 55.17973 46.76926 -999.0 -999.0 -999.0 -999.0 -999.0 274.1003512043569 -5.446464242517676 274.11125543481717 -5.428521676676187 42.62518325320764 138.18278093156593 -999.0 6231.0 -999.0 -1 -999 {-999.0 -999.0 -999.0 -999.0 -999.0} "" -999.0 -999.0 -999.0 -999.0 -999 -999 "" "" "" "" 0 0 0.0 0.0 -999 ""
FIBERMAP 795 R+5C3 APOGEE 1 1 0 1 0 0 -196.14838734359904 86.81663041606546 143.1 -132.25588729406513 168.83784268323296 227.5816 130.3697 273.98431916685115 -5.629067596871507 -1.125301 -5.293787 0.29799116 273.9843159154983 -5.629082818548632 273.99580580961117 -5.611502517178562 42.53836613707266 138.45150364698637 16000.0 16600.0 2016.0 2 130 {-999.0 16.028376 14.033949 13.017936 -999.0} sdss_psfmag_from_g3xp 15.0654125 13.670646 12.531503 9.647 63050395556410363 1152272456 bright_1x1 mwm_galactic_core_dist_apogee_sparse mwm_galactic science 0 0 0.0 0.0 -999 ""
FIBERMAP 795 R+5C3 BOSS 0 0 0 1 0 0 -196.87782616228316 86.8266420861436 143.1 -132.89482576369377 169.1896706782716 227.5816 130.3697 -999.0 -999.0 -999.0 -999.0 -999.0 273.9815252008265 -5.62764897152139 273.9928873402598 -5.609892605687718 42.54132716637334 138.45354407951314 -999.0 5400.0 -999.0 1 28 {-999.0 -999.0 -999.0 -999.0 -999.0} "" -999.0 -999.0 -999.0 -999.0 -999 -999 "" "" "" "" 0 0 0.0 0.0 -999 ""
FIBERMAP 795 R+5C3 METROLOGY 0 0 0 1 0 0 -196.50428154587397 87.47155169662257 143.1 -132.2619686182671 169.58308278592966 227.5816 130.3697 -999.0 -999.0 -999.0 -999.0 -999.0 273.98438427619453 -5.625826954765848 273.9957763029099 -5.608115934728096 42.54118740583713 138.44896083427832 -999.0 6231.0 -999.0 -1 -999 {-999.0 -999.0 -999.0 -999.0 -999.0} "" -999.0 -999.0 -999.0 -999.0 -999 -999 "" "" "" "" 0 0 0.0 0.0 -999 ""
FIBERMAP 796 R-1C17 APOGEE 0 0 0 1 0 0 66.87064767517339 -29.783674490033285 143.1 45.00091702402772 -57.72432983285619 237.48395 99.376144 -999.0 -999.0 -999.0 -999.0 -999.0 274.790995770062 -6.660486056403866 274.8047279792555 -6.640294916060949 41.235445683312264 138.33364534701272 -999.0 16600.0 -999.0 2 -999 {-999.0 -999.0 -999.0 -999.0 -999.0} "" -999.0 -999.0 -999.0 -999.0 -999 -999 "" "" "" "" 0 0 0.0 0.0 -999 ""
FIBERMAP 796 R-1C17 BOSS 1 1 0 1 0 0 66.18185397319385 -29.508492332028993 143.1 44.52253063029815 -57.15763127399847 237.48395 99.376144 274.7889642630952 -6.658125596047178 0.049708128 0.05583317 0.5570796 274.7889644069957 -6.65812543550531 274.80255983173134 -6.637748388745076 41.238762662893286 138.33410683534407 5400.0 5400.0 2016.0 1 280 {-999.0 17.74613 16.614674 15.881027 -999.0} sdss_psfmag_ps1 17.251905 16.323019 15.360249 13.491 63050395546627888 982153186 "" ops_std_boss_tic ops_std standard_boss 0 0 0.0 0.0 -999 ""
FIBERMAP 796 R-1C17 METROLOGY 0 0 0 1 0 0 66.76290957857606 -29.04539643736385 143.1 45.25300070128897 -57.022223921930234 237.48395 99.376144 -999.0 -999.0 -999.0 -999.0 -999.0 274.7922731492233 -6.657454647958055 274.8059028608568 -6.637123593720563 41.23741027036194 138.329989118302 -999.0 6231.0 -999.0 -1 -999 {-999.0 -999.0 -999.0 -999.0 -999.0} "" -999.0 -999.0 -999.0 -999.0 -999 -999 "" "" "" "" 0 0 0.0 0.0 -999 ""
FIBERMAP 800 R+11C7 APOGEE 1 1 0 1 0 0 -18.571831514031416 215.8888542080749 143.1 85.1268936821995 199.22993267598756 27.683336 98.97965 274.9754333496093 -5.494132431952167 -999.0 -999.0 -999.0 274.9754333496093 -5.494132431952166 274.9862128820632 -5.473963243991987 42.092772815755865 137.24786916073032 16000.0 16600.0 2015.5 2 16 {-999.0 -999.0 -999.0 -999.0 -999.0} "" -999.0 -999.0 -999.0 -999.0 27021603148797996 848186252 "" ops_sky_apogee_best ops_sky sky_apogee 0 0 0.0 0.0 -999 ""
FIBERMAP 800 R+11C7 BOSS 0 0 0 1 0 0 -18.131034999534474 215.28687622618514 143.1 85.23278635083295 198.49148653334342 27.683336 98.97965 -999.0 -999.0 -999.0 -999.0 -999.0 274.9760682190296 -5.497602801383947 274.98672596242966 -5.477245346608778 42.0897910531359 137.24984146428534 -999.0 5400.0 -999.0 1 112 {-999.0 -999.0 -999.0 -999.0 -999.0} "" -999.0 -999.0 -999.0 -999.0 -999 -999 "" "" "" "" 0 0 0.0 0.0 -999 ""
FIBERMAP 800 R+11C7 METROLOGY 0 0 0 1 0 0 -18.869713047363923 215.2007835474781 143.1 84.54050551306649 198.76285789410474 27.683336 98.97965 -999.0 -999.0 -999.0 -999.0 -999.0 274.9728756970349 -5.496320099960571 274.9835683934808 -5.476024187324244 42.09259379655027 137.25236802745368 -999.0 6231.0 -999.0 -1 -999 {-999.0 -999.0 -999.0 -999.0 -999.0} "" -999.0 -999.0 -999.0 -999.0 -999 -999 "" "" "" "" 0 0 0.0 0.0 -999 ""
FIBERMAP 804 R-6C16 APOGEE 0 0 0 1 0 0 123.2281558496095 -128.62843187703305 143.1 48.251563910393465 -171.44369956358 339.6573 88.34603 -999.0 -999.0 -999.0 -999.0 -999.0 274.8043027828324 -7.176557034616397 274.81930588969226 -7.156097113892509 40.800354825937305 138.70132260563636 -999.0 16600.0 -999.0 2 -999 {-999.0 -999.0 -999.0 -999.0 -999.0} "" -999.0 -999.0 -999.0 -999.0 -999 -999 "" "" "" "" 0 0 0.0 0.0 -999 ""
FIBERMAP 804 R-6C16 BOSS 1 1 0 1 0 0 122.94043198834268 -129.33542541918413 143.1 47.66524087942029 -171.93224791916828 339.6573 88.34603 274.8017620687783 -7.179001195263571 -1.216968 -3.5102143 0.1655013 274.8017585418773 -7.179011288482111 274.8166355462239 -7.1583611407556855 40.79995991238688 138.7058968021036 5400.0 5400.0 2016.0 1 305 {-999.0 17.043222 15.927135 15.372088 -999.0} sdss_psfmag_ps1 16.673841 15.805145 14.868627 13.22 63050395546365253 1093371773 bright_3x1 mwm_astar_core_boss mwm_ob science 0 0 0.0 0.0 -999 ""
FIBERMAP 804 R-6C16 METROLOGY 0 0 0 1 0 0 122.49112941955954 -128.74442335051125 143.1 47.546681542591266 -171.19948707810818 339.6573 88.34603 -999.0 -999.0 -999.0 -999.0 -999.0 274.80118781820715 -7.175635885518661 274.8160944372569 -7.155044350116966 40.80300973111977 138.70403419293325 -999.0 6231.0 -999.0 -1 -999 {-999.0 -999.0 -999.0 -999.0 -999.0} "" -999.0 -999.0 -999.0 -999.0 -999 -999 "" "" "" "" 0 0 0.0 0.0 -999 ""
FIBERMAP 805 R0C18 APOGEE 0 0 0 1 0 0 78.19155370428223 -17.949840713688783 143.1 60.5547771441576 -52.60560021087728 298.63272 39.79154 -999.0 -999.0 -999.0 -999.0 -999.0 274.8623373593809 -6.637303605951772 274.87598409258965 -6.616931903527115 41.214879291376974 138.23839211390253 -999.0 16600.0 -999.0 2 -999 {-999.0 -999.0 -999.0 -999.0 -999.0} "" -999.0 -999.0 -999.0 -999.0 -999 -999 "" "" "" "" 0 0 0.0 0.0 -999 ""
FIBERMAP 805 R0C18 BOSS 1 1 0 1 0 0 77.48603818630062 -17.683570586713962 143.1 60.05744508510585 -52.03890263115645 298.63272 39.79154 274.8602286822792 -6.634936370925706 -0.20786822 -1.3050911 0.5045358 274.8602280805479 -6.634940123565545 274.87373771715505 -6.614382751836891 41.21824273496755 138.23893145869076 5400.0 5400.0 2016.0 1 241 {-999.0 17.451445 16.349657 15.787322 -999.0} sdss_psfmag_ps1 17.02225 16.183517 15.276372 13.601 63050395546445434 981886968 "" ops_std_boss_tic ops_std standard_boss 0 0 0.0 0.0 -999 ""
FIBERMAP 805 R0C18 METROLOGY 0 0 0 1 0 0 78.06680281236062 -17.214246263277033 143.1 60.79058710741949 -51.897862581720005 298.63272 39.79154 -999.0 -999.0 -999.0 -999.0 -999.0 274.8635460913518 -6.634243520652382 274.87709004927547 -6.613732118168137 41.21690255017915 138.23478757623315 -999.0 6231.0 -999.0 -1 -999 {-999.0 -999.0 -999.0 -999.0 -999.0} "" -999.0 -999.0 -999.0 -999.0 -999 -999 "" "" "" "" 0 0 0.0 0.0 -999 ""
FIBERMAP 806 R+4C22 APOGEE 0 0 0 1 0 0 225.91698108612303 91.26083969615124 143.1 242.25814350507028 -25.702564987601072 88.6379 110.10711 -999.0 -999.0 -999.0 -999.0 -999.0 275.68957994665544 -6.515255992444962 275.70259457975374 -6.492724477957686 40.84959732525518 137.24956123472865 -999.0 16600.0 -999.0 2 -999 {-999.0 -999.0 -999.0 -999.0 -999.0} "" -999.0 -999.0 -999.0 -999.0 -999 -999 "" "" "" "" 0 0 0.0 0.0 -999 ""
FIBERMAP 806 R+4C22 BOSS 1 1 0 1 0 0 226.59899937135475 91.51996249774842 143.1 242.9817901410337 -25.794614775029515 88.6379 110.10711 275.69299367670254 -6.515870786238685 1.3232732 1.4607608 1.6564013 275.69299750636054 -6.515866585988502 275.7058761634715 -6.49313242385192 40.84739024203574 137.24634299391778 5400.0 5400.0 2016.0 1 236 {-999.0 15.812276 14.512225 13.805954 -999.0} sdss_psfmag_from_g3xp 15.304981 14.3580065 13.391703 11.465 63050395546954062 939084604 bright_1x1 openfibertargets_nov2020_34a open_fiber science 0 0 0.0 0.0 -999 ""
FIBERMAP 806 R+4C22 METROLOGY 0 0 0 1 0 0 226.48557890504875 90.77776775448548 143.1 242.53271769997377 -26.39618440918024 88.6379 110.10711 -999.0 -999.0 -999.0 -999.0 -999.0 275.69092809733166 -6.518537605659653 275.7038525028337 -6.495862602681384 40.846310694001 137.25059203901662 -999.0 6231.0 -999.0 -1 -999 {-999.0 -999.0 -999.0 -999.0 -999.0} "" -999.0 -999.0 -999.0 -999.0 -999 -999 "" "" "" "" 0 0 0.0 0.0 -999 ""
FIBERMAP 808 R-9C5 APOGEE 1 1 0 1 0 0 -105.86460024082398 -160.84788442992235 143.1 -169.04662870812354 -92.15057990480028 122.342926 103.887695 273.8111876154222 -6.812804978037569 6.770113 -15.488353 5.758763 273.81120722053845 -6.812849513018499 273.8256989992 -6.795211698319302 41.64757266390635 139.5264692085703 16000.0 16600.0 2016.0 2 287 {-999.0 10.581109 10.11862 9.928869 -999.0} sdss_psfmag_from_g3xp 10.483863 10.126656 9.592007 8.688 63050395546659686 975042806 "" ops_std_apogee ops_std standard_apogee 0 0 0.0 0.0 -999 ""
FIBERMAP 808 R-9C5 BOSS 0 0 0 1 0 0 -105.34176205402086 -160.3021144693728 143.1 -168.32865416046343 -91.91484740433357 122.342926 103.887695 -999.0 -999.0 -999.0 -999.0 -999.0 273.81455348991204 -6.812021601220506 273.8289137796547 -6.794183920943891 41.646676488906714 139.52214455328362 -999.0 5400.0 -999.0 1 412 {-999.0 -999.0 -999.0 -999.0 -999.0} "" -999.0 -999.0 -999.0 -999.0 -999 -999 "" "" "" "" 0 0 0.0 0.0 -999 ""
FIBERMAP 808 R-9C5 METROLOGY 0 0 0 1 0 0 -105.13768761383793 -161.03398321417387 143.1 -168.49271830128586 -92.65659673147526 122.342926 103.887695 -999.0 -999.0 -999.0 -999.0 -999.0 273.81377810151787 -6.815319408514075 273.8281828635079 -6.7975366259930805 41.64427474430761 139.5254221973353 -999.0 6231.0 -999.0 -1 -999 {-999.0 -999.0 -999.0 -999.0 -999.0} "" -999.0 -999.0 -999.0 -999.0 -999 -999 "" "" "" "" 0 0 0.0 0.0 -999 ""
FIBERMAP 809 R+9C1 APOGEE 1 1 0 1 0 0 -206.81056227043405 182.59437688305138 143.1 -96.6277999435506 258.3642475888978 189.55814 73.40656 274.14947023938896 -5.227351415634813 0.7242657 -3.4054656 0.10652387 274.14947233062935 -5.22736120766042 274.1599056953596 -5.209512929782817 42.778653409725564 137.96019076416715 16000.0 16600.0 2016.0 2 120 {-999.0 17.423538 15.24402 13.654011 -999.0} sdss_psfmag_ps1 16.261625 13.839172 12.434661 8.79 63050395556528151 1153971871 bright_1x1 mwm_galactic_core_dist_apogee_sparse mwm_galactic science 0 0 0.0 0.0 -999 ""
FIBERMAP 809 R+9C1 BOSS 0 0 0 1 0 0 -206.74566431707467 183.34155142496212 143.1 -96.21920147513755 258.9930273890036 189.55814 73.40656 -999.0 -999.0 -999.0 -999.0 -999.0 274.1514743189034 -5.224741539193875 274.16177523646 -5.206707183966299 42.77991477333577 137.9559370779995 -999.0 5400.0 -999.0 1 78 {-999.0 -999.0 -999.0 -999.0 -999.0} "" -999.0 -999.0 -999.0 -999.0 -999 -999 "" "" "" "" 0 0 0.0 0.0 -999 ""
FIBERMAP 809 R+9C1 METROLOGY 0 0 0 1 0 0 -206.12556487047715 182.91152250637236 143.1 -95.87424131806809 258.3219954609783 189.55814 73.40656 -999.0 -999.0 -999.0 -999.0 -999.0 274.1529756236379 -5.227676222496135 274.1633187163362 -5.2096881253261484 42.776586998311075 137.95650640720416 -999.0 6231.0 -999.0 -1 -999 {-999.0 -999.0 -999.0 -999.0 -999.0} "" -999.0 -999.0 -999.0 -999.0 -999 -999 "" "" "" "" 0 0 0.0 0.0 -999 ""
FIBERMAP 816 R+4C16 APOGEE 0 0 0 1 0 0 71.02803035281329 83.61857834062491 143.1 101.99289056669842 40.38528713171819 209.14067 60.819073 -999.0 -999.0 -999.0 -999.0 -999.0 275.05274741515444 -6.214231315998362 275.0652741213652 -6.1935388988885 41.45723706253312 137.71251425037232 -999.0 16600.0 -999.0 2 -999 {-999.0 -999.0 -999.0 -999.0 -999.0} "" -999.0 -999.0 -999.0 -999.0 -999 -999 "" "" "" "" 0 0 0.0 0.0 -999 ""
FIBERMAP 816 R+4C16 BOSS 1 1 0 1 0 0 71.01901275488174 84.34624240989837 143.1 102.32709289900905 41.03160745583608 209.14067 60.819073 275.0545239177008 -6.211321989734511 -23.533358 -49.911224 4.35689 275.05445585063194 -6.211465503729176 275.06684373223857 -6.190579584145913 41.45878224552641 137.70855487034297 5400.0 5400.0 2016.0 1 211 {-999.0 16.760954 15.164771 14.44243 -999.0} sdss_psfmag_ps1 16.029251 14.948567 13.908016 11.685 63050395547381401 939085069 bright_1x1 openfibertargets_nov2020_34a open_fiber science 0 0 0.0 0.0 -999 ""
FIBERMAP 816 R+4C16 METROLOGY 0 0 0 1 0 0 71.67204322434412 83.99528698376228 143.1 102.73829253350641 40.41486412239511 209.14067 60.819073 -999.0 -999.0 -999.0 -999.0 -999.0 275.0562876191746 -6.214226508258879 275.0687181690424 -6.193388537744273 41.455412023334645 137.70864359445582 -999.0 6231.0 -999.0 -1 -999 {-999.0 -999.0 -999.0 -999.0 -999.0} "" -999.0 -999.0 -999.0 -999.0 -999 -999 "" "" "" "" 0 0 0.0 0.0 -999 ""
FIBERMAP 818 R+7C11 APOGEE 1 1 0 1 0 0 26.273077749035064 151.95822973497454 143.1 94.63617796709735 121.73169072336097 129.08133 10.03627 275.01920257507925 -5.844465126314187 -4.2396154 -5.4803977 0.054813813 275.01919032085345 -5.844480884568842 275.0308175489398 -5.824041548752292 41.78031064547805 137.46831987347207 16000.0 16600.0 2016.0 2 19 {-999.0 18.695045 16.224407 14.910026 -999.0} sdss_psfmag_ps1 17.388746 15.552139 14.287966 10.853 63050395547506627 1153963470 bright_1x1 mwm_galactic_core_dist_apogee_sparse mwm_galactic science 0 0 0.0 0.0 -999 ""
FIBERMAP 818 R+7C11 BOSS 0 0 0 1 0 0 26.861502885492925 151.4855339693613 143.1 94.933126540834 121.03790396433756 129.08133 10.03627 -999.0 -999.0 -999.0 -999.0 -999.0 275.02071361369383 -5.847774681266467 275.0322172127386 -5.827142407118029 41.77697021226924 137.46916338513864 -999.0 5400.0 -999.0 1 135 {-999.0 -999.0 -999.0 -999.0 -999.0} "" -999.0 -999.0 -999.0 -999.0 -999 -999 "" "" "" "" 0 0 0.0 0.0 -999 ""
FIBERMAP 818 R+7C11 METROLOGY 0 0 0 1 0 0 26.178761774476932 151.21498484237728 143.1 94.20346925234342 121.12021121408124 129.08133 10.03627 -999.0 -999.0 -999.0 -999.0 -999.0 275.0173402786301 -5.847343069750692 275.02888130984104 -5.826773123364635 41.77916943326703 137.47253274588977 -999.0 6231.0 -999.0 -1 -999 {-999.0 -999.0 -999.0 -999.0 -999.0} "" -999.0 -999.0 -999.0 -999.0 -999 -999 "" "" "" "" 0 0 0.0 0.0 -999 ""
FIBERMAP 819 R+10C16 APOGEE 0 0 0 1 0 0 172.27944966801522 195.73318374899858 143.1 244.05374582960474 91.70352795636154 26.700752 95.7329 -999.0 -999.0 -999.0 -999.0 -999.0 275.696887053596 -5.9837793110742235 275.70859039131733 -5.96146605161946 41.28028376448134 136.83694566321276 -999.0 16600.0 -999.0 2 -999 {-999.0 -999.0 -999.0 -999.0 -999.0} "" -999.0 -999.0 -999.0 -999.0 -999 -999 "" "" "" "" 0 0 0.0 0.0 -999 ""
FIBERMAP 819 R+10C16 BOSS 1 1 0 1 0 0 172.68046970001666 195.09622990126095 143.1 244.1080940996555 90.952923163261 26.700752 95.7329 275.69731780807683 -5.987304061562233 -8.711241 -18.568703 0.63521117 275.69729262251457 -5.987357453735755 275.70886958654637 -5.964851883288129 41.27736102531084 136.83924987928393 5400.0 5400.0 2016.0 1 177 {-999.0 17.955482 16.463976 15.658538 -999.0} sdss_psfmag_ps1 17.261208 16.145193 15.103128 12.846 63050395547269783 1072815751 bright_1x1 mwm_halo_local_high_boss_single mwm_halo science 0 0 0.0 0.0 -999 ""
FIBERMAP 819 R+10C16 METROLOGY 0 0 0 1 0 0 171.94377216017116 195.06686356227195 143.1 243.4442344688075 91.27341774774304 26.700752 95.7329 -999.0 -999.0 -999.0 -999.0 -999.0 275.694263806935 -5.985840173606603 275.7058764365246 -5.9633971612100884 41.2802694411396 136.84136207287207 -999.0 6231.0 -999.0 -1 -999 {-999.0 -999.0 -999.0 -999.0 -999.0} "" -999.0 -999.0 -999.0 -999.0 -999 -999 "" "" "" "" 0 0 0.0 0.0 -999 ""
FIBERMAP 820 R+4C5 APOGEE 1 1 0 1 0 0 -156.84682689998976 58.031682095877144 143.1 -111.11191150973704 124.95820163416975 316.51666 62.010464 274.07909535620854 -5.827448420445301 -2.1967273 -5.435512 2.39934 274.07908900695935 -5.827464049636559 274.09103508140777 -5.809544416032933 42.32123622516454 138.49548881291489 16000.0 16600.0 2016.0 2 127 {-999.0 10.859702 10.497111 10.299969 -999.0} sdss_psfmag_from_g3xp 10.80461 10.472841 9.958976 9.216 63050395556377505 975044638 "" ops_std_apogee ops_std standard_apogee 0 0 0.0 0.0 -999 ""
FIBERMAP 820 R+4C5 BOSS 0 0 0 1 0 0 -157.5395878380902 57.774116382203616 143.1 -111.84430513732758 125.05667674100927 316.51666 62.010464 -999.0 -999.0 -999.0 -999.0 -999.0 274.0758423163511 -5.827158208718738 274.08766225693796 -5.809061929368516 42.32351532908188 138.498883022953 -999.0 5400.0 -999.0 1 41 {-999.0 -999.0 -999.0 -999.0 -999.0} "" -999.0 -999.0 -999.0 -999.0 -999 -999 "" "" "" "" 0 0 0.0 0.0 -999 ""
FIBERMAP 820 R+4C5 METROLOGY 0 0 0 1 0 0 -157.42280258806082 58.50953786865233 143.1 -111.39544855455202 125.65068757733471 316.51666 62.010464 -999.0 -999.0 -999.0 -999.0 -999.0 274.07787627528745 -5.824423833298845 274.0897244158417 -5.806375920093687 42.324591415061306 138.49454947267756 -999.0 6231.0 -999.0 -1 -999 {-999.0 -999.0 -999.0 -999.0 -999.0} "" -999.0 -999.0 -999.0 -999.0 -999 -999 "" "" "" "" 0 0 0.0 0.0 -999 ""
FIBERMAP 824 R-6C7 APOGEE 1 1 0 1 0 0 -87.02022374407537 -129.98081013967632 143.1 -137.9044332852417 -73.77485455118831 287.00787 112.42991 273.9531417242978 -6.730400231783141 -2.1594465 -0.5638372 0.21256298 273.9531354719699 -6.730401853032192 273.9673671045406 -6.712421471958287 41.63917287882121 139.3083207465097 16000.0 16600.0 2016.0 2 280 {-999.0 18.147503 15.740768 14.424828 -999.0} sdss_psfmag_ps1 16.830917 14.965922 13.693163 10.204 63050395546662111 1153960824 bright_1x1 mwm_galactic_core_dist_apogee_sparse mwm_galactic science 0 0 0.0 0.0 -999 ""
FIBERMAP 824 R-6C7 BOSS 0 0 0 1 0 0 -87.58977538038421 -130.47773747865142 143.1 -138.64066051090873 -73.94552362459791 287.00787 112.42991 -999.0 -999.0 -999.0 -999.0 -999.0 273.94985223920133 -6.7313758478149825 273.9639599810621 -6.713212486212206 41.640381160266536 139.3126804594501 -999.0 5400.0 -999.0 1 438 {-999.0 -999.0 -999.0 -999.0 -999.0} "" -999.0 -999.0 -999.0 -999.0 -999 -999 "" "" "" "" 0 0 0.0 0.0 -999 ""
FIBERMAP 824 R-6C7 METROLOGY 0 0 0 1 0 0 -87.7300298938414 -129.74830459478136 143.1 -138.4214279834719 -73.23593281964139 287.00787 112.42991 -999.0 -999.0 -999.0 -999.0 -999.0 273.95083132949037 -6.728099249957065 273.9649667114619 -6.709988967860488 41.64251716908957 139.30918384383585 -999.0 6231.0 -999.0 -1 -999 {-999.0 -999.0 -999.0 -999.0 -999.0} "" -999.0 -999.0 -999.0 -999.0 -999 -999 "" "" "" "" 0 0 0.0 0.0 -999 ""
FIBERMAP 825 R+3C17 APOGEE 0 0 0 1 0 0 122.20475545477514 57.03366201088348 143.1 134.64982788159642 -7.1369710345945006 63.08932 32.11198 -999.0 -999.0 -999.0 -999.0 -999.0 275.201643222665 -6.430789719960922 275.2146454755017 -6.409602356052845 41.19508149176655 137.713738186175 -999.0 16600.0 -999.0 2 -999 {-999.0 -999.0 -999.0 -999.0 -999.0} "" -999.0 -999.0 -999.0 -999.0 -999 -999 "" "" "" "" 0 0 0.0 0.0 -999 ""
FIBERMAP 825 R+3C17 BOSS 1 1 0 1 0 0 122.30077817411977 56.305862734819456 143.1 134.3923340162367 -7.8243218682147315 63.08932 32.11198 275.2006530761719 -6.4341107383301335 -999.0 -999.0 -999.0 275.2006530761719 -6.4341107383301335 275.2135303724289 -6.412732906504467 41.19313867624898 137.7173173746718 5400.0 5400.0 2015.5 1 219 {-999.0 -999.0 -999.0 -999.0 -999.0} "" -999.0 -999.0 -999.0 -999.0 27021603148792308 852798010 "" ops_sky_boss_fallback ops_sky sky_boss 0 0 0.0 0.0 -999 ""
FIBERMAP 825 R+3C17 METROLOGY 0 0 0 1 0 0 121.6108794144059 56.5820280560183 143.1 133.91343483488555 -7.25623616468143 63.08932 32.11198 -999.0 -999.0 -999.0 -999.0 -999.0 275.19842395150187 -6.431468097950844 275.2113334789475 -6.410151735984208 41.196503606382095 137.7177498252529 -999.0 6231.0 -999.0 -1 -999 {-999.0 -999.0 -999.0 -999.0 -999.0} "" -999.0 -999.0 -999.0 -999.0 -999 -999 "" "" "" "" 0 0 0.0 0.0 -999 ""
FIBERMAP 827 R+5C13 APOGEE 1 1 0 1 0 0 41.19895825412461 100.99032267924814 143.1 83.84062784157386 69.739968235605 341.46042 154.19513 274.96987636535505 -6.080423946955709 -2.2902126 -6.2925506 -0.23769581 274.96986974285426 -6.080442040462831 274.98209866783475 -6.060030583597282 41.61408151711121 137.70185747147912 16000.0 16600.0 2016.0 2 3 {-999.0 25.20364 21.749817 18.162548 -999.0} sdss_psfmag_ps1 21.279474 18.282194 16.630402 10.307 63050395547396560 1153963108 bright_1x1 mwm_galactic_core_dist_apogee_sparse mwm_galactic science 0 0 0.0 0.0 -999 ""
FIBERMAP 827 R+5C13 BOSS 0 0 0 1 0 0 41.72028553732572 100.46363308755001 143.1 84.05298148953965 69.03008860407223 341.46042 154.19513 -999.0 -999.0 -999.0 -999.0 -999.0 274.9710094335981 -6.083830510937569 274.98311483320254 -6.063225625652303 41.61087924875496 137.70317804803435 -999.0 5400.0 -999.0 1 148 {-999.0 -999.0 -999.0 -999.0 -999.0} "" -999.0 -999.0 -999.0 -999.0 -999 -999 "" "" "" "" 0 0 0.0 0.0 -999 ""
FIBERMAP 827 R+5C13 METROLOGY 0 0 0 1 0 0 41.00352913902125 100.26210444366858 143.1 83.32576414964541 69.18929305026005 341.46042 154.19513 -999.0 -999.0 -999.0 -999.0 -999.0 274.96764038218214 -6.08304867766662 274.9797824357313 -6.062506683614436 41.61335614637932 137.70627543145844 -999.0 6231.0 -999.0 -1 -999 {-999.0 -999.0 -999.0 -999.0 -999.0} "" -999.0 -999.0 -999.0 -999.0 -999 -999 "" "" "" "" 0 0 0.0 0.0 -999 ""
FIBERMAP 828 R-2C18 APOGEE 0 0 0 1 0 0 116.90151875378763 -22.91261721916051 143.1 92.37830549538141 -75.18672850898004 99.62582 87.37524 -999.0 -999.0 -999.0 -999.0 -999.0 275.00777710464797 -6.740197465762207 275.0216203605545 -6.719390161251269 41.04866475351037 138.15660972577334 -999.0 16600.0 -999.0 2 -999 {-999.0 -999.0 -999.0 -999.0 -999.0} "" -999.0 -999.0 -999.0 -999.0 -999 -999 "" "" "" "" 0 0 0.0 0.0 -999 ""
FIBERMAP 828 R-2C18 BOSS 1 1 0 1 0 0 117.6333112331296 -22.802827973355868 143.1 93.07565311479279 -75.4339526615486 99.62582 87.37524 275.0111389160156 -6.741550715201015 -999.0 -999.0 -999.0 275.0111389160156 -6.741550715201016 275.0248509030677 -6.720540458842218 41.04590330719322 138.15396072657146 5400.0 5400.0 2015.5 1 294 {-999.0 -999.0 -999.0 -999.0 -999.0} "" -999.0 -999.0 -999.0 -999.0 27021603148785271 820563908 "" ops_sky_boss_good ops_sky sky_boss 0 0 0.0 0.0 -999 ""
FIBERMAP 828 R-2C18 METROLOGY 0 0 0 1 0 0 117.35554931896284 -23.504663016712076 143.1 92.50054596882238 -75.92263350091287 99.62582 87.37524 -999.0 -999.0 -999.0 -999.0 -999.0 275.0084557016145 -6.743710182726517 275.0222118732032 -6.722760920954983 41.04555135421204 138.15849140452005 -999.0 6231.0 -999.0 -1 -999 {-999.0 -999.0 -999.0 -999.0 -999.0} "" -999.0 -999.0 -999.0 -999.0 -999 -999 "" "" "" "" 0 0 0.0 0.0 -999 ""
FIBERMAP 830 R+9C18 APOGEE 1 1 0 1 0 0 174.18140938233145 187.3099584296882 143.1 241.7712714069894 83.37666545180258 196.14876 48.78616 275.6867980957031 -6.021352652434402 -999.0 -999.0 -999.0 275.6867980957031 -6.021352652434403 275.69859793342175 -5.999049687503132 41.25536424732653 136.8766432822615 16000.0 16600.0 2015.5 2 52 {-999.0 -999.0 -999.0 -999.0 -999.0} "" -999.0 -999.0 -999.0 -999.0 27021603148794681 849000057 "" ops_sky_apogee_good ops_sky sky_apogee 0 0 0.0 0.0 -999 ""
FIBERMAP 830 R+9C18 BOSS 0 0 0 1 0 0 174.4868828600225 187.9814241527654 143.1 242.35655068827677 83.82551842616994 196.14876 48.78616 -999.0 -999.0 -999.0 -999.0 -999.0 275.6895698878655 -6.019522068440287 275.7012289456354 -5.997022706314689 41.255505983710464 136.87224459397535 -999.0 5400.0 -999.0 1 169 {-999.0 -999.0 -999.0 -999.0 -999.0} "" -999.0 -999.0 -999.0 -999.0 -999 -999 "" "" "" "" 0 0 0.0 0.0 -999 ""
FIBERMAP 830 R+9C18 METROLOGY 0 0 0 1 0 0 174.9265386289837 187.37986174012192 143.1 242.46163218710834 83.08797537260139 196.14876 48.78616 -999.0 -999.0 -999.0 -999.0 -999.0 275.69001308894497 -6.022805882376039 275.7017183522354 -6.000357644163637 41.252503230875746 136.8742802868449 -999.0 6231.0 -999.0 -1 -999 {-999.0 -999.0 -999.0 -999.0 -999.0} "" -999.0 -999.0 -999.0 -999.0 -999 -999 "" "" "" "" 0 0 0.0 0.0 -999 ""
FIBERMAP 831 R-6C18 APOGEE 0 0 0 1 0 0 167.6423294177112 -115.88922527748029 143.1 93.43215888900754 -181.08706796915843 345.4335 133.21404 -999.0 -999.0 -999.0 -999.0 -999.0 275.01068720330954 -7.219969061018939 275.02571474985393 -7.198936365830234 40.65010593707819 138.5091963604308 -999.0 16600.0 -999.0 2 -999 {-999.0 -999.0 -999.0 -999.0 -999.0} "" -999.0 -999.0 -999.0 -999.0 -999 -999 "" "" "" "" 0 0 0.0 0.0 -999 ""
FIBERMAP 831 R-6C18 BOSS 1 1 0 1 0 0 168.0209567292176 -116.54216384324783 143.1 93.45923187978131 -181.84124802635353 345.4335 133.21404 275.01096585820636 -7.22355948570229 -5.795695 -16.99664 1.4035014 275.0109490600233 -7.223608357588014 275.0258512976722 -7.202376595942461 40.647183152036085 138.5115945864841 5400.0 5400.0 2016.0 1 288 {-999.0 17.897034 16.282997 15.431962 -999.0} sdss_psfmag_ps1 17.229593 15.961134 14.864705 12.442 63050395546329702 939083266 bright_1x1 openfibertargets_nov2020_34a open_fiber science 0 0 0.0 0.0 -999 ""
FIBERMAP 831 R-6C18 METROLOGY 0 0 0 1 0 0 167.27794622374424 -116.5402912253429 143.1 92.80449083972559 -181.49022018657672 345.4335 133.21404 -999.0 -999.0 -999.0 -999.0 -999.0 275.00792538484495 -7.221967061852505 275.02286263194355 -7.200799968980097 40.65015263104821 138.51366170734966 -999.0 6231.0 -999.0 -1 -999 {-999.0 -999.0 -999.0 -999.0 -999.0} "" -999.0 -999.0 -999.0 -999.0 -999 -999 "" "" "" "" 0 0 0.0 0.0 -999 ""
FIBERMAP 835 R+3C22 APOGEE 1 1 0 1 0 0 231.25644300141838 54.74131156425785 143.1 229.79753793244305 -60.437561836370016 31.77774 67.082016 275.6330403857611 -6.672647764509492 -1.9823681 -6.700072 0.12731358 275.63303464681456 -6.672667029797208 275.6464599001833 -6.650215841092713 40.75257702527666 137.42924345446724 16000.0 16600.0 2016.0 2 31 {-999.0 18.850622 16.216988 14.331272 -999.0} sdss_psfmag_ps1 17.44843 14.927527 13.52008 9.619 63050395546790990 1153961417 bright_1x1 mwm_galactic_core_dist_apogee_sparse mwm_galactic science 0 0 0.0 0.0 -999 ""
FIBERMAP 835 R+3C22 BOSS 0 0 0 1 0 0 231.39123126765944 53.99875042219774 143.1 229.567308950832 -61.15616650664493 31.77774 67.082016 -999.0 -999.0 -999.0 -999.0 -999.0 275.63215135655406 -6.676125921635004 275.6454489737947 -6.65348145921816 40.75047502731052 137.43279881164761 -999.0 5400.0 -999.0 1 192 {-999.0 -999.0 -999.0 -999.0 -999.0} "" -999.0 -999.0 -999.0 -999.0 -999 -999 "" "" "" "" 0 0 0.0 0.0 -999 ""
FIBERMAP 835 R+3C22 METROLOGY 0 0 0 1 0 0 230.68746315328033 54.251666360103414 143.1 229.06523942098582 -60.60207412477216 31.77774 67.082016 -999.0 -999.0 -999.0 -999.0 -999.0 275.6298502781547 -6.67356546058835 275.64318121837744 -6.650983335919649 40.75381288637228 137.43334789801855 -999.0 6231.0 -999.0 -1 -999 {-999.0 -999.0 -999.0 -999.0 -999.0} "" -999.0 -999.0 -999.0 -999.0 -999 -999 "" "" "" "" 0 0 0.0 0.0 -999 ""
FIBERMAP 837 R+1C18 APOGEE 1 1 0 1 0 0 118.15549272321454 19.879529328929078 143.1 113.60634810162227 -38.01720456185027 33.07798 81.34616 275.1052938594753 -6.571181367193802 -1.140867 -4.326337 0.23262298 275.1052905573496 -6.571193807079045 275.11867769173256 -6.550201414911457 41.13357627478202 137.92409191064527 16000.0 16600.0 2016.0 2 69 {-999.0 17.448826 14.928033 13.395647 -999.0} sdss_psfmag_from_g3xp 16.100365 14.086129 12.775569 9.234 63050395546935670 1152262918 bright_1x1 mwm_galactic_core_dist_apogee_sparse mwm_galactic science 0 0 0.0 0.0 -999 ""
FIBERMAP 837 R+1C18 BOSS 0 0 0 1 0 0 118.45661140620416 19.214180951002348 143.1 113.5591933221984 -38.74588905374553 33.07798 81.34616 -999.0 -999.0 -999.0 -999.0 -999.0 275.10525199929555 -6.5747194955216415 275.1185144525051 -6.553533241510379 41.13092418184478 137.9267782171577 -999.0 5400.0 -999.0 1 231 {-999.0 -999.0 -999.0 -999.0 -999.0} "" -999.0 -999.0 -999.0 -999.0 -999 -999 "" "" "" "" 0 0 0.0 0.0 -999 ""
FIBERMAP 837 R+1C18 METROLOGY 0 0 0 1 0 0 117.72016036799519 19.27301560502914 143.1 112.93702472382094 -38.34768311536918 33.07798 81.34616 -999.0 -999.0 -999.0 -999.0 -999.0 275.1023653629144 -6.572847177797214 275.1156621503485 -6.551724027301009 41.134021397686034 137.92851448813383 -999.0 6231.0 -999.0 -1 -999 {-999.0 -999.0 -999.0 -999.0 -999.0} "" -999.0 -999.0 -999.0 -999.0 -999 -999 "" "" "" "" 0 0 0.0 0.0 -999 ""
FIBERMAP 838 R-8C6 APOGEE 0 0 0 1 0 0 -70.69815724030974 -156.61103251357002 143.1 -136.02403926325354 -104.94787001917216 41.509495 63.10273 -999.0 -999.0 -999.0 -999.0 -999.0 273.96152443673026 -6.871935718681056 273.9761039104151 -6.853869713131292 41.51640239774351 139.40294392866488 -999.0 16600.0 -999.0 2 -999 {-999.0 -999.0 -999.0 -999.0 -999.0} "" -999.0 -999.0 -999.0 -999.0 -999 -999 "" "" "" "" 0 0 0.0 0.0 -999 ""
FIBERMAP 838 R-8C6 BOSS 1 1 0 1 0 0 -70.49604169841305 -157.31054778074642 143.1 -136.17461878256438 -105.66015000664027 41.509495 63.10273 273.9609173719165 -6.8753868793823605 0.1896353 -0.27324772 0.47835648 273.9609179211406 -6.875387665074823 273.97537834502526 -6.857129384374904 41.51407943410637 139.40614586728168 5400.0 5400.0 2016.0 1 411 {-999.0 18.07362 16.722755 16.053469 -999.0} sdss_psfmag_ps1 17.519133 16.51054 15.509549 13.498 63050395546602064 982153179 "" ops_std_boss_tic ops_std standard_boss 0 0 0.0 0.0 -999 ""
FIBERMAP 838 R-8C6 METROLOGY 0 0 0 1 0 0 -71.21801881341193 -157.1462015759452 143.1 -136.73440257810492 -105.17564809408744 41.509495 63.10273 -999.0 -999.0 -999.0 -999.0 -999.0 273.9583393155773 -6.873112374422556 273.972831271533 -6.854916557056664 41.517319553442235 139.40733546457392 -999.0 6231.0 -999.0 -1 -999 {-999.0 -999.0 -999.0 -999.0 -999.0} "" -999.0 -999.0 -999.0 -999.0 -999 -999 "" "" "" "" 0 0 0.0 0.0 -999 ""
FIBERMAP 839 R+3C1 APOGEE 1 1 0 1 0 0 -272.1908138055506 59.93938677163366 143.1 -211.9927208663671 180.87812683346814 183.78563 105.99922 273.6244188013436 -5.575762770499791 -2.692669 -18.517033 5.905432 273.62441102207544 -5.575816014102466 273.6359040029854 -5.559219216239189 42.78174313305483 138.8158866600567 16000.0 16600.0 2016.0 2 143 {-999.0 8.003115 8.090485 8.168438 -999.0} sdss_psfmag_gaia 8.088696 8.017071 7.8555593 7.619 63050395556092922 975476682 "" ops_std_apogee ops_std standard_apogee 0 0 0.0 0.0 -999 ""
FIBERMAP 839 R+3C1 BOSS 0 0 0 1 0 0 -272.45701828646577 60.6213656768321 143.1 -211.90693836605215 181.60506864038405 183.78563 105.99922 -999.0 -999.0 -999.0 -999.0 -999.0 273.62496721775284 -5.572739254816131 273.6363279564839 -5.555959489263184 42.784217081781776 138.81293798552002 -999.0 5400.0 -999.0 1 3 {-999.0 -999.0 -999.0 -999.0 -999.0} "" -999.0 -999.0 -999.0 -999.0 -999 -999 "" "" "" "" 0 0 0.0 0.0 -999 ""
FIBERMAP 839 R+3C1 METROLOGY 0 0 0 1 0 0 -271.7074973769341 60.51061805843669 143.1 -211.29764741420962 181.1549098001217 183.78563 105.99922 -999.0 -999.0 -999.0 -999.0 -999.0 273.6276463137699 -5.574695932946712 273.63904582550913 -5.5579600783001535 42.78104970205068 138.81139189934015 -999.0 6231.0 -999.0 -1 -999 {-999.0 -999.0 -999.0 -999.0 -999.0} "" -999.0 -999.0 -999.0 -999.0 -999 -999 "" "" "" "" 0 0 0.0 0.0 -999 ""
FIBERMAP 840 R+10C12 APOGEE 0 0 0 1 0 0 59.583842897499345 200.75880162904986 143.1 146.97592111901434 149.1293431873202 109.468994 141.35947 -999.0 -999.0 -999.0 -999.0 -999.0 275.25719925588317 -5.721667192333463 275.2684306741172 -5.700645514172812 41.74589715122752 137.11378562795494 -999.0 16600.0 -999.0 2 -999 {-999.0 -999.0 -999.0 -999.0 -999.0} "" -999.0 -999.0 -999.0 -999.0 -999 -999 "" "" "" "" 0 0 0.0 0.0 -999 ""
FIBERMAP 840 R+10C12 BOSS 1 1 0 1 0 0 59.80534271153197 201.47113988821906 143.1 147.50632219352448 149.65374725311437 109.468994 141.35947 275.2597616432383 -5.719464906886007 0.34744683 -1.1763426 0.714683 275.2597626472801 -5.719468289324201 275.27085563837704 -5.698253659290537 41.746466077438896 137.10929616414614 5400.0 5400.0 2016.0 1 141 {-999.0 16.104923 15.034917 14.549327 -999.0} sdss_psfmag_ps1 15.737355 15.003891 14.157347 12.696 63050395547460360 982153200 "" ops_std_boss_tic ops_std standard_boss 0 0 0.0 0.0 -999 ""
FIBERMAP 840 R+10C12 METROLOGY 0 0 0 1 0 0 60.31304205653851 200.9166957928698 143.1 147.69360013542402 148.92578552987644 109.468994 141.35947 -999.0 -999.0 -999.0 -999.0 -999.0 275.26058072645884 -5.722714443348446 275.27171870257985 -5.701549230268951 41.74327619774348 137.11089495236791 -999.0 6231.0 -999.0 -1 -999 {-999.0 -999.0 -999.0 -999.0 -999.0} "" -999.0 -999.0 -999.0 -999.0 -999 -999 "" "" "" "" 0 0 0.0 0.0 -999 ""
FIBERMAP 842 R-4C20 APOGEE 0 0 0 1 0 0 194.68184197757492 -89.92995713041239 143.1 129.49789295985133 -170.89540334694485 10.95122 58.356617 -999.0 -999.0 -999.0 -999.0 -999.0 275.17546216108923 -7.173620909385566 275.1903085855902 -7.152167826163104 40.59688428723102 138.29665857149783 -999.0 16600.0 -999.0 2 -999 {-999.0 -999.0 -999.0 -999.0 -999.0} "" -999.0 -999.0 -999.0 -999.0 -999 -999 "" "" "" "" 0 0 0.0 0.0 -999 ""
FIBERMAP 842 R-4C20 BOSS 1 1 0 1 0 0 194.44149830125485 -90.60993064581918 143.1 128.96608275972588 -171.38238855081812 10.95122 58.356617 275.1731872558593 -7.176056203064306 -999.0 -999.0 -999.0 275.1731872558593 -7.176056203064308 275.1879053600308 -7.1544115032043205 40.596375522720344 138.3009181876233 5400.0 5400.0 2015.5 1 286 {-999.0 -999.0 -999.0 -999.0 -999.0} "" -999.0 -999.0 -999.0 -999.0 27021603148783870 820563806 "" ops_sky_boss_good ops_sky sky_boss 0 0 0.0 0.0 -999 ""
FIBERMAP 842 R-4C20 METROLOGY 0 0 0 1 0 0 193.94747229629263 -90.06172644294433 143.1 128.7879358749584 -170.66636224122564 10.95122 58.356617 -999.0 -999.0 -999.0 -999.0 -999.0 275.1723515210257 -7.172767625654518 275.18710018828415 -7.151182398600411 40.59949295387416 138.29938965606632 -999.0 6231.0 -999.0 -1 -999 {-999.0 -999.0 -999.0 -999.0 -999.0} "" -999.0 -999.0 -999.0 -999.0 -999 -999 "" "" "" "" 0 0 0.0 0.0 -999 ""
FIBERMAP 846 R+1C13 APOGEE 1 1 0 1 0 0 -27.76902556357558 21.402475167699038 143.1 -14.439193517706377 31.942671927527222 197.48604 89.43263 274.519468244566 -6.251283287164903 -0.4797545 -5.313065 0.09788746 274.5194668568353 -6.251298564273856 274.53229326679934 -6.232016094432011 41.7252871282903 138.3257850569204 16000.0 16600.0 2016.0 2 131 {-999.0 17.714722 15.228712 14.176253 -999.0} sdss_psfmag_ps1 16.37662 14.61427 13.368949 10.021 63050395546705411 1153961047 bright_1x1 mwm_galactic_core_dist_apogee_sparse mwm_galactic science 0 0 0.0 0.0 -999 ""
FIBERMAP 846 R+1C13 BOSS 0 0 0 1 0 0 -28.021965632195037 22.10067235470979 143.1 -14.33408059797809 32.67768736887082 197.48604 89.43263 -999.0 -999.0 -999.0 -999.0 -999.0 274.52007855896534 -6.248122303070906 274.5327674320405 -6.228650457827157 41.727804867222986 138.32272650281828 -999.0 5400.0 -999.0 1 13 {-999.0 -999.0 -999.0 -999.0 -999.0} "" -999.0 -999.0 -999.0 -999.0 -999 -999 "" "" "" "" 0 0 0.0 0.0 -999 ""
FIBERMAP 846 R+1C13 METROLOGY 0 0 0 1 0 0 -27.287489073556785 21.975891294693454 143.1 -13.744663310330722 32.22221972083545 197.48604 89.43263 -999.0 -999.0 -999.0 -999.0 -999.0 274.522739779437 -6.250154674585126 274.53546931654364 -6.23072840382324 41.72457604262203 138.32131690512048 -999.0 6231.0 -999.0 -1 -999 {-999.0 -999.0 -999.0 -999.0 -999.0} "" -999.0 -999.0 -999.0 -999.0 -999 -999 "" "" "" "" 0 0 0.0 0.0 -999 ""
FIBERMAP 847 R+5C22 APOGEE 1 1 0 1 0 0 237.15090137031697 118.65885173296166 143.1 265.05377519057924 -6.809330596573357 157.00145 22.492859 275.79207047346085 -6.429653518806623 -1.6973957 -7.159167 -0.074026085 275.7920655619009 -6.429674104169351 275.80482798164013 -6.406906737250122 40.86133564860142 137.07442832937627 16000.0 16600.0 2016.0 2 74 {-999.0 20.162544 17.503593 14.937828 -999.0} sdss_psfmag_ps1 18.72158 15.439732 13.9105215 9.66 63050395546958567 1153961748 bright_1x1 mwm_galactic_core_dist_apogee_sparse mwm_galactic science 0 0 0.0 0.0 -999 ""
FIBERMAP 847 R+5C22 BOSS 0 0 0 1 0 0 237.90863999347508 118.66796900497789 143.1 265.7266797284084 -7.1575865160365275 157.00145 22.492859 -999.0 -999.0 -999.0 -999.0 -999.0 275.7952248098101 -6.431443013962141 275.8078535325383 -6.408473646041476 40.85832240019128 137.0723734085221 -999.0 5400.0 -999.0 1 248 {-999.0 -999.0 -999.0 -999.0 -999.0} "" -999.0 -999.0 -999.0 -999.0 -999 -999 "" "" "" "" 0 0 0.0 0.0 -999 ""
FIBERMAP 847 R+5C22 METROLOGY 0 0 0 1 0 0 237.54650493648572 118.02139174003806 143.1 265.10310605300947 -7.55783509556477 157.00145 22.492859 -999.0 -999.0 -999.0 -999.0 -999.0 275.7923875936746 -6.433199397549751 275.8050605584265 -6.410291452836011 40.85843627241858 137.0767575638641 -999.0 6231.0 -999.0 -1 -999 {-999.0 -999.0 -999.0 -999.0 -999.0} "" -999.0 -999.0 -999.0 -999.0 -999 -999 "" "" "" "" 0 0 0.0 0.0 -999 ""
FIBERMAP 849 R+6C12 APOGEE 0 0 0 1 0 0 2.231287463625982 120.07655768856368 143.1 58.430780673236725 104.90460659836415 222.55214 51.318237 -999.0 -999.0 -999.0 -999.0 -999.0 274.85380398104815 -5.920234406869513 274.8656825116269 -5.900203931447057 41.81139311082347 137.70758888435935 -999.0 16600.0 -999.0 2 -999 {-999.0 -999.0 -999.0 -999.0 -999.0} "" -999.0 -999.0 -999.0 -999.0 -999 -999 "" "" "" "" 0 0 0.0 0.0 -999 ""
FIBERMAP 849 R+6C12 BOSS 1 1 0 1 0 0 2.166803354794905 120.81569031392945 143.1 58.72143286886025 105.58712785218758 222.55214 51.318237 274.8552916326764 -5.91729973123756 -0.07868914 6.769892 1.6519053 274.8552914052028 -5.917280265189249 274.8670319448334 -5.897059428232176 41.813215627037145 137.703707709587 5400.0 5400.0 2016.0 1 117 {-999.0 18.006388 16.1445 15.101462 -999.0} sdss_psfmag_ps1 17.142616 15.714923 14.560061 11.952 63050395547505051 939085311 bright_1x1 openfibertargets_nov2020_34a open_fiber science 0 0 0.0 0.0 -999 ""
FIBERMAP 849 R+6C12 METROLOGY 0 0 0 1 0 0 2.8403092061988566 120.50755014509315 143.1 59.17083210155615 104.99853622064131 222.55214 51.318237 -999.0 -999.0 -999.0 -999.0 -999.0 274.8573028883268 -5.919915649702619 274.8690857842871 -5.899741526151949 41.80984761505489 137.7035006791786 -999.0 6231.0 -999.0 -1 -999 {-999.0 -999.0 -999.0 -999.0 -999.0} "" -999.0 -999.0 -999.0 -999.0 -999 -999 "" "" "" "" 0 0 0.0 0.0 -999 ""
FIBERMAP 852 R0C15 APOGEE 1 1 0 1 0 0 14.540346529371176 0.7680427895396273 143.1 13.191334619460779 -6.159394697477439 100.99839 168.752 274.6457178708932 -6.425247466225002 -2.5661166 -5.469481 0.21376465 274.64571044567924 -6.4252631930899895 274.6589180950842 -6.405565885267599 41.51100241732223 138.31719863133824 16000.0 16600.0 2016.0 2 32 {-999.0 20.200428 17.298922 15.585609 -999.0} sdss_psfmag_ps1 18.55617 16.159878 14.769073 10.886 63050395546651681 1153961028 bright_1x1 mwm_galactic_core_dist_apogee_sparse mwm_galactic science 0 0 0.0 0.0 -999 ""
FIBERMAP 852 R0C15 BOSS 0 0 0 1 0 0 14.550886040496476 1.508579450639847 143.1 13.548846757386743 -5.510911853766775 100.99839 168.752 -999.0 -999.0 -999.0 -999.0 -999.0 274.6474947572166 -6.422506265038159 274.66056433377753 -6.40261488743315 41.51252124942406 138.31317502794826 -999.0 5400.0 -999.0 1 180 {-999.0 -999.0 -999.0 -999.0 -999.0} "" -999.0 -999.0 -999.0 -999.0 -999 -999 "" "" "" "" 0 0 0.0 0.0 -999 ""
FIBERMAP 852 R0C15 METROLOGY 0 0 0 1 0 0 15.191509448466022 1.139368874437142 143.1 13.940514718091228 -6.137929264428748 100.99839 168.752 -999.0 -999.0 -999.0 -999.0 -999.0 274.64924580284486 -6.425313835506133 274.6623586168158 -6.405470504405219 41.509157286194984 138.3133526846389 -999.0 6231.0 -999.0 -1 -999 {-999.0 -999.0 -999.0 -999.0 -999.0} "" -999.0 -999.0 -999.0 -999.0 -999 -999 "" "" "" "" 0 0 0.0 0.0 -999 ""
FIBERMAP 857 R+13C3 APOGEE 1 1 0 1 0 0 -96.59460309355403 238.84550467974884 143.1 27.075329745861026 256.174104336102 293.73438 112.34454 274.7112340110442 -5.237647856107658 -4.395235 -5.87921 0.10614807 274.7112213200602 -5.23766476110131 274.7214687251242 -5.218312353898778 42.45331425764508 137.3419690706022 16000.0 16600.0 2016.0 2 106 {-999.0 19.225962 16.429525 14.918745 -999.0} sdss_psfmag_ps1 17.62557 15.308648 13.937742 10.011 63050395556456666 1153971677 bright_1x1 mwm_galactic_core_dist_apogee_sparse mwm_galactic science 0 0 0.0 0.0 -999 ""
FIBERMAP 857 R+13C3 BOSS 0 0 0 1 0 0 -97.11138038646185 238.30777368917063 143.1 26.36648329485301 255.94261537523911 293.73438 112.34454 -999.0 -999.0 -999.0 -999.0 -999.0 274.7081286097625 -5.238852405185658 274.7182519823608 -5.219324834058724 42.45431669922184 137.34631507196224 -999.0 5400.0 -999.0 1 87 {-999.0 -999.0 -999.0 -999.0 -999.0} "" -999.0 -999.0 -999.0 -999.0 -999 -999 "" "" "" "" 0 0 0.0 0.0 -999 ""
FIBERMAP 857 R+13C3 METROLOGY 0 0 0 1 0 0 -97.32944436868655 239.02145080861496 143.1 26.509649274589076 256.6748907861943 293.73438 112.34454 -999.0 -999.0 -999.0 -999.0 -999.0 274.708744883961 -5.235541481878819 274.7188961576263 -5.216065543232352 42.456622793331846 137.34307449185533 -999.0 6231.0 -999.0 -1 -999 {-999.0 -999.0 -999.0 -999.0 -999.0} "" -999.0 -999.0 -999.0 -999.0 -999 -999 "" "" "" "" 0 0 0.0 0.0 -999 ""
FIBERMAP 859 R-9C1 APOGEE 1 1 0 1 0 0 -173.5785941422495 -166.52924662482948 143.1 -231.46793173973947 -65.32352347301278 66.948265 68.79903 273.5286543025529 -6.689095029519489 -2.9031231 -6.772082 0.12559612 273.5286458977422 -6.689114501863776 273.54293688102456 -6.672287735435122 41.90434931836768 139.75097382273916 16000.0 16600.0 2016.0 2 272 {-999.0 19.756664 17.086346 15.025298 -999.0} sdss_psfmag_ps1 18.335941 15.593398 14.103665 9.984 63050395546574868 1153960594 bright_1x1 mwm_galactic_core_dist_apogee_sparse mwm_galactic science 0 0 0.0 0.0 -999 ""
FIBERMAP 859 R-9C1 BOSS 0 0 0 1 0 0 -173.02871166168364 -167.046053878318 143.1 -231.22573457023825 -66.03811018649024 66.948265 68.79903 -999.0 -999.0 -999.0 -999.0 -999.0 273.529830503895 -6.692556622717535 273.5440043487256 -6.675534821932324 41.901051137012125 139.7521677545615 -999.0 5400.0 -999.0 1 419 {-999.0 -999.0 -999.0 -999.0 -999.0} "" -999.0 -999.0 -999.0 -999.0 -999 -999 "" "" "" "" 0 0 0.0 0.0 -999 ""
FIBERMAP 859 R-9C1 METROLOGY 0 0 0 1 0 0 -173.74453581950425 -167.26339186839866 143.1 -231.95956312321155 -65.89329403001504 66.948265 68.79903 -999.0 -999.0 -999.0 -999.0 -999.0 273.5264943411025 -6.69181836889861 273.5407031158677 -6.674859765830414 41.9034097236125 139.75535959070024 -999.0 6231.0 -999.0 -1 -999 {-999.0 -999.0 -999.0 -999.0 -999.0} "" -999.0 -999.0 -999.0 -999.0 -999 -999 "" "" "" "" 0 0 0.0 0.0 -999 ""
FIBERMAP 865 R-9C11 APOGEE 1 1 0 1 0 0 28.692160150567368 -189.9380564643676 143.1 -63.99438233427601 -181.09007028411432 272.43967 96.14575 274.2903197089355 -7.218480636879068 12.032993 -21.314383 5.594954 274.29035458485055 -7.218541923939236 274.305666669407 -7.199439247155514 41.04770448386706 139.29380342986553 16000.0 16600.0 2016.0 2 179 {-999.0 8.757323 8.478645 8.359336 -999.0} sdss_psfmag_from_g3xp 8.7359705 8.468803 8.022986 7.284 63050395546378437 975042836 "" ops_std_apogee ops_std standard_apogee 0 0 0.0 0.0 -999 ""
FIBERMAP 865 R-9C11 BOSS 0 0 0 1 0 0 27.960912347291885 -190.05622361294283 143.1 -64.69518876390853 -180.8504947855346 272.43967 96.14575 -999.0 -999.0 -999.0 -999.0 -999.0 274.28726379066296 -7.2176878161025275 274.3024433373199 -7.198398918628735 41.050339092122336 139.29657470560056 -999.0 5400.0 -999.0 1 374 {-999.0 -999.0 -999.0 -999.0 -999.0} "" -999.0 -999.0 -999.0 -999.0 -999 -999 "" "" "" "" 0 0 0.0 0.0 -999 ""
FIBERMAP 865 R-9C11 METROLOGY 0 0 0 1 0 0 28.226084427007695 -189.3576054583336 143.1 -64.1327033359875 -180.35873253933366 272.43967 96.14575 -999.0 -999.0 -999.0 -999.0 -999.0 274.28980426476096 -7.215419035405164 274.3050141684233 -7.196179695669718 41.05077862192329 139.29212959548153 -999.0 6231.0 -999.0 -1 -999 {-999.0 -999.0 -999.0 -999.0 -999.0} "" -999.0 -999.0 -999.0 -999.0 -999 -999 "" "" "" "" 0 0 0.0 0.0 -999 ""
FIBERMAP 866 R+11C13 APOGEE 1 1 0 1 0 0 86.43555851061993 224.9892922718266 143.1 182.06304697859238 157.88386502885302 178.38528 73.2044 275.415998572339 -5.683227945079687 -5.9340057 -0.9650029 0.28828028 275.4159814255027 -5.683230719834537 275.4270559494883 -5.661801421467801 41.68669803578221 136.91096842408086 16000.0 16600.0 2016.0 2 12 {-999.0 17.208609 14.889512 13.642599 -999.0} sdss_psfmag_from_g3xp 16.00503 14.315416 13.087855 9.8 63050395547590812 1152263218 bright_1x1 mwm_galactic_core_dist_apogee_sparse mwm_galactic science 0 0 0.0 0.0 -999 ""
FIBERMAP 866 R+11C13 BOSS 0 0 0 1 0 0 86.66796977515534 225.7048165411618 143.1 182.60457427016212 158.40594964408342 178.38528 73.2044 -999.0 -999.0 -999.0 -999.0 -999.0 275.4185703248348 -5.681065364605937 275.4295055476189 -5.65944305488437 41.68721657409088 136.90648003559667 -999.0 5400.0 -999.0 1 99 {-999.0 -999.0 -999.0 -999.0 -999.0} "" -999.0 -999.0 -999.0 -999.0 -999 -999 "" "" "" "" 0 0 0.0 0.0 -999 ""
FIBERMAP 866 R+11C13 METROLOGY 0 0 0 1 0 0 87.17023815481345 225.14804802459392 143.1 182.78596702769684 157.67849061275035 178.38528 73.2044 -999.0 -999.0 -999.0 -999.0 -999.0 275.4193655043487 -5.684300597101307 275.43034603961155 -5.662727734906461 41.68405166259471 136.90810464260227 -999.0 6231.0 -999.0 -1 -999 {-999.0 -999.0 -999.0 -999.0 -999.0} "" -999.0 -999.0 -999.0 -999.0 -999 -999 "" "" "" "" 0 0 0.0 0.0 -999 ""
FIBERMAP 868 R+9C15 APOGEE 0 0 0 1 0 0 117.74037828138138 192.07672040495174 143.1 194.2099411882595 114.1222653439887 143.75706 74.27779 -999.0 -999.0 -999.0 -999.0 -999.0 275.4718157981427 -5.881162912547194 275.483355894007 -5.859497130696797 41.49289838839117 137.00227080329935 -999.0 16600.0 -999.0 2 -999 {-999.0 -999.0 -999.0 -999.0 -999.0} "" -999.0 -999.0 -999.0 -999.0 -999 -999 "" "" "" "" 0 0 0.0 0.0 -999 ""
FIBERMAP 868 R+9C15 BOSS 1 1 0 1 0 0 118.32433196569256 192.54821227180398 143.1 194.94691640252714 114.26371845555938 143.75706 74.27779 275.4753112792968 -5.880712414126705 -999.0 -999.0 -999.0 275.4753112792968 -5.880712414126706 275.4867151937049 -5.858849009469251 41.491501481580634 136.9981265941839 5400.0 5400.0 2015.5 1 229 {-999.0 -999.0 -999.0 -999.0 -999.0} "" -999.0 -999.0 -999.0 -999.0 27021603148796494 852798850 "" ops_sky_boss_fallback ops_sky sky_boss 0 0 0.0 0.0 -999 ""
FIBERMAP 868 R+9C15 METROLOGY 0 0 0 1 0 0 118.43610053437777 191.8072161801288 143.1 194.6971110891559 113.55731899418254 143.75706 74.27779 -999.0 -999.0 -999.0 -999.0 -999.0 275.47415036049136 -5.883850397099395 275.4856003562711 -5.862042107832883 41.48953173831077 137.00179380835735 -999.0 6231.0 -999.0 -1 -999 {-999.0 -999.0 -999.0 -999.0 -999.0} "" -999.0 -999.0 -999.0 -999.0 -999 -999 "" "" "" "" 0 0 0.0 0.0 -999 ""
FIBERMAP 869 R+10C1 APOGEE 0 0 0 1 0 0 -191.00651518068042 186.4909682519157 143.1 -80.85030070669502 254.37122599000577 217.58304 113.33661 -999.0 -999.0 -999.0 -999.0 -999.0 274.22085058148275 -5.2450333908822735 274.23130100477283 -5.226987017978061 42.724017220971454 137.89381846410652 -999.0 16600.0 -999.0 2 115 {-999.0 -999.0 -999.0 -999.0 -999.0} "" -999.0 -999.0 -999.0 -999.0 -999 -999 "" "" "" "" 0 0 0.0 0.0 -999 ""
FIBERMAP 869 R+10C1 BOSS 1 1 0 1 0 0 -191.62721747853232 186.88749173661873 143.1 -81.21154760383685 255.0129766848078 217.58304 113.33661 274.2193888056409 -5.242313608901902 -10.839213 -13.274474 1.9023466 274.2193575078119 -5.242351778128456 274.2296766333238 -5.224128322357391 42.72728945243047 137.89343031563178 5400.0 5400.0 2016.0 1 79 {-999.0 17.386023 15.676594 15.088315 -999.0} sdss_psfmag_ps1 16.56432 15.455584 14.360367 12.021 63050395556524189 1034785569 bright_1x1 mwm_yso_variable_boss_single mwm_yso science 0 0 0.0 0.0 -999 ""
FIBERMAP 869 R+10C1 METROLOGY 0 0 0 1 0 0 -190.96223641384557 187.23824245152446 143.1 -80.45984944547668 255.00978919916142 217.58304 113.33661 -999.0 -999.0 -999.0 -999.0 -999.0 274.22273272935513 -5.242312027996836 274.23308570045594 -5.22413130625855 42.72536482466328 137.88962332112817 -999.0 6231.0 -999.0 -1 -999 {-999.0 -999.0 -999.0 -999.0 -999.0} "" -999.0 -999.0 -999.0 -999.0 -999 -999 "" "" "" "" 0 0 0.0 0.0 -999 ""
FIBERMAP 870 R0C26 APOGEE 1 1 0 1 0 0 284.867041763508 12.772989611451571 143.1 257.36856536180755 -122.67835802577112 96.58093 44.491802 275.7555765271091 -6.953234162238624 -4.2322755 -5.3123007 0.09279658 275.75556426752047 -6.9532494371495615 275.7696305388198 -6.930342437255841 40.452875324818635 137.50836543481813 16000.0 16600.0 2016.0 2 38 {-999.0 20.193077 17.225412 20.669683 -999.0} sdss_psfmag_ps1 18.424368 14.408982 12.836569 8.238 63050395546747200 1153961154 bright_1x1 mwm_galactic_core_dist_apogee_sparse mwm_galactic science 0 0 0.0 0.0 -999 ""
FIBERMAP 870 R0C26 BOSS 0 0 0 1 0 0 285.46208356196314 12.332954708351085 143.1 257.6867100430138 -123.3464365793346 96.58093 44.491802 -999.0 -999.0 -999.0 -999.0 -999.0 275.7570946162919 -6.9564394615629 275.77103019320884 -6.933330677641593 40.44962959004735 137.50911489969815 -999.0 5400.0 -999.0 1 173 {-999.0 -999.0 -999.0 -999.0 -999.0} "" -999.0 -999.0 -999.0 -999.0 -999 -999 "" "" "" "" 0 0 0.0 0.0 -999 ""
FIBERMAP 870 R0C26 METROLOGY 0 0 0 1 0 0 284.7570704064344 12.035032445557132 143.1 256.9245289410748 -123.27781031032747 96.58093 44.491802 -999.0 -999.0 -999.0 -999.0 -999.0 275.753640684709 -6.956098401175048 275.7676159380193 -6.93305464515012 40.4517951848285 137.51256022361656 -999.0 6231.0 -999.0 -1 -999 {-999.0 -999.0 -999.0 -999.0 -999.0} "" -999.0 -999.0 -999.0 -999.0 -999 -999 "" "" "" "" 0 0 0.0 0.0 -999 ""
FIBERMAP 871 R-7C18 APOGEE 1 1 0 1 0 0 150.10353743655062 -139.74861481027153 143.1 66.73711798447887 -193.89322184966383 227.91298 75.74464 274.88819145904046 -7.2777970740944795 -2.8026202 -5.0850997 0.054217014 274.8884401153898 -7.277811695715138 274.90365991345584 -7.257080165989352 40.66983404425691 138.68434349323695 16000.0 16600.0 2016.0 2 234 {-999.0 20.618229 17.57493 14.244139 -999.0} sdss_psfmag_ps1 19.05032 14.223083 12.565306 6.903 63050395546298839 1153959429 bright_1x1 mwm_galactic_core_dist_apogee_sparse mwm_galactic science 0 0 0.9169620275497437 0.0 -999 ""
FIBERMAP 871 R-7C18 BOSS 0 0 0 1 0 0 149.71836032590352 -139.10059548566983 143.1 66.701952440807 -193.14030263802397 227.91298 75.74464 -999.0 -999.0 -999.0 -999.0 -999.0 274.88844415220814 -7.274663913168268 274.90352222937474 -7.253737077514326 40.6726810031658 138.6820259582313 -999.0 5400.0 -999.0 1 276 {-999.0 -999.0 -999.0 -999.0 -999.0} "" -999.0 -999.0 -999.0 -999.0 -999 -999 "" "" "" "" 0 0 0.0 0.0 -999 ""
FIBERMAP 871 R-7C18 METROLOGY 0 0 0 1 0 0 150.46348598166145 -139.07464083623515 143.1 67.371644686347 -193.46777068276316 227.91298 75.74464 -999.0 -999.0 -999.0 -999.0 -999.0 274.8914576173156 -7.276071700620761 274.90657590468834 -7.2551918883674915 40.66978000114189 138.67978966415453 -999.0 6231.0 -999.0 -1 -999 {-999.0 -999.0 -999.0 -999.0 -999.0} "" -999.0 -999.0 -999.0 -999.0 -999 -999 "" "" "" "" 0 0 0.0 0.0 -999 ""
FIBERMAP 872 R+4C23 APOGEE 1 1 0 1 0 0 252.47324431640993 56.378447516614855 143.1 249.2887399150481 -68.96945770580538 359.5232 22.271994 275.72064540622597 -6.711020510667433 2.7818632 -0.24304456 1.9977092 275.7206534603397 -6.7110212095141 275.73413791633493 -6.688317848740977 40.67144548111492 137.36390074845625 16000.0 16600.0 2016.0 2 77 {-999.0 11.177801 10.631448 10.333941 -999.0} sdss_psfmag_from_g3xp 11.050668 10.606004 9.975876 9.046 63050395546785107 975042898 "" ops_std_apogee ops_std standard_apogee 0 0 0.0 0.0 -999 ""
FIBERMAP 872 R+4C23 BOSS 0 0 0 1 0 0 251.77296077814304 56.134573704078946 143.1 248.55614660712408 -68.85536381879162 359.5232 22.271994 -999.0 -999.0 -999.0 -999.0 -999.0 275.71751428970845 -6.710715268434189 275.7308618112986 -6.687826100090591 40.67371423903547 137.36704358806216 -999.0 5400.0 -999.0 1 247 {-999.0 -999.0 -999.0 -999.0 -999.0} "" -999.0 -999.0 -999.0 -999.0 -999 -999 "" "" "" "" 0 0 0.0 0.0 -999 ""
FIBERMAP 872 R+4C23 METROLOGY 0 0 0 1 0 0 251.90869719317612 56.87247046606822 143.1 249.02288933431407 -68.26807997768302 359.5232 22.271994 -999.0 -999.0 -999.0 -999.0 -999.0 275.7195796035712 -6.707996050648671 275.7329584250034 -6.685157707150037 40.67470616134446 137.36277668168617 -999.0 6231.0 -999.0 -1 -999 {-999.0 -999.0 -999.0 -999.0 -999.0} "" -999.0 -999.0 -999.0 -999.0 -999 -999 "" "" "" "" 0 0 0.0 0.0 -999 ""
FIBERMAP 875 R+1C7 APOGEE 1 0 0 1 1 0 -143.86255693068918 0.4489493579397781 143.1 -126.73110754282257 68.04263040721573 318.06042 67.57435 274.13357273780963 -6.04639052420248 -0.4020382 -6.268414 0.24671067 274.00640351455536 -6.085671307848202 274.01901632048055 -6.067833317515708 42.14704464756383 138.77063558817653 16000.0 16600.0 2016.0 2 138 {-999.0 17.82183 15.395175 14.260474 -999.0} sdss_psfmag_ps1 16.559038 14.834167 13.600857 10.39 63050395555967119 1153970966 bright_1x1 mwm_galactic_core_dist_apogee_sparse mwm_galactic science 0 0 0.0 0.0 -999 ""
FIBERMAP 875 R+1C7 BOSS 0 0 0 1 1 0 -144.54286518806236 0.13852605927188577 143.1 -127.47736759266418 68.08860930570769 318.06042 67.57435 -999.0 -999.0 -999.0 -999.0 -999.0 274.00307729558153 -6.085615650840209 274.01556489568225 -6.0675994066359875 42.149151589155984 138.77430335336282 -999.0 5400.0 -999.0 1 21 {-999.0 -999.0 -999.0 -999.0 -999.0} "" -999.0 -999.0 -999.0 -999.0 -999 -999 "" "" "" "" 0 0 0.0 0.0 -999 ""
FIBERMAP 875 R+1C7 METROLOGY 0 0 0 1 1 0 -144.4764298233903 0.8882731303216858 143.1 -127.06620289054744 68.71893615232067 318.06042 67.57435 -999.0 -999.0 -999.0 -999.0 -999.0 274.0049410997862 -6.082706999953492 274.017456583382 -6.06474010129575 42.150477338876726 138.77004731240206 -999.0 6231.0 -999.0 -1 -999 {-999.0 -999.0 -999.0 -999.0 -999.0} "" -999.0 -999.0 -999.0 -999.0 -999 -999 "" "" "" "" 0 0 0.0 0.0 -999 ""
FIBERMAP 877 R+13C4 APOGEE 1 1 0 1 0 0 -93.4537087333492 265.2405714420604 143.1 42.25819305530796 277.9878252516934 188.83534 54.864616 274.78017566628387 -5.140856983146588 -3.6533158 -5.1407933 0.16289166 274.78016511916667 -5.140871764907866 274.7901473145236 -5.121376943113175 42.493572839328564 137.19066791812767 16000.0 16600.0 2016.0 2 114 {-999.0 20.830967 17.706894 15.546075 -999.0} sdss_psfmag_ps1 19.16885 16.066061 14.580279 10.162 63050395556585486 1153972042 bright_1x1 mwm_galactic_core_dist_apogee_sparse mwm_galactic science 0 0 0.0 0.0 -999 ""
FIBERMAP 877 R+13C4 BOSS 0 0 0 1 0 0 -93.14561590499088 265.91013789038857 143.1 42.844890543734714 278.4337706731326 188.83534 54.864616 -999.0 -999.0 -999.0 -999.0 -999.0 274.7829518514874 -5.139095602918244 274.792800280193 -5.119411705188982 42.49366639518586 137.18620365664236 -999.0 5400.0 -999.0 1 86 {-999.0 -999.0 -999.0 -999.0 -999.0} "" -999.0 -999.0 -999.0 -999.0 -999 -999 "" "" "" "" 0 0 0.0 0.0 -999 ""
FIBERMAP 877 R+13C4 METROLOGY 0 0 0 1 0 0 -92.71103227034533 265.3225102412935 143.1 42.95204881517255 277.71090844958155 188.83534 54.864616 -999.0 -999.0 -999.0 -999.0 -999.0 274.7834036151518 -5.142257007271245 274.79329603079714 -5.122622221289901 42.49075359706427 137.18815335546878 -999.0 6231.0 -999.0 -1 -999 {-999.0 -999.0 -999.0 -999.0 -999.0} "" -999.0 -999.0 -999.0 -999.0 -999 -999 "" "" "" "" 0 0 0.0 0.0 -999 ""
FIBERMAP 880 R-8C1 APOGEE 1 1 0 1 0 0 -185.15850375286357 -144.59258824439075 143.1 -231.37090520275265 -40.5218783594338 81.98549 58.76372 273.5292961108809 -6.576798691548283 1.204993 1.5421102 0.2679741 273.52929959865224 -6.576794257387314 273.54331135989383 -6.560015439255407 41.99810214737986 139.6679168037371 16000.0 16600.0 2016.0 2 276 {-999.0 18.083586 16.479736 13.003943 -999.0} sdss_psfmag_gaia 16.28305 13.669306 12.256428 8.316 63050395546680924 1154743445 bright_1x1 mwm_galactic_core_dist_apogee_sparse mwm_galactic science 0 0 0.0 0.0 -999 ""
FIBERMAP 880 R-8C1 BOSS 0 0 0 1 0 0 -184.55912007481342 -145.05217365131998 143.1 -231.05812227145447 -41.209249612398565 81.98549 58.76372 -999.0 -999.0 -999.0 -999.0 -999.0 273.5307942187559 -6.580113667139752 273.54468864324963 -6.563139798588471 41.994738762606495 139.66867959984532 -999.0 5400.0 -999.0 1 418 {-999.0 -999.0 -999.0 -999.0 -999.0} "" -999.0 -999.0 -999.0 -999.0 -999 -999 "" "" "" "" 0 0 0.0 0.0 -999 ""
FIBERMAP 880 R-8C1 METROLOGY 0 0 0 1 0 0 -185.25283526107074 -145.3352781888098 143.1 -231.8033666786273 -41.13286088640726 81.98549 58.76372 -999.0 -999.0 -999.0 -999.0 -999.0 273.52740686790463 -6.579689567460744 273.5413369471984 -6.562778679704319 41.99686488790944 139.67216170351796 -999.0 6231.0 -999.0 -1 -999 {-999.0 -999.0 -999.0 -999.0 -999.0} "" -999.0 -999.0 -999.0 -999.0 -999 -999 "" "" "" "" 0 0 0.0 0.0 -999 ""
FIBERMAP 885 R+12C10 APOGEE 0 0 0 1 0 0 40.807919643223926 247.61548192635234 143.1 152.44108514663773 199.30373138313735 120.451004 99.235245 -999.0 -999.0 -999.0 -999.0 -999.0 275.2809735455738 -5.495870309691417 275.2916390773986 -5.474883927493859 41.91712898764039 136.91390261893704 -999.0 16600.0 -999.0 2 -999 {-999.0 -999.0 -999.0 -999.0 -999.0} "" -999.0 -999.0 -999.0 -999.0 -999 -999 "" "" "" "" 0 0 0.0 0.0 -999 ""
FIBERMAP 885 R+12C10 BOSS 1 1 0 1 0 0 41.37364328451486 248.10981769085393 143.1 153.172716005705 199.47391367395088 120.451004 99.235245 275.284423828125 -5.495303498586523 -999.0 -999.0 -999.0 275.284423828125 -5.495303498586523 275.2949548610272 -5.474122541674118 41.915846135691304 136.90968954293496 5400.0 5400.0 2015.5 1 153 {-999.0 -999.0 -999.0 -999.0 -999.0} "" -999.0 -999.0 -999.0 -999.0 27021603148799492 852799448 "" ops_sky_boss_fallback ops_sky sky_boss 0 0 0.0 0.0 -999 ""
FIBERMAP 885 R+12C10 METROLOGY 0 0 0 1 0 0 41.514479496264464 247.37582560037052 143.1 152.95185294816113 198.760026368055 120.451004 99.235245 -999.0 -999.0 -999.0 -999.0 -999.0 275.28340226413974 -5.498450798052111 275.2939787968297 -5.477323780951844 41.9137923703649 136.91323839489328 -999.0 6231.0 -999.0 -1 -999 {-999.0 -999.0 -999.0 -999.0 -999.0} "" -999.0 -999.0 -999.0 -999.0 -999 -999 "" "" "" "" 0 0 0.0 0.0 -999 ""
FIBERMAP 886 R+3C2 APOGEE 0 0 0 1 0 0 -243.159794312755 68.00552746851004 143.1 -182.58334609293914 174.34471963069976 125.08926 120.520615 -999.0 -999.0 -999.0 -999.0 -999.0 273.75658928943227 -5.60469846710439 273.76810369924203 -5.5877367635256485 42.68476735848608 138.6887486033641 -999.0 16600.0 -999.0 2 -999 {-999.0 -999.0 -999.0 -999.0 -999.0} "" -999.0 -999.0 -999.0 -999.0 -999 -999 "" "" "" "" 0 0 0.0 0.0 -999 ""
FIBERMAP 886 R+3C2 BOSS 1 1 0 1 0 0 -242.88596110539316 68.66474192470756 143.1 -182.0317464646292 174.79764002993028 125.08926 120.520615 273.7592083978341 -5.602808977630837 1.352393 -5.6644826 2.1163523 273.75921230515195 -5.602825265200597 273.7705975154467 -5.585673609702416 42.685095350500674 138.684380716337 5400.0 5400.0 2016.0 1 73 {-999.0 15.605876 14.299019 13.934659 -999.0} sdss_psfmag_ps1 15.022298 14.189771 13.290285 11.629 63050395556073145 1166109026 bright_1x1 openfibertargets_mwm_spyglassysos_boss open_fiber science 0 0 0.0 0.0 -999 ""
FIBERMAP 886 R+3C2 METROLOGY 0 0 0 1 0 0 -242.41826284450082 68.08794750309268 143.1 -181.8902743750644 174.06876585851882 125.08926 120.520615 -999.0 -999.0 -999.0 -999.0 -999.0 273.7597835804394 -5.606052431040018 273.7712112971444 -5.588950017834618 42.68203527043169 138.6861771431457 -999.0 6231.0 -999.0 -1 -999 {-999.0 -999.0 -999.0 -999.0 -999.0} "" -999.0 -999.0 -999.0 -999.0 -999 -999 "" "" "" "" 0 0 0.0 0.0 -999 ""
FIBERMAP 891 R+9C3 APOGEE 1 1 0 1 0 0 -126.69849207907157 175.7968253110312 143.1 -29.134401800504666 214.69620610014167 48.134926 64.69565 274.45495605468744 -5.42270170177747 -999.0 -999.0 -999.0 274.45495605468744 -5.42270170177747 274.4657578731644 -5.4039537890616085 42.44588841534703 137.76889544620258 16000.0 16600.0 2015.5 2 99 {-999.0 -999.0 -999.0 -999.0 -999.0} "" -999.0 -999.0 -999.0 -999.0 27021603148964607 848193217 "" ops_sky_apogee_best ops_sky sky_apogee 0 0 0.0 0.0 -999 ""
FIBERMAP 891 R+9C3 BOSS 0 0 0 1 0 0 -126.39761284729774 175.10242391671812 143.1 -29.195429062940374 213.94199824640575 48.134926 64.69565 -999.0 -999.0 -999.0 -999.0 -999.0 274.4547853778245 -5.426230632468977 274.4654687776941 -5.407297973580961 42.44329871925936 137.77178920006287 -999.0 5400.0 -999.0 1 58 {-999.0 -999.0 -999.0 -999.0 -999.0} "" -999.0 -999.0 -999.0 -999.0 -999 -999 "" "" "" "" 0 0 0.0 0.0 -999 ""
FIBERMAP 891 R+9C3 METROLOGY 0 0 0 1 0 0 -127.13915676321561 175.185660656945 143.1 -29.810617289207052 214.36413098069875 48.134926 64.69565 -999.0 -999.0 -999.0 -999.0 -999.0 274.45195573975536 -5.424286494932266 274.4626714693052 -5.405414297271623 42.446430337224285 137.7734470700546 -999.0 6231.0 -999.0 -1 -999 {-999.0 -999.0 -999.0 -999.0 -999.0} "" -999.0 -999.0 -999.0 -999.0 -999 -999 "" "" "" "" 0 0 0.0 0.0 -999 ""
FIBERMAP 894 R+13C9 APOGEE 1 1 0 1 0 0 40.31681955906974 236.79867432230023 143.1 146.9215090271267 189.99006210767334 320.86533 87.86086 275.25619824572425 -5.5375041736401185 -0.47924885 -4.264375 0.24244301 275.2561968612381 -5.537516435361755 275.26697473052315 -5.516578067263633 41.89722723256472 136.97316264445703 16000.0 16600.0 2016.0 2 56 {-999.0 18.329317 15.39702 14.044944 -999.0} sdss_psfmag_ps1 16.729044 14.508239 13.164074 9.411 63050395547683670 1153963932 bright_1x1 mwm_galactic_core_dist_apogee_sparse mwm_galactic science 0 0 0.0 0.0 -999 ""
FIBERMAP 894 R+13C9 BOSS 0 0 0 1 0 0 39.835139084567714 236.2290376323329 143.1 146.22862892192583 189.7139169379947 320.86533 87.86086 -999.0 -999.0 -999.0 -999.0 -999.0 275.2532130871376 -5.5388972660866385 275.2638637971165 -5.5177804550923 41.8980295801469 136.97749323432396 -999.0 5400.0 -999.0 1 165 {-999.0 -999.0 -999.0 -999.0 -999.0} "" -999.0 -999.0 -999.0 -999.0 -999 -999 "" "" "" "" 0 0 0.0 0.0 -999 ""
FIBERMAP 894 R+13C9 METROLOGY 0 0 0 1 0 0 39.5699814233206 236.9308200220927 143.1 146.3246470369648 190.45784081788824 320.86533 87.86086 -999.0 -999.0 -999.0 -999.0 -999.0 275.2535903726626 -5.535508863116953 275.2642699050865 -5.51444520130918 41.900522026190266 136.97446660219586 -999.0 6231.0 -999.0 -1 -999 {-999.0 -999.0 -999.0 -999.0 -999.0} "" -999.0 -999.0 -999.0 -999.0 -999 -999 "" "" "" "" 0 0 0.0 0.0 -999 ""
FIBERMAP 895 R+11C14 APOGEE 1 1 0 1 0 0 125.87769347904289 203.07467595678608 143.1 206.5616040788551 120.00040380096635 264.8689 136.80052 275.5274963378906 -5.854932252291761 -999.0 -999.0 -999.0 275.5274963378906 -5.8549322522917615 275.5389497880669 -5.833129152806482 41.482531681130205 136.921659743286 16000.0 16600.0 2015.5 2 96 {-999.0 -999.0 -999.0 -999.0 -999.0} "" -999.0 -999.0 -999.0 -999.0 27021603148798198 849000150 "" ops_sky_apogee_good ops_sky sky_apogee 0 0 0.0 0.0 -999 ""
FIBERMAP 895 R+11C14 BOSS 0 0 0 1 0 0 125.31805291106775 202.57568622683831 143.1 205.83315246520868 119.82325456054467 264.8689 136.80052 -999.0 -999.0 -999.0 -999.0 -999.0 275.5243725842146 -5.855885309214256 275.5356957422571 -5.83390173851928 41.48376963168642 136.92578349959027 -999.0 5400.0 -999.0 1 88 {-999.0 -999.0 -999.0 -999.0 -999.0} "" -999.0 -999.0 -999.0 -999.0 -999 -999 "" "" "" "" 0 0 0.0 0.0 -999 ""
FIBERMAP 895 R+11C14 METROLOGY 0 0 0 1 0 0 125.16169353208338 203.30579976570112 143.1 206.03849435036042 120.54101873183124 264.8689 136.80052 -999.0 -999.0 -999.0 -999.0 -999.0 275.52524005994866 -5.85259881919677 275.5365927245946 -5.830667786454689 41.485895164642706 136.92231876638718 -999.0 6231.0 -999.0 -1 -999 {-999.0 -999.0 -999.0 -999.0 -999.0} "" -999.0 -999.0 -999.0 -999.0 -999 -999 "" "" "" "" 0 0 0.0 0.0 -999 ""
FIBERMAP 896 R-8C17 APOGEE 1 1 0 1 0 0 162.13698605374458 -138.71603765482143 143.1 77.8407909516977 -198.64041165340106 103.012566 80.95684 274.9390883573569 -7.299117773919026 -4.530125 -5.6279655 0.039512504 274.9390752250827 -7.299133956487754 274.9543273554637 -7.278256988159294 40.62414805519633 138.64508288547 16000.0 16600.0 2016.0 2 230 {-999.0 20.181442 17.073912 14.832684 -999.0} sdss_psfmag_ps1 18.458935 15.342121 13.854465 9.453 63050395546297748 1153959677 bright_1x1 mwm_galactic_core_dist_apogee_sparse mwm_galactic science 0 0 0.0 0.0 -999 ""
FIBERMAP 896 R-8C17 BOSS 0 0 0 1 0 0 162.86532066921657 -138.63228907310125 143.1 78.5228426643813 -198.90898776300637 103.012566 80.95684 -999.0 -999.0 -999.0 -999.0 -999.0 274.9423348360948 -7.3005772049797315 274.9574549268949 -7.279493827067306 40.621385760750655 138.64260958938365 -999.0 5400.0 -999.0 1 275 {-999.0 -999.0 -999.0 -999.0 -999.0} "" -999.0 -999.0 -999.0 -999.0 -999 -999 "" "" "" "" 0 0 0.0 0.0 -999 ""
FIBERMAP 896 R-8C17 METROLOGY 0 0 0 1 0 0 162.58096495474703 -139.32189752028057 143.1 77.94766638753885 -199.38377952241592 103.012566 80.95684 -999.0 -999.0 -999.0 -999.0 -999.0 274.93965543338203 -7.302652413043378 274.9548198005516 -7.281631092073142 40.621079260835764 138.64703957035303 -999.0 6231.0 -999.0 -1 -999 {-999.0 -999.0 -999.0 -999.0 -999.0} "" -999.0 -999.0 -999.0 -999.0 -999 -999 "" "" "" "" 0 0 0.0 0.0 -999 ""
FIBERMAP 897 R-6C3 APOGEE 1 1 0 1 0 0 -184.19260160443417 -97.4021196692424 143.1 -208.3288913122053 0.6641164459736617 153.17091 57.6592 273.63405217791325 -6.390589552866128 -3.189657 -5.512463 0.23308347 273.6340429490743 -6.390605403321189 273.64755287223625 -6.373628702908415 42.096990492526345 139.41351380734181 16000.0 16600.0 2016.0 2 298 {-999.0 20.00084 17.28737 15.6314 -999.0} sdss_psfmag_ps1 18.550444 16.134691 14.742739 10.852 63050395555912263 1153970632 bright_1x1 mwm_galactic_core_dist_apogee_sparse mwm_galactic science 0 0 0.0 0.0 -999 ""
FIBERMAP 897 R-6C3 BOSS 0 0 0 1 0 0 -183.55900964431436 -97.0171616749837 143.1 -207.5888056274757 0.7058726229775648 153.17091 57.6592 -999.0 -999.0 -999.0 -999.0 -999.0 273.6374699446373 -6.390619458155397 273.6508534710564 -6.373445069288338 42.09533806195878 139.40968707818155 -999.0 5400.0 -999.0 1 445 {-999.0 -999.0 -999.0 -999.0 -999.0} "" -999.0 -999.0 -999.0 -999.0 -999 -999 "" "" "" "" 0 0 0.0 0.0 -999 ""
FIBERMAP 897 R-6C3 METROLOGY 0 0 0 1 0 0 -183.53987986286938 -97.76045548824939 143.1 -207.92143447390282 0.041005930898399136 153.17091 57.6592 -999.0 -999.0 -999.0 -999.0 -999.0 273.6359259132857 -6.393576560821227 273.6493528161337 -6.376458414794144 42.0936434115485 139.41360047224163 -999.0 6231.0 -999.0 -1 -999 {-999.0 -999.0 -999.0 -999.0 -999.0} "" -999.0 -999.0 -999.0 -999.0 -999 -999 "" "" "" "" 0 0 0.0 0.0 -999 ""
FIBERMAP 898 R+4C19 APOGEE 1 1 0 1 0 0 170.76202046631906 73.20930385232892 143.1 185.10209302357327 -15.696227488895241 355.23016 105.53436 275.43123112362184 -6.469892090190316 -2.6915472 -4.9745913 0.06195607 275.431223334781 -6.469906394056644 275.4442303765258 -6.448086977688438 41.03330873391689 137.49419236416207 16000.0 16600.0 2016.0 2 90 {-999.0 20.390795 17.382004 15.353217 -999.0} sdss_psfmag_ps1 18.724958 15.920459 14.481197 10.384 63050395546924968 1153961785 bright_1x1 mwm_galactic_core_dist_apogee_sparse mwm_galactic science 0 0 0.0 0.0 -999 ""
FIBERMAP 898 R+4C19 BOSS 0 0 0 1 0 0 170.8732467824172 72.48844352384131 143.1 184.8612773936142 -16.384604472219028 355.23016 105.53436 -999.0 -999.0 -999.0 -999.0 -999.0 275.43031446904894 -6.473230114485975 275.4431951839276 -6.451219313610023 41.03132702228874 137.49768529697164 -999.0 5400.0 -999.0 1 208 {-999.0 -999.0 -999.0 -999.0 -999.0} "" -999.0 -999.0 -999.0 -999.0 -999 -999 "" "" "" "" 0 0 0.0 0.0 -999 ""
FIBERMAP 898 R+4C19 METROLOGY 0 0 0 1 0 0 170.17522132373486 72.7433665993504 143.1 184.3652188872757 -15.831441310466941 355.23016 105.53436 -999.0 -999.0 -999.0 -999.0 -999.0 275.428017638445 -6.470660932299082 275.44093117893226 -6.448711952844906 41.03467037359766 137.4982317200722 -999.0 6231.0 -999.0 -1 -999 {-999.0 -999.0 -999.0 -999.0 -999.0} "" -999.0 -999.0 -999.0 -999.0 -999 -999 "" "" "" "" 0 0 0.0 0.0 -999 ""
FIBERMAP 899 R+4C21 APOGEE 1 1 0 1 0 0 184.1239341732461 76.89629397399027 143.1 198.62613170138042 -18.725867828214323 213.09505 83.103065 275.49255506085314 -6.4836627559719355 -4.6562753 -6.6371393 -0.1038276 275.492541586084 -6.48368184030435 275.50555794680685 -6.461692085649084 40.98728781595734 137.43827010027113 16000.0 16600.0 2016.0 2 33 {-999.0 21.087013 18.83257 15.1482 -999.0} sdss_psfmag_ps1 20.101131 15.52278 13.875616 8.174 63050395546923576 1153961775 bright_1x1 mwm_galactic_core_dist_apogee_sparse mwm_galactic science 0 0 0.0 0.0 -999 ""
FIBERMAP 899 R+4C21 BOSS 0 0 0 1 0 0 183.79660408897786 77.56506285455922 143.1 198.65176629992186 -17.981840113220855 213.09505 83.103065 -999.0 -999.0 -999.0 -999.0 -999.0 275.4928476883004 -6.480501921303711 275.5057208552671 -6.458320280377575 40.989959939037426 137.43553737199724 -999.0 5400.0 -999.0 1 193 {-999.0 -999.0 -999.0 -999.0 -999.0} "" -999.0 -999.0 -999.0 -999.0 -999 -999 "" "" "" "" 0 0 0.0 0.0 -999 ""
FIBERMAP 899 R+4C21 METROLOGY 0 0 0 1 0 0 184.5452434673738 77.5083661102977 143.1 199.2856949904565 -18.38389074461681 213.09505 83.103065 -999.0 -999.0 -999.0 -999.0 -999.0 275.4956693001321 -6.482271952509126 275.5085840064128 -6.460136501119812 40.986842170157125 137.4338243208244 -999.0 6231.0 -999.0 -1 -999 {-999.0 -999.0 -999.0 -999.0 -999.0} "" -999.0 -999.0 -999.0 -999.0 -999 -999 "" "" "" "" 0 0 0.0 0.0 -999 ""
FIBERMAP 901 R+8C13 APOGEE 0 0 0 1 0 0 49.40705194156574 159.2697158568207 143.1 118.48723573992588 117.3052727704228 202.46329 76.43567 -999.0 -999.0 -999.0 -999.0 -999.0 275.12795686304844 -5.8650111533104825 275.13959231913407 -5.84427199311066 41.70182380599314 137.36486613751342 -999.0 16600.0 -999.0 2 -999 {-999.0 -999.0 -999.0 -999.0 -999.0} "" -999.0 -999.0 -999.0 -999.0 -999 -999 "" "" "" "" 0 0 0.0 0.0 -999 ""
FIBERMAP 901 R+8C13 BOSS 1 1 0 1 0 0 49.29138513445555 160.0085295690797 143.1 118.73257511503083 118.01157954649983 202.46329 76.43567 275.1292419433594 -5.861963087331773 -999.0 -999.0 -999.0 275.1292419433594 -5.861963087331774 275.1407375915915 -5.841034121961763 41.703826125577464 137.36113198350634 5400.0 5400.0 2015.5 1 151 {-999.0 -999.0 -999.0 -999.0 -999.0} "" -999.0 -999.0 -999.0 -999.0 27021603148796649 852798879 "" ops_sky_boss_fallback ops_sky sky_boss 0 0 0.0 0.0 -999 ""
FIBERMAP 901 R+8C13 METROLOGY 0 0 0 1 0 0 49.98313905602312 159.74383147253906 143.1 119.21850333714706 117.4527400269684 202.46329 76.43567 -999.0 -999.0 -999.0 -999.0 -999.0 275.13141471573994 -5.8644600699376745 275.142953015688 -5.843577376029055 41.70047913370309 137.36066226361362 -999.0 6231.0 -999.0 -1 -999 {-999.0 -999.0 -999.0 -999.0 -999.0} "" -999.0 -999.0 -999.0 -999.0 -999 -999 "" "" "" "" 0 0 0.0 0.0 -999 ""
FIBERMAP 903 R+10C13 APOGEE 0 0 0 1 0 0 94.61520000565653 208.03390473233156 143.1 181.3079472424869 139.076480925055 84.36778 101.8886 -999.0 -999.0 -999.0 -999.0 -999.0 275.4129833029187 -5.768043885402378 275.42426791751257 -5.746585321892282 41.619047273125496 136.97946536661902 -999.0 16600.0 -999.0 2 -999 {-999.0 -999.0 -999.0 -999.0 -999.0} "" -999.0 -999.0 -999.0 -999.0 -999 -999 "" "" "" "" 0 0 0.0 0.0 -999 ""
FIBERMAP 903 R+10C13 BOSS 1 1 0 1 0 0 95.34345632045185 208.12908669074693 143.1 181.995306021094 138.81803027763007 84.36778 101.8886 275.416259765625 -5.769397479694973 -999.0 -999.0 -999.0 275.416259765625 -5.769397479694973 275.4274133195598 -5.747741927165944 41.61629773917248 136.97693721583346 5400.0 5400.0 2015.5 1 98 {-999.0 -999.0 -999.0 -999.0 -999.0} "" -999.0 -999.0 -999.0 -999.0 27021603148798426 852799236 "" ops_sky_boss_fallback ops_sky sky_boss 0 0 0.0 0.0 -999 ""
FIBERMAP 903 R+10C13 METROLOGY 0 0 0 1 0 0 95.0652199195463 207.43880469232613 143.1 181.4252126222032 138.33976678699415 84.36778 101.8886 -999.0 -999.0 -999.0 -999.0 -999.0 275.413646975796 -5.771491011365783 275.4248444503871 -5.7498946890210485 41.61601265598857 136.98139083054286 -999.0 6231.0 -999.0 -1 -999 {-999.0 -999.0 -999.0 -999.0 -999.0} "" -999.0 -999.0 -999.0 -999.0 -999 -999 "" "" "" "" 0 0 0.0 0.0 -999 ""
FIBERMAP 904 R+7C9 APOGEE 1 1 0 1 0 0 -15.29064205839529 139.5987568759244 143.1 52.14933849156575 130.3698014892391 54.45994 66.75876 274.8251817339588 -5.804565427603688 -0.6984566 -2.1698818 0.043451373 274.82517971527653 -5.8045716668498955 274.8367836650287 -5.784668469939426 41.922754928157715 137.65103863760746 16000.0 16600.0 2016.0 2 23 {-999.0 20.18275 17.377409 14.484765 -999.0} sdss_psfmag_ps1 18.552998 14.731084 13.178539 8.541 63050395547511119 1153963498 bright_1x1 mwm_galactic_core_dist_apogee_sparse mwm_galactic science 0 0 0.0 0.0 -999 ""
FIBERMAP 904 R+7C9 BOSS 0 0 0 1 0 0 -14.896591733107243 138.97793375033285 143.1 52.20512171915383 129.63670747683094 54.45994 66.75876 -999.0 -999.0 -999.0 -999.0 -999.0 274.8255833753303 -5.808030962655793 274.837065680809 -5.787938365145504 41.91990700960007 137.6532307111595 -999.0 5400.0 -999.0 1 131 {-999.0 -999.0 -999.0 -999.0 -999.0} "" -999.0 -999.0 -999.0 -999.0 -999 -999 "" "" "" "" 0 0 0.0 0.0 -999 ""
FIBERMAP 904 R+7C9 METROLOGY 0 0 0 1 0 0 -15.641590507459604 138.93203853722446 143.1 51.52616505870735 129.94652059890439 54.45994 66.75876 -999.0 -999.0 -999.0 -999.0 -999.0 274.82244078098694 -5.806572041296923 274.8339575621959 -5.7865414332489635 41.92281594557702 137.65557850870547 -999.0 6231.0 -999.0 -1 -999 {-999.0 -999.0 -999.0 -999.0 -999.0} "" -999.0 -999.0 -999.0 -999.0 -999 -999 "" "" "" "" 0 0 0.0 0.0 -999 ""
FIBERMAP 905 R-1C5 APOGEE 1 1 0 1 0 0 -176.93724631415876 -25.24904026191479 143.1 -167.99933578885162 60.919351167410944 350.84503 103.464676 273.81838576637335 -6.11761871839149 -4.769856 -5.762699 0.11995501 273.81837197264707 -6.117635288371463 273.83113510907486 -6.100285762734996 42.22395351720494 139.00454847446156 16000.0 16600.0 2016.0 2 266 {-999.0 18.140911 15.4695835 14.09961 -999.0} sdss_psfmag_ps1 16.674427 14.646052 13.331181 9.7 63050395555959728 1153970947 bright_1x1 mwm_galactic_core_dist_apogee_sparse mwm_galactic science 0 0 0.0 0.0 -999 ""
FIBERMAP 905 R-1C5 BOSS 0 0 0 1 0 0 -176.8653411756236 -25.985501290740757 143.1 -168.28218354909365 60.2356978038835 350.84503 103.464676 -999.0 -999.0 -999.0 -999.0 -999.0 273.817140928253 -6.12090492266898 273.82978718819504 -6.103370186525222 42.22213071606558 139.00836491945108 -999.0 5400.0 -999.0 1 485 {-999.0 -999.0 -999.0 -999.0 -999.0} "" -999.0 -999.0 -999.0 -999.0 -999 -999 "" "" "" "" 0 0 0.0 0.0 -999 ""
FIBERMAP 905 R-1C5 METROLOGY 0 0 0 1 0 0 -177.54435025277485 -25.689568055727463 143.1 -168.74217864376757 60.816105921122315 350.84503 103.464676 -999.0 -999.0 -999.0 -999.0 -999.0 273.8150417868682 -6.118216010097284 273.82771772895353 -6.100741090144613 42.22545968684481 139.00870753173393 -999.0 6231.0 -999.0 -1 -999 {-999.0 -999.0 -999.0 -999.0 -999.0} "" -999.0 -999.0 -999.0 -999.0 -999 -999 "" "" "" "" 0 0 0.0 0.0 -999 ""
FIBERMAP 906 R+11C11 APOGEE 1 1 0 1 0 0 71.67285818155638 210.0714154402217 143.1 162.02203147524168 151.6622079772015 10.981042 91.698135 275.3254117943967 -5.710642753510027 -2.7593205 -5.562939 -0.3010967 275.32540382071437 -5.710658749103274 275.3365813996152 -5.689459570932944 41.71601454097124 137.03084796987417 16000.0 16600.0 2016.0 2 1 {-999.0 22.582987 19.014227 15.803782 -999.0} sdss_psfmag_ps1 20.092228 15.979438 14.356515 9.236 63050395547590061 1153963736 bright_1x1 mwm_galactic_core_dist_apogee_sparse mwm_galactic science 0 0 0.0 0.0 -999 ""
FIBERMAP 906 R+11C11 BOSS 0 0 0 1 0 0 71.84643464449753 209.35082341165366 143.1 161.8363588595293 150.9447496976744 10.981042 91.698135 -999.0 -999.0 -999.0 -999.0 -999.0 275.32473768086726 -5.714051192146182 275.33579141449945 -5.692665202208582 41.71384680107193 137.03418230249414 -999.0 5400.0 -999.0 1 108 {-999.0 -999.0 -999.0 -999.0 -999.0} "" -999.0 -999.0 -999.0 -999.0 -999 -999 "" "" "" "" 0 0 0.0 0.0 -999 ""
FIBERMAP 906 R+11C11 METROLOGY 0 0 0 1 0 0 71.13251727139549 209.55166898922232 143.1 161.300849453153 151.45766830151246 10.981042 91.698135 -999.0 -999.0 -999.0 -999.0 -999.0 275.32225733235805 -5.711672924299813 275.3333437316452 -5.69034764712838 41.71714415864168 137.03506151347457 -999.0 6231.0 -999.0 -1 -999 {-999.0 -999.0 -999.0 -999.0 -999.0} "" -999.0 -999.0 -999.0 -999.0 -999 -999 "" "" "" "" 0 0 0.0 0.0 -999 ""
FIBERMAP 907 R-6C6 APOGEE 0 0 0 1 0 0 -127.51594419770872 -116.04665416967721 143.1 -167.0851993544195 -42.437821700910476 197.44492 96.509544 -999.0 -999.0 -999.0 -999.0 -999.0 273.820517167303 -6.58728203996564 273.8344444596786 -6.569719971824088 41.83103386017547 139.3503826219189 -999.0 16600.0 -999.0 2 -999 {-999.0 -999.0 -999.0 -999.0 -999.0} "" -999.0 -999.0 -999.0 -999.0 -999 -999 "" "" "" "" 0 0 0.0 0.0 -999 ""
FIBERMAP 907 R-6C6 BOSS 1 1 0 1 0 0 -127.82056044999904 -115.35298994444858 143.1 -167.0278162128298 -41.68250710731818 197.44492 96.509544 273.8208624271516 -6.584046399900414 -1.3166848 -3.3673985 0.24625063 273.82085861604 -6.5840560824684236 273.8346513046068 -6.56630438281236 41.83376994561232 139.34762483109344 5400.0 5400.0 2016.0 1 465 {-999.0 19.370262 17.83197 16.980455 16.25066} sdss_psfmag_from_ps1dr2 18.7315 17.6892 16.6331 14.773 63050395546678556 1040016099 "" ops_std_boss_ps1dr2 ops_std standard_boss 0 0 0.0 0.0 -999 ""
FIBERMAP 907 R-6C6 METROLOGY 0 0 0 1 0 0 -127.08606469211543 -115.43684633832156 143.1 -166.41913854895682 -42.10187245783179 197.44492 96.509544 -999.0 -999.0 -999.0 -999.0 -999.0 273.8235968373269 -6.5859202858172035 273.83742890578174 -6.568214321771395 41.830655029779926 139.34594894627784 -999.0 6231.0 -999.0 -1 -999 {-999.0 -999.0 -999.0 -999.0 -999.0} "" -999.0 -999.0 -999.0 -999.0 -999 -999 "" "" "" "" 0 0 0.0 0.0 -999 ""
FIBERMAP 908 R+6C18 APOGEE 0 0 0 1 0 0 175.9402815722346 119.3228737902865 143.1 211.35465566169634 22.558808935912964 54.483974 61.835316 -999.0 -999.0 -999.0 -999.0 -999.0 275.5502641470233 -6.296369041090765 275.5627958279979 -6.27430876882004 41.108188803587865 137.23400398855298 -999.0 16600.0 -999.0 2 -999 {-999.0 -999.0 -999.0 -999.0 -999.0} "" -999.0 -999.0 -999.0 -999.0 -999 -999 "" "" "" "" 0 0 0.0 0.0 -999 ""
FIBERMAP 908 R+6C18 BOSS 1 1 0 1 0 0 176.28741268379673 118.66025515074148 143.1 211.34938514136667 21.810897342464187 54.483974 61.835316 275.5504217914214 -6.299942539474803 -0.3585607 -2.3804464 0.3864108 275.55042075415724 -6.299949384175398 275.5628261546696 -6.277695671162871 41.10539903111558 137.2365531094599 5400.0 5400.0 2016.0 1 203 {-999.0 18.260494 17.066343 16.520166 -999.0} sdss_psfmag_ps1 17.772348 16.91123 16.001066 14.347 63050395546997660 981887153 "" ops_std_boss_tic ops_std standard_boss 0 0 0.0 0.0 -999 ""
FIBERMAP 908 R+6C18 METROLOGY 0 0 0 1 0 0 175.53996062072505 118.6932666776406 143.1 210.7053669509787 22.191490190633903 54.483974 61.835316 -999.0 -999.0 -999.0 -999.0 -999.0 275.547461336113 -6.298163832979464 275.55990175711906 -6.275973115390301 41.10847872965313 137.23839810711655 -999.0 6231.0 -999.0 -1 -999 {-999.0 -999.0 -999.0 -999.0 -999.0} "" -999.0 -999.0 -999.0 -999.0 -999 -999 "" "" "" "" 0 0 0.0 0.0 -999 ""
FIBERMAP 910 R+11C8 APOGEE 1 1 0 1 0 0 -0.37087717610130944 195.99251871573347 143.1 91.83157250709286 173.11531702503132 357.70828 47.311214 275.0061611754969 -5.6119446723023785 -2.3168163 -5.603234 -0.036243115 275.00615448167395 -5.611960783758278 275.01721293194345 -5.591658147103518 41.97864422825783 137.30465463670052 16000.0 16600.0 2016.0 2 15 {-999.0 21.005447 17.814623 15.902564 -999.0} sdss_psfmag_ps1 19.166756 16.462418 15.014416 10.647 63050395547521282 1153963416 bright_1x1 mwm_galactic_core_dist_apogee_sparse mwm_galactic science 0 0 0.0 0.0 -999 ""
FIBERMAP 910 R+11C8 BOSS 0 0 0 1 0 0 -0.8889485994895878 195.45077477756274 143.1 91.11969718193657 172.88089561898582 357.70828 47.311214 -999.0 -999.0 -999.0 -999.0 -999.0 275.00306853755103 -5.613142779470718 275.01400058030447 -5.592662015444215 41.979653056221274 137.30895321415957 -999.0 5400.0 -999.0 1 111 {-999.0 -999.0 -999.0 -999.0 -999.0} "" -999.0 -999.0 -999.0 -999.0 -999 -999 "" "" "" "" 0 0 0.0 0.0 -999 ""
FIBERMAP 910 R+11C8 METROLOGY 0 0 0 1 0 0 -1.102271072426765 196.1626713474854 143.1 91.2662097569689 173.60937036535663 357.70828 47.311214 -999.0 -999.0 -999.0 -999.0 -999.0 275.00368890597025 -5.6098151916636185 275.01464948989417 -5.589386907515901 41.9819674306014 137.30571708586044 -999.0 6231.0 -999.0 -1 -999 {-999.0 -999.0 -999.0 -999.0 -999.0} "" -999.0 -999.0 -999.0 -999.0 -999 -999 "" "" "" "" 0 0 0.0 0.0 -999 ""
FIBERMAP 912 R+3C20 APOGEE 1 1 0 1 0 0 172.1223871828193 65.33722575455049 143.1 182.600883153809 -23.28210004359372 4.1495237 160.28116 275.41982601706144 -6.504341241541424 -3.9656458 -5.7449136 0.090977654 275.4198145404297 -6.504357760381136 275.43291109208286 -6.4825534091577 41.011456225556664 137.53253708877887 16000.0 16600.0 2016.0 2 62 {-999.0 20.317741 17.659224 15.46251 -999.0} sdss_psfmag_ps1 18.911993 16.010813 14.526341 10.407 63050395546923869 1153961783 bright_1x1 mwm_galactic_core_dist_apogee_sparse mwm_galactic science 0 0 0.0 0.0 -999 ""
FIBERMAP 912 R+3C20 BOSS 0 0 0 1 0 0 172.84277474137784 65.14441729580719 143.1 183.14588093927088 -23.79096919671552 4.1495237 160.28116 -999.0 -999.0 -999.0 -999.0 -999.0 275.42247398023875 -6.5068695093485704 275.43544072527345 -6.48486437547468 41.00812350013715 137.53155347993174 -999.0 5400.0 -999.0 1 216 {-999.0 -999.0 -999.0 -999.0 -999.0} "" -999.0 -999.0 -999.0 -999.0 -999 -999 "" "" "" "" 0 0 0.0 0.0 -999 ""
FIBERMAP 912 R+3C20 METROLOGY 0 0 0 1 0 0 172.31083992063546 64.6164304006471 143.1 182.42824153807416 -24.00673279770996 4.1495237 160.28116 -999.0 -999.0 -999.0 -999.0 -999.0 275.41916522799954 -6.507792958259038 275.43217382437285 -6.485850830959751 41.00916863941055 137.5358306245281 -999.0 6231.0 -999.0 -1 -999 {-999.0 -999.0 -999.0 -999.0 -999.0} "" -999.0 -999.0 -999.0 -999.0 -999 -999 "" "" "" "" 0 0 0.0 0.0 -999 ""
FIBERMAP 914 R+3C11 APOGEE 1 1 0 1 0 0 -40.30723093850395 64.94363526966163 143.1 -5.028969527440414 76.25841862183319 95.831825 147.55566 274.5631244031787 -6.04961169681563 -2.5104644 -4.751811 0.17300712 274.56311714420093 -6.049625360102986 274.5754279057443 -6.03031511689545 41.86776361480747 138.12582389905066 16000.0 16600.0 2016.0 2 124 {-999.0 19.667696 16.903566 14.266722 -999.0} sdss_psfmag_ps1 18.24337 14.74115 13.210172 8.969 63050395547471786 1153963411 bright_1x1 mwm_galactic_core_dist_apogee_sparse mwm_galactic science 0 0 0.0 0.0 -999 ""
FIBERMAP 914 R+3C11 BOSS 0 0 0 1 0 0 -39.99566587760265 65.61729800798969 143.1 -4.437282050605469 76.70634585001258 95.831825 147.55566 -999.0 -999.0 -999.0 -999.0 -999.0 274.5659588668743 -6.047742648136767 274.57813464168726 -6.028237734360284 41.86795913562103 138.1212655640771 -999.0 5400.0 -999.0 1 14 {-999.0 -999.0 -999.0 -999.0 -999.0} "" -999.0 -999.0 -999.0 -999.0 -999 -999 "" "" "" "" 0 0 0.0 0.0 -999 ""
FIBERMAP 914 R+3C11 METROLOGY 0 0 0 1 0 0 -39.567162122585174 65.01212228624539 143.1 -4.343739961306011 75.97085832148571 95.831825 147.55566 -999.0 -999.0 -999.0 -999.0 -999.0 274.56634263472057 -6.051044712022123 274.578563036845 -6.031590555817851 41.864951016767584 138.12333460690235 -999.0 6231.0 -999.0 -1 -999 {-999.0 -999.0 -999.0 -999.0 -999.0} "" -999.0 -999.0 -999.0 -999.0 -999 -999 "" "" "" "" 0 0 0.0 0.0 -999 ""
FIBERMAP 916 R-13C3 APOGEE 1 1 0 1 0 0 -81.63804202607629 -246.22500314440427 143.1 -187.81516098554414 -178.87781419601941 69.90225 53.796436 273.7264753979607 -7.203688985874016 2.1414323 -4.4865303 0.46145213 273.7264816043934 -7.203701886377093 273.74197544631255 -7.186115908309182 41.36604978880361 139.90523659848864 16000.0 16600.0 2016.0 2 198 {-999.0 19.213955 16.38938 15.057638 -999.0} sdss_psfmag_ps1 17.653812 15.569751 14.248981 10.569 63050395546492053 1153960196 bright_1x1 mwm_galactic_core_dist_apogee_sparse mwm_galactic science 0 0 0.0 0.0 -999 ""
FIBERMAP 916 R-13C3 BOSS 0 0 0 1 0 0 -81.24613608827008 -246.85614806450087 143.1 -187.7661234075258 -179.61900768312407 69.90225 53.796436 -999.0 -999.0 -999.0 -999.0 -999.0 273.72683175442364 -7.207239393983115 273.74220668957514 -7.18945676702171 41.36312531454133 139.90741027310193 -999.0 5400.0 -999.0 1 342 {-999.0 -999.0 -999.0 -999.0 -999.0} "" -999.0 -999.0 -999.0 -999.0 -999 -999 "" "" "" "" 0 0 0.0 0.0 -999 ""
FIBERMAP 916 R-13C3 METROLOGY 0 0 0 1 0 0 -81.99787277529637 -246.88318222177162 143.1 -188.44215673203433 -179.2893835672234 69.90225 53.796436 -999.0 -999.0 -999.0 -999.0 -999.0 273.72373455227233 -7.205663397017198 273.739142906775 -7.1879448002854325 41.3660513367096 139.90970426841437 -999.0 6231.0 -999.0 -1 -999 {-999.0 -999.0 -999.0 -999.0 -999.0} "" -999.0 -999.0 -999.0 -999.0 -999 -999 "" "" "" "" 0 0 0.0 0.0 -999 ""
FIBERMAP 918 R-4C10 APOGEE 0 0 0 1 0 0 -49.09774478837684 -86.55699807839304 143.1 -84.02362029345512 -53.29007799902715 212.42259 145.04889 -999.0 -999.0 -999.0 -999.0 -999.0 274.1995685912214 -6.638500322879855 274.21347737022097 -6.619901653545525 41.58080964440525 138.96757434801745 -999.0 16600.0 -999.0 2 -999 {-999.0 -999.0 -999.0 -999.0 -999.0} "" -999.0 -999.0 -999.0 -999.0 -999 -999 "" "" "" "" 0 0 0.0 0.0 -999 ""
FIBERMAP 918 R-4C10 BOSS 1 1 0 1 0 0 -49.820022476372884 -86.54054933973526 143.1 -84.65321307337273 -52.93593730768859 212.42259 145.04889 274.19677734374994 -6.637093575817147 -999.0 -999.0 -999.0 274.19677734374994 -6.637093575817146 274.2105550799146 -6.618311849916931 41.58374450315074 138.96961954566353 5400.0 5400.0 2015.5 1 408 {-999.0 -999.0 -999.0 -999.0 -999.0} "" -999.0 -999.0 -999.0 -999.0 27021603148788557 820564257 "" ops_sky_boss_good ops_sky sky_boss 0 0 0.0 0.0 -999 ""
FIBERMAP 918 R-4C10 METROLOGY 0 0 0 1 0 0 -49.452356263296586 -85.90055868106298 143.1 -84.02785591496686 -52.54410149134802 212.42259 145.04889 -999.0 -999.0 -999.0 -999.0 -999.0 274.19961565272513 -6.635263456019066 274.2134242101473 -6.616529126676712 41.58364275294303 138.96512735425262 -999.0 6231.0 -999.0 -1 -999 {-999.0 -999.0 -999.0 -999.0 -999.0} "" -999.0 -999.0 -999.0 -999.0 -999 -999 "" "" "" "" 0 0 0.0 0.0 -999 ""
FIBERMAP 919 R-12C2 APOGEE 1 1 0 1 0 0 -155.05323449383178 -226.51881297923944 143.1 -243.32948330026855 -126.96835872403628 230.09271 31.324837 273.4753672442454 -6.967040586209547 -1.2606138 -6.2399044 0.20488934 273.475363592531 -6.9670585283387005 273.4903654696403 -6.950250612148859 41.69990366826047 140.0131285676124 16000.0 16600.0 2016.0 2 204 {-999.0 17.703903 15.132395 14.099149 -999.0} sdss_psfmag_ps1 16.364857 14.5161 13.245937 9.804 63050395546547569 1153960502 bright_1x1 mwm_galactic_core_dist_apogee_sparse mwm_galactic science 0 0 0.0 0.0 -999 ""
FIBERMAP 919 R-12C2 BOSS 0 0 0 1 0 0 -154.94966314499896 -225.78256457435188 143.1 -242.89189763982307 -126.36740483850521 230.09271 31.324837 -999.0 -999.0 -999.0 -999.0 -999.0 273.4774494497316 -6.964566466520574 273.4923187294289 -6.947562023004271 41.7011034516418 140.0089899257901 -999.0 5400.0 -999.0 1 339 {-999.0 -999.0 -999.0 -999.0 -999.0} "" -999.0 -999.0 -999.0 -999.0 -999 -999 "" "" "" "" 0 0 0.0 0.0 -999 ""
FIBERMAP 919 R-12C2 METROLOGY 0 0 0 1 0 0 -154.3524368190659 -226.2356662056311 143.1 -242.57796954898723 -127.04804048130666 230.09271 31.324837 -999.0 -999.0 -999.0 -999.0 -999.0 273.47883408007425 -6.967594569136643 273.49374593762377 -6.950639485111366 41.69775073422983 140.00964217253235 -999.0 6231.0 -999.0 -1 -999 {-999.0 -999.0 -999.0 -999.0 -999.0} "" -999.0 -999.0 -999.0 -999.0 -999 -999 "" "" "" "" 0 0 0.0 0.0 -999 ""
FIBERMAP 920 R+5C2 APOGEE 0 0 0 1 0 0 -207.46939069823415 114.97627534247746 143.1 -129.00425748515565 199.008817997131 115.747955 66.3054 -999.0 -999.0 -999.0 -999.0 -999.0 274.000259271256 -5.493248284441089 274.0114066759876 -5.475684072090965 42.642087063880645 138.3305479397782 -999.0 16600.0 -999.0 2 -999 {-999.0 -999.0 -999.0 -999.0 -999.0} "" -999.0 -999.0 -999.0 -999.0 -999 -999 "" "" "" "" 0 0 0.0 0.0 -999 ""
FIBERMAP 920 R+5C2 BOSS 1 1 0 1 0 0 -206.77360003886022 115.04001275564907 143.1 -128.3603316548759 198.73788701649968 115.747955 66.3054 274.0032806201957 -5.494603781026089 -1.3116716 -4.956308 0.24702415 274.00327683122487 -5.494618032320739 274.0143015196668 -5.476861820880377 42.639494209778796 138.32820594689312 5400.0 5400.0 2016.0 1 71 {-999.0 18.558998 17.545052 17.031244 16.6167} sdss_psfmag_from_ps1dr2 18.1812 17.4868 16.6483 15.197 63050395556477683 1040020593 "" ops_std_boss_ps1dr2 ops_std standard_boss 0 0 0.0 0.0 -999 ""
FIBERMAP 920 R+5C2 METROLOGY 0 0 0 1 0 0 -207.06486068130482 114.34936430738958 143.1 -128.9420897641205 198.26542438338384 115.747955 66.3054 -999.0 -999.0 -999.0 -999.0 -999.0 274.0005867336779 -5.496699061665515 274.01165297859154 -5.479001100530909 42.63920482719976 138.33280450943164 -999.0 6231.0 -999.0 -1 -999 {-999.0 -999.0 -999.0 -999.0 -999.0} "" -999.0 -999.0 -999.0 -999.0 -999 -999 "" "" "" "" 0 0 0.0 0.0 -999 ""
FIBERMAP 921 R+2C21 APOGEE 1 1 0 1 0 0 169.0821482827801 21.315731656477645 143.1 159.21860760930744 -60.69645179253203 290.82437 53.892307 275.31310362265657 -6.6743109389437345 -1.3032627 -4.6283636 0.15792966 275.31309984970426 -6.674324247272234 275.3266583980773 -6.652729093660454 40.93183502943017 137.7758968674544 16000.0 16600.0 2016.0 2 80 {-999.0 18.67536 15.998697 14.590887 -999.0} sdss_psfmag_ps1 17.190899 15.199056 13.900241 10.351 63050395546907771 1153961511 bright_1x1 mwm_galactic_core_dist_apogee_sparse mwm_galactic science 0 0 0.0 0.0 -999 ""
FIBERMAP 921 R+2C21 BOSS 0 0 0 1 0 0 168.35557788345608 21.471019917533532 143.1 158.65051157645075 -60.21778264068305 290.82437 53.892307 -999.0 -999.0 -999.0 -999.0 -999.0 275.31070774145417 -6.672366152551844 275.32412767310416 -6.650584855779498 40.93502853288019 137.77701846921616 -999.0 5400.0 -999.0 1 223 {-999.0 -999.0 -999.0 -999.0 -999.0} "" -999.0 -999.0 -999.0 -999.0 -999 -999 "" "" "" "" 0 0 0.0 0.0 -999 ""
FIBERMAP 921 R+2C21 METROLOGY 0 0 0 1 0 0 168.84337034591707 22.033487108910972 143.1 159.34541359685687 -59.95083768630205 290.82437 53.892307 -999.0 -999.0 -999.0 -999.0 -999.0 275.31382656244034 -6.67109283561936 275.3272802700284 -6.649358582759434 40.93425542857846 137.77268617516742 -999.0 6231.0 -999.0 -1 -999 {-999.0 -999.0 -999.0 -999.0 -999.0} "" -999.0 -999.0 -999.0 -999.0 -999 -999 "" "" "" "" 0 0 0.0 0.0 -999 ""
FIBERMAP 925 R-13C12 APOGEE 1 1 0 1 0 0 104.75151381632963 -268.8196276290965 143.1 -33.97210519617944 -286.45834129415454 313.2017 84.271996 274.42722991592024 -7.690921417408573 -3.7412221 -5.7037325 0.10695583 274.4272190608168 -7.690937817836785 274.4436469124394 -7.671253029284553 40.57875574671945 139.487158679636 16000.0 16600.0 2016.0 2 182 {-999.0 20.03811 17.28728 15.805878 -999.0} sdss_psfmag_ps1 18.526876 16.182497 14.80176 10.946 63050395546171684 1153958891 bright_1x1 mwm_galactic_core_dist_apogee_sparse mwm_galactic science 0 0 0.0 0.0 -999 ""
FIBERMAP 925 R-13C12 BOSS 0 0 0 1 0 0 104.17342072542881 -269.28727941748787 143.1 -34.70210344221002 -286.5991617219168 313.2017 84.271996 -999.0 -999.0 -999.0 -999.0 -999.0 274.42402593524935 -7.691727963736958 274.44032456005607 -7.671852643429834 40.58007020298527 139.49121111476498 -999.0 5400.0 -999.0 1 337 {-999.0 -999.0 -999.0 -999.0 -999.0} "" -999.0 -999.0 -999.0 -999.0 -999 -999 "" "" "" "" 0 0 0.0 0.0 -999 ""
FIBERMAP 925 R-13C12 METROLOGY 0 0 0 1 0 0 104.05006714522519 -268.560075351586 143.1 -34.46900580508708 -285.8994846834251 313.2017 84.271996 -999.0 -999.0 -999.0 -999.0 -999.0 274.42505230326 -7.688575456343984 274.44138023797245 -7.668755168358464 40.58207810146177 139.48781385248256 -999.0 6231.0 -999.0 -1 -999 {-999.0 -999.0 -999.0 -999.0 -999.0} "" -999.0 -999.0 -999.0 -999.0 -999 -999 "" "" "" "" 0 0 0.0 0.0 -999 ""
FIBERMAP 932 R0C19 APOGEE 1 1 0 1 0 0 102.39242559804944 -3.573927461012747 143.1 88.66905686528352 -51.30014368008992 169.63634 141.25453 274.99110791826 -6.631511845560995 -3.2196712 -6.2073035 0.4715985 274.991098598107 -6.631529693949986 275.0046801501527 -6.610815883489442 41.14774842623752 138.093610350137 16000.0 16600.0 2016.0 2 64 {-999.0 21.989529 18.925795 16.237194 -999.0} sdss_psfmag_ps1 20.264328 16.686028 15.139621 10.646 63050395546932932 1153961868 bright_1x1 mwm_galactic_core_dist_apogee_sparse mwm_galactic science 0 0 0.0 0.0 -999 ""
FIBERMAP 932 R0C19 BOSS 0 0 0 1 0 0 101.85700828333691 -3.0496839331685086 143.1 88.44312020162086 -50.585797060393105 169.63634 141.25453 -999.0 -999.0 -999.0 -999.0 -999.0 274.990248340187 -6.628495313765699 275.0036897773208 -6.607592627860109 41.150963259812684 138.09226773709946 -999.0 5400.0 -999.0 1 242 {-999.0 -999.0 -999.0 -999.0 -999.0} "" -999.0 -999.0 -999.0 -999.0 -999 -999 "" "" "" "" 0 0 0.0 0.0 -999 ""
FIBERMAP 932 R0C19 METROLOGY 0 0 0 1 0 0 102.56712091402817 -2.8177001894442624 143.1 89.17879565531535 -50.71500436684939 169.63634 141.25453 -999.0 -999.0 -999.0 -999.0 -999.0 274.99356829621667 -6.629027574173689 275.00704737068384 -6.608170319662169 41.14860092030262 138.0890481807246 -999.0 6231.0 -999.0 -1 -999 {-999.0 -999.0 -999.0 -999.0 -999.0} "" -999.0 -999.0 -999.0 -999.0 -999 -999 "" "" "" "" 0 0 0.0 0.0 -999 ""
FIBERMAP 934 R+3C10 APOGEE 0 0 0 1 0 0 -51.76238595223224 50.37665050519282 143.1 -21.986460460222315 68.79112267290756 257.8927 151.84993 -999.0 -999.0 -999.0 -999.0 -999.0 274.4853567648794 -6.0834033615900385 274.4977810034177 -6.064286157393101 41.883241738423386 138.2371931428101 -999.0 16600.0 -999.0 2 -999 {-999.0 -999.0 -999.0 -999.0 -999.0} "" -999.0 -999.0 -999.0 -999.0 -999 -999 "" "" "" "" 0 0 0.0 0.0 -999 ""
FIBERMAP 934 R+3C10 BOSS 1 1 0 1 0 0 -52.320453178378905 49.76718484384422 143.1 -22.765471336818145 68.51575127996817 257.8927 151.84993 274.48189946854194 -6.0847964155614225 0.69508046 -1.0561209 0.23389241 274.4819014784899 -6.084799452315811 274.494201688159 -6.065502852340993 41.88424091102839 138.24206398825635 5400.0 5400.0 2016.0 1 24 {-999.0 18.263264 17.007513 16.330038 -999.0} sdss_psfmag_ps1 17.745903 16.85977 15.875427 14.117 63050395547469804 982153209 "" ops_std_boss_tic ops_std standard_boss 0 0 0.0 0.0 -999 ""
FIBERMAP 934 R+3C10 METROLOGY 0 0 0 1 0 0 -52.49933685594006 50.49312087067709 143.1 -22.581968895679708 69.2404205627288 257.8927 151.84993 -999.0 -999.0 -999.0 -999.0 -999.0 274.4827176719768 -6.081456639365026 274.495045777904 -6.062212635549879 41.88648700750932 138.23864337522008 -999.0 6231.0 -999.0 -1 -999 {-999.0 -999.0 -999.0 -999.0 -999.0} "" -999.0 -999.0 -999.0 -999.0 -999 -999 "" "" "" "" 0 0 0.0 0.0 -999 ""
FIBERMAP 936 R+2C20 APOGEE 0 0 0 1 0 0 146.12503912328643 43.58005974187566 143.1 149.43063564761715 -30.25593383969932 140.11946 130.17087 -999.0 -999.0 -999.0 -999.0 -999.0 275.2688586162923 -6.535999880138771 275.28209364274653 -6.514585438565635 41.070617822851666 137.71994765248766 -999.0 16600.0 -999.0 2 -999 {-999.0 -999.0 -999.0 -999.0 -999.0} "" -999.0 -999.0 -999.0 -999.0 -999 -999 "" "" "" "" 0 0 0.0 0.0 -999 ""
FIBERMAP 936 R+2C20 BOSS 1 1 0 1 0 0 146.09531206958926 44.32541151845775 143.1 149.75488130379298 -29.5842682234071 140.11946 130.17087 275.2705318614537 -6.53311538576968 -0.07743396 -12.36944 2.3646662 275.2705316373459 -6.5331509526754 275.2836252836341 -6.5115407341423985 41.07225424735502 137.71598866378008 5400.0 5400.0 2016.0 1 222 {-999.0 20.648228 18.546337 16.86521 -999.0} sdss_psfmag_ps1 19.624977 17.548124 16.18473 13.119 63050395546939546 1165657143 bright_1x1 openfibertargets_mwm_nearbyocmg_boss open_fiber science 0 0 0.0 0.0 -999 ""
FIBERMAP 936 R+2C20 METROLOGY 0 0 0 1 0 0 146.75593367414444 43.97834863979956 143.1 150.17460958290687 -30.201146303632406 140.11946 130.17087 -999.0 -999.0 -999.0 -999.0 -999.0 275.2723909421902 -6.535899839338942 275.28552815848536 -6.514338075132639 41.068878166294624 137.71604004163257 -999.0 6231.0 -999.0 -1 -999 {-999.0 -999.0 -999.0 -999.0 -999.0} "" -999.0 -999.0 -999.0 -999.0 -999 -999 "" "" "" "" 0 0 0.0 0.0 -999 ""
FIBERMAP 938 R+12C15 APOGEE 1 1 0 1 0 0 173.69050503124535 228.95934257500585 143.1 260.92231373925813 120.35830241284313 20.229425 80.76507 275.77172851305653 -5.855023518638287 1.1220716 -0.5709883 -0.10314603 275.77173175636443 -5.855025160449614 275.7830883853526 -5.832568808059904 41.34242899548185 136.65712432851294 16000.0 16600.0 2016.0 2 44 {-999.0 12.848112 12.185915 11.818174 -999.0} sdss_psfmag_from_g3xp 12.657127 12.159809 11.452375 10.334 63050395547276861 975043109 "" ops_std_apogee ops_std standard_apogee 0 0 0.0 0.0 -999 ""
FIBERMAP 938 R+12C15 BOSS 0 0 0 1 0 0 173.8355443528805 228.23154991597693 143.1 260.70807451645175 119.64790902460686 20.229425 80.76507 -999.0 -999.0 -999.0 -999.0 -999.0 275.77091790933383 -5.858412352133884 275.7821479796154 -5.835767791772307 41.34036610443272 136.66061115723664 -999.0 5400.0 -999.0 1 179 {-999.0 -999.0 -999.0 -999.0 -999.0} "" -999.0 -999.0 -999.0 -999.0 -999 -999 "" "" "" "" 0 0 0.0 0.0 -999 ""
FIBERMAP 938 R+12C15 METROLOGY 0 0 0 1 0 0 173.12915929114718 228.46516865908387 143.1 260.19462197980965 120.18620437541212 20.229425 80.76507 -999.0 -999.0 -999.0 -999.0 -999.0 275.7685668451913 -5.855916774855618 275.77983004875693 -5.833333150935122 41.343686903861084 136.6612316910595 -999.0 6231.0 -999.0 -1 -999 {-999.0 -999.0 -999.0 -999.0 -999.0} "" -999.0 -999.0 -999.0 -999.0 -999 -999 "" "" "" "" 0 0 0.0 0.0 -999 ""
FIBERMAP 940 R+12C5 APOGEE 0 0 0 1 0 0 -52.56476948958183 246.31128978225559 143.1 69.437141319647 242.05826894913568 96.2473 52.006496 -999.0 -999.0 -999.0 -999.0 -999.0 274.9037453260927 -5.301647392709457 274.9140773242757 -5.2817532143133405 42.29140657482512 137.178425568112 -999.0 16600.0 -999.0 2 -999 {-999.0 -999.0 -999.0 -999.0 -999.0} "" -999.0 -999.0 -999.0 -999.0 -999 -999 "" "" "" "" 0 0 0.0 0.0 -999 ""
FIBERMAP 940 R+12C5 BOSS 1 1 0 1 0 0 -51.94230622375566 245.9199094422159 143.1 69.80236045830506 241.42022845435417 96.2473 52.006496 274.9055488188944 -5.3046674710430946 -1.7893867 -2.3539648 2.0850344 274.9055436515873 -5.304674239598786 274.9157535367327 -5.284590120374838 42.288125494256306 137.17877923460173 5400.0 5400.0 2016.0 1 157 {-999.0 18.712751 16.731056 15.802502 -999.0} sdss_psfmag_ps1 17.756687 16.348362 15.189097 12.522 63050395556567871 939106333 bright_1x1 openfibertargets_nov2020_34a open_fiber science 0 0 0.0 0.0 -999 ""
FIBERMAP 940 R+12C5 METROLOGY 0 0 0 1 0 0 -52.586398864664226 245.56550553017908 143.1 69.06737614684846 241.4103703401821 96.2473 52.006496 -999.0 -999.0 -999.0 -999.0 -999.0 274.9021675717436 -5.304651198909934 274.9124149354142 -5.284628306727802 42.290002368777266 137.18248880393585 -999.0 6231.0 -999.0 -1 -999 {-999.0 -999.0 -999.0 -999.0 -999.0} "" -999.0 -999.0 -999.0 -999.0 -999 -999 "" "" "" "" 0 0 0.0 0.0 -999 ""
FIBERMAP 941 R-13C14 APOGEE 0 0 0 1 0 0 143.76301026595144 -262.9622862282359 143.1 3.2052832047398185 -299.63374111571665 241.83543 135.52069 -999.0 -999.0 -999.0 -999.0 -999.0 274.59654225423157 -7.749928680700424 274.61304832224994 -7.7297627585871025 40.437298811860586 139.34553345436169 -999.0 16600.0 -999.0 2 -999 {-999.0 -999.0 -999.0 -999.0 -999.0} "" -999.0 -999.0 -999.0 -999.0 -999 -999 "" "" "" "" 0 0 0.0 0.0 -999 ""
FIBERMAP 941 R-13C14 BOSS 1 1 0 1 0 0 143.05713294807646 -263.1861710663727 143.1 2.4771531644113 -299.4993789658134 241.83543 135.52069 274.59335697758536 -7.749474438244028 0.86540157 -7.537543 0.20770967 274.5933594888838 -7.749496111583568 274.6097322693494 -7.729139459891016 40.43963477236327 139.34867828043159 5400.0 5400.0 2016.0 1 257 {-999.0 16.34336 15.224165 14.615599 -999.0} sdss_psfmag_ps1 15.875836 15.073529 14.085971 12.402 63050395546173721 1093371686 bright_3x1 mwm_astar_core_boss mwm_ob science 0 0 0.0 0.0 -999 ""
FIBERMAP 941 R-13C14 METROLOGY 0 0 0 1 0 0 143.21477902465656 -262.45621855827454 143.1 2.9594931399531523 -298.929407292483 241.83543 135.52069 -999.0 -999.0 -999.0 -999.0 -999.0 274.595525947322 -7.746927771490431 274.6119292952177 -7.726623040236234 40.44052810579406 139.34446679683404 -999.0 6231.0 -999.0 -1 -999 {-999.0 -999.0 -999.0 -999.0 -999.0} "" -999.0 -999.0 -999.0 -999.0 -999 -999 "" "" "" "" 0 0 0.0 0.0 -999 ""
FIBERMAP 942 R+1C24 APOGEE 1 1 0 1 0 0 225.66453465774114 31.766270257113263 143.1 214.06008670365622 -78.0809963114317 144.96307 98.013054 275.5616769154847 -6.752733594900077 -1.8557636 -3.973938 0.28308535 275.56167154217394 -6.752745021502777 275.5753230941926 -6.730448698218471 40.72718023530054 137.56630180055777 16000.0 16600.0 2016.0 2 59 {-999.0 18.00618 15.452526 13.564752 -999.0} sdss_psfmag_ps1 16.61927 13.779015 12.328402 8.271 63050395546786696 1153961401 bright_1x1 mwm_galactic_core_dist_apogee_sparse mwm_galactic science 0 0 0.0 0.0 -999 ""
FIBERMAP 942 R+1C24 BOSS 0 0 0 1 0 0 225.98307875732766 32.43265996350853 143.1 214.65451248550335 -77.6427683560262 144.96307 98.013054 -999.0 -999.0 -999.0 -999.0 -999.0 275.564537541994 -6.750960597373719 275.57804716823034 -6.728462965424109 40.72726433456749 137.5618749163524 -999.0 5400.0 -999.0 1 183 {-999.0 -999.0 -999.0 -999.0 -999.0} "" -999.0 -999.0 -999.0 -999.0 -999 -999 "" "" "" "" 0 0 0.0 0.0 -999 ""
FIBERMAP 942 R+1C24 METROLOGY 0 0 0 1 0 0 226.40988231506188 31.81417490956305 143.1 214.74029608395944 -78.38920038406859 144.96307 98.013054 -999.0 -999.0 -999.0 -999.0 -999.0 275.5648653180059 -6.75428138296471 275.5784216177459 -6.731836458695872 40.72428321332793 137.5640155227326 -999.0 6231.0 -999.0 -1 -999 {-999.0 -999.0 -999.0 -999.0 -999.0} "" -999.0 -999.0 -999.0 -999.0 -999 -999 "" "" "" "" 0 0 0.0 0.0 -999 ""
FIBERMAP 943 R-4C19 APOGEE 1 1 0 1 0 0 152.8851431966739 -59.159003937286904 143.1 107.08609507147213 -124.090086612059 145.39687 66.017654 275.0742552942821 -6.962186899517337 -1.2168864 -5.817972 -0.051329345 275.0742517692726 -6.9622036284288 275.0886168240445 -6.94111795009006 40.8280876988908 138.24959528618845 16000.0 16600.0 2016.0 2 223 {-999.0 19.2269 16.403152 14.82504 -999.0} sdss_psfmag_ps1 17.630705 15.408191 14.060996 10.219 63050395546410140 1153959827 bright_1x1 mwm_galactic_core_dist_apogee_sparse mwm_galactic science 0 0 0.0 0.0 -999 ""
FIBERMAP 943 R-4C19 BOSS 0 0 0 1 0 0 153.520963766384 -58.76597315821152 143.1 107.8319432016602 -124.0422550561175 145.39687 66.017654 -999.0 -999.0 -999.0 -999.0 -999.0 275.0778317306046 -6.962222445450713 275.0920612233957 -6.94093220710175 40.82631237288613 138.24572575546324 -999.0 5400.0 -999.0 1 291 {-999.0 -999.0 -999.0 -999.0 -999.0} "" -999.0 -999.0 -999.0 -999.0 -999 -999 "" "" "" "" 0 0 0.0 0.0 -999 ""
FIBERMAP 943 R-4C19 METROLOGY 0 0 0 1 0 0 153.54195185756384 -59.50972337429468 143.1 107.50073949256158 -124.70839827842411 145.39687 66.017654 -999.0 -999.0 -999.0 -999.0 -999.0 275.0762608944399 -6.9651791969713175 275.09053634716963 -6.943947062833054 40.82467682340274 138.24962493651995 -999.0 6231.0 -999.0 -1 -999 {-999.0 -999.0 -999.0 -999.0 -999.0} "" -999.0 -999.0 -999.0 -999.0 -999 -999 "" "" "" "" 0 0 0.0 0.0 -999 ""
FIBERMAP 944 R-1C11 APOGEE 1 1 0 1 0 0 -43.59812694831118 -33.01360012461308 143.1 -53.99387276144276 -8.63017737467552 349.7139 74.27974 274.33767188486854 -6.4356160703208936 -5.200784 -6.0056033 -0.0031183073 274.3376568357769 -6.435633338743937 274.35100974440144 -6.416755478430143 41.67333138914664 138.6643297237245 16000.0 16600.0 2016.0 2 282 {-999.0 19.46559 16.752083 14.552118 -999.0} sdss_psfmag_ps1 18.003323 15.109709 13.656535 9.577 63050395546694465 1153961168 bright_1x1 mwm_galactic_core_dist_apogee_sparse mwm_galactic science 0 0 0.0 0.0 -999 ""
FIBERMAP 944 R-1C11 BOSS 0 0 0 1 0 0 -43.94940381290585 -33.659697766405145 143.1 -54.607639800584565 -9.035108438170436 349.7139 74.27974 -999.0 -999.0 -999.0 -999.0 -999.0 274.33493750901073 -6.4376644331978605 274.3481676125765 -6.418602872711486 41.67337779545278 138.66884750644724 -999.0 5400.0 -999.0 1 440 {-999.0 -999.0 -999.0 -999.0 -999.0} "" -999.0 -999.0 -999.0 -999.0 -999 -999 "" "" "" "" 0 0 0.0 0.0 -999 ""
FIBERMAP 944 R-1C11 METROLOGY 0 0 0 1 0 0 -44.34845472918367 -33.03992012761529 143.1 -54.66832708101709 -8.300585589814611 349.7139 74.27974 -999.0 -999.0 -999.0 -999.0 -999.0 274.33463830637146 -6.434261841383178 274.34789663421657 -6.415256471689654 41.676303368682575 138.6666427559065 -999.0 6231.0 -999.0 -1 -999 {-999.0 -999.0 -999.0 -999.0 -999.0} "" -999.0 -999.0 -999.0 -999.0 -999 -999 "" "" "" "" 0 0 0.0 0.0 -999 ""
FIBERMAP 948 R-8C9 APOGEE 0 0 0 1 0 0 -34.74383781334976 -156.7931888878001 143.1 -104.38412786085625 -122.01490039760014 182.35434 122.9049 -999.0 -999.0 -999.0 -999.0 -999.0 274.10589425947745 -6.950247348987787 274.12061210585 -6.931759901192842 41.37228519627013 139.30065666948525 -999.0 16600.0 -999.0 2 -999 {-999.0 -999.0 -999.0 -999.0 -999.0} "" -999.0 -999.0 -999.0 -999.0 -999 -999 "" "" "" "" 0 0 0.0 0.0 -999 ""
FIBERMAP 948 R-8C9 BOSS 1 1 0 1 0 0 -35.17962402944976 -156.18512759711257 143.1 -104.48273904618337 -121.27344235522393 182.35434 122.9049 274.1055499076095 -6.947108420662673 -4.228718 -3.990024 0.7020581 274.10553765848607 -6.947119893518982 274.12011914174985 -6.928441696305924 41.37532154117439 139.29875774702424 5400.0 5400.0 2016.0 1 384 {-999.0 17.189875 14.872661 13.603844 -999.0} sdss_psfmag_from_g3xp 16.003338 14.277177 13.03985 9.812 63050395546598389 934425673 bright_1x1 openfibertargets_nov2020_34a open_fiber science 0 0 0.0 0.0 -999 ""
FIBERMAP 948 R-8C9 METROLOGY 0 0 0 1 0 0 -34.43618963550435 -156.11347234454095 143.1 -103.79304998791908 -121.55978959941717 182.35434 122.9049 -999.0 -999.0 -999.0 -999.0 -999.0 274.1086588406322 -6.948374618784274 274.12327860011067 -6.929742249764418 41.37250489492859 139.29623115067406 -999.0 6231.0 -999.0 -1 -999 {-999.0 -999.0 -999.0 -999.0 -999.0} "" -999.0 -999.0 -999.0 -999.0 -999 -999 "" "" "" "" 0 0 0.0 0.0 -999 ""
FIBERMAP 950 R-5C15 APOGEE 0 0 0 1 0 0 61.86832764454526 -108.3808246045449 143.1 3.629301266592449 -124.7251314081682 263.3439 56.75763 -999.0 -999.0 -999.0 -999.0 -999.0 274.60052237681737 -6.964678774493512 274.6150822376661 -6.944860689878887 41.08879268953642 138.76756169747753 -999.0 16600.0 -999.0 2 -999 {-999.0 -999.0 -999.0 -999.0 -999.0} "" -999.0 -999.0 -999.0 -999.0 -999 -999 "" "" "" "" 0 0 0.0 0.0 -999 ""
FIBERMAP 950 R-5C15 BOSS 1 1 0 1 0 0 61.295450816475835 -107.91688311934428 143.1 3.3419558889828584 -124.04638036205698 263.3439 56.75763 274.5993372981755 -6.961816050569443 2.7429597 -9.839603 0.80861586 274.599345243824 -6.96184434322006 274.61376713651345 -6.941836576493998 41.09203041576877 138.76675835426926 5400.0 5400.0 2016.0 1 315 {-999.0 18.403112 16.369987 15.41965 -999.0} sdss_psfmag_ps1 17.390043 15.996088 14.847276 12.144 63050395546391512 939083402 bright_1x1 openfibertargets_nov2020_34a open_fiber science 0 0 0.0 0.0 -999 ""
FIBERMAP 950 R-5C15 METROLOGY 0 0 0 1 0 0 61.97834993212868 -107.64288349798781 143.1 4.073375076302029 -124.1257172424791 263.3439 56.75763 -999.0 -999.0 -999.0 -999.0 -999.0 274.60266030215274 -6.962147883300238 274.61711875473395 -6.942186142122991 41.08988273538374 138.76335509449086 -999.0 6231.0 -999.0 -1 -999 {-999.0 -999.0 -999.0 -999.0 -999.0} "" -999.0 -999.0 -999.0 -999.0 -999 -999 "" "" "" "" 0 0 0.0 0.0 -999 ""
FIBERMAP 951 R+2C24 APOGEE 0 0 0 1 0 0 228.10096496821785 47.493008325285274 143.1 223.60492182635215 -65.34960189607317 206.16855 53.63597 -999.0 -999.0 -999.0 -999.0 -999.0 275.6050134123178 -6.694978459045687 275.61850498786566 -6.672592228526644 40.75012525603157 137.47620542670745 -999.0 16600.0 -999.0 2 -999 {-999.0 -999.0 -999.0 -999.0 -999.0} "" -999.0 -999.0 -999.0 -999.0 -999 -999 "" "" "" "" 0 0 0.0 0.0 -999 ""
FIBERMAP 951 R+2C24 BOSS 1 1 0 1 0 0 228.22293308237965 48.22610480797005 143.1 224.0572584383411 -64.7600796749062 206.16855 53.63597 275.60727129694703 -6.692444885016839 -13.403565 -21.860743 2.9358869 275.6072324921125 -6.692507743072346 275.6205812726831 -6.669922358619751 40.75113465986189 137.47195621138604 5400.0 5400.0 2016.0 1 185 {-999.0 21.262375 19.048338 17.532225 -999.0} sdss_psfmag_ps1 20.130932 18.265642 16.945274 14.051 63050395546790680 1096649314 bright_1x1 mwm_bin_vis_boss mwm_filler science 0 0 0.0 0.0 -999 ""
FIBERMAP 951 R+2C24 METROLOGY 0 0 0 1 0 0 228.79928309080736 47.75571306482162 143.1 224.3446354845205 -65.4461554792173 206.16855 53.63597 -999.0 -999.0 -999.0 -999.0 -999.0 275.6084737774457 -6.69555418343804 275.6218676086935 -6.673019282408629 40.747863834537895 137.47291259359378 -999.0 6231.0 -999.0 -1 -999 {-999.0 -999.0 -999.0 -999.0 -999.0} "" -999.0 -999.0 -999.0 -999.0 -999 -999 "" "" "" "" 0 0 0.0 0.0 -999 ""
FIBERMAP 954 R+12C12 APOGEE 0 0 0 1 0 0 108.91781974784223 236.10407700196862 143.1 207.1274148659873 157.1198678943201 58.891953 58.203266 -999.0 -999.0 -999.0 -999.0 -999.0 275.52911029586073 -5.687552564836959 275.5401509169376 -5.665818935544693 41.61838102983095 136.79115196014808 -999.0 16600.0 -999.0 2 -999 {-999.0 -999.0 -999.0 -999.0 -999.0} "" -999.0 -999.0 -999.0 -999.0 -999 -999 "" "" "" "" 0 0 0.0 0.0 -999 ""
FIBERMAP 954 R+12C12 BOSS 1 1 0 1 0 0 109.25872452608924 235.44710179965784 143.1 207.11930395523544 156.37986370902817 58.891953 58.203266 275.52924209007193 -5.691061602034667 -1.0879861 -0.633238 -0.062418055 275.5292389461967 -5.691063422837922 275.5401546343617 -5.669140576259264 41.61566955521254 136.7937183694454 5400.0 5400.0 2016.0 1 101 {-999.0 16.956459 15.783798 15.245125 -999.0} sdss_psfmag_ps1 16.51059 15.690853 14.790829 13.143 63050395547585585 1093371498 bright_3x1 mwm_astar_core_boss mwm_ob science 0 0 0.0 0.0 -999 ""
FIBERMAP 954 R+12C12 METROLOGY 0 0 0 1 0 0 108.52031493631429 235.47268813183868 143.1 206.47977326491932 156.74965275812917 58.891953 58.203266 -999.0 -999.0 -999.0 -999.0 -999.0 275.5263063606671 -5.6893241190061 275.5372567826896 -5.667462976511956 41.618706175381014 136.7955664888636 -999.0 6231.0 -999.0 -1 -999 {-999.0 -999.0 -999.0 -999.0 -999.0} "" -999.0 -999.0 -999.0 -999.0 -999 -999 "" "" "" "" 0 0 0.0 0.0 -999 ""
FIBERMAP 956 R+10C8 APOGEE 0 0 0 1 0 0 -37.11034567857813 198.88620327073448 143.1 60.773861159285936 192.94414981167566 177.73729 99.80336 -999.0 -999.0 -999.0 -999.0 -999.0 274.86457973650823 -5.521868177567223 274.8754703957634 -5.5019831020146395 42.13293017092775 137.39131986291042 -999.0 16600.0 -999.0 2 -999 {-999.0 -999.0 -999.0 -999.0 -999.0} "" -999.0 -999.0 -999.0 -999.0 -999 -999 "" "" "" "" 0 0 0.0 0.0 -999 ""
FIBERMAP 956 R+10C8 BOSS 1 1 0 1 0 0 -37.22333382865056 199.62230696390753 143.1 61.02028984759776 193.64680575910228 177.73729 99.80336 274.86586347668555 -5.518853863829063 -6.4934874 2.0657034 0.57969505 274.86584471845606 -5.518847924135677 274.8765979585848 -5.498775745107328 42.13491928435934 137.38760474696912 5400.0 5400.0 2016.0 1 120 {-999.0 17.606108 15.330854 14.244485 -999.0} sdss_psfmag_ps1 16.435307 14.776349 13.559852 10.455 63050395547537264 934426423 bright_1x1 openfibertargets_nov2020_34a open_fiber science 0 0 0.0 0.0 -999 ""
FIBERMAP 956 R+10C8 METROLOGY 0 0 0 1 0 0 -36.52686500457072 199.35118959695458 143.1 61.507359986541424 193.08008494662445 177.73729 99.80336 -999.0 -999.0 -999.0 -999.0 -999.0 274.86802609821336 -5.5213668225060895 274.87882132155903 -5.501340170067545 42.13154992750939 137.38713453465525 -999.0 6231.0 -999.0 -1 -999 {-999.0 -999.0 -999.0 -999.0 -999.0} "" -999.0 -999.0 -999.0 -999.0 -999 -999 "" "" "" "" 0 0 0.0 0.0 -999 ""
FIBERMAP 962 R-1C12 APOGEE 0 0 0 1 0 0 -12.501748854813112 -23.314058376065724 143.1 -21.994004443855847 -14.69346021520358 59.982162 27.45818 -999.0 -999.0 -999.0 -999.0 -999.0 274.4842663791445 -6.463713453365422 274.49763198910387 -6.444430955205388 41.56885209338321 138.52353163217032 -999.0 16600.0 -999.0 2 -999 {-999.0 -999.0 -999.0 -999.0 -999.0} "" -999.0 -999.0 -999.0 -999.0 -999 -999 "" "" "" "" 0 0 0.0 0.0 -999 ""
FIBERMAP 962 R-1C12 BOSS 1 1 0 1 0 0 -12.517238301418569 -24.053264355384226 143.1 -22.35525862432848 -15.338441345684968 59.982162 27.45818 274.48272971922415 -6.466850239429822 -3.879689 0.97596157 0.32499987 274.48271849218816 -6.466847433164194 274.49596276649874 -6.447377131195548 41.5673416902081 138.52757465857883 5400.0 5400.0 2016.0 1 439 {-999.0 19.25011 17.612747 16.686413 15.964179} sdss_psfmag_from_ps1dr2 18.5534 17.4396 16.3993 14.234 63050395546652862 1040016091 "" ops_std_boss_ps1dr2 ops_std standard_boss 0 0 0.0 0.0 -999 ""
FIBERMAP 962 R-1C12 METROLOGY 0 0 0 1 0 0 -13.157365724424142 -23.67018826921319 143.1 -22.739969149766534 -14.699422432434185 59.982162 27.45818 -999.0 -999.0 -999.0 -999.0 -999.0 274.48092782002334 -6.463874243375419 274.49420215768976 -6.444464084412825 41.57073474784706 138.52732923850854 -999.0 6231.0 -999.0 -1 -999 {-999.0 -999.0 -999.0 -999.0 -999.0} "" -999.0 -999.0 -999.0 -999.0 -999 -999 "" "" "" "" 0 0 0.0 0.0 -999 ""
FIBERMAP 963 R+9C11 APOGEE 1 1 0 1 0 0 24.300801897145096 168.7105851855652 143.1 100.7730971783763 137.4411193002775 193.9008 135.2333 275.0471083216762 -5.7734001733851 2.2633097 -8.295193 2.451184 275.04711486274334 -5.773424025259962 275.05855635993555 -5.752941079747563 41.822860132858864 137.38341041927387 16000.0 16600.0 2016.0 2 28 {-999.0 18.518385 16.710238 15.733916 -999.0} sdss_psfmag_ps1 17.58725 16.251701 15.127706 12.529 63050395547515060 1034745230 bright_1x1 mwm_yso_variable_apogee_single mwm_yso science 0 0 0.0 0.0 -999 ""
FIBERMAP 963 R+9C11 BOSS 0 0 0 1 0 0 23.653111159576902 169.07253819709766 143.1 100.37178048623127 138.06505591414205 193.9008 135.2333 -999.0 -999.0 -999.0 -999.0 -999.0 275.0454470842926 -5.770732185375164 275.0567509815811 -5.750068078610674 41.82624415766499 137.38318108324626 -999.0 5400.0 -999.0 1 133 {-999.0 -999.0 -999.0 -999.0 -999.0} "" -999.0 -999.0 -999.0 -999.0 -999 -999 "" "" "" "" 0 0 0.0 0.0 -999 ""
FIBERMAP 963 R+9C11 METROLOGY 0 0 0 1 0 0 24.31974288243086 169.46079268548016 143.1 101.1425700375907 138.09418504231067 193.9008 135.2333 -999.0 -999.0 -999.0 -999.0 -999.0 275.04891696449045 -5.770572170455418 275.06025626131816 -5.749951837572849 41.82434366395644 137.3792536497708 -999.0 6231.0 -999.0 -1 -999 {-999.0 -999.0 -999.0 -999.0 -999.0} "" -999.0 -999.0 -999.0 -999.0 -999 -999 "" "" "" "" 0 0 0.0 0.0 -999 ""
FIBERMAP 964 R+8C14 APOGEE 0 0 0 1 0 0 95.07091129056619 165.9779989668077 143.1 161.93469807187665 101.7526835920476 54.829697 124.46906 -999.0 -999.0 -999.0 -999.0 -999.0 275.32573027404777 -5.936402106506843 275.3374641580584 -5.91510260140365 41.53092532876544 137.2035031831473 -999.0 16600.0 -999.0 2 -999 {-999.0 -999.0 -999.0 -999.0 -999.0} "" -999.0 -999.0 -999.0 -999.0 -999 -999 "" "" "" "" 0 0 0.0 0.0 -999 ""
FIBERMAP 964 R+8C14 BOSS 1 1 0 1 0 0 95.84398430054645 165.98223594828352 143.1 162.61883865681693 101.3929109008852 54.829697 124.46906 275.32903285290666 -5.938203265715794 -5.36278 -1.8496848 0.7910554 275.3290173496581 -5.938208584272092 275.3406215143902 -5.916710857644128 41.527804993013326 137.20130294195744 5400.0 5400.0 2016.0 1 161 {-999.0 16.397049 14.909993 14.15998 -999.0} sdss_psfmag_from_g3xp 15.777103 14.739303 13.7366495 11.543 63050395547429860 939085157 bright_1x1 openfibertargets_nov2020_34a open_fiber science 0 0 0.0 0.0 -999 ""
FIBERMAP 964 R+8C14 METROLOGY 0 0 0 1 0 0 95.45270319559151 165.33698654745143 143.1 161.97017131909297 101.0075389488872 54.829697 124.46906 -999.0 -999.0 -999.0 -999.0 -999.0 275.32603023919944 -5.939892782762795 275.33767728819873 -5.9184557894475445 41.52805859344408 137.2058439395368 -999.0 6231.0 -999.0 -1 -999 {-999.0 -999.0 -999.0 -999.0 -999.0} "" -999.0 -999.0 -999.0 -999.0 -999 -999 "" "" "" "" 0 0 0.0 0.0 -999 ""
FIBERMAP 965 R+5C15 APOGEE 0 0 0 1 0 0 62.62424413848292 89.57379301056449 143.1 97.37775039091555 49.591676439806356 233.93854 82.77827 -999.0 -999.0 -999.0 -999.0 -999.0 275.0316873284343 -6.172281402560606 275.04411876181064 -6.151663938893614 41.503638953472965 137.7037867570818 -999.0 16600.0 -999.0 2 -999 {-999.0 -999.0 -999.0 -999.0 -999.0} "" -999.0 -999.0 -999.0 -999.0 -999 -999 "" "" "" "" 0 0 0.0 0.0 -999 ""
FIBERMAP 965 R+5C15 BOSS 1 1 0 1 0 0 62.06640083332086 90.0708376172868 143.1 97.11923599271061 50.292568191103896 233.93854 82.77827 275.0306873586675 -6.169255125720585 -0.72506225 -0.16070262 0.35158747 275.03068526169005 -6.169255587802514 275.04297770495964 -6.1484525689094705 41.50692512279093 137.7025916573737 5400.0 5400.0 2016.0 1 213 {-999.0 18.142296 15.928882 14.912512 -999.0} sdss_psfmag_ps1 17.023804 15.5057125 14.316041 11.348 63050395547392565 916944885 bright_3x1 mwm_yso_disk_boss mwm_yso science 0 0 0.0 0.0 -999 ""
FIBERMAP 965 R+5C15 METROLOGY 0 0 0 1 0 0 62.77016099807305 90.30548300680549 143.1 97.85055767219548 50.168696513345765 233.93854 82.77827 -999.0 -999.0 -999.0 -999.0 -999.0 275.03398183852784 -6.169778888493187 275.04631160395263 -6.149020552494603 41.50457143104173 137.69938411979157 -999.0 6231.0 -999.0 -1 -999 {-999.0 -999.0 -999.0 -999.0 -999.0} "" -999.0 -999.0 -999.0 -999.0 -999 -999 "" "" "" "" 0 0 0.0 0.0 -999 ""
FIBERMAP 971 R+4C2 APOGEE 0 0 0 1 0 0 -224.73876158825553 92.92936470023842 143.1 -154.60930849458015 187.67528278998205 110.070786 97.95332 -999.0 -999.0 -999.0 -999.0 -999.0 273.88372676111436 -5.544426557994604 273.8950444501345 -5.527151410716027 42.66441449870587 138.50018715545838 -999.0 16600.0 -999.0 2 -999 {-999.0 -999.0 -999.0 -999.0 -999.0} "" -999.0 -999.0 -999.0 -999.0 -999 -999 "" "" "" "" 0 0 0.0 0.0 -999 ""
FIBERMAP 971 R+4C2 BOSS 1 1 0 1 0 0 -224.07897507293782 93.28281794199576 143.1 -153.86092315889758 187.67692253491677 110.070786 97.95332 273.8872216772445 -5.544567260650414 0.29236108 -2.4810865 0.17033204 273.88722252184687 -5.544574394729952 273.89841476944724 -5.527106380315827 42.662573850956946 138.49637268475513 5400.0 5400.0 2016.0 1 72 {-999.0 17.68385 15.817055 14.994831 -999.0} sdss_psfmag_ps1 16.779917 15.530399 14.4379425 11.874 63050395556468454 1093371973 bright_3x1 mwm_astar_core_boss mwm_ob science 0 0 0.0 0.0 -999 ""
FIBERMAP 971 R+4C2 METROLOGY 0 0 0 1 0 0 -224.09999691623702 92.54382394455507 143.1 -154.22695936780727 187.0347298758877 110.070786 97.95332 -999.0 -999.0 -999.0 -999.0 -999.0 273.88550444819214 -5.547417786247748 273.89673965000736 -5.530005123057705 42.66110527142508 138.5004581735897 -999.0 6231.0 -999.0 -1 -999 {-999.0 -999.0 -999.0 -999.0 -999.0} "" -999.0 -999.0 -999.0 -999.0 -999 -999 "" "" "" "" 0 0 0.0 0.0 -999 ""
FIBERMAP 973 R+9C14 APOGEE 1 1 0 1 0 0 89.12900795664221 166.16079534668492 143.1 156.77760349053167 104.70795878603681 224.35066 108.96144 275.3022766113281 -5.9229007132284295 -999.0 -999.0 -999.0 275.3022766113281 -5.92290071322843 275.3139864405832 -5.901669896916615 41.55533301532852 137.21874064305433 16000.0 16600.0 2015.5 2 39 {-999.0 -999.0 -999.0 -999.0 -999.0} "" -999.0 -999.0 -999.0 -999.0 27021603148796677 848186212 "" ops_sky_apogee_best ops_sky sky_apogee 0 0 0.0 0.0 -999 ""
FIBERMAP 973 R+9C14 BOSS 0 0 0 1 0 0 88.44561202749746 166.469949448009 143.1 156.31995416559337 105.30209557008817 224.35066 108.96144 -999.0 -999.0 -999.0 -999.0 -999.0 275.3003684906866 -5.9203576897794745 275.31193997882474 -5.898944687598978 41.55873304047156 137.21887683958158 -999.0 5400.0 -999.0 1 162 {-999.0 -999.0 -999.0 -999.0 -999.0} "" -999.0 -999.0 -999.0 -999.0 -999 -999 "" "" "" "" 0 0 0.0 0.0 -999 ""
FIBERMAP 973 R+9C14 METROLOGY 0 0 0 1 0 0 89.06331771468801 166.9004724524502 143.1 157.06744743539906 105.39152762454064 224.35066 108.96144 -999.0 -999.0 -999.0 -999.0 -999.0 275.30371710217725 -5.91992077422367 275.3153238263202 -5.8985524011937205 41.557121537290755 137.21489304953707 -999.0 6231.0 -999.0 -1 -999 {-999.0 -999.0 -999.0 -999.0 -999.0} "" -999.0 -999.0 -999.0 -999.0 -999 -999 "" "" "" "" 0 0 0.0 0.0 -999 ""
FIBERMAP 975 R-1C21 APOGEE 0 0 0 1 0 0 155.73554536922057 -2.6780172375300246 143.1 136.15951493792807 -75.59239701116671 184.68999 43.59479 -999.0 -999.0 -999.0 -999.0 -999.0 275.2078061639882 -6.7420424581043354 275.2215740381756 -6.720698712106812 40.93518620216166 137.9407022704452 -999.0 16600.0 -999.0 2 -999 {-999.0 -999.0 -999.0 -999.0 -999.0} "" -999.0 -999.0 -999.0 -999.0 -999 -999 "" "" "" "" 0 0 0.0 0.0 -999 ""
FIBERMAP 975 R-1C21 BOSS 1 1 0 1 0 0 156.1922035995342 -2.122112026018566 143.1 136.82385902012734 -75.31660243576303 184.68999 43.59479 275.21103984611926 -6.741000829992723 -5.410254 -3.18279 2.4891436 275.2110241812617 -6.741009981740053 275.22465436579256 -6.71946421351095 40.93446764364291 137.9364403898548 5400.0 5400.0 2016.0 1 270 {-999.0 17.431955 15.854987 15.162462 -999.0} sdss_psfmag_ps1 16.718758 15.644913 14.619207 12.411 63050395546905151 1126629377 bright_1x1 openfibertargets_mwm_snc_further_ext_boss open_fiber science 0 0 0.0 0.0 -999 ""
FIBERMAP 975 R-1C21 METROLOGY 0 0 0 1 0 0 156.4675310899209 -2.8224432919753006 143.1 136.73749695490903 -76.0640278822357 184.68999 43.59479 -999.0 -999.0 -999.0 -999.0 -999.0 275.21057254122263 -6.744344820475246 275.22424870659654 -6.72285379356349 40.931904662112025 137.93942458570683 -999.0 6231.0 -999.0 -1 -999 {-999.0 -999.0 -999.0 -999.0 -999.0} "" -999.0 -999.0 -999.0 -999.0 -999 -999 "" "" "" "" 0 0 0.0 0.0 -999 ""
FIBERMAP 979 R+3C7 APOGEE 1 1 0 1 0 0 -107.73393503781502 49.28014551325165 143.1 -71.89052889932648 94.14230378647206 5.812014 76.5493 274.2573974779442 -5.967542157689615 -0.43882713 -10.20044 0.15521231 274.2573962092721 -5.967571487885639 274.2696211354793 -5.949114430241851 42.106063543025506 138.40254372189736 16000.0 16600.0 2016.0 2 125 {-999.0 17.790314 15.493486 14.38321 -999.0} sdss_psfmag_ps1 16.5817 14.890612 13.661586 10.37 63050395547490542 1153963491 bright_1x1 mwm_galactic_core_dist_apogee_sparse mwm_galactic science 0 0 0.0 0.0 -999 ""
FIBERMAP 979 R+3C7 BOSS 0 0 0 1 0 0 -107.83406588814731 48.54691550949318 143.1 -72.32365941367078 93.54239551620326 5.812014 76.5493 -999.0 -999.0 -999.0 -999.0 -999.0 274.25549846101154 -5.9704380653657045 274.2676037920136 -5.951797978710048 42.104968676648454 138.40681216883144 -999.0 5400.0 -999.0 1 43 {-999.0 -999.0 -999.0 -999.0 -999.0} "" -999.0 -999.0 -999.0 -999.0 -999 -999 "" "" "" "" 0 0 0.0 0.0 -999 ""
FIBERMAP 979 R+3C7 METROLOGY 0 0 0 1 0 0 -108.42414275458235 48.99386123817194 143.1 -72.63417353051989 94.2142374901705 5.812014 76.5493 -999.0 -999.0 -999.0 -999.0 -999.0 274.2540625454912 -5.967337230986229 274.26619685960634 -5.948755307925391 42.10827232734556 138.40607153340096 -999.0 6231.0 -999.0 -1 -999 {-999.0 -999.0 -999.0 -999.0 -999.0} "" -999.0 -999.0 -999.0 -999.0 -999 -999 "" "" "" "" 0 0 0.0 0.0 -999 ""
FIBERMAP 983 R+6C5 APOGEE 1 1 0 1 0 0 -117.90865710331771 120.2283747786943 143.1 -47.507557934033464 161.5302986338112 42.90484 83.068146 274.3701502608714 -5.662218122121527 -1.6825038 -6.206786 0.10824772 274.3701453993042 -5.662235969022951 274.3815718180133 -5.643610795214149 42.29581562432226 138.04607702762547 16000.0 16600.0 2016.0 2 150 {-999.0 19.076012 16.248404 14.99025 -999.0} sdss_psfmag_ps1 16.857014 13.950679 12.446861 8.416 63050395556390248 1153971554 bright_1x1 mwm_galactic_core_dist_apogee_sparse mwm_galactic science 0 0 0.0 0.0 -999 ""
FIBERMAP 983 R+6C5 BOSS 0 0 0 1 0 0 -117.45069603155324 119.63365340109398 143.1 -47.38310733990939 160.79018456197102 42.90484 83.068146 -999.0 -999.0 -999.0 -999.0 -999.0 274.3708096768606 -5.6657141787589085 274.38211712396424 -5.6469006499375825 42.292794402821855 138.04798404238815 -999.0 5400.0 -999.0 1 49 {-999.0 -999.0 -999.0 -999.0 -999.0} "" -999.0 -999.0 -999.0 -999.0 -999 -999 "" "" "" "" 0 0 0.0 0.0 -999 ""
FIBERMAP 983 R+6C5 METROLOGY 0 0 0 1 0 0 -118.19494380403177 119.53529194388233 143.1 -48.086071797671956 161.05334910643595 42.90484 83.068146 -999.0 -999.0 -999.0 -999.0 -999.0 274.3675728780508 -5.664477138864072 274.3789145866466 -5.645725252618581 42.29556453871539 138.05064178029542 -999.0 6231.0 -999.0 -1 -999 {-999.0 -999.0 -999.0 -999.0 -999.0} "" -999.0 -999.0 -999.0 -999.0 -999 -999 "" "" "" "" 0 0 0.0 0.0 -999 ""
FIBERMAP 985 R+9C10 APOGEE 1 1 0 1 0 0 -8.745642861259732 183.29903220082514 143.1 78.47312090642943 165.85271993992245 224.9783 30.906254 274.94533189495115 -5.64442872350071 -1.1181855 -8.739295 -0.026340514 274.9453286640717 -5.6444538523407735 274.9564908269563 -5.62429957859727 41.98647392114656 137.39644979063792 16000.0 16600.0 2016.0 2 10 {-999.0 21.17728 17.899738 16.10827 -999.0} sdss_psfmag_ps1 19.353489 16.66413 15.228859 10.729 63050395547532285 1153963549 bright_1x1 mwm_galactic_core_dist_apogee_sparse mwm_galactic science 0 0 0.0 0.0 -999 ""
FIBERMAP 985 R+9C10 BOSS 0 0 0 1 0 0 -8.56940081464483 184.0142494181024 143.1 78.96494092292333 166.4009452850193 224.9783 30.906254 -999.0 -999.0 -999.0 -999.0 -999.0 274.94772193803726 -5.6421250594701755 274.95874713577086 -5.6217794603601465 41.987256716426096 137.39203255054 -999.0 5400.0 -999.0 1 126 {-999.0 -999.0 -999.0 -999.0 -999.0} "" -999.0 -999.0 -999.0 -999.0 -999 -999 "" "" "" "" 0 0 0.0 0.0 -999 ""
FIBERMAP 985 R+9C10 METROLOGY 0 0 0 1 0 0 -8.025603168500691 183.49545441922444 143.1 79.20083425395781 165.68746580099815 224.9783 30.906254 -999.0 -999.0 -999.0 -999.0 -999.0 274.9487588383891 -5.645309689249366 274.95982841241675 -5.625012607329873 41.98398920735697 137.3933331132755 -999.0 6231.0 -999.0 -1 -999 {-999.0 -999.0 -999.0 -999.0 -999.0} "" -999.0 -999.0 -999.0 -999.0 -999 -999 "" "" "" "" 0 0 0.0 0.0 -999 ""
FIBERMAP 986 R+2C13 APOGEE 0 0 1 1 0 0 0.5898211234706074 46.389857461753024 143.1 22.333705308847193 40.65638663469401 9.999181 169.96324 -999.0 -999.0 -999.0 -999.0 -999.0 274.68810112007907 -6.212052653206219 274.7007650589678 -6.192336559495189 41.66367397955875 138.11055456806125 -999.0 16600.0 -999.0 2 -999 {-999.0 -999.0 -999.0 -999.0 -999.0} "" -999.0 -999.0 -999.0 -999.0 -999 -999 "" "" "" "" 0 0 0.0 0.0 -999 ""
FIBERMAP 986 R+2C13 BOSS 1 0 1 1 0 0 1.3429434113434495 46.38976185345291 143.1 22.99820441586762 40.302172079700135 9.999181 169.96324 274.6633540262863 -6.141167243307704 0.5989039 -0.5288764 0.8075459 274.69128560161045 -6.213841302838549 274.70382245932933 -6.193926669646199 41.66064511149158 138.10839899810915 5400.0 5400.0 2016.0 1 105 {-999.0 15.706426 14.712341 14.145189 -999.0} sdss_psfmag_from_g3xp 15.36675 14.608974 13.741492 12.147 63050395547464534 981661799 "" ops_std_boss_tic ops_std standard_boss 0 0 0.0 0.0 -999 ""
FIBERMAP 986 R+2C13 METROLOGY 0 0 1 1 0 0 0.9731719725019018 45.74977613328079 143.1 22.370991959278065 39.91133053197532 9.999181 169.96324 -999.0 -999.0 -999.0 -999.0 -999.0 274.68836813526883 -6.2155646671345535 274.700947311438 -6.195710695886931 41.660787078525516 138.11290502237128 -999.0 6231.0 -999.0 -1 -999 {-999.0 -999.0 -999.0 -999.0 -999.0} "" -999.0 -999.0 -999.0 -999.0 -999 -999 "" "" "" "" 0 0 0.0 0.0 -999 ""
FIBERMAP 988 R+7C6 APOGEE 0 0 0 1 0 0 -106.270140811116 145.51476713197727 143.1 -25.347834142400107 178.3700232403384 101.30547 132.5187 -999.0 -999.0 -999.0 -999.0 -999.0 274.4715977397386 -5.586332594031729 274.482797873546 -5.567469373783818 42.30159879598785 137.87552682510764 -999.0 16600.0 -999.0 2 -999 {-999.0 -999.0 -999.0 -999.0 -999.0} "" -999.0 -999.0 -999.0 -999.0 -999 -999 "" "" "" "" 0 0 0.0 0.0 -999 ""
FIBERMAP 988 R+7C6 BOSS 1 1 0 1 0 0 -105.72290742525438 146.17228264550195 143.1 -24.555789075646974 178.69288736391616 101.30547 132.5187 274.4753399635679 -5.585003713528749 -0.8365779 -3.4279544 0.50004196 274.47533754661055 -5.58501357021841 274.4864054091796 -5.565956163868112 42.30081073444182 137.87036760450997 5400.0 5400.0 2016.0 1 67 {-999.0 16.283407 15.281085 14.863044 -999.0} sdss_psfmag_ps1 15.918236 15.22568 14.402334 12.991 63050395556432109 981888222 "" ops_std_boss_tic ops_std standard_boss 0 0 0.0 0.0 -999 ""
FIBERMAP 988 R+7C6 METROLOGY 0 0 0 1 0 0 -105.52724097733211 145.44576120849464 143.1 -24.724757915572376 177.9598099957194 101.30547 132.5187 -999.0 -999.0 -999.0 -999.0 -999.0 274.47451989783116 -5.588278653011574 274.4856322345504 -5.569274384188957 42.29851295203799 137.87376732390143 -999.0 6231.0 -999.0 -1 -999 {-999.0 -999.0 -999.0 -999.0 -999.0} "" -999.0 -999.0 -999.0 -999.0 -999 -999 "" "" "" "" 0 0 0.0 0.0 -999 ""
FIBERMAP 990 R+4C7 APOGEE 0 0 0 1 0 0 -125.99718380192066 73.78369390668934 143.1 -76.48378993450608 124.35154838388195 202.35594 108.74038 -999.0 -999.0 -999.0 -999.0 -999.0 274.2370495715554 -5.830401846086058 274.2489426504327 -5.812059075477844 42.23101232008206 138.3216462231042 -999.0 16600.0 -999.0 2 95 {-999.0 -999.0 -999.0 -999.0 -999.0} "" -999.0 -999.0 -999.0 -999.0 -999 -999 "" "" "" "" 0 0 0.0 0.0 -999 ""
FIBERMAP 990 R+4C7 BOSS 1 1 0 1 0 0 -126.50671264135714 74.3255943889701 143.1 -76.67858040372498 125.06930206453343 202.35594 108.74038 274.23622225720766 -5.8274332762972385 17.341503 51.913002 4.197058 274.2362723797196 -5.827284006414057 274.24803190237316 -5.808758507466852 42.23425149620047 138.32015297280236 5400.0 5400.0 2016.0 1 51 {-999.0 16.575226 14.938296 14.309373 -999.0} sdss_psfmag_from_g3xp 15.8786745 14.919966 13.881397 -999.0 63050395556373809 1077961657 bright_flexible_2x1 mwm_snc_ext_main_boss mwm_snc science 0 0 0.0 0.0 -999 ""
FIBERMAP 990 R+4C7 METROLOGY 0 0 0 1 0 0 -125.78621983304537 74.50349370235844 143.1 -75.95917700101062 124.887490523626 202.35594 108.74038 -999.0 -999.0 -999.0 -999.0 -999.0 274.2395237595073 -5.828068980443807 274.2513191235886 -5.809587398685081 42.23172779611781 138.3171290247902 -999.0 6231.0 -999.0 -1 -999 {-999.0 -999.0 -999.0 -999.0 -999.0} "" -999.0 -999.0 -999.0 -999.0 -999 -999 "" "" "" "" 0 0 0.0 0.0 -999 ""
FIBERMAP 991 R-3C20 APOGEE 1 1 0 1 0 0 183.08565263588176 -63.92710665934396 143.1 131.49254330725225 -142.4981549653604 1.384895 93.35828 275.18524038446816 -7.045373347993521 6.718291 4.1202292 3.2155297 275.1852598491132 -7.045361500746668 275.1997862295299 -7.023940453644885 40.697436856186435 138.19105613708712 16000.0 16600.0 2016.0 2 226 {-999.0 11.680034 10.823828 10.499441 -999.0} sdss_psfmag_gaia 11.41717 10.862421 10.143937 9.04 63050395546342530 975476618 "" ops_std_apogee ops_std standard_apogee 0 0 0.0 0.0 -999 ""
FIBERMAP 991 R-3C20 BOSS 0 0 0 1 0 0 183.15794075826264 -64.66200788552516 143.1 131.21076693058717 -143.18061206705926 1.384895 93.35828 -999.0 -999.0 -999.0 -999.0 -999.0 275.18412996123556 -7.048684740112156 275.19852937308815 -7.027069654157326 40.695559078168166 138.19474496075412 -999.0 5400.0 -999.0 1 290 {-999.0 -999.0 -999.0 -999.0 -999.0} "" -999.0 -999.0 -999.0 -999.0 -999 -999 "" "" "" "" 0 0 0.0 0.0 -999 ""
FIBERMAP 991 R-3C20 METROLOGY 0 0 0 1 0 0 182.47987288812968 -64.36365152749076 143.1 130.75274173453434 -142.59850839224924 1.384895 93.35828 -999.0 -999.0 -999.0 -999.0 -999.0 275.18201038827146 -7.045994443581779 275.19644227883646 -7.024441751307544 40.6988976285431 138.1950420877914 -999.0 6231.0 -999.0 -1 -999 {-999.0 -999.0 -999.0 -999.0 -999.0} "" -999.0 -999.0 -999.0 -999.0 -999 -999 "" "" "" "" 0 0 0.0 0.0 -999 ""
FIBERMAP 994 R+7C2 APOGEE 0 0 0 1 0 0 -185.6845646068806 142.9730620189661 143.1 -96.61710777696693 213.46919703794947 11.731021 153.16876 -999.0 -999.0 -999.0 -999.0 -999.0 274.14784321635904 -5.428108208872322 274.15877408691165 -5.410178030072608 42.61367720625676 138.1156269797547 -999.0 16600.0 -999.0 2 -999 {-999.0 -999.0 -999.0 -999.0 -999.0} "" -999.0 -999.0 -999.0 -999.0 -999 -999 "" "" "" "" 0 0 0.0 0.0 -999 ""
FIBERMAP 994 R+7C2 BOSS 1 1 0 1 0 0 -184.9484063560022 142.80534223657804 143.1 -96.04639706541461 212.97505013222366 11.731021 153.16876 274.15019986506724 -5.4304577773918705 0.8123224 -6.761169 2.4881227 274.15053027044615 -5.4304772183574475 274.1613408439192 -5.412355501737266 42.61043798834506 138.11442805101478 5400.0 5400.0 2016.0 1 70 {-999.0 13.91879 13.005816 12.521174 -999.0} sdss_psfmag_from_g3xp 13.62124 12.952175 12.154728 10.771 63050395556480969 1166080648 bright_1x1 openfibertargets_mwm_spyglassysos_boss open_fiber science 0 0 1.1757121086120605 0.0 -999 ""
FIBERMAP 994 R+7C2 METROLOGY 0 0 0 1 0 0 -185.4771292066842 142.25638040537666 143.1 -96.7710650230211 212.73926823533503 11.731021 153.16876 -999.0 -999.0 -999.0 -999.0 -999.0 274.1471973208152 -5.431492739288138 274.15804678429436 -5.413431559648032 42.61139857816706 138.1189323804067 -999.0 6231.0 -999.0 -1 -999 {-999.0 -999.0 -999.0 -999.0 -999.0} "" -999.0 -999.0 -999.0 -999.0 -999 -999 "" "" "" "" 0 0 0.0 0.0 -999 ""
FIBERMAP 996 R-6C15 APOGEE 1 1 0 1 0 0 94.30547194916258 -96.57840924455374 143.1 37.80104696396514 -129.56331920832886 134.18088 46.208633 274.75708007812494 -6.986938102898634 -999.0 -999.0 -999.0 274.75708007812494 -6.986938102898636 274.7716329684815 -6.9666907189931315 40.98379507344638 138.61295044413532 16000.0 16600.0 2015.5 2 183 {-999.0 -999.0 -999.0 -999.0 -999.0} "" -999.0 -999.0 -999.0 -999.0 27021603148785070 848999734 "" ops_sky_apogee_good ops_sky sky_apogee 0 0 0.0 0.0 -999 ""
FIBERMAP 996 R-6C15 BOSS 0 0 0 1 0 0 95.05133248458552 -96.59149598795995 143.1 38.453029766796746 -129.92558235785359 134.18088 46.208633 -999.0 -999.0 -999.0 -999.0 -999.0 274.76021050161967 -6.9888344075266335 274.77463433547825 -6.9683832351733725 40.98072432433913 138.61093683829156 -999.0 5400.0 -999.0 1 316 {-999.0 -999.0 -999.0 -999.0 -999.0} "" -999.0 -999.0 -999.0 -999.0 -999 -999 "" "" "" "" 0 0 0.0 0.0 -999 ""
FIBERMAP 996 R-6C15 METROLOGY 0 0 0 1 0 0 94.66441922348801 -97.2412057176523 143.1 37.80611923220204 -130.31694386894523 134.18088 46.208633 -999.0 -999.0 -999.0 -999.0 -999.0 274.7572002939588 -6.990539673478419 274.77166710359586 -6.970150919131012 40.980909505773724 138.61548037919192 -999.0 6231.0 -999.0 -1 -999 {-999.0 -999.0 -999.0 -999.0 -999.0} "" -999.0 -999.0 -999.0 -999.0 -999 -999 "" "" "" "" 0 0 0.0 0.0 -999 ""
FIBERMAP 999 R0C27 APOGEE 0 0 0 1 0 0 289.14240867621027 10.79432413464926 143.1 260.21068615871746 -126.43464959496337 82.11495 133.66444 -999.0 -999.0 -999.0 -999.0 -999.0 275.76817779283425 -6.970072393960324 275.7822802983709 -6.94712391065383 40.431927431300814 137.5074509418961 -999.0 16600.0 -999.0 2 -999 {-999.0 -999.0 -999.0 -999.0 -999.0} "" -999.0 -999.0 -999.0 -999.0 -999 -999 "" "" "" "" 0 0 0.0 0.0 -999 ""
FIBERMAP 999 R0C27 BOSS 1 1 0 1 0 0 289.7257856165908 11.239634975021607 143.1 260.93484172359325 -126.3160270430027 82.11495 133.66444 275.77153968666283 -6.9697042338023 2.518833 0.22772025 0.7905427 275.7715469831959 -6.969703579018805 275.78550932204854 -6.946549837422854 40.43056402976136 137.50356598999016 5400.0 5400.0 2016.0 1 174 {-999.0 16.928434 15.8550005 15.244515 -999.0} sdss_psfmag_ps1 16.537426 15.727956 14.831647 13.195 63050395546746332 981887107 "" ops_std_boss_tic ops_std standard_boss 0 0 0.0 0.0 -999 ""
FIBERMAP 999 R0C27 METROLOGY 0 0 0 1 0 0 289.8280550519669 10.500128573969597 143.1 260.6773549907274 -127.01664537822063 82.11495 133.66444 -999.0 -999.0 -999.0 -999.0 -999.0 275.770331393534 -6.972810176372796 275.7843408428695 -6.949713950795812 40.42863291526474 137.50719425387845 -999.0 6231.0 -999.0 -1 -999 {-999.0 -999.0 -999.0 -999.0 -999.0} "" -999.0 -999.0 -999.0 -999.0 -999 -999 "" "" "" "" 0 0 0.0 0.0 -999 ""
FIBERMAP 1004 R-13C1 APOGEE 1 1 0 1 0 0 -142.70955829930546 -234.03000772610898 143.1 -235.96948879211592 -139.40032156245505 118.85297 71.46278 273.50860106423556 -7.023439125307884 -0.11856765 -5.594016 0.2166814 273.50860072073027 -7.023455210259269 273.5237301309523 -7.006533182394968 41.63466313832578 140.01695476048843 16000.0 16600.0 2016.0 2 199 {-999.0 19.286686 16.50193 15.034594 -999.0} sdss_psfmag_ps1 17.751833 15.602116 14.234486 10.435 63050395546546751 1153960450 bright_1x1 mwm_galactic_core_dist_apogee_sparse mwm_galactic science 0 0 0.0 0.0 -999 ""
FIBERMAP 1004 R-13C1 BOSS 0 0 0 1 0 0 -141.9879393838168 -233.88304953471317 143.1 -235.26364074128207 -139.60996460938543 118.85297 71.46278 -999.0 -999.0 -999.0 -999.0 -999.0 273.5119042133008 -7.024631202421697 273.52690935247927 -7.007507288267942 41.63212819852691 140.0141228722898 -999.0 5400.0 -999.0 1 340 {-999.0 -999.0 -999.0 -999.0 -999.0} "" -999.0 -999.0 -999.0 -999.0 -999 -999 "" "" "" "" 0 0 0.0 0.0 -999 ""
FIBERMAP 1004 R-13C1 METROLOGY 0 0 0 1 0 0 -142.21051763914986 -234.59265792942625 143.1 -235.7937097904852 -140.13145278239776 118.85297 71.46278 -999.0 -999.0 -999.0 -999.0 -999.0 273.50949296907964 -7.026893764696282 273.52454033559286 -7.0098298435135575 41.631460008220536 140.01845336331618 -999.0 6231.0 -999.0 -1 -999 {-999.0 -999.0 -999.0 -999.0 -999.0} "" -999.0 -999.0 -999.0 -999.0 -999 -999 "" "" "" "" 0 0 0.0 0.0 -999 ""
FIBERMAP 1009 R-13C2 APOGEE 1 1 0 1 0 0 -111.79810142127096 -256.0122900190792 143.1 -219.0300945803596 -173.3322284533104 333.5058 126.05389 273.5854126310936 -7.176995816511818 -2.4724576 -6.88958 0.04928853 273.5854054656836 -7.177015626707911 273.60088716274146 -7.159819247533688 41.464397474842656 140.04261932741647 16000.0 16600.0 2016.0 2 190 {-999.0 20.646284 17.588846 14.810016 -999.0} sdss_psfmag_ps1 18.995907 15.260216 13.71036 8.933 63050395546493489 1153960256 bright_1x1 mwm_galactic_core_dist_apogee_sparse mwm_galactic science 0 0 0.0 0.0 -999 ""
FIBERMAP 1009 R-13C2 BOSS 0 0 0 1 0 0 -111.67989319427028 -256.74280584408996 143.1 -219.2692896440066 -174.0324083117905 333.5058 126.05389 -999.0 -999.0 -999.0 -999.0 -999.0 273.5844718856818 -7.1803353091323 273.5998355375581 -7.162946226616884 41.46234208426732 140.0460584816598 -999.0 5400.0 -999.0 1 341 {-999.0 -999.0 -999.0 -999.0 -999.0} "" -999.0 -999.0 -999.0 -999.0 -999 -999 "" "" "" "" 0 0 0.0 0.0 -999 ""
FIBERMAP 1009 R-13C2 METROLOGY 0 0 0 1 0 0 -112.38174542290741 -256.4768235558221 143.1 -219.76352461663805 -173.46768725419037 333.5058 126.05389 -999.0 -999.0 -999.0 -999.0 -999.0 273.58219961468956 -7.177714145688396 273.5975935285711 -7.160387233633658 41.46569956645234 140.04669039320532 -999.0 6231.0 -999.0 -1 -999 {-999.0 -999.0 -999.0 -999.0 -999.0} "" -999.0 -999.0 -999.0 -999.0 -999 -999 "" "" "" "" 0 0 0.0 0.0 -999 ""
FIBERMAP 1011 R+6C3 APOGEE 1 1 0 1 0 0 -168.09790281165724 101.91873538644128 143.1 -100.40329882380242 168.97393046683416 344.56244 73.85676 274.1291675305759 -5.628396848138286 -1.2691647 -3.586115 0.16625549 274.12916386355937 -5.628407159600164 274.14059766050485 -5.610440333310561 42.4583629991212 138.28894535917524 16000.0 16600.0 2016.0 2 126 {-999.0 16.703949 14.406516 12.717322 -999.0} sdss_psfmag_from_g3xp 15.524154 13.425662 12.099035 8.625 63050395556404210 1152272427 bright_1x1 mwm_galactic_core_dist_apogee_sparse mwm_galactic science 0 0 0.0 0.0 -999 ""
FIBERMAP 1011 R+6C3 BOSS 0 0 0 1 0 0 -168.48309341306467 101.28976183266988 143.1 -101.03893882589549 168.60005623107017 344.56244 73.85676 -999.0 -999.0 -999.0 -999.0 -999.0 274.12635799824284 -5.630235495630029 274.13767139792776 -5.612090960063793 42.45863507563229 138.29346769455987 -999.0 5400.0 -999.0 1 27 {-999.0 -999.0 -999.0 -999.0 -999.0} "" -999.0 -999.0 -999.0 -999.0 -999 -999 "" "" "" "" 0 0 0.0 0.0 -999 ""
FIBERMAP 1011 R+6C3 METROLOGY 0 0 0 1 0 0 -168.85160762159438 101.93894034189627 143.1 -101.05885620184971 169.346163126116 344.56244 73.85676 -999.0 -999.0 -999.0 -999.0 -999.0 274.12626013085776 -5.626824254944566 274.1376008216537 -5.60873373701076 42.46145108414192 138.29098825686194 -999.0 6231.0 -999.0 -1 -999 {-999.0 -999.0 -999.0 -999.0 -999.0} "" -999.0 -999.0 -999.0 -999.0 -999 -999 "" "" "" "" 0 0 0.0 0.0 -999 ""
FIBERMAP 1012 R+1C12 APOGEE 0 0 0 1 0 0 -18.640114708523356 10.795538864758987 143.1 -11.37152818994306 18.290706411542004 0.78810585 82.76437 -999.0 -999.0 -999.0 -999.0 -999.0 274.53336414188914 -6.313540990933402 274.546339132207 -6.29419381166835 41.66601893374866 138.35714424055266 -999.0 16600.0 -999.0 2 -999 {-999.0 -999.0 -999.0 -999.0 -999.0} "" -999.0 -999.0 -999.0 -999.0 -999 -999 "" "" "" "" 0 0 0.0 0.0 -999 ""
FIBERMAP 1012 R+1C12 BOSS 1 1 0 1 0 0 -18.714276995592066 10.03666337603388 143.1 -11.79380334363426 17.65595810599658 0.78810585 82.76437 274.53150204359196 -6.316567758769873 14.065931 -14.004768 1.7938175 274.53154273560045 -6.316608027872885 274.5443967187419 -6.297074624550684 41.66472161949177 138.36144943055456 5400.0 5400.0 2016.0 1 22 {-999.0 16.591959 15.208753 14.522566 -999.0} sdss_psfmag_ps1 15.976805 15.007704 14.026808 12.06 63050395546657804 939084134 bright_1x1 openfibertargets_nov2020_34a open_fiber science 0 0 0.0 0.0 -999 ""
FIBERMAP 1012 R+1C12 METROLOGY 0 0 0 1 0 0 -19.31792796527001 10.483719735310055 143.1 -12.116243029860918 18.334280460066758 0.78810585 82.76437 -999.0 -999.0 -999.0 -999.0 -999.0 274.5300375502401 -6.313460650378579 274.54292073096985 -6.293986535214622 41.66810033876476 138.3607500947898 -999.0 6231.0 -999.0 -1 -999 {-999.0 -999.0 -999.0 -999.0 -999.0} "" -999.0 -999.0 -999.0 -999.0 -999 -999 "" "" "" "" 0 0 0.0 0.0 -999 ""
FIBERMAP 1013 R+10C15 APOGEE 1 1 0 1 0 0 147.32777193054147 211.37554634628705 143.1 229.3920413090936 117.23879883167866 124.79085 23.394922 275.6304275233665 -5.868053384506327 -4.2125115 -6.1869946 0.1722807 275.63041534696794 -5.868071174499155 275.6418603734223 -5.8459870031950345 41.412878320556864 136.8201029981226 16000.0 16600.0 2016.0 2 68 {-999.0 19.523241 17.19229 15.105589 -999.0} sdss_psfmag_ps1 18.306412 15.674447 14.251621 10.329 63050395547544591 1153963754 bright_1x1 mwm_galactic_core_dist_apogee_sparse mwm_galactic science 0 0 0.0 0.0 -999 ""
FIBERMAP 1013 R+10C15 BOSS 0 0 0 1 0 0 147.9718999141205 211.00920531787258 143.1 229.78815096336987 116.61266556018822 124.79085 23.394922 -999.0 -999.0 -999.0 -999.0 -999.0 275.63236010216355 -5.871091049814538 275.6436772588538 -5.8488116455792465 41.40952869995014 136.82031557779905 -999.0 5400.0 -999.0 1 228 {-999.0 -999.0 -999.0 -999.0 -999.0} "" -999.0 -999.0 -999.0 -999.0 -999 -999 "" "" "" "" 0 0 0.0 0.0 -999 ""
FIBERMAP 1013 R+10C15 METROLOGY 0 0 0 1 0 0 147.33807855080542 210.62305959218938 143.1 229.04730436623893 116.56996921545702 124.79085 23.394922 -999.0 -999.0 -999.0 -999.0 -999.0 275.62898754566424 -5.871209729315497 275.6403444647524 -5.848992773895161 41.41129858540868 136.82406143143436 -999.0 6231.0 -999.0 -1 -999 {-999.0 -999.0 -999.0 -999.0 -999.0} "" -999.0 -999.0 -999.0 -999.0 -999 -999 "" "" "" "" 0 0 0.0 0.0 -999 ""
FIBERMAP 1016 R+1C16 APOGEE 1 1 0 1 0 0 36.07885691511356 29.13427546093002 143.1 45.53485839931501 8.742799671492488 228.10855 20.516396 274.7941457049565 -6.357697877668556 -5.966404 -6.4283614 0.032861862 274.79412844308445 -6.357716361683951 274.8071110468976 -6.337652045907318 41.4840497083912 138.1036739303192 16000.0 16600.0 2016.0 2 51 {-999.0 19.837805 16.899466 15.127102 -999.0} sdss_psfmag_ps1 18.172297 15.696337 14.296434 10.15 63050395547383226 1153962966 bright_1x1 mwm_galactic_core_dist_apogee_sparse mwm_galactic science 0 0 0.0 0.0 -999 ""
FIBERMAP 1016 R+1C16 BOSS 0 0 0 1 0 0 36.333722456310966 29.830654947345167 143.1 46.08719683104691 9.237432849594828 228.10855 20.516396 -999.0 -999.0 -999.0 -999.0 -999.0 274.7968205481319 -6.355654307677365 274.80966583883674 -6.335393344595827 41.4844786916003 138.0991737993345 -999.0 5400.0 -999.0 1 190 {-999.0 -999.0 -999.0 -999.0 -999.0} "" -999.0 -999.0 -999.0 -999.0 -999 -999 "" "" "" "" 0 0 0.0 0.0 -999 ""
FIBERMAP 1016 R+1C16 METROLOGY 0 0 0 1 0 0 36.8221602621642 29.261531276002657 143.1 46.250576100912575 8.505575168717682 228.10855 20.516396 -999.0 -999.0 -999.0 -999.0 -999.0 274.79752076832614 -6.3589378646724555 274.8104110622879 -6.338727498459673 41.48130926430886 138.10087272313484 -999.0 6231.0 -999.0 -1 -999 {-999.0 -999.0 -999.0 -999.0 -999.0} "" -999.0 -999.0 -999.0 -999.0 -999 -999 "" "" "" "" 0 0 0.0 0.0 -999 ""
FIBERMAP 1017 R+5C18 APOGEE 1 1 0 1 0 0 149.80111130979608 113.36271606022528 143.1 185.4872732490878 29.590710689330827 102.11394 86.1518 275.433090080153 -6.264208553991008 -1.4449615 -2.6525288 0.059039444 275.4330859003756 -6.264216181033106 275.4455852148534 -6.24248386918325 41.20111081325201 137.33648045614032 16000.0 16600.0 2016.0 2 70 {-999.0 19.02435 16.726543 14.295116 -999.0} sdss_psfmag_ps1 17.729944 14.707159 13.22298 9.139 63050395547006044 1153962030 bright_1x1 mwm_galactic_core_dist_apogee_sparse mwm_galactic science 0 0 0.0 0.0 -999 ""
FIBERMAP 1017 R+5C18 BOSS 0 0 0 1 0 0 150.52179183531223 113.32045314070191 143.1 186.10331847394613 29.214542954758496 102.11394 86.1518 -999.0 -999.0 -999.0 -999.0 -999.0 275.4360683129039 -6.26611357951416 275.44843670981675 -6.244181488126329 41.19809486889558 137.3346870861651 -999.0 5400.0 -999.0 1 209 {-999.0 -999.0 -999.0 -999.0 -999.0} "" -999.0 -999.0 -999.0 -999.0 -999 -999 "" "" "" "" 0 0 0.0 0.0 -999 ""
FIBERMAP 1017 R+5C18 METROLOGY 0 0 0 1 0 0 150.1284302467195 112.69253723439677 143.1 185.46096583539406 28.84544410097526 102.11394 86.1518 -999.0 -999.0 -999.0 -999.0 -999.0 275.4331064336963 -6.267730796657859 275.44551809468214 -6.245860020083601 41.1983827031077 137.33912531773285 -999.0 6231.0 -999.0 -1 -999 {-999.0 -999.0 -999.0 -999.0 -999.0} "" -999.0 -999.0 -999.0 -999.0 -999 -999 "" "" "" "" 0 0 0.0 0.0 -999 ""
FIBERMAP 1018 R-1C8 APOGEE 0 0 0 1 0 0 -112.44013258560238 -21.663112797552 143.1 -109.40186770565562 33.75594256174248 333.14786 133.07257 -999.0 -999.0 -999.0 -999.0 -999.0 274.08476941774813 -6.241804173164957 274.0977393218677 -6.223688175115135 41.97401497316572 138.80007565866723 -999.0 16600.0 -999.0 2 -999 {-999.0 -999.0 -999.0 -999.0 -999.0} "" -999.0 -999.0 -999.0 -999.0 -999 -999 "" "" "" "" 0 0 0.0 0.0 -999 ""
FIBERMAP 1018 R-1C8 BOSS 1 1 0 1 0 0 -112.22697677762943 -22.37252725443227 143.1 -109.54736021400403 33.02973636406643 333.14786 133.07257 274.0841674804687 -6.2452805136395995 -999.0 -999.0 -999.0 274.0841674804687 -6.2452805136395995 274.09701910048415 -6.226976239134697 41.97168341461215 138.80333941704615 5400.0 5400.0 2015.5 1 482 {-999.0 -999.0 -999.0 -999.0 -999.0} "" -999.0 -999.0 -999.0 -999.0 27021603148790238 820564455 "" ops_sky_boss_good ops_sky sky_boss 0 0 0.0 0.0 -999 ""
FIBERMAP 1018 R-1C8 METROLOGY 0 0 0 1 0 0 -112.95357632394004 -22.204442187178728 143.1 -110.10946470199904 33.519710935442184 333.14786 133.07257 -999.0 -999.0 -999.0 -999.0 -999.0 274.08158209336216 -6.242992305538757 274.0944650766827 -6.224749340904521 41.97494721610935 138.80450664594363 -999.0 6231.0 -999.0 -1 -999 {-999.0 -999.0 -999.0 -999.0 -999.0} "" -999.0 -999.0 -999.0 -999.0 -999 -999 "" "" "" "" 0 0 0.0 0.0 -999 ""
FIBERMAP 1019 R+3C24 APOGEE 1 1 0 1 0 0 250.38356800462392 70.29900031898413 143.1 253.9905076103414 -55.703566680987684 127.01548 108.8978 275.74200105551074 -6.650950898480202 -0.6511045 -4.220137 0.28351712 275.7419991706496 -6.650963033000282 275.75532669824435 -6.628229818319703 40.70858115037892 137.29569745114856 16000.0 16600.0 2016.0 2 84 {-999.0 17.26458 14.851753 13.486243 -999.0} sdss_psfmag_from_g3xp 16.000526 14.175063 12.914868 9.595 63050395546850666 1152262870 bright_1x1 mwm_galactic_core_dist_apogee_sparse mwm_galactic science 0 0 0.0 0.0 -999 ""
FIBERMAP 1019 R+3C24 BOSS 0 0 0 1 0 0 250.79975600738805 70.90973422191658 143.1 254.64492268819407 -55.36036232147252 127.01548 108.8978 -999.0 -999.0 -999.0 -999.0 -999.0 275.7450926446049 -6.64959997889689 275.758278453712 -6.626664992753839 40.70817889732727 137.2913453894545 -999.0 5400.0 -999.0 1 246 {-999.0 -999.0 -999.0 -999.0 -999.0} "" -999.0 -999.0 -999.0 -999.0 -999 -999 "" "" "" "" 0 0 0.0 0.0 -999 ""
FIBERMAP 1019 R+3C24 METROLOGY 0 0 0 1 0 0 251.12693175845658 70.24405041424689 143.1 254.62060255911032 -56.101595243428555 127.01548 108.8978 -999.0 -999.0 -999.0 -999.0 -999.0 275.74492932723444 -6.652896704429292 275.75816215368445 -6.630015658948551 40.70550191272674 137.29400802852547 -999.0 6231.0 -999.0 -1 -999 {-999.0 -999.0 -999.0 -999.0 -999.0} "" -999.0 -999.0 -999.0 -999.0 -999 -999 "" "" "" "" 0 0 0.0 0.0 -999 ""
FIBERMAP 1025 R-7C7 APOGEE 1 1 0 1 0 0 -86.07067606246882 -156.46288057214704 143.1 -149.51886103888944 -97.58873775236782 323.36597 22.641727 273.90004925563653 -6.83811972679281 0.6160223 -8.026108 0.18394905 273.9000510396284 -6.838142804944861 273.91457036924214 -6.82025637119903 41.57811159649216 139.4463343557786 16000.0 16600.0 2016.0 2 294 {-999.0 18.608124 15.996997 14.736413 -999.0} sdss_psfmag_ps1 17.22227 15.304342 14.019795 10.458 63050395546658244 1153961096 bright_1x1 mwm_galactic_core_dist_apogee_sparse mwm_galactic science 0 0 0.0 0.0 -999 ""
FIBERMAP 1025 R-7C7 BOSS 0 0 0 1 0 0 -86.79019063253803 -156.2979605085579 143.1 -150.07620208327722 -97.10488740339888 323.36597 22.641727 -999.0 -999.0 -999.0 -999.0 -999.0 273.89759453616927 -6.836153309160087 273.91198234214437 -6.818082396892929 41.58134125122704 139.44760189091778 -999.0 5400.0 -999.0 1 410 {-999.0 -999.0 -999.0 -999.0 -999.0} "" -999.0 -999.0 -999.0 -999.0 -999 -999 "" "" "" "" 0 0 0.0 0.0 -999 ""
FIBERMAP 1025 R-7C7 METROLOGY 0 0 0 1 0 0 -86.2836597545579 -155.74601231908613 143.1 -149.36971176336914 -96.8560353658911 323.36597 22.641727 -999.0 -999.0 -999.0 -999.0 -999.0 273.90078656147637 -6.8349869316270455 273.915206369124 -6.816962398546579 41.58051354962882 139.44320501253938 -999.0 6231.0 -999.0 -1 -999 {-999.0 -999.0 -999.0 -999.0 -999.0} "" -999.0 -999.0 -999.0 -999.0 -999 -999 "" "" "" "" 0 0 0.0 0.0 -999 ""
FIBERMAP 1028 R+9C8 APOGEE 1 1 0 1 0 0 -29.535127806245526 187.77964836414915 143.1 62.23564189218869 179.58189955191796 79.26864 113.34659 274.8712792148526 -5.582132032488131 -4.2872596 -1.4114026 0.12662058 274.87126682859116 -5.582136090814189 274.88230373322557 -5.562206904662952 42.0796310273246 137.43020745914816 16000.0 16600.0 2016.0 2 2 {-999.0 19.251263 16.555828 15.178445 -999.0} sdss_psfmag_ps1 17.772215 15.732507 14.417144 10.762 63050395547533027 1153963578 bright_1x1 mwm_galactic_core_dist_apogee_sparse mwm_galactic science 0 0 0.0 0.0 -999 ""
FIBERMAP 1028 R+9C8 BOSS 0 0 0 1 0 0 -28.809878567108964 187.92092970943744 143.1 62.94202394319178 179.36554030275704 79.26864 113.34659 -999.0 -999.0 -999.0 -999.0 -999.0 274.8746346844614 -5.583262401258277 274.88554328032615 -5.563138299956542 42.07702390911524 137.42736010435857 -999.0 5400.0 -999.0 1 124 {-999.0 -999.0 -999.0 -999.0 -999.0} "" -999.0 -999.0 -999.0 -999.0 -999 -999 "" "" "" "" 0 0 0.0 0.0 -999 ""
FIBERMAP 1028 R+9C8 METROLOGY 0 0 0 1 0 0 -29.049103369139964 187.21746055879532 143.1 62.40015299640708 178.85729678222012 79.26864 113.34659 -999.0 -999.0 -999.0 -999.0 -999.0 274.87212494070616 -5.585501502028499 274.88307681441006 -5.565435673831775 42.076541808433376 137.43184301117938 -999.0 6231.0 -999.0 -1 -999 {-999.0 -999.0 -999.0 -999.0 -999.0} "" -999.0 -999.0 -999.0 -999.0 -999 -999 "" "" "" "" 0 0 0.0 0.0 -999 ""
FIBERMAP 1032 R+2C8 APOGEE 0 0 0 1 0 0 -90.24464192243798 38.75069878438693 143.1 -61.409348013777986 76.62752796415587 72.37186 25.113688 -999.0 -999.0 -999.0 -999.0 -999.0 274.30500177448306 -6.047300919310811 274.3174058726919 -6.028681699607787 42.013537374591685 138.40971923191273 -999.0 16600.0 -999.0 2 -999 {-999.0 -999.0 -999.0 -999.0 -999.0} "" -999.0 -999.0 -999.0 -999.0 -999 -999 "" "" "" "" 0 0 0.0 0.0 -999 ""
FIBERMAP 1032 R+2C8 BOSS 1 1 0 1 0 0 -90.14290716721428 38.00547627229539 143.1 -61.669994347756784 75.92211723156585 72.37186 25.113688 274.30389404296875 -6.0506572575665984 -999.0 -999.0 -999.0 274.30389404296875 -6.0506572575665984 274.3161790323508 -6.031852061840816 42.01159822381308 138.41347315310526 5400.0 5400.0 2015.5 1 44 {-999.0 -999.0 -999.0 -999.0 -999.0} "" -999.0 -999.0 -999.0 -999.0 27021603148797204 851788777 "" ops_sky_boss_fallback ops_sky sky_boss 0 0 0.0 0.0 -999 ""
FIBERMAP 1032 R+2C8 METROLOGY 0 0 0 1 0 0 -90.83116268382443 38.28955306232669 143.1 -62.1437234558197 76.49641121989816 72.37186 25.113688 -999.0 -999.0 -999.0 -999.0 -999.0 274.30170615549207 -6.047993528614297 274.3140216360073 -6.02924848966231 42.0149572003823 138.41389641355408 -999.0 6231.0 -999.0 -1 -999 {-999.0 -999.0 -999.0 -999.0 -999.0} "" -999.0 -999.0 -999.0 -999.0 -999 -999 "" "" "" "" 0 0 0.0 0.0 -999 ""
FIBERMAP 1034 R+13C2 APOGEE 1 1 0 1 0 0 -110.94924559056444 242.24031416292704 143.1 16.005297617490456 265.91941782035275 341.03778 96.932304 274.66097081195886 -5.194025925185701 -0.12528408 -5.0863 0.16507223 274.66097045023355 -5.1940405502574665 274.671129160093 -5.174841101998415 42.51764821300887 137.3640092215852 16000.0 16600.0 2016.0 2 113 {-999.0 18.102896 16.173752 13.727105 -999.0} sdss_psfmag_gaia 16.615965 14.45365 13.117534 9.358 63050395556457656 1154743962 bright_1x1 mwm_galactic_core_dist_apogee_sparse mwm_galactic science 0 0 0.0 0.0 -999 ""
FIBERMAP 1034 R+13C2 BOSS 0 0 0 1 0 0 -111.11448206709433 241.51098700412632 143.1 15.516554033613126 265.35356707399797 341.03778 96.932304 -999.0 -999.0 -999.0 -999.0 -999.0 274.6588747796448 -5.1967277165468335 274.66891311968357 -5.1773501571497835 42.51685204720509 137.36841225937758 -999.0 5400.0 -999.0 1 95 {-999.0 -999.0 -999.0 -999.0 -999.0} "" -999.0 -999.0 -999.0 -999.0 -999 -999 "" "" "" "" 0 0 0.0 0.0 -999 ""
FIBERMAP 1034 R+13C2 METROLOGY 0 0 0 1 0 0 -111.66202714448869 242.00528643785083 143.1 15.265835816165525 266.0471941328543 341.03778 96.932304 -999.0 -999.0 -999.0 -999.0 -999.0 274.6577039543727 -5.193587053429344 274.667771199247 -5.174265723185841 42.52003273101634 137.36728497617307 -999.0 6231.0 -999.0 -1 -999 {-999.0 -999.0 -999.0 -999.0 -999.0} "" -999.0 -999.0 -999.0 -999.0 -999 -999 "" "" "" "" 0 0 0.0 0.0 -999 ""
FIBERMAP 1036 R0C17 APOGEE 1 1 0 1 0 0 70.46713548804847 -7.121004570582882 143.1 58.83075639401689 -39.418248518534625 226.81607 167.16174 274.8545837402343 -6.5772461222274785 -999.0 -999.0 -999.0 274.8545837402343 -6.5772461222274785 274.86808510316257 -6.556922085437995 41.26886027415755 138.2020001946627 16000.0 16600.0 2015.5 2 47 {-999.0 -999.0 -999.0 -999.0 -999.0} "" -999.0 -999.0 -999.0 -999.0 27021603148788799 848185941 "" ops_sky_apogee_best ops_sky sky_apogee 0 0 0.0 0.0 -999 ""
FIBERMAP 1036 R0C17 BOSS 0 0 0 1 0 0 69.8508470548327 -7.553953697792831 143.1 58.083372886458086 -39.51048776371722 226.81607 167.16174 -999.0 -999.0 -999.0 -999.0 -999.0 274.8513207307549 -6.5778736779516045 274.8646929463747 -6.557366146774997 41.270394691750006 138.2060356013612 -999.0 5400.0 -999.0 1 181 {-999.0 -999.0 -999.0 -999.0 -999.0} "" -999.0 -999.0 -999.0 -999.0 -999 -999 "" "" "" "" 0 0 0.0 0.0 -999 ""
FIBERMAP 1036 R0C17 METROLOGY 0 0 0 1 0 0 69.7905457439167 -6.790765968272062 143.1 58.389027017822556 -38.80870745745133 226.81607 167.16174 -999.0 -999.0 -999.0 -999.0 -999.0 274.8526858615891 -6.574621429277733 274.8660869077336 -6.554166109598012 41.27225572345884 138.20211239396394 -999.0 6231.0 -999.0 -1 -999 {-999.0 -999.0 -999.0 -999.0 -999.0} "" -999.0 -999.0 -999.0 -999.0 -999 -999 "" "" "" "" 0 0 0.0 0.0 -999 ""
FIBERMAP 1037 R+4C11 APOGEE 0 0 0 1 0 0 -16.779002821219745 98.43180941026581 143.1 31.478671117909272 94.74454181519172 145.54082 25.062607 -999.0 -999.0 -999.0 -999.0 -999.0 274.7304507228675 -5.966014474504118 274.74249014202906 -5.946293652614129 41.84305157205835 137.87806319789078 -999.0 16600.0 -999.0 2 -999 {-999.0 -999.0 -999.0 -999.0 -999.0} "" -999.0 -999.0 -999.0 -999.0 -999 -999 "" "" "" "" 0 0 0.0 0.0 -999 ""
FIBERMAP 1037 R+4C11 BOSS 1 1 0 1 0 0 -16.043132492677692 98.33418045830305 143.1 32.082085604834276 94.31237741617727 145.54082 25.062607 274.733360356937 -5.96813461182064 -2.0937886 1.7896515 0.37736878 274.7333543036787 -5.9681294658830195 274.7452679786255 -5.948212238303413 41.83990456631605 137.87646879240748 5400.0 5400.0 2016.0 1 113 {-999.0 18.565351 17.024845 16.224579 15.594728} sdss_psfmag_from_ps1dr2 17.8849 16.9097 15.8626 -999.0 63050395547480543 1040016714 "" ops_std_boss_ps1dr2 ops_std standard_boss 0 0 0.0 0.0 -999 ""
FIBERMAP 1037 R+4C11 METROLOGY 0 0 0 1 0 0 -16.49768058663517 97.74078134944618 143.1 31.401973243493146 94.00250655554514 145.54082 25.062607 -999.0 -999.0 -999.0 -999.0 -999.0 274.7301995328461 -5.969484023590237 274.7421545347987 -5.949627845208866 41.840494469028854 137.88096997892774 -999.0 6231.0 -999.0 -1 -999 {-999.0 -999.0 -999.0 -999.0 -999.0} "" -999.0 -999.0 -999.0 -999.0 -999 -999 "" "" "" "" 0 0 0.0 0.0 -999 ""
FIBERMAP 1039 R-1C4 APOGEE 0 0 0 1 0 0 -204.19414989429384 -22.568016886319683 143.1 -190.78976759563318 76.10168057235184 304.8492 148.77711 -999.0 -999.0 -999.0 -999.0 -999.0 273.71543863196536 -6.048583682278623 273.7280691970965 -6.031539347671097 42.33798577006187 139.0683282069937 -999.0 16600.0 -999.0 2 -999 {-999.0 -999.0 -999.0 -999.0 -999.0} "" -999.0 -999.0 -999.0 -999.0 -999 -999 "" "" "" "" 0 0 0.0 0.0 -999 ""
FIBERMAP 1039 R-1C4 BOSS 1 1 0 1 0 0 -204.13929370848297 -23.315199232420266 143.1 -191.09270043728586 75.41658356697401 304.8492 148.77711 273.71411739096527 -6.051855077620268 2.3145516 -0.6175619 1.9563965 273.714124083491 -6.051856853348547 273.7266388993128 -6.034628028466586 42.33620223349101 139.0722448725305 5400.0 5400.0 2016.0 1 432 {-999.0 16.164293 14.802078 14.060163 -999.0} sdss_psfmag_from_g3xp 15.619611 14.627636 13.645648 11.699 63050395555978277 939105248 bright_1x1 openfibertargets_nov2020_34a open_fiber science 0 0 0.0 0.0 -999 ""
FIBERMAP 1039 R-1C4 METROLOGY 0 0 0 1 0 0 -204.81570489738294 -22.980729084645223 143.1 -191.53228251834437 76.02977452218983 304.8492 148.77711 -999.0 -999.0 -999.0 -999.0 -999.0 273.7121270216792 -6.049024964941955 273.7246705432606 -6.031855689761171 42.33959467933373 139.07237205470597 -999.0 6231.0 -999.0 -1 -999 {-999.0 -999.0 -999.0 -999.0 -999.0} "" -999.0 -999.0 -999.0 -999.0 -999 -999 "" "" "" "" 0 0 0.0 0.0 -999 ""
FIBERMAP 1040 R+5C11 APOGEE 1 1 0 1 0 0 -28.65462640408907 99.75869913187512 143.1 21.623719855133142 101.4994787286053 201.6022 80.929344 274.6853986325243 -5.935173524514521 1.3955686 -3.0506325 0.1241059 274.6854026669482 -5.935182296258175 274.69738331664945 -5.915595442100405 41.89377404141112 137.90432673498066 16000.0 16600.0 2016.0 2 20 {-999.0 18.67069 16.180597 14.987215 -999.0} sdss_psfmag_ps1 17.374823 15.5459 14.280615 10.83 63050395547480039 1153963566 bright_1x1 mwm_galactic_core_dist_apogee_sparse mwm_galactic science 0 0 0.0 0.0 -999 ""
FIBERMAP 1040 R+5C11 BOSS 0 0 0 1 0 0 -28.806923136551863 100.49355036611274 143.1 21.834874300435875 102.21951305119758 201.6022 80.929344 -999.0 -999.0 -999.0 -999.0 -999.0 274.6865149692651 -5.932052032707293 274.69835785618125 -5.912276217541678 41.89595938030622 137.90072668983453 -999.0 5400.0 -999.0 1 137 {-999.0 -999.0 -999.0 -999.0 -999.0} "" -999.0 -999.0 -999.0 -999.0 -999 -999 "" "" "" "" 0 0 0.0 0.0 -999 ""
FIBERMAP 1040 R+5C11 METROLOGY 0 0 0 1 0 0 -28.098796918299534 100.26528838657185 143.1 22.352382044294338 101.68512571026466 201.6022 80.929344 -999.0 -999.0 -999.0 -999.0 -999.0 274.688840396938 -5.934443278046095 274.7007250052342 -5.914713280867078 41.89261705819048 137.89997621205688 -999.0 6231.0 -999.0 -1 -999 {-999.0 -999.0 -999.0 -999.0 -999.0} "" -999.0 -999.0 -999.0 -999.0 -999 -999 "" "" "" "" 0 0 0.0 0.0 -999 ""
FIBERMAP 1044 R+13C10 APOGEE 1 1 0 1 0 0 52.83050359172442 241.82960819920754 143.1 160.32902620980076 188.5451492430921 231.73132 135.86607 275.3169293036688 -5.544472906611597 1.9865398 -2.6070452 0.31032264 275.3169350425857 -5.544480402870842 275.32770642942785 -5.523376659988229 41.85680763060464 136.91210691208025 16000.0 16600.0 2016.0 2 50 {-999.0 19.0982 16.100557 13.55277 -999.0} sdss_psfmag_ps1 17.44248 13.480026 11.906149 7.137 63050395547681391 1153964199 bright_1x1 mwm_galactic_core_dist_apogee_sparse mwm_galactic science 0 0 0.0 0.0 -999 ""
FIBERMAP 1044 R+13C10 BOSS 0 0 0 1 0 0 52.09297534722286 241.70787084116773 143.1 159.6209992411099 188.7845276054924 231.73132 135.86607 -999.0 -999.0 -999.0 -999.0 -999.0 275.31387271892146 -5.543547234284667 275.3245109275497 -5.5222661334463465 41.85955010762697 136.91473410930564 -999.0 5400.0 -999.0 1 164 {-999.0 -999.0 -999.0 -999.0 -999.0} "" -999.0 -999.0 -999.0 -999.0 -999 -999 "" "" "" "" 0 0 0.0 0.0 -999 ""
FIBERMAP 1044 R+13C10 METROLOGY 0 0 0 1 0 0 52.35458993327142 242.41089039781792 143.1 160.18241519869053 189.2818463749556 231.73132 135.86607 -999.0 -999.0 -999.0 -999.0 -999.0 275.3163591576099 -5.541284578558112 275.3270282272873 -5.5200505308719645 41.85991355508695 136.9102698465714 -999.0 6231.0 -999.0 -1 -999 {-999.0 -999.0 -999.0 -999.0 -999.0} "" -999.0 -999.0 -999.0 -999.0 -999 -999 "" "" "" "" 0 0 0.0 0.0 -999 ""
FIBERMAP 1046 R+5C21 APOGEE 0 0 0 1 0 0 218.0905625822878 80.19819393799932 143.1 230.15039292468822 -31.783973751151056 319.66333 80.44591 -999.0 -999.0 -999.0 -999.0 -999.0 275.63497379469493 -6.542857769304915 275.6480785069964 -6.5204600270160515 40.85798129528608 137.32924695597632 -999.0 16600.0 -999.0 2 -999 {-999.0 -999.0 -999.0 -999.0 -999.0} "" -999.0 -999.0 -999.0 -999.0 -999 -999 "" "" "" "" 0 0 0.0 0.0 -999 ""
FIBERMAP 1046 R+5C21 BOSS 1 1 0 1 0 0 217.54305216706507 79.70726526794249 143.1 229.43643521974897 -31.95971382310831 319.66333 80.44591 275.63190938281076 -6.5438670262098 4.086489 3.924408 1.9422549 275.6319212100973 -6.543855742024849 275.6448938440076 -6.521272412941433 40.859130835865614 137.3332898296624 5400.0 5400.0 2016.0 1 237 {-999.0 15.601357 14.372213 13.7090025 -999.0} sdss_psfmag_from_g3xp 15.131632 14.239184 13.305092 11.493 63050395546953133 939084602 bright_1x1 openfibertargets_nov2020_34a open_fiber science 0 0 0.0 0.0 -999 ""
FIBERMAP 1046 R+5C21 METROLOGY 0 0 0 1 0 0 217.38354598026424 80.43649942466469 143.1 229.63858690822448 -31.241245926168602 319.66333 80.44591 -999.0 -999.0 -999.0 -999.0 -999.0 275.6327943158337 -6.540542678138514 275.6457966351545 -6.518013390072715 40.861285864310084 137.3298465919372 -999.0 6231.0 -999.0 -1 -999 {-999.0 -999.0 -999.0 -999.0 -999.0} "" -999.0 -999.0 -999.0 -999.0 -999 -999 "" "" "" "" 0 0 0.0 0.0 -999 ""
FIBERMAP 1051 R-5C20 APOGEE 1 1 0 1 0 0 196.75066643953514 -115.71952270963253 143.1 119.19672552554165 -194.6245323328542 337.31522 59.34554 275.12786865234375 -7.280633356440987 -999.0 -999.0 -999.0 275.12786865234375 -7.280633356440988 275.1429986969348 -7.259258876702607 40.534821114258754 138.4271042645833 16000.0 16600.0 2015.5 2 233 {-999.0 -999.0 -999.0 -999.0 -999.0} "" -999.0 -999.0 -999.0 -999.0 27021603148783812 842675304 "" ops_sky_apogee_best ops_sky sky_apogee 0 0 0.0 0.0 -999 ""
FIBERMAP 1051 R-5C20 BOSS 0 0 0 1 0 0 196.1781709440466 -116.19614116117215 143.1 118.46745024664585 -194.77589689193368 337.31522 59.34554 -999.0 -999.0 -999.0 -999.0 -999.0 275.1246955104344 -7.281554501721295 275.1396938760764 -7.259990871028528 40.53605986398152 138.43121254532596 -999.0 5400.0 -999.0 1 278 {-999.0 -999.0 -999.0 -999.0 -999.0} "" -999.0 -999.0 -999.0 -999.0 -999 -999 "" "" "" "" 0 0 0.0 0.0 -999 ""
FIBERMAP 1051 R-5C20 METROLOGY 0 0 0 1 0 0 196.04614809424243 -115.46251225336457 143.1 118.69591931121232 -194.0664742373966 337.31522 59.34554 -999.0 -999.0 -999.0 -999.0 -999.0 275.1257146154679 -7.278297846720496 275.140742852711 -7.256788884421327 40.53812204212978 138.42771066631812 -999.0 6231.0 -999.0 -1 -999 {-999.0 -999.0 -999.0 -999.0 -999.0} "" -999.0 -999.0 -999.0 -999.0 -999 -999 "" "" "" "" 0 0 0.0 0.0 -999 ""
FIBERMAP 1054 R-2C7 APOGEE 1 1 0 1 0 0 -143.82099945120606 -23.417815722391527 143.1 -137.91697396968752 46.96340587123562 155.87717 76.74291 273.95492815443845 -6.181357002506243 -2.3166912 -2.5425453 0.22674909 273.9549214541034 -6.1813643133035425 273.9677909885184 -6.163621944282731 42.09582196759967 138.89957079995497 16000.0 16600.0 2016.0 2 255 {-999.0 19.126139 16.364223 14.124775 -999.0} sdss_psfmag_ps1 17.605488 14.558318 13.087192 8.849 63050395555955975 1153970934 bright_1x1 mwm_galactic_core_dist_apogee_sparse mwm_galactic science 0 0 0.0 0.0 -999 ""
FIBERMAP 1054 R-2C7 BOSS 0 0 0 1 0 0 -143.35863776926422 -22.83579987290596 143.1 -137.2353196042039 47.25955823619187 155.87717 76.74291 -999.0 -999.0 -999.0 -999.0 -999.0 273.95810631142535 -6.180195283269694 273.9708453977647 -6.162257220252646 42.095267802399874 138.89514662087112 -999.0 5400.0 -999.0 1 471 {-999.0 -999.0 -999.0 -999.0 -999.0} "" -999.0 -999.0 -999.0 -999.0 -999 -999 "" "" "" "" 0 0 0.0 0.0 -999 ""
FIBERMAP 1054 R-2C7 METROLOGY 0 0 0 1 0 0 -143.08501696201893 -23.529098281538253 143.1 -137.31988065916948 46.519140989712554 155.87717 76.74291 -999.0 -999.0 -999.0 -999.0 -999.0 273.95767884558273 -6.183510930891574 273.97046210317353 -6.165625734788059 42.0926799027224 138.89809754557058 -999.0 6231.0 -999.0 -1 -999 {-999.0 -999.0 -999.0 -999.0 -999.0} "" -999.0 -999.0 -999.0 -999.0 -999 -999 "" "" "" "" 0 0 0.0 0.0 -999 ""
FIBERMAP 1056 R-6C9 APOGEE 0 0 0 1 0 0 -63.615878329351176 -125.29860930383586 143.1 -115.05113606686331 -80.6484481762225 259.65277 51.22598 -999.0 -999.0 -999.0 -999.0 -999.0 274.05740414974395 -6.762220660302654 274.0716745122396 -6.743947154238076 41.555657646688886 139.21616244527564 -999.0 16600.0 -999.0 2 -999 {-999.0 -999.0 -999.0 -999.0 -999.0} "" -999.0 -999.0 -999.0 -999.0 -999 -999 "" "" "" "" 0 0 0.0 0.0 -999 ""
FIBERMAP 1056 R-6C9 BOSS 1 1 0 1 0 0 -64.1081720439765 -124.74219026509549 143.1 -115.22389165631998 -79.92598776664815 259.65277 51.22598 274.05670166015625 -6.7591580584031306 -999.0 -999.0 -999.0 274.05670166015625 -6.759158058403131 274.07083652103654 -6.740696083176834 41.55882643991734 139.21468592095675 5400.0 5400.0 2015.5 1 399 {-999.0 -999.0 -999.0 -999.0 -999.0} "" -999.0 -999.0 -999.0 -999.0 27021603148788400 820564266 "" ops_sky_boss_good ops_sky sky_boss 0 0 0.0 0.0 -999 ""
FIBERMAP 1056 R-6C9 METROLOGY 0 0 0 1 0 0 -63.37512656641312 -124.59242195677135 143.1 -114.50663961256426 -80.13852416055501 259.65277 51.22598 -999.0 -999.0 -999.0 -999.0 -999.0 274.05994935011415 -6.760081502199616 274.07412156495116 -6.741664746620826 41.55621497224615 139.21176988779777 -999.0 6231.0 -999.0 -1 -999 {-999.0 -999.0 -999.0 -999.0 -999.0} "" -999.0 -999.0 -999.0 -999.0 -999 -999 "" "" "" "" 0 0 0.0 0.0 -999 ""
FIBERMAP 1058 R-4C23 APOGEE 1 1 0 1 0 0 234.9113931167268 -86.1551036718458 143.1 166.77085569195742 -186.48110886437604 225.37636 109.00544 275.3444684897017 -7.243029394295984 -2.2508628 -5.5672584 -0.026797773 275.34446196554273 -7.243045402308576 275.3594110485332 -7.221107602015018 40.44526232367357 138.16569127823286 16000.0 16600.0 2016.0 2 221 {-999.0 22.203798 18.981323 15.761411 -999.0} sdss_psfmag_ps1 20.433132 15.908918 14.268659 9.057 63050395546311908 1153959472 bright_1x1 mwm_galactic_core_dist_apogee_sparse mwm_galactic science 0 0 0.0 0.0 -999 ""
FIBERMAP 1058 R-4C23 BOSS 0 0 0 1 0 0 234.2430646562408 -85.84987208662447 143.1 166.32465725037505 -185.8975182166983 225.37636 109.00544 -999.0 -999.0 -999.0 -999.0 -999.0 275.34260877687376 -7.240648363078459 275.3574163571817 -7.21851925720825 40.44851608241952 138.16591340449884 -999.0 5400.0 -999.0 1 252 {-999.0 -999.0 -999.0 -999.0 -999.0} "" -999.0 -999.0 -999.0 -999.0 -999 -999 "" "" "" "" 0 0 0.0 0.0 -999 ""
FIBERMAP 1058 R-4C23 METROLOGY 0 0 0 1 0 0 234.84547341940822 -85.40702746373518 143.1 167.06444656155176 -185.79002088752466 225.37636 109.00544 -999.0 -999.0 -999.0 -999.0 -999.0 275.3459265210431 -7.240085792211541 275.3607699866624 -7.218003982406499 40.44706015875093 138.1619243871004 -999.0 6231.0 -999.0 -1 -999 {-999.0 -999.0 -999.0 -999.0 -999.0} "" -999.0 -999.0 -999.0 -999.0 -999 -999 "" "" "" "" 0 0 0.0 0.0 -999 ""
FIBERMAP 1063 R0C13 APOGEE 1 1 0 1 0 0 -22.18608280034802 -19.055626917619332 143.1 -28.536935869642594 -6.3821534292856406 313.01898 67.97826 274.4543765619782 -6.425732864580527 -3.0927625 -6.5189643 -0.1456991 274.4543676128738 -6.425751609114302 274.46765087633054 -6.406565958281191 41.61690867622886 138.52815034153045 16000.0 16600.0 2016.0 2 292 {-999.0 21.894865 18.251972 15.438445 -999.0} sdss_psfmag_ps1 19.151451 15.678853 14.124587 9.775 63050395546654268 1153961063 bright_1x1 mwm_galactic_core_dist_apogee_sparse mwm_galactic science 0 0 0.0 0.0 -999 ""
FIBERMAP 1063 R0C13 BOSS 0 0 0 1 0 0 -22.868595078436343 -19.342686767431392 143.1 -29.274154846277508 -6.314522600180763 313.01898 67.97826 -999.0 -999.0 -999.0 -999.0 -999.0 274.4511008970935 -6.42562757580842 274.4642556453093 -6.406260517070954 41.619052319997806 138.53165948618891 -999.0 5400.0 -999.0 1 430 {-999.0 -999.0 -999.0 -999.0 -999.0} "" -999.0 -999.0 -999.0 -999.0 -999 -999 "" "" "" "" 0 0 0.0 0.0 -999 ""
FIBERMAP 1063 R0C13 METROLOGY 0 0 0 1 0 0 -22.787841504912226 -18.604356545766272 143.1 -28.855724352507305 -5.701002465746899 313.01898 67.97826 -999.0 -999.0 -999.0 -999.0 -999.0 274.4529935591185 -6.422782543361578 274.46617722389647 -6.403465597186205 41.620297164186226 138.52744881753694 -999.0 6231.0 -999.0 -1 -999 {-999.0 -999.0 -999.0 -999.0 -999.0} "" -999.0 -999.0 -999.0 -999.0 -999 -999 "" "" "" "" 0 0 0.0 0.0 -999 ""
FIBERMAP 1068 R-2C8 APOGEE 0 0 0 1 0 0 -109.41815627115847 -50.80397594284005 143.1 -120.43782184451645 6.621490440021552 275.89084 124.92417 -999.0 -999.0 -999.0 -999.0 -999.0 274.0338779553926 -6.365131473504499 274.04717291645863 -6.347097168927728 41.89943909472918 138.94852486791007 -999.0 16600.0 -999.0 2 -999 {-999.0 -999.0 -999.0 -999.0 -999.0} "" -999.0 -999.0 -999.0 -999.0 -999 -999 "" "" "" "" 0 0 0.0 0.0 -999 ""
FIBERMAP 1068 R-2C8 BOSS 1 1 0 1 0 0 -109.9838008075202 -51.297410796243916 143.1 -121.16895927969124 6.452065903542541 275.89084 124.92417 274.0306091308594 -6.36607696409088 -999.0 -999.0 -999.0 274.0306091308594 -6.36607696409088 274.04378056128513 -6.347861924324882 41.90067654919853 138.95286195539688 5400.0 5400.0 2015.5 1 450 {-999.0 -999.0 -999.0 -999.0 -999.0} "" -999.0 -999.0 -999.0 -999.0 27021603148790168 820564451 "" ops_sky_boss_good ops_sky sky_boss 0 0 0.0 0.0 -999 ""
FIBERMAP 1068 R-2C8 METROLOGY 0 0 0 1 0 0 -110.12643474121192 -50.56944750241004 143.1 -120.9525173426095 7.161478805397574 275.89084 124.92417 -999.0 -999.0 -999.0 -999.0 -999.0 274.03158344229115 -6.362798548201051 274.0447824084131 -6.34463594109294 41.902805537951345 138.94934147214434 -999.0 6231.0 -999.0 -1 -999 {-999.0 -999.0 -999.0 -999.0 -999.0} "" -999.0 -999.0 -999.0 -999.0 -999 -999 "" "" "" "" 0 0 0.0 0.0 -999 ""
FIBERMAP 1069 R+11C10 APOGEE 1 1 0 1 0 0 35.920166715344784 224.06311039975563 143.1 137.05350039292216 180.8197640057972 58.717438 133.51427 275.2116394042969 -5.578455145427782 -999.0 -999.0 -999.0 275.2116394042969 -5.578455145427782 275.22253549078386 -5.5576179863280215 41.88915852394932 137.05349218364617 16000.0 16600.0 2015.5 2 18 {-999.0 -999.0 -999.0 -999.0 -999.0} "" -999.0 -999.0 -999.0 -999.0 27021603148799448 848186330 "" ops_sky_apogee_best ops_sky sky_apogee 0 0 0.0 0.0 -999 ""
FIBERMAP 1069 R+11C10 BOSS 0 0 0 1 0 0 36.640112665843986 224.2358182343552 143.1 137.76998013964237 180.63362872145427 58.717438 133.51427 -999.0 -999.0 -999.0 -999.0 -999.0 275.2150473991051 -5.579472099909161 275.2258131015775 -5.558439363675999 41.886609066772095 137.0505440780552 -999.0 5400.0 -999.0 1 109 {-999.0 -999.0 -999.0 -999.0 -999.0} "" -999.0 -999.0 -999.0 -999.0 -999 -999 "" "" "" "" 0 0 0.0 0.0 -999 ""
FIBERMAP 1069 R+11C10 METROLOGY 0 0 0 1 0 0 36.44295886134732 223.5189075881587 143.1 137.25891161716154 180.09374216381835 58.717438 133.51427 -999.0 -999.0 -999.0 -999.0 -999.0 275.2126966404637 -5.581840475207636 275.2235063891702 -5.56086569543493 41.88594656226118 137.05494184462097 -999.0 6231.0 -999.0 -1 -999 {-999.0 -999.0 -999.0 -999.0 -999.0} "" -999.0 -999.0 -999.0 -999.0 -999 -999 "" "" "" "" 0 0 0.0 0.0 -999 ""
FIBERMAP 1070 R+9C13 APOGEE 1 1 0 1 0 0 83.96920339641265 192.2982652366778 143.1 164.51492560278416 130.1975019042806 111.417534 70.45878 275.33707327508694 -5.807684193534546 -0.41724098 -4.0804396 0.16418368 275.3370720691686 -5.807695926370346 275.3484842689692 -5.786422863739707 41.62991336877541 137.0926165733329 16000.0 16600.0 2016.0 2 55 {-999.0 17.911179 15.597563 15.22775 -999.0} sdss_psfmag_ps1 16.696388 15.064199 13.856419 10.674 63050395547453516 1153963227 bright_1x1 mwm_galactic_core_dist_apogee_sparse mwm_galactic science 0 0 0.0 0.0 -999 ""
FIBERMAP 1070 R+9C13 BOSS 0 0 0 1 0 0 84.70544078695706 192.30873275380992 143.1 165.16949267516608 129.8605476461001 111.417534 70.45878 -999.0 -999.0 -999.0 -999.0 -999.0 275.3402144978769 -5.8093963789623375 275.3514968468297 -5.787926419575087 41.626958999164245 137.09049463024513 -999.0 5400.0 -999.0 1 152 {-999.0 -999.0 -999.0 -999.0 -999.0} "" -999.0 -999.0 -999.0 -999.0 -999 -999 "" "" "" "" 0 0 0.0 0.0 -999 ""
FIBERMAP 1070 R+9C13 METROLOGY 0 0 0 1 0 0 84.34505581165385 191.65424901815211 143.1 164.5437454967099 129.45249959623754 111.417534 70.45878 -999.0 -999.0 -999.0 -999.0 -999.0 275.33733844716 -5.811177430241861 275.3486639534867 -5.789767579839621 41.62707497402685 137.0949957644176 -999.0 6231.0 -999.0 -1 -999 {-999.0 -999.0 -999.0 -999.0 -999.0} "" -999.0 -999.0 -999.0 -999.0 -999 -999 "" "" "" "" 0 0 0.0 0.0 -999 ""
FIBERMAP 1078 R-3C9 APOGEE 1 0 0 1 1 0 -68.08220799033548 -45.20150795382652 143.1 -81.3292168022374 -7.87180051450958 78.71824 86.73731 274.15817345904594 -6.431444373797772 -1.9325235 -2.3729272 0.3102204 274.21247318557084 -6.431756296705338 274.22586477249126 -6.413214961791289 41.74567822301424 138.7999091722774 16000.0 16600.0 2016.0 2 245 {-999.0 17.230198 14.774408 13.410284 -999.0} sdss_psfmag_from_g3xp 15.929588 14.096746 12.830803 9.477 63050395546696918 1152262827 bright_1x1 mwm_galactic_core_dist_apogee_sparse mwm_galactic science 0 0 0.0 0.0 -999 ""
FIBERMAP 1078 R-3C9 BOSS 0 0 0 1 1 0 -67.36415008484973 -45.372984507971154 143.1 -80.77624406444654 -8.360751267530201 78.71824 86.73731 -999.0 -999.0 -999.0 -999.0 -999.0 274.21508326451965 -6.434186539002429 274.2283516200421 -6.415447311765373 41.74244735957319 138.79882685291625 -999.0 5400.0 -999.0 1 470 {-999.0 -999.0 -999.0 -999.0 -999.0} "" -999.0 -999.0 -999.0 -999.0 -999 -999 "" "" "" "" 0 0 0.0 0.0 -999 ""
FIBERMAP 1078 R-3C9 METROLOGY 0 0 0 1 1 0 -67.89060904433953 -45.90259917338893 143.1 -81.48981704967818 -8.580526027011086 78.71824 86.73731 -999.0 -999.0 -999.0 -999.0 -999.0 274.21178523765735 -6.43512138305206 274.22509353302667 -6.416444358953892 41.74342409278944 138.80317438760616 -999.0 6231.0 -999.0 -1 -999 {-999.0 -999.0 -999.0 -999.0 -999.0} "" -999.0 -999.0 -999.0 -999.0 -999 -999 "" "" "" "" 0 0 0.0 0.0 -999 ""
FIBERMAP 1081 R-1C22 APOGEE 1 1 0 1 0 0 185.74933412703757 -3.8894905067985817 143.1 162.07358785511366 -90.77434862485735 130.26958 91.50298 275.3256225585937 -6.810809971254187 -999.0 -999.0 -999.0 275.3256225585937 -6.810809971254187 275.33951273033745 -6.78911960909474 40.812373350912324 137.86455288896764 16000.0 16600.0 2015.5 2 196 {-999.0 -999.0 -999.0 -999.0 -999.0} "" -999.0 -999.0 -999.0 -999.0 27021603148791759 848186032 "" ops_sky_apogee_best ops_sky sky_apogee 0 0 0.0 0.0 -999 ""
FIBERMAP 1081 R-1C22 BOSS 0 0 0 1 0 0 186.30330036029403 -3.3926544040187885 143.1 162.79601984893645 -90.59643155017956 130.26958 91.50298 -999.0 -999.0 -999.0 -999.0 -999.0 275.3290947613066 -6.8102185197691485 275.34284691090204 -6.7883247168906 40.81114649306514 137.8603563908017 -999.0 5400.0 -999.0 1 313 {-999.0 -999.0 -999.0 -999.0 -999.0} "" -999.0 -999.0 -999.0 -999.0 -999 -999 "" "" "" "" 0 0 0.0 0.0 -999 ""
FIBERMAP 1081 R-1C22 METROLOGY 0 0 0 1 0 0 186.46336155625664 -4.125234276400693 143.1 162.59278468318624 -91.31811263177714 130.26958 91.50298 -999.0 -999.0 -999.0 -999.0 -999.0 275.3281096184877 -6.813432475373332 275.341908398654 -6.791594934447896 40.80898481539884 137.8638244088809 -999.0 6231.0 -999.0 -1 -999 {-999.0 -999.0 -999.0 -999.0 -999.0} "" -999.0 -999.0 -999.0 -999.0 -999 -999 "" "" "" "" 0 0 0.0 0.0 -999 ""
FIBERMAP 1083 R-3C10 APOGEE 0 0 0 1 0 0 -54.578346978666566 -66.56093474694434 143.1 -79.45715327417466 -33.06877777862519 228.27588 159.51128 -999.0 -999.0 -999.0 -999.0 -999.0 274.22071033288904 -6.546535013539237 274.234383086149 -6.5279207134971315 41.64569976096854 138.87606229286357 -999.0 16600.0 -999.0 2 -999 {-999.0 -999.0 -999.0 -999.0 -999.0} "" -999.0 -999.0 -999.0 -999.0 -999 -999 "" "" "" "" 0 0 0.0 0.0 -999 ""
FIBERMAP 1083 R-3C10 BOSS 1 1 0 1 0 0 -55.23687780437166 -66.91409236207836 143.1 -80.20429159937079 -33.070747112379145 228.27588 159.51128 274.2173767089844 -6.546738433570027 -999.0 -999.0 -999.0 274.2173767089844 -6.546738433570028 274.2309227202502 -6.527942374683835 41.647595405289344 138.87990053224996 5400.0 5400.0 2015.5 1 447 {-999.0 -999.0 -999.0 -999.0 -999.0} "" -999.0 -999.0 -999.0 -999.0 27021603148789858 820564403 "" ops_sky_boss_good ops_sky sky_boss 0 0 0.0 0.0 -999 ""
FIBERMAP 1083 R-3C10 METROLOGY 0 0 0 1 0 0 -55.20887304946372 -66.16206276929125 143.1 -79.82596422542298 -32.42033551231459 228.27588 159.51128 -999.0 -999.0 -999.0 -999.0 -999.0 274.2190882714442 -6.543726139275741 274.2326625896002 -6.524980862332839 41.64909354219516 138.87577266141972 -999.0 6231.0 -999.0 -1 -999 {-999.0 -999.0 -999.0 -999.0 -999.0} "" -999.0 -999.0 -999.0 -999.0 -999 -999 "" "" "" "" 0 0 0.0 0.0 -999 ""
FIBERMAP 1085 R-2C13 APOGEE 0 0 0 1 0 0 -9.965447878428462 -52.48293475526839 143.1 -33.47168365178566 -41.6242584619723 260.2764 87.41224 -999.0 -999.0 -999.0 -999.0 -999.0 274.4313215341702 -6.586246538612684 274.44501101247374 -6.567051126097601 41.49650065433067 138.67309145913467 -999.0 16600.0 -999.0 2 -999 {-999.0 -999.0 -999.0 -999.0 -999.0} "" -999.0 -999.0 -999.0 -999.0 -999 -999 "" "" "" "" 0 0 0.0 0.0 -999 ""
FIBERMAP 1085 R-2C13 BOSS 1 1 0 1 0 0 -10.69328488993367 -52.35047183639323 143.1 -34.05163016702763 -41.16513447598539 260.2764 87.41224 274.4287450456254 -6.584397582316023 11.191497 12.592665 2.9288776 274.428777439155 -6.584361373552422 274.44233408385105 -6.564982207040335 41.49970263918125 138.67449172401894 5400.0 5400.0 2016.0 1 355 {-999.0 17.604332 15.834754 15.123831 -999.0} sdss_psfmag_ps1 16.799995 15.610014 14.538545 12.14 63050395546641833 939084090 bright_1x1 openfibertargets_nov2020_34a open_fiber science 0 0 0.0 0.0 -999 ""
FIBERMAP 1085 R-2C13 METROLOGY 0 0 0 1 0 0 -10.204952312775635 -51.776323400675324 143.1 -33.35075884869374 -40.88813613348613 260.2764 87.41224 -999.0 -999.0 -999.0 -999.0 -999.0 274.43196199232864 -6.583051165110848 274.4455503283516 -6.563718437946373 41.49896461532006 138.67001112853467 -999.0 6231.0 -999.0 -1 -999 {-999.0 -999.0 -999.0 -999.0 -999.0} "" -999.0 -999.0 -999.0 -999.0 -999 -999 "" "" "" "" 0 0 0.0 0.0 -999 ""
FIBERMAP 1086 R-3C15 APOGEE 0 0 0 1 0 0 52.13805982070466 -40.36939070543174 143.1 27.023523804141938 -60.13751124946878 138.92621 72.69545 -999.0 -999.0 -999.0 -999.0 -999.0 274.70854529291427 -6.67130918072503 274.72233675469226 -6.651333875049443 41.27233004561047 138.4319216879637 -999.0 16600.0 -999.0 2 -999 {-999.0 -999.0 -999.0 -999.0 -999.0} "" -999.0 -999.0 -999.0 -999.0 -999 -999 "" "" "" "" 0 0 0.0 0.0 -999 ""
FIBERMAP 1086 R-3C15 BOSS 1 1 0 1 0 0 52.7712673375599 -39.9671278997017 143.1 27.77140726196605 -60.08030478917232 138.92621 72.69545 274.71212765522915 -6.671266199741711 -2.2459042 -5.256307 1.2379352 274.7121211533652 -6.671281313649716 274.72577990980136 -6.651104057570516 41.27059904767104 138.42798536182974 5400.0 5400.0 2016.0 1 274 {-999.0 15.58198 14.499927 13.910922 -999.0} sdss_psfmag_from_g3xp 15.193979 14.399856 13.514177 11.914 63050395546628410 981661776 "" ops_std_boss_tic ops_std standard_boss 0 0 0.0 0.0 -999 ""
FIBERMAP 1086 R-3C15 METROLOGY 0 0 0 1 0 0 52.803281117708224 -40.70724068178918 143.1 27.451642839006688 -60.748422849035556 138.92621 72.69545 -999.0 -999.0 -999.0 -999.0 -999.0 274.7106073502635 -6.674259277149787 274.7243110832542 -6.654139302751321 41.268907486315506 138.43185972543796 -999.0 6231.0 -999.0 -1 -999 {-999.0 -999.0 -999.0 -999.0 -999.0} "" -999.0 -999.0 -999.0 -999.0 -999 -999 "" "" "" "" 0 0 0.0 0.0 -999 ""
FIBERMAP 1091 R+10C17 APOGEE 1 1 0 1 0 0 191.76248230330984 202.30242794628901 143.1 264.3342522369872 88.33889795137618 48.91722 99.32831 275.7878646678464 -5.999477863375447 -0.95170605 -3.3195841 0.33036968 275.7878619162539 -5.999487408458731 275.7995675742053 -5.976923763878078 41.21530418609565 136.75070977883297 16000.0 16600.0 2016.0 2 49 {-999.0 17.341553 14.954487 13.597973 -999.0} sdss_psfmag_from_g3xp 16.086271 14.288122 13.031562 9.698 63050395547262426 1152263074 bright_1x1 mwm_galactic_core_dist_apogee_sparse mwm_galactic science 0 0 0.0 0.0 -999 ""
FIBERMAP 1091 R+10C17 BOSS 0 0 0 1 0 0 192.4061106717945 201.9339556379859 143.1 264.72891887620744 87.71111899680254 48.91722 99.32831 -999.0 -999.0 -999.0 -999.0 -999.0 275.7897723447501 -6.002522619406851 275.8013489661612 -5.979762662060986 41.21196381728387 136.75097622803608 -999.0 5400.0 -999.0 1 170 {-999.0 -999.0 -999.0 -999.0 -999.0} "" -999.0 -999.0 -999.0 -999.0 -999 -999 "" "" "" "" 0 0 0.0 0.0 -999 ""
FIBERMAP 1091 R+10C17 METROLOGY 0 0 0 1 0 0 191.75708883432273 201.55147025835723 143.1 263.9763807570535 87.67879999475929 48.91722 99.32831 -999.0 -999.0 -999.0 -999.0 -999.0 275.78636710242534 -6.002595599823966 275.7979837313985 -5.979898532475861 41.21379186932218 136.75470745878695 -999.0 6231.0 -999.0 -1 -999 {-999.0 -999.0 -999.0 -999.0 -999.0} "" -999.0 -999.0 -999.0 -999.0 -999 -999 "" "" "" "" 0 0 0.0 0.0 -999 ""
FIBERMAP 1092 R-7C20 APOGEE 1 1 0 1 0 0 225.73416166609726 -147.33729037354757 143.1 129.90415472079764 -236.15209170402383 348.51154 83.20514 275.17525432097636 -7.466582498500563 -3.183087 0.3963206 0.13374208 275.17524509010445 -7.466581358926024 275.19081528810716 -7.444994452866406 40.35455111975701 138.51276108762428 16000.0 16600.0 2016.0 2 200 {-999.0 18.585936 15.770954 14.200148 -999.0} sdss_psfmag_ps1 16.991224 14.656218 13.283879 9.368 63050395546271992 1153959487 bright_1x1 mwm_galactic_core_dist_apogee_sparse mwm_galactic science 0 0 0.0 0.0 -999 ""
FIBERMAP 1092 R-7C20 BOSS 0 0 0 1 0 0 225.42530779305133 -148.00949672486686 143.1 129.31554437292615 -236.60000868172165 348.51154 83.20514 -999.0 -999.0 -999.0 -999.0 -999.0 275.17269129806766 -7.468799412673436 275.18813199713384 -7.447019723056018 40.354370264406874 138.5171425295117 -999.0 5400.0 -999.0 1 332 {-999.0 -999.0 -999.0 -999.0 -999.0} "" -999.0 -999.0 -999.0 -999.0 -999 -999 "" "" "" "" 0 0 0.0 0.0 -999 ""
FIBERMAP 1092 R-7C20 METROLOGY 0 0 0 1 0 0 224.99065112893328 -147.4033830596513 143.1 129.21701408293765 -235.86080032898093 348.51154 83.20514 -999.0 -999.0 -999.0 -999.0 -999.0 275.1722309498717 -7.465441081769882 275.1877020896749 -7.443720476557048 40.357339230395475 138.5151732539937 -999.0 6231.0 -999.0 -1 -999 {-999.0 -999.0 -999.0 -999.0 -999.0} "" -999.0 -999.0 -999.0 -999.0 -999 -999 "" "" "" "" 0 0 0.0 0.0 -999 ""
FIBERMAP 1094 R+1C19 APOGEE 0 0 0 1 0 0 141.90796671125167 11.38329807708196 143.1 130.5701185123556 -56.68294906666361 31.48192 50.423466 -999.0 -999.0 -999.0 -999.0 -999.0 275.1825570929135 -6.656124580047563 275.19612302177677 -6.634887173404525 41.02019147234953 137.90378706219198 -999.0 16600.0 -999.0 2 -999 {-999.0 -999.0 -999.0 -999.0 -999.0} "" -999.0 -999.0 -999.0 -999.0 -999 -999 "" "" "" "" 0 0 0.0 0.0 -999 ""
FIBERMAP 1094 R+1C19 BOSS 1 1 0 1 0 0 141.8042663928939 10.650188093906785 143.1 130.133894787371 -57.28107301135387 31.48192 50.423466 275.1807479462498 -6.659057088483798 -1.3357916 -0.95656884 0.9087816 275.18074407924667 -6.659059838987722 275.1941841721178 -6.637632803579057 41.01902366583767 137.90795390471152 5400.0 5400.0 2016.0 1 232 {-999.0 16.086185 15.023995 14.515448 -999.0} sdss_psfmag_ps1 15.698032 14.947793 14.072358 12.501 63050395546906929 981887132 "" ops_std_boss_tic ops_std standard_boss 0 0 0.0 0.0 -999 ""
FIBERMAP 1094 R+1C19 METROLOGY 0 0 0 1 0 0 141.21971219969973 11.09525692057795 143.1 129.82737124695026 -56.6134840378246 31.48192 50.423466 -999.0 -999.0 -999.0 -999.0 -999.0 275.179306121298 -6.6559656708449 275.1927769557702 -6.634598675706625 41.02231515827502 137.90719730618994 -999.0 6231.0 -999.0 -1 -999 {-999.0 -999.0 -999.0 -999.0 -999.0} "" -999.0 -999.0 -999.0 -999.0 -999 -999 "" "" "" "" 0 0 0.0 0.0 -999 ""
FIBERMAP 1095 R+5C8 APOGEE 0 0 0 1 0 0 -84.32886721005416 115.06073192406096 143.1 -20.307152362137433 141.18069000002356 151.04662 65.819145 -999.0 -999.0 -999.0 -999.0 -999.0 274.4940503341516 -5.754591522198788 274.50565799248636 -5.735595113539826 42.150138202318736 137.9787578090808 -999.0 16600.0 -999.0 2 -999 {-999.0 -999.0 -999.0 -999.0 -999.0} "" -999.0 -999.0 -999.0 -999.0 -999 -999 "" "" "" "" 0 0 0.0 0.0 -999 ""
FIBERMAP 1095 R+5C8 BOSS 1 1 0 1 0 0 -83.73928100383178 115.51570592687895 143.1 -19.57297405800067 141.30491948833995 151.04662 65.819145 274.4975280761719 -5.754166618702655 -999.0 -999.0 -999.0 274.4975280761719 -5.754166618702655 274.5090051693891 -5.734975231680944 42.14876516545655 137.9745806918265 5400.0 5400.0 2015.5 1 65 {-999.0 -999.0 -999.0 -999.0 -999.0} "" -999.0 -999.0 -999.0 -999.0 27021603148797439 852799037 "" ops_sky_boss_fallback ops_sky sky_boss 0 0 0.0 0.0 -999 ""
FIBERMAP 1095 R+5C8 METROLOGY 0 0 0 1 0 0 -83.6388171699511 114.77701917731605 143.1 -19.831668613859758 140.6058734243905 151.04662 65.819145 -999.0 -999.0 -999.0 -999.0 -999.0 274.4963006136024 -5.757288927464629 274.5078222298706 -5.738152118777506 42.14681147943881 137.9783139130149 -999.0 6231.0 -999.0 -1 -999 {-999.0 -999.0 -999.0 -999.0 -999.0} "" -999.0 -999.0 -999.0 -999.0 -999 -999 "" "" "" "" 0 0 0.0 0.0 -999 ""
FIBERMAP 1096 R+1C25 APOGEE 0 0 0 1 0 0 258.19547496752074 7.2954055899856645 143.1 231.25831796049357 -114.97029890994946 264.7872 125.32463 -999.0 -999.0 -999.0 -999.0 -999.0 275.6384370863538 -6.91921205406453 275.65246750653876 -6.896634443059879 40.54701867651024 137.60853275420305 -999.0 16600.0 -999.0 2 -999 {-999.0 -999.0 -999.0 -999.0 -999.0} "" -999.0 -999.0 -999.0 -999.0 -999 -999 "" "" "" "" 0 0 0.0 0.0 -999 ""
FIBERMAP 1096 R+1C25 BOSS 1 1 0 1 0 0 257.56273291403824 6.907666301802577 143.1 230.5176744118595 -115.01490889967602 264.7872 125.32463 275.6352458593554 -6.919640286860515 0.8265307 2.2108192 1.2655294 275.63524825338743 -6.919633929903435 275.64914412818996 -6.896868851614112 40.54871024632628 137.61227338531407 5400.0 5400.0 2016.0 1 184 {-999.0 15.155934 14.229634 13.727787 -999.0} sdss_psfmag_from_g3xp 14.843683 14.160192 13.351071 11.936 63050395546743242 917047115 bright_3x1 mwm_yso_variable_boss mwm_yso science 0 0 0.0 0.0 -999 ""
FIBERMAP 1096 R+1C25 METROLOGY 0 0 0 1 0 0 257.53809879460516 7.6482774474561666 143.1 230.84418487777435 -114.34982112606332 264.7872 125.32463 -999.0 -999.0 -999.0 -999.0 -999.0 275.63669614428494 -6.916566733720903 275.65062248240986 -6.893854735737656 40.5503465617107 137.6084226210674 -999.0 6231.0 -999.0 -1 -999 {-999.0 -999.0 -999.0 -999.0 -999.0} "" -999.0 -999.0 -999.0 -999.0 -999 -999 "" "" "" "" 0 0 0.0 0.0 -999 ""
FIBERMAP 1098 R+5C1 APOGEE 1 1 0 1 0 0 -246.5780342605927 104.98104395732398 143.1 -168.21306938102015 208.57868450375008 150.5781 110.706665 273.82324218749994 -5.450804580713168 -999.0 -999.0 -999.0 273.82324218749994 -5.450804580713168 273.8343503568449 -5.433731195607572 42.77564642606504 138.4971543206957 16000.0 16600.0 2015.5 2 122 {-999.0 -999.0 -999.0 -999.0 -999.0} "" -999.0 -999.0 -999.0 -999.0 27021603148964927 848193406 "" ops_sky_apogee_best ops_sky sky_apogee 0 0 0.0 0.0 -999 ""
FIBERMAP 1098 R+5C1 BOSS 0 0 0 1 0 0 -246.47800487072308 105.71699752863775 143.1 -167.77874772870723 209.18104371843185 150.5781 110.706665 -999.0 -999.0 -999.0 -999.0 -999.0 273.8253551628031 -5.448277411760012 273.83633229228917 -5.431016734091851 42.77679138093966 138.49285685043995 -999.0 5400.0 -999.0 1 1 {-999.0 -999.0 -999.0 -999.0 -999.0} "" -999.0 -999.0 -999.0 -999.0 -999 -999 "" "" "" "" 0 0 0.0 0.0 -999 ""
FIBERMAP 1098 R+5C1 METROLOGY 0 0 0 1 0 0 -245.877782738345 105.26206076416418 143.1 -167.46303909128488 208.4973801047187 150.5781 110.706665 -999.0 -999.0 -999.0 -999.0 -999.0 273.82671135045416 -5.4512847690724975 273.8377305608442 -5.434070949500646 42.7734813207054 138.49361459706896 -999.0 6231.0 -999.0 -1 -999 {-999.0 -999.0 -999.0 -999.0 -999.0} "" -999.0 -999.0 -999.0 -999.0 -999 -999 "" "" "" "" 0 0 0.0 0.0 -999 ""
FIBERMAP 1100 R-9C17 APOGEE 0 0 0 1 0 0 166.8710685903617 -190.0258230755138 143.1 57.891391047662744 -246.1414555565464 283.31485 99.55666 -999.0 -999.0 -999.0 -999.0 -999.0 274.84690256256556 -7.512255311178363 274.86271906069226 -7.49152767143226 40.49805088803004 138.90112478765212 -999.0 16600.0 -999.0 2 -999 {-999.0 -999.0 -999.0 -999.0 -999.0} "" -999.0 -999.0 -999.0 -999.0 -999 -999 "" "" "" "" 0 0 0.0 0.0 -999 ""
FIBERMAP 1100 R-9C17 BOSS 1 1 0 1 0 0 166.1758211610287 -190.32647240742165 143.1 57.136544767639066 -246.07982761458996 283.31485 99.55666 274.8435974121094 -7.512200399132851 -999.0 -999.0 -999.0 274.8435974121094 -7.512200399132852 274.8592808043031 -7.4912833620894625 40.50015417321532 138.90466729942722 5400.0 5400.0 2015.5 1 269 {-999.0 -999.0 -999.0 -999.0 -999.0} "" -999.0 -999.0 -999.0 -999.0 27021603148783217 820563743 "" ops_sky_boss_good ops_sky sky_boss 0 0 0.0 0.0 -999 ""
FIBERMAP 1100 R-9C17 METROLOGY 0 0 0 1 0 0 166.27425095106182 -189.57808354639857 143.1 57.575302229389756 -245.46574352508512 283.31485 99.55666 -999.0 -999.0 -999.0 -999.0 -999.0 274.84557475282867 -7.509394213558316 274.86128846733436 -7.488529367363798 40.50133074797183 138.90047496269256 -999.0 6231.0 -999.0 -1 -999 {-999.0 -999.0 -999.0 -999.0 -999.0} "" -999.0 -999.0 -999.0 -999.0 -999 -999 "" "" "" "" 0 0 0.0 0.0 -999 ""
FIBERMAP 1101 R-12C14 APOGEE 1 1 0 1 0 0 117.34703703872042 -233.4983967572421 143.1 -6.249390334836345 -261.21402234640874 209.95221 86.025154 274.5538330078125 -7.579224887939674 -999.0 -999.0 -999.0 274.5538330078125 -7.579224887939674 274.56993325486764 -7.559252070320272 40.60298336960833 139.26828271431407 16000.0 16600.0 2015.5 2 213 {-999.0 -999.0 -999.0 -999.0 -999.0} "" -999.0 -999.0 -999.0 -999.0 27021603148781546 848185641 "" ops_sky_apogee_best ops_sky sky_apogee 0 0 0.0 0.0 -999 ""
FIBERMAP 1101 R-12C14 BOSS 0 0 0 1 0 0 116.99212437058264 -232.85383442314549 143.1 -6.2594765106536405 -260.4783843592832 209.95221 86.025154 -999.0 -999.0 -999.0 -999.0 -999.0 274.55392616327697 -7.576156966875934 274.56988591338586 -7.55598712941182 40.60572852990694 139.26595389737665 -999.0 5400.0 -999.0 1 256 {-999.0 -999.0 -999.0 -999.0 -999.0} "" -999.0 -999.0 -999.0 -999.0 -999 -999 "" "" "" "" 0 0 0.0 0.0 -999 ""
FIBERMAP 1101 R-12C14 METROLOGY 0 0 0 1 0 0 117.73889035720619 -232.85489995390213 143.1 -5.601042183763185 -260.83046592472846 209.95221 86.025154 -999.0 -999.0 -999.0 -999.0 -999.0 274.5568912792241 -7.577674992978981 274.57289124132217 -7.557552660810295 40.60277560745088 139.26382725084213 -999.0 6231.0 -999.0 -1 -999 {-999.0 -999.0 -999.0 -999.0 -999.0} "" -999.0 -999.0 -999.0 -999.0 -999 -999 "" "" "" "" 0 0 0.0 0.0 -999 ""
FIBERMAP 1103 R-2C9 APOGEE 1 1 0 1 0 0 -78.52469329053133 -39.22757850458162 143.1 -87.73447516767088 2.3097314832470794 345.40356 130.2781 274.18332121446645 -6.385265316494775 -4.8373384 -6.943366 0.022697972 274.1833072184305 -6.385285281347008 274.19659489148876 -6.366842514731032 41.80039242761384 138.79763648177166 16000.0 16600.0 2016.0 2 258 {-999.0 19.122204 16.516468 14.9747505 -999.0} sdss_psfmag_ps1 17.665186 15.52096 14.180868 10.434 63050395546698626 1153960925 bright_1x1 mwm_galactic_core_dist_apogee_sparse mwm_galactic science 0 0 0.0 0.0 -999 ""
FIBERMAP 1103 R-2C9 BOSS 0 0 0 1 0 0 -78.21336095394756 -39.88390034974073 143.1 -87.76837314829464 1.5842092476005176 345.40356 130.2781 -999.0 -999.0 -999.0 -999.0 -999.0 274.18322397786756 -6.388777763221272 274.1963923676808 -6.370144196622955 41.797763253296985 138.8003290208478 -999.0 5400.0 -999.0 1 449 {-999.0 -999.0 -999.0 -999.0 -999.0} "" -999.0 -999.0 -999.0 -999.0 -999 -999 "" "" "" "" 0 0 0.0 0.0 -999 ""
FIBERMAP 1103 R-2C9 METROLOGY 0 0 0 1 0 0 -78.9545597937929 -39.83397752183102 143.1 -88.39892162094321 1.9767840138462343 345.40356 130.2781 -999.0 -999.0 -999.0 -999.0 -999.0 274.18031679237345 -6.386926277117951 274.1935179919574 -6.36835501227758 41.80084084507129 138.80217313883102 -999.0 6231.0 -999.0 -1 -999 {-999.0 -999.0 -999.0 -999.0 -999.0} "" -999.0 -999.0 -999.0 -999.0 -999 -999 "" "" "" "" 0 0 0.0 0.0 -999 ""
FIBERMAP 1104 R-13C7 APOGEE 1 1 0 1 0 0 3.809664046362001 -236.31016489118147 143.1 -107.75524195469794 -210.30798961981156 122.68892 18.554457 274.09059417415 -7.348616141985144 -2.6098323 -5.6254516 -0.13567404 274.09058660772786 -7.348632317325609 274.10629865647866 -7.330005968829687 41.04773850100355 139.60803320698906 16000.0 16600.0 2016.0 2 299 {-999.0 20.71507 17.835709 15.852711 -999.0} sdss_psfmag_ps1 18.948927 16.310051 14.8257 10.659 63050395546252737 1153959240 bright_1x1 mwm_galactic_core_dist_apogee_sparse mwm_galactic science 0 0 0.0 0.0 -999 ""
FIBERMAP 1104 R-13C7 BOSS 0 0 0 1 0 0 4.387879679201671 -236.77814034321426 143.1 -107.46508253001593 -210.9928105708253 122.68892 18.554457 -999.0 -999.0 -999.0 -999.0 -999.0 274.09202832326514 -7.3519418007423365 274.10761823655855 -7.333114302747483 41.044422250975 139.60884748305938 -999.0 5400.0 -999.0 1 416 {-999.0 -999.0 -999.0 -999.0 -999.0} "" -999.0 -999.0 -999.0 -999.0 -999 -999 "" "" "" "" 0 0 0.0 0.0 -999 ""
FIBERMAP 1104 R-13C7 METROLOGY 0 0 0 1 0 0 3.6931881273799227 -237.04762347752123 143.1 -108.20478346536893 -210.90394341563527 122.68892 18.554457 -999.0 -999.0 -999.0 -999.0 -999.0 274.08862321420065 -7.351452000126341 274.1042500420202 -7.332689334359933 41.04661258897356 139.61223909996966 -999.0 6231.0 -999.0 -1 -999 {-999.0 -999.0 -999.0 -999.0 -999.0} "" -999.0 -999.0 -999.0 -999.0 -999 -999 "" "" "" "" 0 0 0.0 0.0 -999 ""
FIBERMAP 1105 R-7C6 APOGEE 0 0 0 1 0 0 -79.52962260267182 -131.94848955349607 143.1 -132.22007112759343 -79.03330693653326 85.8145 20.170471 -999.0 -999.0 -999.0 -999.0 -999.0 273.97902607589845 -6.754437773178461 273.9933073394121 -6.736377428259585 41.60497581049655 139.29728011625886 -999.0 16600.0 -999.0 2 -999 {-999.0 -999.0 -999.0 -999.0 -999.0} "" -999.0 -999.0 -999.0 -999.0 -999 -999 "" "" "" "" 0 0 0.0 0.0 -999 ""
FIBERMAP 1105 R-7C6 BOSS 1 1 0 1 0 0 -79.31533496681391 -132.66508012492642 143.1 -132.36793925189113 -79.76637743610668 85.8145 20.170471 273.97842407226557 -6.757984215590113 -999.0 -999.0 -999.0 273.97842407226557 -6.757984215590115 273.99258660461163 -6.739732330581612 41.602573916873524 139.30055552039337 5400.0 5400.0 2015.5 1 437 {-999.0 -999.0 -999.0 -999.0 -999.0} "" -999.0 -999.0 -999.0 -999.0 27021603148789241 820564388 "" ops_sky_boss_good ops_sky sky_boss 0 0 0.0 0.0 -999 ""
FIBERMAP 1105 R-7C6 METROLOGY 0 0 0 1 0 0 -80.04263703558203 -132.49022581048615 143.1 -132.92748062668946 -79.27009944293374 85.8145 20.170471 -999.0 -999.0 -999.0 -999.0 -999.0 273.9758475128312 -6.755655345712896 273.9900414864404 -6.737465694579029 41.60585928661911 139.3017000857481 -999.0 6231.0 -999.0 -1 -999 {-999.0 -999.0 -999.0 -999.0 -999.0} "" -999.0 -999.0 -999.0 -999.0 -999 -999 "" "" "" "" 0 0 0.0 0.0 -999 ""
FIBERMAP 1106 R-10C9 APOGEE 0 0 0 1 0 0 -3.6801249587627205 -187.3615517031728 143.1 -91.34769812476856 -163.59463204609045 44.84446 168.40378 -999.0 -999.0 -999.0 -999.0 -999.0 274.1653525558454 -7.138801094775997 274.1805148244382 -7.120069565646748 41.18245106265037 139.3730284691253 -999.0 16600.0 -999.0 2 -999 {-999.0 -999.0 -999.0 -999.0 -999.0} "" -999.0 -999.0 -999.0 -999.0 -999 -999 "" "" "" "" 0 0 0.0 0.0 -999 ""
FIBERMAP 1106 R-10C9 BOSS 1 1 0 1 0 0 -3.071099858900191 -186.92711517299708 143.1 -90.60602427530061 -163.49766500238073 44.84446 168.40378 274.1688440730922 -7.138614937713995 0.20921664 -3.9939933 0.31428182 274.16884467937024 -7.138626421983421 274.1838755219597 -7.119691130007389 41.1809265241213 139.36905576603718 5400.0 5400.0 2016.0 1 371 {-999.0 18.318027 15.742098 14.494874 -999.0} sdss_psfmag_ps1 16.912615 15.030564 13.750464 10.257 63050395546485837 1093371810 bright_3x1 mwm_astar_core_boss mwm_ob science 0 0 0.0 0.0 -999 ""
FIBERMAP 1106 R-10C9 METROLOGY 0 0 0 1 0 0 -3.005736490889412 -187.68071024514103 143.1 -90.90270110019601 -164.1933611489578 44.84446 168.40378 -999.0 -999.0 -999.0 -999.0 -999.0 274.1674565591595 -7.14169625140997 274.1825322538848 -7.122818406135287 41.179053967809644 139.37282548790816 -999.0 6231.0 -999.0 -1 -999 {-999.0 -999.0 -999.0 -999.0 -999.0} "" -999.0 -999.0 -999.0 -999.0 -999 -999 "" "" "" "" 0 0 0.0 0.0 -999 ""
FIBERMAP 1107 R-13C5 APOGEE 1 1 0 1 0 0 -55.685108944445396 -239.9837562108968 143.1 -161.97993887390027 -185.57411524542894 82.65175 122.62553 273.8433849838207 -7.235117696999494 -1.7323352 -2.3665855 0.4909371 273.8436771488782 -7.235124501844518 273.8592037433763 -7.217210641951753 41.27645079601646 139.7981717451491 16000.0 16600.0 2016.0 2 283 {-999.0 18.663874 18.721691 12.418975 -999.0} sdss_psfmag_gaia 16.33955 12.808859 11.300427 6.521 63050395546481201 1154743418 bright_1x1 mwm_galactic_core_dist_apogee_sparse mwm_galactic science 0 0 1.0613515377044678 0.0 -999 ""
FIBERMAP 1107 R-13C5 BOSS 0 0 0 1 0 0 -55.02745839102137 -239.64148384997137 143.1 -161.2386957093561 -185.58133698221525 82.65175 122.62553 -999.0 -999.0 -999.0 -999.0 -999.0 273.84715326969064 -7.235406756325914 273.86255094054286 -7.217288941906116 41.27456842099118 139.79453029568836 -999.0 5400.0 -999.0 1 414 {-999.0 -999.0 -999.0 -999.0 -999.0} "" -999.0 -999.0 -999.0 -999.0 -999 -999 "" "" "" "" 0 0 0.0 0.0 -999 ""
FIBERMAP 1107 R-13C5 METROLOGY 0 0 0 1 0 0 -55.05196052204747 -240.3787947609913 143.1 -161.60701145886546 -186.22040802329872 82.65175 122.62553 -999.0 -999.0 -999.0 -999.0 -999.0 273.84545697014937 -7.238201725054622 273.86089856822264 -7.220142311850323 41.27307690976619 139.79843323520197 -999.0 6231.0 -999.0 -1 -999 {-999.0 -999.0 -999.0 -999.0 -999.0} "" -999.0 -999.0 -999.0 -999.0 -999 -999 "" "" "" "" 0 0 0.0 0.0 -999 ""
FIBERMAP 1108 R-9C7 APOGEE 1 1 0 1 0 0 -71.06383821138174 -176.91237084106646 143.1 -145.89272602298215 -122.68952421135884 201.2535 103.561554 273.9165070068761 -6.951987889985746 -0.43354794 -5.1288853 0.19297293 273.91650575102557 -6.952002637506867 273.93130128554884 -6.9340212295860155 41.473981134230435 139.51143254252045 16000.0 16600.0 2016.0 2 178 {-999.0 18.2282 15.861176 14.715865 -999.0} sdss_psfmag_ps1 16.985233 15.2848215 14.040258 10.688 63050395546504146 1153960469 bright_1x1 mwm_galactic_core_dist_apogee_sparse mwm_galactic science 0 0 0.0 0.0 -999 ""
FIBERMAP 1108 R-9C7 BOSS 0 0 0 1 0 0 -71.50136842046383 -176.31083937855934 143.1 -145.99594651219516 -121.95300794011925 201.2535 103.561554 -999.0 -999.0 -999.0 -999.0 -999.0 273.91612263532016 -6.948891315541069 273.9307826973968 -6.930719599181424 41.47702166232972 139.50958267373773 -999.0 5400.0 -999.0 1 390 {-999.0 -999.0 -999.0 -999.0 -999.0} "" -999.0 -999.0 -999.0 -999.0 -999 -999 "" "" "" "" 0 0 0.0 0.0 -999 ""
FIBERMAP 1108 R-9C7 METROLOGY 0 0 0 1 0 0 -70.75547631405232 -176.2405812952077 143.1 -145.3047457758886 -122.24174368180684 201.2535 103.561554 -999.0 -999.0 -999.0 -999.0 -999.0 273.9192425928921 -6.950161469670942 273.9339408262575 -6.93203544538171 41.4741983562002 139.50705417934702 -999.0 6231.0 -999.0 -1 -999 {-999.0 -999.0 -999.0 -999.0 -999.0} "" -999.0 -999.0 -999.0 -999.0 -999 -999 "" "" "" "" 0 0 0.0 0.0 -999 ""
FIBERMAP 1109 R+8C19 APOGEE 1 1 0 1 0 0 215.94419000163487 165.31230348299707 143.1 268.27848610347684 44.32872730842874 69.43541 77.87911 275.8062744140625 -6.198376812893159 -999.0 -999.0 -999.0 275.8062744140625 -6.198376812893159 275.81846193565764 -6.17567520513083 41.04234078353282 136.88306415331974 16000.0 16600.0 2015.5 2 60 {-999.0 -999.0 -999.0 -999.0 -999.0} "" -999.0 -999.0 -999.0 -999.0 27021603148792681 848999857 "" ops_sky_apogee_good ops_sky sky_apogee 0 0 0.0 0.0 -999 ""
FIBERMAP 1109 R+8C19 BOSS 0 0 0 1 0 0 216.58948660025368 164.9280696582592 143.1 268.6672134464166 43.68625619427496 69.43541 77.87911 -999.0 -999.0 -999.0 -999.0 -999.0 275.8081591891528 -6.201477995599026 275.820217319124 -6.178578724655457 41.038962717621075 136.88340153503785 -999.0 5400.0 -999.0 1 168 {-999.0 -999.0 -999.0 -999.0 -999.0} "" -999.0 -999.0 -999.0 -999.0 -999 -999 "" "" "" "" 0 0 0.0 0.0 -999 ""
FIBERMAP 1109 R+8C19 METROLOGY 0 0 0 1 0 0 215.9294229918518 164.56593569264243 143.1 267.9145017921262 43.67708699951159 69.43541 77.87911 -999.0 -999.0 -999.0 -999.0 -999.0 275.804749880724 -6.201455283871177 275.8168479605895 -6.178619345065408 41.0408659779746 136.8870566352781 -999.0 6231.0 -999.0 -1 -999 {-999.0 -999.0 -999.0 -999.0 -999.0} "" -999.0 -999.0 -999.0 -999.0 -999 -999 "" "" "" "" 0 0 0.0 0.0 -999 ""
FIBERMAP 1111 R+8C16 APOGEE 0 0 0 1 0 0 146.30949404126824 150.4129730716606 143.1 199.8279470829266 63.925128697910985 339.27335 117.31707 -999.0 -999.0 -999.0 -999.0 -999.0 275.4978974106757 -6.108601487195118 275.5099874518296 -6.086765103790742 41.29183498377636 137.14783947920955 -999.0 16600.0 -999.0 2 -999 {-999.0 -999.0 -999.0 -999.0 -999.0} "" -999.0 -999.0 -999.0 -999.0 -999 -999 "" "" "" "" 0 0 0.0 0.0 -999 ""
FIBERMAP 1111 R+8C16 BOSS 1 1 0 1 0 0 146.4193937182138 149.6806425461054 143.1 199.58056737520934 63.22725438791506 339.27335 117.31707 275.4969625076489 -6.111947207832049 -0.20561613 3.1142457 -1.9896544 275.49696191304344 -6.111938253175992 275.5089261829334 -6.089912845688454 41.289866808453176 137.15139778862493 5400.0 5400.0 2016.0 1 202 {-999.0 17.377281 16.07381 15.421438 -999.0} sdss_psfmag_ps1 16.747988 15.914043 14.81094 12.835 63050395547026049 1093371884 bright_3x1 mwm_astar_core_boss mwm_ob science 0 0 0.0 0.0 -999 ""
FIBERMAP 1111 R+8C16 METROLOGY 0 0 0 1 0 0 145.7188631051842 149.95710348740184 143.1 199.09242580770646 63.80060021041821 339.27335 117.31707 -999.0 -999.0 -999.0 -999.0 -999.0 275.4947013706775 -6.109279254659894 275.5066980868104 -6.0873149491188645 41.29326625758518 137.15182164073056 -999.0 6231.0 -999.0 -1 -999 {-999.0 -999.0 -999.0 -999.0 -999.0} "" -999.0 -999.0 -999.0 -999.0 -999 -999 "" "" "" "" 0 0 0.0 0.0 -999 ""
FIBERMAP 1112 R-6C10 APOGEE 0 0 0 1 0 0 -6.4475874463658975 -121.20912841955344 143.1 -62.683734895111265 -103.92139845683576 9.129724 88.75912 -999.0 -999.0 -999.0 -999.0 -999.0 274.29680406493935 -6.869147261696309 274.31124658333374 -6.850185259104516 41.335389728460406 139.03054208229392 -999.0 16600.0 -999.0 2 -999 {-999.0 -999.0 -999.0 -999.0 -999.0} "" -999.0 -999.0 -999.0 -999.0 -999 -999 "" "" "" "" 0 0 0.0 0.0 -999 ""
FIBERMAP 1112 R-6C10 BOSS 1 1 0 1 0 0 -6.335292431006053 -121.95393431044819 143.1 -62.9348671084181 -104.63140717285867 9.129724 88.75912 274.295750195841 -6.872599559781255 -0.3766584 -2.3395936 0.1456083 274.2957491049646 -6.872606287014355 274.31007090695397 -6.8534526400657745 41.33332051102761 139.03425121984648 5400.0 5400.0 2016.0 1 367 {-999.0 18.988852 16.509272 15.2898855 -999.0} sdss_psfmag_ps1 17.659344 15.9001875 14.646968 11.25 63050395546593714 1093371815 bright_3x1 mwm_astar_core_boss mwm_ob science 0 0 0.0 0.0 -999 ""
FIBERMAP 1112 R-6C10 METROLOGY 0 0 0 1 0 0 -7.0255046266406715 -121.68101157591214 143.1 -63.415567577340454 -104.06603529764733 9.129724 88.75912 -999.0 -999.0 -999.0 -999.0 -999.0 274.2935204477358 -6.8699652537277345 274.307873329412 -6.850873448788774 41.33667707777215 139.03476068879687 -999.0 6231.0 -999.0 -1 -999 {-999.0 -999.0 -999.0 -999.0 -999.0} "" -999.0 -999.0 -999.0 -999.0 -999 -999 "" "" "" "" 0 0 0.0 0.0 -999 ""
FIBERMAP 1113 R-3C16 APOGEE 1 1 0 1 0 0 81.82973046052348 -49.68970335631136 143.1 48.84045794732687 -82.3231187204331 30.39447 148.42546 274.8079379832072 -6.772435559090217 1.3272924 -3.4397345 0.05306641 274.8082983549644 -6.772445449651976 274.8223005180224 -6.7521576967576715 41.1331404169545 138.3980788912315 16000.0 16600.0 2016.0 2 235 {-999.0 19.792692 15.645732 18.10145 -999.0} sdss_psfmag_ps1 17.31823 13.197758 11.309163 5.824 63050395546440881 1153960148 bright_1x1 mwm_galactic_core_dist_apogee_sparse mwm_galactic science 0 0 1.2745466232299805 0.0 -999 ""
FIBERMAP 1113 R-3C16 BOSS 0 0 0 1 0 0 82.56958086919234 -49.69677049965077 143.1 49.4899680150389 -82.67724420502962 30.39447 148.42546 -999.0 -999.0 -999.0 -999.0 -999.0 274.8114269714109 -6.77429488818567 274.8253002071765 -6.7538047384214455 41.13010356188585 138.3960375997063 -999.0 5400.0 -999.0 1 282 {-999.0 -999.0 -999.0 -999.0 -999.0} "" -999.0 -999.0 -999.0 -999.0 -999 -999 "" "" "" "" 0 0 0.0 0.0 -999 ""
FIBERMAP 1113 R-3C16 METROLOGY 0 0 0 1 0 0 82.19975653110703 -50.33608977030107 143.1 48.863022256197766 -83.06747281339499 30.39447 148.42546 -999.0 -999.0 -999.0 -999.0 -999.0 274.808506540649 -6.776002873024186 274.82242264488946 -6.755574517274737 41.13024650797927 138.40049607322413 -999.0 6231.0 -999.0 -1 -999 {-999.0 -999.0 -999.0 -999.0 -999.0} "" -999.0 -999.0 -999.0 -999.0 -999 -999 "" "" "" "" 0 0 0.0 0.0 -999 ""
FIBERMAP 1114 R-8C15 APOGEE 1 1 0 1 0 0 114.09562618712162 -168.45489765395868 143.1 21.466110000598686 -202.2917269025598 280.61877 117.05905 274.6812349511324 -7.3155220673033545 2.0596123 -0.5879798 0.20189014 274.68124092191346 -7.31552375797175 274.6966371484644 -7.295330207566386 40.75274025421994 138.93728422815394 16000.0 16600.0 2016.0 2 203 {-999.0 18.184965 15.968084 14.924388 -999.0} sdss_psfmag_ps1 16.98016 16.071543 14.152221 10.979 63050395546352629 1153959759 bright_1x1 mwm_galactic_core_dist_apogee_sparse mwm_galactic science 0 0 0.0 0.0 -999 ""
FIBERMAP 1114 R-8C15 BOSS 0 0 0 1 0 0 113.5337306475938 -168.91974738257335 143.1 20.75172180988641 -202.43769118258032 280.61877 117.05905 -999.0 -999.0 -999.0 -999.0 -999.0 274.6781076428751 -7.316420964155335 274.6933744247317 -7.296038785917365 40.75395383675207 138.941353659819 -999.0 5400.0 -999.0 1 318 {-999.0 -999.0 -999.0 -999.0 -999.0} "" -999.0 -999.0 -999.0 -999.0 -999 -999 "" "" "" "" 0 0 0.0 0.0 -999 ""
FIBERMAP 1114 R-8C15 METROLOGY 0 0 0 1 0 0 113.40006713382328 -168.18603579226777 143.1 20.97878205526457 -201.7274241036805 280.61877 117.05905 -999.0 -999.0 -999.0 -999.0 -999.0 274.67911821497256 -7.313160612233055 274.69441418279575 -7.292832950194455 40.756042363991504 138.93786617259158 -999.0 6231.0 -999.0 -1 -999 {-999.0 -999.0 -999.0 -999.0 -999.0} "" -999.0 -999.0 -999.0 -999.0 -999 -999 "" "" "" "" 0 0 0.0 0.0 -999 ""
FIBERMAP 1115 R-5C21 APOGEE 0 0 0 1 0 0 223.20436421050928 -109.22535085230432 143.1 145.5927444162672 -201.3331237352284 332.12476 93.457344 -999.0 -999.0 -999.0 -999.0 -999.0 275.24778082285843 -7.310272606754234 275.26293532232785 -7.28856312201356 40.443610823990255 138.31952832553657 -999.0 16600.0 -999.0 2 -999 {-999.0 -999.0 -999.0 -999.0 -999.0} "" -999.0 -999.0 -999.0 -999.0 -999 -999 "" "" "" "" 0 0 0.0 0.0 -999 ""
FIBERMAP 1115 R-5C21 BOSS 1 0 0 1 0 0 222.9335878856349 -109.90003048984694 143.1 145.03657015966823 -201.8011277789335 332.12476 93.457344 275.13810840990806 -7.201434719352591 -10.669326 -20.37534 1.7246042 275.24538621619655 -7.312602890047399 275.26041144692715 -7.290701076412597 40.44325612081322 138.32382896047716 5400.0 5400.0 2016.0 1 321 {-999.0 22.33081 19.685768 18.00561 -999.0} sdss_psfmag_ps1 20.868074 18.62653 17.311604 14.236 63050395546327908 1094405297 bright_1x1 mwm_bin_vis_boss mwm_filler science 0 0 0.0 0.0 -999 ""
FIBERMAP 1115 R-5C21 METROLOGY 0 0 0 1 0 0 222.46410940489056 -109.31854314420752 143.1 144.89573391843416 -201.06727555221943 332.12476 93.457344 -999.0 -999.0 -999.0 -999.0 -999.0 275.2447295188799 -7.309251339387737 275.25978529064525 -7.287408861811024 40.446325561181325 138.32206458076536 -999.0 6231.0 -999.0 -1 -999 {-999.0 -999.0 -999.0 -999.0 -999.0} "" -999.0 -999.0 -999.0 -999.0 -999 -999 "" "" "" "" 0 0 0.0 0.0 -999 ""
FIBERMAP 1118 R-13C4 APOGEE 1 1 0 1 0 0 -84.35597001094818 -235.39426314415343 143.1 -185.12063294288748 -168.04291465733067 143.7993 76.60476 273.73855046180364 -7.155095463513303 -4.5234146 -5.5130186 -0.24910341 273.7385373531615 -7.15511131556558 273.75390575071077 -7.137514976957918 41.40029917762656 139.856646362575 16000.0 16600.0 2016.0 2 279 {-999.0 20.772978 17.847174 15.778544 -999.0} sdss_psfmag_ps1 19.156797 16.252232 14.783767 10.427 63050395546492330 1153960248 bright_1x1 mwm_galactic_core_dist_apogee_sparse mwm_galactic science 0 0 0.0 0.0 -999 ""
FIBERMAP 1118 R-13C4 BOSS 0 0 0 1 0 0 -83.81545442556644 -234.896645834931 143.1 -184.4097022677067 -167.85798354695328 143.7993 76.60476 -999.0 -999.0 -999.0 -999.0 -999.0 273.7418656789308 -7.15452413084028 273.75710391156395 -7.136725333128372 41.39922668693849 139.85252796321276 -999.0 5400.0 -999.0 1 413 {-999.0 -999.0 -999.0 -999.0 -999.0} "" -999.0 -999.0 -999.0 -999.0 -999 -999 "" "" "" "" 0 0 0.0 0.0 -999 ""
FIBERMAP 1118 R-13C4 METROLOGY 0 0 0 1 0 0 -83.64702983577608 -235.62070870262136 143.1 -184.60155286502595 -168.5760819505558 143.7993 76.60476 -999.0 -999.0 -999.0 -999.0 -999.0 273.74097379393 -7.157687369096362 273.7562563384224 -7.139944445927772 41.39699007015545 139.85581169276477 -999.0 6231.0 -999.0 -1 -999 {-999.0 -999.0 -999.0 -999.0 -999.0} "" -999.0 -999.0 -999.0 -999.0 -999 -999 "" "" "" "" 0 0 0.0 0.0 -999 ""
FIBERMAP 1121 R-3C7 APOGEE 1 1 0 1 0 0 -141.62685155850662 -55.75996539684951 143.1 -151.18868809399584 17.39344367276098 211.19215 72.36567 273.89383728336156 -6.315610828608923 -3.0562084 -6.693457 0.10675947 273.8938284419262 -6.3156300748768315 273.90705402108034 -6.29799199197191 42.017575333597 139.0676732582709 16000.0 16600.0 2016.0 2 254 {-999.0 19.095905 16.259785 14.116576 -999.0} sdss_psfmag_ps1 17.613157 14.4768715 12.992088 8.708 63050395546690434 1153961127 bright_1x1 mwm_galactic_core_dist_apogee_sparse mwm_galactic science 0 0 0.0 0.0 -999 ""
FIBERMAP 1121 R-3C7 BOSS 0 0 0 1 0 0 -141.78156780772684 -55.03580551367354 143.1 -150.98469583972772 18.10518179957298 211.19215 72.36567 -999.0 -999.0 -999.0 -999.0 -999.0 273.89483987035584 -6.312578792029821 273.907931212122 -6.294750886063539 42.0197897323847 139.06427833218328 -999.0 5400.0 -999.0 1 468 {-999.0 -999.0 -999.0 -999.0 -999.0} "" -999.0 -999.0 -999.0 -999.0 -999 -999 "" "" "" "" 0 0 0.0 0.0 -999 ""
FIBERMAP 1121 R-3C7 METROLOGY 0 0 0 1 0 0 -141.0726964642181 -55.25481667716557 143.1 -150.46218072603486 17.578606873215254 211.19215 72.36567 -999.0 -999.0 -999.0 -999.0 -999.0 273.8971845256037 -6.314929408743173 273.9103165784685 -6.297147596510116 42.01648067288148 139.06341029245556 -999.0 6231.0 -999.0 -1 -999 {-999.0 -999.0 -999.0 -999.0 -999.0} "" -999.0 -999.0 -999.0 -999.0 -999 -999 "" "" "" "" 0 0 0.0 0.0 -999 ""
FIBERMAP 1125 R0C22 APOGEE 0 0 0 1 0 0 176.75653368246535 -19.57866824120021 143.1 146.76116933595864 -100.38968984856551 310.89722 60.212826 -999.0 -999.0 -999.0 -999.0 -999.0 275.2557284997202 -6.854528660328121 275.26975472743186 -6.833005700670363 40.81555210500363 137.97281507992255 -999.0 16600.0 -999.0 2 -999 {-999.0 -999.0 -999.0 -999.0 -999.0} "" -999.0 -999.0 -999.0 -999.0 -999 -999 "" "" "" "" 0 0 0.0 0.0 -999 ""
FIBERMAP 1125 R0C22 BOSS 1 1 0 1 0 0 176.02804439280632 -19.71987764553807 143.1 146.05196213967426 -100.17174359598798 310.89722 60.212826 275.252421409848 -6.853765409408303 -0.51506776 -2.1921887 0.32764536 275.2526812040093 -6.853771712795498 275.26657198580597 -6.832062681788836 40.81812059774506 137.9755482382627 5400.0 5400.0 2016.0 1 244 {-999.0 14.810962 13.828639 13.275502 -999.0} sdss_psfmag_from_g3xp 14.474689 13.728024 12.865308 11.404 63050395546896743 1093174714 bright_3x1 mwm_astar_core_boss mwm_ob science 0 0 0.9339072108268738 0.0 -999 ""
FIBERMAP 1125 R0C22 METROLOGY 0 0 0 1 0 0 176.26616301465205 -19.01635285935464 143.1 146.5928831700085 -99.66293083978165 310.89722 60.212826 -999.0 -999.0 -999.0 -999.0 -999.0 275.2551088337796 -6.851399375590324 275.26903093896317 -6.829740080022083 40.81864954394259 137.9711506952937 -999.0 6231.0 -999.0 -1 -999 {-999.0 -999.0 -999.0 -999.0 -999.0} "" -999.0 -999.0 -999.0 -999.0 -999 -999 "" "" "" "" 0 0 0.0 0.0 -999 ""
FIBERMAP 1126 R+3C12 APOGEE 1 1 0 1 0 0 -19.95316813242006 61.35118793312842 143.1 11.241930618640811 63.51768863983291 120.20601 149.07776 274.6374789540651 -6.1078162443413655 9.440658 1.7042258 3.3815174 274.63750625456555 -6.107811344034989 274.64993279589527 -6.08827637290642 41.77809230682817 138.087687081864 16000.0 16600.0 2016.0 2 14 {-999.0 9.595766 9.029643 8.71037 -999.0} sdss_psfmag_from_g3xp 9.463012 9.001421 8.3503895 7.307 63050395547466365 975043024 "" ops_std_apogee ops_std standard_apogee 0 0 0.0 0.0 -999 ""
FIBERMAP 1126 R+3C12 BOSS 0 0 0 1 0 0 -19.955850497451785 62.08320336980199 143.1 11.583769150382572 64.16486961851353 120.20601 149.07776 -999.0 -999.0 -999.0 -999.0 -999.0 274.6392151745351 -6.10502361195191 274.65150375385304 -6.085297099666266 41.779668224057936 138.08370170341934 -999.0 5400.0 -999.0 1 114 {-999.0 -999.0 -999.0 -999.0 -999.0} "" -999.0 -999.0 -999.0 -999.0 -999 -999 "" "" "" "" 0 0 0.0 0.0 -999 ""
FIBERMAP 1126 R+3C12 METROLOGY 0 0 0 1 0 0 -19.30690563602142 61.72149620590156 143.1 11.986308064537859 63.54056022781879 120.20601 149.07776 -999.0 -999.0 -999.0 -999.0 -999.0 274.6410152051624 -6.107823800115469 274.65334676364193 -6.088144620742613 41.77628332189721 138.0838310863629 -999.0 6231.0 -999.0 -1 -999 {-999.0 -999.0 -999.0 -999.0 -999.0} "" -999.0 -999.0 -999.0 -999.0 -999 -999 "" "" "" "" 0 0 0.0 0.0 -999 ""
FIBERMAP 1127 R-13C6 APOGEE 1 1 0 1 0 0 -18.782748262836865 -242.00254569497494 143.1 -130.3671041463966 -204.70754796828865 71.00106 76.14655 273.98757892436174 -7.322529721545664 -4.4988065 -8.112356 0.04355192 273.9875658821925 -7.322553047694903 274.0032535032634 -7.304214416531282 41.12539338561687 139.70260588101792 16000.0 16600.0 2016.0 2 274 {-999.0 19.505053 16.775867 15.414722 -999.0} sdss_psfmag_ps1 18.019838 15.990614 14.672929 10.97 63050395546477405 1153960383 bright_1x1 mwm_galactic_core_dist_apogee_sparse mwm_galactic science 0 0 0.0 0.0 -999 ""
FIBERMAP 1127 R-13C6 BOSS 0 0 0 1 0 0 -18.161650620366075 -242.42379100697843 143.1 -130.01713300308197 -205.37129873838498 71.00106 76.14655 -999.0 -999.0 -999.0 -999.0 -999.0 273.98927883850837 -7.325766832475981 274.00484459772156 -7.307226739009289 41.12200892364837 139.70304639644704 -999.0 5400.0 -999.0 1 415 {-999.0 -999.0 -999.0 -999.0 -999.0} "" -999.0 -999.0 -999.0 -999.0 -999 -999 "" "" "" "" 0 0 0.0 0.0 -999 ""
FIBERMAP 1127 R-13C6 METROLOGY 0 0 0 1 0 0 -18.83335033729586 -242.75611787545898 143.1 -130.7660964132679 -205.34869510264988 71.00106 76.14655 -999.0 -999.0 -999.0 -999.0 -999.0 273.98583776098326 -7.325571231737131 274.0014409973004 -7.307095826931972 41.123969348329915 139.70669904564363 -999.0 6231.0 -999.0 -1 -999 {-999.0 -999.0 -999.0 -999.0 -999.0} "" -999.0 -999.0 -999.0 -999.0 -999 -999 "" "" "" "" 0 0 0.0 0.0 -999 ""
FIBERMAP 1129 R-8C8 APOGEE 0 0 0 1 0 0 -39.065602216563114 -174.17732364738478 143.1 -116.3718886767036 -135.3222429899099 336.60425 58.16132 -999.0 -999.0 -999.0 -999.0 -999.0 274.05110331355945 -7.010173636189286 274.06599105940757 -6.991805911613422 41.35212756914554 139.40504803143273 -999.0 16600.0 -999.0 2 -999 {-999.0 -999.0 -999.0 -999.0 -999.0} "" -999.0 -999.0 -999.0 -999.0 -999 -999 "" "" "" "" 0 0 0.0 0.0 -999 ""
FIBERMAP 1129 R-8C8 BOSS 1 1 0 1 0 0 -39.671283475928966 -174.6078340040843 143.1 -117.1087658205431 -135.41731796320386 336.60425 58.16132 274.0478140207121 -7.010812148465331 5.931956 -1.3460044 2.4059987 274.04783120586166 -7.01081601874614 274.0625935680735 -6.992263224583518 41.353604927837864 139.40913203467215 5400.0 5400.0 2016.0 1 389 {-999.0 18.46789 16.60007 15.571939 -999.0} sdss_psfmag_ps1 17.58559 16.237461 15.094497 12.493 63050395546597849 917200767 bright_5x1 mwm_yso_pms_boss_sagitta_edr3 mwm_yso science 0 0 0.0 0.0 -999 ""
FIBERMAP 1129 R-8C8 METROLOGY 0 0 0 1 0 0 -39.74105655883098 -173.86042711533796 143.1 -116.8188898465958 -134.72500866017512 336.60425 58.16132 -999.0 -999.0 -999.0 -999.0 -999.0 274.0491262670515 -7.007628492705741 274.0639162238765 -6.989128631465803 41.35549658632241 139.4053708787013 -999.0 6231.0 -999.0 -1 -999 {-999.0 -999.0 -999.0 -999.0 -999.0} "" -999.0 -999.0 -999.0 -999.0 -999 -999 "" "" "" "" 0 0 0.0 0.0 -999 ""
FIBERMAP 1130 R-3C13 APOGEE 1 1 0 1 0 0 14.841327584195884 -48.30043955661992 143.1 -9.615872337071098 -49.598230139402496 48.82788 135.67096 274.54063483979104 -6.622881183276661 -2.1622193 -5.4995914 0.11820209 274.5406285808099 -6.622896996720545 274.5543661563631 -6.603392738410217 41.40560046062229 138.5800887019342 16000.0 16600.0 2016.0 2 174 {-999.0 19.271568 16.884869 14.948939 -999.0} sdss_psfmag_ps1 17.939127 15.556744 14.102503 10.236 63050395546626685 1153960712 bright_1x1 mwm_galactic_core_dist_apogee_sparse mwm_galactic science 0 0 0.0 0.0 -999 ""
FIBERMAP 1130 R-3C13 BOSS 0 0 0 1 0 0 15.578972113862685 -48.25047707075781 143.1 -8.941492457346298 -49.900996275709254 48.82788 135.67096 -999.0 -999.0 -999.0 -999.0 -999.0 274.5438431039975 -6.6245043610041785 274.5574529336842 -6.6047990950027256 41.40271811513495 138.57775193916606 -999.0 5400.0 -999.0 1 364 {-999.0 -999.0 -999.0 -999.0 -999.0} "" -999.0 -999.0 -999.0 -999.0 -999 -999 "" "" "" "" 0 0 0.0 0.0 -999 ""
FIBERMAP 1130 R-3C13 METROLOGY 0 0 0 1 0 0 15.25234517903818 -48.921603968047314 143.1 -9.545277917703723 -50.33960357999297 48.82788 135.67096 -999.0 -999.0 -999.0 -999.0 -999.0 274.5410328137976 -6.626434539416983 274.5546854948374 -6.606790249569888 41.402608029131756 138.58227496220817 -999.0 6231.0 -999.0 -1 -999 {-999.0 -999.0 -999.0 -999.0 -999.0} "" -999.0 -999.0 -999.0 -999.0 -999 -999 "" "" "" "" 0 0 0.0 0.0 -999 ""
FIBERMAP 1131 R-8C19 APOGEE 1 1 0 1 0 0 190.24119768474444 -141.84912731626903 143.1 101.16630613241998 -214.62005556980995 161.51138 80.6981 275.045160939108 -7.370687538369013 -13.781022 -9.682817 0.23630415 275.045120983199 -7.37071538019787 275.06050724166204 -7.34952138529864 40.50610100340613 138.582851195116 16000.0 16600.0 2016.0 2 185 {-999.0 17.73087 15.753741 13.683451 -999.0} sdss_psfmag_gaia 16.383966 14.419039 13.121151 9.442 63050395546291941 1154743391 bright_1x1 mwm_galactic_core_dist_apogee_sparse mwm_galactic science 0 0 0.0 0.0 -999 ""
FIBERMAP 1131 R-8C19 BOSS 0 0 0 1 0 0 190.57783471992863 -141.18099437823773 143.1 101.77751655084074 -214.18879700118234 161.51138 80.6981 -999.0 -999.0 -999.0 -999.0 -999.0 275.04806775113906 -7.368998558377891 275.0633134782912 -7.347599778357394 40.506130764700046 138.5784031970074 -999.0 5400.0 -999.0 1 331 {-999.0 -999.0 -999.0 -999.0 -999.0} "" -999.0 -999.0 -999.0 -999.0 -999 -999 "" "" "" "" 0 0 0.0 0.0 -999 ""
FIBERMAP 1131 R-8C19 METROLOGY 0 0 0 1 0 0 190.99451636355644 -141.78882788191424 143.1 101.85937725066391 -214.9210707709272 161.51138 80.6981 -999.0 -999.0 -999.0 -999.0 -999.0 275.0483789263873 -7.372220163849394 275.06367075606863 -7.350875077783273 40.50322048378631 138.5804336088711 -999.0 6231.0 -999.0 -1 -999 {-999.0 -999.0 -999.0 -999.0 -999.0} "" -999.0 -999.0 -999.0 -999.0 -999 -999 "" "" "" "" 0 0 0.0 0.0 -999 ""
FIBERMAP 1132 R+2C1 APOGEE 1 1 0 1 0 0 -253.37519562454608 36.912103601542114 143.1 -206.21789354683472 151.7117840537725 12.776671 99.035675 273.64883430310465 -5.706839657719882 -2.908781 -5.4927535 -0.13603403 273.64882589757804 -5.7068554515023076 273.6606336702463 -5.690137367777398 42.65924201982131 138.88711957590183 16000.0 16600.0 2016.0 2 145 {-999.0 19.606121 17.142834 14.619282 -999.0} sdss_psfmag_ps1 18.356663 15.180559 13.682058 9.661 63050395556069286 1153970995 bright_1x1 mwm_galactic_core_dist_apogee_sparse mwm_galactic science 0 0 0.0 0.0 -999 ""
FIBERMAP 1132 R+2C1 BOSS 0 0 0 1 0 0 -253.13118281999397 36.22952211617295 143.1 -206.32354099984087 150.99474542147766 12.776671 99.035675 -999.0 -999.0 -999.0 -999.0 -999.0 273.6484231549819 -5.710260598325827 273.6601158771472 -5.693357996453066 42.65685060875282 138.89013544219765 -999.0 5400.0 -999.0 1 4 {-999.0 -999.0 -999.0 -999.0 -999.0} "" -999.0 -999.0 -999.0 -999.0 -999 -999 "" "" "" "" 0 0 0.0 0.0 -999 ""
FIBERMAP 1132 R+2C1 METROLOGY 0 0 0 1 0 0 -253.86581403928213 36.33743919563015 143.1 -206.9210244721991 151.43540526426963 12.776671 99.035675 -999.0 -999.0 -999.0 -999.0 -999.0 273.64572216519093 -5.708233535547419 273.65744591799967 -5.691391211736219 42.659962026105596 138.8916532239573 -999.0 6231.0 -999.0 -1 -999 {-999.0 -999.0 -999.0 -999.0 -999.0} "" -999.0 -999.0 -999.0 -999.0 -999 -999 "" "" "" "" 0 0 0.0 0.0 -999 ""
FIBERMAP 1135 R-2C11 APOGEE 1 1 0 1 0 0 -43.24471381322086 -52.254961099153256 143.1 -62.7296230561759 -25.774652687601915 279.82544 115.33528 274.29741971878883 -6.513586038265394 -2.7710493 -4.6498404 0.11542854 274.2974116991878 -6.5135994083477655 274.31097325258315 -6.494794570703354 41.630802535658596 138.76681591817257 16000.0 16600.0 2016.0 2 268 {-999.0 19.47175 16.666447 14.204258 -999.0} sdss_psfmag_ps1 17.941803 14.559343 13.049073 8.732 63050395546645494 1153960878 bright_1x1 mwm_galactic_core_dist_apogee_sparse mwm_galactic science 0 0 0.0 0.0 -999 ""
FIBERMAP 1135 R-2C11 BOSS 0 0 0 1 0 0 -43.8338583166333 -52.69854039846877 143.1 -63.45805363569366 -25.889035352384504 279.82544 115.33528 -999.0 -999.0 -999.0 -999.0 -999.0 274.2941674658174 -6.514313267007583 274.3076031725385 -6.495326288149719 41.632229007923364 138.7709309705575 -999.0 5400.0 -999.0 1 448 {-999.0 -999.0 -999.0 -999.0 -999.0} "" -999.0 -999.0 -999.0 -999.0 -999 -999 "" "" "" "" 0 0 0.0 0.0 -999 ""
FIBERMAP 1135 R-2C11 METROLOGY 0 0 0 1 0 0 -43.93026974268597 -51.955302296711324 143.1 -63.19364317571188 -25.187878749221102 279.82544 115.33528 -999.0 -999.0 -999.0 -999.0 -999.0 274.2953576807495 -6.511066913939977 274.3088214045547 -6.49213219604554 41.63420485544504 138.76720307161645 -999.0 6231.0 -999.0 -1 -999 {-999.0 -999.0 -999.0 -999.0 -999.0} "" -999.0 -999.0 -999.0 -999.0 -999 -999 "" "" "" "" 0 0 0.0 0.0 -999 ""
FIBERMAP 1137 R-1C6 APOGEE 0 0 0 1 0 0 -150.97057270832795 -23.071868197865832 143.1 -144.0629824951509 50.630509030755235 20.239075 81.733185 -999.0 -999.0 -999.0 -999.0 -999.0 273.9270026169524 -6.164623129474883 273.9398411962612 -6.146962734550936 42.12511732816583 138.91822559663714 -999.0 16600.0 -999.0 2 -999 {-999.0 -999.0 -999.0 -999.0 -999.0} "" -999.0 -999.0 -999.0 -999.0 -999 -999 "" "" "" "" 0 0 0.0 0.0 -999 ""
FIBERMAP 1137 R-1C6 BOSS 1 1 0 1 0 0 -150.8091244781651 -23.79329437768107 143.1 -144.25974911693655 49.918017598178096 20.239075 81.733185 273.926165384544 -6.1680173308779995 -1.4336318 -3.8330746 0.5957339 273.926161238298 -6.1680283524441135 273.93888257633796 -6.150181102138671 42.12297142525936 138.92170541930963 5400.0 5400.0 2016.0 1 484 {-999.0 17.099615 15.916368 15.369416 -999.0} sdss_psfmag_ps1 16.608356 15.764734 14.845093 13.234 63050395555956232 981888105 "" ops_std_boss_tic ops_std standard_boss 0 0 0.0 0.0 -999 ""
FIBERMAP 1137 R-1C6 METROLOGY 0 0 0 1 0 0 -151.52195698067123 -23.574498643346686 143.1 -144.7858607974939 50.4462650335656 20.239075 81.733185 -999.0 -999.0 -999.0 -999.0 -999.0 273.9237516879244 -6.165571459342412 273.93650348968436 -6.147784934395561 42.12627803697769 138.92256144345498 -999.0 6231.0 -999.0 -1 -999 {-999.0 -999.0 -999.0 -999.0 -999.0} "" -999.0 -999.0 -999.0 -999.0 -999 -999 "" "" "" "" 0 0 0.0 0.0 -999 ""
FIBERMAP 1140 R-5C12 APOGEE 1 1 0 1 0 0 25.08016433423716 -99.80132608731058 143.1 -24.797816651092223 -99.8563226734454 357.9453 108.59638 274.47047021359873 -6.8513522341184885 -2.70019 -1.2491463 0.15178882 274.4704623936697 -6.851355825895411 274.48479294266633 -6.831936978601707 41.254674857947265 138.8264657488374 16000.0 16600.0 2016.0 2 159 {-999.0 18.247469 15.870479 13.796569 -999.0} sdss_psfmag_ps1 17.107224 14.032665 12.557479 8.445 63050395546591482 1153960720 bright_1x1 mwm_galactic_core_dist_apogee_sparse mwm_galactic science 0 0 0.0 0.0 -999 ""
FIBERMAP 1140 R-5C12 BOSS 0 0 0 1 0 0 25.290519930815833 -100.51403898636282 143.1 -24.947331005382605 -100.58412266377121 357.9453 108.59638 -999.0 -999.0 -999.0 -999.0 -999.0 274.46988749701063 -6.854902856079075 274.48409642106583 -6.835290856792684 41.2522761929795 138.82971662989584 -999.0 5400.0 -999.0 1 387 {-999.0 -999.0 -999.0 -999.0 -999.0} "" -999.0 -999.0 -999.0 -999.0 -999 -999 "" "" "" "" 0 0 0.0 0.0 -999 ""
FIBERMAP 1140 R-5C12 METROLOGY 0 0 0 1 0 0 24.56218176009576 -100.35303059457567 143.1 -25.51429719648757 -100.09957491794766 357.9453 108.59638 -999.0 -999.0 -999.0 -999.0 -999.0 274.46725826569013 -6.8526280476654255 274.4814996166749 -6.833078847216981 41.25554999107609 138.83092343470662 -999.0 6231.0 -999.0 -1 -999 {-999.0 -999.0 -999.0 -999.0 -999.0} "" -999.0 -999.0 -999.0 -999.0 -999 -999 "" "" "" "" 0 0 0.0 0.0 -999 ""
FIBERMAP 1143 R-2C5 APOGEE 1 1 0 1 0 0 -187.45534658861894 -40.98034941233998 143.1 -184.6774673802676 51.984054269694106 133.6821 162.41653 273.74242138928304 -6.158023647170257 -0.65129447 -1.9270959 0.36177987 273.7424195056918 -6.158029188313375 273.75531149008776 -6.14086491979067 42.231951706098606 139.1196690684114 16000.0 16600.0 2016.0 2 249 {-999.0 15.975308 13.759911 12.6095495 -999.0} sdss_psfmag_from_g3xp 14.857341 13.284956 12.089819 9.011 63050395555959907 1152272099 bright_1x1 mwm_galactic_core_dist_apogee_sparse mwm_galactic science 0 0 0.0 0.0 -999 ""
FIBERMAP 1143 R-2C5 BOSS 0 0 0 1 0 0 -187.7934844292955 -40.317784468863316 143.1 -184.6642865783328 52.72768970215624 133.6821 162.41653 -999.0 -999.0 -999.0 -999.0 -999.0 273.74257389920257 -6.154827314698556 273.75533269883897 -6.137476887705602 42.23476169184789 139.11711248252846 -999.0 5400.0 -999.0 1 473 {-999.0 -999.0 -999.0 -999.0 -999.0} "" -999.0 -999.0 -999.0 -999.0 -999 -999 "" "" "" "" 0 0 0.0 0.0 -999 ""
FIBERMAP 1143 R-2C5 METROLOGY 0 0 0 1 0 0 -187.04177005344775 -40.35291344421844 143.1 -184.01750304391174 52.343224240616166 133.6821 162.41653 -999.0 -999.0 -999.0 -999.0 -999.0 273.7454711325331 -6.156528628547933 273.75826850650924 -6.139222745841848 42.23169190675953 139.11513449241966 -999.0 6231.0 -999.0 -1 -999 {-999.0 -999.0 -999.0 -999.0 -999.0} "" -999.0 -999.0 -999.0 -999.0 -999 -999 "" "" "" "" 0 0 0.0 0.0 -999 ""
FIBERMAP 1144 R+12C1 APOGEE 1 1 0 1 0 0 -171.4792634742184 219.56156034932312 143.1 -48.069416760094676 274.3702042582466 267.0533 62.019135 274.36983240561784 -5.155910696985657 1.4163226 -0.92384356 0.19192617 274.3701778969264 -5.155913353391809 274.38035195575145 -5.137506586930993 42.713469855421366 137.65834013995405 16000.0 16600.0 2016.0 2 129 {-999.0 18.116455 15.1036415 12.657112 -999.0} sdss_psfmag_ps1 16.161873 12.204694 10.597696 5.993 63050395556534470 1153971906 bright_1x1 mwm_galactic_core_dist_apogee_sparse mwm_galactic science 0 0 1.2240753173828125 0.0 -999 ""
FIBERMAP 1144 R+12C1 BOSS 0 0 0 1 0 0 -172.0775514753052 219.97223559313903 143.1 -48.40423122608735 275.0139026955635 267.0533 62.019135 -999.0 -999.0 -999.0 -999.0 -999.0 274.3688027184441 -5.153240436400476 274.3788444786952 -5.1346567190935435 42.71666788381295 137.65781536062076 -999.0 5400.0 -999.0 1 8 {-999.0 -999.0 -999.0 -999.0 -999.0} "" -999.0 -999.0 -999.0 -999.0 -999 -999 "" "" "" "" 0 0 0.0 0.0 -999 ""
FIBERMAP 1144 R+12C1 METROLOGY 0 0 0 1 0 0 -171.42068919280854 220.30231176193723 143.1 -47.669418465606924 274.9962898753265 267.0533 62.019135 -999.0 -999.0 -999.0 -999.0 -999.0 274.3721001834083 -5.1532686906847065 274.38217652148273 -5.134727669705508 42.71472224903202 137.65415489978005 -999.0 6231.0 -999.0 -1 -999 {-999.0 -999.0 -999.0 -999.0 -999.0} "" -999.0 -999.0 -999.0 -999.0 -999 -999 "" "" "" "" 0 0 0.0 0.0 -999 ""
FIBERMAP 1148 R0C11 APOGEE 1 1 0 1 0 0 -81.37876394090955 2.8478675922062493 143.1 -70.46831495584892 40.7785179989178 176.08208 108.66089 274.26292676599866 -6.2103369834623905 2.4401398 -2.539493 0.6445916 274.2629338237594 -6.210344285483334 274.2757577947955 -6.19176579842334 41.901679331233375 138.578745439669 16000.0 16600.0 2016.0 2 285 {-999.0 15.137711 13.211202 11.745383 -999.0} sdss_psfmag_gaia 14.069945 12.4663515 11.264891 8.169 63050395546719716 1154743447 bright_1x1 mwm_galactic_core_dist_apogee_sparse mwm_galactic science 0 0 0.0 0.0 -999 ""
FIBERMAP 1148 R0C11 BOSS 0 0 0 1 0 0 -81.57334603146512 3.563632506126709 143.1 -70.30344718474191 41.50159408662469 176.08208 108.66089 -999.0 -999.0 -999.0 -999.0 -999.0 274.2637915574518 -6.207221386593459 274.2764793683135 -6.18845360008677 41.90402292649345 138.57545631597307 -999.0 5400.0 -999.0 1 431 {-999.0 -999.0 -999.0 -999.0 -999.0} "" -999.0 -999.0 -999.0 -999.0 -999 -999 "" "" "" "" 0 0 0.0 0.0 -999 ""
FIBERMAP 1148 R0C11 METROLOGY 0 0 0 1 0 0 -80.8522519223607 3.3747339378633026 143.1 -69.75598745615919 40.99584273211973 176.08208 108.66089 -999.0 -999.0 -999.0 -999.0 -999.0 274.2662597641214 -6.209481766960615 274.27898848031407 -6.1907597691195075 41.9007157236467 138.57441274651606 -999.0 6231.0 -999.0 -1 -999 {-999.0 -999.0 -999.0 -999.0 -999.0} "" -999.0 -999.0 -999.0 -999.0 -999 -999 "" "" "" "" 0 0 0.0 0.0 -999 ""
FIBERMAP 1149 R-5C9 APOGEE 1 1 0 1 0 0 -38.30494452737159 -103.54506769358301 143.1 -82.48827468866497 -73.35504949493425 22.624805 67.02115 274.2063903808594 -6.729812841830594 -999.0 -999.0 -999.0 274.2063903808594 -6.729812841830594 274.22052278343494 -6.711155186406349 41.501040822059885 139.02751928944934 16000.0 16600.0 2015.5 2 284 {-999.0 -999.0 -999.0 -999.0 -999.0} "" -999.0 -999.0 -999.0 -999.0 27021603148788514 848185933 "" ops_sky_apogee_best ops_sky sky_apogee 0 0 0.0 0.0 -999 ""
FIBERMAP 1149 R-5C9 BOSS 0 0 0 1 0 0 -38.302692121547395 -104.29081283549787 143.1 -82.83694853795076 -74.01414319047467 22.624805 67.02115 -999.0 -999.0 -999.0 -999.0 -999.0 274.204877406206 -6.733029572159303 274.21888947903733 -6.714182719741046 41.499423175951755 139.0315648370997 -999.0 5400.0 -999.0 1 409 {-999.0 -999.0 -999.0 -999.0 -999.0} "" -999.0 -999.0 -999.0 -999.0 -999 -999 "" "" "" "" 0 0 0.0 0.0 -999 ""
FIBERMAP 1149 R-5C9 METROLOGY 0 0 0 1 0 0 -38.95180266028218 -103.92699746357519 143.1 -83.23864233006937 -73.38789564380572 22.624805 67.02115 -999.0 -999.0 -999.0 -999.0 -999.0 274.2030154198589 -6.7301121196306015 274.21705752459377 -6.71132592512108 41.50280935538297 139.03146795073044 -999.0 6231.0 -999.0 -1 -999 {-999.0 -999.0 -999.0 -999.0 -999.0} "" -999.0 -999.0 -999.0 -999.0 -999 -999 "" "" "" "" 0 0 0.0 0.0 -999 ""
FIBERMAP 1150 R-9C10 APOGEE 1 1 0 1 0 0 -0.004100498003815014 -163.74185404538974 143.1 -76.99766697468041 -144.48148289747525 155.59433 95.692696 274.2310119777104 -7.052749148753514 1.6158818 -3.7047486 0.32255942 274.23101665941715 -7.052759801333107 274.2459399780215 -7.033891280905977 41.21841145305214 139.23782268574385 16000.0 16600.0 2016.0 2 180 {-999.0 19.786505 16.792927 13.933858 -999.0} sdss_psfmag_ps1 18.24195 14.140998 12.555825 7.708 63050395546578739 1153960632 bright_1x1 mwm_galactic_core_dist_apogee_sparse mwm_galactic science 0 0 0.0 0.0 -999 ""
FIBERMAP 1150 R-9C10 BOSS 0 0 0 1 0 0 0.23042315638915767 -163.04850236862964 143.1 -76.46470165029933 -143.97995633243713 155.59433 95.692696 -999.0 -999.0 -999.0 -999.0 -999.0 274.23355923800926 -7.050747786549807 274.2483467037298 -7.031679388799141 41.21893263058153 139.23355061284687 -999.0 5400.0 -999.0 1 375 {-999.0 -999.0 -999.0 -999.0 -999.0} "" -999.0 -999.0 -999.0 -999.0 -999 -999 "" "" "" "" 0 0 0.0 0.0 -999 ""
FIBERMAP 1150 R-9C10 METROLOGY 0 0 0 1 0 0 0.7291104108588051 -163.61390367428754 143.1 -76.2905281011551 -144.71334890771732 155.59433 95.692696 -999.0 -999.0 -999.0 -999.0 -999.0 274.2343213526483 -7.0540077784595585 274.24915338149515 -7.034990830227381 41.21573118652309 139.23509945520706 -999.0 6231.0 -999.0 -1 -999 {-999.0 -999.0 -999.0 -999.0 -999.0} "" -999.0 -999.0 -999.0 -999.0 -999 -999 "" "" "" "" 0 0 0.0 0.0 -999 ""
FIBERMAP 1151 R-9C4 APOGEE 0 0 0 1 0 0 -107.22667935890928 -187.0738071303374 143.1 -182.58035727756206 -114.6514780672744 15.848603 52.97968 -999.0 -999.0 -999.0 -999.0 -999.0 273.74970898343 -6.914256733556858 273.76447493164187 -6.896738519840409 41.59607785720547 139.6689911695656 -999.0 16600.0 -999.0 2 -999 {-999.0 -999.0 -999.0 -999.0 -999.0} "" -999.0 -999.0 -999.0 -999.0 -999 -999 "" "" "" "" 0 0 0.0 0.0 -999 ""
FIBERMAP 1151 R-9C4 BOSS 1 1 0 1 0 0 -107.48626807852418 -187.7483408502588 143.1 -183.12659114251875 -115.12461394702754 15.848603 52.97968 273.747321870043 -6.916588289218416 -0.32874066 -0.86679083 1.4572266 273.74732091785745 -6.916590781575996 273.7619669635131 -6.898885601194319 41.59564692193459 139.67334949034364 5400.0 5400.0 2016.0 1 479 {-999.0 15.611751 14.381335 13.721274 -999.0} sdss_psfmag_from_g3xp 15.141438 14.251369 13.3178835 11.505 63050395546552625 939083873 bright_1x1 openfibertargets_nov2020_34a open_fiber science 0 0 0.0 0.0 -999 ""
FIBERMAP 1151 R-9C4 METROLOGY 0 0 0 1 0 0 -107.96406772340869 -187.1874749816089 143.1 -183.28446640654644 -114.40504506425006 15.848603 52.97968 -999.0 -999.0 -999.0 -999.0 -999.0 273.74657525223756 -6.913270061512531 273.7612490252195 -6.895622940468381 41.59876644514465 139.67175516318517 -999.0 6231.0 -999.0 -1 -999 {-999.0 -999.0 -999.0 -999.0 -999.0} "" -999.0 -999.0 -999.0 -999.0 -999 -999 "" "" "" "" 0 0 0.0 0.0 -999 ""
FIBERMAP 1152 R-9C3 APOGEE 1 1 0 1 0 0 -129.27209086916318 -170.79900041117077 143.1 -194.38022971414767 -89.92472081457103 41.16037 86.09823 273.696222580304 -6.801850777053959 -2.3244405 -7.805363 0.17094606 273.6962158492666 -6.801873220480171 273.7107232241289 -6.784548234120418 41.71916380126211 139.6464047313675 16000.0 16600.0 2016.0 2 256 {-999.0 18.256765 15.557989 14.498936 -999.0} sdss_psfmag_ps1 16.76338 14.782924 13.479514 9.777 63050395546558532 1153960696 bright_1x1 mwm_galactic_core_dist_apogee_sparse mwm_galactic science 0 0 0.0 0.0 -999 ""
FIBERMAP 1152 R-9C3 BOSS 0 0 0 1 0 0 -128.83129777083454 -171.38598762373448 143.1 -194.2672911594673 -90.64993771583853 41.16037 86.09823 -999.0 -999.0 -999.0 -999.0 -999.0 273.69681145467115 -6.805372235783581 273.7112008988272 -6.787852717395024 41.716140260877836 139.64830068109487 -999.0 5400.0 -999.0 1 477 {-999.0 -999.0 -999.0 -999.0 -999.0} "" -999.0 -999.0 -999.0 -999.0 -999 -999 "" "" "" "" 0 0 0.0 0.0 -999 ""
FIBERMAP 1152 R-9C3 METROLOGY 0 0 0 1 0 0 -129.60360021476163 -171.46953537313897 143.1 -194.98804500468793 -90.36051001587072 41.16037 86.09823 -999.0 -999.0 -999.0 -999.0 -999.0 273.6935183152362 -6.803976557809433 273.7079413763281 -6.786520718046343 41.719028810912576 139.65094861933542 -999.0 6231.0 -999.0 -1 -999 {-999.0 -999.0 -999.0 -999.0 -999.0} "" -999.0 -999.0 -999.0 -999.0 -999 -999 "" "" "" "" 0 0 0.0 0.0 -999 ""
FIBERMAP 1153 R-6C11 APOGEE 0 0 0 1 0 0 3.140901199535643 -105.89727473782207 143.1 -47.023113669595965 -94.91910460082784 57.173073 132.653 -999.0 -999.0 -999.0 -999.0 -999.0 274.36863394067746 -6.8285458207358385 274.3829478388012 -6.809409785293235 41.32971060341063 138.92154341697653 -999.0 16600.0 -999.0 2 -999 {-999.0 -999.0 -999.0 -999.0 -999.0} "" -999.0 -999.0 -999.0 -999.0 -999 -999 "" "" "" "" 0 0 0.0 0.0 -999 ""
FIBERMAP 1153 R-6C11 BOSS 1 1 0 1 0 0 3.8674948377292946 -105.75877361891799 143.1 -46.31685264766242 -95.13854923900485 57.173073 132.653 274.37193765273486 -6.8297655730656235 13.048935 -9.972455 2.1942372 274.37197544160733 -6.8297942477143705 274.3861615367514 -6.810455814779569 41.32706575659547 138.91878789967268 5400.0 5400.0 2016.0 1 386 {-999.0 18.84839 16.850977 16.016922 -999.0} sdss_psfmag_ps1 17.908077 16.60231 15.486776 12.895 63050395546595435 939083973 bright_1x1 openfibertargets_nov2020_34a open_fiber science 0 0 0.0 0.0 -999 ""
FIBERMAP 1153 R-6C11 METROLOGY 0 0 0 1 0 0 3.6224810368493623 -106.46713686220366 143.1 -46.8661330030846 -95.64838915492204 57.173073 132.653 -999.0 -999.0 -999.0 -999.0 -999.0 274.369420994252 -6.8320385305333415 274.38365006523554 -6.812760681706779 41.326538417115074 138.92325496920304 -999.0 6231.0 -999.0 -1 -999 {-999.0 -999.0 -999.0 -999.0 -999.0} "" -999.0 -999.0 -999.0 -999.0 -999 -999 "" "" "" "" 0 0 0.0 0.0 -999 ""
FIBERMAP 1156 R-11C14 APOGEE 1 1 0 1 0 0 106.90945724285281 -213.21472685780842 143.1 -5.92165044320235 -238.40809184999125 201.43768 93.25328 274.55555471597467 -7.4773379043618995 -0.3067141 -7.3026485 0.09511987 274.5555538264896 -7.477358902289906 274.57140103071845 -7.457428179864248 40.68695688350562 139.1923589635211 16000.0 16600.0 2016.0 2 239 {-999.0 18.268341 15.554718 17.903536 -999.0} sdss_psfmag_ps1 16.751644 14.655874 13.332589 9.594 63050395546230853 1153959162 bright_1x1 mwm_galactic_core_dist_apogee_sparse mwm_galactic science 0 0 0.0 0.0 -999 ""
FIBERMAP 1156 R-11C14 BOSS 0 0 0 1 0 0 106.5953462948255 -212.53940191737095 143.1 -5.881268708065719 -237.66449501400558 201.43768 93.25328 -999.0 -999.0 -999.0 -999.0 -999.0 274.5558771308184 -7.474259704375331 274.571583900052 -7.454132059748605 40.68959995379374 139.18975072704524 -999.0 5400.0 -999.0 1 255 {-999.0 -999.0 -999.0 -999.0 -999.0} "" -999.0 -999.0 -999.0 -999.0 -999 -999 "" "" "" "" 0 0 0.0 0.0 -999 ""
FIBERMAP 1156 R-11C14 METROLOGY 0 0 0 1 0 0 107.3405506699413 -212.60246816316405 143.1 -5.253366055943792 -238.07055080646165 201.43768 93.25328 -999.0 -999.0 -999.0 -999.0 -999.0 274.558705349354 -7.47602276217619 274.5744529241957 -7.455942682040411 40.686516153131265 139.187951528842 -999.0 6231.0 -999.0 -1 -999 {-999.0 -999.0 -999.0 -999.0 -999.0} "" -999.0 -999.0 -999.0 -999.0 -999 -999 "" "" "" "" 0 0 0.0 0.0 -999 ""
FIBERMAP 1158 R-5C22 APOGEE 1 1 0 1 0 0 224.32033573528506 -91.15747408712886 143.1 155.07326707256723 -185.91504194052806 144.59723 124.30344 275.2913841345642 -7.2407675997903205 -3.0535328 -5.610166 -0.15208249 275.29137528389896 -7.240783731179086 275.30634043856196 -7.2189892617591305 40.476758656344295 138.2212122295224 16000.0 16600.0 2016.0 2 211 {-999.0 22.773539 19.403996 16.538939 -999.0} sdss_psfmag_ps1 -999.0 16.330578 -999.0 9.469 63050395546312018 1153959482 bright_1x1 mwm_galactic_core_dist_apogee_sparse mwm_galactic science 0 0 0.0 0.0 -999 ""
FIBERMAP 1158 R-5C22 BOSS 0 0 0 1 0 0 224.33697515450277 -90.41787932001486 143.1 155.43571878627426 -185.2702584849827 144.59723 124.30344 -999.0 -999.0 -999.0 -999.0 -999.0 275.2931968287594 -7.238095196388173 275.30801854119113 -7.216099817689721 40.478203050828874 138.217260815521 -999.0 5400.0 -999.0 1 251 {-999.0 -999.0 -999.0 -999.0 -999.0} "" -999.0 -999.0 -999.0 -999.0 -999 -999 "" "" "" "" 0 0 0.0 0.0 -999 ""
FIBERMAP 1158 R-5C22 METROLOGY 0 0 0 1 0 0 224.9733832172019 -90.80234623924503 143.1 155.81649341068075 -185.9087557459978 144.59723 124.30344 -999.0 -999.0 -999.0 -999.0 -999.0 275.29486251977886 -7.2408963478847514 275.3097290174936 -7.218951105755315 40.47489165614994 138.2175367517091 -999.0 6231.0 -999.0 -1 -999 {-999.0 -999.0 -999.0 -999.0 -999.0} "" -999.0 -999.0 -999.0 -999.0 -999 -999 "" "" "" "" 0 0 0.0 0.0 -999 ""
FIBERMAP 1162 R-2C6 APOGEE 0 0 0 1 0 0 -138.74508137159722 -36.869417349387035 143.1 -139.76321734516404 32.70713166189959 42.6992 74.982506 -999.0 -999.0 -999.0 -999.0 -999.0 273.9461972108361 -6.24616254486383 273.95923065334625 -6.228415045451429 42.04668352728024 138.95760724371655 -999.0 16600.0 -999.0 2 -999 {-999.0 -999.0 -999.0 -999.0 -999.0} "" -999.0 -999.0 -999.0 -999.0 -999 -999 "" "" "" "" 0 0 0.0 0.0 -999 ""
FIBERMAP 1162 R-2C6 BOSS 1 1 0 1 0 0 -138.38506814889868 -37.53255979909204 143.1 -139.75736718346823 31.952700490559316 42.6992 74.982506 273.9462779505773 -6.2497635035405406 0.21653572 -1.9840893 0.5951498 273.9462785769235 -6.2497692085615455 273.95919463705025 -6.2318317240884165 42.04386216120072 138.9602026624595 5400.0 5400.0 2016.0 1 472 {-999.0 18.675028 16.93536 16.201864 -999.0} sdss_psfmag_ps1 17.901573 16.738132 15.676358 13.599 63050395546716628 981887093 "" ops_std_boss_tic ops_std standard_boss 0 0 0.0 0.0 -999 ""
FIBERMAP 1162 R-2C6 METROLOGY 0 0 0 1 0 0 -139.12964506521243 -37.50877073059718 143.1 -140.4031849345304 32.32380363649659 42.6992 74.982506 -999.0 -999.0 -999.0 -999.0 -999.0 273.9433171600185 -6.24802145377566 273.95626573722006 -6.230146020776797 42.04688103244775 138.9622024647336 -999.0 6231.0 -999.0 -1 -999 {-999.0 -999.0 -999.0 -999.0 -999.0} "" -999.0 -999.0 -999.0 -999.0 -999 -999 "" "" "" "" 0 0 0.0 0.0 -999 ""
FIBERMAP 1163 R-8C7 APOGEE 0 0 0 1 0 0 -80.641870598576 -138.6888717851391 143.1 -136.37093839656987 -84.45792451609495 193.40138 34.031757 -999.0 -999.0 -999.0 -999.0 -999.0 273.96005163586494 -6.778955518992955 273.9744010160704 -6.76093499801242 41.59486172890921 139.33634297764678 -999.0 16600.0 -999.0 2 -999 {-999.0 -999.0 -999.0 -999.0 -999.0} "" -999.0 -999.0 -999.0 -999.0 -999 -999 "" "" "" "" 0 0 0.0 0.0 -999 ""
FIBERMAP 1163 R-8C7 BOSS 1 1 0 1 0 0 -80.15561405922935 -138.11596637106382 143.1 -135.6724834322931 -84.18104681135529 193.40138 34.031757 273.96331787109375 -6.777939931400567 -999.0 -999.0 -999.0 273.96331787109375 -6.777939931400567 273.97753574923854 -6.759719450049495 41.59415776627687 139.3319746961892 5400.0 5400.0 2015.5 1 401 {-999.0 -999.0 -999.0 -999.0 -999.0} "" -999.0 -999.0 -999.0 -999.0 27021603148789235 820564373 "" ops_sky_boss_good ops_sky sky_boss 0 0 0.0 0.0 -999 ""
FIBERMAP 1163 R-8C7 METROLOGY 0 0 0 1 0 0 -79.90884040897744 -138.82789955807993 143.1 -135.78949639691209 -84.92528314876652 193.40138 34.031757 -999.0 -999.0 -999.0 -999.0 -999.0 273.9627521123926 -6.781255719773095 273.9770146329687 -6.763089575215538 41.591632725608214 139.33503832391685 -999.0 6231.0 -999.0 -1 -999 {-999.0 -999.0 -999.0 -999.0 -999.0} "" -999.0 -999.0 -999.0 -999.0 -999 -999 "" "" "" "" 0 0 0.0 0.0 -999 ""
FIBERMAP 1167 R-3C5 APOGEE 1 1 0 1 0 0 -159.75647344165796 -44.922524492828586 143.1 -162.09006188870262 35.48108190653832 79.127365 94.537766 273.8443079206871 -6.2332479969518015 0.7357422 -0.29244515 0.52044386 273.8445966393591 -6.23324883784428 273.8576366660566 -6.215778534992492 42.11323211308894 139.06136947345223 16000.0 16600.0 2016.0 2 264 {-999.0 15.728472 13.123115 11.134093 -999.0} sdss_psfmag_from_g3xp 14.328395 11.825979 10.434962 6.626 63050395555953650 1152272096 bright_1x1 mwm_galactic_core_dist_apogee_sparse mwm_galactic science 0 0 1.025626540184021 0.0 -999 ""
FIBERMAP 1167 R-3C5 BOSS 0 0 0 1 0 0 -159.00068162848427 -45.00356158101612 143.1 -161.4612672151125 35.05419052290169 79.127365 94.537766 -999.0 -999.0 -999.0 -999.0 -999.0 273.8475162633466 -6.235373098913747 273.86043450736815 -6.217706214175287 42.11008602029326 139.05968900283787 -999.0 5400.0 -999.0 1 466 {-999.0 -999.0 -999.0 -999.0 -999.0} "" -999.0 -999.0 -999.0 -999.0 -999 -999 "" "" "" "" 0 0 0.0 0.0 -999 ""
FIBERMAP 1167 R-3C5 METROLOGY 0 0 0 1 0 0 -159.45620313790053 -45.6047796666749 143.1 -162.1459151124121 34.73787802736893 79.127365 94.537766 -999.0 -999.0 -999.0 -999.0 -999.0 273.8443700872831 -6.23675039148459 273.85732861202905 -6.219144550932019 42.11060010362407 139.06422787588014 -999.0 6231.0 -999.0 -1 -999 {-999.0 -999.0 -999.0 -999.0 -999.0} "" -999.0 -999.0 -999.0 -999.0 -999 -999 "" "" "" "" 0 0 0.0 0.0 -999 ""
FIBERMAP 1169 R-11C9 APOGEE 1 1 0 1 0 0 32.9275322789294 -214.66042314379737 143.1 -71.88200581917937 -204.89626410757256 67.73221 26.744 274.25427000669384 -7.3255188096291235 -1.9208068 -7.964219 0.37363085 274.2542644381825 -7.325541709827305 274.26985496623087 -7.3064874451031505 40.97807096217652 139.41139122077965 16000.0 16600.0 2016.0 2 168 {-999.0 20.002577 17.00101 14.619096 -999.0} sdss_psfmag_ps1 18.310484 15.069126 13.56797 9.167 63050395546250680 1153959490 bright_1x1 mwm_galactic_core_dist_apogee_sparse mwm_galactic science 0 0 0.0 0.0 -999 ""
FIBERMAP 1169 R-11C9 BOSS 0 0 0 1 0 0 33.01885775615041 -215.40043867742176 143.1 -72.14938874255692 -205.5921856690699 67.73221 26.744 -999.0 -999.0 -999.0 -999.0 -999.0 274.25315894319647 -7.328899086427739 274.2686275614054 -7.309650356154942 40.976104151434996 139.4150470419653 -999.0 5400.0 -999.0 1 361 {-999.0 -999.0 -999.0 -999.0 -999.0} "" -999.0 -999.0 -999.0 -999.0 -999 -999 "" "" "" "" 0 0 0.0 0.0 -999 ""
FIBERMAP 1169 R-11C9 METROLOGY 0 0 0 1 0 0 32.326680247064395 -215.1086292715174 143.1 -72.62294255913552 -205.00922435004438 67.73221 26.744 -999.0 -999.0 -999.0 -999.0 -999.0 274.2509616797794 -7.326200372478635 274.2664614968039 -7.307014292602309 40.979487983255666 139.41549510086202 -999.0 6231.0 -999.0 -1 -999 {-999.0 -999.0 -999.0 -999.0 -999.0} "" -999.0 -999.0 -999.0 -999.0 -999 -999 "" "" "" "" 0 0 0.0 0.0 -999 ""
FIBERMAP 1170 R-5C6 APOGEE 0 0 0 1 0 0 -124.89959319456797 -82.61191930437943 143.1 -149.05502044319294 -14.165752167467852 108.12292 105.23144 -999.0 -999.0 -999.0 -999.0 -999.0 273.9029932547662 -6.459183510555555 273.9165713392838 -6.441457607427797 41.89288082953022 139.16392068386637 -999.0 16600.0 -999.0 2 -999 {-999.0 -999.0 -999.0 -999.0 -999.0} "" -999.0 -999.0 -999.0 -999.0 -999 -999 "" "" "" "" 0 0 0.0 0.0 -999 ""
FIBERMAP 1170 R-5C6 BOSS 1 1 0 1 0 0 -124.29379929617055 -82.18464462129819 143.1 -148.31956537400984 -14.07358526981021 108.12292 105.23144 273.9064343390742 -6.458932947937468 -6.758105 -14.375638 2.447445 273.9064147827888 -6.458974283434776 273.9198648542033 -6.441049715288079 41.891409560907015 139.15995549250414 5400.0 5400.0 2016.0 1 456 {-999.0 16.204067 14.692698 13.833357 -999.0} sdss_psfmag_from_g3xp 15.567714 14.445397 13.392357 11.225 63050395546686075 939084227 bright_1x1 openfibertargets_nov2020_34a open_fiber science 0 0 0.0 0.0 -999 ""
FIBERMAP 1170 R-5C6 METROLOGY 0 0 0 1 0 0 -124.22849952659962 -82.93794885721874 143.1 -148.61616156137418 -14.768994881760792 108.12292 105.23144 -999.0 -999.0 -999.0 -999.0 -999.0 273.9050275842888 -6.4620760711329295 273.9185212932191 -6.4442076719084564 41.88951797465545 139.16379679627263 -999.0 6231.0 -999.0 -1 -999 {-999.0 -999.0 -999.0 -999.0 -999.0} "" -999.0 -999.0 -999.0 -999.0 -999 -999 "" "" "" "" 0 0 0.0 0.0 -999 ""
FIBERMAP 1172 R-3C6 APOGEE 0 0 0 1 0 0 -128.20829136747162 -62.64492843550272 143.1 -142.58576750488035 5.008630797934887 21.4251 76.133224 -999.0 -999.0 -999.0 -999.0 -999.0 273.9327963385005 -6.372097064201312 273.94614711041766 -6.354329932773291 41.949146965307506 139.06617805104833 -999.0 16600.0 -999.0 2 -999 {-999.0 -999.0 -999.0 -999.0 -999.0} "" -999.0 -999.0 -999.0 -999.0 -999 -999 "" "" "" "" 0 0 0.0 0.0 -999 ""
FIBERMAP 1172 R-3C6 BOSS 1 1 0 1 0 0 -128.0965199893058 -63.3777185872522 143.1 -142.83171177450225 4.309470816559617 21.4251 76.133224 273.9317321777344 -6.375460394929945 -999.0 -999.0 -999.0 273.9317321777344 -6.375460394929945 273.9449650716725 -6.357505678743403 41.947154979489085 139.06985958653854 5400.0 5400.0 2015.5 1 467 {-999.0 -999.0 -999.0 -999.0 -999.0} "" -999.0 -999.0 -999.0 -999.0 27021603148789750 820564391 "" ops_sky_boss_good ops_sky sky_boss 0 0 0.0 0.0 -999 ""
FIBERMAP 1172 R-3C6 METROLOGY 0 0 0 1 0 0 -128.79247422812904 -63.10903226637025 143.1 -143.3194709678556 4.873804543381855 21.4251 76.133224 -999.0 -999.0 -999.0 -999.0 -999.0 273.9294932865963 -6.3728315530129285 273.9427564176183 -6.354937541832275 41.95050921945419 139.07040211011767 -999.0 6231.0 -999.0 -1 -999 {-999.0 -999.0 -999.0 -999.0 -999.0} "" -999.0 -999.0 -999.0 -999.0 -999 -999 "" "" "" "" 0 0 0.0 0.0 -999 ""
FIBERMAP 1174 R-1C1 APOGEE 1 1 0 1 0 0 -275.8760082969989 -39.248688351813065 143.1 -261.8843079014602 95.08886138487132 333.7311 53.058636 273.39599490599835 -5.962583029784617 -0.87972224 -5.037956 0.25212407 273.3959923626985 -5.962597515849735 273.40852865649055 -5.94644379157738 42.58444090937764 139.363740383109 16000.0 16600.0 2016.0 2 293 {-999.0 17.085491 14.7843485 13.57311 -999.0} sdss_psfmag_from_g3xp 15.905478 14.2546835 13.040011 9.89 63050395556020511 1152272182 bright_1x1 mwm_galactic_core_dist_apogee_sparse mwm_galactic science 0 0 0.0 0.0 -999 ""
FIBERMAP 1174 R-1C1 BOSS 0 0 0 1 0 0 -276.5093529653251 -39.62822648398575 143.1 -262.62162687336496 95.05177133412738 333.7311 53.058636 -999.0 -999.0 -999.0 -999.0 -999.0 273.3928192862204 -5.962955097950496 273.40523472071504 -5.946624381121711 42.58609394174907 139.36759002827264 -999.0 5400.0 -999.0 1 425 {-999.0 -999.0 -999.0 -999.0 -999.0} "" -999.0 -999.0 -999.0 -999.0 -999 -999 "" "" "" "" 0 0 0.0 0.0 -999 ""
FIBERMAP 1174 R-1C1 METROLOGY 0 0 0 1 0 0 -276.52011737678254 -38.87221246575966 143.1 -262.2756353025209 95.72392861726404 333.7311 53.058636 -999.0 -999.0 -999.0 -999.0 -999.0 273.39436555889927 -5.95986943747451 273.4068075811922 -5.943588462405559 42.58776698517078 139.36354599126278 -999.0 6231.0 -999.0 -1 -999 {-999.0 -999.0 -999.0 -999.0 -999.0} "" -999.0 -999.0 -999.0 -999.0 -999 -999 "" "" "" "" 0 0 0.0 0.0 -999 ""
FIBERMAP 1176 R+12C11 APOGEE 0 0 0 1 0 0 60.53125131808934 220.58270781006158 143.1 157.13341938940246 166.17618066738828 246.68866 113.174126 -999.0 -999.0 -999.0 -999.0 -999.0 275.30296811480457 -5.645049572782082 275.3139927704 -5.623939156422413 41.78251966545158 137.00488215352843 -999.0 16600.0 -999.0 2 -999 {-999.0 -999.0 -999.0 -999.0 -999.0} "" -999.0 -999.0 -999.0 -999.0 -999 -999 "" "" "" "" 0 0 0.0 0.0 -999 ""
FIBERMAP 1176 R+12C11 BOSS 1 1 0 1 0 0 59.79400490846241 220.57156428385736 143.1 156.47764410305817 166.51301288204914 246.68866 113.174126 275.30017132102233 -5.6436763978611735 -8.83502 1.6094804 2.8836002 275.30014579319567 -5.643671769984448 275.31103655770005 -5.62238271314713 41.785486907338644 137.00690414093168 5400.0 5400.0 2016.0 1 102 {-999.0 15.704942 14.425125 13.779688 -999.0} sdss_psfmag_from_g3xp 15.214156 14.317671 13.383379 11.497 63050395547677612 939085605 bright_1x1 openfibertargets_nov2020_34a open_fiber science 0 0 0.0 0.0 -999 ""
FIBERMAP 1176 R+12C11 METROLOGY 0 0 0 1 0 0 60.15673461524881 221.22799783772763 143.1 157.1063770740228 166.92167889252204 246.68866 113.174126 -999.0 -999.0 -999.0 -999.0 -999.0 275.30294453360403 -5.641802259940451 275.31386646619126 -5.620559617525101 41.785354189900225 137.0024083795766 -999.0 6231.0 -999.0 -1 -999 {-999.0 -999.0 -999.0 -999.0 -999.0} "" -999.0 -999.0 -999.0 -999.0 -999 -999 "" "" "" "" 0 0 0.0 0.0 -999 ""
FIBERMAP 1177 R+4C12 APOGEE 0 0 0 1 0 0 8.581571455155167 78.05040561260051 143.1 44.27280668774108 64.83534075684202 319.77676 152.96391 -999.0 -999.0 -999.0 -999.0 -999.0 274.7888018559889 -6.102230263551249 274.80115521950745 -6.082293406557201 41.69794250681971 137.91699516542783 -999.0 16600.0 -999.0 2 -999 {-999.0 -999.0 -999.0 -999.0 -999.0} "" -999.0 -999.0 -999.0 -999.0 -999 -999 "" "" "" "" 0 0 0.0 0.0 -999 ""
FIBERMAP 1177 R+4C12 BOSS 1 1 0 1 0 0 8.87495736928898 77.36784707185913 143.1 44.21073613159063 64.09510634170718 319.77676 152.96391 274.7886657714843 -6.10575422272953 -999.0 -999.0 -999.0 274.7886657714843 -6.10575422272953 274.8008973553019 -6.085627480277531 41.6953408901772 137.91980870347072 5400.0 5400.0 2015.5 1 115 {-999.0 -999.0 -999.0 -999.0 -999.0} "" -999.0 -999.0 -999.0 -999.0 27021603148796143 852798775 "" ops_sky_boss_fallback ops_sky sky_boss 0 0 0.0 0.0 -999 ""
FIBERMAP 1177 R+4C12 METROLOGY 0 0 0 1 0 0 8.134539531081291 77.45305777476179 143.1 43.59746972872684 64.51845137190126 319.77676 152.96391 -999.0 -999.0 -999.0 -999.0 -999.0 274.78581933969366 -6.103771996804021 274.79808414763886 -6.083707227489144 41.69850832805191 137.9214379902706 -999.0 6231.0 -999.0 -1 -999 {-999.0 -999.0 -999.0 -999.0 -999.0} "" -999.0 -999.0 -999.0 -999.0 -999 -999 "" "" "" "" 0 0 0.0 0.0 -999 ""
FIBERMAP 1189 R-13C11 APOGEE 1 1 0 1 0 0 60.75029726014238 -250.4954965122955 143.1 -64.18183282622374 -249.599318195293 206.94582 79.99344 274.2894717252551 -7.526068485991906 -2.1338105 -8.342988 0.027563741 274.2894655364129 -7.526092475296651 274.3055394420487 -7.5068524958502945 40.791376762975595 139.51838850638322 16000.0 16600.0 2016.0 2 189 {-999.0 21.07853 17.903349 15.333081 -999.0} sdss_psfmag_ps1 19.240513 15.740825 14.224706 9.485 63050395546233113 1153959267 bright_1x1 mwm_galactic_core_dist_apogee_sparse mwm_galactic science 0 0 0.0 0.0 -999 ""
FIBERMAP 1189 R-13C11 BOSS 0 0 0 1 0 0 60.53332164167842 -249.79272229880377 143.1 -64.04283321169645 -248.8771751147929 206.94582 79.99344 -999.0 -999.0 -999.0 -999.0 -999.0 274.2902247548391 -7.523085774182275 274.30615961477565 -7.503647815178592 40.793713292475275 139.51537976209244 -999.0 5400.0 -999.0 1 336 {-999.0 -999.0 -999.0 -999.0 -999.0} "" -999.0 -999.0 -999.0 -999.0 -999 -999 "" "" "" "" 0 0 0.0 0.0 -999 ""
FIBERMAP 1189 R-13C11 METROLOGY 0 0 0 1 0 0 61.28215211473338 -249.97356430376186 143.1 -63.46711099685017 -249.38885955962795 206.94582 79.99344 -999.0 -999.0 -999.0 -999.0 -999.0 274.29281624249097 -7.525327362019413 274.3087928270762 -7.505937338226053 40.79036457474034 139.51416663801646 -999.0 6231.0 -999.0 -1 -999 {-999.0 -999.0 -999.0 -999.0 -999.0} "" -999.0 -999.0 -999.0 -999.0 -999 -999 "" "" "" "" 0 0 0.0 0.0 -999 ""
FIBERMAP 1190 R+13C5 APOGEE 1 1 0 1 0 0 -68.26813482369768 239.196359777681 143.1 52.2351676885859 243.16413354925547 258.5962 79.61017 274.8255895914266 -5.296258020718756 -4.7892184 -8.325506 -0.21181983 274.82557576153437 -5.296281959756469 274.8359243759714 -5.276598877180314 42.34026350705961 137.26063941711337 16000.0 16600.0 2016.0 2 111 {-999.0 21.284248 18.231384 15.188477 -999.0} sdss_psfmag_ps1 19.46484 15.658675 14.054565 9.193 63050395556571072 1153972024 bright_1x1 mwm_galactic_core_dist_apogee_sparse mwm_galactic science 0 0 0.0 0.0 -999 ""
FIBERMAP 1190 R+13C5 BOSS 0 0 0 1 0 0 -68.96332493331666 239.44780379475424 143.1 51.73997514355035 243.71289361420517 258.5962 79.61017 -999.0 -999.0 -999.0 -999.0 -999.0 274.8234563569961 -5.29397950327165 274.8336712467516 -5.274119602229879 42.3435810421622 137.26120455968837 -999.0 5400.0 -999.0 1 85 {-999.0 -999.0 -999.0 -999.0 -999.0} "" -999.0 -999.0 -999.0 -999.0 -999 -999 "" "" "" "" 0 0 0.0 0.0 -999 ""
FIBERMAP 1190 R+13C5 METROLOGY 0 0 0 1 0 0 -68.39953369689152 239.93701606095058 143.1 52.467491725735165 243.87946365303537 258.5962 79.61017 -999.0 -999.0 -999.0 -999.0 -999.0 274.82672477883114 -5.293205191532911 274.8369730148222 -5.273388890094645 42.34229554443915 137.25699277957992 -999.0 6231.0 -999.0 -1 -999 {-999.0 -999.0 -999.0 -999.0 -999.0} "" -999.0 -999.0 -999.0 -999.0 -999 -999 "" "" "" "" 0 0 0.0 0.0 -999 ""
FIBERMAP 1192 R-11C4 APOGEE 1 1 0 1 0 0 -87.38174867257756 -231.41330899657407 143.1 -185.91862710904772 -163.1074093837746 32.578167 5.650587 273.73487300852935 -7.132835755212025 -2.4406796 -5.537336 -0.4789359 273.73486593589956 -7.132851677185937 273.7501804547006 -7.115275177755073 41.42094525221325 139.84457140823451 16000.0 16600.0 2016.0 2 164 {-999.0 22.132442 19.118322 16.15701 -999.0} sdss_psfmag_ps1 20.465118 16.590199 15.013762 10.281 63050395546494250 1153960271 bright_1x1 mwm_galactic_core_dist_apogee_sparse mwm_galactic science 0 0 0.0 0.0 -999 ""
FIBERMAP 1192 R-11C4 BOSS 0 0 0 1 0 0 -87.96140648634179 -231.87620905993163 143.1 -186.64777170618603 -163.24330120122983 32.578167 5.650587 -999.0 -999.0 -999.0 -999.0 -999.0 273.7316739422186 -7.1336365790373275 273.74686432061924 -7.115874612876691 41.42224134123917 139.84868340904146 -999.0 5400.0 -999.0 1 349 {-999.0 -999.0 -999.0 -999.0 -999.0} "" -999.0 -999.0 -999.0 -999.0 -999 -999 "" "" "" "" 0 0 0.0 0.0 -999 ""
FIBERMAP 1192 R-11C4 METROLOGY 0 0 0 1 0 0 -88.07867300562039 -231.14244844863532 143.1 -186.40621994284498 -162.5407009970012 32.578167 5.650587 -999.0 -999.0 -999.0 -999.0 -999.0 273.7327283174952 -7.130426179618837 273.7479463999715 -7.112717729551468 41.42429850463796 139.84518361305544 -999.0 6231.0 -999.0 -1 -999 {-999.0 -999.0 -999.0 -999.0 -999.0} "" -999.0 -999.0 -999.0 -999.0 -999 -999 "" "" "" "" 0 0 0.0 0.0 -999 ""
FIBERMAP 1194 R-7C9 APOGEE 1 1 0 1 0 0 -17.813650146373988 -136.14673837484062 143.1 -79.73688599200587 -111.7576212759066 20.181541 95.18743 274.2186806582831 -6.904345697457071 -4.1785316 -2.403797 0.21252464 274.21866855562894 -6.904352609299134 274.23322880197946 -6.885583920610792 41.34890106879236 139.1425388341933 16000.0 16600.0 2016.0 2 171 {-999.0 19.153593 16.343477 14.007334 -999.0} sdss_psfmag_ps1 17.598124 14.393249 12.889154 8.654 63050395546586240 1153960517 bright_1x1 mwm_galactic_core_dist_apogee_sparse mwm_galactic science 0 0 0.0 0.0 -999 ""
FIBERMAP 1194 R-7C9 BOSS 0 0 0 1 0 0 -17.519834672729733 -136.8292504308998 143.1 -79.79855565329916 -112.49801665941817 20.181541 95.18743 -999.0 -999.0 -999.0 -999.0 -999.0 274.21847701331006 -6.907951037058702 274.23291683123375 -6.888988251951086 41.346238676393774 139.1453948788834 -999.0 5400.0 -999.0 1 388 {-999.0 -999.0 -999.0 -999.0 -999.0} "" -999.0 -999.0 -999.0 -999.0 -999 -999 "" "" "" "" 0 0 0.0 0.0 -999 ""
FIBERMAP 1194 R-7C9 METROLOGY 0 0 0 1 0 0 -18.260826605815954 -136.74526511613857 143.1 -80.41290482624414 -112.0754829451225 20.181541 95.18743 -999.0 -999.0 -999.0 -999.0 -999.0 274.21563788284044 -6.905955384848409 274.23011054163067 -6.887055803756737 41.349391003227595 139.14705819395525 -999.0 6231.0 -999.0 -1 -999 {-999.0 -999.0 -999.0 -999.0 -999.0} "" -999.0 -999.0 -999.0 -999.0 -999 -999 "" "" "" "" 0 0 0.0 0.0 -999 ""
FIBERMAP 1200 R+2C7 APOGEE 1 1 0 1 0 0 -125.96040423668866 34.65394316087202 143.1 -94.8507732400374 89.80673575405865 300.594 146.02005 274.1523947397976 -5.987054694244315 0.13984467 -3.7078357 0.20573884 274.15239514411024 -5.987065355700373 274.16470829975646 -5.968880369199775 42.14818758447931 138.53399262345357 16000.0 16600.0 2016.0 2 146 {-999.0 17.385654 15.20856 14.141011 -999.0} sdss_psfmag_ps1 16.27849 14.667739 13.463582 10.278 63050395555968236 1153970975 bright_1x1 mwm_galactic_core_dist_apogee_sparse mwm_galactic science 0 0 0.0 0.0 -999 ""
FIBERMAP 1200 R+2C7 BOSS 0 0 0 1 0 0 -125.97469289275855 33.9121873590497 143.1 -95.21216682802937 89.15894006659936 300.594 146.02005 -999.0 -999.0 -999.0 -999.0 -999.0 274.15081587583916 -5.990154105558854 274.16301036149423 -5.97178519999155 42.146726009808695 138.5380733116149 -999.0 5400.0 -999.0 1 47 {-999.0 -999.0 -999.0 -999.0 -999.0} "" -999.0 -999.0 -999.0 -999.0 -999 -999 "" "" "" "" 0 0 0.0 0.0 -999 ""
FIBERMAP 1200 R+2C7 METROLOGY 0 0 0 1 0 0 -126.61602069784105 34.298971316364415 143.1 -95.59619305246648 89.80179518990327 300.594 146.02005 -999.0 -999.0 -999.0 -999.0 -999.0 274.14904836140187 -5.987184299583649 274.16127213373704 -5.968874369878097 42.15010578533095 138.53780764309374 -999.0 6231.0 -999.0 -1 -999 {-999.0 -999.0 -999.0 -999.0 -999.0} "" -999.0 -999.0 -999.0 -999.0 -999 -999 "" "" "" "" 0 0 0.0 0.0 -999 ""
FIBERMAP 1203 R-3C1 APOGEE 1 1 0 1 0 0 -246.76360302224273 -59.008067689101765 143.1 -245.48712578451318 63.96435441588625 338.87827 133.60513 273.4682380293877 -6.103219114236425 -4.844501 -4.611357 0.15785205 273.4682240201759 -6.103232373664817 273.4810826529473 -6.0868245857186665 42.42752578678844 139.3868664289404 16000.0 16600.0 2016.0 2 269 {-999.0 17.186275 14.919777 13.0489235 -999.0} sdss_psfmag_from_g3xp 16.047615 13.757305 12.394614 8.822 63050395555948478 1152272063 bright_1x1 mwm_galactic_core_dist_apogee_sparse mwm_galactic science 0 0 0.0 0.0 -999 ""
FIBERMAP 1203 R-3C1 BOSS 0 0 0 1 0 0 -246.4770042396113 -59.68035006556621 143.1 -245.55035318854615 63.23637895563142 338.87827 133.60513 -999.0 -999.0 -999.0 -999.0 -999.0 273.46801820327323 -6.1067069939223515 273.48076193226234 -6.0901118632442035 42.42495691833226 139.38967856696172 -999.0 5400.0 -999.0 1 496 {-999.0 -999.0 -999.0 -999.0 -999.0} "" -999.0 -999.0 -999.0 -999.0 -999 -999 "" "" "" "" 0 0 0.0 0.0 -999 ""
FIBERMAP 1203 R-3C1 METROLOGY 0 0 0 1 0 0 -247.20915793369988 -59.60202128831983 143.1 -246.1595634237561 63.649765542286914 338.87827 133.60513 -999.0 -999.0 -999.0 -999.0 -999.0 273.4652669128313 -6.104781883796797 273.47804192328874 -6.088247773783366 42.42800194715108 139.3913476216556 -999.0 6231.0 -999.0 -1 -999 {-999.0 -999.0 -999.0 -999.0 -999.0} "" -999.0 -999.0 -999.0 -999.0 -999 -999 "" "" "" "" 0 0 0.0 0.0 -999 ""
FIBERMAP 1207 R-4C13 APOGEE 0 0 0 1 0 0 33.187293259800796 -83.43091852352416 143.1 -9.946576490093522 -89.22341726907294 327.75134 122.67606 -999.0 -999.0 -999.0 -999.0 -999.0 274.5386715442184 -6.803232557708186 274.55285617431446 -6.783652756277715 41.25701833147644 138.71602490337776 -999.0 16600.0 -999.0 2 -999 {-999.0 -999.0 -999.0 -999.0 -999.0} "" -999.0 -999.0 -999.0 -999.0 -999 -999 "" "" "" "" 0 0 0.0 0.0 -999 ""
FIBERMAP 1207 R-4C13 BOSS 1 1 0 1 0 0 33.21299624281142 -84.15432655875026 143.1 -10.264054627730308 -89.87382786711386 327.75134 122.67606 274.5373317493187 -6.8064196140079085 0.6559295 -1.6390965 0.27127296 274.5373336487555 -6.806424327041822 274.5513958924399 -6.786653755475663 41.25533952751739 138.7198549082917 5400.0 5400.0 2016.0 1 363 {-999.0 18.171032 16.593287 15.773185 15.048214} sdss_psfmag_from_ps1dr2 17.5009 16.4671 15.4141 -999.0 63050395546616622 1040016082 "" ops_std_boss_ps1dr2 ops_std standard_boss 0 0 0.0 0.0 -999 ""
FIBERMAP 1207 R-4C13 METROLOGY 0 0 0 1 0 0 32.54784546216881 -83.81532520220627 143.1 -10.691570042542276 -89.2619334644786 327.75134 122.67606 -999.0 -999.0 -999.0 -999.0 -999.0 274.5353437552204 -6.803572759444643 274.54943677295523 -6.783863493692185 41.25874058444251 138.7199275887095 -999.0 6231.0 -999.0 -1 -999 {-999.0 -999.0 -999.0 -999.0 -999.0} "" -999.0 -999.0 -999.0 -999.0 -999 -999 "" "" "" "" 0 0 0.0 0.0 -999 ""
FIBERMAP 1208 R-3C19 APOGEE 0 0 0 1 0 0 150.0546335678174 -77.224776959744 143.1 96.09367834648175 -138.70010875045605 330.30142 60.138832 -999.0 -999.0 -999.0 -999.0 -999.0 275.02374294762717 -7.028429461078046 275.0382919002001 -7.007449020476834 40.80144190995796 138.353509746651 -999.0 16600.0 -999.0 2 -999 {-999.0 -999.0 -999.0 -999.0 -999.0} "" -999.0 -999.0 -999.0 -999.0 -999 -999 "" "" "" "" 0 0 0.0 0.0 -999 ""
FIBERMAP 1208 R-3C19 BOSS 1 1 0 1 0 0 149.44449942839245 -77.61736213493694 143.1 95.37070507583009 -138.75962528399833 330.30142 60.138832 275.02060554001736 -7.028944205337545 -0.94911945 0.15676577 0.42067146 275.0206027902674 -7.0289437545755415 275.03502031695183 -7.0077761605655295 40.80299960313346 138.3572983227501 5400.0 5400.0 2016.0 1 289 {-999.0 19.028591 17.41704 16.566292 15.912684} sdss_psfmag_from_ps1dr2 18.3058 17.2894 16.225 14.124 63050395546398494 1040016044 "" ops_std_boss_ps1dr2 ops_std standard_boss 0 0 0.0 0.0 -999 ""
FIBERMAP 1208 R-3C19 METROLOGY 0 0 0 1 0 0 149.3942706785383 -76.87752656741198 143.1 95.67426652587402 -138.0831868629912 330.30142 60.138832 -999.0 -999.0 -999.0 -999.0 -999.0 275.0219597476304 -7.025815727182523 275.0364069082542 -7.004701305119146 40.8047661046104 138.35350879552385 -999.0 6231.0 -999.0 -1 -999 {-999.0 -999.0 -999.0 -999.0 -999.0} "" -999.0 -999.0 -999.0 -999.0 -999 -999 "" "" "" "" 0 0 0.0 0.0 -999 ""
FIBERMAP 1213 R+9C2 APOGEE 0 0 0 1 0 0 -152.59431652607608 169.9793846290933 143.1 -54.719951586377654 221.73961417462962 7.666808 92.43667 -999.0 -999.0 -999.0 -999.0 -999.0 274.3386121688484 -5.390955683114352 274.34937941194437 -5.372532152999392 42.537476316071775 137.87414876035066 -999.0 16600.0 -999.0 2 -999 {-999.0 -999.0 -999.0 -999.0 -999.0} "" -999.0 -999.0 -999.0 -999.0 -999 -999 "" "" "" "" 0 0 0.0 0.0 -999 ""
FIBERMAP 1213 R+9C2 BOSS 1 1 0 1 0 0 -152.46372960267522 169.24349824822298 143.1 -54.95074919142631 221.02887475461347 7.666808 92.43667 274.3376497075734 -5.3943012738386 4.005985 3.2203958 1.4842393 274.3376612775626 -5.394292013959858 274.3483108835955 -5.3756862179735405 42.53547983067294 137.87776339810975 5400.0 5400.0 2016.0 1 19 {-999.0 19.464493 17.773264 16.988485 -999.0} sdss_psfmag_ps1 18.642431 17.529495 16.396074 14.12 63050395556449362 1096472579 bright_1x1 mwm_bin_vis_boss mwm_filler science 0 0 0.0 0.0 -999 ""
FIBERMAP 1213 R+9C2 METROLOGY 0 0 0 1 0 0 -153.16687755908666 169.50101673302413 143.1 -55.45010731152819 221.586736748145 7.666808 92.43667 -999.0 -999.0 -999.0 -999.0 -999.0 274.3353691975524 -5.391743413165115 274.3460489451353 -5.373196885924688 42.538806943247074 137.87836823997458 -999.0 6231.0 -999.0 -1 -999 {-999.0 -999.0 -999.0 -999.0 -999.0} "" -999.0 -999.0 -999.0 -999.0 -999 -999 "" "" "" "" 0 0 0.0 0.0 -999 ""
FIBERMAP 1215 R-1C15 APOGEE 0 0 0 1 0 0 22.64186145323235 -28.799268977162043 143.1 6.436967878165618 -36.05861943908269 229.30109 108.00939 -999.0 -999.0 -999.0 -999.0 -999.0 274.61440570311356 -6.5614229326040885 274.6279623188897 -6.5417487167452055 41.41565028008433 138.4532838790494 -999.0 16600.0 -999.0 2 -999 {-999.0 -999.0 -999.0 -999.0 -999.0} "" -999.0 -999.0 -999.0 -999.0 -999 -999 "" "" "" "" 0 0 0.0 0.0 -999 ""
FIBERMAP 1215 R-1C15 BOSS 1 1 0 1 0 0 21.95123657182425 -28.528922467007945 143.1 5.9546918793007135 -35.495326735013435 229.30109 108.00939 274.61234125574606 -6.559032014998049 -2.7381768 -10.856235 2.0840287 274.61233333055947 -6.559063230854829 274.62575467030405 -6.5392041013362485 41.41898734070939 138.45379952339098 5400.0 5400.0 2016.0 1 272 {-999.0 17.162365 15.668405 14.945548 -999.0} sdss_psfmag_ps1 16.492077 15.446153 14.431435 12.321 63050395546634542 1126198895 bright_1x1 openfibertargets_mwm_snc_further_ext_boss open_fiber science 0 0 0.0 0.0 -999 ""
FIBERMAP 1215 R-1C15 METROLOGY 0 0 0 1 0 0 22.530719961751924 -28.06149560451749 143.1 6.685811141036274 -35.35535851949265 229.30109 108.00939 -999.0 -999.0 -999.0 -999.0 -999.0 274.61565125482423 -6.558375808681924 274.62910619973445 -6.5385624734215035 41.417649136666306 138.44964463146374 -999.0 6231.0 -999.0 -1 -999 {-999.0 -999.0 -999.0 -999.0 -999.0} "" -999.0 -999.0 -999.0 -999.0 -999 -999 "" "" "" "" 0 0 0.0 0.0 -999 ""
FIBERMAP 1222 R+1C10 APOGEE 0 0 0 1 0 0 -59.99961770559185 13.52653217070674 143.1 -46.58239026835161 40.14839722265989 30.344828 59.65437 -999.0 -999.0 -999.0 -999.0 -999.0 274.3722922491722 -6.213515589771468 274.38508194984286 -6.194643359049984 41.83840526524742 138.4600124859529 -999.0 16600.0 -999.0 2 -999 {-999.0 -999.0 -999.0 -999.0 -999.0} "" -999.0 -999.0 -999.0 -999.0 -999 -999 "" "" "" "" 0 0 0.0 0.0 -999 ""
FIBERMAP 1222 R+1C10 BOSS 1 1 0 1 0 0 -59.97914555986016 12.77220297064881 143.1 -46.91902364826568 39.47316186585004 30.344828 59.65437 274.37085019134304 -6.216737886016973 -2.6155477 -5.6862288 1.3618238 274.3708426261475 -6.2167542361152766 274.3835125988645 -6.197695690743561 41.83675331404204 138.46404402420774 5400.0 5400.0 2016.0 1 30 {-999.0 17.778107 16.312956 15.590362 -999.0} sdss_psfmag_ps1 17.15943 16.090422 15.077121 13.001 63050395546711098 1094332614 bright_1x1 mwm_bin_vis_boss mwm_filler science 0 0 0.0 0.0 -999 ""
FIBERMAP 1222 R+1C10 METROLOGY 0 0 0 1 0 0 -60.63508918609725 13.135587189953583 143.1 -47.326949591484244 40.102241997224354 30.344828 59.65437 -999.0 -999.0 -999.0 -999.0 -999.0 274.36895205119407 -6.213834141242253 274.3816517049414 -6.194835510487134 41.84015889752666 138.4639467298308 -999.0 6231.0 -999.0 -1 -999 {-999.0 -999.0 -999.0 -999.0 -999.0} "" -999.0 -999.0 -999.0 -999.0 -999 -999 "" "" "" "" 0 0 0.0 0.0 -999 ""
FIBERMAP 1226 R+8C2 APOGEE 0 0 0 1 0 0 -179.31523380123645 167.1056685472057 143.1 -79.64936461487117 231.76849356675973 80.255394 125.70171 -999.0 -999.0 -999.0 -999.0 -999.0 274.22554565805393 -5.346017145592532 274.2362442155244 -5.327914854695508 42.638014344282894 137.96597988795088 -999.0 16600.0 -999.0 2 -999 {-999.0 -999.0 -999.0 -999.0 -999.0} "" -999.0 -999.0 -999.0 -999.0 -999 -999 "" "" "" "" 0 0 0.0 0.0 -999 ""
FIBERMAP 1226 R+8C2 BOSS 1 1 0 1 0 0 -178.65189072584727 167.4432462811027 143.1 -78.90530594142005 231.75445264469693 80.255394 125.70171 274.22905281477864 -5.346235411312378 -3.4743602 -0.60175085 0.5586748 274.22904278100583 -5.346237141577825 274.2396148052623 -5.3279426109905454 42.63609363253248 137.962238748169 5400.0 5400.0 2016.0 1 69 {-999.0 17.324398 16.010767 15.31546 -999.0} sdss_psfmag_ps1 16.779305 15.87863 14.900939 13.158 63050395556521194 981888252 "" ops_std_boss_tic ops_std standard_boss 0 0 0.0 0.0 -999 ""
FIBERMAP 1226 R+8C2 METROLOGY 0 0 0 1 0 0 -178.68584718717793 166.70500101600842 143.1 -79.28240340164612 231.11900272118368 80.255394 125.70171 -999.0 -999.0 -999.0 -999.0 -999.0 274.2272754218953 -5.34903638033262 274.2378906055229 -5.330797185516106 42.63471012881485 137.96635758840497 -999.0 6231.0 -999.0 -1 -999 {-999.0 -999.0 -999.0 -999.0 -999.0} "" -999.0 -999.0 -999.0 -999.0 -999 -999 "" "" "" "" 0 0 0.0 0.0 -999 ""
FIBERMAP 1229 R-10C17 APOGEE 1 1 0 1 0 0 176.13801351906253 -182.29394672313495 143.1 69.70405977021878 -243.67642753022733 96.76548 124.80951 274.9008602657571 -7.501161205657295 -1.1732049 -2.7762578 0.3833842 274.9008568632228 -7.501169188467914 274.9166241789229 -7.480301985034957 40.47755073007972 138.83456955923234 16000.0 16600.0 2016.0 2 188 {-999.0 18.577183 15.642748 13.435352 -999.0} sdss_psfmag_ps1 16.980682 13.185137 11.643284 7.06 63050395546266617 1153959447 bright_1x1 mwm_galactic_core_dist_apogee_sparse mwm_galactic science 0 0 0.0 0.0 -999 ""
FIBERMAP 1229 R-10C17 BOSS 0 0 0 1 0 0 176.68777031945402 -181.81624737350222 143.1 70.41377901362264 -243.51341710300068 96.76548 124.80951 -999.0 -999.0 -999.0 -999.0 -999.0 274.904237886579 -7.500652196768824 274.9198678849235 -7.479577869126624 40.47635604772559 138.83053032513482 -999.0 5400.0 -999.0 1 329 {-999.0 -999.0 -999.0 -999.0 -999.0} "" -999.0 -999.0 -999.0 -999.0 -999 -999 "" "" "" "" 0 0 0.0 0.0 -999 ""
FIBERMAP 1229 R-10C17 METROLOGY 0 0 0 1 0 0 176.84115644762522 -182.5392251150659 143.1 70.20916894201098 -244.22348668111485 96.76548 124.80951 -999.0 -999.0 -999.0 -999.0 -999.0 274.9032470834583 -7.503765116377194 274.91892332618124 -7.4827482011413915 40.47424860181448 138.83387849921098 -999.0 6231.0 -999.0 -1 -999 {-999.0 -999.0 -999.0 -999.0 -999.0} "" -999.0 -999.0 -999.0 -999.0 -999 -999 "" "" "" "" 0 0 0.0 0.0 -999 ""
FIBERMAP 1232 R-4C22 APOGEE 0 0 0 1 0 0 228.03321591600147 -67.84188932438275 143.1 169.31282040354117 -167.0875677024687 46.866234 136.0764 -999.0 -999.0 -999.0 -999.0 -999.0 275.35664429198033 -7.155725372939594 275.3713729182705 -7.133794912456427 40.51054695018083 138.087889996501 -999.0 16600.0 -999.0 2 -999 {-999.0 -999.0 -999.0 -999.0 -999.0} "" -999.0 -999.0 -999.0 -999.0 -999 -999 "" "" "" "" 0 0 0.0 0.0 -999 ""
FIBERMAP 1232 R-4C22 BOSS 1 1 0 1 0 0 228.77043970746755 -67.78920650290328 143.1 169.9881081755311 -167.3877356166585 46.866234 136.0764 275.35985013457076 -7.157269321083426 2.1468043 -3.792611 0.81177443 275.35985635593795 -7.15728022630083 275.37445143755264 -7.13514356475016 40.50770595293549 138.08558218153516 5400.0 5400.0 2016.0 1 322 {-999.0 18.6824 16.466814 15.398483 -999.0} sdss_psfmag_ps1 17.573734 15.964518 14.759669 11.731 63050395546320884 939083243 bright_1x1 openfibertargets_nov2020_34a open_fiber science 0 0 0.0 0.0 -999 ""
FIBERMAP 1232 R-4C22 METROLOGY 0 0 0 1 0 0 228.44829189285892 -68.46186828688681 143.1 169.38755329680646 -167.8298034366953 46.866234 136.0764 -999.0 -999.0 -999.0 -999.0 -999.0 275.35707386768536 -7.159224664551808 275.3717133377495 -7.137150394188403 40.507589631519764 138.09002203278598 -999.0 6231.0 -999.0 -1 -999 {-999.0 -999.0 -999.0 -999.0 -999.0} "" -999.0 -999.0 -999.0 -999.0 -999 -999 "" "" "" "" 0 0 0.0 0.0 -999 ""
FIBERMAP 1240 R+7C16 APOGEE 1 1 0 1 0 0 112.79406122561134 149.3503557882957 143.1 169.75476090481155 78.74698541077395 155.38713 85.98112 275.3614584627786 -6.040845013888357 -3.400227 -6.904998 0.09522832 275.36144863122206 -6.04086486841726 275.37342591722427 -6.019423584873281 41.42497818005024 137.2443675718379 16000.0 16600.0 2016.0 2 66 {-999.0 18.481352 16.044142 14.543141 -999.0} sdss_psfmag_ps1 17.357433 14.957538 13.566109 9.87 63050395547425764 1153963347 bright_1x1 mwm_galactic_core_dist_apogee_sparse mwm_galactic science 0 0 0.0 0.0 -999 ""
FIBERMAP 1240 R+7C16 BOSS 0 0 0 1 0 0 113.14884994131542 149.99860426245806 143.1 170.3726381057906 79.15216300843743 155.38713 85.98112 -999.0 -999.0 -999.0 -999.0 -999.0 275.36443258402005 -6.039205206551432 275.3762711265539 -6.017567368411747 41.424873844599226 137.2398566055542 -999.0 5400.0 -999.0 1 201 {-999.0 -999.0 -999.0 -999.0 -999.0} "" -999.0 -999.0 -999.0 -999.0 -999 -999 "" "" "" "" 0 0 0.0 0.0 -999 ""
FIBERMAP 1240 R+7C16 METROLOGY 0 0 0 1 0 0 113.54583764894322 149.37492443492349 143.1 170.42966996936377 78.41516707978556 155.38713 85.98112 -999.0 -999.0 -999.0 -999.0 -999.0 275.36465027772135 -6.042500078761267 275.3765346707246 -6.02091383112863 41.421983246014555 137.24213234525703 -999.0 6231.0 -999.0 -1 -999 {-999.0 -999.0 -999.0 -999.0 -999.0} "" -999.0 -999.0 -999.0 -999.0 -999 -999 "" "" "" "" 0 0 0.0 0.0 -999 ""
FIBERMAP 1241 R+7C13 APOGEE 1 1 0 1 0 0 70.0447765131911 136.16031315626213 143.1 125.83124909878246 87.20968524119728 10.840101 108.42844 275.1615757439051 -6.0016701240971 -3.567742 -7.0286145 0.06073797 275.1615654287326 -6.00169033407162 275.17352489389026 -5.980801013089649 41.5705434368814 137.43236397759827 16000.0 16600.0 2016.0 2 48 {-999.0 19.029501 16.529158 14.711065 -999.0} sdss_psfmag_ps1 17.738638 15.242027 13.834631 10.04 63050395547438093 1153963160 bright_1x1 mwm_galactic_core_dist_apogee_sparse mwm_galactic science 0 0 0.0 0.0 -999 ""
FIBERMAP 1241 R+7C13 BOSS 0 0 0 1 0 0 70.41198252080386 135.51102148888836 143.1 125.84995892865237 86.46409363413667 10.840101 108.42844 -999.0 -999.0 -999.0 -999.0 -999.0 275.16183297645347 -6.005232671895688 275.17366878219843 -5.984152358571439 41.56771246841161 137.43476900632683 -999.0 5400.0 -999.0 1 150 {-999.0 -999.0 -999.0 -999.0 -999.0} "" -999.0 -999.0 -999.0 -999.0 -999 -999 "" "" "" "" 0 0 0.0 0.0 -999 ""
FIBERMAP 1241 R+7C13 METROLOGY 0 0 0 1 0 0 69.66402870799037 135.5156032526255 143.1 125.19212987055221 86.81983640695027 10.840101 108.42844 -999.0 -999.0 -999.0 -999.0 -999.0 275.15878683870915 -6.003558610254925 275.1706572151793 -5.982540675032754 41.570747504950894 137.43682108704755 -999.0 6231.0 -999.0 -1 -999 {-999.0 -999.0 -999.0 -999.0 -999.0} "" -999.0 -999.0 -999.0 -999.0 -999 -999 "" "" "" "" 0 0 0.0 0.0 -999 ""
FIBERMAP 1251 R+6C7 APOGEE 1 1 0 1 0 0 -88.94386458621838 99.94191407990546 143.1 -31.4884692687716 130.0101126888487 297.4032 91.28807 274.44277218697846 -5.805100872138641 -2.2555892 -5.2426305 0.11357798 274.4427656678582 -5.80511594672103 274.4545178810139 -5.786234526533034 42.1371237054839 138.07397061425155 16000.0 16600.0 2016.0 2 100 {-999.0 19.86329 16.881622 15.019186 -999.0} sdss_psfmag_ps1 18.22237 15.516387 14.0898695 9.894 63050395547500893 1153963649 bright_1x1 mwm_galactic_core_dist_apogee_sparse mwm_galactic science 0 0 0.0 0.0 -999 ""
FIBERMAP 1251 R+6C7 BOSS 0 0 0 1 0 0 -89.60416834676698 99.6005717339938 143.1 -32.23161627638633 130.01940263783504 297.4032 91.28807 -999.0 -999.0 -999.0 -999.0 -999.0 274.43948239239404 -5.805198224353451 274.45110806296316 -5.786139446590884 42.139117925387104 138.07767386037494 -999.0 5400.0 -999.0 1 66 {-999.0 -999.0 -999.0 -999.0 -999.0} "" -999.0 -999.0 -999.0 -999.0 -999 -999 "" "" "" "" 0 0 0.0 0.0 -999 ""
FIBERMAP 1251 R+6C7 METROLOGY 0 0 0 1 0 0 -89.56183805377015 100.37764224487702 143.1 -31.828873615951 130.68517387883034 297.4032 91.28807 -999.0 -999.0 -999.0 -999.0 -999.0 274.4413008952409 -5.802140312743933 274.4529545759518 -5.7831307615343075 42.14056352191128 138.07333786145819 -999.0 6231.0 -999.0 -1 -999 {-999.0 -999.0 -999.0 -999.0 -999.0} "" -999.0 -999.0 -999.0 -999.0 -999 -999 "" "" "" "" 0 0 0.0 0.0 -999 ""
FIBERMAP 1252 R+13C7 APOGEE 1 1 0 1 0 0 -5.004721453439219 262.06907030273106 143.1 118.81299172284001 233.59920522523586 48.278465 126.10825 275.12790022660744 -5.340983802420764 -2.545196 -3.7484803 0.03411913 275.1278928762756 -5.340994580745792 275.13823585275816 -5.3204846176760805 42.131341891746956 136.9619937577409 16000.0 16600.0 2016.0 2 46 {-999.0 19.599785 17.212574 14.289397 -999.0} sdss_psfmag_ps1 18.020124 14.657523 13.162058 8.988 63050395547710800 1153964093 bright_1x1 mwm_galactic_core_dist_apogee_sparse mwm_galactic science 0 0 0.0 0.0 -999 ""
FIBERMAP 1252 R+13C7 BOSS 0 0 0 1 0 0 -4.265999371493319 262.03004641988355 143.1 119.44647959959346 233.2174121396291 48.278465 126.10825 -999.0 -999.0 -999.0 -999.0 -999.0 275.1309064982589 -5.342898617863807 275.1411224253094 -5.322195441078641 42.12828724906752 136.9601564599411 -999.0 5400.0 -999.0 1 167 {-999.0 -999.0 -999.0 -999.0 -999.0} "" -999.0 -999.0 -999.0 -999.0 -999 -999 "" "" "" "" 0 0 0.0 0.0 -999 ""
FIBERMAP 1252 R+13C7 METROLOGY 0 0 0 1 0 0 -4.671641305693832 261.40317101040625 143.1 118.79378022246155 232.85500582066348 48.278465 126.10825 -999.0 -999.0 -999.0 -999.0 -999.0 275.1279185325847 -5.344446562730087 275.1381764449591 -5.32380293251856 42.12866427289635 136.9646377976479 -999.0 6231.0 -999.0 -1 -999 {-999.0 -999.0 -999.0 -999.0 -999.0} "" -999.0 -999.0 -999.0 -999.0 -999 -999 "" "" "" "" 0 0 0.0 0.0 -999 ""
FIBERMAP 1254 R+2C6 APOGEE 0 0 0 1 0 0 -147.35866952573372 52.576060600141965 143.1 -105.30502139106244 115.68275728763673 83.34119 86.52861 -999.0 -999.0 -999.0 -999.0 -999.0 274.10531099769577 -5.869536705706171 274.11735089473973 -5.851528852487658 42.271792080189016 138.49796113919658 -999.0 16600.0 -999.0 2 -999 {-999.0 -999.0 -999.0 -999.0 -999.0} "" -999.0 -999.0 -999.0 -999.0 -999 -999 "" "" "" "" 0 0 0.0 0.0 -999 ""
FIBERMAP 1254 R+2C6 BOSS 1 1 0 1 0 0 -146.64880585568415 52.46458056732856 143.1 -104.73106779885255 115.25059964635909 83.34119 86.52861 274.1080051848407 -5.871633357389842 -0.11535339 -3.6435685 0.43886262 274.1080048514059 -5.871643834053059 274.1199226295207 -5.853441883886046 42.268774306561625 138.4965451851888 5400.0 5400.0 2016.0 1 48 {-999.0 17.152609 16.038681 15.572759 -999.0} sdss_psfmag_ps1 16.702875 15.978613 15.132572 13.674 63050395556375553 981888219 "" ops_std_boss_tic ops_std standard_boss 0 0 0.0 0.0 -999 ""
FIBERMAP 1254 R+2C6 METROLOGY 0 0 0 1 0 0 -147.09843425362644 51.87681845062362 143.1 -105.40418848835331 114.94338946488975 83.34119 86.52861 -999.0 -999.0 -999.0 -999.0 -999.0 274.1048982244458 -5.872988321918663 274.1168562584063 -5.854846808493712 42.26931903329653 138.50102346741136 -999.0 6231.0 -999.0 -1 -999 {-999.0 -999.0 -999.0 -999.0 -999.0} "" -999.0 -999.0 -999.0 -999.0 -999 -999 "" "" "" "" 0 0 0.0 0.0 -999 ""
FIBERMAP 1256 R-7C15 APOGEE 0 0 0 1 0 0 110.35700863140163 -152.1243138468086 143.1 25.846111394208815 -186.12390121034136 341.79507 68.86959 -999.0 -999.0 -999.0 -999.0 -999.0 274.7015187543608 -7.242711870570692 274.7167266262869 -7.222497198238802 40.802111926792726 138.86183589425409 -999.0 16600.0 -999.0 2 -999 {-999.0 -999.0 -999.0 -999.0 -999.0} "" -999.0 -999.0 -999.0 -999.0 -999 -999 "" "" "" "" 0 0 0.0 0.0 -999 ""
FIBERMAP 1256 R-7C15 BOSS 1 1 0 1 0 0 109.78820077729125 -152.74138558279472 143.1 25.05404664657552 -186.4009336762945 341.79507 68.86959 274.69802856445307 -7.244204856654392 -999.0 -999.0 -999.0 274.69802856445307 -7.24420485665439 274.71310870243997 -7.223802688208895 40.80302954200799 138.86673357737337 5400.0 5400.0 2015.5 1 317 {-999.0 -999.0 -999.0 -999.0 -999.0} "" -999.0 -999.0 -999.0 -999.0 27021603148784298 820563816 "" ops_sky_boss_good ops_sky sky_boss 0 0 0.0 0.0 -999 ""
FIBERMAP 1256 R-7C15 METROLOGY 0 0 0 1 0 0 109.61888304275723 -152.01553611057466 143.1 25.24594923620441 -185.6808388280539 341.79507 68.86959 -999.0 -999.0 -999.0 -999.0 -999.0 274.6988786225445 -7.240893116946989 274.71398787470014 -7.220545785350417 40.805246843774974 138.86337797054884 -999.0 6231.0 -999.0 -1 -999 {-999.0 -999.0 -999.0 -999.0 -999.0} "" -999.0 -999.0 -999.0 -999.0 -999 -999 "" "" "" "" 0 0 0.0 0.0 -999 ""
FIBERMAP 1260 R+1C4 APOGEE 0 0 0 1 0 0 -194.84650094486477 19.448072688666006 143.1 -162.7848993156963 108.78064730107785 36.26008 74.995735 -999.0 -999.0 -999.0 -999.0 -999.0 273.8435207654781 -5.90060641879152 273.85573630297085 -5.883284397914313 42.390767271205625 138.81398440486376 -999.0 16600.0 -999.0 2 -999 {-999.0 -999.0 -999.0 -999.0 -999.0} "" -999.0 -999.0 -999.0 -999.0 -999 -999 "" "" "" "" 0 0 0.0 0.0 -999 ""
FIBERMAP 1260 R+1C4 BOSS 1 1 0 1 0 0 -194.55261100508258 18.764874982723203 143.1 -162.8468256727452 108.03961189498922 36.26008 74.995735 273.8432974185182 -5.904102423422556 -0.34971884 -6.339333 1.2294332 273.8432964075792 -5.904120651447408 273.8553958897909 -5.886611913552329 42.38819141595818 138.81687311134056 5400.0 5400.0 2016.0 1 62 {-999.0 16.52105 15.169381 14.570431 -999.0} sdss_psfmag_ps1 15.952826 15.031473 14.03953 12.012 63050395555991050 980280091 "" ops_std_boss_red ops_std standard_boss 0 0 0.0 0.0 -999 ""
FIBERMAP 1260 R+1C4 METROLOGY 0 0 0 1 0 0 -195.2947223585762 18.851616869009316 143.1 -163.46086642165375 108.46510433702663 36.26008 74.995735 -999.0 -999.0 -999.0 -999.0 -999.0 273.8404966383158 -5.902144814622627 273.8526274989598 -5.88469713487612 42.39131497369644 138.81852761216274 -999.0 6231.0 -999.0 -1 -999 {-999.0 -999.0 -999.0 -999.0 -999.0} "" -999.0 -999.0 -999.0 -999.0 -999 -999 "" "" "" "" 0 0 0.0 0.0 -999 ""
FIBERMAP 1265 R+5C6 APOGEE 0 0 0 1 0 0 -128.28035468732355 103.80393729333795 143.1 -64.38242600985194 151.9145545612408 76.696075 151.72713 -999.0 -999.0 -999.0 -999.0 -999.0 274.2929162742158 -5.705620416150316 274.3044793217392 -5.687182705295718 42.30313094966273 138.16494923397374 -999.0 16600.0 -999.0 2 -999 {-999.0 -999.0 -999.0 -999.0 -999.0} "" -999.0 -999.0 -999.0 -999.0 -999 -999 "" "" "" "" 0 0 0.0 0.0 -999 ""
FIBERMAP 1265 R+5C6 BOSS 1 1 0 1 0 0 -127.84168776735353 104.38605944858882 143.1 -63.72162956821175 152.2219423863597 76.696075 151.72713 274.2960190678425 -5.704342854902516 8.476767 -8.411886 1.6735425 274.29604356311285 -5.704367042315659 274.30747564424524 -5.685736217148082 42.30264517179081 138.16051689947108 5400.0 5400.0 2016.0 1 50 {-999.0 15.631064 14.2253 13.493234 -999.0} sdss_psfmag_from_g3xp 15.061261 14.063574 13.078717 10.974 63050395556389396 939106044 bright_1x1 openfibertargets_nov2020_34a open_fiber science 0 0 0.0 0.0 -999 ""
FIBERMAP 1265 R+5C6 METROLOGY 0 0 0 1 0 0 -127.53975559112192 103.71352181226783 143.1 -63.771447037852624 151.48653168069188 76.696075 151.72713 -999.0 -999.0 -999.0 -999.0 -999.0 274.29576811846596 -5.70765123931053 274.3072440917491 -5.689072299609914 42.30001944033812 138.16331668801064 -999.0 6231.0 -999.0 -1 -999 {-999.0 -999.0 -999.0 -999.0 -999.0} "" -999.0 -999.0 -999.0 -999.0 -999 -999 "" "" "" "" 0 0 0.0 0.0 -999 ""
FIBERMAP 1266 R-1C23 APOGEE 0 0 0 1 0 0 222.56700354058864 -38.36072018435917 143.1 178.35203382527507 -138.50351552130815 1.8077796 36.69139 -999.0 -999.0 -999.0 -999.0 -999.0 275.39851355215984 -7.026612826089579 275.41290658109256 -7.004629130990936 40.593601362754214 137.94684699301612 -999.0 16600.0 -999.0 2 -999 {-999.0 -999.0 -999.0 -999.0 -999.0} "" -999.0 -999.0 -999.0 -999.0 -999 -999 "" "" "" "" 0 0 0.0 0.0 -999 ""
FIBERMAP 1266 R-1C23 BOSS 1 1 0 1 0 0 221.9903895330363 -38.84294270824436 143.1 177.61648930693104 -138.65788844115343 1.8077796 36.69139 275.3950013738494 -7.0275215583245005 0.54100895 -7.789966 2.0989885 275.3953370730164 -7.027543957478242 275.40959802158534 -7.0053722068172375 40.5948529394659 137.950963222169 5400.0 5400.0 2016.0 1 312 {-999.0 14.412533 13.084204 12.480303 -999.0} sdss_psfmag_gaia 13.897187 13.020897 12.094283 10.301 63050395546339900 1166110687 bright_1x1 openfibertargets_mwm_spyglassysos_boss open_fiber science 0 0 1.1938377618789673 0.0 -999 ""
FIBERMAP 1266 R-1C23 METROLOGY 0 0 0 1 0 0 221.86935999440624 -38.096229233697606 143.1 177.8608112814417 -137.94208938820725 1.8077796 36.69139 -999.0 -999.0 -999.0 -999.0 -999.0 275.3964214601105 -7.024246179951684 275.41071197916915 -7.002128719476549 40.59689626591843 137.94734036542042 -999.0 6231.0 -999.0 -1 -999 {-999.0 -999.0 -999.0 -999.0 -999.0} "" -999.0 -999.0 -999.0 -999.0 -999 -999 "" "" "" "" 0 0 0.0 0.0 -999 ""
FIBERMAP 1270 R+5C12 APOGEE 1 1 0 1 0 0 29.652408381718683 86.1490860506563 143.1 66.67353379583815 62.07365179316312 38.616882 29.62564 274.89132438435854 -6.1150786528860746 -1.5655605 -3.597689 0.21040307 274.89131985700806 -6.11508899762774 274.9036650698881 -6.094872284087087 41.62975558467359 137.81418674138635 16000.0 16600.0 2016.0 2 8 {-999.0 19.718533 16.662619 14.706388 -999.0} sdss_psfmag_ps1 17.962208 15.229917 13.795888 9.63 63050395547394976 1153962982 bright_1x1 mwm_galactic_core_dist_apogee_sparse mwm_galactic science 0 0 0.0 0.0 -999 ""
FIBERMAP 1270 R+5C12 BOSS 0 0 0 1 0 0 29.363446189884932 85.46516666895083 143.1 66.09696792084307 61.60604602132402 38.616882 29.62564 -999.0 -999.0 -999.0 -999.0 -999.0 274.88884341625806 -6.117367837530507 274.9010640983994 -6.096967798824081 41.62949939652206 137.8186268633836 -999.0 5400.0 -999.0 1 116 {-999.0 -999.0 -999.0 -999.0 -999.0} "" -999.0 -999.0 -999.0 -999.0 -999 -999 "" "" "" "" 0 0 0.0 0.0 -999 ""
FIBERMAP 1270 R+5C12 METROLOGY 0 0 0 1 0 0 28.91652200256665 86.05192456696665 143.1 65.97851155575786 62.33394351527854 38.616882 29.62564 -999.0 -999.0 -999.0 -999.0 -999.0 274.88826175355166 -6.1140057135132455 274.90051151710077 -6.093662281038764 41.63253227380677 137.8167206425418 -999.0 6231.0 -999.0 -1 -999 {-999.0 -999.0 -999.0 -999.0 -999.0} "" -999.0 -999.0 -999.0 -999.0 -999 -999 "" "" "" "" 0 0 0.0 0.0 -999 ""
FIBERMAP 1271 R-4C14 APOGEE 0 0 0 1 0 0 51.5916231395224 -89.32130304470436 143.1 3.523380952124993 -103.07501760129522 305.27274 114.15032 -999.0 -999.0 -999.0 -999.0 -999.0 274.600284413089 -6.866368438531557 274.61460106305356 -6.846595311317543 41.17055933694717 138.69520253849566 -999.0 16600.0 -999.0 2 -999 {-999.0 -999.0 -999.0 -999.0 -999.0} "" -999.0 -999.0 -999.0 -999.0 -999 -999 "" "" "" "" 0 0 0.0 0.0 -999 ""
FIBERMAP 1271 R-4C14 BOSS 1 1 0 1 0 0 51.22015581761704 -89.96097369727039 143.1 2.8948202230341433 -103.46478370653921 305.27274 114.15032 274.59752482948846 -6.86836888082754 1.762235 -2.282066 0.41498175 274.59752993322 -6.868375442646766 274.61172137694564 -6.848415331620811 41.17064848602342 138.69970347671716 5400.0 5400.0 2016.0 1 324 {-999.0 17.657501 15.5574045 14.45334 -999.0} sdss_psfmag_ps1 16.582624 14.98303 13.777441 10.642 63050395546430007 1034702154 bright_1x1 mwm_yso_disk_boss_single mwm_yso science 0 0 0.0 0.0 -999 ""
FIBERMAP 1271 R-4C14 METROLOGY 0 0 0 1 0 0 50.84553215955222 -89.31810458899147 143.1 2.8665451767676107 -102.72137137311033 305.27274 114.15032 -999.0 -999.0 -999.0 -999.0 -999.0 274.59737148281687 -6.864932822589641 274.6115916198669 -6.845029543159124 41.17352792531358 138.69733109657295 -999.0 6231.0 -999.0 -1 -999 {-999.0 -999.0 -999.0 -999.0 -999.0} "" -999.0 -999.0 -999.0 -999.0 -999 -999 "" "" "" "" 0 0 0.0 0.0 -999 ""
FIBERMAP 1272 R+1C9 APOGEE 1 1 0 1 0 0 -114.27755313288128 26.318888293324086 143.1 -88.46127335843313 76.95854139328027 165.56451 102.72053 274.18131396638387 -6.04549987250039 -1.7012023 -5.8100905 0.11073521 274.1813090474153 -6.04551657874909 274.19375594066094 -6.02722873704082 42.08366677880528 138.54575659383048 16000.0 16600.0 2016.0 2 147 {-999.0 18.917141 16.412918 14.898272 -999.0} sdss_psfmag_ps1 17.59524 15.486621 14.164107 10.598 63050395546726868 1153961314 bright_1x1 mwm_galactic_core_dist_apogee_sparse mwm_galactic science 0 0 0.0 0.0 -999 ""
FIBERMAP 1272 R+1C9 BOSS 0 0 0 1 0 0 -114.25445473359315 27.069089599701027 143.1 -88.0881349703654 77.60964678741237 165.56451 102.72053 -999.0 -999.0 -999.0 -999.0 -999.0 274.1831141812534 -6.042712237341976 274.1954262531252 -6.024233605404573 42.08521876846438 138.54164280400187 -999.0 5400.0 -999.0 1 45 {-999.0 -999.0 -999.0 -999.0 -999.0} "" -999.0 -999.0 -999.0 -999.0 -999 -999 "" "" "" "" 0 0 0.0 0.0 -999 ""
FIBERMAP 1272 R+1C9 METROLOGY 0 0 0 1 0 0 -113.61131490625746 26.6752479383092 143.1 -87.7058284898354 76.95971200756321 165.56451 102.72053 -999.0 -999.0 -999.0 -999.0 -999.0 274.18481962530285 -6.045624531001536 274.19717428911565 -6.027193099864806 42.081793310119565 138.54193429255795 -999.0 6231.0 -999.0 -1 -999 {-999.0 -999.0 -999.0 -999.0 -999.0} "" -999.0 -999.0 -999.0 -999.0 -999 -999 "" "" "" "" 0 0 0.0 0.0 -999 ""
FIBERMAP 1276 R-2C3 APOGEE 1 1 0 1 0 0 -236.95251576457994 -28.936889509971436 143.1 -222.69001545865987 85.88539034711671 165.00566 91.882774 273.57164149179255 -6.004132571636229 0.5992938 -6.233943 0.21132159 273.57164322449825 -6.004150496624019 273.584217362921 -5.987509619990127 42.45381064333358 139.1967153082747 16000.0 16600.0 2016.0 2 257 {-999.0 16.465528 14.095163 12.657738 -999.0} sdss_psfmag_from_g3xp 15.230992 13.356123 12.082086 8.68 63050395555984602 1152272112 bright_1x1 mwm_galactic_core_dist_apogee_sparse mwm_galactic science 0 0 0.0 0.0 -999 ""
FIBERMAP 1276 R-2C3 BOSS 0 0 0 1 0 0 -236.8117078185302 -28.207205111805198 143.1 -222.22265927219055 86.46304300349726 165.00566 91.882774 -999.0 -999.0 -999.0 -999.0 -999.0 273.573867272307 -6.001713218547313 273.5863105963466 -5.984881591897584 42.45485085239807 139.19239549138553 -999.0 5400.0 -999.0 1 475 {-999.0 -999.0 -999.0 -999.0 -999.0} "" -999.0 -999.0 -999.0 -999.0 -999 -999 "" "" "" "" 0 0 0.0 0.0 -999 ""
FIBERMAP 1276 R-2C3 METROLOGY 0 0 0 1 0 0 -236.24230138389916 -28.705569597523787 143.1 -221.95456236639112 85.75554944119716 165.00566 91.882774 -999.0 -999.0 -999.0 -999.0 -999.0 273.5750195476572 -6.004864170917534 273.5875053654538 -5.988080756750266 42.45152783566979 139.1934489583328 -999.0 6231.0 -999.0 -1 -999 {-999.0 -999.0 -999.0 -999.0 -999.0} "" -999.0 -999.0 -999.0 -999.0 -999 -999 "" "" "" "" 0 0 0.0 0.0 -999 ""
FIBERMAP 1281 R+5C7 APOGEE 1 1 0 1 0 0 -83.46510795255766 93.78689680917884 143.1 -29.54828269530467 122.0028163676927 24.093159 78.44038 274.4515130766354 -5.841458129503283 -0.62402993 -0.74285674 0.1518691 274.451511272943 -5.841460265502604 274.463350049861 -5.822539600461093 42.102198504403106 138.09183060195423 16000.0 16600.0 2016.0 2 108 {-999.0 18.81962 16.161959 14.786027 -999.0} sdss_psfmag_ps1 17.367037 15.385529 14.08343 10.476 63050395547500427 1153963645 bright_1x1 mwm_galactic_core_dist_apogee_sparse mwm_galactic science 0 0 0.0 0.0 -999 ""
FIBERMAP 1281 R+5C7 BOSS 0 0 0 1 0 0 -83.31885616153937 93.06354561525637 143.1 -29.75936360470246 121.29577194056898 24.093159 78.44038 -999.0 -999.0 -999.0 -999.0 -999.0 274.4506497321303 -5.844799969702086 274.4623689431261 -5.8256937774571105 42.10014608865887 138.09531639939544 -999.0 5400.0 -999.0 1 54 {-999.0 -999.0 -999.0 -999.0 -999.0} "" -999.0 -999.0 -999.0 -999.0 -999 -999 "" "" "" "" 0 0 0.0 0.0 -999 ""
FIBERMAP 1281 R+5C7 METROLOGY 0 0 0 1 0 0 -84.02638755177907 93.29641584293068 143.1 -30.274179608783925 121.83394583440091 24.093159 78.44038 -999.0 -999.0 -999.0 -999.0 -999.0 274.4482698086329 -5.842309499277325 274.46002009435324 -5.823263587837119 42.10347114746895 138.09606691280956 -999.0 6231.0 -999.0 -1 -999 {-999.0 -999.0 -999.0 -999.0 -999.0} "" -999.0 -999.0 -999.0 -999.0 -999 -999 "" "" "" "" 0 0 0.0 0.0 -999 ""
FIBERMAP 1285 R+9C4 APOGEE 0 0 0 1 0 0 -111.01949165723195 176.27017190323318 143.1 -15.076906566256836 207.74136245726922 3.5984333 121.593376 -999.0 -999.0 -999.0 -999.0 -999.0 274.5188986440821 -5.454082678519609 274.52975382913974 -5.435150426102271 42.38402674947704 137.72187041147362 -999.0 16600.0 -999.0 2 -999 {-999.0 -999.0 -999.0 -999.0 -999.0} "" -999.0 -999.0 -999.0 -999.0 -999 -999 "" "" "" "" 0 0 0.0 0.0 -999 ""
FIBERMAP 1285 R+9C4 BOSS 1 1 0 1 0 0 -110.57621052715224 175.66749774484683 143.1 -14.96914886263204 207.00113371255352 3.5984333 121.593376 274.51949219132644 -5.457546952589038 3.5943131 -1.3961636 1.8498132 274.51950257342423 -5.4575509670971405 274.53023884133705 -5.438431486884631 42.38105250254393 137.72385655861842 5400.0 5400.0 2016.0 1 15 {-999.0 16.013462 14.622046 14.058577 -999.0} sdss_psfmag_ps1 15.40862 14.437331 13.459787 11.507 63050395556436810 939106105 bright_1x1 openfibertargets_nov2020_34a open_fiber science 0 0 0.0 0.0 -999 ""
FIBERMAP 1285 R+9C4 METROLOGY 0 0 0 1 0 0 -111.31491970330696 175.58505567214232 143.1 -15.659740594021 207.27574095155998 3.5984333 121.593376 -999.0 -999.0 -999.0 -999.0 -999.0 274.51632364008157 -5.456265828880639 274.5270937548354 -5.437207669292908 42.38383859080434 137.72640308545257 -999.0 6231.0 -999.0 -1 -999 {-999.0 -999.0 -999.0 -999.0 -999.0} "" -999.0 -999.0 -999.0 -999.0 -999 -999 "" "" "" "" 0 0 0.0 0.0 -999 ""
FIBERMAP 1287 R+12C7 APOGEE 0 0 0 1 0 0 -18.928203152663468 249.8501591079986 143.1 100.78158740889114 229.36446180192175 109.41778 80.335365 -999.0 -999.0 -999.0 -999.0 -999.0 275.046211602176 -5.3593359557768085 275.0566312891018 -5.339036239885041 42.16296083427887 137.06599899776603 -999.0 16600.0 -999.0 2 -999 {-999.0 -999.0 -999.0 -999.0 -999.0} "" -999.0 -999.0 -999.0 -999.0 -999 -999 "" "" "" "" 0 0 0.0 0.0 -999 ""
FIBERMAP 1287 R+12C7 BOSS 1 1 0 1 0 0 -18.196809606233227 249.99391738406106 143.1 101.49455579917323 229.1473990082156 109.41778 80.335365 275.0496000671153 -5.360444245938334 -4.177042 -18.026983 2.1943376 275.0495880037525 -5.360496080460227 275.059879495225 -5.340002389180896 42.16031003405009 137.06318005052708 5400.0 5400.0 2016.0 1 155 {-999.0 17.009476 15.583658 14.943866 -999.0} sdss_psfmag_ps1 16.422478 15.444728 14.449991 12.43 63050395547709209 1126215178 bright_1x1 openfibertargets_mwm_snc_further_ext_boss open_fiber science 0 0 0.0 0.0 -999 ""
FIBERMAP 1287 R+12C7 METROLOGY 0 0 0 1 0 0 -18.437247844371512 249.28835410110406 143.1 100.95062943952331 228.63787823317105 109.41778 80.335365 -999.0 -999.0 -999.0 -999.0 -999.0 275.04708959397493 -5.362711540198572 275.0574239768637 -5.342275932281205 42.1598568383763 137.06764226501792 -999.0 6231.0 -999.0 -1 -999 {-999.0 -999.0 -999.0 -999.0 -999.0} "" -999.0 -999.0 -999.0 -999.0 -999 -999 "" "" "" "" 0 0 0.0 0.0 -999 ""
FIBERMAP 1289 R-2C15 APOGEE 1 1 0 1 0 0 52.66704192575336 -56.15830671589324 143.1 20.066088047469375 -74.31815509879912 337.1969 67.53883 274.6765093065553 -6.735791239703704 -11.848902 2.8836098 8.603573 274.6764749995972 -6.7357829482134655 274.6904402884888 -6.715864022851724 41.2367052428147 138.51497557840807 16000.0 16600.0 2016.0 2 219 {-999.0 10.408974 9.87986 9.669063 -999.0} sdss_psfmag_from_g3xp 10.285282 9.89773 9.332338 8.366 63050395546619060 975042802 "" ops_std_apogee ops_std standard_apogee 0 0 0.0 0.0 -999 ""
FIBERMAP 1289 R-2C15 BOSS 0 0 0 1 0 0 52.14554523488433 -56.67712707613926 143.1 19.361969350907035 -74.53073846005432 337.1969 67.53883 -999.0 -999.0 -999.0 -999.0 -999.0 274.6733864656905 -6.736974639363054 274.6872227576962 -6.716871302398863 41.23766345626341 138.51924495222022 -999.0 5400.0 -999.0 1 273 {-999.0 -999.0 -999.0 -999.0 -999.0} "" -999.0 -999.0 -999.0 -999.0 -999 -999 "" "" "" "" 0 0 0.0 0.0 -999 ""
FIBERMAP 1289 R-2C15 METROLOGY 0 0 0 1 0 0 51.93662667565391 -55.95921473134743 143.1 19.515196588749117 -73.79902627308255 337.1969 67.53883 -999.0 -999.0 -999.0 -999.0 -999.0 274.6740587064201 -6.733584355662077 274.6879235945389 -6.7135353613982485 41.24003500504067 138.51599057871647 -999.0 6231.0 -999.0 -1 -999 {-999.0 -999.0 -999.0 -999.0 -999.0} "" -999.0 -999.0 -999.0 -999.0 -999 -999 "" "" "" "" 0 0 0.0 0.0 -999 ""
FIBERMAP 1296 R-5C7 APOGEE 1 1 0 1 0 0 -109.27127780464738 -102.11248368133938 143.1 -144.4343025698873 -38.72144905074754 178.54135 144.96509 273.9237278153111 -6.570913061454829 -5.0793924 -9.256698 -0.0083324965 273.923713113524 -6.570939678026639 273.93756045767185 -6.55310889003557 41.78832644453938 139.22348648445424 16000.0 16600.0 2016.0 2 262 {-999.0 20.684175 17.59713 16.050571 -999.0} sdss_psfmag_ps1 18.991987 16.504192 15.107447 10.945 63050395546673500 1153960910 bright_1x1 mwm_galactic_core_dist_apogee_sparse mwm_galactic science 0 0 0.0 0.0 -999 ""
FIBERMAP 1296 R-5C7 BOSS 0 0 0 1 0 0 -109.87013380203774 -101.66746666365133 143.1 -144.75347017403513 -38.04718085474737 178.54135 144.96509 -999.0 -999.0 -999.0 -999.0 -999.0 273.92233685037775 -6.568071903840407 273.93605060634377 -6.550055862277375 41.791699775253264 139.2228993695359 -999.0 5400.0 -999.0 1 464 {-999.0 -999.0 -999.0 -999.0 -999.0} "" -999.0 -999.0 -999.0 -999.0 -999 -999 "" "" "" "" 0 0 0.0 0.0 -999 ""
FIBERMAP 1296 R-5C7 METROLOGY 0 0 0 1 0 0 -109.19202699589054 -101.37310595128852 143.1 -144.0167055384509 -38.106297986152576 178.54135 144.96509 -999.0 -999.0 -999.0 -999.0 -999.0 273.9256697133267 -6.568300884024102 273.9394187425935 -6.550329725020819 41.78962173630973 139.219362622405 -999.0 6231.0 -999.0 -1 -999 {-999.0 -999.0 -999.0 -999.0 -999.0} "" -999.0 -999.0 -999.0 -999.0 -999 -999 "" "" "" "" 0 0 0.0 0.0 -999 ""
FIBERMAP 1300 R+11C12 APOGEE 1 1 0 1 0 0 97.01318254526123 216.51466988713648 143.1 187.41168381320668 145.4322138505354 52.73226 64.913216 275.44043120385925 -5.739538549997631 5.780335 -2.9021409 2.221258 275.4404479082922 -5.739546894770438 275.4516519541194 -5.7180272952822735 41.62665679741126 136.92765412825787 16000.0 16600.0 2016.0 2 11 {-999.0 10.152235 9.615336 9.433014 -999.0} sdss_psfmag_gaia 10.027426 9.652675 9.092711 8.243 63050395547583377 975476636 "" ops_std_apogee ops_std standard_apogee 0 0 0.0 0.0 -999 ""
FIBERMAP 1300 R+11C12 BOSS 0 0 0 1 0 0 97.39801299780274 215.87163086452594 143.1 187.4488852888076 144.68385218855207 52.73226 64.913216 -999.0 -999.0 -999.0 -999.0 -999.0 275.44079126860186 -5.743092717744412 275.45187030200714 -5.72138327969985 41.623790714451644 136.93000778807806 -999.0 5400.0 -999.0 1 142 {-999.0 -999.0 -999.0 -999.0 -999.0} "" -999.0 -999.0 -999.0 -999.0 -999 -999 "" "" "" "" 0 0 0.0 0.0 -999 ""
FIBERMAP 1300 R+11C12 METROLOGY 0 0 0 1 0 0 96.64899306454029 215.86450053244073 143.1 186.78460828615502 145.02976168670205 52.73226 64.913216 -999.0 -999.0 -999.0 -999.0 -999.0 275.43773780434964 -5.741462133105031 275.44885177483536 -5.719814725893285 41.62680501530089 136.93207825643069 -999.0 6231.0 -999.0 -1 -999 {-999.0 -999.0 -999.0 -999.0 -999.0} "" -999.0 -999.0 -999.0 -999.0 -999 -999 "" "" "" "" 0 0 0.0 0.0 -999 ""
FIBERMAP 1301 R+2C23 APOGEE 1 1 0 1 0 0 215.84414740187773 47.17601342315741 143.1 212.64062963838367 -59.86596113856123 120.97756 128.6484 275.55555714344644 -6.670228955504855 -0.5262758 -5.43306 0.33074322 275.5555556198879 -6.670244577645999 275.56900636198606 -6.648001975700583 40.798418324027445 137.51088245334756 16000.0 16600.0 2016.0 2 82 {-999.0 17.07535 14.633612 13.16841 -999.0} sdss_psfmag_from_g3xp 15.789977 13.8614435 12.575505 9.202 63050395546792810 1152262851 bright_1x1 mwm_galactic_core_dist_apogee_sparse mwm_galactic science 0 0 0.0 0.0 -999 ""
FIBERMAP 1301 R+2C23 BOSS 0 0 0 1 0 0 216.08768220511152 47.87634092641622 143.1 213.18482641399015 -59.36251639337398 120.97756 128.6484 -999.0 -999.0 -999.0 -999.0 -999.0 275.55819914337934 -6.668163529847361 275.57150755737723 -6.645720924109209 40.79886895061905 137.5064670718254 -999.0 5400.0 -999.0 1 225 {-999.0 -999.0 -999.0 -999.0 -999.0} "" -999.0 -999.0 -999.0 -999.0 -999 -999 "" "" "" "" 0 0 0.0 0.0 -999 ""
FIBERMAP 1301 R+2C23 METROLOGY 0 0 0 1 0 0 216.57521925541235 47.294713020086576 143.1 213.3415311783097 -60.104984078127735 120.97756 128.6484 -999.0 -999.0 -999.0 -999.0 -999.0 275.5588500540333 -6.671469653780111 275.57220490371174 -6.649078738096761 40.79571825383365 137.50825295726582 -999.0 6231.0 -999.0 -1 -999 {-999.0 -999.0 -999.0 -999.0 -999.0} "" -999.0 -999.0 -999.0 -999.0 -999 -999 "" "" "" "" 0 0 0.0 0.0 -999 ""
FIBERMAP 1302 R-9C18 APOGEE 1 1 0 1 0 0 179.18996457778485 -164.13183688054323 143.1 80.93717228544402 -229.08552451006776 153.19463 100.115944 274.9521316551248 -7.435792422817825 0.9885493 -0.71589816 0.8836781 274.95247249843976 -7.435794481300825 274.96805732502446 -7.414818923237317 40.5033590714733 138.7308433277558 16000.0 16600.0 2016.0 2 187 {-999.0 13.587944 11.212246 9.905066 -999.0} sdss_psfmag_from_g3xp 12.351335 10.593159 9.357356 6.052 63050395546289121 1152262637 bright_1x1 mwm_galactic_core_dist_apogee_sparse mwm_galactic science 0 0 1.206484317779541 0.0 -999 ""
FIBERMAP 1302 R-9C18 BOSS 0 0 0 1 0 0 179.3964619014977 -163.4093181382708 143.1 81.45912240909118 -228.54508292343934 153.19463 100.115944 -999.0 -999.0 -999.0 -999.0 -999.0 274.9550113070061 -7.433593055232137 274.97045478302175 -7.412413800825949 40.50402297936942 138.72648225059956 -999.0 5400.0 -999.0 1 330 {-999.0 -999.0 -999.0 -999.0 -999.0} "" -999.0 -999.0 -999.0 -999.0 -999 -999 "" "" "" "" 0 0 0.0 0.0 -999 ""
FIBERMAP 1302 R-9C18 METROLOGY 0 0 0 1 0 0 179.92050708713887 -163.94219710863868 143.1 81.67096394909163 -229.26170197331876 153.19463 100.115944 -999.0 -999.0 -999.0 -999.0 -999.0 274.9559186518012 -7.436737981234712 274.9714077030452 -7.415610931760263 40.50084422953896 138.72780403125057 -999.0 6231.0 -999.0 -1 -999 {-999.0 -999.0 -999.0 -999.0 -999.0} "" -999.0 -999.0 -999.0 -999.0 -999 -999 "" "" "" "" 0 0 0.0 0.0 -999 ""
FIBERMAP 1303 R-7C11 APOGEE 1 1 0 1 0 0 14.620949481770179 -118.6454746645961 143.1 -42.88769568678996 -111.5660323078621 111.19962 79.74787 274.3874475608295 -6.9042352230952755 -5.372277 -3.9022894 0.20914023 274.3874320006282 -6.90424644368043 274.40192608253943 -6.8850260760651425 41.256392873125925 138.95669125002968 16000.0 16600.0 2016.0 2 151 {-999.0 18.498236 15.818471 14.616957 -999.0} sdss_psfmag_ps1 17.008575 15.145143 13.86034 10.388 63050395546588866 1153960658 bright_1x1 mwm_galactic_core_dist_apogee_sparse mwm_galactic science 0 0 0.0 0.0 -999 ""
FIBERMAP 1303 R-7C11 BOSS 0 0 0 1 0 0 15.353626388522768 -118.49658391429372 143.1 -42.17118150638483 -111.77916973818661 111.19962 79.74787 -999.0 -999.0 -999.0 -999.0 -999.0 274.39082413706996 -6.905471323296839 274.40518958295434 -6.886048034798796 41.253741579545704 138.95386566108525 -999.0 5400.0 -999.0 1 377 {-999.0 -999.0 -999.0 -999.0 -999.0} "" -999.0 -999.0 -999.0 -999.0 -999 -999 "" "" "" "" 0 0 0.0 0.0 -999 ""
FIBERMAP 1303 R-7C11 METROLOGY 0 0 0 1 0 0 15.121060552184465 -119.19601424808064 143.1 -42.70527756295336 -112.28698061853557 111.19962 79.74787 -999.0 -999.0 -999.0 -999.0 -999.0 274.38833874375393 -6.907703119805368 274.4027476249628 -6.888340252845988 41.253184924103955 138.95824136215512 -999.0 6231.0 -999.0 -1 -999 {-999.0 -999.0 -999.0 -999.0 -999.0} "" -999.0 -999.0 -999.0 -999.0 -999 -999 "" "" "" "" 0 0 0.0 0.0 -999 ""
FIBERMAP 1304 R+7C15 APOGEE 0 0 0 1 0 0 111.50563334839562 139.9828289137279 143.1 164.2131095003008 71.08705652972196 11.534929 128.79413 -999.0 -999.0 -999.0 -999.0 -999.0 275.33633062594095 -6.075527225541451 275.3484032839393 -6.0541377638204334 41.41082303116966 137.29810483619784 -999.0 16600.0 -999.0 2 -999 {-999.0 -999.0 -999.0 -999.0 -999.0} "" -999.0 -999.0 -999.0 -999.0 -999 -999 "" "" "" "" 0 0 0.0 0.0 -999 ""
FIBERMAP 1304 R+7C15 BOSS 1 1 0 1 0 0 112.05998406684684 139.52356165066564 143.1 164.4863056047339 70.4211412228776 11.534929 128.79413 275.3377482283162 -6.078726348820568 3.8270507 1.2648153 1.2800868 275.3377592947843 -6.078722711989093 275.3497061043935 -6.057138402877516 41.40762186070023 137.29898404337152 5400.0 5400.0 2016.0 1 187 {-999.0 15.794328 14.772631 14.26593 -999.0} sdss_psfmag_ps1 15.385687 14.665762 13.829388 12.297 63050395547407091 982153199 "" ops_std_boss_tic ops_std standard_boss 0 0 0.0 0.0 -999 ""
FIBERMAP 1304 R+7C15 METROLOGY 0 0 0 1 0 0 111.37065848029454 139.24904163835927 143.1 163.74897109754636 70.50304074775431 11.534929 128.79413 -999.0 -999.0 -999.0 -999.0 -999.0 275.33436157609856 -6.078288912382091 275.3463462298356 -6.056767683428787 41.40984152711861 137.3023501433407 -999.0 6231.0 -999.0 -1 -999 {-999.0 -999.0 -999.0 -999.0 -999.0} "" -999.0 -999.0 -999.0 -999.0 -999 -999 "" "" "" "" 0 0 0.0 0.0 -999 ""
FIBERMAP 1306 R-11C6 APOGEE 1 1 0 1 0 0 -42.06171946120822 -225.66174226551476 143.1 -143.22441885094892 -179.3425166151849 358.34518 71.01014 273.9287743907967 -7.207744880086607 24.423096 -70.664246 6.1517563 273.92884517600004 -7.207948067011622 273.94427239332634 -7.189818130519871 41.25314145078541 139.68427206987496 16000.0 16600.0 2016.0 2 177 {-999.0 10.898375 10.316865 10.115859 -999.0} sdss_psfmag_gaia 10.7576685 10.356929 9.775683 8.75 63050395546486607 975476621 "" ops_std_apogee ops_std standard_apogee 0 0 0.0 0.0 -999 ""
FIBERMAP 1306 R-11C6 BOSS 0 0 0 1 0 0 -42.304352383052766 -226.36320108562893 143.1 -143.76835178299146 -179.84738369688606 358.34518 71.01014 -999.0 -999.0 -999.0 -999.0 -999.0 273.9264816463563 -7.210419966627348 273.94178613701877 -7.192101093061498 41.252584899035796 139.68868096676965 -999.0 5400.0 -999.0 1 358 {-999.0 -999.0 -999.0 -999.0 -999.0} "" -999.0 -999.0 -999.0 -999.0 -999 -999 "" "" "" "" 0 0 0.0 0.0 -999 ""
FIBERMAP 1306 R-11C6 METROLOGY 0 0 0 1 0 0 -42.79237171031745 -225.79656550308462 143.1 -143.93253173278768 -179.1179182444322 358.34518 71.01014 -999.0 -999.0 -999.0 -999.0 -999.0 273.92569743995125 -7.207067473594922 273.9410303522593 -7.188807356265706 41.25575049862034 139.6871127689262 -999.0 6231.0 -999.0 -1 -999 {-999.0 -999.0 -999.0 -999.0 -999.0} "" -999.0 -999.0 -999.0 -999.0 -999 -999 "" "" "" "" 0 0 0.0 0.0 -999 ""
FIBERMAP 1308 R-4C5 APOGEE 1 1 0 1 0 0 -168.1366848709801 -80.78007033526211 143.1 -186.34543134418294 7.781419208182691 182.59363 129.6896 273.73380159803173 -6.358696845804417 -0.664292 -6.4076962 0.23069745 273.73379967611265 -6.358715270399773 273.7471927868652 -6.3414859714369 42.069223785690966 139.27831342689876 16000.0 16600.0 2016.0 2 252 {-999.0 19.85852 16.94713 14.251467 -999.0} sdss_psfmag_ps1 17.903296 14.634526 13.129255 8.985 63050395555918175 1153970720 bright_1x1 mwm_galactic_core_dist_apogee_sparse mwm_galactic science 0 0 0.0 0.0 -999 ""
FIBERMAP 1308 R-4C5 BOSS 0 0 0 1 0 0 -168.61068736781945 -80.21264451094453 143.1 -186.49687146397488 8.504991019674339 182.59363 129.6896 -999.0 -999.0 -999.0 -999.0 -999.0 273.7331981744142 -6.3556123057434135 273.7464582520647 -6.338197522412489 42.072368881761555 139.27668833315718 -999.0 5400.0 -999.0 1 459 {-999.0 -999.0 -999.0 -999.0 -999.0} "" -999.0 -999.0 -999.0 -999.0 -999 -999 "" "" "" "" 0 0 0.0 0.0 -999 ""
FIBERMAP 1308 R-4C5 METROLOGY 0 0 0 1 0 0 -167.8810591475435 -80.06997458377609 143.1 -185.78597253073002 8.287797967564105 182.59363 129.6896 -999.0 -999.0 -999.0 -999.0 -999.0 273.73639452422054 -6.356558700067617 273.7496913006081 -6.33918835924976 42.069768977989995 139.2738155942107 -999.0 6231.0 -999.0 -1 -999 {-999.0 -999.0 -999.0 -999.0 -999.0} "" -999.0 -999.0 -999.0 -999.0 -999 -999 "" "" "" "" 0 0 0.0 0.0 -999 ""
FIBERMAP 1312 R-11C11 APOGEE 1 1 0 1 0 0 52.65546336902103 -201.07687402402786 143.1 -48.087165812466566 -202.18672948711054 102.59235 119.47526 274.3630242194661 -7.3139750536477 0.08047438 -2.5999594 0.30560157 274.3630244527592 -7.3139825295325664 274.37854338818926 -7.294642201004962 40.92840539142815 139.2837291983415 16000.0 16600.0 2016.0 2 156 {-999.0 17.754997 15.048927 13.971823 -999.0} sdss_psfmag_ps1 16.243183 14.2239065 12.912656 9.311 63050395546250220 1153959480 bright_1x1 mwm_galactic_core_dist_apogee_sparse mwm_galactic science 0 0 0.0 0.0 -999 ""
FIBERMAP 1312 R-11C11 BOSS 0 0 0 1 0 0 53.203462464976475 -200.57063113564968 143.1 -47.36557591147993 -201.99770615898979 102.59235 119.47526 -999.0 -999.0 -999.0 -999.0 -999.0 274.36644466639535 -7.313391189726343 274.3818295508462 -7.293845961293398 40.927266202458874 139.27955189567984 -999.0 5400.0 -999.0 1 393 {-999.0 -999.0 -999.0 -999.0 -999.0} "" -999.0 -999.0 -999.0 -999.0 -999 -999 "" "" "" "" 0 0 0.0 0.0 -999 ""
FIBERMAP 1312 R-11C11 METROLOGY 0 0 0 1 0 0 53.37218645442194 -201.2927275581147 143.1 -47.5562376688162 -202.71421018268495 102.59235 119.47526 -999.0 -999.0 -999.0 -999.0 -999.0 274.365535103893 -7.3165456070839845 274.3809653397084 -7.297056917303934 40.92506500479353 139.2828474052438 -999.0 6231.0 -999.0 -1 -999 {-999.0 -999.0 -999.0 -999.0 -999.0} "" -999.0 -999.0 -999.0 -999.0 -999 -999 "" "" "" "" 0 0 0.0 0.0 -999 ""
FIBERMAP 1314 R-13C8 APOGEE 1 1 0 1 0 0 29.711429912705185 -254.0881202259228 143.1 -93.25938359417509 -238.17442290435358 35.7818 69.24956 274.15683962751183 -7.4740381908926405 -999.0 -999.0 -999.0 274.15683962751183 -7.474038190892642 274.17283681482326 -7.455177316839064 40.90689767600907 139.62608598906985 16000.0 16600.0 2016.0 2 273 {-999.0 -999.0 -999.0 -999.0 -999.0} "" -999.0 18.322447 -999.0 10.857 63050395546240408 1151527658 bright_1x1 mwm_galactic_core_dist_apogee_sparse mwm_galactic science 0 0 0.0 0.0 -999 ""
FIBERMAP 1314 R-13C8 BOSS 0 0 0 1 0 0 29.88626017876695 -254.79898220707085 143.1 -93.43937464787959 -238.8838850910697 35.7818 69.24956 -999.0 -999.0 -999.0 -999.0 -999.0 274.1561485488654 -7.4774153681139595 274.1720239493784 -7.458358044045691 40.904682598535345 139.62928895830544 -999.0 5400.0 -999.0 1 417 {-999.0 -999.0 -999.0 -999.0 -999.0} "" -999.0 -999.0 -999.0 -999.0 -999 -999 "" "" "" "" 0 0 0.0 0.0 -999 ""
FIBERMAP 1314 R-13C8 METROLOGY 0 0 0 1 0 0 29.174603742906893 -254.59704220006546 143.1 -93.97237441809332 -238.37106390773656 35.7818 69.24956 -999.0 -999.0 -999.0 -999.0 -999.0 274.15368100443766 -7.475042174434292 274.1695884702551 -7.456048317676516 40.90793916234472 139.63028022646816 -999.0 6231.0 -999.0 -1 -999 {-999.0 -999.0 -999.0 -999.0 -999.0} "" -999.0 -999.0 -999.0 -999.0 -999 -999 "" "" "" "" 0 0 0.0 0.0 -999 ""
FIBERMAP 1316 R-8C11 APOGEE 0 0 0 1 0 0 11.425135738025821 -160.23133822544898 143.1 -65.26197560788793 -146.75806559571635 196.02441 125.88672 -999.0 -999.0 -999.0 -999.0 -999.0 274.2847037022134 -7.06335387224911 274.2996322130724 -7.044336856830057 41.18021786672584 139.18652240807762 -999.0 16600.0 -999.0 2 -999 {-999.0 -999.0 -999.0 -999.0 -999.0} "" -999.0 -999.0 -999.0 -999.0 -999 -999 "" "" "" "" 0 0 0.0 0.0 -999 ""
FIBERMAP 1316 R-8C11 BOSS 1 1 0 1 0 0 10.821097848545579 -159.7798911776647 143.1 -65.58269213424272 -146.0756870265852 196.02441 125.88672 274.2833446199233 -7.060494811557437 0.32524422 -2.9816637 0.6217261 274.2833455622716 -7.06050338498931 274.298137548856 -7.041297102114396 41.183570421766845 139.1859268829081 5400.0 5400.0 2016.0 1 373 {-999.0 17.55669 16.30279 15.636293 -999.0} sdss_psfmag_ps1 17.06419 16.164238 15.219956 13.453 63050395546579278 981887052 "" ops_std_boss_tic ops_std standard_boss 0 0 0.0 0.0 -999 ""
FIBERMAP 1316 R-8C11 METROLOGY 0 0 0 1 0 0 11.512841517766955 -159.49041334618536 143.1 -64.83619053963221 -146.14552501244924 196.02441 125.88672 -999.0 -999.0 -999.0 -999.0 -999.0 274.28672959913825 -7.0607725783085264 274.301557668673 -7.041612166049625 41.181428305809725 139.1824034576752 -999.0 6231.0 -999.0 -1 -999 {-999.0 -999.0 -999.0 -999.0 -999.0} "" -999.0 -999.0 -999.0 -999.0 -999 -999 "" "" "" "" 0 0 0.0 0.0 -999 ""
FIBERMAP 1317 R-12C9 APOGEE 0 0 0 1 0 0 29.743497408052356 -219.61518355592023 143.1 -77.021359398575 -207.77108772414323 77.25243 99.76256 -999.0 -999.0 -999.0 -999.0 -999.0 274.23079290772137 -7.338309621519258 274.24642427725826 -7.3193124428734615 40.98018600359001 139.44643942450864 -999.0 16600.0 -999.0 2 -999 {-999.0 -999.0 -999.0 -999.0 -999.0} "" -999.0 -999.0 -999.0 -999.0 -999 -999 "" "" "" "" 0 0 0.0 0.0 -999 ""
FIBERMAP 1317 R-12C9 BOSS 1 1 0 1 0 0 30.501594567843036 -219.66144064325655 143.1 -76.37417640611795 -208.16837375601068 77.25243 99.76256 274.23386012529943 -7.340337771320597 1.5938525 -3.8325603 -6.2859325 274.2338647461083 -7.340348791407983 274.24936942603625 -7.321146493932752 40.97704556373715 139.44455008097776 5400.0 5400.0 2016.0 1 405 {-999.0 17.590988 15.884349 14.973146 -999.0} sdss_psfmag_ps1 16.730537 15.907229 14.303612 11.882 63050395546250649 1093371727 bright_3x1 mwm_astar_core_boss mwm_ob science 0 0 0.0 0.0 -999 ""
FIBERMAP 1317 R-12C9 METROLOGY 0 0 0 1 0 0 30.090092091307884 -220.27589083304892 143.1 -77.02620450208028 -208.5170605222202 77.25243 99.76256 -999.0 -999.0 -999.0 -999.0 -999.0 274.2308535772586 -7.341832150910653 274.24640012962846 -7.322692774721935 40.97737871524662 139.44893385343178 -999.0 6231.0 -999.0 -1 -999 {-999.0 -999.0 -999.0 -999.0 -999.0} "" -999.0 -999.0 -999.0 -999.0 -999 -999 "" "" "" "" 0 0 0.0 0.0 -999 ""
FIBERMAP 1318 R-11C7 APOGEE 1 1 0 1 0 0 -28.519812670657377 -200.23258830104615 143.1 -119.31804239180347 -163.2718260288114 79.199 107.370476 274.0376774080188 -7.1364158810093645 -4.511417 -4.7550116 0.102993324 274.03766433467985 -7.136429553499343 274.0528705354488 -7.118040942812054 41.253933472570615 139.51206102776217 16000.0 16600.0 2016.0 2 169 {-999.0 19.01812 16.425383 15.324458 -999.0} sdss_psfmag_ps1 17.610943 15.703745 14.41473 10.858 63050395546488377 1153960226 bright_1x1 mwm_galactic_core_dist_apogee_sparse mwm_galactic science 0 0 0.0 0.0 -999 ""
FIBERMAP 1318 R-11C7 BOSS 0 0 0 1 0 0 -27.785541845668043 -200.1177413533545 143.1 -118.61612970390152 -163.51575269731222 79.199 107.370476 -999.0 -999.0 -999.0 -999.0 -999.0 274.04096539100084 -7.137790020268734 274.0560446796262 -7.1191977269087845 41.251234500556066 139.5094094082685 -999.0 5400.0 -999.0 1 359 {-999.0 -999.0 -999.0 -999.0 -999.0} "" -999.0 -999.0 -999.0 -999.0 -999 -999 "" "" "" "" 0 0 0.0 0.0 -999 ""
FIBERMAP 1318 R-11C7 METROLOGY 0 0 0 1 0 0 -28.051483215803557 -200.81978183835437 143.1 -119.18090317710605 -164.01017302496052 79.199 107.370476 -999.0 -999.0 -999.0 -999.0 -999.0 274.0383600931598 -7.139938628124056 274.05348228802904 -7.121407377787721 41.25078841427956 139.51385050568612 -999.0 6231.0 -999.0 -1 -999 {-999.0 -999.0 -999.0 -999.0 -999.0} "" -999.0 -999.0 -999.0 -999.0 -999 -999 "" "" "" "" 0 0 0.0 0.0 -999 ""
FIBERMAP 1323 R+2C5 APOGEE 1 1 0 1 0 0 -167.82242230278425 54.68207991505096 143.1 -122.371652680458 127.16346296475496 103.181145 56.36722 274.0278625488281 -5.817435956922807 -999.0 -999.0 -999.0 274.0278625488281 -5.8174359569228065 274.03980262501227 -5.799657688510367 42.35796294461494 138.54513795674544 16000.0 16600.0 2015.5 2 140 {-999.0 -999.0 -999.0 -999.0 -999.0} "" -999.0 -999.0 -999.0 -999.0 27021603148959907 848192641 "" ops_sky_apogee_best ops_sky sky_apogee 0 0 0.0 0.0 -999 ""
FIBERMAP 1323 R+2C5 BOSS 0 0 0 1 0 0 -167.1195377011838 54.44042919732533 143.1 -121.86506566193334 126.61972628987793 103.181145 56.36722 -999.0 -999.0 -999.0 -999.0 -999.0 274.0302394539589 -5.820045425631304 274.0420592325514 -5.802074188167467 42.35470394016476 138.54444983678317 -999.0 5400.0 -999.0 1 34 {-999.0 -999.0 -999.0 -999.0 -999.0} "" -999.0 -999.0 -999.0 -999.0 -999 -999 "" "" "" "" 0 0 0.0 0.0 -999 ""
FIBERMAP 1323 R+2C5 METROLOGY 0 0 0 1 0 0 -167.6843459518541 53.93586308614271 143.1 -122.60069926700399 126.44008645979643 103.181145 56.36722 -999.0 -999.0 -999.0 -999.0 -999.0 274.0268562701807 -5.820812194804413 274.03871490681365 -5.802902226275289 42.35587935243882 138.54880841565887 -999.0 6231.0 -999.0 -1 -999 {-999.0 -999.0 -999.0 -999.0 -999.0} "" -999.0 -999.0 -999.0 -999.0 -999 -999 "" "" "" "" 0 0 0.0 0.0 -999 ""
FIBERMAP 1324 R-4C11 APOGEE 0 0 0 1 0 0 -37.804288519011436 -81.69069286198564 143.1 -71.77022523595824 -54.30648609377943 214.48839 95.75635 -999.0 -999.0 -999.0 -999.0 -999.0 274.255662590065 -6.643358356380521 274.26956169894913 -6.624607451864616 41.545920267520685 138.90918752623773 -999.0 16600.0 -999.0 2 -999 {-999.0 -999.0 -999.0 -999.0 -999.0} "" -999.0 -999.0 -999.0 -999.0 -999 -999 "" "" "" "" 0 0 0.0 0.0 -999 ""
FIBERMAP 1324 R-4C11 BOSS 1 1 0 1 0 0 -38.29159646170952 -81.10474545900477 143.1 -71.92469674241086 -53.5603146785919 214.48839 95.75635 274.25504705150576 -6.640173277390881 2.7786677 -1.6110729 1.253726 274.2550550952036 -6.640177909846083 274.2688178592023 -6.621238693897441 41.54913052927952 138.90750337947605 5400.0 5400.0 2016.0 1 357 {-999.0 16.418833 14.921691 14.048609 -999.0} sdss_psfmag_from_g3xp 15.791834 14.652787 13.603222 11.491 63050395546613651 939084042 bright_1x1 openfibertargets_nov2020_34a open_fiber science 0 0 0.0 0.0 -999 ""
FIBERMAP 1324 R-4C11 METROLOGY 0 0 0 1 0 0 -37.56464388174341 -80.98412904438635 143.1 -71.2265286706264 -53.79570929776666 214.48839 95.75635 -999.0 -999.0 -999.0 -999.0 -999.0 274.25822094775555 -6.641202929747401 274.27202130907153 -6.622309061758899 41.54647059539927 138.9047663301099 -999.0 6231.0 -999.0 -1 -999 {-999.0 -999.0 -999.0 -999.0 -999.0} "" -999.0 -999.0 -999.0 -999.0 -999 -999 "" "" "" "" 0 0 0.0 0.0 -999 ""
FIBERMAP 1326 R-3C23 APOGEE 0 0 0 1 0 0 242.49737816457437 -64.85555016716705 143.1 183.48000969902614 -171.253747140583 289.9317 143.10063 -999.0 -999.0 -999.0 -999.0 -999.0 275.4207458472566 -7.17413177938409 275.43549373178735 -7.152021090331451 40.45949011074899 138.03252326828397 -999.0 16600.0 -999.0 2 -999 {-999.0 -999.0 -999.0 -999.0 -999.0} "" -999.0 -999.0 -999.0 -999.0 -999 -999 "" "" "" "" 0 0 0.0 0.0 -999 ""
FIBERMAP 1326 R-3C23 BOSS 1 1 0 1 0 0 242.29981183652973 -65.54989615845551 143.1 182.97918743484365 -171.77352900240422 289.9317 143.10063 275.41861469122824 -7.176693997886459 -1.6386424 -0.43734017 0.48716104 275.4186099422949 -7.176695255407915 275.4332285087135 -7.154392009019761 40.458810329452184 138.03672298129854 5400.0 5400.0 2016.0 1 323 {-999.0 17.585571 15.035323 13.885245 -999.0} sdss_psfmag_ps1 16.194546 14.340635 13.070984 9.611 63050395546319797 934425296 bright_1x1 openfibertargets_nov2020_34a open_fiber science 0 0 0.0 0.0 -999 ""
FIBERMAP 1326 R-3C23 METROLOGY 0 0 0 1 0 0 241.77042509223068 -65.02348232942865 143.1 182.75959256854762 -171.06010301180078 289.9317 143.10063 -999.0 -999.0 -999.0 -999.0 -999.0 275.417598045825 -7.173432049114691 275.4322476072217 -7.15118890592782 40.462001029485165 138.03539132152954 -999.0 6231.0 -999.0 -1 -999 {-999.0 -999.0 -999.0 -999.0 -999.0} "" -999.0 -999.0 -999.0 -999.0 -999 -999 "" "" "" "" 0 0 0.0 0.0 -999 ""
FIBERMAP 1328 R-3C12 APOGEE 1 1 0 1 0 0 -15.01673901448858 -70.70327360835859 143.1 -46.496364750017676 -55.32642010208264 250.7578 119.32456 274.3714681031898 -6.64843871216281 -4.366664 -0.56835544 0.23485325 274.371455462342 -6.648440346403508 274.38532225285877 -6.62937735090661 41.47790196040785 138.78521238420697 16000.0 16600.0 2016.0 2 154 {-999.0 18.808273 15.971722 14.467904 -999.0} sdss_psfmag_ps1 17.219023 14.977547 13.62677 9.775 63050395546639264 1153960990 bright_1x1 mwm_galactic_core_dist_apogee_sparse mwm_galactic science 0 0 0.0 0.0 -999 ""
FIBERMAP 1328 R-3C12 BOSS 0 0 0 1 0 0 -15.735885904097309 -70.85505881614452 143.1 -47.202301262070655 -55.12219872989379 250.7578 119.32456 -999.0 -999.0 -999.0 -999.0 -999.0 274.3683259051031 -6.647720107159025 274.3820625238368 -6.628474289770295 41.480457489560905 138.7881272734416 -999.0 5400.0 -999.0 1 356 {-999.0 -999.0 -999.0 -999.0 -999.0} "" -999.0 -999.0 -999.0 -999.0 -999 -999 "" "" "" "" 0 0 0.0 0.0 -999 ""
FIBERMAP 1328 R-3C12 METROLOGY 0 0 0 1 0 0 -15.506724393313487 -70.14533321003806 143.1 -46.666368130110804 -54.603702683678094 250.7578 119.32456 -999.0 -999.0 -999.0 -999.0 -999.0 274.37075654420147 -6.6453082680285 274.38452295819445 -6.626111309915563 41.48105559580027 138.78366038213414 -999.0 6231.0 -999.0 -1 -999 {-999.0 -999.0 -999.0 -999.0 -999.0} "" -999.0 -999.0 -999.0 -999.0 -999 -999 "" "" "" "" 0 0 0.0 0.0 -999 ""
FIBERMAP 1329 R+3C16 APOGEE 1 1 0 1 0 0 70.55340774146094 62.586821426827406 143.1 91.68462075439798 22.050348397699086 106.50846 151.82414 275.0055472500735 -6.297574986715689 -5.5309844 -2.253979 0.14543118 275.00553124981025 -6.2975814677733535 275.0182823283127 -6.276978310845764 41.415152677868896 137.82705105440468 16000.0 16600.0 2016.0 2 63 {-999.0 18.540588 15.685016 13.780815 -999.0} sdss_psfmag_ps1 16.984282 14.152488 12.708625 8.557 63050395547377648 1153963152 bright_1x1 mwm_galactic_core_dist_apogee_sparse mwm_galactic science 0 0 0.0 0.0 -999 ""
FIBERMAP 1329 R+3C16 BOSS 0 0 0 1 0 0 70.73423546420483 63.31646522833275 143.1 92.18727071579943 22.609147290635896 106.50846 151.82414 -999.0 -999.0 -999.0 -999.0 -999.0 275.0080112644071 -6.29522198260437 275.020623364435 -6.274422899104979 41.415934237646965 137.82256180321724 -999.0 5400.0 -999.0 1 220 {-999.0 -999.0 -999.0 -999.0 -999.0} "" -999.0 -999.0 -999.0 -999.0 -999 -999 "" "" "" "" 0 0 0.0 0.0 -999 ""
FIBERMAP 1329 R+3C16 METROLOGY 0 0 0 1 0 0 71.27593494732838 62.80375257970451 143.1 92.42417267729404 21.90202137322758 106.50846 151.82414 -999.0 -999.0 -999.0 -999.0 -999.0 275.0090447941186 -6.298392369090151 275.0217017573358 -6.277643036522497 41.4126751042365 137.8238242503831 -999.0 6231.0 -999.0 -1 -999 {-999.0 -999.0 -999.0 -999.0 -999.0} "" -999.0 -999.0 -999.0 -999.0 -999 -999 "" "" "" "" 0 0 0.0 0.0 -999 ""
FIBERMAP 1330 R-3C11 APOGEE 1 1 0 1 0 0 -50.21507372499391 -65.89512189087863 143.1 -75.29398904003301 -34.53295541653168 240.42339 76.19261 274.2397673173467 -6.553264221349536 -4.4014463 -3.8077552 0.20532948 274.2397545782577 -6.553275170112654 274.2534367071826 -6.534606919620895 41.62960652322317 138.86000263642484 16000.0 16600.0 2016.0 2 208 {-999.0 17.678331 15.11077 13.898841 -999.0} sdss_psfmag_ps1 16.286287 14.297701 12.997627 9.406 63050395546690941 1153961129 bright_1x1 mwm_galactic_core_dist_apogee_sparse mwm_galactic science 0 0 0.0 0.0 -999 ""
FIBERMAP 1330 R-3C11 BOSS 0 0 0 1 0 0 -50.74889020570442 -65.39228940786369 143.1 -75.52858096829294 -33.83825432668635 240.42339 76.19261 -999.0 -999.0 -999.0 -999.0 -999.0 274.23877790810207 -6.55031613124934 274.2523244069364 -6.531461172204248 41.63283480135854 138.85888713477524 -999.0 5400.0 -999.0 1 347 {-999.0 -999.0 -999.0 -999.0 -999.0} "" -999.0 -999.0 -999.0 -999.0 -999 -999 "" "" "" "" 0 0 0.0 0.0 -999 ""
FIBERMAP 1330 R-3C11 METROLOGY 0 0 0 1 0 0 -50.04544556103675 -65.1648783283012 143.1 -74.80093938779711 -33.96836109086152 240.42339 76.19261 -999.0 -999.0 -999.0 -999.0 -999.0 274.2420796389407 -6.550863952488507 274.25566266272733 -6.532053938921075 41.63049556552097 138.85564310971776 -999.0 6231.0 -999.0 -1 -999 {-999.0 -999.0 -999.0 -999.0 -999.0} "" -999.0 -999.0 -999.0 -999.0 -999 -999 "" "" "" "" 0 0 0.0 0.0 -999 ""
FIBERMAP 1331 R-10C3 APOGEE 1 1 0 1 0 0 -125.66246735536978 -177.74128188768515 143.1 -194.45952306764116 -97.747791123917 97.77247 69.668304 273.6958494053792 -6.83727484354115 -2.6219614 -6.6429133 0.041135356 273.69584181222945 -6.837293944476221 273.71043725913955 -6.819954184407966 41.689707438137624 139.67271981642105 16000.0 16600.0 2016.0 2 242 {-999.0 19.26858 16.58744 15.18749 -999.0} sdss_psfmag_ps1 17.787745 15.711147 14.380928 10.747 63050395546557974 1153960693 bright_1x1 mwm_galactic_core_dist_apogee_sparse mwm_galactic science 0 0 0.0 0.0 -999 ""
FIBERMAP 1331 R-10C3 BOSS 0 0 0 1 0 0 -124.9352915751604 -177.85558949973387 143.1 -193.87162309643364 -98.19058421180478 97.77247 69.668304 -999.0 -999.0 -999.0 -999.0 -999.0 273.69859315689666 -6.8395321558744415 273.71306665601435 -6.821992418447205 41.68657171010311 139.6712914661756 -999.0 5400.0 -999.0 1 478 {-999.0 -999.0 -999.0 -999.0 -999.0} "" -999.0 -999.0 -999.0 -999.0 -999 -999 "" "" "" "" 0 0 0.0 0.0 -999 ""
FIBERMAP 1331 R-10C3 METROLOGY 0 0 0 1 0 0 -125.3996758535675 -178.4361557152257 143.1 -194.55438053020163 -98.48450638364926 97.77247 69.668304 -999.0 -999.0 -999.0 -999.0 -999.0 273.6954711767516 -6.840778041074764 273.7099848082231 -6.823300400630458 41.687154705534894 139.6756787494988 -999.0 6231.0 -999.0 -1 -999 {-999.0 -999.0 -999.0 -999.0 -999.0} "" -999.0 -999.0 -999.0 -999.0 -999 -999 "" "" "" "" 0 0 0.0 0.0 -999 ""
FIBERMAP 1333 R-5C14 APOGEE 1 1 0 1 0 0 51.70758271546876 -80.58948657745515 143.1 7.731542279553103 -95.42471684205624 132.37355 85.153885 274.61967997481185 -6.831623413881171 -3.9723191 -8.201352 0.087825336 274.61966847118777 -6.8316469959280575 274.63389157085226 -6.811837595922558 41.188661228429766 138.6482791016474 16000.0 16600.0 2016.0 2 195 {-999.0 18.90794 16.151728 14.793738 -999.0} sdss_psfmag_ps1 17.367617 15.347587 14.040859 10.366 63050395546615729 1153960855 bright_1x1 mwm_galactic_core_dist_apogee_sparse mwm_galactic science 0 0 0.0 0.0 -999 ""
FIBERMAP 1333 R-5C14 BOSS 0 0 0 1 0 0 52.31126589978355 -80.15100263171796 143.1 8.470405660852599 -95.32166656374498 132.37355 85.153885 -999.0 -999.0 -999.0 -999.0 -999.0 274.6231928361767 -6.831427730544648 274.63728261503934 -6.811415770455675 41.18712686801053 138.64425717365532 -999.0 5400.0 -999.0 1 325 {-999.0 -999.0 -999.0 -999.0 -999.0} "" -999.0 -999.0 -999.0 -999.0 -999 -999 "" "" "" "" 0 0 0.0 0.0 -999 ""
FIBERMAP 1333 R-5C14 METROLOGY 0 0 0 1 0 0 52.39026580238692 -80.90213545602123 143.1 8.186919302593138 -96.02160217644098 132.37355 85.153885 -999.0 -999.0 -999.0 -999.0 -999.0 274.6218467975477 -6.834542800859392 274.63598204658865 -6.814587788433859 41.185220428455935 138.64803772872608 -999.0 6231.0 -999.0 -1 -999 {-999.0 -999.0 -999.0 -999.0 -999.0} "" -999.0 -999.0 -999.0 -999.0 -999 -999 "" "" "" "" 0 0 0.0 0.0 -999 ""
FIBERMAP 1334 R-4C16 APOGEE 0 0 0 1 0 0 83.69291787393895 -68.90643879086362 143.1 41.448489661830806 -100.1557849240534 102.002426 136.32884 -999.0 -999.0 -999.0 -999.0 -999.0 274.774191057494 -6.853460760195676 274.7884070495934 -6.833227838666118 41.0849732121699 138.49547294195796 -999.0 16600.0 -999.0 2 -999 {-999.0 -999.0 -999.0 -999.0 -999.0} "" -999.0 -999.0 -999.0 -999.0 -999 -999 "" "" "" "" 0 0 0.0 0.0 -999 ""
FIBERMAP 1334 R-4C16 BOSS 1 1 0 1 0 0 84.08393893345028 -68.26085764470727 143.1 42.09708353124635 -99.76999796730294 102.002426 136.32884 274.77731942382303 -6.8519402215690395 0.29990816 -4.547636 0.4364313 274.77732029237796 -6.851953297774668 274.7913991296751 -6.831518999937337 41.08472016010712 138.490938346134 5400.0 5400.0 2016.0 1 283 {-999.0 19.200684 17.678108 16.810047 -999.0} sdss_psfmag_ps1 18.494839 17.44744 16.37041 14.167 63050395546431128 980278533 "" ops_std_boss_red ops_std standard_boss 0 0 0.0 0.0 -999 ""
FIBERMAP 1334 R-4C16 METROLOGY 0 0 0 1 0 0 84.43897477481455 -68.91425423504126 143.1 42.10312438418996 -100.51348909062196 102.002426 136.32884 -999.0 -999.0 -999.0 -999.0 -999.0 274.77729734041316 -6.855268271472822 274.79142178217216 -6.834887429420486 41.081919691759616 138.49342184728067 -999.0 6231.0 -999.0 -1 -999 {-999.0 -999.0 -999.0 -999.0 -999.0} "" -999.0 -999.0 -999.0 -999.0 -999 -999 "" "" "" "" 0 0 0.0 0.0 -999 ""
FIBERMAP 1335 R-7C1 APOGEE 1 1 0 1 0 0 -211.93247512701032 -152.13474730376498 143.1 -258.54230923318335 -34.587417706803045 296.95126 92.79128 273.4071350097656 -6.549085112555957 -999.0 -999.0 -999.0 273.4071350097656 -6.5490851125559555 273.4211238769391 -6.5326450940006335 42.08743079488708 139.78457135161005 16000.0 16600.0 2015.5 2 260 {-999.0 -999.0 -999.0 -999.0 -999.0} "" -999.0 -999.0 -999.0 -999.0 27021603148958211 842697234 "" ops_sky_apogee_best ops_sky sky_apogee 0 0 0.0 0.0 -999 ""
FIBERMAP 1335 R-7C1 BOSS 0 0 0 1 0 0 -212.58557404057726 -152.49724200332255 143.1 -259.28904496576746 -34.60018011924037 296.95126 92.79128 -999.0 -999.0 -999.0 -999.0 -999.0 273.40389591832377 -6.549310610636628 273.4177623327514 -6.532689966685512 42.089218219746556 139.7883733482561 -999.0 5400.0 -999.0 1 500 {-999.0 -999.0 -999.0 -999.0 -999.0} "" -999.0 -999.0 -999.0 -999.0 -999 -999 "" "" "" "" 0 0 0.0 0.0 -999 ""
FIBERMAP 1335 R-7C1 METROLOGY 0 0 0 1 0 0 -212.57114043063012 -151.74863118207017 143.1 -258.92430013240187 -33.946403822793435 296.95126 92.79128 -999.0 -999.0 -999.0 -999.0 -999.0 273.4055096219307 -6.546309758398897 273.4194031807647 -6.529739749171136 42.09079817046478 139.78436114122846 -999.0 6231.0 -999.0 -1 -999 {-999.0 -999.0 -999.0 -999.0 -999.0} "" -999.0 -999.0 -999.0 -999.0 -999 -999 "" "" "" "" 0 0 0.0 0.0 -999 ""
FIBERMAP 1336 R-9C8 APOGEE 1 1 0 1 0 0 -33.80028809505395 -165.33018123716462 143.1 -107.56578429466462 -129.9914894932493 56.09961 146.30438 274.0913260774494 -6.986297409530578 0.8467969 -1.3962758 0.21994573 274.0913285305301 -6.9863014243613115 274.1061414808357 -6.967836752761322 41.350137578811314 139.34315302655588 16000.0 16600.0 2016.0 2 173 {-999.0 19.293737 16.557549 14.98719 -999.0} sdss_psfmag_ps1 17.757025 15.561965 14.217065 10.419 63050395546598224 1153960741 bright_1x1 mwm_galactic_core_dist_apogee_sparse mwm_galactic science 0 0 0.0 0.0 -999 ""
FIBERMAP 1336 R-9C8 BOSS 0 0 0 1 0 0 -33.122434571481534 -165.03808315139744 143.1 -106.83030707526365 -130.0524840356517 56.09961 146.30438 -999.0 -999.0 -999.0 -999.0 -999.0 274.09478003809033 -6.986836841977497 274.10946402500576 -6.9681693901252 41.34803986331746 139.3397341901408 -999.0 5400.0 -999.0 1 383 {-999.0 -999.0 -999.0 -999.0 -999.0} "" -999.0 -999.0 -999.0 -999.0 -999 -999 "" "" "" "" 0 0 0.0 0.0 -999 ""
FIBERMAP 1336 R-9C8 METROLOGY 0 0 0 1 0 0 -33.20161117372633 -165.78064445908046 143.1 -107.24933559727904 -130.67047913556104 56.09961 146.30438 -999.0 -999.0 -999.0 -999.0 -999.0 274.09283453536904 -6.989560645404736 274.10756256951004 -6.970951949134846 41.3467613069175 139.3438764903905 -999.0 6231.0 -999.0 -1 -999 {-999.0 -999.0 -999.0 -999.0 -999.0} "" -999.0 -999.0 -999.0 -999.0 -999 -999 "" "" "" "" 0 0 0.0 0.0 -999 ""
FIBERMAP 1338 R-8C12 APOGEE 0 0 0 1 0 0 61.771661144950635 -166.74854846812113 143.1 -23.901436728074536 -176.18250094312535 22.848606 47.456406 -999.0 -999.0 -999.0 -999.0 -999.0 274.47385924962117 -7.197248779614202 274.48904504644463 -7.177664630052474 40.96504590418813 139.07710018290356 -999.0 16600.0 -999.0 2 -999 {-999.0 -999.0 -999.0 -999.0 -999.0} "" -999.0 -999.0 -999.0 -999.0 -999 -999 "" "" "" "" 0 0 0.0 0.0 -999 ""
FIBERMAP 1338 R-8C12 BOSS 1 1 0 1 0 0 61.53325408172965 -167.4354857532607 143.1 -24.434812565534727 -176.67654150187195 22.848606 47.456406 274.4715576974876 -7.199702792723628 -7.5686617 -6.220769 2.8511643 274.4715357617126 -7.199720679830412 274.4865977013068 -7.179946014650274 40.964496314359145 139.08145200828488 5400.0 5400.0 2016.0 1 382 {-999.0 19.888323 17.65331 16.533632 -999.0} sdss_psfmag_ps1 18.744474 17.155357 15.977986 13.118 63050395546376326 939083356 bright_1x1 openfibertargets_nov2020_34a open_fiber science 0 0 0.0 0.0 -999 ""
FIBERMAP 1338 R-8C12 METROLOGY 0 0 0 1 0 0 61.0393049449991 -166.8910839966898 143.1 -24.614679594204574 -175.96390655981844 22.848606 47.456406 -999.0 -999.0 -999.0 -999.0 -999.0 274.47068290850194 -7.1964341666541145 274.48577374179956 -7.176718854899572 40.96763438107789 139.0799800195886 -999.0 6231.0 -999.0 -1 -999 {-999.0 -999.0 -999.0 -999.0 -999.0} "" -999.0 -999.0 -999.0 -999.0 -999 -999 "" "" "" "" 0 0 0.0 0.0 -999 ""
FIBERMAP 1339 R-4C7 APOGEE 1 1 0 1 0 0 -123.07654117106252 -73.30458017154236 143.1 -143.06992577385373 -6.810320924497466 148.39035 126.51716 273.93040081632944 -6.425824690755526 -4.1378155 -7.863688 0.058327943 273.93038884329553 -6.425847301887956 273.94387381697356 -6.4080628787423155 41.90567000001161 139.10872657344004 16000.0 16600.0 2016.0 2 259 {-999.0 21.691532 18.293474 15.3992405 -999.0} sdss_psfmag_ps1 19.780363 15.79091 14.227254 9.226 63050395546686190 1153960999 bright_1x1 mwm_galactic_core_dist_apogee_sparse mwm_galactic science 0 0 0.0 0.0 -999 ""
FIBERMAP 1339 R-4C7 BOSS 0 0 0 1 0 0 -123.15113430966153 -72.5691466494681 143.1 -142.78993301562514 -6.12631027707348 148.39035 126.51716 -999.0 -999.0 -999.0 -999.0 -999.0 273.93174515836745 -6.422933245779874 273.94509566476404 -6.404957225299033 41.90758302678418 139.10505669803732 -999.0 5400.0 -999.0 1 460 {-999.0 -999.0 -999.0 -999.0 -999.0} "" -999.0 -999.0 -999.0 -999.0 -999 -999 "" "" "" "" 0 0 0.0 0.0 -999 ""
FIBERMAP 1339 R-4C7 METROLOGY 0 0 0 1 0 0 -122.46080424267731 -72.86439421208996 143.1 -142.31962603135804 -6.711436678233707 148.39035 126.51716 -999.0 -999.0 -999.0 -999.0 -999.0 273.9338548896182 -6.425549564976398 273.94724697912795 -6.407620367640789 41.90418154326763 139.10464744415805 -999.0 6231.0 -999.0 -1 -999 {-999.0 -999.0 -999.0 -999.0 -999.0} "" -999.0 -999.0 -999.0 -999.0 -999 -999 "" "" "" "" 0 0 0.0 0.0 -999 ""
FIBERMAP 1340 R+9C17 APOGEE 0 0 0 1 0 0 157.3267941397981 166.3854087355214 143.1 217.0599468372586 72.83846032311925 219.50325 116.485535 -999.0 -999.0 -999.0 -999.0 -999.0 275.5756773199824 -6.06851725536241 275.5876376419451 -6.046490605846195 41.280309510747 137.0329623095462 -999.0 16600.0 -999.0 2 -999 {-999.0 -999.0 -999.0 -999.0 -999.0} "" -999.0 -999.0 -999.0 -999.0 -999 -999 "" "" "" "" 0 0 0.0 0.0 -999 ""
FIBERMAP 1340 R+9C17 BOSS 1 1 0 1 0 0 156.644622824937 166.67113907678288 143.1 216.592363865942 73.41135249146231 219.50325 116.485535 275.5737350410152 -6.066078483809489 -2.3401227 -4.987211 0.29840642 275.5737282743721 -6.0660928239631176 275.5855487942224 -6.043882564418963 41.28363801166144 137.03322106907373 5400.0 5400.0 2016.0 1 240 {-999.0 17.897182 16.58755 15.941519 15.420095} sdss_psfmag_from_ps1dr2 17.3436 16.5013 15.5561 13.872 63050395547030606 1040016318 "" ops_std_boss_ps1dr2 ops_std standard_boss 0 0 0.0 0.0 -999 ""
FIBERMAP 1340 R+9C17 METROLOGY 0 0 0 1 0 0 157.23946532878193 167.12637814061063 143.1 217.33130488596885 73.5333442701916 219.50325 116.485535 -999.0 -999.0 -999.0 -999.0 -999.0 275.57701619337644 -6.065503053780866 275.5888720478972 -6.043338087990472 41.28217826077488 137.02920957335786 -999.0 6231.0 -999.0 -1 -999 {-999.0 -999.0 -999.0 -999.0 -999.0} "" -999.0 -999.0 -999.0 -999.0 -999 -999 "" "" "" "" 0 0 0.0 0.0 -999 ""
FIBERMAP 1341 R-6C4 APOGEE 0 0 0 1 0 0 -159.306847878342 -126.47733515370003 143.1 -200.04170027351554 -36.6931083187324 230.58138 140.83525 -999.0 -999.0 -999.0 -999.0 -999.0 273.6709632954392 -6.560334195285303 273.68488055759235 -6.543183941058932 41.9349912560892 139.49736424415005 -999.0 16600.0 -999.0 2 -999 {-999.0 -999.0 -999.0 -999.0 -999.0} "" -999.0 -999.0 -999.0 -999.0 -999 -999 "" "" "" "" 0 0 0.0 0.0 -999 ""
FIBERMAP 1341 R-6C4 BOSS 1 1 0 1 0 0 -160.02821887032158 -126.64378552092309 143.1 -200.75649509431403 -36.500781459547355 230.58138 140.83525 273.6677887615086 -6.5596045820713185 5.4399376 -12.599317 3.091389 273.6678045064998 -6.559640809960343 273.6815962067656 -6.542309408290118 41.93751545557855 139.50038218049883 5400.0 5400.0 2016.0 1 453 {-999.0 18.054218 16.04111 14.916293 -999.0} sdss_psfmag_ps1 17.06093 15.570544 14.392343 11.563 63050395546680612 917200776 bright_3x1 mwm_yso_pms_boss_sagitta_edr3 mwm_yso science 0 0 0.0 0.0 -999 ""
FIBERMAP 1341 R-6C4 METROLOGY 0 0 0 1 0 0 -159.80818133365673 -125.92477135910795 143.1 -200.2242451953013 -35.96979908885285 230.58138 140.83525 -999.0 -999.0 -999.0 -999.0 -999.0 273.6701965087987 -6.557190056262854 273.6840162117637 -6.539907306447118 41.93820043714651 139.4959071330169 -999.0 6231.0 -999.0 -1 -999 {-999.0 -999.0 -999.0 -999.0 -999.0} "" -999.0 -999.0 -999.0 -999.0 -999 -999 "" "" "" "" 0 0 0.0 0.0 -999 ""
FIBERMAP 1342 R+2C4 APOGEE 0 0 0 1 0 0 -199.4472213652914 53.92360717061089 143.1 -150.63355771223718 141.3646860129094 98.95773 98.0202 -999.0 -999.0 -999.0 -999.0 -999.0 273.89984298875305 -5.753174235003714 273.91167195993114 -5.735765809797358 42.48220223804486 138.63994567284604 -999.0 16600.0 -999.0 2 -999 {-999.0 -999.0 -999.0 -999.0 -999.0} "" -999.0 -999.0 -999.0 -999.0 -999 -999 "" "" "" "" 0 0 0.0 0.0 -999 ""
FIBERMAP 1342 R+2C4 BOSS 1 1 0 1 0 0 -198.75202556275173 54.15204712577517 143.1 -149.91271099525278 141.2393658514877 98.95773 98.0202 273.9030494241867 -5.753882141221437 51.99481 -3.5124314 6.4236655 273.90319968635634 -5.753892240795221 273.914905388415 -5.73628928035469 42.4799713005204 138.63672333629376 5400.0 5400.0 2016.0 1 35 {-999.0 19.02823 17.509901 16.18257 -999.0} sdss_psfmag_ps1 18.350958 16.805351 15.601819 13.29 63050395556000566 939105277 bright_1x1 openfibertargets_nov2020_34a open_fiber science 0 0 0.0 0.0 -999 ""
FIBERMAP 1342 R+2C4 METROLOGY 0 0 0 1 0 0 -198.89284187592224 53.424282264083494 143.1 -150.37917196787708 140.66341090030016 98.95773 98.0202 -999.0 -999.0 -999.0 -999.0 -999.0 273.90103326765023 -5.7564497321953825 273.9127802891045 -5.738904242736572 42.4789829283007 138.64108167529199 -999.0 6231.0 -999.0 -1 -999 {-999.0 -999.0 -999.0 -999.0 -999.0} "" -999.0 -999.0 -999.0 -999.0 -999 -999 "" "" "" "" 0 0 0.0 0.0 -999 ""
FIBERMAP 1345 R-1C16 APOGEE 1 1 0 1 0 0 45.066928643641184 -33.17377020700343 143.1 24.167557628240576 -50.46324182191307 261.27463 83.35751 274.6955683288541 -6.6272113441453495 -3.2833343 -6.853794 0.06876153 274.6955588244953 -6.627231051443806 274.7092463908062 -6.607310243121593 41.31605474803083 138.413321196934 16000.0 16600.0 2016.0 2 231 {-999.0 19.058945 16.309713 14.7324915 -999.0} sdss_psfmag_ps1 17.531448 15.286387 13.931613 10.121 63050395546629055 1153960750 bright_1x1 mwm_galactic_core_dist_apogee_sparse mwm_galactic science 0 0 0.0 0.0 -999 ""
FIBERMAP 1345 R-1C16 BOSS 0 0 0 1 0 0 44.34355181106798 -32.97461047869118 143.1 23.622908620145846 -49.94736279701761 261.27463 83.35751 -999.0 -999.0 -999.0 -999.0 -999.0 274.69321083759377 -6.6250959770675 274.7067627850121 -6.604990440834518 41.31935994500794 138.41430310676438 -999.0 5400.0 -999.0 1 281 {-999.0 -999.0 -999.0 -999.0 -999.0} "" -999.0 -999.0 -999.0 -999.0 -999 -999 "" "" "" "" 0 0 0.0 0.0 -999 ""
FIBERMAP 1345 R-1C16 METROLOGY 0 0 0 1 0 0 44.87266648685988 -32.44555890918344 143.1 24.338560193763175 -49.72933366555542 261.27463 83.35751 -999.0 -999.0 -999.0 -999.0 -999.0 274.696455904636 -6.624050671591828 274.71004117808195 -6.603991321709094 41.318356600260856 138.40996870685115 -999.0 6231.0 -999.0 -1 -999 {-999.0 -999.0 -999.0 -999.0 -999.0} "" -999.0 -999.0 -999.0 -999.0 -999 -999 "" "" "" "" 0 0 0.0 0.0 -999 ""
FIBERMAP 1346 R+3C6 APOGEE 0 0 0 1 0 0 -154.895157438269 52.39224112897954 143.1 -112.0415426821561 119.0643353014262 192.79727 134.01608 -999.0 -999.0 -999.0 -999.0 -999.0 274.07468875145895 -5.854171050362872 274.08670216629446 -5.836251702265352 42.30152304783029 138.52054235394073 -999.0 16600.0 -999.0 2 -999 {-999.0 -999.0 -999.0 -999.0 -999.0} "" -999.0 -999.0 -999.0 -999.0 -999 -999 "" "" "" "" 0 0 0.0 0.0 -999 ""
FIBERMAP 1346 R+3C6 BOSS 1 1 0 1 0 0 -155.5080292600783 52.79004706458983 143.1 -112.39527705305122 119.70353559654521 192.79727 134.01608 274.0731811523437 -5.851416867955166 -999.0 -999.0 -999.0 274.0731811523437 -5.851416867955166 274.0850621351535 -5.833316986009348 42.30486814056713 138.52014865396467 5400.0 5400.0 2015.5 1 39 {-999.0 -999.0 -999.0 -999.0 -999.0} "" -999.0 -999.0 -999.0 -999.0 27021603148963882 820586580 "" ops_sky_boss_good ops_sky sky_boss 0 0 0.0 0.0 -999 ""
FIBERMAP 1346 R+3C6 METROLOGY 0 0 0 1 0 0 -154.86599528930378 53.137768827713494 143.1 -111.66525133563931 119.70846550024886 192.79727 134.01608 -999.0 -999.0 -999.0 -999.0 -999.0 274.0764801568512 -5.851352501012141 274.08839548666845 -5.833296471839158 42.30302852033882 138.51641805321842 -999.0 6231.0 -999.0 -1 -999 {-999.0 -999.0 -999.0 -999.0 -999.0} "" -999.0 -999.0 -999.0 -999.0 -999 -999 "" "" "" "" 0 0 0.0 0.0 -999 ""
FIBERMAP 1349 R-5C10 APOGEE 1 1 0 1 0 0 -51.87805612192889 -98.54497682623898 143.1 -92.11386632783126 -62.56074763430776 222.02771 74.146286 274.1624450683594 -6.680516866204741 -999.0 -999.0 -999.0 274.1624450683594 -6.680516866204741 274.1764723104236 -6.6619987875125 41.56621408621686 139.03968488528588 16000.0 16600.0 2015.5 2 289 {-999.0 -999.0 -999.0 -999.0 -999.0} "" -999.0 -999.0 -999.0 -999.0 27021603148788555 848185932 "" ops_sky_apogee_best ops_sky sky_apogee 0 0 0.0 0.0 -999 ""
FIBERMAP 1349 R-5C10 BOSS 0 0 0 1 0 0 -52.205136685499994 -97.86170640824014 143.1 -92.08119270015419 -61.80404130396423 222.02771 74.146286 -999.0 -999.0 -999.0 -999.0 -999.0 274.16268694914805 -6.6772959667906475 274.1765775848738 -6.658587316910134 41.568993919562175 139.03703803831866 -999.0 5400.0 -999.0 1 398 {-999.0 -999.0 -999.0 -999.0 -999.0} "" -999.0 -999.0 -999.0 -999.0 -999 -999 "" "" "" "" 0 0 0.0 0.0 -999 ""
FIBERMAP 1349 R-5C10 METROLOGY 0 0 0 1 0 0 -51.46607338249251 -97.91890278600678 143.1 -91.45594873382176 -62.20202998024101 222.02771 74.146286 -999.0 -999.0 -999.0 -999.0 -999.0 274.16551579651133 -6.679059853829628 274.179446123537 -6.660397066496513 41.56590716098625 139.03521274687952 -999.0 6231.0 -999.0 -1 -999 {-999.0 -999.0 -999.0 -999.0 -999.0} "" -999.0 -999.0 -999.0 -999.0 -999 -999 "" "" "" "" 0 0 0.0 0.0 -999 ""
FIBERMAP 1351 R-3C8 APOGEE 0 0 0 1 0 0 -112.13657015773296 -64.12521523836769 143.1 -129.10037099519445 -3.854733925937621 203.68037 121.411835 -999.0 -999.0 -999.0 -999.0 -999.0 273.9941583008402 -6.412657196813912 274.00758624068135 -6.3947081019166125 41.88168497859077 139.02799024694173 -999.0 16600.0 -999.0 2 -999 {-999.0 -999.0 -999.0 -999.0 -999.0} "" -999.0 -999.0 -999.0 -999.0 -999 -999 "" "" "" "" 0 0 0.0 0.0 -999 ""
FIBERMAP 1351 R-3C8 BOSS 1 1 0 1 0 0 -112.75905627239565 -63.7064843639716 143.1 -129.4527496349456 -3.1925489767987303 203.68037 121.411835 273.99263281317604 -6.409763263591012 -0.4347546 -22.800287 1.6693169 273.99263155522533 -6.409828823200959 274.0059263785419 -6.391695673886341 41.885106424856744 139.0275886965568 5400.0 5400.0 2016.0 1 469 {-999.0 19.737148 17.24104 15.932662 -999.0} sdss_psfmag_ps1 18.41724 16.573122 15.309539 12.18 63050395546686029 939084226 bright_1x1 openfibertargets_nov2020_34a open_fiber science 0 0 0.0 0.0 -999 ""
FIBERMAP 1351 R-3C8 METROLOGY 0 0 0 1 0 0 -112.08333017547321 -63.381019373826106 143.1 -128.70345997145927 -3.2231007018778 203.68037 121.411835 -999.0 -999.0 -999.0 -999.0 -999.0 273.9960254641683 -6.40992709775482 274.00935489077585 -6.391838571350077 41.883097122491925 139.02388771294667 -999.0 6231.0 -999.0 -1 -999 {-999.0 -999.0 -999.0 -999.0 -999.0} "" -999.0 -999.0 -999.0 -999.0 -999 -999 "" "" "" "" 0 0 0.0 0.0 -999 ""
FIBERMAP 1353 R-12C3 APOGEE 0 0 0 1 0 0 -106.02427784120074 -251.28903302779582 143.1 -211.7144060441799 -171.87944029251443 334.46292 62.515835 -999.0 -999.0 -999.0 -999.0 -999.0 273.61836705748334 -7.170921290418624 273.6338209613208 -7.153639445196809 41.45178803702822 140.00155770433173 -999.0 16600.0 -999.0 2 -999 {-999.0 -999.0 -999.0 -999.0 -999.0} "" -999.0 -999.0 -999.0 -999.0 -999 -999 "" "" "" "" 0 0 0.0 0.0 -999 ""
FIBERMAP 1353 R-12C3 BOSS 1 1 0 1 0 0 -106.6321354921083 -251.74438910846274 143.1 -212.46488646232666 -171.99541539407116 334.46292 62.515835 273.6151110663356 -7.171586922826508 -0.4186642 -2.0120046 0.47560254 273.61510985302266 -7.1715927081149236 273.6304399647803 -7.1541255438719045 41.4532076958765 140.00566453718693 5400.0 5400.0 2016.0 1 350 {-999.0 19.681479 16.348988 14.669641 -999.0} sdss_psfmag_ps1 17.74111 15.033303 13.594305 8.906 63050395546493258 934425540 bright_1x1 openfibertargets_nov2020_34a open_fiber science 0 0 0.0 0.0 -999 ""
FIBERMAP 1353 R-12C3 METROLOGY 0 0 0 1 0 0 -106.71240598605853 -251.0006901125606 143.1 -212.18601676070986 -171.3014418301006 334.46292 62.515835 -999.0 -999.0 -999.0 -999.0 -999.0 273.61632122548116 -7.16843527944657 273.63167887353677 -7.151021228987571 41.45514148158451 140.0020329491186 -999.0 6231.0 -999.0 -1 -999 {-999.0 -999.0 -999.0 -999.0 -999.0} "" -999.0 -999.0 -999.0 -999.0 -999 -999 "" "" "" "" 0 0 0.0 0.0 -999 ""
FIBERMAP 1354 R+3C8 APOGEE 0 0 0 1 0 0 -93.50875582906916 52.33943629144633 143.1 -57.899911710439774 90.15286945135645 289.9085 146.34874 -999.0 -999.0 -999.0 -999.0 -999.0 274.3212969598194 -5.985837813680799 274.3335426994844 -5.967201987935416 42.055393160822476 138.34535519759777 -999.0 16600.0 -999.0 2 -999 {-999.0 -999.0 -999.0 -999.0 -999.0} "" -999.0 -999.0 -999.0 -999.0 -999 -999 "" "" "" "" 0 0 0.0 0.0 -999 ""
FIBERMAP 1354 R+3C8 BOSS 1 1 0 1 0 0 -93.70479146533647 51.59779992568628 143.1 -58.4216200079975 89.59063950068335 289.9085 146.34874 274.3190002441406 -5.988533371136327 -999.0 -999.0 -999.0 274.3190002441406 -5.988533371136328 274.3311257544958 -5.969715418644266 42.05466476656029 138.34993533848555 5400.0 5400.0 2015.5 1 52 {-999.0 -999.0 -999.0 -999.0 -999.0} "" -999.0 -999.0 -999.0 -999.0 27021603148797218 852798993 "" ops_sky_boss_fallback ops_sky sky_boss 0 0 0.0 0.0 -999 ""
FIBERMAP 1354 R+3C8 METROLOGY 0 0 0 1 0 0 -94.22439656847885 52.12843792034138 143.1 -58.63059742706768 90.3031933483745 289.9085 146.34874 -999.0 -999.0 -999.0 -999.0 -999.0 274.3180261386281 -5.9852467188249365 274.3301801134529 -5.9664858433154775 42.057864787476646 138.34853917329963 -999.0 6231.0 -999.0 -1 -999 {-999.0 -999.0 -999.0 -999.0 -999.0} "" -999.0 -999.0 -999.0 -999.0 -999 -999 "" "" "" "" 0 0 0.0 0.0 -999 ""
FIBERMAP 1355 R0C10 APOGEE 0 0 0 1 0 0 -103.43651731363708 0.3434304628104695 143.1 -91.10937964162196 48.940549186797824 182.03833 114.131714 -999.0 -999.0 -999.0 -999.0 -999.0 274.16865481921747 -6.1729344715286745 274.1814220959194 -6.154624528980788 41.98491314449011 138.65536559881835 -999.0 16600.0 -999.0 2 -999 {-999.0 -999.0 -999.0 -999.0 -999.0} "" -999.0 -999.0 -999.0 -999.0 -999 -999 "" "" "" "" 0 0 0.0 0.0 -999 ""
FIBERMAP 1355 R0C10 BOSS 1 1 0 1 0 0 -103.7751949393347 1.0080097467431535 143.1 -91.09572796285073 49.686215859325 182.03833 114.131714 274.1687936255857 -6.169705656120082 7.151362 -0.081301704 0.6134669 274.1688143083022 -6.169705889893405 274.1814462502461 -6.151208893685472 41.98773252758575 138.652771414687 5400.0 5400.0 2016.0 1 491 {-999.0 19.312786 17.003038 15.745146 -999.0} sdss_psfmag_ps1 18.13424 16.344357 15.0838175 11.763 63050395546723653 939084331 bright_1x1 openfibertargets_nov2020_34a open_fiber science 0 0 0.0 0.0 -999 ""
FIBERMAP 1355 R0C10 METROLOGY 0 0 0 1 0 0 -103.02109257427443 0.9631757866631484 143.1 -90.45140074140186 49.29206399070211 182.03833 114.131714 -999.0 -999.0 -999.0 -999.0 -999.0 274.1717251115629 -6.1714583948774155 274.1843962563156 -6.153006153429818 41.98460320855957 138.65084986994887 -999.0 6231.0 -999.0 -1 -999 {-999.0 -999.0 -999.0 -999.0 -999.0} "" -999.0 -999.0 -999.0 -999.0 -999 -999 "" "" "" "" 0 0 0.0 0.0 -999 ""
FIBERMAP 1356 R+8C9 APOGEE 0 0 0 1 0 0 -43.1362241785929 153.8850835938666 143.1 34.29646533534389 156.0692864928471 238.62868 49.20093 -999.0 -999.0 -999.0 -999.0 -999.0 274.7437239334197 -5.687878911525963 274.755071034126 -5.668244438577038 42.06475744575711 137.65179791522604 -999.0 16600.0 -999.0 2 -999 {-999.0 -999.0 -999.0 -999.0 -999.0} "" -999.0 -999.0 -999.0 -999.0 -999 -999 "" "" "" "" 0 0 0.0 0.0 -999 ""
FIBERMAP 1356 R+8C9 BOSS 1 1 0 1 0 0 -43.3707381905647 154.62413683516664 143.1 34.43704830996934 156.8316884897337 238.62868 49.20093 274.744506169418 -5.68456171974231 1.6579591 -0.31441396 0.83127195 274.74451096024904 -5.68456262380357 274.75572040446133 -5.664741582738147 42.06726952506353 137.64839628420927 5400.0 5400.0 2016.0 1 123 {-999.0 19.225058 17.187725 15.971264 -999.0} sdss_psfmag_ps1 18.331896 16.695965 15.477593 12.678 63050395547527197 1035047688 bright_1x1 mwm_yso_pms_boss_sagitta_edr3_single mwm_yso science 0 0 0.0 0.0 -999 ""
FIBERMAP 1356 R+8C9 METROLOGY 0 0 0 1 0 0 -42.64080510878526 154.4429562726946 143.1 34.99593654867298 156.3285911635005 238.62868 49.20093 -999.0 -999.0 -999.0 -999.0 -999.0 274.74702256356085 -5.686804929802509 274.758273057598 -5.66702890935482 42.0639429537963 137.6473371276363 -999.0 6231.0 -999.0 -1 -999 {-999.0 -999.0 -999.0 -999.0 -999.0} "" -999.0 -999.0 -999.0 -999.0 -999 -999 "" "" "" "" 0 0 0.0 0.0 -999 ""
FIBERMAP 1357 R+3C5 APOGEE 1 0 0 1 1 0 -187.66422929283496 47.414551625750704 143.1 -143.29708070914316 130.08063878804867 283.3205 20.087818 274.0471812295604 -5.7652035144154645 -1.2735369 -7.6821976 0.1345046 273.9327648504721 -5.804196794091263 273.9447079138322 -5.786678298901286 42.421612654509026 138.64152656068927 16000.0 16600.0 2016.0 2 148 {-999.0 16.57338 14.476321 13.365057 -999.0} sdss_psfmag_from_g3xp 15.536672 14.037909 12.859902 9.747 63050395556397262 1152272416 bright_1x1 mwm_galactic_core_dist_apogee_sparse mwm_galactic science 0 0 0.0 0.0 -999 ""
FIBERMAP 1357 R+3C5 BOSS 0 0 0 1 1 0 -188.08157017393245 48.034386470470054 143.1 -143.3738798871952 130.82381234919347 283.3205 20.087818 -999.0 -999.0 -999.0 -999.0 -999.0 273.9325278318689 -5.800984618631974 273.94433769953275 -5.78328295947799 42.424634846602245 138.6393716649957 -999.0 5400.0 -999.0 1 40 {-999.0 -999.0 -999.0 -999.0 -999.0} "" -999.0 -999.0 -999.0 -999.0 -999 -999 "" "" "" "" 0 0 0.0 0.0 -999 ""
FIBERMAP 1357 R+3C5 METROLOGY 0 0 0 1 1 0 -187.33937306807672 48.08528677977038 143.1 -142.69504190135896 130.5197330401184 283.3205 20.087818 -999.0 -999.0 -999.0 -999.0 -999.0 273.9355745917038 -5.802314839148852 273.9474221136311 -5.78465693600553 42.421781234334155 138.63696288814322 -999.0 6231.0 -999.0 -1 -999 {-999.0 -999.0 -999.0 -999.0 -999.0} "" -999.0 -999.0 -999.0 -999.0 -999 -999 "" "" "" "" 0 0 0.0 0.0 -999 ""
FIBERMAP 1358 R-3C14 APOGEE 1 1 0 1 0 0 38.72222394589078 -70.08611662127306 143.1 1.2123053011052012 -80.05077302460899 293.3948 118.83455 274.5899534080597 -6.761641307070189 -2.0287874 -4.57258 0.13961518 274.5899475336551 -6.7616544549989035 274.6040091447571 -6.741956061042142 41.26318235658005 138.6289861835907 16000.0 16600.0 2016.0 2 215 {-999.0 19.03389 16.467098 14.37225 -999.0} sdss_psfmag_ps1 17.61332 14.807196 13.360812 9.423 63050395546617488 1153960860 bright_1x1 mwm_galactic_core_dist_apogee_sparse mwm_galactic science 0 0 0.0 0.0 -999 ""
FIBERMAP 1358 R-3C14 BOSS 0 0 0 1 0 0 38.27636294164966 -70.68476230343234 143.1 0.5373912773445932 -80.36935819365279 293.3948 118.83455 -999.0 -999.0 -999.0 -999.0 -999.0 274.5869795178855 -6.7633303748815035 274.6009154035312 -6.743446477541677 41.263666491331435 138.63348312226591 -999.0 5400.0 -999.0 1 264 {-999.0 -999.0 -999.0 -999.0 -999.0} "" -999.0 -999.0 -999.0 -999.0 -999 -999 "" "" "" "" 0 0 0.0 0.0 -999 ""
FIBERMAP 1358 R-3C14 METROLOGY 0 0 0 1 0 0 37.976754585917305 -70.00054952705393 143.1 0.5947490904262508 -79.62473821330335 293.3948 118.83455 -999.0 -999.0 -999.0 -999.0 -999.0 274.58721394115474 -6.759880710748755 274.6011783332684 -6.740052360606662 41.26633328809778 138.63066837723338 -999.0 6231.0 -999.0 -1 -999 {-999.0 -999.0 -999.0 -999.0 -999.0} "" -999.0 -999.0 -999.0 -999.0 -999 -999 "" "" "" "" 0 0 0.0 0.0 -999 ""
FIBERMAP 1359 R-7C12 APOGEE 1 1 0 1 0 0 49.18284068361463 -135.46362717698204 143.1 -20.29895501870088 -142.65767963257676 20.89584 97.250824 274.49066162109375 -7.045662144833699 -999.0 -999.0 -999.0 274.49066162109375 -7.045662144833699 274.5054653302702 -7.026101654668585 41.08198677108286 138.94748902253713 16000.0 16600.0 2015.5 2 161 {-999.0 -999.0 -999.0 -999.0 -999.0} "" -999.0 -999.0 -999.0 -999.0 27021603148784667 842675379 "" ops_sky_apogee_best ops_sky sky_apogee 0 0 0.0 0.0 -999 ""
FIBERMAP 1359 R-7C12 BOSS 0 0 0 1 0 0 49.52147881211086 -136.1126506939919 143.1 -20.305326977858254 -143.38960155225152 20.89584 97.250824 -999.0 -999.0 -999.0 -999.0 -999.0 274.49074795488053 -7.049229764336061 274.5054292744634 -7.029472973054048 41.07920544616419 138.95001705735208 -999.0 5400.0 -999.0 1 381 {-999.0 -999.0 -999.0 -999.0 -999.0} "" -999.0 -999.0 -999.0 -999.0 -999 -999 "" "" "" "" 0 0 0.0 0.0 -999 ""
FIBERMAP 1359 R-7C12 METROLOGY 0 0 0 1 0 0 48.78453975329733 -136.0942601785282 143.1 -20.946943681770826 -143.02685345357588 20.89584 97.250824 -999.0 -999.0 -999.0 -999.0 -999.0 274.4877756663979 -7.047510250023978 274.5024910953358 -7.0278173142672555 41.08220365947455 138.95200947098058 -999.0 6231.0 -999.0 -1 -999 {-999.0 -999.0 -999.0 -999.0 -999.0} "" -999.0 -999.0 -999.0 -999.0 -999 -999 "" "" "" "" 0 0 0.0 0.0 -999 ""
FIBERMAP 1362 R-12C4 APOGEE 0 0 0 1 0 0 -110.83938014706544 -235.4217599197748 143.1 -208.50213513879194 -155.61425275436517 251.60149 35.773342 -999.0 -999.0 -999.0 -999.0 -999.0 273.63262651185124 -7.097948019390484 273.6478936090234 -7.080660797268836 41.505360753345236 139.93283621254193 -999.0 16600.0 -999.0 2 -999 {-999.0 -999.0 -999.0 -999.0 -999.0} "" -999.0 -999.0 -999.0 -999.0 -999 -999 "" "" "" "" 0 0 0.0 0.0 -999 ""
FIBERMAP 1362 R-12C4 BOSS 1 1 0 1 0 0 -111.06772278515227 -234.70609378118888 143.1 -208.3671036255344 -154.87538907306808 251.60149 35.773342 273.63334140989383 -7.094830324231414 0.48391387 0.09194127 0.6355622 273.633342812069 -7.094830059864846 273.64847529357905 -7.077349062232606 41.507821628027095 139.92977807308617 5400.0 5400.0 2016.0 1 351 {-999.0 18.768606 16.531702 15.539062 -999.0} sdss_psfmag_ps1 17.640707 16.127132 14.926421 11.896 63050395546495017 917200734 bright_4x1 mwm_yso_pms_boss_sagitta_edr3 mwm_yso science 0 0 0.0 0.0 -999 ""
FIBERMAP 1362 R-12C4 METROLOGY 0 0 0 1 0 0 -110.33698474362905 -234.8701614796775 143.1 -207.79945835875296 -155.3637647640487 251.60149 35.773342 -999.0 -999.0 -999.0 -999.0 -999.0 273.6358801545862 -7.0970019716143895 273.65105283768867 -7.0795679905553675 41.50456663467551 139.9285315283755 -999.0 6231.0 -999.0 -1 -999 {-999.0 -999.0 -999.0 -999.0 -999.0} "" -999.0 -999.0 -999.0 -999.0 -999 -999 "" "" "" "" 0 0 0.0 0.0 -999 ""
FIBERMAP 1363 R-6C13 APOGEE 0 0 0 1 0 0 50.40955479379459 -111.58653030604737 143.1 -7.989126164309569 -122.16570014046077 318.8786 174.50491 -999.0 -999.0 -999.0 -999.0 -999.0 274.54728977246094 -6.952918062206345 274.5618415312632 -6.933247817930753 41.12792256749761 138.81716606283743 -999.0 16600.0 -999.0 2 -999 {-999.0 -999.0 -999.0 -999.0 -999.0} "" -999.0 -999.0 -999.0 -999.0 -999 -999 "" "" "" "" 0 0 0.0 0.0 -999 ""
FIBERMAP 1363 R-6C13 BOSS 1 1 0 1 0 0 50.92403634843149 -112.12032499759407 143.1 -7.786154018873894 -122.87863023643231 318.8786 174.50491 274.54833984375 -6.9564045198840745 -999.0 -999.0 -999.0 274.54833984375 -6.956404519884074 274.56276852667827 -6.936535958854217 41.12468014283929 138.8185868407061 5400.0 5400.0 2015.5 1 380 {-999.0 -999.0 -999.0 -999.0 -999.0} "" -999.0 -999.0 -999.0 -999.0 27021603148784731 820563897 "" ops_sky_boss_good ops_sky sky_boss 0 0 0.0 0.0 -999 ""
FIBERMAP 1363 R-6C13 METROLOGY 0 0 0 1 0 0 50.20427941986385 -112.30383359013952 143.1 -8.507545665212792 -122.70211426367342 318.8786 174.50491 -999.0 -999.0 -999.0 -999.0 -999.0 274.5449980581109 -6.955528792062216 274.55946311899686 -6.9357245399084215 41.127183704407486 138.8216015930843 -999.0 6231.0 -999.0 -1 -999 {-999.0 -999.0 -999.0 -999.0 -999.0} "" -999.0 -999.0 -999.0 -999.0 -999 -999 "" "" "" "" 0 0 0.0 0.0 -999 ""
FIBERMAP 1364 R+13C6 APOGEE 1 1 0 1 0 0 -14.233398911692415 258.8023018669112 143.1 109.13365508769263 235.05612897235991 76.82185 45.54967 275.0840012032965 -5.334136379229371 -1.6606196 -2.9951005 0.01733248 275.08399640760746 -5.334144991297187 275.09433940233583 -5.313755265551666 42.162023670868734 137.0049479685969 16000.0 16600.0 2016.0 2 105 {-999.0 20.892815 18.046814 15.251803 -999.0} sdss_psfmag_ps1 19.442453 15.780778 14.238322 9.802 63050395547711080 1153964097 bright_1x1 mwm_galactic_core_dist_apogee_sparse mwm_galactic science 0 0 0.0 0.0 -999 ""
FIBERMAP 1364 R+13C6 BOSS 0 0 0 1 0 0 -13.84880160700402 258.1712343574773 143.1 109.17628003475284 234.3184404279259 76.82185 45.54967 -999.0 -999.0 -999.0 -999.0 -999.0 275.084339577747 -5.337616206654431 275.0945606812278 -5.317039838711398 42.15921156637421 137.00725677573595 -999.0 5400.0 -999.0 1 84 {-999.0 -999.0 -999.0 -999.0 -999.0} "" -999.0 -999.0 -999.0 -999.0 -999 -999 "" "" "" "" 0 0 0.0 0.0 -999 ""
FIBERMAP 1364 R+13C6 METROLOGY 0 0 0 1 0 0 -14.5863311911557 258.1408300456796 143.1 108.51119814872955 234.63841036101346 76.82185 45.54967 -999.0 -999.0 -999.0 -999.0 -999.0 275.08127952862293 -5.33611482073265 275.0915350545629 -5.315599495415456 42.162123973728406 137.0094604303289 -999.0 6231.0 -999.0 -1 -999 {-999.0 -999.0 -999.0 -999.0 -999.0} "" -999.0 -999.0 -999.0 -999.0 -999 -999 "" "" "" "" 0 0 0.0 0.0 -999 ""
FIBERMAP 1365 R+12C3 APOGEE 0 0 0 1 0 0 -118.13171881294497 222.98318101150042 143.1 0.6125753709102398 252.3045201287113 223.73962 131.2004 -999.0 -999.0 -999.0 -999.0 -999.0 274.59090102493286 -5.254533673945538 274.60123570634846 -5.235495283599962 42.507626073037706 137.48851801493504 -999.0 16600.0 -999.0 2 -999 {-999.0 -999.0 -999.0 -999.0 -999.0} "" -999.0 -999.0 -999.0 -999.0 -999 -999 "" "" "" "" 0 0 0.0 0.0 -999 ""
FIBERMAP 1365 R+12C3 BOSS 1 1 0 1 0 0 -118.87261977219691 223.03239095911036 143.1 -0.018045464033319452 252.6963257915959 223.73962 131.2004 274.5881652832031 -5.25294105940678 -999.0 -999.0 -999.0 274.5881652832031 -5.252941059406778 274.59836952158963 -5.2337278639211045 42.510706122530244 137.49032971730537 5400.0 5400.0 2015.5 1 94 {-999.0 -999.0 -999.0 -999.0 -999.0} "" -999.0 -999.0 -999.0 -999.0 27021603148964720 820586675 "" ops_sky_boss_good ops_sky sky_boss 0 0 0.0 0.0 -999 ""
FIBERMAP 1365 R+12C3 METROLOGY 0 0 0 1 0 0 -118.4601774383158 223.6530891484351 143.1 0.6377498579655471 253.05008376496255 223.73962 131.2004 -999.0 -999.0 -999.0 -999.0 -999.0 274.59111475716486 -5.251322743539603 274.6013500229633 -5.232154175078328 42.51030490554446 137.48580500280997 -999.0 6231.0 -999.0 -1 -999 {-999.0 -999.0 -999.0 -999.0 -999.0} "" -999.0 -999.0 -999.0 -999.0 -999 -999 "" "" "" "" 0 0 0.0 0.0 -999 ""
FIBERMAP 1369 R-1C18 APOGEE 1 1 0 1 0 0 91.489120784529 -24.757555529260927 143.1 69.08725854123288 -64.8653574830521 187.07137 137.64531 274.90128659610855 -6.6931453442464885 -1.5229228 -3.5802395 -0.26932654 274.90128218706946 -6.693155638814466 274.9150515221218 -6.672654613298277 41.146978974053944 138.2375561503314 16000.0 16600.0 2016.0 2 217 {-999.0 20.229767 17.414371 15.360919 -999.0} sdss_psfmag_ps1 18.654776 16.288374 14.363872 10.07 63050395546443743 1153959991 bright_1x1 mwm_galactic_core_dist_apogee_sparse mwm_galactic science 0 0 0.0 0.0 -999 ""
FIBERMAP 1369 R-1C18 BOSS 0 0 0 1 0 0 90.90081310512954 -24.31224692092969 143.1 68.77753572880944 -64.19579198022355 187.07137 137.64531 -999.0 -999.0 -999.0 -999.0 -999.0 274.900038136274 -6.690332507192306 274.9136684628771 -6.6696432895261655 41.15024049701444 138.23680772974615 -999.0 5400.0 -999.0 1 295 {-999.0 -999.0 -999.0 -999.0 -999.0} "" -999.0 -999.0 -999.0 -999.0 -999 -999 "" "" "" "" 0 0 0.0 0.0 -999 ""
FIBERMAP 1369 R-1C18 METROLOGY 0 0 0 1 0 0 91.5822818200224 -24.007464878524125 143.1 69.52216714008168 -64.24729430627974 187.07137 137.64531 -999.0 -999.0 -999.0 -999.0 -999.0 274.9034045861078 -6.690510318566441 274.917071563107 -6.669866638392578 41.14814999974679 138.2332679631368 -999.0 6231.0 -999.0 -1 -999 {-999.0 -999.0 -999.0 -999.0 -999.0} "" -999.0 -999.0 -999.0 -999.0 -999 -999 "" "" "" "" 0 0 0.0 0.0 -999 ""
FIBERMAP 1370 R0C23 APOGEE 1 1 0 1 0 0 214.06985612131228 18.193941374736383 143.1 197.44718542592983 -84.60501629439847 132.16504 18.76413 275.4863665061369 -6.7824787179364305 -1.9124908 -6.2631054 0.10102873 275.48636096823265 -6.782496726777347 275.5001163561551 -6.760388653014241 40.74522425830569 137.66978895393876 16000.0 16600.0 2016.0 2 89 {-999.0 19.17297 16.389114 15.017387 -999.0} sdss_psfmag_ps1 17.61673 15.553777 14.23707 10.535 63050395546775207 1153961449 bright_1x1 mwm_galactic_core_dist_apogee_sparse mwm_galactic science 0 0 0.0 0.0 -999 ""
FIBERMAP 1370 R0C23 BOSS 0 0 0 1 0 0 214.6484835605619 17.738361591990273 143.1 197.7435368652688 -85.27909312658056 132.16504 18.76413 -999.0 -999.0 -999.0 -999.0 -999.0 275.48786685154033 -6.7857589533091 275.5014936773475 -6.76345082679492 40.74192879509885 137.6706105967582 -999.0 5400.0 -999.0 1 245 {-999.0 -999.0 -999.0 -999.0 -999.0} "" -999.0 -999.0 -999.0 -999.0 -999 -999 "" "" "" "" 0 0 0.0 0.0 -999 ""
FIBERMAP 1370 R0C23 METROLOGY 0 0 0 1 0 0 213.9517335833763 17.45276256905199 143.1 196.9944416559723 -85.20347849055157 132.16504 18.76413 -999.0 -999.0 -999.0 -999.0 -999.0 275.48442774063454 -6.785366731232629 275.49809354357785 -6.763123133234936 40.744123237348035 137.6740250777513 -999.0 6231.0 -999.0 -1 -999 {-999.0 -999.0 -999.0 -999.0 -999.0} "" -999.0 -999.0 -999.0 -999.0 -999 -999 "" "" "" "" 0 0 0.0 0.0 -999 ""
FIBERMAP 1372 R-11C10 APOGEE 1 1 0 1 0 0 50.20960855645887 -218.5510515194464 143.1 -58.4619910525899 -216.45560727768571 15.073235 81.42178 274.31557619383364 -7.3778459114544495 -3.9271786 -3.6928318 0.11899926 274.31556480741233 -7.377856529768312 274.3312608096949 -7.358614273321074 40.90099250702133 139.38222629072038 16000.0 16600.0 2016.0 2 157 {-999.0 20.397675 17.139164 15.459011 -999.0} sdss_psfmag_ps1 18.5367 16.00317 14.597346 10.462 63050395546249454 1153959477 bright_1x1 mwm_galactic_core_dist_apogee_sparse mwm_galactic science 0 0 0.0 0.0 -999 ""
FIBERMAP 1372 R-11C10 BOSS 0 0 0 1 0 0 50.295726901415534 -219.29278978988327 143.1 -58.7347787316328 -217.1506004796908 15.073235 81.42178 -999.0 -999.0 -999.0 -999.0 -999.0 274.3144379394475 -7.381203508954983 274.33001160354786 -7.361766360455037 40.89904787564505 139.38589486466932 -999.0 5400.0 -999.0 1 362 {-999.0 -999.0 -999.0 -999.0 -999.0} "" -999.0 -999.0 -999.0 -999.0 -999 -999 "" "" "" "" 0 0 0.0 0.0 -999 ""
FIBERMAP 1372 R-11C10 METROLOGY 0 0 0 1 0 0 49.60924603268198 -219.00467316040283 143.1 -59.20504231906029 -216.5735762641906 15.073235 81.42178 -999.0 -999.0 -999.0 -999.0 -999.0 274.31225524612745 -7.3785367881164055 274.3278603177382 -7.359162372982047 40.90239688966446 139.38634727042646 -999.0 6231.0 -999.0 -1 -999 {-999.0 -999.0 -999.0 -999.0 -999.0} "" -999.0 -999.0 -999.0 -999.0 -999 -999 "" "" "" "" 0 0 0.0 0.0 -999 ""
FIBERMAP 1373 R-9C2 APOGEE 0 0 0 1 0 0 -150.2279932797642 -164.3343170525198 143.1 -209.83161280907464 -74.36657723807184 88.4924 45.7463 -999.0 -999.0 -999.0 -999.0 -999.0 273.62631072574635 -6.730842678733455 273.640668305478 -6.713736250867097 41.81652348592234 139.67238000933855 -999.0 16600.0 -999.0 2 -999 {-999.0 -999.0 -999.0 -999.0 -999.0} "" -999.0 -999.0 -999.0 -999.0 -999 -999 "" "" "" "" 0 0 0.0 0.0 -999 ""
FIBERMAP 1373 R-9C2 BOSS 1 1 0 1 0 0 -149.70464198406597 -164.84809219378874 143.1 -209.6114006202182 -75.06601307108708 88.4924 45.7463 273.62738882281747 -6.734222526172227 0.77873856 -0.24091735 1.6929657 273.6273910775467 -6.734223218902434 273.64163113547465 -6.716921501122304 41.81333500270594 139.6736484863874 5400.0 5400.0 2016.0 1 490 {-999.0 17.70853 16.090698 15.264511 -999.0} sdss_psfmag_ps1 16.915434 15.828297 14.709901 12.435 63050395546571679 939083924 bright_1x1 openfibertargets_nov2020_34a open_fiber science 0 0 0.0 0.0 -999 ""
FIBERMAP 1373 R-9C2 METROLOGY 0 0 0 1 0 0 -150.42846638316598 -165.0529772749645 143.1 -210.34643291108003 -74.90644680849596 88.4924 45.7463 -999.0 -999.0 -999.0 -999.0 -999.0 273.62403961691575 -6.733417074563415 273.6383142921543 -6.716178859398949 41.815761118569434 139.67679983931137 -999.0 6231.0 -999.0 -1 -999 {-999.0 -999.0 -999.0 -999.0 -999.0} "" -999.0 -999.0 -999.0 -999.0 -999 -999 "" "" "" "" 0 0 0.0 0.0 -999 ""
FIBERMAP 1374 R-5C8 APOGEE 0 0 0 1 0 0 -92.15694223496422 -106.1218832262788 143.1 -131.2181478550226 -50.30671978505121 236.05 92.54367 -999.0 -999.0 -999.0 -999.0 -999.0 273.98386328478125 -6.623919516768532 273.9978189903819 -6.605904338848662 41.711235159562385 139.1957659860075 -999.0 16600.0 -999.0 2 -999 {-999.0 -999.0 -999.0 -999.0 -999.0} "" -999.0 -999.0 -999.0 -999.0 -999 -999 "" "" "" "" 0 0 0.0 0.0 -999 ""
FIBERMAP 1374 R-5C8 BOSS 1 1 0 1 0 0 -92.80078588851421 -105.7405617935816 143.1 -131.60696259403642 -49.66750172102826 236.05 92.54367 273.98213639809234 -6.621222592704976 11.259573 2.598534 3.295892 273.98216899109326 -6.6212151209172365 273.99599184440905 -6.603014805203754 41.71464634816235 139.1956502877591 5400.0 5400.0 2016.0 1 463 {-999.0 20.756054 18.401167 16.890184 -999.0} sdss_psfmag_ps1 19.405237 17.673944 16.205847 13.295 63050395546672508 939084174 bright_1x1 openfibertargets_nov2020_34a open_fiber science 0 0 0.0 0.0 -999 ""
FIBERMAP 1374 R-5C8 METROLOGY 0 0 0 1 0 0 -92.14710269648413 -105.37585027526772 143.1 -130.85866891893224 -49.653057957340536 236.05 92.54367 -999.0 -999.0 -999.0 -999.0 -999.0 273.98555869960785 -6.621108973281465 273.9994154413571 -6.602953873775517 41.71281578156529 139.19180981924802 -999.0 6231.0 -999.0 -1 -999 {-999.0 -999.0 -999.0 -999.0 -999.0} "" -999.0 -999.0 -999.0 -999.0 -999 -999 "" "" "" "" 0 0 0.0 0.0 -999 ""
FIBERMAP 1376 R+4C13 APOGEE 0 0 0 1 0 0 37.30414388882587 71.94129449434833 143.1 66.7445813025718 45.93893596757055 0.34332278 94.31895 -999.0 -999.0 -999.0 -999.0 -999.0 274.8915548244257 -6.188531635156307 274.9040813074146 -6.168281799603029 41.56908380465595 137.86945347596512 -999.0 16600.0 -999.0 2 -999 {-999.0 -999.0 -999.0 -999.0 -999.0} "" -999.0 -999.0 -999.0 -999.0 -999 -999 "" "" "" "" 0 0 0.0 0.0 -999 ""
FIBERMAP 1376 R+4C13 BOSS 1 1 0 1 0 0 37.380878099760544 71.208209420118 143.1 66.46758207305913 45.25599078949955 0.34332278 94.31895 274.89044844423563 -6.19180494438157 -0.06900054 0.2672995 0.516434 274.89044824466833 -6.1918041757925195 274.90285206144216 -6.171366369875108 41.56723709374405 137.87313769451734 5400.0 5400.0 2016.0 1 107 {-999.0 17.686178 16.0249 15.113361 14.369417} sdss_psfmag_from_ps1dr2 16.9411 15.8507 14.802 12.709 63050395547391955 1040016679 "" ops_std_boss_ps1dr2 ops_std standard_boss 0 0 0.0 0.0 -999 ""
FIBERMAP 1376 R+4C13 METROLOGY 0 0 0 1 0 0 36.69811117709482 71.50610909383067 143.1 66.0051957616545 45.839901062707845 0.34332278 94.31895 -999.0 -999.0 -999.0 -999.0 -999.0 274.8882917025986 -6.189090343616038 274.9007267797947 -6.168713243914311 41.57062067437133 137.87345158036553 -999.0 6231.0 -999.0 -1 -999 {-999.0 -999.0 -999.0 -999.0 -999.0} "" -999.0 -999.0 -999.0 -999.0 -999 -999 "" "" "" "" 0 0 0.0 0.0 -999 ""
FIBERMAP 1378 R-3C2 APOGEE 0 0 0 1 0 0 -243.12887250286076 -69.88037900722313 143.1 -247.39222821516537 52.66167768428562 241.82774 111.05102 -999.0 -999.0 -999.0 -999.0 -999.0 273.45926604104136 -6.1543546570107415 273.4722549274734 -6.137948509411427 42.38966634771132 139.43489125310617 -999.0 16600.0 -999.0 2 -999 {-999.0 -999.0 -999.0 -999.0 -999.0} "" -999.0 -999.0 -999.0 -999.0 -999 -999 "" "" "" "" 0 0 0.0 0.0 -999 ""
FIBERMAP 1378 R-3C2 BOSS 1 1 0 1 0 0 -243.8771249486007 -69.80755870411593 143.1 -248.01823392575443 53.07777356563548 241.82774 111.05102 273.4565734863281 -6.152649719588894 -999.0 -999.0 -999.0 273.4565734863281 -6.152649719588895 273.46943550566544 -6.136064842270378 42.392781273729426 139.43665854201902 5400.0 5400.0 2015.5 1 436 {-999.0 -999.0 -999.0 -999.0 -999.0} "" -999.0 -999.0 -999.0 -999.0 27021603148959547 820585928 "" ops_sky_boss_good ops_sky sky_boss 0 0 0.0 0.0 -999 ""
FIBERMAP 1378 R-3C2 METROLOGY 0 0 0 1 0 0 -243.43530730746411 -69.20011457993068 143.1 -247.34275053760294 53.40602360515961 241.82774 111.05102 -999.0 -999.0 -999.0 -999.0 -999.0 273.45958827347675 -6.151118014725693 273.4724804010706 -6.134578654654896 42.39235742689536 139.43212823917162 -999.0 6231.0 -999.0 -1 -999 {-999.0 -999.0 -999.0 -999.0 -999.0} "" -999.0 -999.0 -999.0 -999.0 -999 -999 "" "" "" "" 0 0 0.0 0.0 -999 ""
FIBERMAP 1381 R-7C10 APOGEE 1 1 0 1 0 0 -8.210863186747622 -127.0747299887067 143.1 -66.99772358693254 -108.26799870883546 35.994877 146.60883 274.2770085791412 -6.888785881063424 1.3283395 -3.415633 0.18144315 274.277012426403 -6.888795702324096 274.29151137673506 -6.8698778417390205 41.32988642799556 139.06680483010408 16000.0 16600.0 2016.0 2 170 {-999.0 17.840897 15.5319605 14.338832 -999.0} sdss_psfmag_ps1 16.59526 14.84856 13.60266 10.236 63050395546593671 1153960723 bright_1x1 mwm_galactic_core_dist_apogee_sparse mwm_galactic science 0 0 0.0 0.0 -999 ""
FIBERMAP 1381 R-7C10 BOSS 0 0 0 1 0 0 -7.4673853320350165 -127.04688569131613 143.1 -66.3285967940644 -108.59302453341883 35.994877 146.60883 -999.0 -999.0 -999.0 -999.0 -999.0 274.2801740241005 -6.890526276992691 274.29454632480815 -6.8714061874003365 41.326942928395546 139.06459623151926 -999.0 5400.0 -999.0 1 385 {-999.0 -999.0 -999.0 -999.0 -999.0} "" -999.0 -999.0 -999.0 -999.0 -999 -999 "" "" "" "" 0 0 0.0 0.0 -999 ""
FIBERMAP 1381 R-7C10 METROLOGY 0 0 0 1 0 0 -7.80763787879841 -127.70923783738387 143.1 -66.94027926569169 -109.01748214438922 35.994877 146.60883 -999.0 -999.0 -999.0 -999.0 -999.0 274.27733840479283 -6.892376760026346 274.2917531539997 -6.873318118141426 41.32689121275509 139.0690810900778 -999.0 6231.0 -999.0 -1 -999 {-999.0 -999.0 -999.0 -999.0 -999.0} "" -999.0 -999.0 -999.0 -999.0 -999 -999 "" "" "" "" 0 0 0.0 0.0 -999 ""
FIBERMAP 1382 R+4C14 APOGEE 0 0 0 1 0 0 52.30182771542509 81.6842089837463 143.1 84.55959241778805 47.48378911700952 342.15335 154.0529 -999.0 -999.0 -999.0 -999.0 -999.0 274.97307437422666 -6.181716019378725 274.9855521015254 -6.161251155890915 41.528872750605274 137.77503155076792 -999.0 16600.0 -999.0 2 -999 {-999.0 -999.0 -999.0 -999.0 -999.0} "" -999.0 -999.0 -999.0 -999.0 -999 -999 "" "" "" "" 0 0 0.0 0.0 -999 ""
FIBERMAP 1382 R+4C14 BOSS 1 1 0 1 0 0 52.862153465135606 81.18199546039881 143.1 84.81786678107424 46.77716910419118 342.15335 154.0529 274.9744169687734 -6.185089127056138 2.9439213 -4.6611886 0.65699035 274.9744254832441 -6.185102529769089 274.9867794546904 -6.164442952001335 41.525553079145304 137.77611376186243 5400.0 5400.0 2016.0 1 158 {-999.0 18.615604 16.522427 15.452346 -999.0} sdss_psfmag_ps1 17.58311 16.073996 14.885574 12.022 63050395547391404 939085104 bright_1x1 openfibertargets_nov2020_34a open_fiber science 0 0 0.0 0.0 -999 ""
FIBERMAP 1382 R+4C14 METROLOGY 0 0 0 1 0 0 52.13841288528423 80.95622713383393 143.1 84.07308881381222 46.918268884111306 342.15335 154.0529 -999.0 -999.0 -999.0 -999.0 -999.0 274.9709747265249 -6.184401458449725 274.98336553604986 -6.163805189788103 41.52800695604693 137.77935985900228 -999.0 6231.0 -999.0 -1 -999 {-999.0 -999.0 -999.0 -999.0 -999.0} "" -999.0 -999.0 -999.0 -999.0 -999 -999 "" "" "" "" 0 0 0.0 0.0 -999 ""
FIBERMAP 1383 R-9C6 APOGEE 1 1 0 1 0 0 -98.61180835752384 -182.94671149358476 143.1 -173.03809479654262 -115.06064005642568 270.6746 30.388401 273.7930297851562 -6.9164789822957715 -999.0 -999.0 -999.0 273.7930297851562 -6.916478982295772 273.8077846249476 -6.8988438755663815 41.57073608999547 139.62246913611372 16000.0 16600.0 2015.5 2 165 {-999.0 -999.0 -999.0 -999.0 -999.0} "" -999.0 -999.0 -999.0 -999.0 27021603148787500 848185905 "" ops_sky_apogee_best ops_sky sky_apogee 0 0 0.0 0.0 -999 ""
FIBERMAP 1383 R-9C6 BOSS 0 0 0 1 0 0 -99.00796175855453 -182.3203604909332 143.1 -173.09313445078072 -114.32167942637605 270.6746 30.388401 -999.0 -999.0 -999.0 -999.0 -999.0 273.79286648287746 -6.913351040768962 273.80748649962106 -6.895525486921652 41.57367268574772 139.62036594508785 -999.0 5400.0 -999.0 1 402 {-999.0 -999.0 -999.0 -999.0 -999.0} "" -999.0 -999.0 -999.0 -999.0 -999 -999 "" "" "" "" 0 0 0.0 0.0 -999 ""
FIBERMAP 1383 R-9C6 METROLOGY 0 0 0 1 0 0 -98.26211693990676 -182.28758896329228 143.1 -172.41960222086996 -114.64347051968129 270.6746 30.388401 -999.0 -999.0 -999.0 -999.0 -999.0 273.79589815918393 -6.914773411787813 273.81055655673924 -6.896993590762232 41.57077287043731 139.61803698083855 -999.0 6231.0 -999.0 -1 -999 {-999.0 -999.0 -999.0 -999.0 -999.0} "" -999.0 -999.0 -999.0 -999.0 -999 -999 "" "" "" "" 0 0 0.0 0.0 -999 ""
FIBERMAP 1384 R-12C6 APOGEE 0 0 0 1 0 0 -44.45426650118833 -244.7205897205063 143.1 -154.29734335212282 -195.03475011219206 261.41495 127.92103 -999.0 -999.0 -999.0 -999.0 -999.0 273.87867242137077 -7.278010342958078 273.89429184843834 -7.259983446472113 41.22160285028667 139.79054933772613 -999.0 16600.0 -999.0 2 -999 {-999.0 -999.0 -999.0 -999.0 -999.0} "" -999.0 -999.0 -999.0 -999.0 -999 -999 "" "" "" "" 0 0 0.0 0.0 -999 ""
FIBERMAP 1384 R-12C6 BOSS 1 1 0 1 0 0 -45.09718136110651 -245.08750501553 143.1 -155.03717146006255 -195.0562018987856 261.41495 127.92103 273.87542724609375 -7.278283041511386 -999.0 -999.0 -999.0 273.87542724609375 -7.278283041511386 273.89092015693467 -7.2600698193797415 41.22336083476523 139.7943340400246 5400.0 5400.0 2015.5 1 403 {-999.0 -999.0 -999.0 -999.0 -999.0} "" -999.0 -999.0 -999.0 -999.0 27021603148786146 820564037 "" ops_sky_boss_good ops_sky sky_boss 0 0 0.0 0.0 -999 ""
FIBERMAP 1384 R-12C6 METROLOGY 0 0 0 1 0 0 -45.099237324434746 -244.34552356944405 143.1 -154.69009402300622 -194.40052160367213 261.41495 127.92103 -999.0 -999.0 -999.0 -999.0 -999.0 273.87696197997565 -7.2752959044441905 273.89248328574547 -7.257135165761699 41.224968578093424 139.7904733914775 -999.0 6231.0 -999.0 -1 -999 {-999.0 -999.0 -999.0 -999.0 -999.0} "" -999.0 -999.0 -999.0 -999.0 -999 -999 "" "" "" "" 0 0 0.0 0.0 -999 ""
FIBERMAP 1388 R-10C8 APOGEE 0 0 0 1 0 0 -42.05562920705108 -185.62479292411842 143.1 -124.39302850008895 -144.01736332450704 220.14989 36.271732 -999.0 -999.0 -999.0 -999.0 -999.0 274.0144962895566 -7.0492533751852395 274.0294951908802 -7.030966058213591 41.339401038517 139.4740522519043 -999.0 16600.0 -999.0 2 -999 {-999.0 -999.0 -999.0 -999.0 -999.0} "" -999.0 -999.0 -999.0 -999.0 -999 -999 "" "" "" "" 0 0 0.0 0.0 -999 ""
FIBERMAP 1388 R-10C8 BOSS 1 1 0 1 0 0 -41.8905755739734 -184.86844937881122 143.1 -123.89174271589152 -143.42758773892075 220.14989 36.271732 274.0168762207031 -7.046836701343224 -999.0 -999.0 -999.0 274.0168762207031 -7.046836701343224 274.03173955023016 -7.028350523882014 41.34035809717539 139.46965761093196 5400.0 5400.0 2015.5 1 372 {-999.0 -999.0 -999.0 -999.0 -999.0} "" -999.0 -999.0 -999.0 -999.0 27021603148786528 820564101 "" ops_sky_boss_good ops_sky sky_boss 0 0 0.0 0.0 -999 ""
FIBERMAP 1388 R-10C8 METROLOGY 0 0 0 1 0 0 -41.34557612144917 -185.39569339086046 143.1 -123.6587617901773 -144.14908761692973 220.14989 36.271732 -999.0 -999.0 -999.0 -999.0 -999.0 274.0179092956927 -7.050045225323761 274.03281664082454 -7.031609679438759 41.337048850742946 139.47085904344465 -999.0 6231.0 -999.0 -1 -999 {-999.0 -999.0 -999.0 -999.0 -999.0} "" -999.0 -999.0 -999.0 -999.0 -999 -999 "" "" "" "" 0 0 0.0 0.0 -999 ""
FIBERMAP 1391 R-5C4 APOGEE 0 0 0 1 0 0 -155.92363804338765 -109.71181812819012 143.1 -189.17299023729103 -23.4903015169003 346.0306 80.811615 -999.0 -999.0 -999.0 -999.0 -999.0 273.7204218587122 -6.500679228602261 273.7341722954592 -6.483423112902847 41.95794444519581 139.3981720433049 -999.0 16600.0 -999.0 2 -999 {-999.0 -999.0 -999.0 -999.0 -999.0} "" -999.0 -999.0 -999.0 -999.0 -999 -999 "" "" "" "" 0 0 0.0 0.0 -999 ""
FIBERMAP 1391 R-5C4 BOSS 1 1 0 1 0 0 -156.20884702288183 -110.40977311131331 143.1 -189.7528440978895 -23.972056918324874 346.0306 80.811615 273.71785057198196 -6.503054212456773 2.2871826 1.7855575 1.0855443 273.71785719110153 -6.503049078290982 273.7314889095072 -6.485609287021692 41.95758809275106 139.40278374621562 5400.0 5400.0 2016.0 1 454 {-999.0 18.822277 16.536478 15.362453 -999.0} sdss_psfmag_ps1 17.679111 16.023693 14.795357 11.78 63050395546682143 939084211 bright_1x1 openfibertargets_nov2020_34a open_fiber science 0 0 0.0 0.0 -999 ""
FIBERMAP 1391 R-5C4 METROLOGY 0 0 0 1 0 0 -156.66239774034813 -109.8162024692509 143.1 -189.87394415437686 -23.2350320580519 346.0306 80.811615 -999.0 -999.0 -999.0 -999.0 -999.0 273.71729318209066 -6.499644368890472 273.7309521091054 -6.482261352950661 41.96067631108524 139.40090296164334 -999.0 6231.0 -999.0 -1 -999 {-999.0 -999.0 -999.0 -999.0 -999.0} "" -999.0 -999.0 -999.0 -999.0 -999 -999 "" "" "" "" 0 0 0.0 0.0 -999 ""
FIBERMAP 1392 R-12C10 APOGEE 0 0 0 1 0 0 55.90764326328377 -233.75743873182827 143.1 -60.584416194965556 -232.55280778326832 339.6829 132.35934 -999.0 -999.0 -999.0 -999.0 -999.0 274.3058614635284 -7.449977572647907 274.3217401163869 -7.430728435683012 40.846052763771894 139.44525207013703 -999.0 16600.0 -999.0 2 -999 {-999.0 -999.0 -999.0 -999.0 -999.0} "" -999.0 -999.0 -999.0 -999.0 -999 -999 "" "" "" "" 0 0 0.0 0.0 -999 ""
FIBERMAP 1392 R-12C10 BOSS 1 1 0 1 0 0 56.208630604609176 -234.45679504721173 143.1 -60.64767794655999 -233.31143862154826 339.6829 132.35934 274.305702632529 -7.453596606917344 -2.202011 -0.17772907 0.83268636 274.3056962469421 -7.453597117956848 274.32145289839684 -7.434149850607077 40.84335535257682 139.44805972570515 5400.0 5400.0 2016.0 1 406 {-999.0 20.33706 17.747257 16.6657 -999.0} sdss_psfmag_ps1 18.96202 17.20145 15.935909 12.729 63050395546234317 939083014 bright_1x1 openfibertargets_nov2020_34a open_fiber science 0 0 0.0 0.0 -999 ""
FIBERMAP 1392 R-12C10 METROLOGY 0 0 0 1 0 0 55.46215961153916 -234.35594211238686 143.1 -61.258930335919075 -232.8714448246688 339.6829 132.35934 -999.0 -999.0 -999.0 -999.0 -999.0 274.30287012939226 -7.451547642155997 274.3186598543838 -7.432164736293458 40.846538436608846 139.44966748591295 -999.0 6231.0 -999.0 -1 -999 {-999.0 -999.0 -999.0 -999.0 -999.0} "" -999.0 -999.0 -999.0 -999.0 -999 -999 "" "" "" "" 0 0 0.0 0.0 -999 ""
FIBERMAP 1393 R-12C5 APOGEE 0 0 0 1 0 0 -57.897882106706575 -226.93422489409568 143.1 -157.79635832180037 -173.01891869195285 17.3676 132.411 -999.0 -999.0 -999.0 -999.0 -999.0 273.8625466678778 -7.178827636009863 273.8779260708427 -7.160888691715255 41.31341568841363 139.73644504101696 -999.0 16600.0 -999.0 2 -999 {-999.0 -999.0 -999.0 -999.0 -999.0} "" -999.0 -999.0 -999.0 -999.0 -999 -999 "" "" "" "" 0 0 0.0 0.0 -999 ""
FIBERMAP 1393 R-12C5 BOSS 1 1 0 1 0 0 -57.25209173391286 -227.31149204305243 143.1 -157.40391943696218 -173.65547469409654 17.3676 132.411 273.86444091796875 -7.18193068364387 -999.0 -999.0 -999.0 273.86444091796875 -7.181930683643869 273.87969913039626 -7.163791052147361 41.31002382930006 139.73660196860044 5400.0 5400.0 2015.5 1 352 {-999.0 -999.0 -999.0 -999.0 -999.0} "" -999.0 -999.0 -999.0 -999.0 27021603148786417 820564105 "" ops_sky_boss_good ops_sky sky_boss 0 0 0.0 0.0 -999 ""
FIBERMAP 1393 R-12C5 METROLOGY 0 0 0 1 0 0 -57.90082136109123 -227.6803169402237 143.1 -158.1497763358585 -173.67587728869844 17.3676 132.411 -999.0 -999.0 -999.0 -999.0 -999.0 273.8610211095633 -7.1819281803319015 273.8763169797609 -7.163852747017958 41.31181022211471 139.74038480014596 -999.0 6231.0 -999.0 -1 -999 {-999.0 -999.0 -999.0 -999.0 -999.0} "" -999.0 -999.0 -999.0 -999.0 -999 -999 "" "" "" "" 0 0 0.0 0.0 -999 ""
FIBERMAP 1395 R+4C20 APOGEE 0 0 0 1 0 0 196.2308385010093 77.51859197169709 143.1 209.60170106323127 -23.869621999196664 30.0534 84.1987 -999.0 -999.0 -999.0 -999.0 -999.0 275.54220470397183 -6.507023542974481 275.55525859938916 -6.484890330390695 40.9399917912809 137.40224566443914 -999.0 16600.0 -999.0 2 -999 {-999.0 -999.0 -999.0 -999.0 -999.0} "" -999.0 -999.0 -999.0 -999.0 -999 -999 "" "" "" "" 0 0 0.0 0.0 -999 ""
FIBERMAP 1395 R+4C20 BOSS 1 1 0 1 0 0 196.54411803066458 76.83177033506453 143.1 209.55517976557655 -24.62297240505821 30.0534 84.1987 275.5421676831714 -6.510637216370458 0.36222312 -0.9922666 0.5715692 275.54216873146305 -6.510640069519203 275.55509607386136 -6.488312498393188 40.93727914999356 137.40501578082245 5400.0 5400.0 2016.0 1 205 {-999.0 17.571781 16.347248 15.692397 15.179665} sdss_psfmag_from_ps1dr2 17.1008 16.258 15.3288 13.646 63050395546918588 1040016265 "" ops_std_boss_ps1dr2 ops_std standard_boss 0 0 0.0 0.0 -999 ""
FIBERMAP 1395 R+4C20 METROLOGY 0 0 0 1 0 0 195.79622896096714 76.91214615530772 143.1 208.93304741814524 -24.200380511425593 30.0534 84.1987 -999.0 -999.0 -999.0 -999.0 -999.0 275.53931010048257 -6.508667594056078 275.5522720652717 -6.486403248174742 40.94045136015918 137.40661290414877 -999.0 6231.0 -999.0 -1 -999 {-999.0 -999.0 -999.0 -999.0 -999.0} "" -999.0 -999.0 -999.0 -999.0 -999 -999 "" "" "" "" 0 0 0.0 0.0 -999 ""
FIBERMAP 1396 R0C3 APOGEE 1 1 0 1 0 0 -262.132875258231 12.627528535178794 143.1 -225.36453874035362 134.40143268073567 193.96344 53.2171 273.561756102728 -5.785043305740262 0.17737874 -3.694944 0.12198417 273.56175661537105 -5.785053930127514 273.5737907263625 -5.768534510125251 42.641959533151585 139.04400104786254 16000.0 16600.0 2016.0 2 297 {-999.0 17.42871 15.168033 14.011109 -999.0} sdss_psfmag_ps1 16.261398 14.48068 13.226592 9.954 63050395556059266 1153970882 bright_1x1 mwm_galactic_core_dist_apogee_sparse mwm_galactic science 0 0 0.0 0.0 -999 ""
FIBERMAP 1396 R0C3 BOSS 0 0 0 1 0 0 -261.8436498329895 13.311642977360663 143.1 -224.78764887149163 134.86908679450423 193.96344 53.2171 -999.0 -999.0 -999.0 -999.0 -999.0 273.56448767102535 -5.783119403046073 273.57639257573817 -5.766409084081207 42.642294823577025 139.03947059241156 -999.0 5400.0 -999.0 1 422 {-999.0 -999.0 -999.0 -999.0 -999.0} "" -999.0 -999.0 -999.0 -999.0 -999 -999 "" "" "" "" 0 0 0.0 0.0 -999 ""
FIBERMAP 1396 R0C3 METROLOGY 0 0 0 1 0 0 -261.3873724888585 12.730397475926853 143.1 -224.65834740060475 134.14165535395944 193.96344 53.2171 -999.0 -999.0 -999.0 -999.0 -999.0 273.5650009702039 -5.78634631756089 273.5769486484935 -5.769685488264243 42.639260699486925 139.0413120784458 -999.0 6231.0 -999.0 -1 -999 {-999.0 -999.0 -999.0 -999.0 -999.0} "" -999.0 -999.0 -999.0 -999.0 -999 -999 "" "" "" "" 0 0 0.0 0.0 -999 ""
FIBERMAP 1400 R-5C13 APOGEE 1 1 0 1 0 0 51.73771617687647 -103.61033782008384 143.1 -3.066642265156931 -115.75214765479737 26.374105 62.744434 274.5699307922616 -6.923852736018765 -1.4656407 -5.7582417 -0.20476718 274.5699265470203 -6.92386929318194 274.5843974674144 -6.904151539864286 41.139572911187685 138.7709386314999 16000.0 16600.0 2016.0 2 155 {-999.0 21.518475 18.582584 15.738348 -999.0} sdss_psfmag_ps1 19.919641 16.14556 14.599921 10.031 63050395546392587 1153959917 bright_1x1 mwm_galactic_core_dist_apogee_sparse mwm_galactic science 0 0 0.0 0.0 -999 ""
FIBERMAP 1400 R-5C13 BOSS 0 0 0 1 0 0 51.750789993152864 -104.35660198616776 143.1 -3.4060115140345895 -116.41678773059346 26.374105 62.744434 -999.0 -999.0 -999.0 -999.0 -999.0 274.5684925053249 -6.927130017623305 274.58284074962046 -6.907220860205085 41.137889040865005 138.7749162369491 -999.0 5400.0 -999.0 1 379 {-999.0 -999.0 -999.0 -999.0 -999.0} "" -999.0 -999.0 -999.0 -999.0 -999 -999 "" "" "" "" 0 0 0.0 0.0 -999 ""
FIBERMAP 1400 R-5C13 METROLOGY 0 0 0 1 0 0 51.09810376146493 -104.00082276520654 143.1 -3.8146391723914497 -115.79594981745993 26.374105 62.744434 -999.0 -999.0 -999.0 -999.0 -999.0 274.5665890087144 -6.924240906986111 274.58096807950653 -6.904393078174232 41.14127301030237 138.77486843328106 -999.0 6231.0 -999.0 -1 -999 {-999.0 -999.0 -999.0 -999.0 -999.0} "" -999.0 -999.0 -999.0 -999.0 -999 -999 "" "" "" "" 0 0 0.0 0.0 -999 ""
