#%yanny
#
# confSummaryFS-26453.par
#
# Created by pydl.pydlutils.yanny.yanny
#
# 2026-05-11 14:02:38 UTC
#
configuration_id 26453
robostrategy_run iota-1
fps_calibrations_version 2025.12.04
jaeger_version 1.11.1
coordio_version 1.18.1
kaiju_version 1.4.1
design_id 768674
field_id 101209
focal_scale 0.9998629002073537
instruments BOSS APOGEE
epoch 2461171.620050459
obstime Mon May 11 02:49:58 2026
MJD 61171
observatory APO
temperature 9.869380779442729
raCen 173.57617273892
decCen 2.58385659794107
pa 55.25558
is_dithered 0
parent_configuration -999
dither_radius -999.0
cloned_from -999
rotator_angle 249.55
fvc_centroid_method flex
fvc_rms 0.00779
fvc_90_perc 0.0091
fvc_percent_reached 67.1
fvc_image_path /data/fcam/61171/proc-fimg-fvc1n-0004.fits

typedef enum {
    BOSS,
    APOGEE,
    METROLOGY,
    NONE
} FIBERTYPE;

typedef struct {
    short positionerId;
    char holeId[28];
    FIBERTYPE fiberType;
    short assigned;
    short on_target;
    short disabled;
    short valid;
    short decollided;
    short too;
    double xwok;
    double ywok;
    double zwok;
    double xFocal;
    double yFocal;
    float alpha;
    float beta;
    double racat;
    double deccat;
    float pmra;
    float pmdec;
    float parallax;
    double ra;
    double dec;
    double ra_observed;
    double dec_observed;
    double alt_observed;
    double az_observed;
    float lambda_design;
    float lambda_eff;
    float coord_epoch;
    short spectrographId;
    short fiberId;
    float mag[5];
    char optical_prov[104];
    float bp_mag;
    float gaia_g_mag;
    float rp_mag;
    float h_mag;
    long catalogid;
    long carton_to_target_pk;
    char cadence[76];
    char firstcarton[188];
    char program[56];
    char category[60];
    long sdssv_boss_target0;
    long sdssv_apogee_target0;
    double delta_ra;
    double delta_dec;
    long too_id;
    char too_program[4];
} FIBERMAP;

FIBERMAP 3 R-1C14 APOGEE 0 0 0 1 0 0 16.205887165408456 -3.9602495492739607 143.1 5.981039533753636 -15.571294517689882 95.647995 91.133804 -999.0 -999.0 -999.0 -999.0 -999.0 173.60345132309004 2.5130080556640255 173.6056578946757 2.3722419352833874 58.73945164406325 164.8790605502565 -999.0 16600.0 -999.0 2 214 {-999.0 -999.0 -999.0 -999.0 -999.0} "" -999.0 -999.0 -999.0 -999.0 -999 -999 "" ops_sky_apogee_best_unassigned ops_sky sky_apogee 0 0 0.0 0.0 -999 ""
FIBERMAP 3 R-1C14 BOSS 1 1 0 1 0 0 16.93380634348321 -3.843316713970072 143.1 6.491906806208847 -16.10271263894111 95.647995 91.133804 173.6058115891434 2.5104696752630113 0.40853074 0.6218462 -0.95784456 173.60581268447274 2.5104574236581505 173.60799061207047 2.3698120428751537 58.73656930718433 164.87570699303407 5400.0 5400.0 2016.0 1 263 {-999.0 19.88628 19.33975 18.923576 18.590883} sdss_psfmag_from_lsdr10 19.887556 19.657862 18.645319 -999.0 63050395170000415 1059004826 dark_flexible_2x2 bhm_spiders_agn_lsdr10 bhm_spiders science 0 0 0.0 0.0 -999 ""
FIBERMAP 3 R-1C14 METROLOGY 0 0 0 1 0 0 16.670270810108235 -4.545854442512294 143.1 5.764536260401766 -16.286527654317272 95.647995 91.133804 -999.0 -999.0 -999.0 -999.0 -999.0 173.602487300221 2.50965493957366 173.6046734406848 2.36897643793979 58.73648171273212 164.88229099115912 -999.0 6231.0 -999.0 -1 -999 {-999.0 -999.0 -999.0 -999.0 -999.0} "" -999.0 -999.0 -999.0 -999.0 -999 -999 "" "" "" "" 0 0 0.0 0.0 -999 ""
FIBERMAP 16 R+7C7 APOGEE 0 0 0 1 0 0 -89.86156338725633 139.29876134721098 143.1 63.239852242493185 153.20715484078934 151.68759 127.32942 -999.0 -999.0 -999.0 -999.0 -999.0 173.86375132758937 3.2802293445144626 173.8661484213543 3.1392434358800356 59.428044023123064 164.04906056472672 -999.0 16600.0 -999.0 2 102 {-999.0 -999.0 -999.0 -999.0 -999.0} "" -999.0 -999.0 -999.0 -999.0 -999 -999 "" ops_sky_apogee_best_unassigned ops_sky sky_apogee 0 0 0.0 0.0 -999 ""
FIBERMAP 16 R+7C7 BOSS 1 1 0 1 0 0 -89.98405949664422 140.02521963363742 143.1 63.766899941739354 153.7217603699748 151.68759 127.32942 173.86620376572606 3.2825009330464683 -6.3611684 -4.5969434 0.38394594 173.86619338334805 3.2824876356100803 173.86856260330285 3.1416179722192368 59.42979608867009 164.04336907339547 5400.0 5400.0 2016.0 1 76 {-999.0 17.107866 16.756351 16.634466 -999.0} sdss_psfmag 17.036642 16.760954 16.306381 15.433 63050395170012489 976146270 "" ops_std_boss ops_std standard_boss 0 0 0.0 0.0 -999 ""
FIBERMAP 16 R+7C7 METROLOGY 0 0 0 1 0 0 -89.2877931264825 139.778207142016 143.1 63.960716457417796 153.00895777524434 151.68759 127.32942 -999.0 -999.0 -999.0 -999.0 -999.0 173.86706934110458 3.279285076364372 173.86944521796931 3.1383824913605527 59.42644447969107 164.04315617960384 -999.0 6231.0 -999.0 -1 -999 {-999.0 -999.0 -999.0 -999.0 -999.0} "" -999.0 -999.0 -999.0 -999.0 -999 -999 "" "" "" "" 0 0 0.0 0.0 -999 ""
FIBERMAP 37 R-9C9 APOGEE 0 0 0 1 0 0 2.1428909647824934 -169.64132007794765 143.1 -138.15447461488964 -98.42875047932483 32.08213 106.264656 -999.0 -999.0 -999.0 -999.0 -999.0 172.9481669044781 2.1363618063076535 172.9503840101928 1.9958756805251445 58.50875327713499 166.26036194570597 -999.0 16600.0 -999.0 2 167 {-999.0 -999.0 -999.0 -999.0 -999.0} "" -999.0 -999.0 -999.0 -999.0 -999 -999 "" ops_sky_apogee_best_unassigned ops_sky sky_apogee 0 0 0.0 0.0 -999 ""
FIBERMAP 37 R-9C9 BOSS 1 1 0 1 0 0 2.695410876988362 -170.1327475189862 143.1 -138.24337920732148 -99.16272952554236 32.08213 106.264656 172.94775093427444 2.1328633464646463 -0.29813132 -0.055246808 0.571769 172.9477550156404 2.132878498817629 172.9499459211437 1.9925157802623301 58.50554862766163 166.26246837529806 5400.0 5400.0 2016.0 1 376 {-999.0 19.176023 19.180315 18.965816 19.058231} sdss_psfmag 19.593155 19.533567 19.092064 -999.0 63050395169997879 1059933908 dark_2x4 bhm_aqmes_wide2 bhm_aqmes science 0 0 0.0 0.0 -999 ""
FIBERMAP 37 R-9C9 METROLOGY 0 0 0 1 0 0 1.9763181815963495 -170.36936003842942 143.1 -138.84754441581157 -98.70676125657525 32.08213 106.264656 -999.0 -999.0 -999.0 -999.0 -999.0 172.94501298735412 2.134992832659161 172.94721233158407 1.994595877031757 58.508132572689135 166.26679708680095 -999.0 6231.0 -999.0 -1 -999 {-999.0 -999.0 -999.0 -999.0 -999.0} "" -999.0 -999.0 -999.0 -999.0 -999 -999 "" "" "" "" 0 0 0.0 0.0 -999 ""
FIBERMAP 40 R+12C6 APOGEE 0 0 0 1 0 0 -29.81050021530229 248.43471561738065 143.1 187.12425209199492 166.05969434282724 117.270004 24.163017 -999.0 -999.0 -999.0 -999.0 -999.0 174.4245039556848 3.3357616478288583 174.42677205696384 3.1946085975728558 59.347929323361825 162.95568448882085 -999.0 16600.0 -999.0 2 -999 {-999.0 -999.0 -999.0 -999.0 -999.0} "" -999.0 -999.0 -999.0 -999.0 -999 -999 "" "" "" "" 0 0 0.0 0.0 -999 ""
FIBERMAP 40 R+12C6 BOSS 1 1 0 1 0 0 -29.20582422497902 247.9818287267028 143.1 187.09673256904074 165.3048262887629 117.270004 24.163017 174.4244384765625 3.332242002120026 -999.0 -999.0 -999.0 174.42444828987442 3.3322625777025596 174.4266854241415 3.1912275001107187 59.34467420328568 162.9574858496256 5400.0 5400.0 2015.5 1 156 {-999.0 -999.0 -999.0 -999.0 -999.0} "" -999.0 -999.0 -999.0 -999.0 27021603142702049 820258806 "" ops_sky_boss_good ops_sky sky_boss 0 0 0.0 0.0 -999 ""
FIBERMAP 40 R+12C6 METROLOGY 0 0 0 1 0 0 -29.89433461575343 247.69334271943197 143.1 186.46737561035036 165.7061089325611 117.270004 24.163017 -999.0 -999.0 -999.0 -999.0 -999.0 174.42159177470512 3.3341187529094394 174.42383870738968 3.1930508440313004 59.34714261910315 162.9620055406714 -999.0 6231.0 -999.0 -1 -999 {-999.0 -999.0 -999.0 -999.0 -999.0} "" -999.0 -999.0 -999.0 -999.0 -999 -999 "" "" "" "" 0 0 0.0 0.0 -999 ""
FIBERMAP 52 R+5C17 APOGEE 0 0 0 1 0 0 123.99464130931338 88.04120329861905 143.1 142.99068716777046 -51.70345492077217 232.89488 153.29329 -999.0 -999.0 -999.0 -999.0 -999.0 174.22682031008205 2.348917556681237 174.22883484547503 2.208001832135407 58.437992042786725 163.78716915783983 -999.0 16600.0 -999.0 2 -999 {-999.0 -999.0 -999.0 -999.0 -999.0} "" -999.0 -999.0 -999.0 -999.0 -999 -999 "" "" "" "" 0 0 0.0 0.0 -999 ""
FIBERMAP 52 R+5C17 BOSS 1 1 0 1 0 0 123.33862195870108 87.72163121722924 143.1 142.35430485695187 -51.34658062895487 232.89488 153.29329 174.2239794710441 2.350454112693362 3.89136 -7.641924 0.14633586 174.22402243184473 2.350394141600075 174.22600855036228 2.2096008529238853 58.440209779232035 163.79169627346138 5400.0 5400.0 2016.0 1 206 {-999.0 20.382215 19.895727 19.360798 -999.0} sdss_psfmag 20.097235 20.297829 19.163757 -999.0 63050395169999043 1092606532 dark_flexible_2x1 mwm_cb_galex_vol_boss mwm_cb science 0 0 0.0 0.0 -999 ""
FIBERMAP 52 R+5C17 METROLOGY 0 0 0 1 0 0 123.37230141168787 88.45273097974787 143.1 142.9741608101271 -50.95764245507195 232.89488 153.29329 -999.0 -999.0 -999.0 -999.0 -999.0 174.2268157743307 2.3522033752018703 174.2288101880231 2.2113744128598642 58.441275993994864 163.78570088882495 -999.0 6231.0 -999.0 -1 -999 {-999.0 -999.0 -999.0 -999.0 -999.0} "" -999.0 -999.0 -999.0 -999.0 -999 -999 "" "" "" "" 0 0 0.0 0.0 -999 ""
FIBERMAP 56 R-8C4 APOGEE 0 0 0 1 0 0 -143.6619396740546 -163.70054944147805 143.1 -216.35881936922706 24.748290220623183 216.90512 122.88051 -999.0 -999.0 -999.0 -999.0 -999.0 172.59387960787097 2.695492938324372 172.5963824715394 2.5550238333432262 59.12653657141046 166.71787655461202 -999.0 16600.0 -999.0 2 -999 {-999.0 -999.0 -999.0 -999.0 -999.0} "" -999.0 -999.0 -999.0 -999.0 -999 -999 "" "" "" "" 0 0 0.0 0.0 -999 ""
FIBERMAP 56 R-8C4 BOSS 1 1 0 1 0 0 -144.37179160597012 -163.42209762877982 143.1 -216.53454723724502 25.49016991304454 216.90512 122.88051 172.59306553504052 2.6987844511709533 4.838021 -3.0205834 1.3632926 172.5930714129896 2.698740135024793 172.5955520610171 2.558390505746758 59.13000011913678 166.7181939852026 5400.0 5400.0 2016.0 1 452 {-999.0 20.43467 19.049397 18.11363 -999.0} sdss_psfmag 19.845068 18.752163 17.677877 15.902 63050395170003338 1092606572 dark_flexible_2x1 mwm_cb_galex_vol_boss mwm_cb science 0 0 0.0 0.0 -999 ""
FIBERMAP 56 R-8C4 METROLOGY 0 0 0 1 0 0 -143.79819379033086 -162.96699862775782 143.1 -215.8337843654173 25.278240783662152 216.90512 122.88051 -999.0 -999.0 -999.0 -999.0 -999.0 172.59622300402077 2.697819262063329 172.59870926181895 2.557434751325967 59.128452361904166 166.7125233255945 -999.0 6231.0 -999.0 -1 -999 {-999.0 -999.0 -999.0 -999.0 -999.0} "" -999.0 -999.0 -999.0 -999.0 -999 -999 "" "" "" "" 0 0 0.0 0.0 -999 ""
FIBERMAP 59 R+4C8 APOGEE 0 0 0 1 0 0 -80.58602142334433 66.32619642815774 143.1 8.571899813946457 104.00387968418906 319.8583 101.77333 -999.0 -999.0 -999.0 -999.0 -999.0 173.61506229224796 3.057341516582508 173.61744895875904 2.916470800850345 59.267567370612284 164.62278138511203 -999.0 16600.0 -999.0 2 -999 {-999.0 -999.0 -999.0 -999.0 -999.0} "" -999.0 -999.0 -999.0 -999.0 -999 -999 "" "" "" "" 0 0 0.0 0.0 -999 ""
FIBERMAP 59 R+4C8 BOSS 1 1 0 1 0 0 -80.88589154956394 65.63240930922466 143.1 7.831013825963715 103.8549032345041 319.8583 101.77333 173.61156992782614 3.056772354510987 45.65904 -60.7132 5.6053176 173.61171678002628 3.0565958179988493 173.6140768942911 2.915844627308132 59.26770873614434 164.6294786607876 5400.0 5400.0 2016.0 1 33 {-999.0 17.38448 17.711035 17.910225 -999.0} sdss_psfmag_ps1 17.51092 17.533916 17.638792 -999.0 63050395170012266 1143326895 dark_2x1 mwm_wd_pwd_boss_2x1 mwm_wd science 0 0 0.0 0.0 -999 ""
FIBERMAP 59 R+4C8 METROLOGY 0 0 0 1 0 0 -81.32607827990354 66.23144501882001 143.1 8.072340056829939 104.55790983098659 319.8583 101.77333 -999.0 -999.0 -999.0 -999.0 -999.0 173.61280688822157 3.059813690402154 173.61517549928033 2.919028020002589 59.27056693306848 164.6259952775989 -999.0 6231.0 -999.0 -1 -999 {-999.0 -999.0 -999.0 -999.0 -999.0} "" -999.0 -999.0 -999.0 -999.0 -999 -999 "" "" "" "" 0 0 0.0 0.0 -999 ""
FIBERMAP 63 R+5C19 APOGEE 0 0 0 1 0 0 161.55797826678764 107.31321449706195 143.1 180.2294143310933 -71.58317308781037 114.866234 124.5617 -999.0 -999.0 -999.0 -999.0 -999.0 174.39504088946455 2.2589680910296117 174.39699115156623 2.118023840013368 58.310773882530334 163.5164741682002 -999.0 16600.0 -999.0 2 -999 {-999.0 -999.0 -999.0 -999.0 -999.0} "" -999.0 -999.0 -999.0 -999.0 -999 -999 "" "" "" "" 0 0 0.0 0.0 -999 ""
FIBERMAP 63 R+5C19 BOSS 1 1 0 1 0 0 161.9312484411633 107.96609617038783 143.1 180.97851900362147 -71.51781087035938 114.866234 124.5617 174.39852584789915 2.259124531404073 -0.19210635 -0.11002317 -0.14750767 174.39850026442153 2.2591310187372495 174.40041968830405 2.1183082587273545 58.31023189718875 163.51001140805238 5400.0 5400.0 2016.0 1 204 {-999.0 18.189384 17.849203 17.829144 17.773806} sdss_psfmag 18.025667 17.85534 17.42005 16.14 63050395169983979 1059933874 dark_2x4 bhm_aqmes_wide2 bhm_aqmes science 0 0 0.0 0.0 -999 ""
FIBERMAP 63 R+5C19 METROLOGY 0 0 0 1 0 0 162.3040545058795 107.30753770444711 143.1 180.64989337935745 -72.19937656431934 114.866234 124.5617 -999.0 -999.0 -999.0 -999.0 -999.0 174.39699032301215 2.2560750790148747 174.39891769436088 2.115218612268292 58.30759010547064 163.51419041206825 -999.0 6231.0 -999.0 -1 -999 {-999.0 -999.0 -999.0 -999.0 -999.0} "" -999.0 -999.0 -999.0 -999.0 -999 -999 "" "" "" "" 0 0 0.0 0.0 -999 ""
FIBERMAP 65 R+5C14 APOGEE 0 0 0 1 0 0 47.01417412377048 114.76493628328149 143.1 121.0801913365739 26.77112569958929 166.09709 56.846523 -999.0 -999.0 -999.0 -999.0 -999.0 174.12757220516025 2.705790905225757 174.12972056227625 2.5648356607824314 58.808102124333125 163.8111184654161 -999.0 16600.0 -999.0 2 41 {-999.0 -999.0 -999.0 -999.0 -999.0} "" -999.0 -999.0 -999.0 -999.0 -999 -999 "" ops_sky_apogee_best_unassigned ops_sky sky_apogee 0 0 0.0 0.0 -999 ""
FIBERMAP 65 R+5C14 BOSS 1 1 0 1 0 0 47.55965626019601 115.26896749145567 143.1 121.80513501080678 26.6101795858509 166.09709 56.846523 174.13100803126815 2.704994742496112 -19.233961 -14.497925 0.42488068 174.1309477753658 2.7049477446798473 174.1330660130286 2.5641119225506643 58.80661415132765 163.80517377298753 5400.0 5400.0 2016.0 1 159 {-999.0 17.748367 17.394495 17.258799 17.212431} sdss_psfmag_from_gaia 17.6674 17.4051 16.9039 15.841 63050395170007093 970816915 "" ops_std_boss_gdr2 ops_std standard_boss 0 0 0.0 0.0 -999 ""
FIBERMAP 65 R+5C14 METROLOGY 0 0 0 1 0 0 47.73006409625516 114.55595870520965 143.1 121.31643923507269 26.06387431560744 166.09709 56.846523 -999.0 -999.0 -999.0 -999.0 -999.0 174.12871108240358 2.7024959382770346 174.1308373177518 2.561627141703038 58.8047213922548 163.8104784147741 -999.0 6231.0 -999.0 -1 -999 {-999.0 -999.0 -999.0 -999.0 -999.0} "" -999.0 -999.0 -999.0 -999.0 -999 -999 "" "" "" "" 0 0 0.0 0.0 -999 ""
FIBERMAP 71 R-4C9 APOGEE 0 0 0 1 0 0 -61.67484253057652 -86.84841060035984 143.1 -106.49847368058974 1.1818438289693807 280.65784 136.66138 -999.0 -999.0 -999.0 -999.0 -999.0 173.09096632270206 2.589080840774148 173.09331565845173 2.448462557236618 58.92291368045003 165.8140778560407 -999.0 16600.0 -999.0 2 270 {-999.0 -999.0 -999.0 -999.0 -999.0} "" -999.0 -999.0 -999.0 -999.0 -999 -999 "" ops_sky_apogee_best_unassigned ops_sky sky_apogee 0 0 0.0 0.0 -999 ""
FIBERMAP 71 R-4C9 BOSS 1 1 0 1 0 0 -62.08407897609696 -87.4744074987391 143.1 -107.24598506627065 1.1613511153355942 280.65784 136.66138 173.08752748595666 2.5888658119897836 -999.0 -999.0 -999.0 173.08754271945554 2.5888651943272225 173.0898673571279 2.448368527409757 58.923532116338436 165.82064621330377 5400.0 5400.0 2016.0 1 462 {-999.0 20.721622 20.632113 20.368608 20.34991} sdss_psfmag_from_gaiadr2 20.278961 20.729622 20.23948 -999.0 63050395170004023 1056632490 dark_flexible_2x2 bhm_gua_dark bhm_filler science 0 0 0.0 0.0 -999 ""
FIBERMAP 71 R-4C9 METROLOGY 0 0 0 1 0 0 -62.41827749525845 -86.80849702731872 143.1 -106.88931903947369 1.8153867005785498 280.65784 136.66138 -999.0 -999.0 -999.0 -999.0 -999.0 173.08916450002653 2.591877401602718 173.09149704131323 2.451345496344691 58.926109376992464 165.81637032121083 -999.0 6231.0 -999.0 -1 -999 {-999.0 -999.0 -999.0 -999.0 -999.0} "" -999.0 -999.0 -999.0 -999.0 -999 -999 "" "" "" "" 0 0 0.0 0.0 -999 ""
FIBERMAP 78 R-5C11 APOGEE 1 1 0 1 0 0 -4.296441678214908 -102.22100111165213 143.1 -86.43200921292659 -54.71956003126278 275.4065 156.5324 173.1825325055373 2.334684086963439 -11.144339 -0.6647554 1.6790538 173.18251510104514 2.3346900510616284 173.18475347290098 2.1940894991659765 58.65514741297032 165.74306663276678 16000.0 16600.0 2016.0 2 160 {-999.0 12.005184 11.717935 11.638921 -999.0} sdss_psfmag_from_g3xp 11.977136 11.722732 11.312215 10.641 63050395169999968 975008981 "" ops_std_apogee ops_std standard_apogee 0 0 0.0 0.0 -999 ""
FIBERMAP 78 R-5C11 BOSS 0 0 0 1 0 0 -4.519409300222943 -102.92326067685498 143.1 -87.13603406056315 -54.9365467202282 275.4065 156.5324 -999.0 -999.0 -999.0 -999.0 -999.0 173.17929790748875 2.3335556012588428 173.18151078864264 2.1930780109689203 58.654829232836846 165.74956342153598 -999.0 5400.0 -999.0 1 366 {-999.0 -999.0 -999.0 -999.0 -999.0} "" -999.0 -999.0 -999.0 -999.0 -999 -999 "" "" "" "" 0 0 0.0 0.0 -999 ""
FIBERMAP 78 R-5C11 METROLOGY 0 0 0 1 0 0 -5.02457145865195 -102.37695955428626 143.1 -86.97505953528623 -54.21020717889133 275.4065 156.5324 -999.0 -999.0 -999.0 -999.0 -999.0 173.18002572245422 2.3368994093264517 173.1822469364945 2.1963864534524826 58.6579135124609 165.74686230773614 -999.0 6231.0 -999.0 -1 -999 {-999.0 -999.0 -999.0 -999.0 -999.0} "" -999.0 -999.0 -999.0 -999.0 -999 -999 "" "" "" "" 0 0 0.0 0.0 -999 ""
FIBERMAP 86 R-12C11 APOGEE 0 0 0 1 0 0 73.35845441986844 -239.45258700511076 143.1 -154.92932146424565 -196.71988527566663 272.22424 151.923 -999.0 -999.0 -999.0 -999.0 -999.0 172.87475394138332 1.692872999499179 172.87682357682445 1.552495790223956 58.08865064196975 166.56428249530896 -999.0 16600.0 -999.0 2 -999 {-999.0 -999.0 -999.0 -999.0 -999.0} "" -999.0 -999.0 -999.0 -999.0 -999 -999 "" "" "" "" 0 0 0.0 0.0 -999 ""
FIBERMAP 86 R-12C11 BOSS 1 1 0 1 0 0 73.02351841332454 -240.12126059409 143.1 -155.66955632473469 -196.82574129721527 272.22424 151.923 172.87117573753733 1.6923443580789428 -30.590466 -25.394428 2.9342325 172.87143464050624 1.6922765170696374 172.87347982992333 1.5520252765071754 58.08884235613269 166.57065781231083 5400.0 5400.0 2016.0 1 407 {-999.0 17.765997 16.426739 15.418313 -999.0} sdss_psfmag 17.213072 16.09011 14.967589 12.871 63050395169995827 1092230675 dark_flexible_2x1 mwm_cb_galex_mag_boss mwm_cb science 0 0 1.277920126914978 0.0 -999 ""
FIBERMAP 86 R-12C11 METROLOGY 0 0 0 1 0 0 72.61434222506387 -239.50698389890937 143.1 -155.39803725168468 -196.1395277435399 272.22424 151.923 -999.0 -999.0 -999.0 -999.0 -999.0 172.87263064490207 1.6953889914789881 172.87468379176028 1.5551013926435777 58.091624031307234 166.56728775171825 -999.0 6231.0 -999.0 -1 -999 {-999.0 -999.0 -999.0 -999.0 -999.0} "" -999.0 -999.0 -999.0 -999.0 -999 -999 "" "" "" "" 0 0 0.0 0.0 -999 ""
FIBERMAP 97 R-4C15 APOGEE 1 1 0 1 0 0 63.3795303053341 -87.5186677693515 143.1 -35.78834079328782 -101.94349055258226 225.79147 138.9637 173.41309528794758 2.1198789445483364 -36.113667 12.016743 1.9158248 173.41332705400376 2.1199068999553887 173.41544124331688 1.979273431187503 58.39676746927616 165.39760870517216 16000.0 16600.0 2016.0 2 191 {-999.0 9.909547 9.011309 8.66629 -999.0} sdss_psfmag_gaia 9.635216 9.046582 8.3169565 6.792 63050395169998560 1106745017 bright_1x1 mwm_tess_rgb_apogee mwm_tessrgb science 0 0 1.1535378694534302 0.0 -999 ""
FIBERMAP 97 R-4C15 BOSS 0 0 0 1 0 0 62.64371506118909 -87.58856854330163 143.1 -36.26506648758402 -101.37878441984292 225.79147 138.9637 -999.0 -999.0 -999.0 -999.0 -999.0 173.41116318276798 2.122301894111426 173.41325198395987 1.981791444668846 58.39969225639803 165.40066989771617 -999.0 5400.0 -999.0 1 314 {-999.0 -999.0 -999.0 -999.0 -999.0} "" -999.0 -999.0 -999.0 -999.0 -999 -999 "" "" "" "" 0 0 0.0 0.0 -999 ""
FIBERMAP 97 R-4C15 METROLOGY 0 0 0 1 0 0 62.949891940870074 -86.90667189708914 143.1 -35.530355758999086 -101.24176518479752 225.79147 138.9637 -999.0 -999.0 -999.0 -999.0 -999.0 173.41450357001045 2.1229673021159674 173.4165994503693 1.9824208815926097 58.39959771593481 165.394175802378 -999.0 6231.0 -999.0 -1 -999 {-999.0 -999.0 -999.0 -999.0 -999.0} "" -999.0 -999.0 -999.0 -999.0 -999 -999 "" "" "" "" 0 0 0.0 0.0 -999 ""
FIBERMAP 103 R-8C3 APOGEE 1 1 0 1 0 0 -174.68061531504173 -148.49386706681696 143.1 -221.54080323213583 58.89827210735742 202.08452 65.68854 172.57029954578041 2.8501993317762664 0.76892495 -1.7606951 0.8038021 172.5707218667101 2.850188181093057 172.5732889125702 2.7096986866419046 59.28275203554652 166.70362648926476 16000.0 16600.0 2016.0 2 267 {-999.0 10.176252 8.83885 8.22815 -999.0} sdss_psfmag_gaia 9.660006 8.771828 7.846109 5.762 63050395170005259 1154272318 bright_1x1 mwm_galactic_core_dist_apogee_sparse mwm_galactic science 0 0 1.4932509660720825 0.0 -999 ""
FIBERMAP 103 R-8C3 BOSS 0 0 0 1 0 0 -174.67420646379742 -147.75521722879873 143.1 -220.93028405566062 59.31391785369948 202.08452 65.68854 -999.0 -999.0 -999.0 -999.0 -999.0 172.5734547275182 2.8519718569455454 172.5759982684442 2.7116001253764574 59.284093396248586 166.6977076154128 -999.0 5400.0 -999.0 1 476 {-999.0 -999.0 -999.0 -999.0 -999.0} "" -999.0 -999.0 -999.0 -999.0 -999 -999 "" "" "" "" 0 0 0.0 0.0 -999 ""
FIBERMAP 103 R-8C3 METROLOGY 0 0 0 1 0 0 -174.02079197695696 -148.1264281634983 143.1 -220.86292637020597 58.56554886129138 202.08452 65.68854 -999.0 -999.0 -999.0 -999.0 -999.0 172.57375247588675 2.8486152041807893 172.5763013373337 2.7082102579716016 59.280709087329996 166.69841156531447 -999.0 6231.0 -999.0 -1 -999 {-999.0 -999.0 -999.0 -999.0 -999.0} "" -999.0 -999.0 -999.0 -999.0 -999 -999 "" "" "" "" 0 0 0.0 0.0 -999 ""
FIBERMAP 107 R-3C24 APOGEE 0 0 0 1 0 0 271.7036521655667 -48.82953335910028 143.1 114.70938397499629 -251.0538998036095 62.32902 85.04807 -999.0 -999.0 -999.0 -999.0 -999.0 174.09522039212845 1.449024811950783 174.0969802693976 1.3083180593889439 57.592876863555084 164.42066572248822 -999.0 16600.0 -999.0 2 222 {-999.0 -999.0 -999.0 -999.0 -999.0} "" -999.0 -999.0 -999.0 -999.0 -999 -999 "" ops_sky_apogee_best_unassigned ops_sky sky_apogee 0 0 0.0 0.0 -999 ""
FIBERMAP 107 R-3C24 BOSS 1 1 0 1 0 0 272.3288029075976 -49.23160116620647 143.1 114.73528419620959 -251.79663102896157 62.32902 85.04807 174.09534724796276 1.445606757499361 -0.26669443 0.023627043 -0.3009171 174.0953434657211 1.4455923655836704 174.0970729421134 1.3050125610244336 57.58963587305667 164.42189048317246 5400.0 5400.0 2016.0 1 253 {-999.0 18.799463 18.796576 18.914665 18.802502} sdss_psfmag 18.575714 18.652216 18.301062 -999.0 63050395169981636 1059933865 dark_2x4 bhm_aqmes_wide2 bhm_aqmes science 0 0 0.0 0.0 -999 ""
FIBERMAP 107 R-3C24 METROLOGY 0 0 0 1 0 0 271.6601203241407 -49.57491966730491 143.1 114.07217607046316 -251.44288438099971 62.32902 85.04807 -999.0 -999.0 -999.0 -999.0 -999.0 174.09235545543947 1.4471863782021215 174.09409428725303 1.3065712973309496 57.591826877120695 164.4266462354741 -999.0 6231.0 -999.0 -1 -999 {-999.0 -999.0 -999.0 -999.0 -999.0} "" -999.0 -999.0 -999.0 -999.0 -999 -999 "" "" "" "" 0 0 0.0 0.0 -999 ""
FIBERMAP 110 R-1C13 APOGEE 0 0 0 1 0 0 1.7017320066493387 -8.97796717924225 143.1 -6.406493581026423 -6.5141179336066575 64.580215 87.69385 -999.0 -999.0 -999.0 -999.0 -999.0 173.5469476018027 2.5542548642364102 173.54918090042747 2.413498290182345 58.79206003871636 164.9678246202623 -999.0 16600.0 -999.0 2 162 {-999.0 -999.0 -999.0 -999.0 -999.0} "" -999.0 -999.0 -999.0 -999.0 -999 -999 "" ops_sky_apogee_best_unassigned ops_sky sky_apogee 0 0 0.0 0.0 -999 ""
FIBERMAP 110 R-1C13 BOSS 1 1 0 1 0 0 2.35944717467782 -9.315454894215977 143.1 -6.308978548376708 -7.2468035292946045 64.580215 87.69385 173.54742187379014 2.550775868649717 0.3024156 0.42897686 -0.39629638 173.54741695004014 2.5507918688499553 173.54962193325707 2.4101565668330798 58.788702714174676 164.96840246094246 5400.0 5400.0 2016.0 1 346 {-999.0 20.32888 20.132235 19.963453 19.83712} sdss_psfmag_from_gaiadr2 20.138367 20.137787 19.472075 -999.0 63050395170000440 1056632419 dark_flexible_2x2 bhm_gua_dark bhm_filler science 0 0 0.0 0.0 -999 ""
FIBERMAP 110 R-1C13 METROLOGY 0 0 0 1 0 0 1.7450218179784667 -9.730145438943481 143.1 -6.999807354098472 -6.978304610653731 64.580215 87.69385 -999.0 -999.0 -999.0 -999.0 -999.0 173.54425880585347 2.552049296721784 173.5464726032551 2.411380499262564 58.79058384213238 164.97381289372098 -999.0 6231.0 -999.0 -1 -999 {-999.0 -999.0 -999.0 -999.0 -999.0} "" -999.0 -999.0 -999.0 -999.0 -999 -999 "" "" "" "" 0 0 0.0 0.0 -999 ""
FIBERMAP 114 R-12C15 APOGEE 0 0 0 1 0 0 149.5520211341416 -225.9585263500242 143.1 -100.42470325133115 -251.6303050890694 105.404976 144.68791 -999.0 -999.0 -999.0 -999.0 -999.0 173.12230312406192 1.445787633473872 173.1242376628304 1.3053759177790611 57.79744060153604 166.1997169329291 -999.0 16600.0 -999.0 2 236 {-999.0 -999.0 -999.0 -999.0 -999.0} "" -999.0 -999.0 -999.0 -999.0 -999 -999 "" "" "" "" 0 0 0.0 0.0 -999 ""
FIBERMAP 114 R-12C15 BOSS 1 1 0 1 0 0 149.81631355657117 -225.26332265513307 143.1 -99.70292696809172 -251.45129114151587 105.404976 144.68791 173.12554460698388 1.4464326190063113 0.025097318 0.076999955 -0.43560112 173.12558017289098 1.4464402151812008 173.12748852970913 1.3061533195783541 57.797549976679264 166.19344965436744 5400.0 5400.0 2016.0 1 258 {-999.0 20.494606 20.28226 20.097902 19.955057} sdss_psfmag_from_gaiadr2 20.196327 20.295156 19.485044 -999.0 63050395169995354 1056632335 dark_flexible_2x2 bhm_gua_dark bhm_filler science 0 0 0.0 0.0 -999 ""
FIBERMAP 114 R-12C15 METROLOGY 0 0 0 1 0 0 150.29249788664887 -225.84669486256567 143.1 -99.91087140348952 -252.17494733020555 105.404976 144.68791 -999.0 -999.0 -999.0 -999.0 -999.0 173.1246560280401 1.443257923679792 173.12657073720948 1.302936243816971 57.79458251770008 166.1963478751463 -999.0 6231.0 -999.0 -1 -999 {-999.0 -999.0 -999.0 -999.0 -999.0} "" -999.0 -999.0 -999.0 -999.0 -999 -999 "" "" "" "" 0 0 0.0 0.0 -999 ""
FIBERMAP 115 R-11C13 APOGEE 0 0 0 1 0 0 102.65825416754379 -197.79818600524345 143.1 -104.0103338683854 -197.0560158628887 103.120415 95.855095 -999.0 -999.0 -999.0 -999.0 -999.0 173.10471054275064 1.6902556153928636 173.10673558121596 1.5498025992590423 58.04039325326928 166.13945037546068 -999.0 16600.0 -999.0 2 166 {-999.0 -999.0 -999.0 -999.0 -999.0} "" -999.0 -999.0 -999.0 -999.0 -999 -999 "" ops_sky_apogee_best_unassigned ops_sky sky_apogee 0 0 0.0 0.0 -999 ""
FIBERMAP 115 R-11C13 BOSS 1 1 0 1 0 0 103.35561343682495 -197.5518749020282 143.1 -103.41058494769784 -197.4886015434072 103.120415 95.855095 173.10745239257812 1.6881570189452475 -999.0 -999.0 -999.0 173.10744157241004 1.688140313232289 173.10943963889406 1.5478116328357134 58.037898352444316 166.13520672820843 5400.0 5400.0 2015.5 1 395 {-999.0 -999.0 -999.0 -999.0 -999.0} "" -999.0 -999.0 -999.0 -999.0 27021603142690439 820258125 "" ops_sky_boss_good ops_sky sky_boss 0 0 0.0 0.0 -999 ""
FIBERMAP 115 R-11C13 METROLOGY 0 0 0 1 0 0 103.2243265257952 -198.28399079335134 143.1 -104.08689623962873 -197.7979254557117 103.120415 95.855095 -999.0 -999.0 -999.0 -999.0 -999.0 173.10438481186884 1.6868039620814816 173.10639027136256 1.5464411663260527 58.03717032405423 166.1413686629212 -999.0 6231.0 -999.0 -1 -999 {-999.0 -999.0 -999.0 -999.0 -999.0} "" -999.0 -999.0 -999.0 -999.0 -999 -999 "" "" "" "" 0 0 0.0 0.0 -999 ""
FIBERMAP 117 R-1C9 APOGEE 1 1 0 1 0 0 -84.49383737060828 -19.12199085493565 143.1 -63.85828285623312 58.52282554982094 26.011414 90.757904 173.28496136468584 2.8502802036747124 -1.2552767 -4.8037243 0.061345566 173.28497322216415 2.8502768459327323 173.2873696055825 2.7095472790861925 59.13755226400308 165.339348699238 16000.0 16600.0 2016.0 2 244 {-999.0 14.219106 13.308033 12.956596 -999.0} sdss_psfmag_gaia 13.938252 13.34211 12.606197 10.999 63050395170004593 1104347615 bright_flexible_3x1 mwm_tess_rgb_apogee mwm_tessrgb science 0 0 0.0 0.0 -999 ""
FIBERMAP 117 R-1C9 BOSS 0 0 0 1 0 0 -84.14054359351857 -19.77497108144658 143.1 -64.19344431068951 57.86046964833663 26.011414 90.757904 -999.0 -999.0 -999.0 -999.0 -999.0 173.28343957990572 2.8471713007444066 173.28580921396485 2.7065620696692947 59.134967616624664 165.34355692103594 -999.0 5400.0 -999.0 1 481 {-999.0 -999.0 -999.0 -999.0 -999.0} "" -999.0 -999.0 -999.0 -999.0 -999 -999 "" "" "" "" 0 0 0.0 0.0 -999 ""
FIBERMAP 117 R-1C9 METROLOGY 0 0 0 1 0 0 -84.88814693585114 -19.76060643260524 143.1 -64.60765570735717 58.48287845314747 26.011414 90.757904 -999.0 -999.0 -999.0 -999.0 -999.0 173.2815518105599 2.850029559011153 173.28393027906566 2.709386592162029 59.138127067051364 165.3459588989381 -999.0 6231.0 -999.0 -1 -999 {-999.0 -999.0 -999.0 -999.0 -999.0} "" -999.0 -999.0 -999.0 -999.0 -999 -999 "" "" "" "" 0 0 0.0 0.0 -999 ""
FIBERMAP 119 R0C6 APOGEE 0 0 0 1 0 0 -189.0923697053551 -2.04044733574793 143.1 -109.4285428201591 154.1936347366955 159.12933 144.78036 -999.0 -999.0 -999.0 -999.0 -999.0 173.07827118788472 3.2838181867054432 173.08087257472255 3.1430761351792253 59.60489902479782 165.5549418360799 -999.0 16600.0 -999.0 2 -999 {-999.0 -999.0 -999.0 -999.0 -999.0} "" -999.0 -999.0 -999.0 -999.0 -999 -999 "" "" "" "" 0 0 0.0 0.0 -999 ""
FIBERMAP 119 R0C6 BOSS 1 1 0 1 0 0 -189.52774704848383 -1.453575962231803 143.1 -109.19447010912508 154.88575828144815 159.12933 144.78036 173.07883047895285 3.286926385624666 6.450968 -17.414145 0.060496602 173.07933606818798 3.2868760544726325 173.08191306698552 3.1462502189079653 59.607783985809 165.55161611593437 5400.0 5400.0 2016.0 1 494 {-999.0 14.495198 14.275359 14.234909 -999.0} sdss_psfmag 14.205937 13.997925 13.675329 13.014 63050395170006193 1093638732 bright_1x1 mwm_astar_core_boss_single mwm_ob science 0 0 1.6783924102783203 0.0 -999 ""
FIBERMAP 119 R0C6 METROLOGY 0 0 0 1 0 0 -188.77629960949645 -1.3646058787362372 143.1 -108.69316943669757 154.31907532576903 159.12933 144.78036 -999.0 -999.0 -999.0 -999.0 -999.0 173.08160223257914 3.2843499121760233 173.08418487921574 3.1436906073272337 59.60480483613718 165.54829586640702 -999.0 6231.0 -999.0 -1 -999 {-999.0 -999.0 -999.0 -999.0 -999.0} "" -999.0 -999.0 -999.0 -999.0 -999 -999 "" "" "" "" 0 0 0.0 0.0 -999 ""
FIBERMAP 120 R-7C13 APOGEE 0 0 0 1 0 0 45.54754216640898 -132.54978102884172 143.1 -82.94679894026905 -112.95337790442557 142.102 135.26648 -999.0 -999.0 -999.0 -999.0 -999.0 173.19887821514155 2.070076429327703 173.20101953743517 1.9295204966622397 58.392931499830496 165.81733653779915 -999.0 16600.0 -999.0 2 163 {-999.0 -999.0 -999.0 -999.0 -999.0} "" -999.0 -999.0 -999.0 -999.0 -999 -999 "" ops_sky_apogee_best_unassigned ops_sky sky_apogee 0 0 0.0 0.0 -999 ""
FIBERMAP 120 R-7C13 BOSS 1 1 0 1 0 0 45.45463119936063 -131.80554452995838 143.1 -82.38828608694405 -112.45294851435358 142.102 135.26648 173.20143316380202 2.072184819301593 -1.2209998 -0.26089773 0.32368165 173.2014034273215 2.072174904143516 173.20351903695166 1.931740737904399 58.394588970304454 165.81179885069633 5400.0 5400.0 2016.0 1 354 {-999.0 16.681686 16.291586 16.141754 -999.0} sdss_psfmag 16.591835 16.28444 15.811568 14.989 63050395169997542 976468360 "" ops_std_boss ops_std standard_boss 0 0 0.0 0.0 -999 ""
FIBERMAP 120 R-7C13 METROLOGY 0 0 0 1 0 0 46.13454700666737 -132.08468625208104 143.1 -82.23018380094413 -113.1706261294549 142.102 135.26648 -999.0 -999.0 -999.0 -999.0 -999.0 173.2021288056794 2.0689614521550403 173.20425047745323 1.9284928212261037 58.391260113197944 165.81171200913624 -999.0 6231.0 -999.0 -1 -999 {-999.0 -999.0 -999.0 -999.0 -999.0} "" -999.0 -999.0 -999.0 -999.0 -999 -999 "" "" "" "" 0 0 0.0 0.0 -999 ""
FIBERMAP 124 R-6C12 APOGEE 0 0 0 1 0 0 10.671654943420561 -116.79187684737259 143.1 -89.87389266053894 -75.32024289706419 168.65472 129.44208 -999.0 -999.0 -999.0 -999.0 -999.0 173.16702116161787 2.2410156767855605 173.1692296793592 2.100437760560958 58.56672669156494 165.80938352785242 -999.0 16600.0 -999.0 2 -999 {-999.0 -999.0 -999.0 -999.0 -999.0} "" -999.0 -999.0 -999.0 -999.0 -999 -999 "" "" "" "" 0 0 0.0 0.0 -999 ""
FIBERMAP 124 R-6C12 BOSS 1 1 0 1 0 0 10.320396410433746 -116.14099688860199 143.1 -89.53929700395527 -74.6607559449946 168.65472 129.44208 173.16857234227976 2.243874366001785 -8.534344 -1.210404 0.38094738 173.16852179996766 2.243856254447133 173.17070523168059 2.10339945410381 58.569320457511054 165.80544505522613 5400.0 5400.0 2016.0 1 378 {-999.0 17.061535 16.73778 16.531008 -999.0} sdss_psfmag 17.00638 16.700937 16.233992 15.394 63050395169999693 977049151 "" ops_std_boss ops_std standard_boss 0 0 0.0 0.0 -999 ""
FIBERMAP 124 R-6C12 METROLOGY 0 0 0 1 0 0 11.059415322845068 -116.15445715152036 143.1 -89.12923431261558 -75.27559651581292 168.65472 129.44208 -999.0 -999.0 -999.0 -999.0 -999.0 173.17039209023588 2.241100994638418 173.1725814441519 2.1006095044305084 58.56620365262643 165.803031044426 -999.0 6231.0 -999.0 -1 -999 {-999.0 -999.0 -999.0 -999.0 -999.0} "" -999.0 -999.0 -999.0 -999.0 -999 -999 "" "" "" "" 0 0 0.0 0.0 -999 ""
FIBERMAP 126 R-7C19 APOGEE 0 0 0 1 0 0 199.38034416622713 -123.31269743293649 143.1 12.302163891425998 -234.07719063365226 72.3221 97.92604 -999.0 -999.0 -999.0 -999.0 -999.0 173.63227107996212 1.5232372007440953 173.6341396984477 1.3826506543810055 57.767251094002155 165.23428910611096 -999.0 16600.0 -999.0 2 -999 {-999.0 -999.0 -999.0 -999.0 -999.0} "" -999.0 -999.0 -999.0 -999.0 -999 -999 "" "" "" "" 0 0 0.0 0.0 -999 ""
FIBERMAP 126 R-7C19 BOSS 1 1 0 1 0 0 200.1147121347346 -123.41500233065459 143.1 12.636582450494146 -234.7388371391768 72.3221 97.92604 173.6334961692747 1.5201788566416006 -1.9481034 -24.338875 0.5160441 173.63381520577258 1.5201176051365102 173.63565487406458 1.3796569981216993 57.764002304700064 165.2327185360355 5400.0 5400.0 2016.0 1 320 {-999.0 16.464252 15.996697 15.83645 -999.0} sdss_psfmag 16.356451 16.011253 15.496933 14.655 63050395169980884 1136202898 dark_flexible_3x1 mwm_halo_local_high_boss_triple mwm_halo science 0 0 1.1381973028182983 0.0 -999 ""
FIBERMAP 126 R-7C19 METROLOGY 0 0 0 1 0 0 199.6498676689413 -124.00841221788538 143.1 11.8841566237887 -234.6950735341223 72.3221 97.92604 -999.0 -999.0 -999.0 -999.0 -999.0 173.6303967793134 1.5203533455349747 173.63224499129933 1.3798580713688766 57.76492941356993 165.23888004946954 -999.0 6231.0 -999.0 -1 -999 {-999.0 -999.0 -999.0 -999.0 -999.0} "" -999.0 -999.0 -999.0 -999.0 -999 -999 "" "" "" "" 0 0 0.0 0.0 -999 ""
FIBERMAP 129 R-6C21 APOGEE 0 0 0 1 0 0 235.50593228592425 -104.1605143189626 143.1 48.62315673224605 -252.8439517028227 74.39225 85.82313 -999.0 -999.0 -999.0 -999.0 -999.0 173.796641959248 1.4396506036710355 173.79845291481058 1.2990313117385524 57.650085424428376 164.96792666159553 -999.0 16600.0 -999.0 2 194 {-999.0 -999.0 -999.0 -999.0 -999.0} "" -999.0 -999.0 -999.0 -999.0 -999 -999 "" ops_sky_apogee_best_unassigned ops_sky sky_apogee 0 0 0.0 0.0 -999 ""
FIBERMAP 129 R-6C21 BOSS 1 1 0 1 0 0 236.21307492191266 -104.3812641030575 143.1 48.84474813644105 -253.55072462190066 74.39225 85.82313 173.79766485686642 1.4363611420923168 -999.0 -999.0 -999.0 173.79766749393062 1.4363594505454689 173.79944895289987 1.2958667608625267 57.64677986082758 164.96740069562424 5400.0 5400.0 2016.0 1 333 {-999.0 19.771847 19.356573 18.988981 18.801859} sdss_fiber2mag_from_lsdr10 18.798199 20.89479 17.634186 15.939 63050395169980652 1058997057 dark_flexible_2x1 bhm_spiders_agn_lsdr10 bhm_spiders science 0 0 0.0 0.0 -999 ""
FIBERMAP 129 R-6C21 METROLOGY 0 0 0 1 0 0 235.66179884274203 -104.88737679267602 143.1 48.11479272605467 -253.38620437243858 74.39225 85.82313 -999.0 -999.0 -999.0 -999.0 -999.0 173.7943580404636 1.4371239413317467 173.79614835704865 1.2965962900644366 57.64821154588723 164.97312118057536 -999.0 6231.0 -999.0 -1 -999 {-999.0 -999.0 -999.0 -999.0 -999.0} "" -999.0 -999.0 -999.0 -999.0 -999 -999 "" "" "" "" 0 0 0.0 0.0 -999 ""
FIBERMAP 130 R-9C15 APOGEE 0 0 0 1 0 0 117.21359806833895 -166.55674052736313 143.1 -70.04848436520805 -191.21195610669764 97.281555 141.99638 -999.0 -999.0 -999.0 -999.0 -999.0 173.25845937545523 1.716096923598708 173.26046424651793 1.5755893110573511 58.034350438255416 165.845319405922 -999.0 16600.0 -999.0 2 -999 {-999.0 -999.0 -999.0 -999.0 -999.0} "" -999.0 -999.0 -999.0 -999.0 -999 -999 "" "" "" "" 0 0 0.0 0.0 -999 ""
FIBERMAP 130 R-9C15 BOSS 1 1 0 1 0 0 117.57424850043472 -165.91975382062014 143.1 -69.31963005127676 -191.14528320341168 97.281555 141.99638 173.26146578536134 1.7162589831537998 -35.199574 -12.716712 0.50737673 173.26177344314914 1.7162193005104902 173.2637514828574 1.5758353357325394 58.033915101617914 165.8391497403227 5400.0 5400.0 2016.0 1 265 {-999.0 15.72171 15.147333 14.964285 -999.0} sdss_psfmag 15.5996895 15.182726 14.617484 13.411 63050395169996036 1136203261 dark_flexible_3x1 mwm_halo_local_high_boss_triple mwm_halo science 0 0 1.4258819818496704 0.0 -999 ""
FIBERMAP 130 R-9C15 METROLOGY 0 0 0 1 0 0 117.95967014702997 -166.55054101855433 143.1 -69.61825023970309 -191.82138859003098 97.281555 141.99638 -999.0 -999.0 -999.0 -999.0 -999.0 173.26042520925952 1.7132222124976124 173.26240989508483 1.5728039156811469 58.031224505254436 165.84280674781192 -999.0 6231.0 -999.0 -1 -999 {-999.0 -999.0 -999.0 -999.0 -999.0} "" -999.0 -999.0 -999.0 -999.0 -999 -999 "" "" "" "" 0 0 0.0 0.0 -999 ""
FIBERMAP 136 R-10C12 APOGEE 0 0 0 1 0 0 46.89797973050235 -200.90352339224307 143.1 -138.33600434691573 -153.0134847972972 262.92828 36.010227 -999.0 -999.0 -999.0 -999.0 -999.0 172.94841062929805 1.8893177997351303 172.95053777753094 1.7488783959338137 58.26667330304342 166.35392117744706 -999.0 16600.0 -999.0 2 -999 {-999.0 -999.0 -999.0 -999.0 -999.0} "" -999.0 -999.0 -999.0 -999.0 -999 -999 "" "" "" "" 0 0 0.0 0.0 -999 ""
FIBERMAP 136 R-10C12 BOSS 1 1 0 1 0 0 46.54070324527389 -200.28614767005192 143.1 -138.03236469055096 -152.36814556453209 262.92828 36.010227 172.9497429053459 1.8920827839635879 2.4752219 -11.765962 0.30918726 172.9497615814372 1.8920675160261755 172.9518643775616 1.7517509202051538 58.269225455801035 166.35036607702443 5400.0 5400.0 2016.0 1 369 {-999.0 17.744617 17.378473 17.224838 -999.0} sdss_psfmag 17.671282 17.363245 16.89263 15.906 63050395169997336 977049140 "" ops_std_boss ops_std standard_boss 0 0 0.0 0.0 -999 ""
FIBERMAP 136 R-10C12 METROLOGY 0 0 0 1 0 0 47.278983440733114 -200.26204217404398 143.1 -137.59185930464466 -152.9609727933917 262.92828 36.010227 -999.0 -999.0 -999.0 -999.0 -999.0 172.95176659994056 1.8894254728330293 172.95387514071706 1.7490736410478935 58.266202433257945 166.347631512394 -999.0 6231.0 -999.0 -1 -999 {-999.0 -999.0 -999.0 -999.0 -999.0} "" -999.0 -999.0 -999.0 -999.0 -999 -999 "" "" "" "" 0 0 0.0 0.0 -999 ""
FIBERMAP 138 R-2C24 APOGEE 0 0 0 1 0 0 255.61661007505566 -31.63770380096658 143.1 119.66699799953963 -228.04038209525362 27.78561 126.95502 -999.0 -999.0 -999.0 -999.0 -999.0 174.11823148823007 1.5519259463585013 174.12001952119397 1.4111927964498057 57.6878608529385 164.33521521805343 -999.0 16600.0 -999.0 2 -999 {-999.0 -999.0 -999.0 -999.0 -999.0} "" -999.0 -999.0 -999.0 -999.0 -999 -999 "" "" "" "" 0 0 0.0 0.0 -999 ""
FIBERMAP 138 R-2C24 BOSS 1 1 0 1 0 0 256.29008103338515 -31.94368688316243 143.1 119.79937517439294 -228.76805993140792 27.78561 126.95502 174.11887613048927 1.5485197685703307 -9.675828 0.50106585 0.45152327 174.1188451940215 1.5485354434930554 174.12060269772087 1.4079285961777837 57.68454954429233 164.3355399228466 5400.0 5400.0 2016.0 1 260 {-999.0 17.313414 17.045998 16.802704 16.569643} sdss_psfmag_from_gdr3 17.536896 17.167902 16.663452 15.425 63050395169981680 1059390719 dark_flexible_2x1 bhm_spiders_agn_gaiadr3 bhm_spiders science 0 0 0.0 0.0 -999 ""
FIBERMAP 138 R-2C24 METROLOGY 0 0 0 1 0 0 255.6924844432465 -32.379933590697114 143.1 119.10042572624435 -228.52567088929675 27.78561 126.95502 -999.0 -999.0 -999.0 -999.0 -999.0 174.1156874854125 1.5496401048475772 174.11745424925743 1.4089982644261307 57.68630597932304 164.34081968150664 -999.0 6231.0 -999.0 -1 -999 {-999.0 -999.0 -999.0 -999.0 -999.0} "" -999.0 -999.0 -999.0 -999.0 -999 -999 "" "" "" "" 0 0 0.0 0.0 -999 ""
FIBERMAP 140 R-4C12 APOGEE 0 0 0 1 0 0 8.4593606718062 -90.07365248633721 143.1 -69.1831229879194 -58.27756881885557 318.31174 102.73967 -999.0 -999.0 -999.0 -999.0 -999.0 173.26103162254248 2.318484212146627 173.26324722676452 2.1778614409060966 58.62294159950397 165.60214820368776 -999.0 16600.0 -999.0 2 -999 {-999.0 -999.0 -999.0 -999.0 -999.0} "" -999.0 -999.0 -999.0 -999.0 -999 -999 "" "" "" "" 0 0 0.0 0.0 -999 ""
FIBERMAP 140 R-4C12 BOSS 1 1 0 1 0 0 8.125136469104083 -90.72898299365693 143.1 -69.91198969543593 -58.37640624813753 318.31174 102.73967 173.25772343819264 2.317943296433813 -7.055299 -23.920895 1.482634 173.25770532038072 2.3178840074674945 173.2598953655645 2.177384218842919 58.62317561654565 165.60863059945046 5400.0 5400.0 2016.0 1 365 {-999.0 20.667776 20.57819 20.808329 -999.0} sdss_psfmag 20.70861 20.577335 20.350239 -999.0 63050395169999742 1092606542 dark_flexible_2x1 mwm_cb_galex_vol_boss mwm_cb science 0 0 0.0 0.0 -999 ""
FIBERMAP 140 R-4C12 METROLOGY 0 0 0 1 0 0 7.713963438247097 -90.10597809096026 143.1 -69.63443749420094 -57.68357843937904 318.31174 102.73967 -999.0 -999.0 -999.0 -999.0 -999.0 173.25896386285712 2.3210763385208537 173.26116214018862 2.180541017794462 58.62599779895446 165.6049847753402 -999.0 6231.0 -999.0 -1 -999 {-999.0 -999.0 -999.0 -999.0 -999.0} "" -999.0 -999.0 -999.0 -999.0 -999 -999 "" "" "" "" 0 0 0.0 0.0 -999 ""
FIBERMAP 142 R0C2 APOGEE 1 1 0 1 0 0 -289.4748279856162 2.995638606719343 143.1 -162.4927459935492 239.53659378561966 229.5193 45.005966 172.84112149879107 3.6650538006906244 -254.16966 132.54454 19.996124 172.84040173692472 3.665450191200882 172.8432052227456 3.5247188491862524 60.02753940312233 165.85868596942404 16000.0 16600.0 2016.0 2 295 {-999.0 16.161789 14.667276 13.460439 -999.0} sdss_psfmag 15.520331 14.153568 13.006051 10.89 63050395170253172 984741516 bright_1x1 mwm_snc_100pc_apogee mwm_snc science 0 0 0.0 0.0 -999 ""
FIBERMAP 142 R0C2 BOSS 0 0 0 1 0 0 -289.47915295871286 3.737690965024134 143.1 -161.88554788863087 239.96299721986534 229.5193 45.005966 -999.0 -999.0 -999.0 -999.0 -999.0 172.8431823320243 3.667248272542039 172.84596141918075 3.5266309259947346 60.028844168334764 165.85250931397633 -999.0 5400.0 -999.0 1 423 {-999.0 -999.0 -999.0 -999.0 -999.0} "" -999.0 -999.0 -999.0 -999.0 -999 -999 "" "" "" "" 0 0 0.0 0.0 -999 ""
FIBERMAP 142 R0C2 METROLOGY 0 0 0 1 0 0 -288.8300744985055 3.368891063337658 143.1 -161.818680158435 239.21956456235824 229.5193 45.005966 -999.0 -999.0 -999.0 -999.0 -999.0 172.84344956085204 3.6639705811521903 172.84623425095356 3.523321078267275 60.02554917545158 165.85334010472903 -999.0 6231.0 -999.0 -1 -999 {-999.0 -999.0 -999.0 -999.0 -999.0} "" -999.0 -999.0 -999.0 -999.0 -999 -999 "" "" "" "" 0 0 0.0 0.0 -999 ""
FIBERMAP 144 R-4C4 APOGEE 0 0 0 1 0 0 -168.73284651028428 -64.14497661685598 143.1 -148.8513477266546 102.07690002744015 82.250824 83.53828 -999.0 -999.0 -999.0 -999.0 -999.0 172.8989962227054 3.047185569293686 172.90155709797284 2.9065465710133687 59.410536749298046 165.99664666941993 -999.0 16600.0 -999.0 2 -999 {-999.0 -999.0 -999.0 -999.0 -999.0} "" -999.0 -999.0 -999.0 -999.0 -999 -999 "" "" "" "" 0 0 0.0 0.0 -999 ""
FIBERMAP 144 R-4C4 BOSS 1 1 0 1 0 0 -168.00139074104072 -64.326424593204 143.1 -148.58361179653787 101.37254737359673 82.250824 83.53828 172.9001688017561 3.043926697115159 4.535757 -5.243212 4.4674363 172.900180823249 3.0439105758641265 172.9027155693251 2.9033900053311017 59.40721066678351 165.99568464425008 5400.0 5400.0 2016.0 1 455 {-999.0 18.466478 18.615547 18.81609 -999.0} sdss_psfmag 18.541698 18.532362 18.591757 -999.0 63050395170005931 1143293673 dark_2x1 mwm_wd_pwd_boss_2x1 mwm_wd science 0 0 0.0 0.0 -999 ""
FIBERMAP 144 R-4C4 METROLOGY 0 0 0 1 0 0 -168.52398780546753 -64.86124473839571 143.1 -149.3208105495855 101.49714662091584 82.250824 83.53828 -999.0 -999.0 -999.0 -999.0 -999.0 172.89684593970276 3.0444896294038695 172.899388712568 2.9039365717899006 59.408422605765296 166.00185762531464 -999.0 6231.0 -999.0 -1 -999 {-999.0 -999.0 -999.0 -999.0 -999.0} "" -999.0 -999.0 -999.0 -999.0 -999 -999 "" "" "" "" 0 0 0.0 0.0 -999 ""
FIBERMAP 146 R-8C5 APOGEE 0 0 0 1 0 0 -119.70422588930678 -152.33074617643874 143.1 -193.3654748913615 11.543830001646716 98.72534 162.26526 -999.0 -999.0 -999.0 -999.0 -999.0 172.69742321758807 2.635774218616373 172.6998796953037 2.4952800346491513 59.04781144271253 166.5430935826295 -999.0 16600.0 -999.0 2 265 {-999.0 -999.0 -999.0 -999.0 -999.0} "" -999.0 -999.0 -999.0 -999.0 -999 -999 "" "" "" "" 0 0 0.0 0.0 -999 ""
FIBERMAP 146 R-8C5 BOSS 1 1 0 1 0 0 -119.59585684645553 -151.59020850073372 143.1 -192.6953038333918 11.876782058326901 98.72534 162.26526 172.7000974400176 2.63724366764414 7.8530397 -20.072258 3.5614681 172.70041672348643 2.6371731293904017 172.70284901260754 2.496797764045005 59.04871857714984 166.53685936238574 5400.0 5400.0 2016.0 1 480 {-999.0 18.215336 16.658588 15.83871 -999.0} sdss_psfmag_ps1 17.448668 16.414518 15.377358 13.398 63050395170004261 1077945694 bright_flexible_2x1 mwm_snc_ext_main_boss mwm_snc science 0 0 1.137417197227478 0.0 -999 ""
FIBERMAP 146 R-8C5 METROLOGY 0 0 0 1 0 0 -119.009123828334 -152.05730825935956 143.1 -192.7447251017893 11.128556726192697 98.72534 162.26526 -999.0 -999.0 -999.0 -999.0 -999.0 172.70019915578754 2.6338094039390763 172.70263704337492 2.4934007097841215 59.04542887234572 166.5385573017495 -999.0 6231.0 -999.0 -1 -999 {-999.0 -999.0 -999.0 -999.0 -999.0} "" -999.0 -999.0 -999.0 -999.0 -999 -999 "" "" "" "" 0 0 0.0 0.0 -999 ""
FIBERMAP 147 R-3C3 APOGEE 0 0 0 1 0 0 -206.41750408486496 -41.23139992112168 143.1 -151.4999597436956 146.09527052090792 107.628494 73.33559 -999.0 -999.0 -999.0 -999.0 -999.0 172.8875884158911 3.246306621982791 172.89022516034083 3.105635095019499 59.6077419954898 165.9383688057914 -999.0 16600.0 -999.0 2 278 {-999.0 -999.0 -999.0 -999.0 -999.0} "" -999.0 -999.0 -999.0 -999.0 -999 -999 "" ops_sky_apogee_best_unassigned ops_sky sky_apogee 0 0 0.0 0.0 -999 ""
FIBERMAP 147 R-3C3 BOSS 1 1 0 1 0 0 -205.66638929096615 -41.21511644910548 143.1 -151.05856720317416 145.4874412257682 107.628494 73.33559 172.8895404992414 3.243536236081356 6.9294357 -16.791487 3.3084123 172.88956553276046 3.243487113174819 172.89217618223677 3.102932708379606 59.604698148801376 165.93569267392488 5400.0 5400.0 2016.0 1 442 {-999.0 19.133183 17.76085 16.57658 -999.0} sdss_psfmag 18.613142 17.279171 16.137047 13.965 63050395170006296 1094328565 bright_1x1 mwm_bin_vis_boss mwm_filler science 0 0 0.0 0.0 -999 ""
FIBERMAP 147 R-3C3 METROLOGY 0 0 0 1 0 0 -206.05087834866052 -41.88318189780141 143.1 -151.82653966334382 145.42264402694036 107.628494 73.33559 -999.0 -999.0 -999.0 -999.0 -999.0 172.88609165551924 3.2432018915433862 172.8887100558842 3.1026154793299514 59.6050957414796 165.94251680234936 -999.0 6231.0 -999.0 -1 -999 {-999.0 -999.0 -999.0 -999.0 -999.0} "" -999.0 -999.0 -999.0 -999.0 -999 -999 "" "" "" "" 0 0 0.0 0.0 -999 ""
FIBERMAP 148 R-10C10 APOGEE 0 0 0 1 0 0 8.954050359741299 -189.62206389691437 143.1 -150.68918817556832 -115.4105286788707 168.57901 110.148834 -999.0 -999.0 -999.0 -999.0 -999.0 172.89173863311197 2.0595395110094095 172.89393936429371 1.9190868332992765 58.44471692690263 166.3953084580348 -999.0 16600.0 -999.0 2 -999 {-999.0 -999.0 -999.0 -999.0 -999.0} "" -999.0 -999.0 -999.0 -999.0 -999 -999 "" "" "" "" 0 0 0.0 0.0 -999 ""
FIBERMAP 148 R-10C10 BOSS 1 1 0 1 0 0 8.846227849889168 -188.87749207649796 143.1 -150.13889699824117 -114.89765703831691 168.57901 110.148834 172.89388052707537 2.0617569692570337 -14.88613 -19.093151 0.52520865 172.89419981453327 2.0616998289845703 172.89637598582226 1.9213688562401838 58.44647175404424 166.38988377569783 5400.0 5400.0 2016.0 1 370 {-999.0 15.819828 15.379216 15.230288 -999.0} sdss_psfmag 15.706737 15.393489 14.90466 13.908 63050395169997728 1136203269 dark_flexible_3x1 mwm_halo_local_high_boss_triple mwm_halo science 0 0 1.3390026092529297 0.0 -999 ""
FIBERMAP 148 R-10C10 METROLOGY 0 0 0 1 0 0 9.533761202484655 -189.15238600801857 143.1 -149.97296399947177 -115.61917259578574 168.57901 110.148834 -999.0 -999.0 -999.0 -999.0 -999.0 172.8949656947614 2.0584716574629383 172.89714756517435 1.9181062080073223 58.443121014528884 166.38967371130244 -999.0 6231.0 -999.0 -1 -999 {-999.0 -999.0 -999.0 -999.0 -999.0} "" -999.0 -999.0 -999.0 -999.0 -999 -999 "" "" "" "" 0 0 0.0 0.0 -999 ""
FIBERMAP 153 R-7C3 APOGEE 0 0 0 1 0 0 -174.9684041056286 -119.15902365242505 143.1 -197.6035885416778 75.85084268123157 147.98299 75.2275 -999.0 -999.0 -999.0 -999.0 -999.0 172.67852604799455 2.927424244630171 172.68109640915134 2.786882787322513 59.33741864970193 166.46717209591412 -999.0 16600.0 -999.0 2 300 {-999.0 -999.0 -999.0 -999.0 -999.0} "" -999.0 -999.0 -999.0 -999.0 -999 -999 "" ops_sky_apogee_best_unassigned ops_sky sky_apogee 0 0 0.0 0.0 -999 ""
FIBERMAP 153 R-7C3 BOSS 1 1 0 1 0 0 -174.44381730383125 -118.6462603794763 143.1 -196.88337766050694 75.71203982869919 147.98299 75.2275 172.68175606798565 2.926704595854817 -999.0 -999.0 -999.0 172.68175063628706 2.926706557394444 172.68429605250117 2.7862828375934856 59.33620073862362 166.46126024334743 5400.0 5400.0 2016.0 1 446 {-999.0 21.852747 20.465645 19.93853 19.577364} sdss_fiber2mag_from_lsdr10 20.865234 21.51771 18.710596 -999.0 63050395170005307 1058111474 dark_flexible_2x2 bhm_spiders_clusters_lsdr10 bhm_spiders science 0 0 0.0 0.0 -999 ""
FIBERMAP 153 R-7C3 METROLOGY 0 0 0 1 0 0 -174.24561957245504 -119.35543386716633 143.1 -197.35308663893062 75.14508816536384 147.98299 75.2275 -999.0 -999.0 -999.0 -999.0 -999.0 172.67963122562088 2.9241591071931357 172.6821829740794 2.783702954650017 59.33408732701984 166.4663141416887 -999.0 6231.0 -999.0 -1 -999 {-999.0 -999.0 -999.0 -999.0 -999.0} "" -999.0 -999.0 -999.0 -999.0 -999 -999 "" "" "" "" 0 0 0.0 0.0 -999 ""
FIBERMAP 155 R-11C15 APOGEE 0 0 0 1 0 0 152.8704409844708 -205.15462350073395 143.1 -81.44146533162417 -242.50181798555562 32.61216 132.45334 -999.0 -999.0 -999.0 -999.0 -999.0 173.20781779149632 1.486145394928607 173.20975120360697 1.3456982329800788 57.819675252724934 166.02727131591865 -999.0 16600.0 -999.0 2 -999 {-999.0 -999.0 -999.0 -999.0 -999.0} "" -999.0 -999.0 -999.0 -999.0 -999 -999 "" "" "" "" 0 0 0.0 0.0 -999 ""
FIBERMAP 155 R-11C15 BOSS 1 1 0 1 0 0 153.59291399026478 -205.32686762611803 143.1 -81.17128633691362 -243.19354578306738 32.61216 132.45334 173.20907592773438 1.4829176606817924 -999.0 -999.0 -999.0 173.20907550221662 1.48290926944887 173.2109814299721 1.3425881850963257 57.816380232572115 166.02619624367483 5400.0 5400.0 2015.5 1 267 {-999.0 -999.0 -999.0 -999.0 -999.0} "" -999.0 -999.0 -999.0 -999.0 27021603142689693 820258067 "" ops_sky_boss_good ops_sky sky_boss 0 0 0.0 0.0 -999 ""
FIBERMAP 155 R-11C15 METROLOGY 0 0 0 1 0 0 153.0782992880189 -205.8711825744731 143.1 -81.91173726517471 -243.08091526840664 32.61216 132.45334 -999.0 -999.0 -999.0 -999.0 -999.0 173.20571992319358 1.483465533264715 173.2076340651205 1.3431097507575558 57.81757048719754 166.03214940884985 -999.0 6231.0 -999.0 -1 -999 {-999.0 -999.0 -999.0 -999.0 -999.0} "" -999.0 -999.0 -999.0 -999.0 -999 -999 "" "" "" "" 0 0 0.0 0.0 -999 ""
FIBERMAP 159 R-8C14 APOGEE 0 0 0 1 0 0 72.21766127411912 -144.48769286095612 143.1 -77.55720195990658 -141.66795849507645 202.68916 48.57687 -999.0 -999.0 -999.0 -999.0 -999.0 173.22369945458868 1.9399047104493212 173.22578980560206 1.7993654972861055 58.260468362670565 165.8222873424835 -999.0 16600.0 -999.0 2 -999 {-999.0 -999.0 -999.0 -999.0 -999.0} "" -999.0 -999.0 -999.0 -999.0 -999 -999 "" "" "" "" 0 0 0.0 0.0 -999 ""
FIBERMAP 159 R-8C14 BOSS 1 1 0 1 0 0 72.44679532790697 -143.77887402464881 143.1 -76.84427421121622 -141.45230035761043 202.68916 48.57687 173.22694323055188 1.940713874500678 0.3516114 -0.37618613 0.041559722 173.2269336605925 1.9407018963685398 173.22899758551205 1.800285117239471 58.260707428261185 165.81596312402067 5400.0 5400.0 2016.0 1 327 {-999.0 19.344044 19.218819 19.005678 18.93421} sdss_psfmag 19.546392 19.414577 19.014114 -999.0 63050395169996545 1059933906 dark_2x4 bhm_aqmes_wide2 bhm_aqmes science 0 0 0.0 0.0 -999 ""
FIBERMAP 159 R-8C14 METROLOGY 0 0 0 1 0 0 72.94607535912138 -144.3262156140074 143.1 -77.00945543654987 -142.17440010142556 202.68916 48.57687 -999.0 -999.0 -999.0 -999.0 -999.0 173.22619019350657 1.9374787431254892 173.22826051849825 1.797027793047248 58.257671913232016 165.81860972125068 -999.0 6231.0 -999.0 -1 -999 {-999.0 -999.0 -999.0 -999.0 -999.0} "" -999.0 -999.0 -999.0 -999.0 -999 -999 "" "" "" "" 0 0 0.0 0.0 -999 ""
FIBERMAP 160 R+8C5 APOGEE 0 0 0 1 0 0 -133.34692813415595 151.73818734860075 143.1 48.68031806985509 196.02275170677805 253.10283 36.471348 -999.0 -999.0 -999.0 -999.0 -999.0 173.79716077977113 3.4735919619899795 173.79963856293296 3.332590375399153 59.63150457780834 164.08831881048553 -999.0 16600.0 -999.0 2 92 {-999.0 -999.0 -999.0 -999.0 -999.0} "" -999.0 -999.0 -999.0 -999.0 -999 -999 "" "" "" "" 0 0 0.0 0.0 -999 ""
FIBERMAP 160 R+8C5 BOSS 1 1 0 1 0 0 -133.6198630294041 152.43218439713678 143.1 49.09497011963114 196.6424585400043 253.10283 36.471348 173.7995930355331 3.477041707356541 -169.95859 -252.50124 2.2298656 173.7990785391631 3.47630928598155 173.80152901002316 3.335423074068902 59.63382481644123 164.08339249875738 5400.0 5400.0 2016.0 1 68 {-999.0 19.325357 18.118868 17.62224 -999.0} sdss_psfmag 18.856771 18.099192 17.267122 15.71 63050395170013278 1136203676 dark_flexible_3x1 mwm_halo_local_high_boss_triple mwm_halo science 0 0 0.0 0.0 -999 ""
FIBERMAP 160 R+8C5 METROLOGY 0 0 0 1 0 0 -132.87783458532144 152.3193677851972 143.1 49.42511759632838 195.9685282853918 253.10283 36.471348 -999.0 -999.0 -999.0 -999.0 -999.0 173.80057508697038 3.473296182440215 173.803032012392 3.3323770888727577 59.63051460529923 164.08189661434272 -999.0 6231.0 -999.0 -1 -999 {-999.0 -999.0 -999.0 -999.0 -999.0} "" -999.0 -999.0 -999.0 -999.0 -999 -999 "" "" "" "" 0 0 0.0 0.0 -999 ""
FIBERMAP 162 R-9C14 APOGEE 0 0 0 1 0 0 95.7401689033405 -191.34261815968472 143.1 -102.64869728947122 -187.69355586648092 283.87518 83.27063 -999.0 -999.0 -999.0 -999.0 -999.0 173.1106689956199 1.7323596477502037 173.11270793377435 1.591896624381296 58.08041781576449 166.11234732720175 -999.0 16600.0 -999.0 2 192 {-999.0 -999.0 -999.0 -999.0 -999.0} "" -999.0 -999.0 -999.0 -999.0 -999 -999 "" ops_sky_apogee_best_unassigned ops_sky sky_apogee 0 0 0.0 0.0 -999 ""
FIBERMAP 162 R-9C14 BOSS 1 1 0 1 0 0 95.0168431074805 -191.4590118504251 143.1 -103.15650411974514 -187.16560439577506 283.87518 83.27063 173.10840180348816 1.7345985935380863 -11.797903 -6.628089 1.3306841 173.10836306525252 1.7345811069901687 173.11037755001837 1.5942430059963368 58.08318616407944 166.11576666092625 5400.0 5400.0 2016.0 1 328 {-999.0 19.852074 20.147097 20.386839 -999.0} sdss_psfmag 19.92592 19.97441 20.260672 -999.0 63050395169996265 1143293642 dark_2x1 mwm_wd_pwd_boss_2x1 mwm_wd science 0 0 0.0 0.0 -999 ""
FIBERMAP 162 R-9C14 METROLOGY 0 0 0 1 0 0 95.27874418598279 -190.76016257552777 143.1 -102.43309534527938 -186.98254835224125 283.87518 83.27063 -999.0 -999.0 -999.0 -999.0 -999.0 173.11163152782214 1.7354371587048205 173.11365296286965 1.595062516157475 58.08332773953335 166.10938825490598 -999.0 6231.0 -999.0 -1 -999 {-999.0 -999.0 -999.0 -999.0 -999.0} "" -999.0 -999.0 -999.0 -999.0 -999 -999 "" "" "" "" 0 0 0.0 0.0 -999 ""
FIBERMAP 167 R-6C5 APOGEE 0 0 0 1 0 0 -128.91122797553408 -102.51049320482818 143.1 -157.68016891558898 47.49771235770786 84.3985 99.078896 -999.0 -999.0 -999.0 -999.0 -999.0 172.85868632414036 2.7993709575556864 172.8611659738791 2.6587911978478522 59.17608035007461 166.17224780762413 -999.0 16600.0 -999.0 2 251 {-999.0 -999.0 -999.0 -999.0 -999.0} "" -999.0 -999.0 -999.0 -999.0 -999 -999 "" ops_sky_apogee_best_unassigned ops_sky sky_apogee 0 0 0.0 0.0 -999 ""
FIBERMAP 167 R-6C5 BOSS 1 1 0 1 0 0 -128.17598446728218 -102.43475970401558 143.1 -157.19897690963577 46.93679967027827 84.3985 99.078896 172.86045105145132 2.796812028629767 -20.755127 -38.102993 1.3512138 172.86083335372354 2.7967250369753547 172.863286967592 2.6562644324591558 59.17317895223552 166.16918985782476 5400.0 5400.0 2016.0 1 457 {-999.0 14.990727 14.530095 14.359009 -999.0} sdss_psfmag_from_g3xp 14.8976345 14.551944 14.023642 13.053 63050395170004425 1135980885 dark_flexible_3x1 mwm_halo_local_high_boss_triple mwm_halo science 0 0 1.6332207918167114 0.0 -999 ""
FIBERMAP 167 R-6C5 METROLOGY 0 0 0 1 0 0 -128.4804687495027 -103.11349137999935 143.1 -157.93012282361852 46.800193336659234 84.3985 99.078896 -999.0 -999.0 -999.0 -999.0 -999.0 172.8575263418415 2.7961273406350977 172.8599874848038 2.655634134456743 59.17322464184011 166.17573759775544 -999.0 6231.0 -999.0 -1 -999 {-999.0 -999.0 -999.0 -999.0 -999.0} "" -999.0 -999.0 -999.0 -999.0 -999 -999 "" "" "" "" 0 0 0.0 0.0 -999 ""
FIBERMAP 170 R-2C20 APOGEE 0 0 0 1 0 0 169.407003093654 -52.559749535258504 143.1 53.35209667111853 -169.13363851138206 355.4148 67.95632 -999.0 -999.0 -999.0 -999.0 -999.0 173.8188683514223 1.8156877372679423 173.82079823461015 1.6749893907927331 58.01196632290517 164.7719604614102 -999.0 16600.0 -999.0 2 -999 {-999.0 -999.0 -999.0 -999.0 -999.0} "" -999.0 -999.0 -999.0 -999.0 -999 -999 "" "" "" "" 0 0 0.0 0.0 -999 ""
FIBERMAP 170 R-2C20 BOSS 1 1 0 1 0 0 169.0780494315198 -53.23854160596355 143.1 52.60695754014037 -169.25017546752937 355.4148 67.95632 173.81553633397579 1.8149819431802519 -999.0 -999.0 -999.0 173.81552788493266 1.8149773941968175 173.81743000543395 1.674404578481673 58.01213973716787 164.77840285875604 5400.0 5400.0 2016.0 1 298 {-999.0 22.42196 21.044916 20.504026 20.103115} sdss_fiber2mag_from_lsdr10 1e+20 1e+20 1e+20 -999.0 63050397587114645 1131732792 dark_flexible_3x1 bhm_spiders_agn_lsdr10_d3 bhm_spiders science 0 0 0.0 0.0 -999 ""
FIBERMAP 170 R-2C20 METROLOGY 0 0 0 1 0 0 168.66300427190617 -52.61567568075096 143.1 52.88218907044529 -168.5542455520528 355.4148 67.95632 -999.0 -999.0 -999.0 -999.0 -999.0 173.81677201282088 1.8181685237611556 173.818682917699 1.6775594624695447 58.01494004219562 164.77478142686292 -999.0 6231.0 -999.0 -1 -999 {-999.0 -999.0 -999.0 -999.0 -999.0} "" -999.0 -999.0 -999.0 -999.0 -999 -999 "" "" "" "" 0 0 0.0 0.0 -999 ""
FIBERMAP 171 R-12C7 APOGEE 0 0 0 1 0 0 -15.939095586666937 -225.07756863949547 143.1 -194.00414444074423 -115.16248947053973 25.079025 140.03128 -999.0 -999.0 -999.0 -999.0 -999.0 172.69632132688582 2.0613044748794174 172.6985627932861 1.9209181802605202 58.484647905954446 166.76077826536988 -999.0 16600.0 -999.0 2 -999 {-999.0 -999.0 -999.0 -999.0 -999.0} "" -999.0 -999.0 -999.0 -999.0 -999 -999 "" "" "" "" 0 0 0.0 0.0 -999 ""
FIBERMAP 171 R-12C7 BOSS 1 1 0 1 0 0 -15.222287420310867 -225.26052024326574 143.1 -193.7459906451585 -115.85566462834876 25.079025 140.03128 172.69737946552237 2.057991189278269 -64.27943 0.086224325 10.203013 172.69749229423462 2.0580240403861527 172.69970814198268 1.9177608669678434 58.48132918747545 166.7597933503679 5400.0 5400.0 2016.0 1 404 {-999.0 18.974485 17.508327 15.847962 -999.0} sdss_psfmag 18.361917 16.588457 15.30232 12.826 63050395169997779 1151039133 dark_1x1 mwm_snc_100pc_boss_single mwm_snc science 0 0 1.1342239379882812 0.0 -999 ""
FIBERMAP 171 R-12C7 METROLOGY 0 0 0 1 0 0 -15.730561111749333 -225.79393122456162 143.1 -194.4738696326573 -115.74203032205324 25.079025 140.03128 -999.0 -999.0 -999.0 -999.0 -999.0 172.69421454704442 2.0585895815894935 172.69643813030154 1.9182926022535742 58.48248059585946 166.7657319575061 -999.0 6231.0 -999.0 -1 -999 {-999.0 -999.0 -999.0 -999.0 -999.0} "" -999.0 -999.0 -999.0 -999.0 -999 -999 "" "" "" "" 0 0 0.0 0.0 -999 ""
FIBERMAP 177 R-4C3 APOGEE 0 0 0 1 0 0 -186.1924207645243 -73.37313073733047 143.1 -166.3822443691313 111.16294951170913 38.77171 92.959595 -999.0 -999.0 -999.0 -999.0 -999.0 172.81979795790528 3.0879976717249136 172.82239350363363 2.9473780900996576 59.4665512557065 166.13262227712713 -999.0 16600.0 -999.0 2 286 {-999.0 -999.0 -999.0 -999.0 -999.0} "" -999.0 -999.0 -999.0 -999.0 -999 -999 "" ops_sky_apogee_best_unassigned ops_sky sky_apogee 0 0 0.0 0.0 -999 ""
FIBERMAP 177 R-4C3 BOSS 1 1 0 1 0 0 -185.69880312205942 -73.91958461449548 143.1 -166.54992290689444 110.44600778135789 38.77171 92.959595 172.81899323092588 3.0846587655483857 0.85121244 -5.4252453 0.42709377 172.8190138449528 3.084657960970303 172.8215840082879 2.944157270083455 59.46355981661846 166.1354599314456 5400.0 5400.0 2016.0 1 443 {-999.0 16.613474 16.245749 16.104109 -999.0} sdss_psfmag 16.564774 16.24048 15.774505 14.98 63050395170005492 976468382 "" ops_std_boss ops_std standard_boss 0 0 0.0 0.0 -999 ""
FIBERMAP 177 R-4C3 METROLOGY 0 0 0 1 0 0 -186.4298465156799 -74.08769931421186 143.1 -167.10462097523404 110.95082732399948 38.77171 92.959595 -999.0 -999.0 -999.0 -999.0 -999.0 172.8165152945592 3.086959210780944 172.81909383571895 2.9464255003299438 59.46628310753724 166.13935345590264 -999.0 6231.0 -999.0 -1 -999 {-999.0 -999.0 -999.0 -999.0 -999.0} "" -999.0 -999.0 -999.0 -999.0 -999 -999 "" "" "" "" 0 0 0.0 0.0 -999 ""
FIBERMAP 179 R-4C8 APOGEE 0 0 0 1 0 0 -106.62728098567459 -79.12692123655603 143.1 -125.77021166154026 42.51431104458705 213.17578 85.76201 -999.0 -999.0 -999.0 -999.0 -999.0 173.0033566628403 2.7770221945595157 173.00579396669934 2.6363979741710617 59.12481219234178 165.90524553859575 -999.0 16600.0 -999.0 2 -999 {-999.0 -999.0 -999.0 -999.0 -999.0} "" -999.0 -999.0 -999.0 -999.0 -999 -999 "" "" "" "" 0 0 0.0 0.0 -999 ""
FIBERMAP 179 R-4C8 BOSS 1 1 0 1 0 0 -106.99071853706927 -78.4775780726435 143.1 -125.44381869477868 43.18292842880037 213.17578 85.76201 173.0048119454819 2.77997186836179 -0.012147155 0.17779456 0.005720119 173.0048112555361 2.7799637814176306 173.00722421501132 2.6394580475975555 59.127514339959276 165.9012978279856 5400.0 5400.0 2016.0 1 461 {-999.0 18.879465 18.803013 18.623186 18.664352} sdss_psfmag 19.05443 18.887796 18.443417 -999.0 63050395170004354 1059933928 dark_2x4 bhm_aqmes_wide2 bhm_aqmes science 0 0 0.0 0.0 -999 ""
FIBERMAP 179 R-4C8 METROLOGY 0 0 0 1 0 0 -106.24759851247941 -78.48465711638413 143.1 -125.02617628687028 42.568354691119566 213.17578 85.76201 -999.0 -999.0 -999.0 -999.0 -999.0 173.006709745985 2.777202903825483 173.009128356691 2.6366631903373747 59.124388814916614 165.8987867557592 -999.0 6231.0 -999.0 -1 -999 {-999.0 -999.0 -999.0 -999.0 -999.0} "" -999.0 -999.0 -999.0 -999.0 -999 -999 "" "" "" "" 0 0 0.0 0.0 -999 ""
FIBERMAP 187 R-7C8 APOGEE 1 1 0 1 0 0 -62.691867077363106 -150.666094201 143.1 -159.50997082498213 -34.348358967933855 268.25668 93.41885 172.85072092358823 2.427414096702343 -16.447512 8.067046 4.1573596 172.8506653666333 2.4274117573151446 172.85300995007628 2.2869038137810818 58.813337814013884 166.33215165833772 16000.0 16600.0 2016.0 2 288 {-999.0 10.467379 10.172121 10.088038 -999.0} sdss_psfmag_gaia 10.441054 10.182106 9.765822 9.078 63050395170001994 975467946 "" ops_std_apogee ops_std standard_apogee 0 0 0.0 0.0 -999 ""
FIBERMAP 187 R-7C8 BOSS 0 0 0 1 0 0 -63.43301643323723 -150.69775940929662 143.1 -159.9583221516911 -33.757482282073106 268.25668 93.41885 -999.0 -999.0 -999.0 -999.0 -999.0 172.84859976495414 2.4299638834322934 172.85092114804343 2.289577314170035 58.8163729238233 166.3350753178785 -999.0 5400.0 -999.0 1 400 {-999.0 -999.0 -999.0 -999.0 -999.0} "" -999.0 -999.0 -999.0 -999.0 -999 -999 "" "" "" "" 0 0 0.0 0.0 -999 ""
FIBERMAP 187 R-7C8 METROLOGY 0 0 0 1 0 0 -63.09291928827639 -150.03485807579085 143.1 -159.21988870145245 -33.65915585316009 268.25668 93.41885 -999.0 -999.0 -999.0 -999.0 -999.0 172.85194448737388 2.4304465530811408 172.85427227117555 2.290024425218658 58.81614524018903 166.32856587927563 -999.0 6231.0 -999.0 -1 -999 {-999.0 -999.0 -999.0 -999.0 -999.0} "" -999.0 -999.0 -999.0 -999.0 -999 -999 "" "" "" "" 0 0 0.0 0.0 -999 ""
FIBERMAP 188 R-1C2 APOGEE 0 0 0 1 0 0 -242.29011605258097 -31.744703550841592 143.1 -164.14738601320275 180.97372809320814 11.27844 58.37351 -999.0 -999.0 -999.0 -999.0 -999.0 172.83118942601763 3.403128963714682 172.83389851631193 3.2624481110348857 59.77273724213714 165.98397695111342 -999.0 16600.0 -999.0 2 -999 {-999.0 -999.0 -999.0 -999.0 -999.0} "" -999.0 -999.0 -999.0 -999.0 -999 -999 "" "" "" "" 0 0 0.0 0.0 -999 ""
FIBERMAP 188 R-1C2 BOSS 1 1 0 1 0 0 -242.54963492739918 -32.45361617236532 143.1 -164.8777052588908 180.78298037204806 11.27844 58.37351 172.82788539902512 3.4021608347460877 -0.6359672 0.13740249 -0.69815624 172.8278980308409 3.40214911043259 172.8305833182643 3.2615860697096544 59.77256831690693 165.99076250881026 5400.0 5400.0 2016.0 1 434 {-999.0 19.699755 19.48817 19.41724 19.157473} sdss_psfmag 19.698322 19.626595 19.033144 -999.0 63050395170006402 1129029460 dark_1x4 bhm_aqmes_wide1_faint bhm_filler science 0 0 0.0 0.0 -999 ""
FIBERMAP 188 R-1C2 METROLOGY 0 0 0 1 0 0 -243.02517656365745 -31.872562948492842 143.1 -164.67129984496086 181.50478708370102 11.27844 58.37351 -999.0 -999.0 -999.0 -999.0 -999.0 172.82884426719997 3.4054299691605245 172.83153740438036 3.264832981928233 59.7755527741668 165.98759489713626 -999.0 6231.0 -999.0 -1 -999 {-999.0 -999.0 -999.0 -999.0 -999.0} "" -999.0 -999.0 -999.0 -999.0 -999 -999 "" "" "" "" 0 0 0.0 0.0 -999 ""
FIBERMAP 189 R-5C5 APOGEE 0 0 0 1 0 0 -145.1684088865667 -86.03017233151422 143.1 -153.40407483040048 70.2455692677384 71.449135 131.79997 -999.0 -999.0 -999.0 -999.0 -999.0 172.87813884704315 2.9027217193341617 172.88065183600554 2.7621163107596 59.273353716350954 166.09424825739387 -999.0 16600.0 -999.0 2 263 {-999.0 -999.0 -999.0 -999.0 -999.0} "" -999.0 -999.0 -999.0 -999.0 -999 -999 "" ops_sky_apogee_best_unassigned ops_sky sky_apogee 0 0 0.0 0.0 -999 ""
FIBERMAP 189 R-5C5 BOSS 1 1 0 1 0 0 -144.48423661143738 -85.74103162666181 143.1 -152.7766520046276 69.84822384742036 71.449135 131.79997 172.88126052698715 2.9007886389796647 -103.754 12.279779 4.4149218 172.88095081712495 2.9008311801190194 172.88343783271068 2.76034407139818 59.27105503915577 166.08961663132328 5400.0 5400.0 2016.0 1 458 {-999.0 19.309082 17.784687 16.393723 -999.0} sdss_psfmag 18.720018 17.110287 15.899596 13.612 63050395170004468 1077945695 bright_flexible_2x1 mwm_snc_ext_main_boss mwm_snc science 0 0 0.0 0.0 -999 ""
FIBERMAP 189 R-5C5 METROLOGY 0 0 0 1 0 0 -144.5751149575321 -86.4879809405229 143.1 -153.44212392481052 69.49724801391636 71.449135 131.79997 -999.0 -999.0 -999.0 -999.0 -999.0 172.8779382997793 2.8992578862105334 172.88043244300604 2.758738395385372 59.27008998270725 166.09600567881355 -999.0 6231.0 -999.0 -1 -999 {-999.0 -999.0 -999.0 -999.0 -999.0} "" -999.0 -999.0 -999.0 -999.0 -999 -999 "" "" "" "" 0 0 0.0 0.0 -999 ""
FIBERMAP 192 R+4C10 APOGEE 0 0 0 1 0 0 -35.966553323511775 70.89395582465853 143.1 37.75061974584364 69.94786587993535 307.49414 132.6874 -999.0 -999.0 -999.0 -999.0 -999.0 173.74815362213013 2.902494125706234 173.75045599890495 2.7616119241342414 59.08683183552118 164.43800685119305 -999.0 16600.0 -999.0 2 -999 {-999.0 -999.0 -999.0 -999.0 -999.0} "" -999.0 -999.0 -999.0 -999.0 -999 -999 "" "" "" "" 0 0 0.0 0.0 -999 ""
FIBERMAP 192 R+4C10 BOSS 1 1 0 1 0 0 -36.09742345099264 70.13745946644634 143.1 37.054515210586594 69.62430661128715 307.49414 132.6874 173.7446753896569 2.901022031367439 7.2317348 -30.868746 0.87684655 173.74502882389683 2.900940182642218 173.74730380186907 2.7601783512052656 59.08614625385417 164.44460728264534 5400.0 5400.0 2016.0 1 74 {-999.0 16.830168 16.04902 15.743858 -999.0} sdss_psfmag 16.588634 16.065445 15.391646 14.068 63050395170001008 1136203315 dark_flexible_3x1 mwm_halo_local_high_boss_triple mwm_halo science 0 0 1.1700903177261353 0.0 -999 ""
FIBERMAP 192 R+4C10 METROLOGY 0 0 0 1 0 0 -36.662340310403366 70.6246187693094 143.1 37.13284888517093 70.36603871285797 307.49414 132.6874 -999.0 -999.0 -999.0 -999.0 -999.0 173.74537215269777 2.9043418224321917 173.74765600427713 2.76354548100941 59.08934701471267 164.4424603573887 -999.0 6231.0 -999.0 -1 -999 {-999.0 -999.0 -999.0 -999.0 -999.0} "" -999.0 -999.0 -999.0 -999.0 -999 -999 "" "" "" "" 0 0 0.0 0.0 -999 ""
FIBERMAP 194 R-10C1 APOGEE 0 0 0 1 0 0 -198.2792266107582 -191.26121871635604 143.1 -270.1254224461639 53.91616222372864 215.79094 63.596813 -999.0 -999.0 -999.0 -999.0 -999.0 172.35342450001605 2.826716619779188 172.35603413696845 2.686309186434864 59.301145632356985 167.12953247744548 -999.0 16600.0 -999.0 2 291 {-999.0 -999.0 -999.0 -999.0 -999.0} "" -999.0 -999.0 -999.0 -999.0 -999 -999 "" ops_sky_apogee_best_unassigned ops_sky sky_apogee 0 0 0.0 0.0 -999 ""
FIBERMAP 194 R-10C1 BOSS 1 1 0 1 0 0 -198.4144653357844 -190.52786386140107 143.1 -269.59996983094175 54.44516688681382 215.79094 63.596813 172.35581985136466 2.8290074254340785 -0.039545868 0.50708234 -0.43359625 172.35579263564767 2.8289980041399128 172.35837982768214 2.688708401192548 59.303062824879206 167.12414277613914 5400.0 5400.0 2016.0 1 420 {-999.0 19.476015 19.290611 19.008858 18.771814} sdss_psfmag 19.434425 19.406847 18.579334 -999.0 63050395170003711 1059933926 dark_2x4 bhm_aqmes_wide2 bhm_aqmes science 0 0 0.0 0.0 -999 ""
FIBERMAP 194 R-10C1 METROLOGY 0 0 0 1 0 0 -197.7093719297774 -190.7740046491778 143.1 -269.4004071464941 53.725608820055676 215.79094 63.596813 -999.0 -999.0 -999.0 -999.0 -999.0 172.356670188577 2.82578464769292 172.35926237229853 2.685461574345873 59.29970826271811 167.12363966955596 -999.0 6231.0 -999.0 -1 -999 {-999.0 -999.0 -999.0 -999.0 -999.0} "" -999.0 -999.0 -999.0 -999.0 -999 -999 "" "" "" "" 0 0 0.0 0.0 -999 ""
FIBERMAP 199 R+10C9 APOGEE 0 0 0 1 0 0 -9.750663918436924 202.5187828666016 143.1 160.83105965239574 123.4140665891185 135.51341 120.22786 -999.0 -999.0 -999.0 -999.0 -999.0 174.3068776287603 3.144009192725295 174.30911792286327 3.002923120393277 59.19080564088354 163.27036649480945 -999.0 16600.0 -999.0 2 -999 {-999.0 -999.0 -999.0 -999.0 -999.0} "" -999.0 -999.0 -999.0 -999.0 -999 -999 "" "" "" "" 0 0 0.0 0.0 -999 ""
FIBERMAP 199 R+10C9 BOSS 1 1 0 1 0 0 -9.575296924705073 203.24825595698084 143.1 161.53031817887705 123.6856687855108 135.51341 120.22786 174.30978230611578 3.1451694935644174 -17.716942 -9.94902 0.5715881 174.31010188432361 3.145135064407068 174.31231212794887 3.0041660733928457 59.19123819967787 163.2637359968449 5400.0 5400.0 2016.0 1 121 {-999.0 15.6827545 15.437461 15.356805 -999.0} sdss_psfmag 15.660515 15.422338 15.022511 14.29 63050395170008832 1136203556 dark_flexible_3x1 mwm_halo_local_high_boss_triple mwm_halo science 0 0 1.2979309558868408 0.0 -999 ""
FIBERMAP 199 R+10C9 METROLOGY 0 0 0 1 0 0 -9.035519325455779 202.73145677577156 143.1 161.41330736191887 122.94770089650606 135.51341 120.22786 -999.0 -999.0 -999.0 -999.0 -999.0 174.3095698837503 3.1418267779899973 174.31178763219054 3.0008250659755515 59.188123878785525 163.26630963226074 -999.0 6231.0 -999.0 -1 -999 {-999.0 -999.0 -999.0 -999.0 -999.0} "" -999.0 -999.0 -999.0 -999.0 -999 -999 "" "" "" "" 0 0 0.0 0.0 -999 ""
FIBERMAP 200 R+7C19 APOGEE 0 0 0 1 0 0 203.41951429919717 147.79118185863433 143.1 237.34001833829453 -82.91027525976193 77.98607 77.381355 -999.0 -999.0 -999.0 -999.0 -999.0 174.65153827731507 2.2084667808407326 174.65341815876764 2.0674652319766933 58.19972483308537 163.06713334054442 -999.0 16600.0 -999.0 2 -999 {-999.0 -999.0 -999.0 -999.0 -999.0} "" -999.0 -999.0 -999.0 -999.0 -999 -999 "" "" "" "" 0 0 0.0 0.0 -999 ""
FIBERMAP 200 R+7C19 BOSS 1 1 0 1 0 0 204.09760132240643 147.47389869654643 143.1 237.46574189484792 -83.64818482945267 77.98607 77.381355 174.65214077573216 2.2050293015358227 0.4479726 -0.5554707 -0.3579317 174.65213501974162 2.2050039344102017 174.6539827055559 2.0641256860126833 58.1963488598345 163.06764839067432 5400.0 5400.0 2016.0 1 238 {-999.0 20.149433 20.108042 19.71602 19.461222} sdss_fiber2mag_from_lsdr10 19.589304 19.75657 18.897865 -999.0 63050395169991135 1059002921 dark_flexible_2x2 bhm_spiders_agn_lsdr10 bhm_spiders science 0 0 0.0 0.0 -999 ""
FIBERMAP 200 R+7C19 METROLOGY 0 0 0 1 0 0 203.48860572462812 147.04828997185425 143.1 236.7690369101847 -83.3903685457433 77.98607 77.381355 -999.0 -999.0 -999.0 -999.0 -999.0 174.64900984525175 2.2061935678253484 174.65086735957175 2.065281085973262 58.1982318759533 163.07283879303472 -999.0 6231.0 -999.0 -1 -999 {-999.0 -999.0 -999.0 -999.0 -999.0} "" -999.0 -999.0 -999.0 -999.0 -999 -999 "" "" "" "" 0 0 0.0 0.0 -999 ""
FIBERMAP 202 R-10C6 APOGEE 0 0 0 1 0 0 -85.0268045296065 -206.4150906802637 143.1 -218.04008675437817 -47.76613275689305 282.6483 31.00684 -999.0 -999.0 -999.0 -999.0 -999.0 172.58686215602458 2.3666945182776185 172.5892418902789 2.226289014868081 58.805314969776006 166.8541286502391 -999.0 16600.0 -999.0 2 -999 {-999.0 -999.0 -999.0 -999.0 -999.0} "" -999.0 -999.0 -999.0 -999.0 -999 -999 "" "" "" "" 0 0 0.0 0.0 -999 ""
FIBERMAP 202 R-10C6 BOSS 1 1 0 1 0 0 -85.54326524730224 -205.87507497697814 143.1 -217.89071462066113 -47.03409210917053 282.6483 31.00684 172.5875028971652 2.3698650932095444 0.15628338 -0.32401314 -0.14872006 172.58750708272683 2.369881246173164 172.58986419692928 2.2295962905320805 58.808442075901795 166.8517279783296 5400.0 5400.0 2016.0 1 391 {-999.0 17.725801 17.640257 17.331404 17.333635} sdss_psfmag 18.268297 18.265785 17.456854 15.378 63050395170002143 1059933922 dark_2x4 bhm_aqmes_wide2 bhm_aqmes science 0 0 0.0 0.0 -999 ""
FIBERMAP 202 R-10C6 METROLOGY 0 0 0 1 0 0 -84.8228811664413 -205.6974018601841 143.1 -217.33423754234826 -47.52470731422466 282.6483 31.00684 -999.0 -999.0 -999.0 -999.0 -999.0 172.59001526166298 2.367691099590498 172.59237770519985 2.2273712850468814 58.80577738097031 166.8477907517058 -999.0 6231.0 -999.0 -1 -999 {-999.0 -999.0 -999.0 -999.0 -999.0} "" -999.0 -999.0 -999.0 -999.0 -999 -999 "" "" "" "" 0 0 0.0 0.0 -999 ""
FIBERMAP 204 R-3C18 APOGEE 0 0 0 1 0 0 114.18655261243606 -64.87509628277753 143.1 11.76718906194681 -130.78284018023297 198.29074 129.26273 -999.0 -999.0 -999.0 -999.0 -999.0 173.62990975780517 1.9890365795025189 173.6319348365031 1.8483613767220421 58.222473110276766 165.0487984184386 -999.0 16600.0 -999.0 2 224 {-999.0 -999.0 -999.0 -999.0 -999.0} "" -999.0 -999.0 -999.0 -999.0 -999 -999 "" ops_sky_apogee_best_unassigned ops_sky sky_apogee 0 0 0.0 0.0 -999 ""
FIBERMAP 204 R-3C18 BOSS 1 1 0 1 0 0 113.53026616834893 -64.54854130298448 143.1 11.66150594774841 -130.05755830411 198.29074 129.26273 173.6294664562428 1.9922018413913734 -3.301997 -16.227663 0.47406667 173.62946125727836 1.9921459110803035 173.63145999370295 1.8515937457340848 58.22573142949254 165.04834581506526 5400.0 5400.0 2016.0 1 293 {-999.0 16.66241 16.298256 16.174915 -999.0} sdss_psfmag 16.584332 16.289652 15.829767 14.97 63050395169998202 976468364 "" ops_std_boss ops_std standard_boss 0 0 0.0 0.0 -999 ""
FIBERMAP 204 R-3C18 METROLOGY 0 0 0 1 0 0 114.1532248760517 -64.13048819065345 143.1 12.359960037512488 -130.33115201598193 198.29074 129.26273 -999.0 -999.0 -999.0 -999.0 -999.0 173.63263158650813 1.9909525805067483 173.63463705505012 1.8503646920640477 58.22384230312146 165.04296620880456 -999.0 6231.0 -999.0 -1 -999 {-999.0 -999.0 -999.0 -999.0 -999.0} "" -999.0 -999.0 -999.0 -999.0 -999 -999 "" "" "" "" 0 0 0.0 0.0 -999 ""
FIBERMAP 208 R-7C5 APOGEE 0 0 0 1 0 0 -137.99878140090743 -137.17381660487337 143.1 -191.33764028817785 35.211453629878086 195.22612 104.82508 -999.0 -999.0 -999.0 -999.0 -999.0 172.7065556153693 2.743220125556568 172.70905022452484 2.6027028857838728 59.15134597092303 166.48454009259063 -999.0 16600.0 -999.0 2 253 {-999.0 -999.0 -999.0 -999.0 -999.0} "" -999.0 -999.0 -999.0 -999.0 -999 -999 "" ops_sky_apogee_best_unassigned ops_sky sky_apogee 0 0 0.0 0.0 -999 ""
FIBERMAP 208 R-7C5 BOSS 1 1 0 1 0 0 -138.39961373418444 -136.54656587896258 143.1 -191.05070723325704 35.89820506105521 195.22612 104.82508 172.70782470703125 2.7462410350407254 -999.0 -999.0 -999.0 172.70782418969424 2.7462298053760574 172.7102956012178 2.6058311653207378 59.15416833070334 166.48096085004627 5400.0 5400.0 2015.5 1 451 {-999.0 -999.0 -999.0 -999.0 -999.0} "" -999.0 -999.0 -999.0 -999.0 27021603142697520 812161251 "" ops_sky_boss_good ops_sky sky_boss 0 0 0.0 0.0 -999 ""
FIBERMAP 208 R-7C5 METROLOGY 0 0 0 1 0 0 -137.64632750632558 -136.51702050240365 143.1 -190.59718148046343 35.29614888312421 195.22612 104.82508 -999.0 -999.0 -999.0 -999.0 -999.0 172.7098719432691 2.7435343191223587 172.71234867009582 2.6031015858922664 59.15108851220543 166.47808680994342 -999.0 6231.0 -999.0 -1 -999 {-999.0 -999.0 -999.0 -999.0 -999.0} "" -999.0 -999.0 -999.0 -999.0 -999 -999 "" "" "" "" 0 0 0.0 0.0 -999 ""
FIBERMAP 214 R-11C5 APOGEE 0 0 0 1 0 0 -83.74274300749948 -231.33454247777544 143.1 -237.78194610834723 -63.02117023710138 292.6239 71.76218 -999.0 -999.0 -999.0 -999.0 -999.0 172.49860383322138 2.2977647576520708 172.5009763687367 2.1574033414989406 58.75444295411099 167.04644525629024 -999.0 16600.0 -999.0 2 153 {-999.0 -999.0 -999.0 -999.0 -999.0} "" -999.0 -999.0 -999.0 -999.0 -999 -999 "" ops_sky_apogee_best_unassigned ops_sky sky_apogee 0 0 0.0 0.0 -999 ""
FIBERMAP 214 R-11C5 BOSS 1 1 0 1 0 0 -84.4761557351709 -231.41529362370008 143.1 -238.26621731084492 -62.46462094819502 292.6239 71.76218 172.49625525176975 2.3004108309591764 66.06131 -100.5839 1.6586264 172.49642490223133 2.3001596550241574 172.49877544036121 2.159920247557136 58.757329498419736 167.04969423445118 5400.0 5400.0 2016.0 1 392 {-999.0 17.709557 16.636423 16.18395 -999.0} sdss_psfmag 17.320482 16.621918 15.811849 14.165 63050395170002095 1136203414 dark_flexible_3x1 mwm_halo_local_high_boss_triple mwm_halo science 0 0 0.0 0.0 -999 ""
FIBERMAP 214 R-11C5 METROLOGY 0 0 0 1 0 0 -84.19207394955527 -230.73449215929529 143.1 -237.54499701002578 -62.31007268632002 292.6239 71.76218 -999.0 -999.0 -999.0 -999.0 -999.0 172.4996487767461 2.3008878642245842 172.50200551995033 2.1606126889117774 58.75740066554127 167.04333084981474 -999.0 6231.0 -999.0 -1 -999 {-999.0 -999.0 -999.0 -999.0 -999.0} "" -999.0 -999.0 -999.0 -999.0 -999 -999 "" "" "" "" 0 0 0.0 0.0 -999 ""
FIBERMAP 215 R-10C15 APOGEE 0 0 0 1 0 0 123.24829605944545 -181.21406740232104 143.1 -78.651990597458 -204.52231306030973 157.7368 85.45974 -999.0 -999.0 -999.0 -999.0 -999.0 173.2196815053625 1.656310695422557 173.22167272792456 1.5158269665895674 57.98380821455504 165.94008744650378 -999.0 16600.0 -999.0 2 237 {-999.0 -999.0 -999.0 -999.0 -999.0} "" -999.0 -999.0 -999.0 -999.0 -999 -999 "" ops_sky_apogee_best_unassigned ops_sky sky_apogee 0 0 0.0 0.0 -999 ""
FIBERMAP 215 R-10C15 BOSS 1 1 0 1 0 0 123.5527997654199 -180.53765300980461 143.1 -77.92273747150877 -204.38704316262647 157.7368 85.45974 173.22307909904532 1.6567912019215862 -22.567232 -13.95141 0.7390489 173.22299414932263 1.6567450988521206 173.22495878201573 1.5163852321262417 57.983683269599716 165.93380696138055 5400.0 5400.0 2016.0 1 266 {-999.0 17.15598 16.468357 16.177595 -999.0} sdss_psfmag 16.958828 16.476017 15.824357 14.457 63050395169996004 1136203260 dark_flexible_3x1 mwm_halo_local_high_boss_triple mwm_halo science 0 0 0.0 0.0 -999 ""
FIBERMAP 215 R-10C15 METROLOGY 0 0 0 1 0 0 123.98931209666056 -181.1420733988555 143.1 -78.17058151449628 -205.0900993085512 157.7368 85.45974 -999.0 -999.0 -999.0 -999.0 -999.0 173.22187961223747 1.6536321226696449 173.2238507623797 1.513237795693917 57.980828716087586 165.93706553580242 -999.0 6231.0 -999.0 -1 -999 {-999.0 -999.0 -999.0 -999.0 -999.0} "" -999.0 -999.0 -999.0 -999.0 -999 -999 "" "" "" "" 0 0 0.0 0.0 -999 ""
FIBERMAP 222 R-12C12 APOGEE 0 0 0 1 0 0 81.35743013264943 -216.06451675041941 143.1 -131.15579656538029 -189.9643367335896 156.27058 70.05122 -999.0 -999.0 -999.0 -999.0 -999.0 172.98179948987703 1.7226607319850633 172.9838596104329 1.582241993497093 58.09674121349636 166.3547288022116 -999.0 16600.0 -999.0 2 -999 {-999.0 -999.0 -999.0 -999.0 -999.0} "" -999.0 -999.0 -999.0 -999.0 -999 -999 "" "" "" "" 0 0 0.0 0.0 -999 ""
FIBERMAP 222 R-12C12 BOSS 1 1 0 1 0 0 81.87617694405147 -215.51086555064597 143.1 -130.40532043295673 -190.07504199046417 156.27058 70.05122 172.9852294921875 1.7219768766959476 -999.0 -999.0 -999.0 172.98519792058013 1.7219933397470417 172.98723189600855 1.581698221666047 58.09553914747745 166.3486814616274 5400.0 5400.0 2015.5 1 343 {-999.0 -999.0 -999.0 -999.0 -999.0} "" -999.0 -999.0 -999.0 -999.0 27021603142690071 820258089 "" ops_sky_boss_good ops_sky sky_boss 0 0 0.0 0.0 -999 ""
FIBERMAP 222 R-12C12 METROLOGY 0 0 0 1 0 0 82.0841732150218 -216.23335535008093 143.1 -130.88038637102542 -190.65763218239638 156.27058 70.05122 -999.0 -999.0 -999.0 -999.0 -999.0 172.9830652263247 1.7194253669646564 172.9851058402379 1.5790961404791821 58.09341070448215 166.35359985003225 -999.0 6231.0 -999.0 -1 -999 {-999.0 -999.0 -999.0 -999.0 -999.0} "" -999.0 -999.0 -999.0 -999.0 -999 -999 "" "" "" "" 0 0 0.0 0.0 -999 ""
FIBERMAP 228 R+13C11 APOGEE 0 0 0 1 0 0 66.54761357205763 257.2320190694188 143.1 249.26059990820178 91.90589495395955 151.96828 120.90603 -999.0 -999.0 -999.0 -999.0 -999.0 174.70506099136634 2.999514193479195 174.70715805577242 2.858350267716441 58.95246819326367 162.59044182144117 -999.0 16600.0 -999.0 2 53 {-999.0 -999.0 -999.0 -999.0 -999.0} "" -999.0 -999.0 -999.0 -999.0 -999 -999 "" ops_sky_apogee_best_unassigned ops_sky sky_apogee 0 0 0.0 0.0 -999 ""
FIBERMAP 228 R+13C11 BOSS 1 1 0 1 0 0 66.47771938963146 257.9714541643546 143.1 249.82828382949856 92.38467796345094 151.96828 120.90603 174.7076415630852 3.00155233223163 0.33557743 -0.33064806 -0.014011607 174.70762465397652 3.001544491974347 174.70969064627343 2.8604985220127643 58.95390986596875 162.58464608062891 5400.0 5400.0 2016.0 1 163 {-999.0 18.767193 18.643278 18.567425 18.35405} sdss_psfmag 18.748981 18.680618 18.31831 -999.0 63050395170007751 1059933934 dark_2x4 bhm_aqmes_wide2 bhm_aqmes science 0 0 0.0 0.0 -999 ""
FIBERMAP 228 R+13C11 METROLOGY 0 0 0 1 0 0 67.15700239204968 257.66559524478384 143.1 249.96407494219122 91.65229576386878 151.96828 120.90603 -999.0 -999.0 -999.0 -999.0 -999.0 174.70823410788105 2.998267014975816 174.7103077899278 2.857187792641332 58.95055065224028 162.58510708154006 -999.0 6231.0 -999.0 -1 -999 {-999.0 -999.0 -999.0 -999.0 -999.0} "" -999.0 -999.0 -999.0 -999.0 -999 -999 "" "" "" "" 0 0 0.0 0.0 -999 ""
FIBERMAP 233 R+4C4 APOGEE 0 0 0 1 0 0 -191.1848134123657 87.60820599453814 143.1 -36.966479720037455 206.9980286546087 156.15146 98.73338 -999.0 -999.0 -999.0 -999.0 -999.0 173.40783318308397 3.522955781414407 173.41043193375413 3.3820641400606783 59.7674257553264 164.81639052729204 -999.0 16600.0 -999.0 2 -999 {-999.0 -999.0 -999.0 -999.0 -999.0} "" -999.0 -999.0 -999.0 -999.0 -999 -999 "" "" "" "" 0 0 0.0 0.0 -999 ""
FIBERMAP 233 R+4C4 BOSS 1 1 0 1 0 0 -191.00840218864883 88.31964175461799 143.1 -36.281445437419144 207.25849455517528 156.15146 98.73338 173.41096882879418 3.5240668455764763 -4.588888 -3.1889088 0.13866933 173.4109653233492 3.524062176075807 173.4135372954063 3.3832854467974833 59.767932893204616 164.8098503296456 5400.0 5400.0 2016.0 1 36 {-999.0 17.036648 16.754257 16.654984 -999.0} sdss_psfmag 16.982243 16.735146 16.346096 15.342 63050395170013882 980919941 "" ops_std_boss_tic ops_std standard_boss 0 0 0.0 0.0 -999 ""
FIBERMAP 233 R+4C4 METROLOGY 0 0 0 1 0 0 -190.4673698695043 87.81299062120299 143.1 -36.38940373408223 206.52527855051073 156.15146 98.73338 -999.0 -999.0 -999.0 -999.0 -999.0 173.41046526205048 3.5207886419681835 173.41304369932993 3.379979773232266 59.76481747605291 164.8122536597256 -999.0 6231.0 -999.0 -1 -999 {-999.0 -999.0 -999.0 -999.0 -999.0} "" -999.0 -999.0 -999.0 -999.0 -999 -999 "" "" "" "" 0 0 0.0 0.0 -999 ""
FIBERMAP 238 R-5C3 APOGEE 0 0 0 1 0 0 -179.37131525111 -97.82863864874416 143.1 -182.58771074051757 91.62310635577428 340.8773 132.02065 -999.0 -999.0 -999.0 -999.0 -999.0 172.74638668382235 2.9991726574249267 172.74896738042605 2.858594532209363 59.394277199315866 166.3088897097784 -999.0 16600.0 -999.0 2 290 {-999.0 -999.0 -999.0 -999.0 -999.0} "" -999.0 -999.0 -999.0 -999.0 -999 -999 "" ops_sky_apogee_best_unassigned ops_sky sky_apogee 0 0 0.0 0.0 -999 ""
FIBERMAP 238 R-5C3 BOSS 1 1 0 1 0 0 -179.07432901927953 -98.50174048884901 143.1 -182.97149012029712 90.99554608638392 340.8773 132.02065 172.74468066889273 2.9961894893948524 -22.20002 3.288339 0.57416576 172.74462900146816 2.9962251906110224 172.74718492838235 2.855766624470358 59.391860686754065 166.3134227549517 5400.0 5400.0 2016.0 1 444 {-999.0 16.679655 16.25015 16.06979 -999.0} sdss_psfmag 16.596226 16.259838 15.75443 14.896 63050395170005428 1136203470 dark_flexible_3x1 mwm_halo_local_high_boss_triple mwm_halo science 0 0 0.0 0.0 -999 ""
FIBERMAP 238 R-5C3 METROLOGY 0 0 0 1 0 0 -179.814967498787 -98.43120371257702 143.1 -183.33558222284606 91.64424167772663 340.8773 132.02065 -999.0 -999.0 -999.0 -999.0 -999.0 172.7429953495128 2.99918550930184 172.74555961511817 2.858693396237312 59.39505215740577 166.31540210076957 -999.0 6231.0 -999.0 -1 -999 {-999.0 -999.0 -999.0 -999.0 -999.0} "" -999.0 -999.0 -999.0 -999.0 -999 -999 "" "" "" "" 0 0 0.0 0.0 -999 ""
FIBERMAP 240 R-13C13 APOGEE 0 0 0 1 0 0 117.86592728930566 -266.3088208637093 143.1 -151.6320527713425 -248.5904894141114 265.01315 102.17124 -999.0 -999.0 -999.0 -999.0 -999.0 172.8915600292473 1.4608262179581997 172.8935414774652 1.3204879176264543 57.85783921621396 166.61870822111354 -999.0 16600.0 -999.0 2 176 {-999.0 -999.0 -999.0 -999.0 -999.0} "" -999.0 -999.0 -999.0 -999.0 -999 -999 "" ops_sky_apogee_best_unassigned ops_sky sky_apogee 0 0 0.0 0.0 -999 ""
FIBERMAP 240 R-13C13 BOSS 1 1 0 1 0 0 117.12463538098554 -266.3946881115266 143.1 -152.12501717222946 -248.03038202319132 265.01315 102.17124 172.8893682032314 1.4632143067977816 -999.0 -999.0 -999.0 172.88935622872145 1.463228075810784 172.89131397485642 1.3230159158371941 57.86075230213143 166.62188920900124 5400.0 5400.0 2016.0 1 345 {-999.0 22.136621 20.873367 20.402437 20.06031} sdss_fiber2mag_from_lsdr10 1e+20 1e+20 1e+20 -999.0 63050398301993312 1058106259 dark_flexible_2x2 bhm_spiders_clusters_lsdr10 bhm_spiders science 0 0 0.0 0.0 -999 ""
FIBERMAP 240 R-13C13 METROLOGY 0 0 0 1 0 0 117.42036169066903 -265.71377605354223 143.1 -151.39707050950673 -247.8853377629139 265.01315 102.17124 -999.0 -999.0 -999.0 -999.0 -999.0 172.89261370005042 1.463883063591531 172.89457817034486 1.3236340124349648 57.860723347983985 166.6156460694396 -999.0 6231.0 -999.0 -1 -999 {-999.0 -999.0 -999.0 -999.0 -999.0} "" -999.0 -999.0 -999.0 -999.0 -999 -999 "" "" "" "" 0 0 0.0 0.0 -999 ""
FIBERMAP 245 R-9C16 APOGEE 0 0 0 1 0 0 156.19619838455515 -170.38949922037045 143.1 -50.983649202995124 -225.42371639716228 10.610285 128.70007 -999.0 -999.0 -999.0 -999.0 -999.0 173.3453694877244 1.5621780106249197 173.34730430226693 1.4216724107683751 57.86582931356148 165.74512221543046 -999.0 16600.0 -999.0 2 193 {-999.0 -999.0 -999.0 -999.0 -999.0} "" -999.0 -999.0 -999.0 -999.0 -999 -999 "" ops_sky_apogee_best_unassigned ops_sky sky_apogee 0 0 0.0 0.0 -999 ""
FIBERMAP 245 R-9C16 BOSS 1 1 0 1 0 0 156.7582161429371 -170.87387210796174 143.1 -51.06134560692552 -226.16147881993575 10.610285 128.70007 173.34503173828125 1.5587139307258866 -999.0 -999.0 -999.0 173.34504632916418 1.5587124232780654 173.3469534214413 1.4183331181740544 57.86263506788431 165.74706750346445 5400.0 5400.0 2015.5 1 308 {-999.0 -999.0 -999.0 -999.0 -999.0} "" -999.0 -999.0 -999.0 -999.0 27021603142690106 812160197 "" ops_sky_boss_good ops_sky sky_boss 0 0 0.0 0.0 -999 ""
FIBERMAP 245 R-9C16 METROLOGY 0 0 0 1 0 0 156.05813801999864 -171.1212968187808 143.1 -51.663558764025495 -225.72729393361385 10.610285 128.70007 -999.0 -999.0 -999.0 -999.0 -999.0 173.34230605818334 1.5607069483409741 173.34422188915767 1.420292542274807 57.86511744705408 165.7513270567695 -999.0 6231.0 -999.0 -1 -999 {-999.0 -999.0 -999.0 -999.0 -999.0} "" -999.0 -999.0 -999.0 -999.0 -999 -999 "" "" "" "" 0 0 0.0 0.0 -999 ""
FIBERMAP 251 R-9C13 APOGEE 0 0 0 1 0 0 63.67149803015911 -186.1253870237815 143.1 -116.63624012032136 -158.37328357304872 255.49107 73.24436 -999.0 -999.0 -999.0 -999.0 -999.0 173.0467216522615 1.8647817682192651 173.04882048642196 1.7243144254919727 58.22298481752382 166.18034258531054 -999.0 16600.0 -999.0 2 172 {-999.0 -999.0 -999.0 -999.0 -999.0} "" -999.0 -999.0 -999.0 -999.0 -999 -999 "" ops_sky_apogee_best_unassigned ops_sky sky_apogee 0 0 0.0 0.0 -999 ""
FIBERMAP 251 R-9C13 BOSS 1 1 0 1 0 0 63.04177399190142 -185.74089361150232 143.1 -116.67918532563863 -157.63680954283558 255.49107 73.24436 173.04644779656368 1.86804532618902 18.704197 -33.834652 0.55737257 173.04650734485236 1.8679432251265076 173.0485819238819 1.7275992776781437 58.22625057865087 166.17953262177133 5400.0 5400.0 2016.0 1 397 {-999.0 17.08841 16.703308 16.570614 -999.0} sdss_psfmag 17.021612 16.7207 16.246737 15.432 63050395169997310 976409310 "" ops_std_boss ops_std standard_boss 0 0 0.0 0.0 -999 ""
FIBERMAP 251 R-9C13 METROLOGY 0 0 0 1 0 0 63.69901997904394 -185.38062190574365 143.1 -116.00866563411503 -157.9714994095386 255.49107 73.24436 -999.0 -999.0 -999.0 -999.0 -999.0 173.0495495776387 1.8664654040652398 173.0516302245819 1.7260856223345826 58.22415539137651 166.17444225909526 -999.0 6231.0 -999.0 -1 -999 {-999.0 -999.0 -999.0 -999.0 -999.0} "" -999.0 -999.0 -999.0 -999.0 -999 -999 "" "" "" "" 0 0 0.0 0.0 -999 ""
FIBERMAP 256 R-3C17 APOGEE 0 0 0 1 0 0 89.79224786360555 -47.11908193098233 143.1 12.454532590399833 -100.62266600967942 151.32329 96.99623 -999.0 -999.0 -999.0 -999.0 -999.0 173.63303420452218 2.125934900240276 173.63510448368402 1.985232740580088 58.35537850596726 164.98627829411112 -999.0 16600.0 -999.0 2 -999 {-999.0 -999.0 -999.0 -999.0 -999.0} "" -999.0 -999.0 -999.0 -999.0 -999 -999 "" "" "" "" 0 0 0.0 0.0 -999 ""
FIBERMAP 256 R-3C17 BOSS 1 1 0 1 0 0 90.04827121041782 -46.41539067183214 143.1 13.178570131267891 -100.4320217322473 151.32329 96.99623 173.6363468223613 2.126630007452523 -0.20737578 0.9679373 0.9895052 173.63636573537497 2.126631182205025 173.63840808623195 1.986050726625005 58.35545703928051 164.97979674969082 5400.0 5400.0 2016.0 1 302 {-999.0 20.720036 20.362946 20.395624 20.513079} sdss_psfmag_from_lsdr10 20.440212 20.51195 20.571196 -999.0 63050395169998634 1059002902 dark_flexible_2x2 bhm_spiders_agn_lsdr10 bhm_spiders science 0 0 0.0 0.0 -999 ""
FIBERMAP 256 R-3C17 METROLOGY 0 0 0 1 0 0 90.52535996776427 -46.98048675340469 143.1 12.98615655185836 -101.14600654708691 151.32329 96.99623 -999.0 -999.0 -999.0 -999.0 -999.0 173.63548046310163 2.1234306327289363 173.63752971264444 1.982816249942781 58.35249177792107 164.9827737591546 -999.0 6231.0 -999.0 -1 -999 {-999.0 -999.0 -999.0 -999.0 -999.0} "" -999.0 -999.0 -999.0 -999.0 -999 -999 "" "" "" "" 0 0 0.0 0.0 -999 ""
FIBERMAP 260 R+3C9 APOGEE 0 0 0 1 0 0 -83.4592320235398 43.025353447696375 143.1 -12.209101206947832 93.086760325674 271.97607 96.78407 -999.0 -999.0 -999.0 -999.0 -999.0 173.5203557471167 3.007702438630168 173.5227491400267 2.8668698913466626 59.240182982807546 164.82469618364942 -999.0 16600.0 -999.0 2 121 {-999.0 -999.0 -999.0 -999.0 -999.0} "" -999.0 -999.0 -999.0 -999.0 -999 -999 "" ops_sky_apogee_best_unassigned ops_sky sky_apogee 0 0 0.0 0.0 -999 ""
FIBERMAP 260 R+3C9 BOSS 1 1 0 1 0 0 -84.17884388470064 42.90710288128498 143.1 -12.716317283948086 93.61060234610709 271.97607 96.78407 173.51806640625 3.0100189479722843 -999.0 -999.0 -999.0 173.51806381777948 3.010009991704993 173.52043174358187 2.869296290172421 59.24305978120681 164.82806501237025 5400.0 5400.0 2015.5 1 32 {-999.0 -999.0 -999.0 -999.0 -999.0} "" -999.0 -999.0 -999.0 -999.0 27021603142698012 812161316 "" ops_sky_boss_good ops_sky sky_boss 0 0 0.0 0.0 -999 ""
FIBERMAP 260 R+3C9 METROLOGY 0 0 0 1 0 0 -83.9353654934483 43.608081588775406 143.1 -12.001656947802614 93.81000771429564 271.97607 96.78407 -999.0 -999.0 -999.0 -999.0 -999.0 173.5213151560659 3.0109431063185403 173.52369018752051 2.8701946269996146 59.243218782168086 164.82147066201534 -999.0 6231.0 -999.0 -1 -999 {-999.0 -999.0 -999.0 -999.0 -999.0} "" -999.0 -999.0 -999.0 -999.0 -999 -999 "" "" "" "" 0 0 0.0 0.0 -999 ""
FIBERMAP 261 R+4C15 APOGEE 1 1 0 1 0 0 59.02412058556919 91.66191167270556 143.1 108.94271332317412 3.7388809933504894 141.7289 92.4237 174.0724130632835 2.601047591842223 14.711227 -9.82147 2.6683195 174.07244833852232 2.6010136933443384 174.07457653770905 2.4600935444972234 58.71912759534735 163.96159976298333 16000.0 16600.0 2016.0 2 65 {-999.0 12.447339 12.006933 11.869034 -999.0} sdss_psfmag_from_g3xp 12.3635025 12.034177 11.536757 10.635 63050395169999519 1113514030 bright_2x1_long_v2 mwm_bin_gaia_astb_apogee mwm_bin science 0 0 0.0 0.0 -999 ""
FIBERMAP 261 R+4C15 BOSS 0 0 0 1 0 0 59.435377579956246 92.27641358127812 143.1 109.68193192933562 3.7511633557113595 141.7289 92.4237 -999.0 -999.0 -999.0 -999.0 -999.0 174.07588885844044 2.6009500874583846 174.0779873496274 2.4601496702682883 58.71838962780157 163.95519178397674 -999.0 5400.0 -999.0 1 212 {-999.0 -999.0 -999.0 -999.0 -999.0} "" -999.0 -999.0 -999.0 -999.0 -999 -999 "" "" "" "" 0 0 0.0 0.0 -999 ""
FIBERMAP 261 R+4C15 METROLOGY 0 0 0 1 0 0 59.774566216625 91.61526450859387 143.1 109.33202138072633 3.095741169683801 141.7289 92.4237 -999.0 -999.0 -999.0 -999.0 -999.0 174.07428046875484 2.5980010676641694 174.07638659078725 2.4571674640182497 58.715861195981404 163.95952304471587 -999.0 6231.0 -999.0 -1 -999 {-999.0 -999.0 -999.0 -999.0 -999.0} "" -999.0 -999.0 -999.0 -999.0 -999 -999 "" "" "" "" 0 0 0.0 0.0 -999 ""
FIBERMAP 264 R+10C3 APOGEE 0 0 0 1 0 0 -123.57630487078549 175.6659190004155 143.1 73.90677643122145 201.6302526066097 4.9911623 36.295773 -999.0 -999.0 -999.0 -999.0 -999.0 173.91165702454805 3.498538879964119 173.91411223892794 3.357499131071182 59.62915373085699 163.85702236196286 -999.0 16600.0 -999.0 2 136 {-999.0 -999.0 -999.0 -999.0 -999.0} "" -999.0 -999.0 -999.0 -999.0 -999 -999 "" ops_sky_apogee_best_unassigned ops_sky sky_apogee 0 0 0.0 0.0 -999 ""
FIBERMAP 264 R+10C3 BOSS 1 1 0 1 0 0 -124.12586194549459 175.16590954832935 143.1 73.1828149335842 201.7968383999164 4.9911623 36.295773 173.90849004316559 3.499280401777438 -28.996893 -21.319456 0.99760693 173.9084120167874 3.4992231239395863 173.9108402554051 3.3583005576449056 59.63069771339865 163.86293217155227 5400.0 5400.0 2016.0 1 16 {-999.0 18.306011 17.24737 16.856712 -999.0} sdss_psfmag 17.935797 17.273153 16.498407 15.011 63050395170013260 1136203665 dark_flexible_3x1 mwm_halo_local_high_boss_triple mwm_halo science 0 0 0.0 0.0 -999 ""
FIBERMAP 264 R+10C3 METROLOGY 0 0 0 1 0 0 -124.29046666638729 175.89412659045925 143.1 73.68731249613249 202.34704214129985 4.9911623 36.295773 -999.0 -999.0 -999.0 -999.0 -999.0 173.91068278295288 3.5017143815220737 173.91311916571112 3.3607577169834406 59.63255386738378 163.85741925045002 -999.0 6231.0 -999.0 -1 -999 {-999.0 -999.0 -999.0 -999.0 -999.0} "" -999.0 -999.0 -999.0 -999.0 -999 -999 "" "" "" "" 0 0 0.0 0.0 -999 ""
FIBERMAP 285 R-8C18 APOGEE 0 0 0 1 0 0 185.18982456810866 -136.6590729107931 143.1 -6.7493878289520035 -230.0236845915645 119.48974 60.266613 -999.0 -999.0 -999.0 -999.0 -999.0 173.54590623943196 1.5413574744599214 173.54779686767472 1.4007936507254968 57.803388471928045 165.3852212060537 -999.0 16600.0 -999.0 2 -999 {-999.0 -999.0 -999.0 -999.0 -999.0} "" -999.0 -999.0 -999.0 -999.0 -999 -999 "" "" "" "" 0 0 0.0 0.0 -999 ""
FIBERMAP 285 R-8C18 BOSS 1 1 0 1 0 0 185.9220777066233 -136.65201794108836 143.1 -6.326325431098027 -230.62127610009088 119.48974 60.266613 173.547973397211 1.53854411148485 -45.12611 -8.098924 4.605612 173.54785239427775 1.5385188077464547 173.5497143934282 1.398080622556505 57.80033038428451 165.38278630616637 5400.0 5400.0 2016.0 1 319 {-999.0 19.303377 18.655863 18.426666 -999.0} sdss_psfmag_gaia 17.941267 18.698528 16.889463 -999.0 63050395169980970 1092444919 dark_flexible_2x1 mwm_cb_galex_vol_boss mwm_cb science 0 0 0.0 0.0 -999 ""
FIBERMAP 285 R-8C18 METROLOGY 0 0 0 1 0 0 185.56483852538102 -137.30407408316626 143.1 -7.0656167768213125 -230.69933879825632 119.48974 60.266613 -999.0 -999.0 -999.0 -999.0 -999.0 173.54449352131567 1.5382123747896195 173.54636378372936 1.3977396578247483 57.800708052933096 165.38906491379424 -999.0 6231.0 -999.0 -1 -999 {-999.0 -999.0 -999.0 -999.0 -999.0} "" -999.0 -999.0 -999.0 -999.0 -999 -999 "" "" "" "" 0 0 0.0 0.0 -999 ""
FIBERMAP 288 R-1C7 APOGEE 0 0 0 1 0 0 -153.16997604675973 -2.990066481417088 143.1 -89.73877353346226 124.13903320970678 149.67691 75.21087 -999.0 -999.0 -999.0 -999.0 -999.0 173.1674100813068 3.1481064236310723 173.16994031297804 3.0073599659252443 59.45347923801013 165.439935608016 -999.0 16600.0 -999.0 2 247 {-999.0 -999.0 -999.0 -999.0 -999.0} "" -999.0 -999.0 -999.0 -999.0 -999 -999 "" ops_sky_apogee_best_unassigned ops_sky sky_apogee 0 0 0.0 0.0 -999 ""
FIBERMAP 288 R-1C7 BOSS 1 1 0 1 0 0 -152.67342634176566 -2.4361876971295864 143.1 -89.00075918807042 124.04669455527619 149.67691 75.21087 173.17082132393944 3.147673826848144 -7.81916 -20.59664 2.6748555 173.17075625822113 3.1476261454846357 173.1732599126193 3.0069964967958227 59.45242212158131 165.4337124086253 5400.0 5400.0 2016.0 1 483 {-999.0 19.493992 19.422718 19.476044 -999.0} sdss_psfmag 19.565855 19.394836 19.320614 -999.0 63050395170005087 1143293672 dark_2x1 mwm_wd_pwd_boss_2x1 mwm_wd science 0 0 0.0 0.0 -999 ""
FIBERMAP 288 R-1C7 METROLOGY 0 0 0 1 0 0 -152.4413734984169 -3.1492402538828053 143.1 -89.45436322026283 123.4497174342874 149.67691 75.21087 -999.0 -999.0 -999.0 -999.0 -999.0 173.16868930011321 3.144938872938849 173.17119977123218 3.0042770110254526 59.45019990311425 165.43880118975906 -999.0 6231.0 -999.0 -1 -999 {-999.0 -999.0 -999.0 -999.0 -999.0} "" -999.0 -999.0 -999.0 -999.0 -999 -999 "" "" "" "" 0 0 0.0 0.0 -999 ""
FIBERMAP 289 R-11C12 APOGEE 0 0 0 1 0 0 67.58340319885882 -197.6986339054071 143.1 -123.91554701724387 -168.18214777622904 165.59908 65.952835 -999.0 -999.0 -999.0 -999.0 -999.0 173.01398414355347 1.8206264697688608 173.01607348939774 1.680178350000764 58.18630340945178 166.25799335162444 -999.0 16600.0 -999.0 2 175 {-999.0 -999.0 -999.0 -999.0 -999.0} "" -999.0 -999.0 -999.0 -999.0 -999 -999 "" ops_sky_apogee_best_unassigned ops_sky sky_apogee 0 0 0.0 0.0 -999 ""
FIBERMAP 289 R-11C12 BOSS 1 1 0 1 0 0 68.04039002411668 -197.12222447533915 143.1 -123.18156617949549 -168.2291431408325 165.59908 65.952835 173.01731313732174 1.8202280346030584 -999.0 -999.0 -999.0 173.0173038775086 1.8202405978515774 173.01936709255642 1.6799156046404025 58.18538792192655 166.25197392743587 5400.0 5400.0 2016.0 1 394 {-999.0 21.833624 21.398462 21.286594 21.2239} sdss_psfmag_from_lsdr10 1e+20 1e+20 1e+20 -999.0 63050397587166824 1058999012 dark_flexible_2x2 bhm_spiders_agn_lsdr10 bhm_spiders science 0 0 0.0 0.0 -999 ""
FIBERMAP 289 R-11C12 METROLOGY 0 0 0 1 0 0 68.3199453551095 -197.80602854374862 143.1 -123.58407120099784 -168.8484809029013 165.59908 65.952835 -999.0 -999.0 -999.0 -999.0 -999.0 173.01549542886167 1.8174970145560931 173.01756519262278 1.677137968772292 58.18302637521931 166.2563746240159 -999.0 6231.0 -999.0 -1 -999 {-999.0 -999.0 -999.0 -999.0 -999.0} "" -999.0 -999.0 -999.0 -999.0 -999 -999 "" "" "" "" 0 0 0.0 0.0 -999 ""
FIBERMAP 293 R-11C16 APOGEE 0 0 0 1 0 0 154.22798460929502 -221.40960622655177 143.1 -94.02281241784152 -252.8798786444496 230.02483 96.578285 -999.0 -999.0 -999.0 -999.0 -999.0 173.15123364845417 1.4400752383268636 173.15316095980836 1.2996552334293583 57.78602465198468 166.14873017753962 -999.0 16600.0 -999.0 2 218 {-999.0 -999.0 -999.0 -999.0 -999.0} "" -999.0 -999.0 -999.0 -999.0 -999 -999 "" ops_sky_apogee_best_unassigned ops_sky sky_apogee 0 0 0.0 0.0 -999 ""
FIBERMAP 293 R-11C16 BOSS 1 1 0 1 0 0 153.608286446026 -221.01300605755225 143.1 -94.05009770482715 -252.14474287340983 230.02483 96.578285 173.15147491437116 1.443099532964855 -120.513275 55.36175 4.1059003 173.1511152483258 1.4432227053167972 173.15301778135404 1.3029281658842378 57.789259364749746 166.14775682484208 5400.0 5400.0 2016.0 1 259 {-999.0 18.780636 17.449993 16.102295 -999.0} sdss_psfmag 18.307364 16.815758 15.616947 13.404 63050395169995349 1136203258 dark_flexible_3x1 mwm_halo_local_high_boss_triple mwm_halo science 0 0 0.0 0.0 -999 ""
FIBERMAP 293 R-11C16 METROLOGY 0 0 0 1 0 0 154.27170987900718 -220.66759844687098 143.1 -93.38827005494564 -252.4929782017446 230.02483 96.578285 -999.0 -999.0 -999.0 -999.0 -999.0 173.1541061872463 1.4416947308698849 173.15601497736657 1.3013638066826243 57.78712355471892 166.14284183433108 -999.0 6231.0 -999.0 -1 -999 {-999.0 -999.0 -999.0 -999.0 -999.0} "" -999.0 -999.0 -999.0 -999.0 -999 -999 "" "" "" "" 0 0 0.0 0.0 -999 ""
FIBERMAP 296 R+3C13 APOGEE 0 0 0 1 1 0 8.90589127399799 42.74942218305847 143.1 40.1974094703068 17.04328174506652 278.53162 99.68921 -999.0 -999.0 -999.0 -999.0 -999.0 173.75942620209378 2.6616238522672218 173.76164647254836 2.5207830642908133 58.8496734540559 164.52210244128963 -999.0 16600.0 -999.0 2 5 {-999.0 -999.0 -999.0 -999.0 -999.0} "" -999.0 -999.0 -999.0 -999.0 -999 -999 "" ops_sky_apogee_best_unassigned ops_sky sky_apogee 0 0 0.0 0.0 -999 ""
FIBERMAP 296 R+3C13 BOSS 1 0 0 1 1 0 8.212207635342986 42.52686906015573 143.1 39.61927437991301 17.48638577934206 278.53162 99.68921 173.72953401989326 2.7159577240798436 -0.27003625 -0.12655753 0.08969568 173.7568401152429 2.6635316686494623 173.75903386818095 2.5228115839620995 58.85223635312606 164.52613867046043 5400.0 5400.0 2016.0 1 106 {-999.0 19.747183 19.310108 18.802538 18.762291} sdss_psfmag 18.987543 18.798477 18.178617 -999.0 63050395170000633 1059933916 dark_2x4 bhm_aqmes_wide2 bhm_aqmes science 0 0 0.0 0.0 -999 ""
FIBERMAP 296 R+3C13 METROLOGY 0 0 0 1 1 0 8.323405359540518 43.256326872092664 143.1 40.28195422676304 17.810700086197347 278.53162 99.68921 -999.0 -999.0 -999.0 -999.0 -999.0 173.75984884185857 2.665041453273237 173.7620502482713 2.524286099205412 58.852996345081934 164.5198212182856 -999.0 6231.0 -999.0 -1 -999 {-999.0 -999.0 -999.0 -999.0 -999.0} "" -999.0 -999.0 -999.0 -999.0 -999 -999 "" "" "" "" 0 0 0.0 0.0 -999 ""
FIBERMAP 298 R-12C13 APOGEE 0 0 0 1 0 0 110.72570268665824 -214.62350153317243 143.1 -113.23669771902222 -213.27186352593472 131.58412 72.89425 -999.0 -999.0 -999.0 -999.0 -999.0 173.06338861463047 1.6176055811491137 173.065395418992 1.47718002915819 57.97754638645969 166.24338803714116 -999.0 16600.0 -999.0 2 -999 {-999.0 -999.0 -999.0 -999.0 -999.0} "" -999.0 -999.0 -999.0 -999.0 -999 -999 "" "" "" "" 0 0 0.0 0.0 -999 ""
FIBERMAP 298 R-12C13 BOSS 1 1 0 1 0 0 111.39358503935155 -214.30995305922198 143.1 -112.59850434602343 -213.6419168232045 131.58412 72.89425 173.06633643210455 1.6157569263726161 -7.7226043 6.4127064 -1.5018893 173.0662947180528 1.6157826253262382 173.06827475538125 1.4754816336492869 57.975306478242096 166.2387103849316 5400.0 5400.0 2016.0 1 344 {-999.0 20.444492 20.770414 21.199 -999.0} sdss_psfmag 20.750578 20.645775 20.14167 -999.0 63050395169995741 1092606487 dark_flexible_2x1 mwm_cb_galex_vol_boss mwm_cb science 0 0 0.0 0.0 -999 ""
FIBERMAP 298 R-12C13 METROLOGY 0 0 0 1 0 0 111.33826299031796 -215.04944971651415 143.1 -113.2375918889504 -214.01785853593879 131.58412 72.89425 -999.0 -999.0 -999.0 -999.0 -999.0 173.06341296513824 1.6141515833573343 173.06540020834177 1.473816385659288 57.974249756598695 166.2446479393631 -999.0 6231.0 -999.0 -1 -999 {-999.0 -999.0 -999.0 -999.0 -999.0} "" -999.0 -999.0 -999.0 -999.0 -999 -999 "" "" "" "" 0 0 0.0 0.0 -999 ""
FIBERMAP 302 R-2C21 APOGEE 0 0 0 1 0 0 179.1526530018318 -48.49689616877063 143.1 62.24354306309742 -174.82539428346868 235.04393 146.51942 -999.0 -999.0 -999.0 -999.0 -999.0 173.85919396612897 1.7900763373319466 173.86110758682275 1.6493711173580765 57.97806275221664 164.70852520343763 -999.0 16600.0 -999.0 2 228 {-999.0 -999.0 -999.0 -999.0 -999.0} "" -999.0 -999.0 -999.0 -999.0 -999 -999 "" ops_sky_apogee_best_unassigned ops_sky sky_apogee 0 0 0.0 0.0 -999 ""
FIBERMAP 302 R-2C21 BOSS 1 1 0 1 0 0 178.46613623920038 -48.775698317544105 143.1 61.62327830995985 -174.420231347784 235.04393 146.51942 173.85643949601783 1.7917207522553344 -7.560785 1.6896871 0.35754848 173.85642840445337 1.7917229367531988 173.85831476203953 1.6511427477848142 57.98040950944487 164.71291789429927 5400.0 5400.0 2016.0 1 284 {-999.0 16.856413 16.477552 16.331509 -999.0} sdss_psfmag 16.789984 16.479427 16.00928 15.17 63050395169983053 977049096 "" ops_std_boss ops_std standard_boss 0 0 0.0 0.0 -999 ""
FIBERMAP 302 R-2C21 METROLOGY 0 0 0 1 0 0 178.56417974835398 -48.03581582037519 143.1 62.28702719221782 -174.0791692840599 235.04393 146.51942 -999.0 -999.0 -999.0 -999.0 -999.0 173.85943333320105 1.7933144231657518 173.86132764403203 1.6526977545363992 57.981257673180785 164.70672865783638 -999.0 6231.0 -999.0 -1 -999 {-999.0 -999.0 -999.0 -999.0 -999.0} "" -999.0 -999.0 -999.0 -999.0 -999 -999 "" "" "" "" 0 0 0.0 0.0 -999 ""
FIBERMAP 307 R0C7 APOGEE 0 0 0 1 0 0 -146.71224673547704 15.058301466157639 143.1 -71.23055523310059 129.1180855473523 93.45906 74.4363 -999.0 -999.0 -999.0 -999.0 -999.0 173.25160369052338 3.170891930341789 173.25412068802893 3.03011407929389 59.45781420189316 165.26878286767086 -999.0 16600.0 -999.0 2 250 {-999.0 -999.0 -999.0 -999.0 -999.0} "" -999.0 -999.0 -999.0 -999.0 -999 -999 "" "" "" "" 0 0 0.0 0.0 -999 ""
FIBERMAP 307 R0C7 BOSS 1 1 0 1 0 0 -145.99190914445575 14.901726742372936 143.1 -70.94871925978835 128.43704121476074 93.45906 74.4363 173.2527402553082 3.167863028806549 -79.92127 -41.50665 14.421658 173.25288037739517 3.1677405720133027 173.25537009778725 3.0270806244933994 59.45458394480299 165.26766288864505 5400.0 5400.0 2016.0 1 493 {-999.0 18.272964 16.75299 15.185229 -999.0} sdss_psfmag 17.688236 15.948916 14.688727 12.289 63050395170005094 1151032018 bright_1x1 mwm_snc_100pc_boss_single mwm_snc science 0 0 1.3536438941955566 0.0 -999 ""
FIBERMAP 307 R0C7 METROLOGY 0 0 0 1 0 0 -146.49041645124836 14.345165931638778 143.1 -71.69005264780401 128.52945989263452 93.45906 74.4363 -999.0 -999.0 -999.0 -999.0 -999.0 173.2495061943547 3.1681753078668726 173.25200425509092 3.0274829975818376 59.45569658766982 165.27395368994394 -999.0 6231.0 -999.0 -1 -999 {-999.0 -999.0 -999.0 -999.0 -999.0} "" -999.0 -999.0 -999.0 -999.0 -999 -999 "" "" "" "" 0 0 0.0 0.0 -999 ""
FIBERMAP 310 R+1C8 APOGEE 0 0 0 1 0 0 -102.63095379313381 17.813426476022126 143.1 -43.84775018791292 94.47132190816185 56.309036 42.933235 -999.0 -999.0 -999.0 -999.0 -999.0 173.37616703221985 3.0138654697536293 173.37859813518344 2.873076778392252 59.27769258635885 165.09689455034155 -999.0 16600.0 -999.0 2 -999 {-999.0 -999.0 -999.0 -999.0 -999.0} "" -999.0 -999.0 -999.0 -999.0 -999 -999 "" "" "" "" 0 0 0.0 0.0 -999 ""
FIBERMAP 310 R+1C8 BOSS 1 1 0 1 0 0 -102.50258475703423 17.07910738263996 143.1 -44.37790962553535 93.94741185108224 56.309036 42.933235 173.3737939201635 3.0114247205566143 -0.36020327 0.19693565 -0.07450831 173.37375602483374 3.01140829728226 173.37616056383513 2.8707393333202504 59.27593763354744 165.10253727467781 5400.0 5400.0 2016.0 1 46 {-999.0 19.42897 19.088352 19.023989 19.101751} sdss_psfmag 19.550821 19.648624 18.930534 -999.0 63050395170004769 1059933929 dark_2x4 bhm_aqmes_wide2 bhm_aqmes science 0 0 0.0 0.0 -999 ""
FIBERMAP 310 R+1C8 METROLOGY 0 0 0 1 0 0 -103.20744376915522 17.339800792535005 143.1 -44.565382457541546 94.67506998810002 56.309036 42.933235 -999.0 -999.0 -999.0 -999.0 -999.0 173.37289930192344 3.014739107722588 173.3753126634324 2.8740362036183686 59.27933964503049 165.10275874234742 -999.0 6231.0 -999.0 -1 -999 {-999.0 -999.0 -999.0 -999.0 -999.0} "" -999.0 -999.0 -999.0 -999.0 -999 -999 "" "" "" "" 0 0 0.0 0.0 -999 ""
FIBERMAP 322 R+11C6 APOGEE 1 1 0 1 0 0 -44.76836043524349 221.34415879407732 143.1 156.34336099097095 162.91167448431491 41.803513 110.43169 174.28582460066576 3.3225144826610307 -9.353682 -8.847423 0.25467604 174.28580061387763 3.322487478714015 174.28810107442916 3.181374324962737 59.36901425328755 163.2254303544725 16000.0 16600.0 2016.0 2 4 {-999.0 13.576444 12.756984 12.462599 -999.0} sdss_psfmag_from_g3xp 13.334875 12.799284 12.110745 10.705 63050395170009200 1106780913 bright_flexible_2x1 mwm_tess_rgb_apogee mwm_tessrgb science 0 0 0.0 0.0 -999 ""
FIBERMAP 322 R+11C6 BOSS 0 0 0 1 0 0 -44.11281356396808 221.00317034521058 143.1 156.43676427719868 162.17877548578477 41.803513 110.43169 -999.0 -999.0 -999.0 -999.0 -999.0 174.2862956974565 3.319091603271538 174.2885655411095 3.178096270138461 59.36572178146341 163.22611117211406 -999.0 5400.0 -999.0 1 143 {-999.0 -999.0 -999.0 -999.0 -999.0} "" -999.0 -999.0 -999.0 -999.0 -999 -999 "" "" "" "" 0 0 0.0 0.0 -999 ""
FIBERMAP 322 R+11C6 METROLOGY 0 0 0 1 0 0 -44.73790707338816 220.58690635689553 143.1 155.73856362102794 162.45514264088524 41.803513 110.43169 -999.0 -999.0 -999.0 -999.0 -999.0 174.28312145916925 3.3203830970633503 174.28540088317993 3.1793551386009145 59.36771077549267 163.23152614334012 -999.0 6231.0 -999.0 -1 -999 {-999.0 -999.0 -999.0 -999.0 -999.0} "" -999.0 -999.0 -999.0 -999.0 -999 -999 "" "" "" "" 0 0 0.0 0.0 -999 ""
FIBERMAP 325 R+6C4 APOGEE 0 0 0 1 0 0 -138.5451500078223 114.66366167141128 143.1 15.258118788507584 179.16706174306884 34.141407 71.853615 -999.0 -999.0 -999.0 -999.0 -999.0 173.64529914009964 3.397772499530661 173.64779214149746 3.256830248303372 59.59240660125997 164.41430338051498 -999.0 16600.0 -999.0 2 -999 {-999.0 -999.0 -999.0 -999.0 -999.0} "" -999.0 -999.0 -999.0 -999.0 -999 -999 "" "" "" "" 0 0 0.0 0.0 -999 ""
FIBERMAP 325 R+6C4 BOSS 1 1 0 1 0 0 -138.33116814591085 113.93928168023884 143.1 14.78491070899582 178.57847674650733 34.141407 71.853615 173.64315579269962 3.395039943049669 0.26143846 -0.1759977 0.048664987 173.64318016985425 3.395055093863811 173.64564565778335 3.2542307547430678 59.59035938726218 164.41958941227432 5400.0 5400.0 2016.0 1 38 {-999.0 18.571272 18.42526 18.344412 18.212461} sdss_psfmag 17.947691 17.837471 17.458797 -999.0 63050395170012784 1059933949 dark_2x4 bhm_aqmes_wide2 bhm_aqmes science 0 0 0.0 0.0 -999 ""
FIBERMAP 325 R+6C4 METROLOGY 0 0 0 1 0 0 -139.05851943288283 114.12226180631635 143.1 14.520772469905129 179.28033027768552 34.141407 71.853615 -999.0 -999.0 -999.0 -999.0 -999.0 173.64196721570775 3.3982452481711274 173.64444179260056 3.2573875921177136 59.593706282375095 164.4204916144184 -999.0 6231.0 -999.0 -1 -999 {-999.0 -999.0 -999.0 -999.0 -999.0} "" -999.0 -999.0 -999.0 -999.0 -999 -999 "" "" "" "" 0 0 0.0 0.0 -999 ""
FIBERMAP 333 R+12C2 APOGEE 0 0 0 1 0 0 -137.56712563537147 250.96468880014768 143.1 127.79896714743128 256.03311402847174 139.13162 70.07377 -999.0 -999.0 -999.0 -999.0 -999.0 174.1543070686884 3.7407088531330057 174.15677276598433 3.599555889378021 59.80651173590576 163.27612357968198 -999.0 16600.0 -999.0 2 132 {-999.0 -999.0 -999.0 -999.0 -999.0} "" -999.0 -999.0 -999.0 -999.0 -999 -999 "" ops_sky_apogee_best_unassigned ops_sky sky_apogee 0 0 0.0 0.0 -999 ""
FIBERMAP 333 R+12C2 BOSS 1 1 0 1 0 0 -136.9240342632196 251.32458138094063 143.1 128.46110950769676 255.7098374088911 139.13162 70.07377 174.15734601299175 3.7391512429003657 -5.3685293 -10.670893 0.13069724 174.15732675649969 3.73911970599965 174.15976222970016 3.5980814954648164 59.80435787333583 163.271079209855 5400.0 5400.0 2016.0 1 6 {-999.0 17.137852 16.72822 16.651394 -999.0} sdss_psfmag 17.060133 16.762419 16.31261 15.588 63050395170013482 980919940 "" ops_std_boss_tic ops_std standard_boss 0 0 0.0 0.0 -999 ""
FIBERMAP 333 R+12C2 METROLOGY 0 0 0 1 0 0 -136.92146173794745 250.5804959132047 143.1 127.85124240840373 255.28371522364475 139.13162 70.07377 -999.0 -999.0 -999.0 -999.0 -999.0 174.1545820110621 3.7372771930962516 174.15702586687848 3.5962074118033684 59.80320191562771 163.27725042821254 -999.0 6231.0 -999.0 -1 -999 {-999.0 -999.0 -999.0 -999.0 -999.0} "" -999.0 -999.0 -999.0 -999.0 -999 -999 "" "" "" "" 0 0 0.0 0.0 -999 ""
FIBERMAP 343 R+11C1 APOGEE 0 0 0 1 0 0 -145.97179076077143 215.0479406190844 143.1 93.50083088773137 242.47155141700404 91.434395 5.2652783 -999.0 -999.0 -999.0 -999.0 -999.0 173.99971843469612 3.6812328524156492 174.00220833307526 3.5401344867131472 59.785875049673365 163.60215734033397 -999.0 16600.0 -999.0 2 139 {-999.0 -999.0 -999.0 -999.0 -999.0} "" -999.0 -999.0 -999.0 -999.0 -999 -999 "" ops_sky_apogee_best_unassigned ops_sky sky_apogee 0 0 0.0 0.0 -999 ""
FIBERMAP 343 R+11C1 BOSS 1 1 0 1 0 0 -145.89012856651436 214.32349468377265 143.1 92.95216777439128 241.99164133094507 91.434395 5.2652783 173.997282753149 3.6790003860804257 -1.1736258 -0.5534572 -0.30539897 173.99727936996504 3.6789987939300577 173.99974090869205 3.538017076661107 59.784404012789054 163.60791122161154 5400.0 5400.0 2016.0 1 9 {-999.0 21.07547 20.594215 20.155354 19.780178} sdss_psfmag_from_gaiadr2 20.658041 20.757715 19.372925 -999.0 63050395170013448 1056632646 dark_flexible_2x2 bhm_gua_dark bhm_filler science 0 0 0.0 0.0 -999 ""
FIBERMAP 343 R+11C1 METROLOGY 0 0 0 1 0 0 -146.57309065284963 214.61510027993398 143.1 92.80256979265958 242.71892413438704 91.434395 5.2652783 -999.0 -999.0 -999.0 -999.0 -999.0 173.99657661177986 3.6822792985026225 173.99904741029934 3.541264433971547 59.787722816566635 163.60771294593968 -999.0 6231.0 -999.0 -1 -999 {-999.0 -999.0 -999.0 -999.0 -999.0} "" -999.0 -999.0 -999.0 -999.0 -999 -999 "" "" "" "" 0 0 0.0 0.0 -999 ""
FIBERMAP 361 R+13C14 APOGEE 1 1 0 1 0 0 129.1218454264662 238.0537568152538 143.1 269.1611484148712 29.56703071352354 286.86023 32.777363 174.79518320666247 2.7172499925928078 -194.50197 72.562065 10.223558 174.79463303379492 2.7174309278204833 174.79662731395126 2.5762971757596556 58.65699552249046 162.56074514589784 16000.0 16600.0 2016.0 2 98 {-999.0 14.875992 13.478231 12.779685 -999.0} sdss_psfmag_from_g3xp 14.307658 13.363493 12.400495 10.557 63050395169992175 984751555 bright_1x1 mwm_snc_100pc_apogee mwm_snc science 0 0 0.0 0.0 -999 ""
FIBERMAP 361 R+13C14 BOSS 0 0 0 1 0 0 128.5618588897363 238.5311032041419 143.1 269.2342293877167 30.29912033510827 286.86023 32.777363 -999.0 -999.0 -999.0 -999.0 -999.0 174.79498887084796 2.7206198696976376 174.79695256417222 2.5796057871251863 58.66011514527729 162.55853591565898 -999.0 5400.0 -999.0 1 90 {-999.0 -999.0 -999.0 -999.0 -999.0} "" -999.0 -999.0 -999.0 -999.0 -999 -999 "" "" "" "" 0 0 0.0 0.0 -999 ""
FIBERMAP 361 R+13C14 METROLOGY 0 0 0 1 0 0 129.25799388583718 238.7901493405646 143.1 269.84374364354744 29.87479741848968 286.86023 32.777363 -999.0 -999.0 -999.0 -999.0 -999.0 174.79769321406565 2.718728417593915 174.79966462089044 2.57767991674892 58.657567969310435 162.5544298396003 -999.0 6231.0 -999.0 -1 -999 {-999.0 -999.0 -999.0 -999.0 -999.0} "" -999.0 -999.0 -999.0 -999.0 -999 -999 "" "" "" "" 0 0 0.0 0.0 -999 ""
FIBERMAP 368 R-8C2 APOGEE 0 0 0 1 0 0 -189.58069811247253 -167.33374995639096 143.1 -245.51010105914958 60.404335431010615 249.12971 97.01231 -999.0 -999.0 -999.0 -999.0 -999.0 172.4633186856465 2.8565502413041086 172.46591376107824 2.7160977292631374 59.309641182821274 166.90736046011673 -999.0 16600.0 -999.0 2 -999 {-999.0 -999.0 -999.0 -999.0 -999.0} "" -999.0 -999.0 -999.0 -999.0 -999 -999 "" "" "" "" 0 0 0.0 0.0 -999 ""
FIBERMAP 368 R-8C2 BOSS 1 1 0 1 0 0 -190.379982908331 -167.07440674768716 143.1 -245.7524906595266 61.20880343113822 249.12971 97.01231 172.46224334284182 2.8600722596951726 -999.0 -999.0 -999.0 172.4622467982824 2.8600695126508398 172.46482034418796 2.719735724709623 59.31342069163793 166.9081019081667 5400.0 5400.0 2016.0 1 489 {-999.0 21.833096 20.523067 20.036743 19.69125} sdss_fiber2mag_from_lsdr10 20.51156 21.252542 18.99715 -999.0 63050395170005507 1058110569 dark_flexible_2x2 bhm_spiders_clusters_lsdr10 bhm_spiders science 0 0 0.0 0.0 -999 ""
FIBERMAP 368 R-8C2 METROLOGY 0 0 0 1 0 0 -189.7847672285136 -166.61610256637968 143.1 -245.03677575073894 60.98093972071787 249.12971 97.01231 -999.0 -999.0 -999.0 -999.0 -999.0 172.46544348109677 2.8590860668860363 172.46802243553418 2.7187176002781133 59.311811218848575 166.9023302476085 -999.0 6231.0 -999.0 -1 -999 {-999.0 -999.0 -999.0 -999.0 -999.0} "" -999.0 -999.0 -999.0 -999.0 -999 -999 "" "" "" "" 0 0 0.0 0.0 -999 ""
FIBERMAP 372 R+12C4 APOGEE 0 0 0 1 0 0 -76.4070445678961 246.20563826065415 143.1 158.74035507370422 203.07272512175768 87.85656 66.27414 -999.0 -999.0 -999.0 -999.0 -999.0 174.29553700602017 3.50299931319546 174.29789027648985 3.3618504802260594 59.541660814658684 163.12019391654331 -999.0 16600.0 -999.0 2 -999 {-999.0 -999.0 -999.0 -999.0 -999.0} "" -999.0 -999.0 -999.0 -999.0 -999 -999 "" "" "" "" 0 0 0.0 0.0 -999 ""
FIBERMAP 372 R+12C4 BOSS 1 1 0 1 0 0 -75.73570429407546 245.9049104243864 143.1 158.8758357586706 202.34979247624975 87.85656 66.27414 174.2956600524351 3.4996208542930622 19.934942 8.508726 3.0773685 174.29620912865144 3.499648470902615 174.29853175826702 3.358616548265391 59.53836847631531 163.12052931826173 5400.0 5400.0 2016.0 1 93 {-999.0 15.419144 14.416068 14.077186 -999.0} sdss_psfmag 15.07877 14.46013 13.708456 12.203 63050395170009438 1034679893 bright_1x1 mwm_yso_disk_boss_single mwm_yso science 0 0 1.737305998802185 0.0 -999 ""
FIBERMAP 372 R+12C4 METROLOGY 0 0 0 1 0 0 -76.33774132518835 245.46276610404712 143.1 158.1695105573646 202.5924690518785 87.85656 66.27414 -999.0 -999.0 -999.0 -999.0 -999.0 174.29300593920962 3.5007900814935193 174.29533813162357 3.3597258108473147 59.54022368531871 163.12609220025132 -999.0 6231.0 -999.0 -1 -999 {-999.0 -999.0 -999.0 -999.0 -999.0} "" -999.0 -999.0 -999.0 -999.0 -999 -999 "" "" "" "" 0 0 0.0 0.0 -999 ""
FIBERMAP 373 R-8C13 APOGEE 0 0 0 1 0 0 58.1550008603842 -136.5750533706865 143.1 -79.06970492848036 -125.60529282576151 173.50865 44.052387 -999.0 -999.0 -999.0 -999.0 -999.0 173.21663723712058 2.0126793303576775 173.21875466124175 1.8721285598278796 58.33311786296987 165.80683343783852 -999.0 16600.0 -999.0 2 -999 {-999.0 -999.0 -999.0 -999.0 -999.0} "" -999.0 -999.0 -999.0 -999.0 -999 -999 "" "" "" "" 0 0 0.0 0.0 -999 ""
FIBERMAP 373 R-8C13 BOSS 1 1 0 1 0 0 58.738090991086764 -136.11826433318862 143.1 -78.36214445236708 -125.82405769626014 173.50865 44.052387 173.2201023029552 2.0116329237798585 -86.977974 -38.824005 7.9589953 173.219850506842 2.011511371922588 173.22194085034073 1.8710830678233563 58.331437821721195 165.80130905843657 5400.0 5400.0 2016.0 1 353 {-999.0 19.74153 19.396044 19.26689 -999.0} sdss_psfmag 19.793468 19.376635 18.973545 -999.0 63050395169997490 1143293653 dark_2x1 mwm_wd_pwd_boss_2x1 mwm_wd science 0 0 0.0 0.0 -999 ""
FIBERMAP 373 R-8C13 METROLOGY 0 0 0 1 0 0 58.85131829373563 -136.8430160780222 143.1 -78.89307179836344 -126.33007561517907 173.50865 44.052387 -999.0 -999.0 -999.0 -999.0 -999.0 173.2174421359485 2.0092651653918456 173.219539556384 1.8688031335297073 58.329702134006624 165.80667799670746 -999.0 6231.0 -999.0 -1 -999 {-999.0 -999.0 -999.0 -999.0 -999.0} "" -999.0 -999.0 -999.0 -999.0 -999 -999 "" "" "" "" 0 0 0.0 0.0 -999 ""
FIBERMAP 375 R+2C25 APOGEE 0 0 0 1 0 0 275.18036907246153 42.26076603638173 143.1 191.52941147754657 -202.00356580505763 310.73172 171.05194 -999.0 -999.0 -999.0 -999.0 -999.0 174.44248859407077 1.6708457093692788 174.44425191085372 1.5300015416192143 57.72835398724598 163.69348652358138 -999.0 16600.0 -999.0 2 57 {-999.0 -999.0 -999.0 -999.0 -999.0} "" -999.0 -999.0 -999.0 -999.0 -999 -999 "" ops_sky_apogee_best_unassigned ops_sky sky_apogee 0 0 0.0 0.0 -999 ""
FIBERMAP 375 R+2C25 BOSS 1 1 0 1 0 0 275.57888560228395 41.641657511327296 143.1 191.2478483375116 -202.68377485538426 310.73172 171.05194 174.44125965581858 1.6676603461517578 -12.538722 -3.5841498 0.26095802 174.44122541758472 1.6676673464539389 174.4429575528062 1.526949466888372 57.725693803993025 163.69719109395376 5400.0 5400.0 2016.0 1 176 {-999.0 17.959644 17.704508 17.615604 17.603205} sdss_psfmag_from_gaia 17.8866 17.7044 17.2506 -999.0 63050395169981803 968255883 "" ops_std_boss_gdr2 ops_std standard_boss 0 0 0.0 0.0 -999 ""
FIBERMAP 375 R+2C25 METROLOGY 0 0 0 1 0 0 274.8392992004601 41.59812569578149 143.1 190.79063815899488 -202.1009443275321 310.73172 171.05194 -999.0 -999.0 -999.0 -999.0 -999.0 174.43918938224627 1.6702960922847065 174.44093133818183 1.5295427118145157 57.728691972127365 163.6997305117847 -999.0 6231.0 -999.0 -1 -999 {-999.0 -999.0 -999.0 -999.0 -999.0} "" -999.0 -999.0 -999.0 -999.0 -999 -999 "" "" "" "" 0 0 0.0 0.0 -999 ""
FIBERMAP 380 R-1C10 APOGEE 0 0 0 1 0 0 -65.91352538479735 -15.812468711419545 143.1 -50.55143419413692 45.14332439977489 16.258547 116.85126 -999.0 -999.0 -999.0 -999.0 -999.0 173.34560223509618 2.7894452350355654 173.34796296285083 2.648707648160728 59.06518373947836 165.24952174280565 -999.0 16600.0 -999.0 2 -999 {-999.0 -999.0 -999.0 -999.0 -999.0} "" -999.0 -999.0 -999.0 -999.0 -999 -999 "" "" "" "" 0 0 0.0 0.0 -999 ""
FIBERMAP 380 R-1C10 BOSS 1 1 0 1 0 0 -65.36821088764643 -16.34357423907591 143.1 -50.67704382109957 44.392655143485044 16.258547 116.85126 173.34503173828125 2.785920578228101 -999.0 -999.0 -999.0 173.3450292762902 2.785931436896128 173.34736265748109 2.645314264552605 59.06199770949008 165.2520757097193 5400.0 5400.0 2015.5 1 441 {-999.0 -999.0 -999.0 -999.0 -999.0} "" -999.0 -999.0 -999.0 -999.0 27021603142697775 812161286 "" ops_sky_boss_good ops_sky sky_boss 0 0 0.0 0.0 -999 ""
FIBERMAP 380 R-1C10 METROLOGY 0 0 0 1 0 0 -66.10193898323631 -16.53438442425248 143.1 -51.251918115406674 44.88674764608635 16.258547 116.85126 -999.0 -999.0 -999.0 -999.0 -999.0 173.34240661477202 2.7882080984433415 173.3447488579709 2.64755743791114 59.064748225508936 165.25610176114048 -999.0 6231.0 -999.0 -1 -999 {-999.0 -999.0 -999.0 -999.0 -999.0} "" -999.0 -999.0 -999.0 -999.0 -999 -999 "" "" "" "" 0 0 0.0 0.0 -999 ""
FIBERMAP 382 R+9C5 APOGEE 0 0 0 1 0 0 -117.83957754955014 169.37094691941775 143.1 72.00390033093058 193.32989790140235 228.78839 81.071724 -999.0 -999.0 -999.0 -999.0 -999.0 173.90313341684495 3.461217226141513 173.9055788470847 3.3201867541990464 59.594869904833295 163.8906524843303 -999.0 16600.0 -999.0 2 112 {-999.0 -999.0 -999.0 -999.0 -999.0} "" -999.0 -999.0 -999.0 -999.0 -999 -999 "" "" "" "" 0 0 0.0 0.0 -999 ""
FIBERMAP 382 R+9C5 BOSS 1 1 0 1 0 0 -118.25804197939497 169.98758494616604 143.1 72.27206665126353 194.02508815742024 228.78839 81.071724 173.9043948391709 3.4643201727379447 1.4364343 -13.1740055 0.103601284 173.90438631933415 3.4642710694363554 173.90680433923603 3.323356202450917 59.597665590971445 163.88683820105797 5400.0 5400.0 2016.0 1 80 {-999.0 18.178368 17.903118 17.822063 -999.0} sdss_psfmag 18.122936 17.879864 17.458145 -999.0 63050395170013039 977049204 "" ops_std_boss ops_std standard_boss 0 0 0.0 0.0 -999 ""
FIBERMAP 382 R+9C5 METROLOGY 0 0 0 1 0 0 -117.50138380828712 170.0461904442377 143.1 72.75138936663717 193.43682120443856 228.78839 81.071724 -999.0 -999.0 -999.0 -999.0 -999.0 173.90655929849845 3.4616407126614877 173.90898383410035 3.320692678936825 59.594567196533944 163.88388847185976 -999.0 6231.0 -999.0 -1 -999 {-999.0 -999.0 -999.0 -999.0 -999.0} "" -999.0 -999.0 -999.0 -999.0 -999 -999 "" "" "" "" 0 0 0.0 0.0 -999 ""
FIBERMAP 383 R+6C1 APOGEE 0 0 0 1 0 0 -234.95158913693965 118.65691449271966 143.1 -36.3971762248221 260.64911748008427 150.02197 133.3257 -999.0 -999.0 -999.0 -999.0 -999.0 173.41074736724474 3.7631514109294253 173.41342812837456 3.622215482904594 60.000952751425956 164.7045890697045 -999.0 16600.0 -999.0 2 119 {-999.0 -999.0 -999.0 -999.0 -999.0} "" -999.0 -999.0 -999.0 -999.0 -999 -999 "" "" "" "" 0 0 0.0 0.0 -999 ""
FIBERMAP 383 R+6C1 BOSS 1 1 0 1 0 0 -235.138905416657 119.35703228034077 143.1 -35.9287066458894 261.2019687663393 150.02197 133.3257 173.41288440144507 3.765336424257959 -0.06037491 57.857815 10.120396 173.41289953697247 3.76551487900992 173.41555424254364 3.6246928117378054 60.002896396207944 164.69934979181073 5400.0 5400.0 2016.0 1 83 {-999.0 19.292164 17.769657 16.217587 -999.0} sdss_psfmag 18.623232 16.94767 15.696881 13.411 63050395170014234 1151037945 dark_1x1 mwm_snc_100pc_boss_single mwm_snc science 0 0 0.0 0.0 -999 ""
FIBERMAP 383 R+6C1 METROLOGY 0 0 0 1 0 0 -234.4169405007812 119.18259847605226 143.1 -35.66061619826113 260.5094106467452 150.02197 133.3257 -999.0 -999.0 -999.0 -999.0 -999.0 173.41410259488 3.762461490392194 173.4167633535052 3.62160702511407 59.999619549615794 164.69836900664876 -999.0 6231.0 -999.0 -1 -999 {-999.0 -999.0 -999.0 -999.0 -999.0} "" -999.0 -999.0 -999.0 -999.0 -999 -999 "" "" "" "" 0 0 0.0 0.0 -999 ""
FIBERMAP 386 R-4C2 APOGEE 0 0 0 1 0 0 -218.3485440071078 -83.42631068697058 143.1 -192.96563477980976 131.85340203209415 256.95535 162.35072 -999.0 -999.0 -999.0 -999.0 -999.0 172.70022440164877 3.1808609560789156 172.70288450621683 3.040265576039031 59.58147457340361 166.32645319435298 -999.0 16600.0 -999.0 2 -999 {-999.0 -999.0 -999.0 -999.0 -999.0} "" -999.0 -999.0 -999.0 -999.0 -999 -999 "" "" "" "" 0 0 0.0 0.0 -999 ""
FIBERMAP 386 R-4C2 BOSS 1 1 0 1 0 0 -218.72174116344843 -84.07662797621198 143.1 -193.71259097206016 131.78944110881983 256.95535 162.35072 172.69683837890625 3.1804577537483 -999.0 -999.0 -999.0 172.6968572249936 3.180451085059566 172.69949413305574 3.039974473711502 59.58186305615605 166.33312068289504 5400.0 5400.0 2015.5 1 486 {-999.0 -999.0 -999.0 -999.0 -999.0} "" -999.0 -999.0 -999.0 -999.0 27021603142698909 812161438 "" ops_sky_boss_good ops_sky sky_boss 0 0 0.0 0.0 -999 ""
FIBERMAP 386 R-4C2 METROLOGY 0 0 0 1 0 0 -219.09461755169696 -83.42029017403823 143.1 -193.3858298955386 132.46979915993336 256.95535 162.35072 -999.0 -999.0 -999.0 -999.0 -999.0 172.6983410106067 3.1835613738493405 172.70098547796715 3.0430503645970735 59.58458108913602 166.32902905906167 -999.0 6231.0 -999.0 -1 -999 {-999.0 -999.0 -999.0 -999.0 -999.0} "" -999.0 -999.0 -999.0 -999.0 -999 -999 "" "" "" "" 0 0 0.0 0.0 -999 ""
FIBERMAP 388 R+2C3 APOGEE 0 0 0 1 0 0 -229.92529007758148 18.925730344708413 143.1 -115.47111966604751 199.68888266457174 308.1774 47.676933 -999.0 -999.0 -999.0 -999.0 -999.0 173.05157901166467 3.4887157546590495 173.05426103219236 3.347945315381282 59.81077346812339 165.52100655416515 -999.0 16600.0 -999.0 2 116 {-999.0 -999.0 -999.0 -999.0 -999.0} "" -999.0 -999.0 -999.0 -999.0 -999 -999 "" ops_sky_apogee_best_unassigned ops_sky sky_apogee 0 0 0.0 0.0 -999 ""
FIBERMAP 388 R+2C3 BOSS 1 1 0 1 0 0 -230.67334367216023 18.955758594059876 143.1 -115.87271857956628 200.32058711629116 308.1774 47.676933 173.04974874367065 3.4915236654394772 6.5162315 -16.107182 0.2533853 173.04978037863177 3.4914576975501195 173.05243880461683 3.3508035072795033 59.81395064440699 165.523346158652 5400.0 5400.0 2016.0 1 60 {-999.0 16.878897 16.509834 16.453312 -999.0} sdss_psfmag 16.819376 16.55028 16.123043 15.369 63050395170006493 980422026 "" ops_std_boss_tic ops_std standard_boss 0 0 0.0 0.0 -999 ""
FIBERMAP 388 R+2C3 METROLOGY 0 0 0 1 0 0 -230.28596683105093 19.585470749509515 143.1 -115.13461122308549 200.3611565546374 308.1774 47.676933 -999.0 -999.0 -999.0 -999.0 -999.0 173.05311930801253 3.4916857320001 173.0557840195978 3.3509974791835266 59.813436917455036 165.5167722660833 -999.0 6231.0 -999.0 -1 -999 {-999.0 -999.0 -999.0 -999.0 -999.0} "" -999.0 -999.0 -999.0 -999.0 -999 -999 "" "" "" "" 0 0 0.0 0.0 -999 ""
FIBERMAP 394 R-1C26 APOGEE 0 0 0 1 0 0 277.61167513996384 -30.046602799531005 143.1 133.50786752577844 -245.2046322179218 237.29932 136.03038 -999.0 -999.0 -999.0 -999.0 -999.0 174.18010168174658 1.47568289590049 174.1818544392978 1.3349473766296913 57.599543564193816 164.25517826049793 -999.0 16600.0 -999.0 2 240 {-999.0 -999.0 -999.0 -999.0 -999.0} "" -999.0 -999.0 -999.0 -999.0 -999 -999 "" ops_sky_apogee_best_unassigned ops_sky sky_apogee 0 0 0.0 0.0 -999 ""
FIBERMAP 394 R-1C26 BOSS 1 1 0 1 0 0 276.8904029001069 -30.224426529952453 143.1 132.9507605975639 -244.7133731359636 237.29932 136.03038 174.17765906297745 1.4777564919770145 -4.5220447 -6.421459 0.12222939 174.1776367347424 1.4777331540510996 174.17936100048053 1.3371241008432493 57.60223172726865 164.25878067673378 5400.0 5400.0 2016.0 1 262 {-999.0 18.28362 17.901402 17.751266 17.69347} sdss_psfmag_from_gaia 18.2041 17.9138 17.4041 -999.0 63050395169981645 970816694 "" ops_std_boss_gdr2 ops_std standard_boss 0 0 0.0 0.0 -999 ""
FIBERMAP 394 R-1C26 METROLOGY 0 0 0 1 0 0 277.08965725286913 -29.499422969016596 143.1 133.65995894362743 -244.46394346029305 237.29932 136.03038 -999.0 -999.0 -999.0 -999.0 -999.0 174.1808292833251 1.478905923578087 174.18256170536495 1.3382599988158435 57.602607341256444 164.2524822766928 -999.0 6231.0 -999.0 -1 -999 {-999.0 -999.0 -999.0 -999.0 -999.0} "" -999.0 -999.0 -999.0 -999.0 -999 -999 "" "" "" "" 0 0 0.0 0.0 -999 ""
FIBERMAP 396 R+11C2 APOGEE 0 0 0 1 0 0 -132.9353000531467 220.98826619078108 143.1 105.81003740494101 235.14593058400382 45.121895 102.027725 -999.0 -999.0 -999.0 -999.0 -999.0 174.05557957482057 3.648200969710149 174.05804353829888 3.507092624285352 59.7404959919085 163.510330395396 -999.0 16600.0 -999.0 2 -999 {-999.0 -999.0 -999.0 -999.0 -999.0} "" -999.0 -999.0 -999.0 -999.0 -999 -999 "" "" "" "" 0 0 0.0 0.0 -999 ""
FIBERMAP 396 R+11C2 BOSS 1 1 0 1 0 0 -132.2997065237676 220.59736413421743 143.1 105.85106199617483 234.4009823468929 45.121895 102.027725 174.05580436058804 3.644742676723361 0.3209866 -0.12505041 0.845403 174.05581829512963 3.6447681293902083 174.0582525543382 3.5037760610828004 59.73722575393157 163.51150210565038 5400.0 5400.0 2016.0 1 17 {-999.0 19.052933 18.707243 18.569937 18.34289} sdss_psfmag 18.73777 18.870226 18.100096 -999.0 63050395170013426 1059933952 dark_2x4 bhm_aqmes_wide2 bhm_aqmes science 0 0 0.0 0.0 -999 ""
FIBERMAP 396 R+11C2 METROLOGY 0 0 0 1 0 0 -132.95289370586892 220.24237582089037 143.1 105.18719594973354 234.73534822178425 45.121895 102.027725 -999.0 -999.0 -999.0 -999.0 -999.0 174.05279720218073 3.646308354852786 174.05524088028676 3.5052840663386684 59.739408692359206 163.51657869725187 -999.0 6231.0 -999.0 -1 -999 {-999.0 -999.0 -999.0 -999.0 -999.0} "" -999.0 -999.0 -999.0 -999.0 -999 -999 "" "" "" "" 0 0 0.0 0.0 -999 ""
FIBERMAP 402 R+12C13 APOGEE 0 0 0 1 0 0 115.17048260924169 241.3339820699268 143.1 263.906122872361 42.898526949223296 30.989847 149.10555 -999.0 -999.0 -999.0 -999.0 -999.0 174.77112749995962 2.7777714886556124 174.7731446281831 2.6366322915208995 58.72129626972466 162.57514962900245 -999.0 16600.0 -999.0 2 -999 {-999.0 -999.0 -999.0 -999.0 -999.0} "" -999.0 -999.0 -999.0 -999.0 -999 -999 "" "" "" "" 0 0 0.0 0.0 -999 ""
FIBERMAP 402 R+12C13 BOSS 1 1 0 1 0 0 115.92619678978522 241.33554684690378 143.1 264.3380435913779 42.27853156432916 30.989847 149.10555 174.77309165942725 2.774865482445454 -0.85996413 -3.5274098 0.3250175 174.7730952906964 2.7748430960818196 174.7750797908418 2.633824043907858 58.71809140079819 162.5729102184153 5400.0 5400.0 2016.0 1 100 {-999.0 17.023376 16.64484 16.495626 -999.0} sdss_psfmag 16.94498 16.645603 16.176258 15.128 63050395170007323 976488588 "" ops_std_boss ops_std standard_boss 0 0 0.0 0.0 -999 ""
FIBERMAP 402 R+12C13 METROLOGY 0 0 0 1 0 0 115.55088577088834 240.69214453976747 143.1 263.59556411733644 42.22024779270406 30.989847 149.10555 -999.0 -999.0 -999.0 -999.0 -999.0 174.76977457043319 2.77462378178461 174.7717686870468 2.6335715685379335 58.7186807909722 162.57919713304028 -999.0 6231.0 -999.0 -1 -999 {-999.0 -999.0 -999.0 -999.0 -999.0} "" -999.0 -999.0 -999.0 -999.0 -999 -999 "" "" "" "" 0 0 0.0 0.0 -999 ""
FIBERMAP 404 R+1C23 APOGEE 0 0 0 1 0 0 199.4790804455654 14.698466503344266 143.1 125.74699089152973 -155.5142222557575 206.37169 110.71179 -999.0 -999.0 -999.0 -999.0 -999.0 174.14736799012397 1.87817407858552 174.1492527071482 1.7373699318348155 57.99873181574127 164.14172941227014 -999.0 16600.0 -999.0 2 -999 {-999.0 -999.0 -999.0 -999.0 -999.0} "" -999.0 -999.0 -999.0 -999.0 -999 -999 "" "" "" "" 0 0 0.0 0.0 -999 ""
FIBERMAP 404 R+1C23 BOSS 1 1 0 1 0 0 198.9202460875279 15.199113456546474 143.1 125.83987192602561 -154.76980169136465 206.37169 110.71179 174.1478588447047 1.8813646226398888 -999.0 -999.0 -999.0 174.14786304555574 1.8813745818659162 174.14971931046728 1.740693881112961 58.0018595074655 164.13943079250382 5400.0 5400.0 2016.0 1 182 {-999.0 22.375257 21.021849 20.378927 19.911964} sdss_fiber2mag_from_lsdr10 1e+20 1e+20 1e+20 16.007 63050396871958436 1059000970 dark_flexible_2x2 bhm_spiders_agn_lsdr10 bhm_spiders science 0 0 0.0 0.0 -999 ""
FIBERMAP 404 R+1C23 METROLOGY 0 0 0 1 0 0 199.63734790162238 15.427584733033415 143.1 126.43621389140057 -155.22877346711084 206.37169 110.71179 -999.0 -999.0 -999.0 -999.0 -999.0 174.15053881999077 1.8793555042677168 174.15240222928264 1.7386392585565063 57.99924330166398 164.13539733796114 -999.0 6231.0 -999.0 -1 -999 {-999.0 -999.0 -999.0 -999.0 -999.0} "" -999.0 -999.0 -999.0 -999.0 -999 -999 "" "" "" "" 0 0 0.0 0.0 -999 ""
FIBERMAP 409 R+9C6 APOGEE 0 0 0 1 0 0 -64.96192501033855 183.95467824659994 143.1 114.11747284106266 158.1965315443683 59.918236 89.40197 -999.0 -999.0 -999.0 -999.0 -999.0 174.09476782369748 3.3021269363155246 174.09711187082075 3.1610705775209094 59.39515543706188 163.59845387394407 -999.0 16600.0 -999.0 2 17 {-999.0 -999.0 -999.0 -999.0 -999.0} "" -999.0 -999.0 -999.0 -999.0 -999 -999 "" "" "" "" 0 0 0.0 0.0 -999 ""
FIBERMAP 409 R+9C6 BOSS 1 1 0 1 0 0 -64.32021391622627 183.5767589587013 143.1 114.17264996703527 157.45395526131207 59.918236 89.40197 174.0951743083651 3.298718026880324 -28.572784 -10.648042 0.35170484 174.0950891740701 3.2986966289529005 174.09740327977204 3.157758176839696 59.39186885953667 163.5994458277507 5400.0 5400.0 2016.0 1 147 {-999.0 16.63538 16.32751 16.257133 -999.0} sdss_psfmag_ps1 16.56209 16.300253 15.876769 15.018 63050395170009250 980919933 "" ops_std_boss_tic ops_std standard_boss 0 0 0.0 0.0 -999 ""
FIBERMAP 409 R+9C6 METROLOGY 0 0 0 1 0 0 -64.9688108082584 183.19398615557657 143.1 113.48857219193209 157.7687171258475 59.918236 89.40197 -999.0 -999.0 -999.0 -999.0 -999.0 174.09196778695596 3.300155305684598 174.09429132899572 3.159184200490173 59.39399272985494 163.60470775223035 -999.0 6231.0 -999.0 -1 -999 {-999.0 -999.0 -999.0 -999.0 -999.0} "" -999.0 -999.0 -999.0 -999.0 -999 -999 "" "" "" "" 0 0 0.0 0.0 -999 ""
FIBERMAP 410 R-2C2 APOGEE 0 0 0 1 0 0 -227.95185892222128 -48.73375835209187 143.1 -169.9349275494272 159.51254313832365 31.93554 41.90083 -999.0 -999.0 -999.0 -999.0 -999.0 172.8045872318475 3.3063263981421027 172.80726743676905 3.165672204829129 59.683389320283 166.07465495238066 -999.0 16600.0 -999.0 2 -999 {-999.0 -999.0 -999.0 -999.0 -999.0} "" -999.0 -999.0 -999.0 -999.0 -999 -999 "" "" "" "" 0 0 0.0 0.0 -999 ""
FIBERMAP 410 R-2C2 BOSS 1 1 0 1 0 0 -228.1391174502842 -49.46432017309942 143.1 -170.64185682120882 159.2500905043882 31.93554 41.90083 172.8014353199514 3.3050416333820616 -999.0 -999.0 -999.0 172.80139257587223 3.3050276595261683 172.80404889167528 3.1644917589976735 59.68288452647984 166.08136312203806 5400.0 5400.0 2016.0 1 435 {-999.0 21.420494 20.10291 19.562588 19.18455} sdss_fiber2mag_from_lsdr10 19.9711 21.504639 18.134968 16.046 63050395170006371 1058112231 dark_flexible_2x2 bhm_spiders_clusters_lsdr10 bhm_spiders science 0 0 0.0 0.0 -999 ""
FIBERMAP 410 R-2C2 METROLOGY 0 0 0 1 0 0 -228.6711678740482 -48.93189116697493 143.1 -170.5076014567768 159.9906163025274 31.93554 41.90083 -999.0 -999.0 -999.0 -999.0 -999.0 172.80201302223452 3.308397148677443 172.8046772928127 3.1678272659462134 59.68602374542523 166.0788070818709 -999.0 6231.0 -999.0 -1 -999 {-999.0 -999.0 -999.0 -999.0 -999.0} "" -999.0 -999.0 -999.0 -999.0 -999 -999 "" "" "" "" 0 0 0.0 0.0 -999 ""
FIBERMAP 415 R-2C4 APOGEE 0 0 0 1 0 0 -180.86743258080287 -44.90583151500486 143.1 -139.959418129833 123.00975965552549 54.05809 29.393215 -999.0 -999.0 -999.0 -999.0 -999.0 172.93949026891542 3.142175654616335 172.94207576174438 3.0015056302335816 59.49520949790869 165.88049206202518 -999.0 16600.0 -999.0 2 -999 {-999.0 -999.0 -999.0 -999.0 -999.0} "" -999.0 -999.0 -999.0 -999.0 -999 -999 "" "" "" "" 0 0 0.0 0.0 -999 ""
FIBERMAP 415 R-2C4 BOSS 1 1 0 1 0 0 -180.937879172548 -45.64006671178572 143.1 -140.6028014588373 122.64924229598475 54.05809 29.393215 172.9365027488493 3.140441590692726 0.29963407 -7.142996 0.0072658756 172.93655616543407 3.1404483385774618 172.9391170233689 2.999897394429704 59.49424233061593 165.88683931882008 5400.0 5400.0 2016.0 1 474 {-999.0 18.16305 17.897789 17.804338 17.788876} sdss_psfmag_from_gaia 18.1148 17.8991 17.4657 -999.0 63050395170006011 970816901 "" ops_std_boss_gdr2 ops_std standard_boss 0 0 0.0 0.0 -999 ""
FIBERMAP 415 R-2C4 METROLOGY 0 0 0 1 0 0 -181.55266593496626 -45.20098779708915 143.1 -140.59238793623948 123.40454893940819 54.05809 29.393215 -999.0 -999.0 -999.0 -999.0 -999.0 172.9366132902041 3.1438943610149566 172.93918240296875 3.0033093786939147 59.49756820818383 165.88533324040077 -999.0 6231.0 -999.0 -1 -999 {-999.0 -999.0 -999.0 -999.0 -999.0} "" -999.0 -999.0 -999.0 -999.0 -999 -999 "" "" "" "" 0 0 0.0 0.0 -999 ""
FIBERMAP 417 R+13C12 APOGEE 0 0 0 1 0 0 98.82006777289874 235.07395375059863 143.1 249.44584993997663 52.76465504501889 290.8265 86.90951 -999.0 -999.0 -999.0 -999.0 -999.0 174.70648829254415 2.822608672463129 174.70853386965405 2.6814773448772944 58.780925951617746 162.67383788377379 -999.0 16600.0 -999.0 2 93 {-999.0 -999.0 -999.0 -999.0 -999.0} "" -999.0 -999.0 -999.0 -999.0 -999 -999 "" ops_sky_apogee_best_unassigned ops_sky sky_apogee 0 0 0.0 0.0 -999 ""
FIBERMAP 417 R+13C12 BOSS 1 1 0 1 0 0 98.11262371121543 234.83405666075814 143.1 248.8456240031619 53.209181240445986 290.8265 86.90951 174.7038112648909 2.8245599143240323 5.070333 -12.984096 0.22403495 174.70384953908345 2.8245129520886914 174.7058652459698 2.683501763309989 58.78355394712451 162.67783780731793 5400.0 5400.0 2016.0 1 92 {-999.0 18.054308 17.758106 17.650404 17.624983} sdss_psfmag_from_gaia 18.0183 17.7633 17.3292 -999.0 63050395170007413 968255903 "" ops_std_boss_gdr2 ops_std standard_boss 0 0 0.0 0.0 -999 ""
FIBERMAP 417 R+13C12 METROLOGY 0 0 0 1 0 0 98.25072888496494 235.56134638082727 143.1 249.52185547137861 53.510153199017765 290.8265 86.90951 -999.0 -999.0 -999.0 -999.0 -999.0 174.70685461585336 2.8258963503010257 174.7088787908657 2.684850180902413 58.78410468102062 162.67156278312243 -999.0 6231.0 -999.0 -1 -999 {-999.0 -999.0 -999.0 -999.0 -999.0} "" -999.0 -999.0 -999.0 -999.0 -999 -999 "" "" "" "" 0 0 0.0 0.0 -999 ""
FIBERMAP 422 R+8C8 APOGEE 0 0 0 1 0 0 -52.856839416334445 159.09133779809278 143.1 100.58795125762587 134.0830255774379 107.12437 152.82559 -999.0 -999.0 -999.0 -999.0 -999.0 174.03370378758774 3.1932826758926924 174.03602915108684 3.052263613151288 59.30386965750621 163.76519779033865 -999.0 16600.0 -999.0 2 -999 {-999.0 -999.0 -999.0 -999.0 -999.0} "" -999.0 -999.0 -999.0 -999.0 -999 -999 "" "" "" "" 0 0 0.0 0.0 -999 ""
FIBERMAP 422 R+8C8 BOSS 1 1 0 1 0 0 -52.74076756511086 159.8390205786642 143.1 101.2683820183809 134.41372064198947 107.12437 152.82559 174.03639289076176 3.194986047148436 -7.7543373 -100.36225 13.927492 174.03685289548153 3.1946988353191808 174.03914930503925 3.053796458566078 59.30462574222253 163.75855882150046 5400.0 5400.0 2016.0 1 132 {-999.0 16.417171 14.943879 13.949405 -999.0} sdss_psfmag_ps1 15.776573 14.510998 13.400505 11.351 63050395170008685 1068283024 bright_single_1x1 manual_mwm_validation_cool_boss mwm_validation science 0 0 1.7865569591522217 0.0 -999 ""
FIBERMAP 422 R+8C8 METROLOGY 0 0 0 1 0 0 -52.163333375176066 159.3664947558253 143.1 101.20920391974397 133.6700431512961 107.12437 152.82559 -999.0 -999.0 -999.0 -999.0 -999.0 174.03657844062084 3.1913570587009676 174.03888196310015 3.050421990129531 59.30140905478037 163.76062376369302 -999.0 6231.0 -999.0 -1 -999 {-999.0 -999.0 -999.0 -999.0 -999.0} "" -999.0 -999.0 -999.0 -999.0 -999 -999 "" "" "" "" 0 0 0.0 0.0 -999 ""
FIBERMAP 423 R-11C2 APOGEE 0 0 0 1 0 0 -150.6304687721203 -227.15529195473306 143.1 -272.46352487133925 -5.68539935636579 260.04105 106.96738 -999.0 -999.0 -999.0 -999.0 -999.0 172.3429784701653 2.5572591996638296 172.3454855276966 2.4169053303702803 59.03844257471255 167.24784651798444 -999.0 16600.0 -999.0 2 -999 {-999.0 -999.0 -999.0 -999.0 -999.0} "" -999.0 -999.0 -999.0 -999.0 -999 -999 "" "" "" "" 0 0 0.0 0.0 -999 ""
FIBERMAP 423 R-11C2 BOSS 1 1 0 1 0 0 -151.47218310328043 -227.2075925985367 143.1 -272.9861358663853 -5.023658381312104 260.04105 106.96738 172.34067970492416 2.5601104002352404 -999.0 -999.0 -999.0 172.3406700412848 2.5601285718446833 172.34315596142437 2.419895400225038 59.04181294459333 167.2512124688876 5400.0 5400.0 2016.0 1 428 {-999.0 21.485662 20.046907 19.488768 19.114666} sdss_fiber2mag_from_lsdr10 20.14972 21.320158 18.184118 15.597 63050395170003163 1058109698 dark_flexible_2x2 bhm_spiders_clusters_lsdr10 bhm_spiders science 0 0 0.0 0.0 -999 ""
FIBERMAP 423 R-11C2 METROLOGY 0 0 0 1 0 0 -151.0880884123816 -226.5660159197894 143.1 -272.2401510345913 -4.973631498460336 260.04105 106.96738 -999.0 -999.0 -999.0 -999.0 -999.0 172.3439848944025 2.5603921275033223 172.3464766160772 2.4201235854589322 59.041420814254835 167.24479288775015 -999.0 6231.0 -999.0 -1 -999 {-999.0 -999.0 -999.0 -999.0 -999.0} "" -999.0 -999.0 -999.0 -999.0 -999 -999 "" "" "" "" 0 0 0.0 0.0 -999 ""
FIBERMAP 425 R-10C2 APOGEE 0 0 0 1 0 0 -168.01282684078672 -193.2102012883019 143.1 -254.47972361338302 27.93899166994578 159.78275 132.693 -999.0 -999.0 -999.0 -999.0 -999.0 172.4230607784669 2.709515808525382 172.42560861879792 2.569104830072959 59.17295788141888 167.03919151048962 -999.0 16600.0 -999.0 2 -999 {-999.0 -999.0 -999.0 -999.0 -999.0} "" -999.0 -999.0 -999.0 -999.0 -999 -999 "" "" "" "" 0 0 0.0 0.0 -999 ""
FIBERMAP 425 R-10C2 BOSS 1 1 0 1 0 0 -168.2979514971625 -192.54389717421358 143.1 -254.09476999228966 28.55293298333532 159.78275 132.693 172.4245911410087 2.7121261990265366 -43.941998 18.353428 3.9144726 172.4247871970923 2.712181059231334 172.4273126271254 2.571888652686548 59.17537020660495 167.03490349699888 5400.0 5400.0 2016.0 1 427 {-999.0 18.110365 16.65327 15.686321 -999.0} sdss_psfmag 17.54158 16.332123 15.25914 13.21 63050395170003408 1077803593 bright_flexible_2x1 mwm_snc_ext_main_boss mwm_snc science 0 0 1.189490795135498 0.0 -999 ""
FIBERMAP 425 R-10C2 METROLOGY 0 0 0 1 0 0 -167.56110839468224 -192.61638951175922 143.1 -253.7344473112674 27.906241280701373 159.78275 132.693 -999.0 -999.0 -999.0 -999.0 -999.0 172.42639368393895 2.709292538507363 172.4289241498485 2.5689661809623847 59.172196279107716 167.03289547262239 -999.0 6231.0 -999.0 -1 -999 {-999.0 -999.0 -999.0 -999.0 -999.0} "" -999.0 -999.0 -999.0 -999.0 -999 -999 "" "" "" "" 0 0 0.0 0.0 -999 ""
FIBERMAP 428 R+3C23 APOGEE 0 0 0 1 0 0 236.13273658434602 42.67906777982243 143.1 169.6222355035825 -169.6840651302199 292.81653 99.04816 -999.0 -999.0 -999.0 -999.0 -999.0 174.3451492042942 1.815261325874053 174.34697516341362 1.6744152135875736 57.89159892355504 163.8070765246509 -999.0 16600.0 -999.0 2 -999 {-999.0 -999.0 -999.0 -999.0 -999.0} "" -999.0 -999.0 -999.0 -999.0 -999 -999 "" "" "" "" 0 0 0.0 0.0 -999 ""
FIBERMAP 428 R+3C23 BOSS 1 1 0 1 0 0 235.5167538481524 42.299634049038225 143.1 168.95948588128184 -169.39419599082143 292.81653 99.04816 174.3424234775299 1.8163491197971005 -66.34017 14.960704 3.5640695 174.34222366231893 1.816402701025472 174.34402047894946 1.6756817339628962 57.89352287761088 163.81191923425678 5400.0 5400.0 2016.0 1 186 {-999.0 18.732866 18.556435 18.18268 -999.0} sdss_psfmag 18.503351 18.202242 17.632263 15.664 63050395169982852 1102842843 dark_2x1 mwm_cb_cvcandidates_boss mwm_cb science 0 0 0.0 0.0 -999 ""
FIBERMAP 428 R+3C23 METROLOGY 0 0 0 1 0 0 235.47947942139268 43.03950787132443 143.1 169.54611825254668 -168.94196303577093 292.81653 99.04816 -999.0 -999.0 -999.0 -999.0 -999.0 174.34486559913802 1.818494784448992 174.34667104524215 1.6777373939580138 57.89489970132478 163.80616608351505 -999.0 6231.0 -999.0 -1 -999 {-999.0 -999.0 -999.0 -999.0 -999.0} "" -999.0 -999.0 -999.0 -999.0 -999 -999 "" "" "" "" 0 0 0.0 0.0 -999 ""
FIBERMAP 432 R+11C15 APOGEE 0 0 0 1 0 0 158.30550392003536 202.16909145573754 143.1 256.3086489596108 -14.858432792684127 348.62305 84.91671 -999.0 -999.0 -999.0 -999.0 -999.0 174.73728927211238 2.516519725269866 174.73923934115794 2.3754380994108435 58.476937577147545 162.76377651085178 -999.0 16600.0 -999.0 2 -999 {-999.0 -999.0 -999.0 -999.0 -999.0} "" -999.0 -999.0 -999.0 -999.0 -999 -999 "" "" "" "" 0 0 0.0 0.0 -999 ""
FIBERMAP 432 R+11C15 BOSS 1 1 0 1 0 0 158.1181422223509 201.47041846614493 143.1 255.62786043611553 -15.102629176311323 348.62305 84.91671 174.7337281687866 2.5153350378944013 25.24666 -20.453392 0.9795209 174.73429618676207 2.5152914762768033 174.73621532864263 2.3743321561893795 58.47661990548869 162.76990021191514 5400.0 5400.0 2016.0 1 178 {-999.0 14.498052 14.132819 14.234573 -999.0} sdss_psfmag 14.40833 14.116804 13.656439 12.827 63050395169991580 1136203183 dark_flexible_3x1 mwm_halo_local_high_boss_triple mwm_halo science 0 0 1.7163467407226562 0.0 -999 ""
FIBERMAP 432 R+11C15 METROLOGY 0 0 0 1 0 0 157.5813109139097 201.9896298431557 143.1 255.74853199876003 -14.365707367464287 348.62305 84.91671 -999.0 -999.0 -999.0 -999.0 -999.0 174.73482586619852 2.518661417848432 174.73675471451122 2.37766693590526 58.47971502676565 162.76731176896638 -999.0 6231.0 -999.0 -1 -999 {-999.0 -999.0 -999.0 -999.0 -999.0} "" -999.0 -999.0 -999.0 -999.0 -999 -999 "" "" "" "" 0 0 0.0 0.0 -999 ""
FIBERMAP 436 R+4C3 APOGEE 0 0 0 1 0 0 -184.20077694971985 72.21290116323189 143.1 -45.63533139673661 192.48717657613082 22.069365 73.110016 -999.0 -999.0 -999.0 -999.0 -999.0 173.36836131080636 3.457567616489145 173.3709480130898 3.3167002850619407 59.71232794828846 164.92121440357135 -999.0 16600.0 -999.0 2 149 {-999.0 -999.0 -999.0 -999.0 -999.0} "" -999.0 -999.0 -999.0 -999.0 -999 -999 "" ops_sky_apogee_best_unassigned ops_sky sky_apogee 0 0 0.0 0.0 -999 ""
FIBERMAP 436 R+4C3 BOSS 1 1 0 1 0 0 -184.13672280997403 71.47941416028453 143.1 -46.20145630815574 192.01658113852088 22.069365 73.110016 173.36577118123253 3.4553599024369976 -0.15396763 0.15342744 -0.019985672 173.36579990959544 3.455374711397592 173.36836035688748 3.3146249967544703 59.71086902311518 164.92711348500336 5400.0 5400.0 2016.0 1 29 {-999.0 17.536404 17.689566 17.552544 17.563522} sdss_psfmag 18.21822 18.229067 17.696753 15.386 63050395170013677 1059933953 dark_2x4 bhm_aqmes_wide2 bhm_aqmes science 0 0 0.0 0.0 -999 ""
FIBERMAP 436 R+4C3 METROLOGY 0 0 0 1 0 0 -184.81102482861246 71.79327194577618 143.1 -46.32783727742541 192.74942907527912 22.069365 73.110016 -999.0 -999.0 -999.0 -999.0 -999.0 173.3652248224422 3.45869752742058 173.36779399410568 3.3179143911887476 59.7142023861381 164.92677875013203 -999.0 6231.0 -999.0 -1 -999 {-999.0 -999.0 -999.0 -999.0 -999.0} "" -999.0 -999.0 -999.0 -999.0 -999 -999 "" "" "" "" 0 0 0.0 0.0 -999 ""
FIBERMAP 440 R+8C4 APOGEE 0 0 0 1 0 0 -129.1834777891995 135.59745653692846 143.1 37.79175316028773 183.40449188504974 337.8185 52.855686 -999.0 -999.0 -999.0 -999.0 -999.0 173.74777058419704 3.416810035452233 173.75024282417166 3.2758334788215158 59.58761535789854 164.20899426314506 -999.0 16600.0 -999.0 2 -999 {-999.0 -999.0 -999.0 -999.0 -999.0} "" -999.0 -999.0 -999.0 -999.0 -999 -999 "" "" "" "" 0 0 0.0 0.0 -999 ""
FIBERMAP 440 R+8C4 BOSS 1 1 0 1 0 0 -129.85061711571464 135.2036870806125 143.1 37.08807445219922 183.7282217069349 337.8185 52.855686 173.74459591398528 3.418223222427801 -0.109601535 -0.39627004 1.1938514 173.74460660968634 3.4182096601826775 173.7470526362912 3.2773504884868987 59.58982187961753 164.21443193341634 5400.0 5400.0 2016.0 1 57 {-999.0 20.379702 20.41692 20.350008 20.291452} sdss_psfmag 19.93169 20.184084 19.836412 -999.0 63050395170012801 1060700737 dark_flexible_2x2 bhm_aqmes_bonus_faint bhm_filler science 0 0 0.0 0.0 -999 ""
FIBERMAP 440 R+8C4 METROLOGY 0 0 0 1 0 0 -129.8403772908238 135.95121496478217 143.1 37.70807077742902 184.14577901787337 337.8185 52.855686 -999.0 -999.0 -999.0 -999.0 -999.0 173.74741311015268 3.420111931587065 173.74986681171572 3.279218499082077 59.590996303982735 164.20818336165357 -999.0 6231.0 -999.0 -1 -999 {-999.0 -999.0 -999.0 -999.0 -999.0} "" -999.0 -999.0 -999.0 -999.0 -999 -999 "" "" "" "" 0 0 0.0 0.0 -999 ""
FIBERMAP 448 R+7C8 APOGEE 1 1 0 1 0 0 -40.89561518064416 148.64539067311486 143.1 98.82163507782427 118.30330192930363 92.17268 53.484257 174.02594045457667 3.121791636964486 -30.358534 5.6629887 3.322001 174.02585261365485 3.121808678757061 174.02815724408288 2.9808050078838084 59.236261507865706 163.81302442874042 16000.0 16600.0 2016.0 2 27 {-999.0 10.975026 10.7380905 10.677539 -999.0} sdss_psfmag_gaia 10.726481 10.738467 10.11537 9.476 63050395170008584 975467951 "" ops_std_apogee ops_std standard_apogee 0 0 0.0 0.0 -999 ""
FIBERMAP 448 R+7C8 BOSS 0 0 0 1 0 0 -40.29614165497542 148.2123957792649 143.1 98.80749405117534 117.56404339480261 92.17268 53.484257 -999.0 -999.0 -999.0 -999.0 -999.0 174.02586142114163 3.1183829943231465 174.02813638024554 2.977498154521725 59.23305192949417 163.81458142957604 -999.0 5400.0 -999.0 1 104 {-999.0 -999.0 -999.0 -999.0 -999.0} "" -999.0 -999.0 -999.0 -999.0 -999 -999 "" "" "" "" 0 0 0.0 0.0 -999 ""
FIBERMAP 448 R+7C8 METROLOGY 0 0 0 1 0 0 -40.98158739832134 147.90105254468207 143.1 98.16110418230234 117.94978322504241 92.17268 53.484257 -999.0 -999.0 -999.0 -999.0 -999.0 174.0229050993 3.120164023370404 174.02518947914007 2.9792461946404303 59.23544178658573 163.8193719891552 -999.0 6231.0 -999.0 -1 -999 {-999.0 -999.0 -999.0 -999.0 -999.0} "" -999.0 -999.0 -999.0 -999.0 -999 -999 "" "" "" "" 0 0 0.0 0.0 -999 ""
FIBERMAP 450 R+2C17 APOGEE 0 0 0 1 0 0 102.07157182622161 42.52186049021768 143.1 93.09984852294797 -59.630363653346464 17.879343 116.62132 -999.0 -999.0 -999.0 -999.0 -999.0 174.00026506559075 2.312621643575003 174.00231785624476 2.171776238549884 58.45523767413741 164.2239854203531 -999.0 16600.0 -999.0 2 61 {-999.0 -999.0 -999.0 -999.0 -999.0} "" -999.0 -999.0 -999.0 -999.0 -999 -999 "" ops_sky_apogee_best_unassigned ops_sky sky_apogee 0 0 0.0 0.0 -999 ""
FIBERMAP 450 R+2C17 BOSS 1 1 0 1 0 0 102.61137222544703 42.00341287381382 143.1 92.98149636077031 -60.36928961659008 17.879343 116.62132 173.99979493331912 2.309115184430388 -0.82177186 -1.4036392 -0.09031673 173.99979570282528 2.309110196335976 174.00181877017178 2.1683876616660136 58.452053046577404 164.22639504356408 5400.0 5400.0 2016.0 1 199 {-999.0 18.128597 17.832891 17.7476 -999.0} sdss_psfmag 17.900564 17.648361 17.250107 -999.0 63050395169998989 1132977801 dark_flexible_3x1 mwm_halo_distant_rrl_boss_triple mwm_halo science 0 0 0.0 0.0 -999 ""
FIBERMAP 450 R+2C17 METROLOGY 0 0 0 1 0 0 101.89365371155782 41.789479989644946 143.1 92.39674757074266 -59.90152662939499 17.879343 116.62132 -999.0 -999.0 -999.0 -999.0 -999.0 173.99712246841344 2.3112748623807637 173.9991549518179 2.170518079460524 58.45473581978726 164.23041667189725 -999.0 6231.0 -999.0 -1 -999 {-999.0 -999.0 -999.0 -999.0 -999.0} "" -999.0 -999.0 -999.0 -999.0 -999 -999 "" "" "" "" 0 0 0.0 0.0 -999 ""
FIBERMAP 452 R+12C9 APOGEE 0 0 0 1 0 0 24.918482901513165 250.96343888920563 143.1 220.3885126934705 122.53588471403178 119.20814 72.50977 -999.0 -999.0 -999.0 -999.0 -999.0 174.57513269353328 3.1385735136698956 174.5773030727296 2.9974171350367143 59.11960477159994 162.76669601524435 -999.0 16600.0 -999.0 2 -999 {-999.0 -999.0 -999.0 -999.0 -999.0} "" -999.0 -999.0 -999.0 -999.0 -999 -999 "" "" "" "" 0 0 0.0 0.0 -999 ""
FIBERMAP 452 R+12C9 BOSS 1 1 0 1 0 0 25.633029681397957 251.1405669368095 143.1 220.9412156290579 122.04975477439656 119.20814 72.50977 174.57783454209957 3.1362602417731145 -195.16487 -4.43314 16.715937 174.57767126906506 3.136255066272974 174.57980979623198 2.995216754120063 59.116849426947354 162.76304263227962 5400.0 5400.0 2016.0 1 154 {-999.0 17.750729 16.22346 14.798738 -999.0} sdss_psfmag 17.116974 15.507035 14.283375 12.056 63050395170007982 1151034151 bright_1x1 mwm_snc_100pc_boss_single mwm_snc science 0 0 1.480912685394287 0.0 -999 ""
FIBERMAP 452 R+12C9 METROLOGY 0 0 0 1 0 0 25.43037291120333 250.42064003282215 143.1 220.23424938371036 121.8060133652636 119.20814 72.50977 -999.0 -999.0 -999.0 -999.0 -999.0 174.57449351549016 3.1352071364694583 174.5766412005629 2.994136321371202 59.11659254037512 162.7695375033135 -999.0 6231.0 -999.0 -1 -999 {-999.0 -999.0 -999.0 -999.0 -999.0} "" -999.0 -999.0 -999.0 -999.0 -999 -999 "" "" "" "" 0 0 0.0 0.0 -999 ""
FIBERMAP 455 R-2C17 APOGEE 0 0 0 1 0 0 75.81337046460712 -24.529333281886284 143.1 23.04833545607386 -76.26525220510057 183.77362 53.277767 -999.0 -999.0 -999.0 -999.0 -999.0 173.68129430945 2.236694112626437 173.6833913326991 2.0959564480052486 58.452851118711614 164.85013899635277 -999.0 16600.0 -999.0 2 238 {-999.0 -999.0 -999.0 -999.0 -999.0} "" -999.0 -999.0 -999.0 -999.0 -999 -999 "" ops_sky_apogee_best_unassigned ops_sky sky_apogee 0 0 0.0 0.0 -999 ""
FIBERMAP 455 R-2C17 BOSS 1 1 0 1 0 0 76.15010673769193 -23.873600583306565 143.1 23.778964074505332 -76.16824948309144 183.77362 53.277767 173.68468543963297 2.236968221926951 -999.0 -999.0 -999.0 173.68466327474715 2.2369752536869747 173.68673206423955 2.096358848175783 58.4525093543283 164.8437452065694 5400.0 5400.0 2016.0 1 303 {-999.0 20.982021 20.86262 20.99514 21.27555} sdss_psfmag 1e+20 1e+20 1e+20 -999.0 63050395169998703 1129029433 dark_1x4 bhm_aqmes_wide1_faint bhm_filler science 0 0 0.0 0.0 -999 ""
FIBERMAP 455 R-2C17 METROLOGY 0 0 0 1 0 0 76.55776762140829 -24.509351365398636 143.1 23.488938631862617 -76.86545484174762 183.77362 53.277767 -999.0 -999.0 -999.0 -999.0 -999.0 173.683331348504 2.233845001924448 173.6854072079136 2.0931949330457034 58.449714169109654 164.84754377698343 -999.0 6231.0 -999.0 -1 -999 {-999.0 -999.0 -999.0 -999.0 -999.0} "" -999.0 -999.0 -999.0 -999.0 -999 -999 "" "" "" "" 0 0 0.0 0.0 -999 ""
FIBERMAP 463 R+8C11 APOGEE 0 0 0 1 0 0 8.750376652181373 141.24941011182742 143.1 121.03537567568904 73.30014665953027 269.90488 65.362686 -999.0 -999.0 -999.0 -999.0 -999.0 174.12714972803985 2.9173341228993888 174.12936456740908 2.7763396181674143 59.01374769570881 163.71537982507198 -999.0 16600.0 -999.0 2 -999 {-999.0 -999.0 -999.0 -999.0 -999.0} "" -999.0 -999.0 -999.0 -999.0 -999 -999 "" "" "" "" 0 0 0.0 0.0 -999 ""
FIBERMAP 463 R+8C11 BOSS 1 1 0 1 0 0 8.063695287688734 141.5621921732918 143.1 120.90105667337201 74.04255235137586 269.90488 65.362686 174.12659626730292 2.9206098664460742 -999.0 -999.0 -999.0 174.12661218375254 2.9206184633905323 174.12879919808722 2.779742676341551 59.0171878794518 163.71488522772154 5400.0 5400.0 2016.0 1 134 {-999.0 21.524843 21.10801 20.780243 20.506208} sdss_psfmag_from_lsdr10 1e+20 1e+20 1e+20 -999.0 63050396871885635 1059008676 dark_flexible_2x2 bhm_spiders_agn_lsdr10 bhm_spiders science 0 0 0.0 0.0 -999 ""
FIBERMAP 463 R+8C11 METROLOGY 0 0 0 1 0 0 8.67486417215921 141.99167680640065 143.1 121.6021844874754 73.7851591597528 269.90488 65.362686 -999.0 -999.0 -999.0 -999.0 -999.0 174.12978011369566 2.9194712023364704 174.13197420020026 2.7785609718093576 59.01529080690999 163.70944114976297 -999.0 6231.0 -999.0 -1 -999 {-999.0 -999.0 -999.0 -999.0 -999.0} "" -999.0 -999.0 -999.0 -999.0 -999 -999 "" "" "" "" 0 0 0.0 0.0 -999 ""
FIBERMAP 466 R+5C5 APOGEE 0 0 0 1 0 0 -159.67822359420947 100.45076831655597 143.1 -8.461490450899166 188.43072392346235 174.83353 107.651085 -999.0 -999.0 -999.0 -999.0 -999.0 173.5373780162553 3.4395369049414906 173.53991364460444 3.298620058973535 59.65735393603506 164.60324571006402 -999.0 16600.0 -999.0 2 128 {-999.0 -999.0 -999.0 -999.0 -999.0} "" -999.0 -999.0 -999.0 -999.0 -999 -999 "" ops_sky_apogee_best_unassigned ops_sky sky_apogee 0 0 0.0 0.0 -999 ""
FIBERMAP 466 R+5C5 BOSS 1 1 0 1 0 0 -159.8285027485954 101.18041898883327 143.1 -7.947651771628067 188.96997486346453 174.83353 107.651085 173.5397613552159 3.4419233627150168 0.7913245 0.6797656 -1.7544215 173.53973957078034 3.4419056878214875 173.54224858661394 3.301104205321532 59.6592537680556 164.59764816281867 5400.0 5400.0 2016.0 1 42 {-999.0 20.813293 20.70841 20.570848 20.544037} sdss_psfmag_from_gaiadr2 20.372353 20.716349 20.0837 -999.0 63050395170012865 1056632636 dark_flexible_2x2 bhm_gua_dark bhm_filler science 0 0 0.0 0.0 -999 ""
FIBERMAP 466 R+5C5 METROLOGY 0 0 0 1 0 0 -159.11619373879876 100.94904461487066 143.1 -7.731845422753471 188.2529030029459 174.83353 107.651085 -999.0 -999.0 -999.0 -999.0 -999.0 173.54071422587623 3.4386967743817736 173.5432294837134 3.2978625647284336 59.65587521200046 164.59719431340307 -999.0 6231.0 -999.0 -1 -999 {-999.0 -999.0 -999.0 -999.0 -999.0} "" -999.0 -999.0 -999.0 -999.0 -999 -999 "" "" "" "" 0 0 0.0 0.0 -999 ""
FIBERMAP 469 R+1C6 APOGEE 0 0 0 1 0 0 -184.04789211978687 10.524325660053949 143.1 -96.230915538606 157.20903616719085 244.77428 74.70956 -999.0 -999.0 -999.0 -999.0 -999.0 173.13820049010283 3.2976810126686114 173.14079136170903 3.156916766331746 59.60580804611286 165.43358354530943 -999.0 16600.0 -999.0 2 -999 {-999.0 -999.0 -999.0 -999.0 -999.0} "" -999.0 -999.0 -999.0 -999.0 -999 -999 "" "" "" "" 0 0 0.0 0.0 -999 ""
FIBERMAP 469 R+1C6 BOSS 1 1 0 1 0 0 -184.63163160140635 10.998318913719572 143.1 -96.17412481239978 157.95873021989294 244.77428 74.70956 173.13824636952 3.3011962124386875 75.659454 -68.35466 2.0373678 173.13846354066916 3.300998524953927 173.141030111438 3.1603506618781765 59.60911352816612 165.43168534293937 5400.0 5400.0 2016.0 1 20 {-999.0 20.028246 18.604504 17.48914 -999.0} sdss_psfmag 19.435898 18.156206 17.02927 15.137 63050395170006223 1136203494 dark_flexible_3x1 mwm_halo_local_high_boss_triple mwm_halo science 0 0 0.0 0.0 -999 ""
FIBERMAP 469 R+1C6 METROLOGY 0 0 0 1 0 0 -183.93585318489096 11.261963279470958 143.1 -95.56103589111191 157.53732051400627 244.77428 74.70956 -999.0 -999.0 -999.0 -999.0 -999.0 173.14124078590876 3.2991292095250073 173.14381316764582 3.1584476088948703 59.60666494064264 165.42711431082395 -999.0 6231.0 -999.0 -1 -999 {-999.0 -999.0 -999.0 -999.0 -999.0} "" -999.0 -999.0 -999.0 -999.0 -999 -999 "" "" "" "" 0 0 0.0 0.0 -999 ""
FIBERMAP 481 R+7C10 APOGEE 1 1 0 1 0 0 -3.0875110295308854 134.7478303837761 143.1 108.94805874970913 79.32118319828774 299.50922 158.17863 174.07221221654916 2.9447966734932502 0.5088603 -0.098558456 0.77191 174.0722036254382 2.9447869288648714 174.07444056404245 2.8038028020846966 59.053354289521295 163.8064352405865 16000.0 16600.0 2016.0 2 30 {-999.0 12.4845705 11.610083 11.2767935 -999.0} sdss_psfmag_gaia 12.222169 11.647344 10.929379 9.455 63050395170008308 1107554900 bright_1x1 mwm_tess_rgb_apogee mwm_tessrgb science 0 0 0.0 0.0 -999 ""
FIBERMAP 481 R+7C10 BOSS 0 0 0 1 0 0 -2.9534465023224694 134.01871045862404 143.1 108.42541640633016 78.79555647063168 299.50922 158.17863 -999.0 -999.0 -999.0 -999.0 -999.0 174.069906810665 2.9423170737202025 174.07211475072552 2.8014531091288153 59.05161558875248 163.81189891021896 -999.0 5400.0 -999.0 1 127 {-999.0 -999.0 -999.0 -999.0 -999.0} "" -999.0 -999.0 -999.0 -999.0 -999 -999 "" "" "" "" 0 0 0.0 0.0 -999 ""
FIBERMAP 481 R+7C10 METROLOGY 0 0 0 1 0 0 -3.660096190722613 134.25060589443402 143.1 108.21326305635792 79.50827561162622 299.50922 158.17863 -999.0 -999.0 -999.0 -999.0 -999.0 174.06892085534426 2.945584425527854 174.07113823003533 2.8046863840958274 59.05498746834796 163.8122668853368 -999.0 6231.0 -999.0 -1 -999 {-999.0 -999.0 -999.0 -999.0 -999.0} "" -999.0 -999.0 -999.0 -999.0 -999 -999 "" "" "" "" 0 0 0.0 0.0 -999 ""
FIBERMAP 483 R+13C1 APOGEE 0 0 0 1 0 0 -160.26536906496514 260.24289890461677 143.1 122.48751447667236 279.96884139157066 174.95583 89.47148 -999.0 -999.0 -999.0 -999.0 -999.0 174.1295553444782 3.8471825189126867 174.1320613854873 3.706017269655318 59.91577574622584 163.27235779686526 -999.0 16600.0 -999.0 2 135 {-999.0 -999.0 -999.0 -999.0 -999.0} "" -999.0 -999.0 -999.0 -999.0 -999 -999 "" ops_sky_apogee_best_unassigned ops_sky sky_apogee 0 0 0.0 0.0 -999 ""
FIBERMAP 483 R+13C1 BOSS 1 1 0 1 0 0 -160.14999761995998 260.97942784683676 143.1 123.15838223921143 280.29375601503676 174.95583 89.47148 174.1326209853221 3.8484776761285064 -19.126572 -10.984184 1.6456301 174.13258037501586 3.8484480234244898 174.1350571848135 3.7073964856102477 59.91638857443751 163.26590454516608 5400.0 5400.0 2016.0 1 7 {-999.0 20.161428 20.600616 20.86161 -999.0} sdss_psfmag 20.120295 20.304548 20.219133 -999.0 63050395170015402 1092606436 dark_flexible_2x1 mwm_cb_galex_vol_boss mwm_cb science 0 0 0.0 0.0 -999 ""
FIBERMAP 483 R+13C1 METROLOGY 0 0 0 1 0 0 -159.5642070382614 260.5321474298554 143.1 123.12470730290592 279.55759880503547 174.95583 89.47148 -999.0 -999.0 -999.0 -999.0 -999.0 174.13244772616756 3.8452240532239674 174.13493171451842 3.7041406144195776 59.91326035258811 163.26772261362387 -999.0 6231.0 -999.0 -1 -999 {-999.0 -999.0 -999.0 -999.0 -999.0} "" -999.0 -999.0 -999.0 -999.0 -999 -999 "" "" "" "" 0 0 0.0 0.0 -999 ""
FIBERMAP 488 R+13C8 APOGEE 0 0 0 1 0 0 -2.4299016085977403 253.4503842075723 143.1 206.8475963050938 146.42219566279852 175.85667 114.87739 -999.0 -999.0 -999.0 -999.0 -999.0 174.51373259825135 3.246691959033333 174.51595075668934 3.105531663120572 59.2395702182689 162.82995602529908 -999.0 16600.0 -999.0 2 37 {-999.0 -999.0 -999.0 -999.0 -999.0} "" -999.0 -999.0 -999.0 -999.0 -999 -999 "" ops_sky_apogee_best_unassigned ops_sky sky_apogee 0 0 0.0 0.0 -999 ""
FIBERMAP 488 R+13C8 BOSS 1 1 0 1 0 0 -2.698049578156075 254.13717893528167 143.1 207.2590587766673 147.03386544629961 175.85667 114.87739 174.51562721930017 3.249344608770244 2.0765302 -1.0855757 -2.4480176 174.51560853337534 3.2493270260647007 174.5177967167332 3.1082834913370783 59.24177733647027 162.82512731037937 5400.0 5400.0 2016.0 1 166 {-999.0 19.324053 19.206636 19.03742 18.744333} sdss_psfmag 19.046856 19.683443 18.4332 -999.0 63050395170008964 1059933938 dark_2x4 bhm_aqmes_wide2 bhm_aqmes science 0 0 0.0 0.0 -999 ""
FIBERMAP 488 R+13C8 METROLOGY 0 0 0 1 0 0 -1.9539574024701434 254.03430424654218 143.1 207.59855042990043 146.3639049425165 175.85667 114.87739 -999.0 -999.0 -999.0 -999.0 -999.0 174.51713919609722 3.2463281816895435 174.51933466569517 3.1052514419793775 59.238458642763405 162.82369324467493 -999.0 6231.0 -999.0 -1 -999 {-999.0 -999.0 -999.0 -999.0 -999.0} "" -999.0 -999.0 -999.0 -999.0 -999 -999 "" "" "" "" 0 0 0.0 0.0 -999 ""
FIBERMAP 489 R-5C2 APOGEE 0 0 0 1 0 0 -214.38065247671022 -105.38395876038743 143.1 -208.74475648548045 116.08110731947684 205.92357 159.59567 -999.0 -999.0 -999.0 -999.0 -999.0 172.62894866008241 3.109174969567846 172.63159967728154 2.9686175239913832 59.52532849054808 166.49213376522957 -999.0 16600.0 -999.0 2 -999 {-999.0 -999.0 -999.0 -999.0 -999.0} "" -999.0 -999.0 -999.0 -999.0 -999 -999 "" "" "" "" 0 0 0.0 0.0 -999 ""
FIBERMAP 489 R-5C2 BOSS 1 1 0 1 0 0 -215.11202959960812 -105.46038219853499 143.1 -209.22431212126855 116.63845027124535 205.92357 159.59567 172.62680053710938 3.1115784911453517 -999.0 -999.0 -999.0 172.62680193620668 3.111575063277499 172.62943073323743 2.9711357649556667 59.52822351531596 166.4953449661442 5400.0 5400.0 2015.5 1 487 {-999.0 -999.0 -999.0 -999.0 -999.0} "" -999.0 -999.0 -999.0 -999.0 27021603142698880 812161452 "" ops_sky_boss_good ops_sky sky_boss 0 0 0.0 0.0 -999 ""
FIBERMAP 489 R-5C2 METROLOGY 0 0 0 1 0 0 -214.81511496608908 -104.77740758708502 143.1 -208.4939937328798 116.78369353938082 205.92357 159.59567 -999.0 -999.0 -999.0 -999.0 -999.0 172.6300854332372 3.112282527349577 172.63272037585932 2.9718085548588777 59.52823703407449 166.4887322959243 -999.0 6231.0 -999.0 -1 -999 {-999.0 -999.0 -999.0 -999.0 -999.0} "" -999.0 -999.0 -999.0 -999.0 -999 -999 "" "" "" "" 0 0 0.0 0.0 -999 ""
FIBERMAP 493 R+8C15 APOGEE 0 0 0 1 0 0 97.83560961205622 159.9871017096942 143.1 187.19427664227035 10.786088817254639 174.40924 104.03125 -999.0 -999.0 -999.0 -999.0 -999.0 174.4270100956795 2.632893955751779 174.42906597478157 2.4918706439208944 58.665951359618745 163.2849953888041 -999.0 16600.0 -999.0 2 78 {-999.0 -999.0 -999.0 -999.0 -999.0} "" -999.0 -999.0 -999.0 -999.0 -999 -999 "" ops_sky_apogee_best_unassigned ops_sky sky_apogee 0 0 0.0 0.0 -999 ""
FIBERMAP 493 R+8C15 BOSS 1 1 0 1 0 0 97.72988914786441 160.7240064953409 143.1 187.73946648887397 11.292864466159171 174.40924 104.03125 174.42959839222328 2.635092632680331 -9.465865 -3.0758274 0.35116476 174.4295537394248 2.635075575967943 174.43157954364233 2.4941718213185453 58.66757606937976 163.27923857396075 5400.0 5400.0 2016.0 1 230 {-999.0 17.0188 16.690313 16.574825 -999.0} sdss_psfmag 16.972544 16.683653 16.244865 15.35 63050395170006738 977049177 "" ops_std_boss ops_std standard_boss 0 0 0.0 0.0 -999 ""
FIBERMAP 493 R+8C15 METROLOGY 0 0 0 1 0 0 98.4230930999457 160.45050776898333 143.1 187.90977710045996 10.567485043810589 174.40924 104.03125 -999.0 -999.0 -999.0 -999.0 -999.0 174.4303036050174 2.631814763906797 174.4323367922019 2.4908772442018887 58.66419634890484 163.2793612342837 -999.0 6231.0 -999.0 -1 -999 {-999.0 -999.0 -999.0 -999.0 -999.0} "" -999.0 -999.0 -999.0 -999.0 -999 -999 "" "" "" "" 0 0 0.0 0.0 -999 ""
FIBERMAP 495 R+5C10 APOGEE 0 0 0 1 0 0 -29.8828822302786 112.18195528487497 143.1 75.13912921745448 88.47707982655528 96.29995 95.84531 -999.0 -999.0 -999.0 -999.0 -999.0 173.91838079851274 2.98661717617404 173.92066895308733 2.8456693676327314 59.129835963973235 164.07823124508153 -999.0 16600.0 -999.0 2 7 {-999.0 -999.0 -999.0 -999.0 -999.0} "" -999.0 -999.0 -999.0 -999.0 -999 -999 "" ops_sky_apogee_best_unassigned ops_sky sky_apogee 0 0 0.0 0.0 -999 ""
FIBERMAP 495 R+5C10 BOSS 1 1 0 1 0 0 -29.145125598117495 112.32905482595407 143.1 75.68038690849657 87.95476950699157 96.29995 95.84531 173.92090389185648 2.984170240597263 -999.0 -999.0 -999.0 173.92091032549186 2.9841622153405623 173.92316881981412 2.843332935626044 59.12698599492266 164.07454867259338 5400.0 5400.0 2016.0 1 129 {-999.0 21.047943 20.91515 20.79074 20.733856} sdss_psfmag_from_gaiadr2 20.546835 20.906113 20.105713 -999.0 63050395170008447 1056632563 dark_flexible_2x2 bhm_gua_dark bhm_filler science 0 0 0.0 0.0 -999 ""
FIBERMAP 495 R+5C10 METROLOGY 0 0 0 1 0 0 -29.387991562651866 111.6230176753585 143.1 74.96191959152688 87.75197847910292 96.29995 95.84531 -999.0 -999.0 -999.0 -999.0 -999.0 173.9176266228475 2.983270852821652 173.9198936517456 2.842409023384033 59.1268425782093 164.08116693696115 -999.0 6231.0 -999.0 -1 -999 {-999.0 -999.0 -999.0 -999.0 -999.0} "" -999.0 -999.0 -999.0 -999.0 -999 -999 "" "" "" "" 0 0 0.0 0.0 -999 ""
FIBERMAP 501 R+6C19 APOGEE 0 0 0 1 0 0 174.89037402345835 137.93377642676722 143.1 212.98426918591372 -65.08815503697453 176.27866 20.560556 -999.0 -999.0 -999.0 -999.0 -999.0 174.542645467372 2.2887677110809133 174.54457253701332 2.14777892432756 58.30414498233673 163.23037584457785 -999.0 16600.0 -999.0 2 34 {-999.0 -999.0 -999.0 -999.0 -999.0} "" -999.0 -999.0 -999.0 -999.0 -999 -999 "" ops_sky_apogee_best_unassigned ops_sky sky_apogee 0 0 0.0 0.0 -999 ""
FIBERMAP 501 R+6C19 BOSS 1 1 0 1 0 0 175.60254651903145 138.13636533036643 143.1 213.55653754198326 -65.55782571020362 176.27866 20.560556 174.5452880859375 2.28651636223519 -999.0 -999.0 -999.0 174.54527831760544 2.2865128413098788 174.54717349256077 2.145646159938527 58.3014449445911 163.22656280415268 5400.0 5400.0 2015.5 1 195 {-999.0 -999.0 -999.0 -999.0 -999.0} "" -999.0 -999.0 -999.0 -999.0 27021603142685968 820257904 "" ops_sky_boss_good ops_sky sky_boss 0 0 0.0 0.0 -999 ""
FIBERMAP 501 R+6C19 METROLOGY 0 0 0 1 0 0 175.42015695291593 137.40903360650287 143.1 212.85503660751996 -65.82243799951534 176.27866 20.560556 -999.0 -999.0 -999.0 -999.0 -999.0 174.54210575767988 2.2853430972365456 174.54400997311336 2.144442789662598 58.301045125366 163.2329551544254 -999.0 6231.0 -999.0 -1 -999 {-999.0 -999.0 -999.0 -999.0 -999.0} "" -999.0 -999.0 -999.0 -999.0 -999 -999 "" "" "" "" 0 0 0.0 0.0 -999 ""
FIBERMAP 506 R+6C10 APOGEE 0 0 0 1 0 0 -4.340237487227597 126.88266439620739 143.1 101.77226677744282 75.86853525368346 91.73844 37.618343 -999.0 -999.0 -999.0 -999.0 -999.0 174.03961293806725 2.929152875912211 174.04185290687803 2.788180888371666 59.045793526851185 163.87507871984096 -999.0 16600.0 -999.0 2 -999 {-999.0 -999.0 -999.0 -999.0 -999.0} "" -999.0 -999.0 -999.0 -999.0 -999 -999 "" "" "" "" 0 0 0.0 0.0 -999 ""
FIBERMAP 506 R+6C10 BOSS 1 1 0 1 0 0 -3.8387950749667326 126.31626376313629 143.1 101.5926590445779 75.13379834080058 91.73844 37.618343 174.0390769349868 2.9257043303680508 -70.9451 8.877192 4.9028554 174.03887413581185 2.9257287364859343 174.04108452216497 2.7848767178611977 59.04276036175172 163.87803124626873 5400.0 5400.0 2016.0 1 128 {-999.0 18.626852 18.707981 18.85172 -999.0} sdss_psfmag 18.699617 18.618694 18.662346 -999.0 63050395170008204 1143293703 dark_2x1 mwm_wd_pwd_boss_2x1 mwm_wd science 0 0 0.0 0.0 -999 ""
FIBERMAP 506 R+6C10 METROLOGY 0 0 0 1 0 0 -4.573730884183689 126.17404403657207 143.1 101.05701797313121 75.65657180772733 91.73844 37.618343 -999.0 -999.0 -999.0 -999.0 -999.0 174.03641900930907 2.928136004577336 174.03863889370575 2.7872504706002044 59.04563934353019 163.88156990107436 -999.0 6231.0 -999.0 -1 -999 {-999.0 -999.0 -999.0 -999.0 -999.0} "" -999.0 -999.0 -999.0 -999.0 -999 -999 "" "" "" "" 0 0 0.0 0.0 -999 ""
FIBERMAP 507 R+1C26 APOGEE 0 0 0 1 0 0 289.6371937807298 33.635396675239576 143.1 192.68095289250954 -218.7962138296956 86.61657 81.36567 -999.0 -999.0 -999.0 -999.0 -999.0 174.44693772605768 1.5957854400044997 174.44867765266292 1.454954635418497 57.6543828404196 163.71858008308413 -999.0 16600.0 -999.0 2 42 {-999.0 -999.0 -999.0 -999.0 -999.0} "" -999.0 -999.0 -999.0 -999.0 -999 -999 "" ops_sky_apogee_best_unassigned ops_sky sky_apogee 0 0 0.0 0.0 -999 ""
FIBERMAP 507 R+1C26 BOSS 1 1 0 1 0 0 290.3411771226458 33.455563666220726 143.1 192.93436081363845 -219.47707514699863 86.61657 81.36567 174.44767884024864 1.5926597472383013 -1.8355479 -1.7420268 0.0033046259 174.44805945801963 1.5926448675862872 174.44976771358927 1.4519400867685297 57.651196334150455 163.7179295521953 5400.0 5400.0 2016.0 1 175 {-999.0 16.10785 15.364285 15.021888 -999.0} sdss_psfmag 15.896769 15.376397 14.69325 13.275 63050395169981774 1150666208 dark_flexible_3x1 manual_mwm_halo_distant_kgiant_near_boss_triple mwm_halo science 0 0 1.4069417715072632 0.0 -999 ""
FIBERMAP 507 R+1C26 METROLOGY 0 0 0 1 0 0 289.84390392976724 32.90456039922255 143.1 192.19829669256708 -219.38250350154857 86.61657 81.36567 -999.0 -999.0 -999.0 -999.0 -999.0 174.4447589041732 1.593070816641575 174.44647656645884 1.452331195784132 57.65235218503532 163.72373279408 -999.0 6231.0 -999.0 -1 -999 {-999.0 -999.0 -999.0 -999.0 -999.0} "" -999.0 -999.0 -999.0 -999.0 -999 -999 "" "" "" "" 0 0 0.0 0.0 -999 ""
FIBERMAP 514 R+11C3 APOGEE 0 0 0 1 0 0 -115.20705307686718 223.79067712431288 143.1 118.21470913811267 222.17750580222886 53.623257 114.50553 -999.0 -999.0 -999.0 -999.0 -999.0 174.11200241196948 3.5898515109874407 174.1144324735268 3.4487377824192427 59.670351392104465 163.42973199258327 -999.0 16600.0 -999.0 2 133 {-999.0 -999.0 -999.0 -999.0 -999.0} "" -999.0 -999.0 -999.0 -999.0 -999 -999 "" "" "" "" 0 0 0.0 0.0 -999 ""
FIBERMAP 514 R+11C3 BOSS 1 1 0 1 0 0 -114.47577137970836 223.6730509671394 143.1 118.53478123027647 221.50966430062388 53.623257 114.50553 174.11307346403035 3.586733845544203 -42.84283 12.589931 1.0146834 174.11350520631493 3.586754283437751 174.11590511600878 3.445756708035114 59.66710446331233 163.42832466482548 5400.0 5400.0 2016.0 1 5 {-999.0 14.05081 13.671928 13.554168 -999.0} sdss_psfmag_gaia 13.994008 13.693697 13.228058 12.353 63050395170013202 1136478388 dark_flexible_3x1 mwm_halo_local_high_boss_triple mwm_halo science 0 0 1.947853922843933 0.0 -999 ""
FIBERMAP 514 R+11C3 METROLOGY 0 0 0 1 0 0 -114.94044626232709 223.09152133705604 143.1 117.79221273659071 221.56005840703048 53.623257 114.50553 -999.0 -999.0 -999.0 -999.0 -999.0 174.11013541674407 3.587028200515547 174.11254449324383 3.445998646010345 59.66814515105223 163.43465754220915 -999.0 6231.0 -999.0 -1 -999 {-999.0 -999.0 -999.0 -999.0 -999.0} "" -999.0 -999.0 -999.0 -999.0 -999 -999 "" "" "" "" 0 0 0.0 0.0 -999 ""
FIBERMAP 515 R+3C19 APOGEE 0 0 0 1 0 0 152.82923939977687 45.153700418778534 143.1 124.1858198086407 -99.83262112539298 313.52466 102.75813 -999.0 -999.0 -999.0 -999.0 -999.0 174.14112051217626 2.130223108483408 174.14308542102708 1.9893725630059715 58.24536428919717 164.04305110197146 -999.0 16600.0 -999.0 2 -999 {-999.0 -999.0 -999.0 -999.0 -999.0} "" -999.0 -999.0 -999.0 -999.0 -999 -999 "" "" "" "" 0 0 0.0 0.0 -999 ""
FIBERMAP 515 R+3C19 BOSS 1 1 0 1 0 0 152.4381681304402 44.53070312918405 143.1 123.45112408956423 -99.86632886943615 313.52466 102.75813 174.1378776284715 2.1299000067322553 -0.057571907 0.06312282 -0.08637634 174.1378625620767 2.129903399418423 174.1397988105457 1.9891768076411067 58.24593346683329 164.0492091653179 5400.0 5400.0 2016.0 1 217 {-999.0 18.675482 18.075312 17.613506 17.449774} sdss_psfmag 17.792175 17.840162 16.814817 14.822 63050395169983789 1059933873 dark_2x4 bhm_aqmes_wide2 bhm_aqmes science 0 0 0.0 0.0 -999 ""
FIBERMAP 515 R+3C19 METROLOGY 0 0 0 1 0 0 152.08380060869766 45.18505307841246 143.1 123.78679903306622 -99.2023102694253 313.52466 102.75813 -999.0 -999.0 -999.0 -999.0 -999.0 174.13937551472623 2.1329611470255396 174.1413206872951 1.9921986889897108 58.24852171018132 164.0450694439324 -999.0 6231.0 -999.0 -1 -999 {-999.0 -999.0 -999.0 -999.0 -999.0} "" -999.0 -999.0 -999.0 -999.0 -999 -999 "" "" "" "" 0 0 0.0 0.0 -999 ""
FIBERMAP 533 R+1C3 APOGEE 0 0 0 1 0 0 -232.55865475936787 9.839087460687669 143.1 -124.43720554496966 196.67450829876253 255.84001 144.84962 -999.0 -999.0 -999.0 -999.0 -999.0 173.01094092463026 3.4749303551184605 173.0136287871478 3.334175903752753 59.80582923917375 165.60561719564015 -999.0 16600.0 -999.0 2 104 {-999.0 -999.0 -999.0 -999.0 -999.0} "" -999.0 -999.0 -999.0 -999.0 -999 -999 "" "" "" "" 0 0 0.0 0.0 -999 ""
FIBERMAP 533 R+1C3 BOSS 1 1 0 1 0 0 -233.10470400975476 9.343295941701147 143.1 -125.15570273811804 196.84061564053184 255.84001 144.84962 173.0074234305276 3.4754978783743016 -52.985695 22.472729 3.2984486 173.00770029613128 3.475569191044771 173.01036433380375 3.334931916348007 59.80725075705428 165.61163889146027 5400.0 5400.0 2016.0 1 61 {-999.0 15.45442 14.431275 14.014766 -999.0} sdss_psfmag 15.176307 14.511305 13.716921 12.044 63050395170006539 1075812465 bright_1x1 mwm_erosita_stars_boss mwm_erosita science 0 0 1.761197566986084 0.0 -999 ""
FIBERMAP 533 R+1C3 METROLOGY 0 0 0 1 0 0 -233.26671111227077 10.076982340987914 143.1 -124.64523138433796 197.3918018560287 255.84001 144.84962 -999.0 -999.0 -999.0 -999.0 -999.0 173.01001793741094 3.4780868609186744 173.01268932570167 3.3374154169069334 59.80919332008267 165.60609194868545 -999.0 6231.0 -999.0 -1 -999 {-999.0 -999.0 -999.0 -999.0 -999.0} "" -999.0 -999.0 -999.0 -999.0 -999 -999 "" "" "" "" 0 0 0.0 0.0 -999 ""
FIBERMAP 544 R-6C19 APOGEE 0 0 0 1 0 0 195.0977502071379 -114.02473285261213 143.1 17.492673398220955 -225.26601438288458 30.862331 92.36607 -999.0 -999.0 -999.0 -999.0 -999.0 173.6558188475895 1.5627450004727192 173.65769632590695 1.4221437313545646 57.80076399658353 165.17523426689635 -999.0 16600.0 -999.0 2 229 {-999.0 -999.0 -999.0 -999.0 -999.0} "" -999.0 -999.0 -999.0 -999.0 -999 -999 "" ops_sky_apogee_best_unassigned ops_sky sky_apogee 0 0 0.0 0.0 -999 ""
FIBERMAP 544 R-6C19 BOSS 1 1 0 1 0 0 195.52015573512693 -114.62843495522856 143.1 17.237380890952274 -225.95707121594242 30.862331 92.36607 173.65466383728875 1.559465224245735 -0.58187956 0.3861585 -0.060853537 173.654690205044 1.5594817634289684 173.65653911794675 1.4190070788163742 57.79794977776255 165.17862098726982 5400.0 5400.0 2016.0 1 277 {-999.0 19.791365 19.601164 19.438498 19.319021} sdss_psfmag_from_gaiadr2 19.58993 19.603958 18.942928 -999.0 63050395169981031 1056632101 dark_flexible_2x2 bhm_gua_dark bhm_filler science 0 0 0.0 0.0 -999 ""
FIBERMAP 544 R-6C19 METROLOGY 0 0 0 1 0 0 194.77804563839905 -114.69418475984602 143.1 16.760478540667307 -225.38482791401583 30.862331 92.36607 -999.0 -999.0 -999.0 -999.0 -999.0 173.65252071241292 1.562088711721695 173.65437875028726 1.421578568236523 57.800925703207284 165.18154070938886 -999.0 6231.0 -999.0 -1 -999 {-999.0 -999.0 -999.0 -999.0 -999.0} "" -999.0 -999.0 -999.0 -999.0 -999 -999 "" "" "" "" 0 0 0.0 0.0 -999 ""
FIBERMAP 546 R-12C1 APOGEE 0 0 0 1 0 0 -148.95427521955938 -235.0945931054186 143.1 -278.0312138446743 -11.586663156319075 285.2156 161.7634 -999.0 -999.0 -999.0 -999.0 -999.0 172.31826350380967 2.5305636853560705 172.32076569678225 2.3902237548796292 59.016801644827815 167.30461789177446 -999.0 16600.0 -999.0 2 296 {-999.0 -999.0 -999.0 -999.0 -999.0} "" -999.0 -999.0 -999.0 -999.0 -999 -999 "" ops_sky_apogee_best_unassigned ops_sky sky_apogee 0 0 0.0 0.0 -999 ""
FIBERMAP 546 R-12C1 BOSS 1 1 0 1 0 0 -148.9708842307188 -235.8272374837957 143.1 -278.6426114417157 -11.990506412671305 285.2156 161.7634 172.31558417798024 2.528614403414702 1.034097 -0.67647904 -0.094096296 172.31557790799687 2.528616697857943 172.31805724693265 2.3883986436020197 59.01550841400456 167.31043945799968 5400.0 5400.0 2016.0 1 429 {-999.0 20.269772 20.060059 19.982943 19.93154} sdss_psfmag_from_lsdr10 20.462227 20.196543 19.897028 -999.0 63050395170003141 1059004803 dark_flexible_2x2 bhm_spiders_agn_lsdr10 bhm_spiders science 0 0 0.0 0.0 -999 ""
FIBERMAP 546 R-12C1 METROLOGY 0 0 0 1 0 0 -149.61110757924826 -235.4526638136826 143.1 -278.6996895182364 -11.251058908367591 285.2156 161.7634 -999.0 -999.0 -999.0 -999.0 -999.0 172.31531248838894 2.531992739516051 172.31779963947713 2.3917399846685057 59.01883973867369 167.30973079871978 -999.0 6231.0 -999.0 -1 -999 {-999.0 -999.0 -999.0 -999.0 -999.0} "" -999.0 -999.0 -999.0 -999.0 -999 -999 "" "" "" "" 0 0 0.0 0.0 -999 ""
FIBERMAP 548 R+1C14 APOGEE 0 0 0 1 0 0 -5.622441796146493 20.12791760820702 143.1 13.333007221283832 16.089005263364278 200.06029 90.44872 -999.0 -999.0 -999.0 -999.0 -999.0 173.63693440817795 2.6572608280021197 173.63918169501756 2.516457593372195 58.87273698002644 164.75460648605738 -999.0 16600.0 -999.0 2 13 {-999.0 -999.0 -999.0 -999.0 -999.0} "" -999.0 -999.0 -999.0 -999.0 -999 -999 "" ops_sky_apogee_best_unassigned ops_sky sky_apogee 0 0 0.0 0.0 -999 ""
FIBERMAP 548 R+1C14 BOSS 1 1 0 1 0 0 -5.871238994330696 20.82145967091764 143.1 13.761040050967637 16.688621542630184 200.06029 90.44872 173.638916015625 2.659884206673283 -999.0 -999.0 -999.0 173.63892082561875 2.6598822645569595 173.6411411966527 2.51919821225015 58.87497627084619 164.74973979046354 5400.0 5400.0 2015.5 1 96 {-999.0 -999.0 -999.0 -999.0 -999.0} "" -999.0 -999.0 -999.0 -999.0 27021603142694281 820258362 "" ops_sky_boss_good ops_sky sky_boss 0 0 0.0 0.0 -999 ""
FIBERMAP 548 R+1C14 METROLOGY 0 0 0 1 0 0 -5.145279730971893 20.701976168888375 143.1 14.076553239310131 16.024094511494415 200.06029 90.44872 -999.0 -999.0 -999.0 -999.0 -999.0 173.6403515904218 2.656887144770925 173.64257836843058 2.516169144401914 58.87170448832475 164.74832858148937 -999.0 6231.0 -999.0 -1 -999 {-999.0 -999.0 -999.0 -999.0 -999.0} "" -999.0 -999.0 -999.0 -999.0 -999 -999 "" "" "" "" 0 0 0.0 0.0 -999 ""
FIBERMAP 550 R+1C1 APOGEE 0 0 0 1 0 0 -283.1704837092194 37.63688382813868 143.1 -130.4393938452824 254.09692773639742 139.84412 69.50595 -999.0 -999.0 -999.0 -999.0 -999.0 172.9852538692936 3.731636231284108 172.98804171825884 3.590844068743236 60.06214252375861 165.5479612931663 -999.0 16600.0 -999.0 2 141 {-999.0 -999.0 -999.0 -999.0 -999.0} "" -999.0 -999.0 -999.0 -999.0 -999 -999 "" "" "" "" 0 0 0.0 0.0 -999 ""
FIBERMAP 550 R+1C1 BOSS 1 1 0 1 0 0 -282.5435374889403 38.00646833708868 143.1 -129.77848882661002 253.7924386435788 139.84412 69.50595 172.9883539241495 3.7301523972611976 -27.841064 -0.59146 1.9800662 172.98825570408295 3.730179738913943 172.9910173994897 3.589501844719334 60.06020573570509 165.54270929752028 5400.0 5400.0 2016.0 1 12 {-999.0 19.575296 18.27576 17.293331 -999.0} sdss_psfmag 19.01436 17.952969 16.821629 14.781 63050395170260020 1092607095 dark_flexible_2x1 mwm_cb_galex_vol_boss mwm_cb science 0 0 0.0 0.0 -999 ""
FIBERMAP 550 R+1C1 METROLOGY 0 0 0 1 0 0 -282.53037906674916 37.25224727136033 143.1 -130.39065097700328 253.35184353848297 139.84412 69.50595 -999.0 -999.0 -999.0 -999.0 -999.0 172.9854750298663 3.7282272966777823 172.98824381916802 3.5875180960791053 60.05884849303202 165.54896740544265 -999.0 6231.0 -999.0 -1 -999 {-999.0 -999.0 -999.0 -999.0 -999.0} "" -999.0 -999.0 -999.0 -999.0 -999 -999 "" "" "" "" 0 0 0.0 0.0 -999 ""
FIBERMAP 554 R-2C23 APOGEE 0 0 0 1 0 0 204.55562118076423 -41.418775689302606 143.1 82.53444652802766 -191.6628272878384 234.31024 61.194443 -999.0 -999.0 -999.0 -999.0 -999.0 173.95103229986907 1.7144361200354328 173.95290363666697 1.573718887096064 57.883866416016666 164.5717944040054 -999.0 16600.0 -999.0 2 197 {-999.0 -999.0 -999.0 -999.0 -999.0} "" -999.0 -999.0 -999.0 -999.0 -999 -999 "" ops_sky_apogee_best_unassigned ops_sky sky_apogee 0 0 0.0 0.0 -999 ""
FIBERMAP 554 R-2C23 BOSS 1 1 0 1 0 0 204.26326778613407 -40.73690095021318 143.1 82.92807360153171 -191.03407417367563 234.31024 61.194443 173.95286219734618 1.7170949840366063 -0.25790724 1.9353647 0.5590945 173.95287275218018 1.717105132144259 173.9547158858702 1.5765117940082185 57.886183012022826 164.5672973823501 5400.0 5400.0 2016.0 1 310 {-999.0 20.424559 20.332676 20.14723 20.131832} sdss_psfmag_from_gaiadr2 19.912031 20.376997 19.754148 -999.0 63050395169982780 1056632132 dark_flexible_2x2 bhm_gua_dark bhm_filler science 0 0 0.0 0.0 -999 ""
FIBERMAP 554 R-2C23 METROLOGY 0 0 0 1 0 0 205.0065024171733 -40.792478745410556 143.1 83.3059352375735 -191.6763785317073 234.31024 61.194443 -999.0 -999.0 -999.0 -999.0 -999.0 173.95456387946 1.7142633074531681 173.95641390450237 1.5736346359331546 57.88299889558499 164.5653971515081 -999.0 6231.0 -999.0 -1 -999 {-999.0 -999.0 -999.0 -999.0 -999.0} "" -999.0 -999.0 -999.0 -999.0 -999 -999 "" "" "" "" 0 0 0.0 0.0 -999 ""
FIBERMAP 565 R+8C3 APOGEE 1 1 0 1 0 0 -145.05254869336855 167.05745932529106 143.1 54.59616103568126 214.36948261789811 73.403625 85.74652 173.82386294538227 3.5560504581009154 -5.0719643 -4.746745 0.21264488 173.82383549457262 3.5560266283418085 173.82633309483583 3.4150021700631936 59.70550570590848 163.99919553904368 16000.0 16600.0 2016.0 2 137 {-999.0 13.880966 13.162495 12.865093 -999.0} sdss_psfmag_from_g3xp 13.682687 13.180329 12.515984 11.123 63050395170013297 1107375958 bright_flexible_3x1 mwm_tess_rgb_apogee mwm_tessrgb science 0 0 0.0 0.0 -999 ""
FIBERMAP 565 R+8C3 BOSS 0 0 0 1 0 0 -144.35029375130568 166.81743403960948 143.1 54.79913068788017 213.6557414533182 73.403625 85.74652 -999.0 -999.0 -999.0 -999.0 -999.0 173.82480329674013 3.552743075078475 173.82727179902565 3.4118350120067076 59.70220753124778 163.99884665849078 -999.0 5400.0 -999.0 1 25 {-999.0 -999.0 -999.0 -999.0 -999.0} "" -999.0 -999.0 -999.0 -999.0 -999 -999 "" "" "" "" 0 0 0.0 0.0 -999 ""
FIBERMAP 565 R+8C3 METROLOGY 0 0 0 1 0 0 -144.91012105436135 166.31668401960823 143.1 54.06870837461329 213.83034315719243 73.403625 85.74652 -999.0 -999.0 -999.0 -999.0 -999.0 173.82147510474874 3.5535597097600413 173.82395265163257 3.412619580159793 59.70373988194211 164.00487379258004 -999.0 6231.0 -999.0 -1 -999 {-999.0 -999.0 -999.0 -999.0 -999.0} "" -999.0 -999.0 -999.0 -999.0 -999 -999 "" "" "" "" 0 0 0.0 0.0 -999 ""
FIBERMAP 566 R+8C7 APOGEE 0 0 0 1 0 0 -68.33944323358651 166.31491526680296 143.1 97.70018339928085 150.9196481091321 80.497154 131.10266 -999.0 -999.0 -999.0 -999.0 -999.0 174.02037973377898 3.269500717491558 174.02273277734594 3.1284714612993914 59.381060846827936 163.75530688706198 -999.0 16600.0 -999.0 2 -999 {-999.0 -999.0 -999.0 -999.0 -999.0} "" -999.0 -999.0 -999.0 -999.0 -999 -999 "" "" "" "" 0 0 0.0 0.0 -999 ""
FIBERMAP 566 R+8C7 BOSS 1 1 0 1 0 0 -67.7281210636865 166.6909885640396 143.1 98.3575163530933 150.63169313865404 80.497154 131.10266 174.02316051556016 3.268110801050852 -22.651598 -3.466063 0.6723184 174.0234268155772 3.2681182645940314 174.02575009769657 3.127205882705172 59.37912103005003 163.75014371388383 5400.0 5400.0 2016.0 1 103 {-999.0 16.221832 15.731558 15.530247 -999.0} sdss_psfmag 16.11353 15.758229 15.230284 14.181 63050395170008714 1136203529 dark_flexible_3x1 mwm_halo_local_high_boss_triple mwm_halo science 0 0 1.2413262128829956 0.0 -999 ""
FIBERMAP 566 R+8C7 METROLOGY 0 0 0 1 0 0 -67.67953250412384 165.96680636193 143.1 97.79022328641136 150.17910629855263 80.497154 131.10266 -999.0 -999.0 -999.0 -999.0 -999.0 174.02084311259168 3.266104262015303 174.023174514556 3.1251596977958336 59.37773838139735 163.75599698085938 -999.0 6231.0 -999.0 -1 -999 {-999.0 -999.0 -999.0 -999.0 -999.0} "" -999.0 -999.0 -999.0 -999.0 -999 -999 "" "" "" "" 0 0 0.0 0.0 -999 ""
FIBERMAP 572 R+10C5 APOGEE 0 0 0 1 0 0 -99.2641725831263 196.44386416639315 143.1 104.83171558708099 193.49572821819058 133.02179 144.45674 -999.0 -999.0 -999.0 -999.0 -999.0 174.0520507242851 3.461421763840582 174.0544564202978 3.3203483844624566 59.55999135528637 163.60533451438113 -999.0 16600.0 -999.0 2 -999 {-999.0 -999.0 -999.0 -999.0 -999.0} "" -999.0 -999.0 -999.0 -999.0 -999 -999 "" "" "" "" 0 0 0.0 0.0 -999 ""
FIBERMAP 572 R+10C5 BOSS 1 1 0 1 0 0 -99.37018340223634 197.1864002796276 143.1 105.38136661949586 194.00595136758702 133.02179 144.45674 174.05460242377816 3.4636288968063025 -999.0 -999.0 -999.0 174.05458008456674 3.463625276076549 174.05695721128598 3.3226673515563645 59.56165016861353 163.59945955555673 5400.0 5400.0 2016.0 1 146 {-999.0 21.64226 20.932962 20.765337 20.670258} sdss_psfmag_from_lsdr10 20.825296 21.138329 20.738142 -999.0 63050395170013052 1059012560 dark_flexible_2x2 bhm_spiders_agn_lsdr10 bhm_spiders science 0 0 0.0 0.0 -999 ""
FIBERMAP 572 R+10C5 METROLOGY 0 0 0 1 0 0 -98.67986747469112 196.9078140783108 143.1 105.54585170572412 193.28004567707933 133.02179 144.45674 -999.0 -999.0 -999.0 -999.0 -999.0 174.055327345033 3.4603822626297442 174.05771134388237 3.319391691739497 59.558289443434035 163.5995538219788 -999.0 6231.0 -999.0 -1 -999 {-999.0 -999.0 -999.0 -999.0 -999.0} "" -999.0 -999.0 -999.0 -999.0 -999 -999 "" "" "" "" 0 0 0.0 0.0 -999 ""
FIBERMAP 575 R+3C14 APOGEE 0 0 0 1 0 0 24.54680079852259 54.87866531477984 143.1 59.075465853491025 11.104581149376008 163.77058 147.75734 -999.0 -999.0 -999.0 -999.0 -999.0 173.84547185349055 2.6345741143183066 173.84766328863293 2.493712988569345 58.803908076842056 164.37217138337022 -999.0 16600.0 -999.0 2 24 {-999.0 -999.0 -999.0 -999.0 -999.0} "" -999.0 -999.0 -999.0 -999.0 -999 -999 "" ops_sky_apogee_best_unassigned ops_sky sky_apogee 0 0 0.0 0.0 -999 ""
FIBERMAP 575 R+3C14 BOSS 1 1 0 1 0 0 24.055371712504552 55.424234219794634 143.1 59.2436644311228 11.819220492799392 163.77058 147.75734 173.8462829589844 2.637712490908797 -999.0 -999.0 -999.0 173.8462978686235 2.63771492534753 173.84846206446468 2.496973413004241 58.80690261262654 164.36924335656224 5400.0 5400.0 2015.5 1 97 {-999.0 -999.0 -999.0 -999.0 -999.0} "" -999.0 -999.0 -999.0 -999.0 27021603142694110 812160766 "" ops_sky_boss_good ops_sky sky_boss 0 0 0.0 0.0 -999 ""
FIBERMAP 575 R+3C14 METROLOGY 0 0 0 1 0 0 24.782485592661757 55.59325021868094 143.1 59.796863809189276 11.318142993362097 163.77058 147.75734 -999.0 -999.0 -999.0 -999.0 -999.0 173.84880515746272 2.6354653739871075 173.85097598790014 2.4946894236105694 58.80410851221107 164.36552082554255 -999.0 6231.0 -999.0 -1 -999 {-999.0 -999.0 -999.0 -999.0 -999.0} "" -999.0 -999.0 -999.0 -999.0 -999 -999 "" "" "" "" 0 0 0.0 0.0 -999 ""
FIBERMAP 577 R+6C15 APOGEE 1 1 0 1 0 0 98.74987952703562 134.1845676356723 143.1 166.51616437235154 -4.668346026271413 113.45735 53.260303 174.3335937066463 2.5627162263333005 -7.286813 10.940299 3.1292346 174.3335645773731 2.5627342802158704 174.33562080152524 2.4217491798920117 58.620353733669376 163.49155900631362 16000.0 16600.0 2016.0 2 36 {-999.0 10.909153 10.5374155 10.422537 -999.0} sdss_psfmag_gaia 10.853573 10.55827 10.095325 9.32 63050395170006698 975425532 "" ops_std_apogee ops_std standard_apogee 0 0 0.0 0.0 -999 ""
FIBERMAP 577 R+6C15 BOSS 0 0 0 1 0 0 99.4779821754512 134.03195256996082 143.1 166.8056783897817 -5.353513684708552 113.45735 53.260303 -999.0 -999.0 -999.0 -999.0 -999.0 174.33495960346778 2.5594978136644406 174.3369846956026 2.4186339189787547 58.61700297723618 163.49044888304036 -999.0 5400.0 -999.0 1 188 {-999.0 -999.0 -999.0 -999.0 -999.0} "" -999.0 -999.0 -999.0 -999.0 -999 -999 "" "" "" "" 0 0 0.0 0.0 -999 ""
FIBERMAP 577 R+6C15 METROLOGY 0 0 0 1 0 0 98.98193068212008 133.4651842165194 143.1 166.05735800620872 -5.268929329996173 113.45735 53.260303 -999.0 -999.0 -999.0 -999.0 -999.0 174.33155540389166 2.559917220364459 174.33358986584608 2.4190198812576305 58.61818881586599 163.49659602447358 -999.0 6231.0 -999.0 -1 -999 {-999.0 -999.0 -999.0 -999.0 -999.0} "" -999.0 -999.0 -999.0 -999.0 -999 -999 "" "" "" "" 0 0 0.0 0.0 -999 ""
FIBERMAP 580 R+9C7 APOGEE 1 1 0 1 0 0 -39.597339563010024 188.91198804793947 143.1 132.64406794316812 140.1821136026564 115.87571 21.078812 174.17887647868133 3.220448989240243 54.917484 -29.221209 6.4973054 174.17903423256394 3.2203886854483046 174.18133083117766 3.07932372145415 59.295701550175664 163.47654719705943 16000.0 16600.0 2016.0 2 29 {-999.0 11.782976 11.1921625 10.987226 -999.0} sdss_psfmag_gaia 11.647065 11.232698 10.655233 9.605 63050395170009150 975467954 "" ops_std_apogee ops_std standard_apogee 0 0 0.0 0.0 -999 ""
FIBERMAP 580 R+9C7 BOSS 0 0 0 1 0 0 -39.052033767979935 188.41365995877365 143.1 132.54538296622158 139.4501293457568 115.87571 21.078812 -999.0 -999.0 -999.0 -999.0 -999.0 174.17866421892964 3.217000668003901 174.18093076484524 3.0760542123444856 59.292622852334866 163.47884015608392 -999.0 5400.0 -999.0 1 118 {-999.0 -999.0 -999.0 -999.0 -999.0} "" -999.0 -999.0 -999.0 -999.0 -999 -999 "" "" "" "" 0 0 0.0 0.0 -999 ""
FIBERMAP 580 R+9C7 METROLOGY 0 0 0 1 0 0 -39.76437703327301 188.18774122109522 143.1 131.953849745481 139.90664608154367 115.87571 21.078812 -999.0 -999.0 -999.0 -999.0 -999.0 174.17596142686324 3.219101781764768 174.17823757467465 3.0781223056719043 59.29527470859499 163.48298383467514 -999.0 6231.0 -999.0 -1 -999 {-999.0 -999.0 -999.0 -999.0 -999.0} "" -999.0 -999.0 -999.0 -999.0 -999 -999 "" "" "" "" 0 0 0.0 0.0 -999 ""
FIBERMAP 581 R-1C19 APOGEE 0 0 0 1 0 0 114.39296756658406 -34.38430263869658 143.1 36.93573703173167 -113.57759729138608 268.8271 83.92209 -999.0 -999.0 -999.0 -999.0 -999.0 173.7444888522455 2.0671820595571075 173.7465163739546 1.9264576532760236 58.27362057996229 164.80398376639053 -999.0 16600.0 -999.0 2 -999 {-999.0 -999.0 -999.0 -999.0 -999.0} "" -999.0 -999.0 -999.0 -999.0 -999 -999 "" "" "" "" 0 0 0.0 0.0 -999 ""
FIBERMAP 581 R-1C19 BOSS 1 1 0 1 0 0 113.64229771588435 -34.298377713248996 143.1 36.57857141287524 -112.91189126643191 268.8271 83.92209 173.74260473774436 2.0702723105728644 -26.24034 -65.38071 1.5059108 173.74290928679787 2.0700281606184046 173.7449102179396 1.9294268329856683 58.27687066057311 164.8057161313578 5400.0 5400.0 2016.0 1 296 {-999.0 16.577278 15.753311 15.447318 -999.0} sdss_psfmag 16.32055 15.781292 15.08942 13.663 63050395169998342 1136203313 dark_flexible_3x1 mwm_halo_local_high_boss_triple mwm_halo science 0 0 1.2684837579727173 0.0 -999 ""
FIBERMAP 581 R-1C19 METROLOGY 0 0 0 1 0 0 114.08579730487084 -33.70436998700905 143.1 37.31932528318886 -112.93777746687701 268.8271 83.92209 -999.0 -999.0 -999.0 -999.0 -999.0 173.74627016229323 2.069958440492137 173.74827825948182 1.9293212291945827 58.27602522987438 164.79951641054024 -999.0 6231.0 -999.0 -1 -999 {-999.0 -999.0 -999.0 -999.0 -999.0} "" -999.0 -999.0 -999.0 -999.0 -999 -999 "" "" "" "" 0 0 0.0 0.0 -999 ""
FIBERMAP 587 R-10C13 APOGEE 0 0 0 1 0 0 102.21050961739107 -189.826416163206 143.1 -97.71595128419173 -192.14553130760922 22.75853 112.579605 -999.0 -999.0 -999.0 -999.0 -999.0 173.13309649410323 1.7122443903353264 173.13512396850842 1.5717779131720042 58.05618487539472 166.07854560311645 -999.0 16600.0 -999.0 2 -999 {-999.0 -999.0 -999.0 -999.0 -999.0} "" -999.0 -999.0 -999.0 -999.0 -999 -999 "" "" "" "" 0 0 0.0 0.0 -999 ""
FIBERMAP 587 R-10C13 BOSS 1 1 0 1 0 0 102.75649481029306 -190.33567587054074 143.1 -97.8232304198834 -192.884303008909 22.75853 112.579605 173.1328038126428 1.7087905900556906 -61.666832 -13.812355 1.0316823 173.13263238471484 1.7087582642689554 173.1346329243869 1.5684173339374077 58.052993163945736 166.08073943692688 5400.0 5400.0 2016.0 1 396 {-999.0 17.22841 16.4127 16.095238 -999.0} sdss_psfmag 16.987783 16.44172 15.755599 14.387 63050395169996256 1136203262 dark_flexible_3x1 mwm_halo_local_high_boss_triple mwm_halo science 0 0 0.0 0.0 -999 ""
FIBERMAP 587 R-10C13 METROLOGY 0 0 0 1 0 0 102.04245645046971 -190.5533412718654 143.1 -98.40894871404073 -192.4216905310899 22.75853 112.579605 -999.0 -999.0 -999.0 -999.0 -999.0 173.1299672741621 1.7108921823674388 173.13197639602322 1.5705163553806514 58.05558605333074 166.0848518255647 -999.0 6231.0 -999.0 -1 -999 {-999.0 -999.0 -999.0 -999.0 -999.0} "" -999.0 -999.0 -999.0 -999.0 -999 -999 "" "" "" "" 0 0 0.0 0.0 -999 ""
FIBERMAP 588 R+8C1 APOGEE 1 1 0 1 0 0 -185.6846103956697 149.4362323402648 143.1 16.965023501372574 237.71111427786062 8.917488 86.05192 173.6529218260588 3.660935228338342 -44.349903 -6.9359236 2.9402895 173.65279875862095 3.660930707011972 173.65537774752954 3.5199384238039784 59.84690910408156 164.28109081718685 16000.0 16600.0 2016.0 2 94 {-999.0 11.991453 11.614071 11.497422 -999.0} sdss_psfmag_from_g3xp 11.929161 11.631798 11.168376 10.379 63050395170014353 975009188 "" ops_std_apogee ops_std standard_apogee 0 0 0.0 0.0 -999 ""
FIBERMAP 588 R+8C1 BOSS 0 0 0 1 0 0 -185.6495685817551 148.7049824215905 143.1 16.384204212280373 237.2656298479313 8.917488 86.05192 -999.0 -999.0 -999.0 -999.0 -999.0 173.650193919802 3.658853717844435 173.65274580609048 3.517978133189176 59.84560000786665 164.2870730351383 -999.0 5400.0 -999.0 1 81 {-999.0 -999.0 -999.0 -999.0 -999.0} "" -999.0 -999.0 -999.0 -999.0 -999 -999 "" "" "" "" 0 0 0.0 0.0 -999 ""
FIBERMAP 588 R+8C1 METROLOGY 0 0 0 1 0 0 -186.31996348188198 149.0452911214557 143.1 16.281781471168966 238.01034048815137 8.917488 86.05192 -999.0 -999.0 -999.0 -999.0 -999.0 173.6497170766166 3.662212108290715 173.65227790591132 3.5213033089565138 59.84894403231841 164.28646788019583 -999.0 6231.0 -999.0 -1 -999 {-999.0 -999.0 -999.0 -999.0 -999.0} "" -999.0 -999.0 -999.0 -999.0 -999 -999 "" "" "" "" 0 0 0.0 0.0 -999 ""
FIBERMAP 589 R-2C25 APOGEE 0 0 0 1 0 0 283.3613337493327 -31.378424429984676 143.1 135.69003391124753 -250.6874164095499 52.253445 88.84702 -999.0 -999.0 -999.0 -999.0 -999.0 174.18973667108057 1.451325374029504 174.19148008512775 1.3105919336890164 57.57363442908529 164.24807235805537 -999.0 16600.0 -999.0 2 216 {-999.0 -999.0 -999.0 -999.0 -999.0} "" -999.0 -999.0 -999.0 -999.0 -999 -999 "" ops_sky_apogee_best_unassigned ops_sky sky_apogee 0 0 0.0 0.0 -999 ""
FIBERMAP 589 R-2C25 BOSS 1 1 0 1 0 0 283.9497524947891 -31.822008569575278 143.1 135.66089342787768 -251.42362661051112 52.253445 88.84702 174.18960571289062 1.4479356503242684 -999.0 -999.0 -999.0 174.18960322169772 1.447930913156135 174.19131596960744 1.3073245045709176 57.570490770323914 164.24976147938514 5400.0 5400.0 2015.5 1 254 {-999.0 -999.0 -999.0 -999.0 -999.0} "" -999.0 -999.0 -999.0 -999.0 27021603142677070 812158383 "" ops_sky_boss_good ops_sky sky_boss 0 0 0.0 0.0 -999 ""
FIBERMAP 589 R-2C25 METROLOGY 0 0 0 1 0 0 283.25688396605017 -32.10903941147845 143.1 135.03024858293972 -251.01793415565317 52.253445 88.84702 -999.0 -999.0 -999.0 -999.0 -999.0 174.18677108197195 1.4497514507153855 174.18849331725482 1.309109659138577 57.57287297915966 164.25412495361616 -999.0 6231.0 -999.0 -1 -999 {-999.0 -999.0 -999.0 -999.0 -999.0} "" -999.0 -999.0 -999.0 -999.0 -999 -999 "" "" "" "" 0 0 0.0 0.0 -999 ""
FIBERMAP 592 R0C5 APOGEE 0 0 0 1 0 0 -219.90058143974298 8.109180558780844 143.1 -118.64542055474479 185.28899675742448 205.26321 55.585865 -999.0 -999.0 -999.0 -999.0 -999.0 173.03694669931392 3.423870554862356 173.0396092353468 3.283116712137688 59.75046785918373 165.5764937613463 -999.0 16600.0 -999.0 2 243 {-999.0 -999.0 -999.0 -999.0 -999.0} "" -999.0 -999.0 -999.0 -999.0 -999 -999 "" ops_sky_apogee_best_unassigned ops_sky sky_apogee 0 0 0.0 0.0 -999 ""
FIBERMAP 592 R0C5 BOSS 1 1 0 1 0 0 -219.80357353851622 8.843000070770424 143.1 -117.98724308858583 185.627454743033 205.26321 55.585865 173.03999077774918 3.4253625199278117 -6.3456836 -2.7134318 0.18043002 173.03993616432612 3.425328718618956 173.04257339624246 3.284690078957287 59.75138520833333 165.57009475170258 5400.0 5400.0 2016.0 1 495 {-999.0 16.830172 16.4787 16.363773 -999.0} sdss_psfmag 16.766916 16.478958 16.032516 15.258 63050395170006474 976146307 "" ops_std_boss ops_std standard_boss 0 0 0.0 0.0 -999 ""
FIBERMAP 592 R0C5 METROLOGY 0 0 0 1 0 0 -219.19738975446057 8.417321734724748 143.1 -117.99154914176492 184.88685238584083 205.26321 55.585865 -999.0 -999.0 -999.0 -999.0 -999.0 173.03990123130015 3.422020607498273 173.04254437600684 3.2813495872100242 59.748125198116156 165.57154265827972 -999.0 6231.0 -999.0 -1 -999 {-999.0 -999.0 -999.0 -999.0 -999.0} "" -999.0 -999.0 -999.0 -999.0 -999 -999 "" "" "" "" 0 0 0.0 0.0 -999 ""
FIBERMAP 594 R+1C22 APOGEE 0 0 0 1 0 0 198.11289313315962 20.131602773685575 143.1 129.43229390937373 -151.2957659163686 297.2793 167.82034 -999.0 -999.0 -999.0 -999.0 -999.0 174.16412404788554 1.897292971520606 174.16601138279623 1.7564805084655104 58.013473923277374 164.10266080718995 -999.0 16600.0 -999.0 2 86 {-999.0 -999.0 -999.0 -999.0 -999.0} "" -999.0 -999.0 -999.0 -999.0 -999 -999 "" ops_sky_apogee_best_unassigned ops_sky sky_apogee 0 0 0.0 0.0 -999 ""
FIBERMAP 594 R+1C22 BOSS 1 1 0 1 0 0 198.28114649708917 19.415181552662517 143.1 128.939566810674 -151.84224563137874 297.2793 167.82034 174.16193880348266 1.8946343191015527 -999.0 -999.0 -999.0 174.1619460883517 1.894653281007346 174.1638036352606 1.7539660648636142 58.011535558790406 164.10780805511732 5400.0 5400.0 2016.0 1 235 {-999.0 24.910028 22.625114 21.833725 -999.0} sdss_psfmag_ps1 -999.0 -999.0 -999.0 -999.0 63050398302229614 1128048326 dark_flexible_3x1 bhm_csc_boss_d3 bhm_csc science 0 0 0.0 0.0 -999 ""
FIBERMAP 594 R+1C22 METROLOGY 0 0 0 1 0 0 197.56775208892188 19.612247396950906 143.1 128.69495442220102 -151.14383234332072 297.2793 167.82034 -999.0 -999.0 -999.0 -999.0 -999.0 174.16083742853178 1.8978465165883944 174.16270453094398 1.7571238052073619 58.01486144426855 164.10845296314287 -999.0 6231.0 -999.0 -1 -999 {-999.0 -999.0 -999.0 -999.0 -999.0} "" -999.0 -999.0 -999.0 -999.0 -999 -999 "" "" "" "" 0 0 0.0 0.0 -999 ""
FIBERMAP 597 R+1C2 APOGEE 0 0 0 1 0 0 -260.7013406142505 10.095649978478823 143.1 -140.26320524111992 219.94245089979307 217.99577 146.8839 -999.0 -999.0 -999.0 -999.0 -999.0 172.93996191193426 3.578802693078832 172.94270653040064 3.4380532274170648 59.92219627202479 165.70034141812113 -999.0 16600.0 -999.0 2 -999 {-999.0 -999.0 -999.0 -999.0 -999.0} "" -999.0 -999.0 -999.0 -999.0 -999 -999 "" "" "" "" 0 0 0.0 0.0 -999 ""
FIBERMAP 597 R+1C2 BOSS 1 1 0 1 0 0 -261.4661356576203 10.024924037884938 143.1 -140.75712269226216 220.53049632789552 217.99577 146.8839 172.937731359902 3.581335687889252 13.277225 -10.114795 2.8027601 172.93776690830683 3.5813115965582263 172.9404883853316 3.4406781130649087 59.92522436405869 165.70357319164134 5400.0 5400.0 2016.0 1 11 {-999.0 19.107536 19.36834 19.570536 -999.0} sdss_psfmag 19.206161 19.196474 19.249744 -999.0 63050395170253073 1143293598 dark_2x1 mwm_wd_pwd_boss_2x1 mwm_wd science 0 0 0.0 0.0 -999 ""
FIBERMAP 597 R+1C2 METROLOGY 0 0 0 1 0 0 -261.13364385345665 10.70374198622409 143.1 -140.00994613056656 220.64414112874923 217.99577 146.8839 -999.0 -999.0 -999.0 -999.0 -999.0 172.94113726265869 3.5818760346253793 172.94386501196038 3.441208527109454 59.92504186284097 165.69677430379977 -999.0 6231.0 -999.0 -1 -999 {-999.0 -999.0 -999.0 -999.0 -999.0} "" -999.0 -999.0 -999.0 -999.0 -999 -999 "" "" "" "" 0 0 0.0 0.0 -999 ""
FIBERMAP 598 R+11C9 APOGEE 0 0 0 1 0 0 13.007379261041988 234.7454892552586 143.1 200.27660417290787 123.08031206662237 151.11517 32.115955 -999.0 -999.0 -999.0 -999.0 -999.0 174.48477798238554 3.1415893106455055 174.4869722677024 3.000456017787607 59.144945020200694 162.93554272714476 -999.0 16600.0 -999.0 2 21 {-999.0 -999.0 -999.0 -999.0 -999.0} "" -999.0 -999.0 -999.0 -999.0 -999 -999 "" ops_sky_apogee_best_unassigned ops_sky sky_apogee 0 0 0.0 0.0 -999 ""
FIBERMAP 598 R+11C9 BOSS 1 1 0 1 0 0 13.740080386590577 234.78786701144313 143.1 200.7289426918098 122.50248078388606 151.11517 32.115955 174.48687415138215 3.1388773732985973 -999.0 -999.0 -999.0 174.48688344798128 3.1388663896675673 174.48904618359086 2.9978512984364185 59.14190929422463 162.9328848731321 5400.0 5400.0 2016.0 1 110 {-999.0 23.14237 22.287573 22.347544 -999.0} sdss_psfmag -999.0 -999.0 -999.0 -999.0 63050397587273567 1055500059 dark_flexible_2x2 bhm_csc_boss bhm_csc science 0 0 0.0 0.0 -999 ""
FIBERMAP 598 R+11C9 METROLOGY 0 0 0 1 0 0 13.4159915142113 234.11910374595126 143.1 199.99481526981143 122.38766176651342 151.11517 32.115955 -999.0 -999.0 -999.0 -999.0 -999.0 174.48356902523875 3.1383969221304366 174.48574103123633 2.997349280634093 59.142238376239696 162.93936227607117 -999.0 6231.0 -999.0 -1 -999 {-999.0 -999.0 -999.0 -999.0 -999.0} "" -999.0 -999.0 -999.0 -999.0 -999 -999 "" "" "" "" 0 0 0.0 0.0 -999 ""
FIBERMAP 599 R+2C11 APOGEE 0 0 0 1 0 0 -65.41730847989751 32.37336383813074 143.1 -10.679682578954312 72.19378524546983 260.77527 35.277557 -999.0 -999.0 -999.0 -999.0 -999.0 173.52734809198742 2.912694202852069 173.52970750722397 2.771877031971417 59.14599124211779 164.85230007600904 -999.0 16600.0 -999.0 2 142 {-999.0 -999.0 -999.0 -999.0 -999.0} "" -999.0 -999.0 -999.0 -999.0 -999 -999 "" "" "" "" 0 0 0.0 0.0 -999 ""
FIBERMAP 599 R+2C11 BOSS 1 1 0 1 0 0 -65.74701117060269 33.03812358831948 143.1 -10.321400076358175 72.8434713785724 260.77527 35.277557 173.5286742621402 2.9156576615441456 -28.280067 -27.014727 2.794222 173.5290023906676 2.915570272177548 173.53133550110738 2.7748710766020293 59.14855415177823 164.84792246337943 5400.0 5400.0 2016.0 1 23 {-999.0 16.550905 15.34263 14.769484 -999.0} sdss_psfmag 16.009893 15.2023535 14.302836 12.51 63050395170004675 1075812464 bright_1x1 mwm_erosita_stars_boss mwm_erosita science 0 0 1.4907376766204834 0.0 -999 ""
FIBERMAP 599 R+2C11 METROLOGY 0 0 0 1 0 0 -65.00101196107214 32.99740526238891 143.1 -9.92975468852527 72.20736317031174 260.77527 35.277557 -999.0 -999.0 -999.0 -999.0 -999.0 173.53078233571983 2.912703381227744 173.5331216532103 2.771970449122919 59.14533202425814 164.84577363690852 -999.0 6231.0 -999.0 -1 -999 {-999.0 -999.0 -999.0 -999.0 -999.0} "" -999.0 -999.0 -999.0 -999.0 -999 -999 "" "" "" "" 0 0 0.0 0.0 -999 ""
FIBERMAP 600 R+1C17 APOGEE 0 0 0 1 0 0 96.25276641326434 20.15690841048695 143.1 71.40925227280347 -67.59410562186305 36.503277 77.772484 -999.0 -999.0 -999.0 -999.0 -999.0 173.90155663132165 2.2763033668625163 173.90361920621183 2.135493220871543 58.44233015107663 164.42330370234725 -999.0 16600.0 -999.0 2 -999 {-999.0 -999.0 -999.0 -999.0 -999.0} "" -999.0 -999.0 -999.0 -999.0 -999 -999 "" "" "" "" 0 0 0.0 0.0 -999 ""
FIBERMAP 600 R+1C17 BOSS 1 1 0 1 0 0 96.5990324598427 19.46301077376888 143.1 71.03646881972062 -68.27400393165158 36.503277 77.772484 173.89989990172114 2.273038200352272 -0.038697656 0.1391008 -0.12405878 173.89992080487528 2.273053745480066 173.90195432277574 2.132366903805023 58.43966054513929 164.42774988589687 5400.0 5400.0 2016.0 1 191 {-999.0 18.722841 18.541143 18.631601 18.476357} sdss_psfmag 18.60793 18.533012 18.172443 -999.0 63050395169998964 1059933911 dark_2x4 bhm_aqmes_wide2 bhm_aqmes science 0 0 0.0 0.0 -999 ""
FIBERMAP 600 R+1C17 METROLOGY 0 0 0 1 0 0 95.83380886218924 19.5395458339495 143.1 70.66329529656929 -67.60169140451009 36.503277 77.772484 -999.0 -999.0 -999.0 -999.0 -999.0 173.8982101523655 2.2761511160744865 173.90025308432507 2.1354295392770415 58.44302803752193 164.42959241984553 -999.0 6231.0 -999.0 -1 -999 {-999.0 -999.0 -999.0 -999.0 -999.0} "" -999.0 -999.0 -999.0 -999.0 -999 -999 "" "" "" "" 0 0 0.0 0.0 -999 ""
FIBERMAP 604 R+7C14 APOGEE 0 0 0 1 0 0 61.09717986209853 126.56196282435344 143.1 138.79754824081047 21.92307311063241 252.62744 62.983902 -999.0 -999.0 -999.0 -999.0 -999.0 174.2079990009709 2.683678942565898 174.21012156862525 2.542705468873365 58.76766624381586 163.67055033938937 -999.0 16600.0 -999.0 2 43 {-999.0 -999.0 -999.0 -999.0 -999.0} "" -999.0 -999.0 -999.0 -999.0 -999 -999 "" ops_sky_apogee_best_unassigned ops_sky sky_apogee 0 0 0.0 0.0 -999 ""
FIBERMAP 604 R+7C14 BOSS 1 1 0 1 0 0 60.59171770747393 127.08960929891698 143.1 138.94302534832858 22.639028987189437 252.62744 62.983902 174.20875364242497 2.6868409099897184 -999.0 -999.0 -999.0 174.20874304658616 2.6868228769693063 174.21083707386515 2.5459689314396576 58.77066781169228 163.66772119891652 5400.0 5400.0 2016.0 1 160 {-999.0 21.380463 19.928503 19.329765 -999.0} sdss_psfmag -999.0 -999.0 -999.0 -999.0 63050399017136395 1055507353 dark_flexible_2x2 bhm_csc_boss bhm_csc science 0 0 0.0 0.0 -999 ""
FIBERMAP 604 R+7C14 METROLOGY 0 0 0 1 0 0 61.311690583383445 127.28372160952742 143.1 139.51277437998823 22.158119311192678 252.62744 62.983902 -999.0 -999.0 -999.0 -999.0 -999.0 174.2113091839924 2.6846661790218027 174.21341024836545 2.543777838474251 58.76793046800889 163.66390452078826 -999.0 6231.0 -999.0 -1 -999 {-999.0 -999.0 -999.0 -999.0 -999.0} "" -999.0 -999.0 -999.0 -999.0 -999 -999 "" "" "" "" 0 0 0.0 0.0 -999 ""
FIBERMAP 605 R+13C13 APOGEE 1 1 0 1 0 0 114.74804097806697 267.87485199422895 143.1 285.47110708180236 58.369612966885306 151.06654 78.15154 174.8675162638428 2.846985292120852 -222.5283 100.524254 14.125775 174.866869125503 2.8472775740413927 174.86888290763568 2.7061016599870054 58.76424560295945 162.36291626667165 16000.0 16600.0 2016.0 2 103 {-999.0 8.508442 8.192839 8.080272 -999.0} sdss_psfmag_from_g3xp 8.467401 8.197348 7.7561326 7.05 63050395170007370 984800727 bright_1x1 mwm_snc_100pc_apogee mwm_snc science 0 0 0.0 0.0 -999 ""
FIBERMAP 605 R+13C13 BOSS 0 0 0 1 0 0 115.2546872999124 268.41261148209895 143.1 286.2016314198878 58.25979363775163 151.06654 78.15154 -999.0 -999.0 -999.0 -999.0 -999.0 174.8701236618866 2.8466431668189354 174.87210483295326 2.7055863509083746 58.76292634439412 162.35716893404717 -999.0 5400.0 -999.0 1 91 {-999.0 -999.0 -999.0 -999.0 -999.0} "" -999.0 -999.0 -999.0 -999.0 -999 -999 "" "" "" "" 0 0 0.0 0.0 -999 ""
FIBERMAP 605 R+13C13 METROLOGY 0 0 0 1 0 0 115.47879502711812 267.7046699016335 143.1 285.7476990797351 57.672256574666534 151.06654 78.15154 -999.0 -999.0 -999.0 -999.0 -999.0 174.86810988731932 2.8440354462198307 174.87009978326114 2.702945676347456 58.760883970222054 162.36220214323234 -999.0 6231.0 -999.0 -1 -999 {-999.0 -999.0 -999.0 -999.0 -999.0} "" -999.0 -999.0 -999.0 -999.0 -999 -999 "" "" "" "" 0 0 0.0 0.0 -999 ""
FIBERMAP 610 R-4C21 APOGEE 1 1 0 1 0 0 201.3947500124418 -94.95808241274565 143.1 36.745912320602216 -219.57465164945907 299.85074 83.40544 173.74315826597677 1.5884348803779889 -8.622806 -3.0693269 1.4124445 173.74314354435083 1.5884077749374919 173.74501327872656 1.4477754823991948 57.80689641997266 165.00487996441746 16000.0 16600.0 2016.0 2 232 {-999.0 11.190407 11.234069 11.291967 -999.0} sdss_psfmag_gaia 11.27475 11.172629 10.98774 10.706 63050395169981050 975467899 "" ops_std_apogee ops_std standard_apogee 0 0 0.0 0.0 -999 ""
FIBERMAP 610 R-4C21 BOSS 0 0 0 1 0 0 200.70852964115593 -95.25268066323306 143.1 36.11283854679858 -219.178733454439 299.85074 83.40544 -999.0 -999.0 -999.0 -999.0 -999.0 173.74031032306743 1.5900140020458557 173.74215313476282 1.4495077316432725 57.80920934048591 165.00941067463162 -999.0 5400.0 -999.0 1 279 {-999.0 -999.0 -999.0 -999.0 -999.0} "" -999.0 -999.0 -999.0 -999.0 -999 -999 "" "" "" "" 0 0 0.0 0.0 -999 ""
FIBERMAP 610 R-4C21 METROLOGY 0 0 0 1 0 0 200.8130342884829 -94.49346533929503 143.1 36.796152888112154 -218.83196320484083 299.85074 83.40544 -999.0 -999.0 -999.0 -999.0 -999.0 173.74340170158547 1.5916199359780934 173.74525238797457 1.451076870669082 57.810066638883754 165.00309330000468 -999.0 6231.0 -999.0 -1 -999 {-999.0 -999.0 -999.0 -999.0 -999.0} "" -999.0 -999.0 -999.0 -999.0 -999 -999 "" "" "" "" 0 0 0.0 0.0 -999 ""
FIBERMAP 613 R0C25 APOGEE 0 0 0 1 0 0 239.3210752093893 -6.025055819689083 143.1 131.42426323557183 -200.05706143037892 181.39693 149.99721 -999.0 -999.0 -999.0 -999.0 -999.0 174.1720472095534 1.6776720130149474 174.17386445067802 1.5368995995107682 57.797967995041894 164.18327667055217 -999.0 16600.0 -999.0 2 35 {-999.0 -999.0 -999.0 -999.0 -999.0} "" -999.0 -999.0 -999.0 -999.0 -999 -999 "" ops_sky_apogee_best_unassigned ops_sky sky_apogee 0 0 0.0 0.0 -999 ""
FIBERMAP 613 R0C25 BOSS 1 1 0 1 0 0 238.66701002053244 -5.668440341232662 143.1 131.34454327715193 -199.3164748822588 181.39693 149.99721 174.17182289209353 1.6808111078428518 -22.555103 13.287963 1.4651245 174.17175253805897 1.6808458052706465 174.17354132615026 1.540198045879991 57.801252631709886 164.1824474721776 5400.0 5400.0 2016.0 1 172 {-999.0 19.567154 19.841368 20.079754 -999.0} sdss_psfmag 19.665386 19.714827 19.894722 -999.0 63050395169982810 1143293581 dark_2x1 mwm_wd_pwd_boss_2x1 mwm_wd science 0 0 0.0 0.0 -999 ""
FIBERMAP 613 R0C25 METROLOGY 0 0 0 1 0 0 239.3046975759869 -5.273005670074415 143.1 132.03280735262518 -199.61505852602787 181.39693 149.99721 -999.0 -999.0 -999.0 -999.0 -999.0 174.1748399074929 1.679563712403147 174.1766360557283 1.5388798758470799 57.79926015674469 164.1773639216467 -999.0 6231.0 -999.0 -1 -999 {-999.0 -999.0 -999.0 -999.0 -999.0} "" -999.0 -999.0 -999.0 -999.0 -999 -999 "" "" "" "" 0 0 0.0 0.0 -999 ""
FIBERMAP 614 R+1C11 APOGEE 0 0 0 1 0 0 -48.16264756569428 13.545051343945559 143.1 -16.31645999461382 47.28843267947406 293.80536 143.95396 -999.0 -999.0 -999.0 -999.0 -999.0 173.5016735612423 2.799322030644505 173.5040006044668 2.6585337757013594 59.04103755758142 164.94946528367478 -999.0 16600.0 -999.0 2 134 {-999.0 -999.0 -999.0 -999.0 -999.0} "" -999.0 -999.0 -999.0 -999.0 -999 -999 "" ops_sky_apogee_best_unassigned ops_sky sky_apogee 0 0 0.0 0.0 -999 ""
FIBERMAP 614 R+1C11 BOSS 1 1 0 1 0 0 -48.318107640124566 12.816016311211698 143.1 -17.00401488628645 47.00072478358198 293.80536 143.95396 173.49853278505051 2.797919459908238 -1.0835823 -0.87117344 0.13763328 173.49855601199815 2.797916970855777 173.50085651735947 2.6572495104458427 59.04047071033479 164.95596852654964 5400.0 5400.0 2016.0 1 31 {-999.0 18.95241 18.670872 18.557673 -999.0} sdss_psfmag 18.69222 18.504122 18.10831 -999.0 63050395170000861 1132977803 dark_flexible_3x1 mwm_halo_distant_rrl_boss_triple mwm_halo science 0 0 0.0 0.0 -999 ""
FIBERMAP 614 R+1C11 METROLOGY 0 0 0 1 0 0 -48.88356481462491 13.319139846444116 143.1 -16.912873053772056 47.75199783841328 293.80536 143.95396 -999.0 -999.0 -999.0 -999.0 -999.0 173.49896495120888 2.8013672555276523 173.50127412929896 2.6606651322005552 59.04371263674061 164.95372627273534 -999.0 6231.0 -999.0 -1 -999 {-999.0 -999.0 -999.0 -999.0 -999.0} "" -999.0 -999.0 -999.0 -999.0 -999 -999 "" "" "" "" 0 0 0.0 0.0 -999 ""
FIBERMAP 615 R-10C5 APOGEE 0 0 0 1 0 0 -105.69715633601983 -202.10268044551847 143.1 -226.2758189663272 -28.32620491672859 239.68906 78.47461 -999.0 -999.0 -999.0 -999.0 -999.0 172.54963320550576 2.45481966920126 172.552054617556 2.3144108370817924 58.89891409722722 166.89208168394808 -999.0 16600.0 -999.0 2 -999 {-999.0 -999.0 -999.0 -999.0 -999.0} "" -999.0 -999.0 -999.0 -999.0 -999 -999 "" "" "" "" 0 0 0.0 0.0 -999 ""
FIBERMAP 615 R-10C5 BOSS 1 1 0 1 0 0 -106.26734861060106 -201.62719229266796 143.1 -226.21008032465605 -27.58678925975228 239.68906 78.47461 172.54989624023438 2.45801919317546 -999.0 -999.0 -999.0 172.5499067601181 2.45804510358273 172.55230580445254 2.317756509599631 58.90215035732216 166.89036840841555 5400.0 5400.0 2015.5 1 348 {-999.0 -999.0 -999.0 -999.0 -999.0} "" -999.0 -999.0 -999.0 -999.0 27021603142695675 812161006 "" ops_sky_boss_good ops_sky sky_boss 0 0 0.0 0.0 -999 ""
FIBERMAP 615 R-10C5 METROLOGY 0 0 0 1 0 0 -105.5618215409766 -201.3689594673787 143.1 -225.5958823108766 -28.019292064170354 239.68906 78.47461 -999.0 -999.0 -999.0 -999.0 -999.0 172.5526686239628 2.456119427446347 172.55507298556745 2.3157959519845517 58.899698001253874 166.88583853509235 -999.0 6231.0 -999.0 -1 -999 {-999.0 -999.0 -999.0 -999.0 -999.0} "" -999.0 -999.0 -999.0 -999.0 -999 -999 "" "" "" "" 0 0 0.0 0.0 -999 ""
FIBERMAP 619 R+7C12 APOGEE 0 0 0 1 0 0 18.769139965054627 139.5765656651628 143.1 125.37006186481632 64.11558166341761 178.62605 102.7501 -999.0 -999.0 -999.0 -999.0 -999.0 174.14689127676837 2.8755684851408017 174.14908822176153 2.7345762126846194 58.96851275527929 163.69736770658722 -999.0 16600.0 -999.0 2 6 {-999.0 -999.0 -999.0 -999.0 -999.0} "" -999.0 -999.0 -999.0 -999.0 -999 -999 "" ops_sky_apogee_best_unassigned ops_sky sky_apogee 0 0 0.0 0.0 -999 ""
FIBERMAP 619 R+7C12 BOSS 1 1 0 1 0 0 18.634442985459327 140.30104198518987 143.1 125.88852867384811 64.63908190203229 178.62605 102.7501 174.14933035662972 2.8778472503334607 -0.54442805 0.6557637 -1.3020597 174.14932126134812 2.877849841624269 174.15148925179687 2.736975854761157 58.970277563497554 163.69174689168793 5400.0 5400.0 2016.0 1 138 {-999.0 20.958696 20.868456 20.946314 21.209326} sdss_psfmag 20.330397 20.52209 20.034044 -999.0 63050395170008124 1129029466 dark_1x4 bhm_aqmes_wide1_faint bhm_filler science 0 0 0.0 0.0 -999 ""
FIBERMAP 619 R+7C12 METROLOGY 0 0 0 1 0 0 19.34557996670698 140.05937427393062 143.1 126.09521025477719 63.91710742724031 178.62605 102.7501 -999.0 -999.0 -999.0 -999.0 -999.0 174.150246332592 2.8745962454389344 174.15242131847583 2.73368878291286 58.966863572159255 163.69149942597664 -999.0 6231.0 -999.0 -1 -999 {-999.0 -999.0 -999.0 -999.0 -999.0} "" -999.0 -999.0 -999.0 -999.0 -999 -999 "" "" "" "" 0 0 0.0 0.0 -999 ""
FIBERMAP 623 R+6C11 APOGEE 0 0 0 1 0 0 6.471318604314266 97.84733460864825 143.1 84.0779783003447 50.440419335621456 336.44913 59.953644 -999.0 -999.0 -999.0 -999.0 -999.0 173.95924916915408 2.813613952955507 173.96147170283632 2.672686408424531 58.95211702147219 164.0788040052336 -999.0 16600.0 -999.0 2 -999 {-999.0 -999.0 -999.0 -999.0 -999.0} "" -999.0 -999.0 -999.0 -999.0 -999 -999 "" "" "" "" 0 0 0.0 0.0 -999 ""
FIBERMAP 623 R+6C11 BOSS 1 1 0 1 0 0 5.862131563465974 97.38096830634154 143.1 83.34767821437852 50.67516766584184 336.44913 59.953644 173.95597482567828 2.8146028957604745 2.926222 -6.9260144 0.2515504 173.95599381300693 2.8145899239339975 173.95818902746691 2.6737827645350545 58.953940828214485 164.08449947888712 5400.0 5400.0 2016.0 1 136 {-999.0 17.434177 17.164658 17.068953 -999.0} sdss_psfmag 17.397346 17.153786 16.740332 15.876 63050395170008136 976146274 "" ops_std_boss ops_std standard_boss 0 0 0.0 0.0 -999 ""
FIBERMAP 623 R+6C11 METROLOGY 0 0 0 1 0 0 5.777457352541985 98.12159460172201 143.1 83.90791858298171 51.16677258784881 336.44913 59.953644 -999.0 -999.0 -999.0 -999.0 -999.0 173.95852633204237 2.816854084063342 173.96072971244348 2.676011865425222 58.95552375436048 164.07871333861215 -999.0 6231.0 -999.0 -1 -999 {-999.0 -999.0 -999.0 -999.0 -999.0} "" -999.0 -999.0 -999.0 -999.0 -999 -999 "" "" "" "" 0 0 0.0 0.0 -999 ""
FIBERMAP 624 R-5C1 APOGEE 0 0 0 1 0 0 -246.38232862186356 -114.91237451607167 143.1 -234.80899607351077 136.94369857755547 296.4176 43.80314 -999.0 -999.0 -999.0 -999.0 -999.0 172.5125602817775 3.2023989134567103 172.51527601024918 3.0618655665504666 59.639470843772756 166.6811734548045 -999.0 16600.0 -999.0 2 241 {-999.0 -999.0 -999.0 -999.0 -999.0} "" -999.0 -999.0 -999.0 -999.0 -999 -999 "" "" "" "" 0 0 0.0 0.0 -999 ""
FIBERMAP 624 R-5C1 BOSS 1 1 0 1 0 0 -247.09018667262103 -114.68759793780202 143.1 -235.02768677567747 137.65335389687777 296.4176 43.80314 172.5116213369115 3.205485172684148 0.13231108 0.02699049 -0.34905055 172.5116234914556 3.2054691024722732 172.51431739330326 3.0650528888557993 59.64278331322778 166.68180811608315 5400.0 5400.0 2016.0 1 498 {-999.0 19.587822 19.401981 19.243332 19.12852} sdss_psfmag_from_gaiadr2 19.420372 19.403011 18.786722 -999.0 63050395170252336 1056636260 dark_flexible_2x2 bhm_gua_dark bhm_filler science 0 0 0.0 0.0 -999 ""
FIBERMAP 624 R-5C1 METROLOGY 0 0 0 1 0 0 -246.55467451284298 -114.17955321868445 143.1 -234.30512691941183 137.50288606764 296.4176 43.80314 -999.0 -999.0 -999.0 -999.0 -999.0 172.51484620089153 3.204851537941722 172.5175456276079 3.064401034452756 59.64151838456509 166.67580121646304 -999.0 6231.0 -999.0 -1 -999 {-999.0 -999.0 -999.0 -999.0 -999.0} "" -999.0 -999.0 -999.0 -999.0 -999 -999 "" "" "" "" 0 0 0.0 0.0 -999 ""
FIBERMAP 627 R+5C4 APOGEE 0 0 0 1 0 0 -186.98538913151953 101.85412534457282 143.1 -22.869183753714964 211.66569934551055 209.31325 63.839497 -999.0 -999.0 -999.0 -999.0 -999.0 173.47190459825703 3.5440468661515547 173.474493341968 3.4031313456746344 59.77380019253013 164.6832576222136 -999.0 16600.0 -999.0 2 -999 {-999.0 -999.0 -999.0 -999.0 -999.0} "" -999.0 -999.0 -999.0 -999.0 -999 -999 "" "" "" "" 0 0 0.0 0.0 -999 ""
FIBERMAP 627 R+5C4 BOSS 1 1 0 1 0 0 -187.04316898285396 102.6078324295375 143.1 -22.28287089759445 212.14266207514407 209.31325 63.839497 173.47418780785455 3.5462144955613724 5.893284 -41.249317 0.99296165 173.47459181578324 3.5461220009209002 173.47715400810534 3.4053212793488257 59.775344090773295 164.67714573172756 5400.0 5400.0 2016.0 1 37 {-999.0 16.447355 15.817231 15.564308 -999.0} sdss_psfmag 16.26374 15.829862 15.219642 14.055 63050395170013831 1136203660 dark_flexible_3x1 mwm_halo_local_high_boss_triple mwm_halo science 0 0 1.2301219701766968 0.0 -999 ""
FIBERMAP 627 R+5C4 METROLOGY 0 0 0 1 0 0 -186.3694289116982 102.27514195720165 143.1 -22.17228289093196 211.3995442367054 209.31325 63.839497 -999.0 -999.0 -999.0 -999.0 -999.0 173.47508582503653 3.542807738045683 173.47765426919636 3.401974597761186 59.771970215808274 164.6776584615628 -999.0 6231.0 -999.0 -1 -999 {-999.0 -999.0 -999.0 -999.0 -999.0} "" -999.0 -999.0 -999.0 -999.0 -999 -999 "" "" "" "" 0 0 0.0 0.0 -999 ""
FIBERMAP 630 R+11C4 APOGEE 0 0 0 1 0 0 -97.70035293569666 225.5369142840354 143.1 129.62539334239017 208.78925304864543 71.60127 120.31625 -999.0 -999.0 -999.0 -999.0 -999.0 174.16393314405875 3.5295344396176125 174.16633018159496 3.3884171159127496 59.599333228755654 163.35899081814168 -999.0 16600.0 -999.0 2 26 {-999.0 -999.0 -999.0 -999.0 -999.0} "" -999.0 -999.0 -999.0 -999.0 -999 -999 "" ops_sky_apogee_best_unassigned ops_sky sky_apogee 0 0 0.0 0.0 -999 ""
FIBERMAP 630 R+11C4 BOSS 1 1 0 1 0 0 -96.97025796184272 225.67683602124856 143.1 130.15638791437843 208.26914727958462 71.60127 120.31625 174.1664085988167 3.527116385877721 -7.543692 -6.0473495 0.23178215 174.16638908626734 3.5270915974490684 174.16875572816434 3.3860903445282013 59.59649103662786 163.35545679089705 5400.0 5400.0 2016.0 1 145 {-999.0 17.218859 16.861092 16.740881 -999.0} sdss_psfmag 17.15693 16.862856 16.404158 15.457 63050395170013102 977049205 "" ops_std_boss ops_std standard_boss 0 0 0.0 0.0 -999 ""
FIBERMAP 630 R+11C4 METROLOGY 0 0 0 1 0 0 -97.19782156743757 224.9769889717169 143.1 129.45172619611205 208.05731134837512 71.60127 120.31625 -999.0 -999.0 -999.0 -999.0 -999.0 174.1631979340297 3.5261889428589654 174.16557337430106 3.385155786133237 59.596350422349104 163.3619940499776 -999.0 6231.0 -999.0 -1 -999 {-999.0 -999.0 -999.0 -999.0 -999.0} "" -999.0 -999.0 -999.0 -999.0 -999 -999 "" "" "" "" 0 0 0.0 0.0 -999 ""
FIBERMAP 631 R-5C16 APOGEE 0 0 0 1 0 0 114.63753113649817 -90.4635359012257 143.1 -8.9990267088749 -145.73464026113558 43.057583 99.2667 -999.0 -999.0 -999.0 -999.0 -999.0 173.5354375393752 1.921252747819686 173.53745887513355 1.7806192261424105 58.17668453256134 165.2514956496014 -999.0 16600.0 -999.0 2 202 {-999.0 -999.0 -999.0 -999.0 -999.0} "" -999.0 -999.0 -999.0 -999.0 -999 -999 "" ops_sky_apogee_best_unassigned ops_sky sky_apogee 0 0 0.0 0.0 -999 ""
FIBERMAP 631 R-5C16 BOSS 1 1 0 1 0 0 115.23375998738663 -90.91149578600985 143.1 -9.027311760238998 -146.47976063351783 43.057583 99.2667 173.53531751351326 1.917671520423296 -0.50748193 -2.5796375 0.04216751 173.53533466240248 1.917697590315923 173.53732765332268 1.7771886058466215 58.17336159681372 165.25313186394254 5400.0 5400.0 2016.0 1 304 {-999.0 16.993464 17.217808 17.356472 -999.0} sdss_psfmag 17.146372 17.098341 17.051664 -999.0 63050395169998161 1061054069 dark_flexible_2x1 manual_mwm_halo_distant_bhb_boss mwm_halo science 0 0 0.0 0.0 -999 ""
FIBERMAP 631 R-5C16 METROLOGY 0 0 0 1 0 0 114.55506251477284 -91.20718078990342 143.1 -9.656991561462911 -146.0906424492859 43.057583 99.2667 -999.0 -999.0 -999.0 -999.0 -999.0 173.53246178838697 1.919505365497554 173.53446367288836 1.7789618188777447 58.17570661524068 165.25771442680164 -999.0 6231.0 -999.0 -1 -999 {-999.0 -999.0 -999.0 -999.0 -999.0} "" -999.0 -999.0 -999.0 -999.0 -999 -999 "" "" "" "" 0 0 0.0 0.0 -999 ""
FIBERMAP 635 R+9C12 APOGEE 0 0 0 1 0 0 41.38319246906506 159.5721240800118 143.1 154.6845686391117 56.93034811395707 284.5039 42.91633 -999.0 -999.0 -999.0 -999.0 -999.0 174.27985401038367 2.842678325437998 174.28200858068055 2.7016554571989855 58.90494278741846 163.46262631073893 -999.0 16600.0 -999.0 2 25 {-999.0 -999.0 -999.0 -999.0 -999.0} "" -999.0 -999.0 -999.0 -999.0 -999 -999 "" "" "" "" 0 0 0.0 0.0 -999 ""
FIBERMAP 635 R+9C12 BOSS 1 1 0 1 0 0 40.75240617971696 159.96966096740846 143.1 154.6517345081035 57.675127554482984 284.5039 42.91633 174.2797785882318 2.8459891148238037 -999.0 -999.0 -999.0 174.27978330717607 2.8459613139213222 174.2819093541725 2.7050574362972095 58.90826940186293 163.46123412484823 5400.0 5400.0 2016.0 1 140 {-999.0 20.738995 20.333134 20.005445 19.696175} sdss_psfmag_from_gdr3 18.126467 20.622164 17.05146 14.917 63050395170007265 1059391007 dark_flexible_2x1 bhm_spiders_agn_gaiadr3 bhm_spiders science 0 0 0.0 0.0 -999 ""
FIBERMAP 635 R+9C12 METROLOGY 0 0 0 1 0 0 41.40790102735198 160.32126754321862 143.1 155.31413715043493 57.336938680561126 284.5039 42.91633 -999.0 -999.0 -999.0 -999.0 -999.0 174.28276650983233 2.844449282389881 174.284899737846 2.703510989443892 58.90605211976909 163.4563363169158 -999.0 6231.0 -999.0 -1 -999 {-999.0 -999.0 -999.0 -999.0 -999.0} "" -999.0 -999.0 -999.0 -999.0 -999 -999 "" "" "" "" 0 0 0.0 0.0 -999 ""
FIBERMAP 637 R-13C10 APOGEE 1 1 0 1 0 0 65.45325637744057 -259.9433239745001 143.1 -176.26898877958166 -201.90146823749362 313.75702 125.20836 172.7790907552785 1.6702070960803816 -66.768776 13.595588 4.7372513 172.778930229431 1.6702594740603827 172.7810096381935 1.5299191168864579 58.085096564405575 166.75030949017216 16000.0 16600.0 2016.0 2 181 {-999.0 12.13112 11.671677 11.521247 -999.0} sdss_psfmag_gaia 12.0441675 11.702508 11.191847 10.257 63050395169996781 1103810812 bright_1x1 mwm_tess_2min_apogee mwm_planet science 0 0 0.0 0.0 -999 ""
FIBERMAP 637 R-13C10 BOSS 0 0 0 1 0 0 65.28425391847676 -260.67009752942124 143.1 -176.9624026376796 -202.1767611711533 313.75702 125.20836 -999.0 -999.0 -999.0 -999.0 -999.0 172.77584709056097 1.668919541541738 172.77790206083023 1.528705317279174 58.08450429922477 166.75651793361536 -999.0 5400.0 -999.0 1 335 {-999.0 -999.0 -999.0 -999.0 -999.0} "" -999.0 -999.0 -999.0 -999.0 -999 -999 "" "" "" "" 0 0 0.0 0.0 -999 ""
FIBERMAP 637 R-13C10 METROLOGY 0 0 0 1 0 0 64.74084935571192 -260.16660115391926 143.1 -176.85838805390384 -201.44339385819737 313.75702 125.20836 -999.0 -999.0 -999.0 -999.0 -999.0 172.77627989612444 1.6722401382957552 172.778342966291 1.531989745576375 58.08764221549549 166.75450247361965 -999.0 6231.0 -999.0 -1 -999 {-999.0 -999.0 -999.0 -999.0 -999.0} "" -999.0 -999.0 -999.0 -999.0 -999 -999 "" "" "" "" 0 0 0.0 0.0 -999 ""
FIBERMAP 640 R-5C17 APOGEE 0 0 0 1 0 0 133.68275671662028 -86.2717827782672 143.1 5.297579632649025 -158.99338040331338 60.281044 100.88273 -999.0 -999.0 -999.0 -999.0 -999.0 173.60048701979733 1.8612643113255687 173.60247513267439 1.7206223996611032 58.104126617463834 165.15567474619291 -999.0 16600.0 -999.0 2 -999 {-999.0 -999.0 -999.0 -999.0 -999.0} "" -999.0 -999.0 -999.0 -999.0 -999 -999 "" "" "" "" 0 0 0.0 0.0 -999 ""
FIBERMAP 640 R-5C17 BOSS 1 1 0 1 0 0 134.4077497674118 -86.51244240514895 143.1 5.512985168746704 -159.72616443798304 60.281044 100.88273 173.60138329671938 1.8577289874326786 -90.312744 18.354628 9.807874 173.6014964842155 1.8577692062670463 173.6034558097781 1.7172517961306937 58.10062396259735 165.15523807891498 5400.0 5400.0 2016.0 1 300 {-999.0 16.858505 15.30307 18.208933 -999.0} sdss_psfmag_ps1 16.09663 14.530846 13.306057 10.983 63050395169998073 1075843793 bright_1x1 mwm_erosita_stars_boss mwm_erosita science 0 0 1.31537663936615 0.0 -999 ""
FIBERMAP 640 R-5C17 METROLOGY 0 0 0 1 0 0 133.84715490608338 -86.99954318926319 143.1 4.7933395439966855 -159.54315425453467 60.281044 100.88273 -999.0 -999.0 -999.0 -999.0 -999.0 173.59821557902842 1.8586414863287046 173.60018362464075 1.7180897215797524 58.102147011575866 165.16094058650486 -999.0 6231.0 -999.0 -1 -999 {-999.0 -999.0 -999.0 -999.0 -999.0} "" -999.0 -999.0 -999.0 -999.0 -999 -999 "" "" "" "" 0 0 0.0 0.0 -999 ""
FIBERMAP 641 R-8C16 APOGEE 0 0 0 1 0 0 134.09294903166213 -134.70755297055612 143.1 -34.26301123283238 -186.93096192768277 148.68205 45.182 -999.0 -999.0 -999.0 -999.0 -999.0 173.420814391056 1.7351331735751863 173.4227947132299 1.5945706831070703 58.01918241111811 165.53811981283653 -999.0 16600.0 -999.0 2 -999 {-999.0 -999.0 -999.0 -999.0 -999.0} "" -999.0 -999.0 -999.0 -999.0 -999 -999 "" "" "" "" 0 0 0.0 0.0 -999 ""
FIBERMAP 641 R-8C16 BOSS 1 1 0 1 0 0 134.82700344392885 -134.51845724775353 143.1 -33.68935957546799 -187.42629949558128 148.68205 45.182 173.4233925264657 1.732772735310251 1.062535 -0.02451863 -0.9896811 173.42344076261008 1.7327212959157494 173.4253929384098 1.5922831456284763 58.016400240672745 165.53423310386722 5400.0 5400.0 2016.0 1 307 {-999.0 19.260244 19.191505 18.992357 19.218977} sdss_psfmag 19.812664 19.919535 19.211567 -999.0 63050395169996146 1059933905 dark_2x4 bhm_aqmes_wide2 bhm_aqmes science 0 0 0.0 0.0 -999 ""
FIBERMAP 641 R-8C16 METROLOGY 0 0 0 1 0 0 134.6178358466806 -135.23779424764757 143.1 -34.39955128223908 -187.6643555255542 148.68205 45.182 -999.0 -999.0 -999.0 -999.0 -999.0 173.4202117972845 1.731696635750432 173.4221718481848 1.5912243536061879 58.016041534199736 165.54059625455403 -999.0 6231.0 -999.0 -1 -999 {-999.0 -999.0 -999.0 -999.0 -999.0} "" -999.0 -999.0 -999.0 -999.0 -999 -999 "" "" "" "" 0 0 0.0 0.0 -999 ""
FIBERMAP 647 R-6C1 APOGEE 0 0 1 1 0 0 -223.54094578233358 -108.75605674044202 143.1 -216.735126514597 121.68555916876606 10.135109 169.9901 -999.0 -999.0 -999.0 -999.0 -999.0 172.59317473036245 3.134240035987428 172.59584417974202 2.9936905773450246 59.556921621939864 166.55149626443094 -999.0 16600.0 -999.0 2 261 {-999.0 -999.0 -999.0 -999.0 -999.0} "" -999.0 -999.0 -999.0 -999.0 -999 -999 "" ops_sky_apogee_best_unassigned ops_sky sky_apogee 0 0 0.0 0.0 -999 ""
FIBERMAP 647 R-6C1 BOSS 1 0 1 1 0 0 -222.80346864322235 -108.71259498746733 143.1 -216.2791758380946 121.10442166526613 10.135109 169.9901 172.529296875 3.1477687225999347 -999.0 -999.0 -999.0 172.59521225087607 3.1315249966673053 172.59785661224703 2.9910930468771904 59.553980794238186 166.54861088399193 5400.0 5400.0 2015.5 1 499 {-999.0 -999.0 -999.0 -999.0 -999.0} "" -999.0 -999.0 -999.0 -999.0 27021603142698961 820258634 "" ops_sky_boss_good ops_sky sky_boss 0 0 0.0 0.0 -999 ""
FIBERMAP 647 R-6C1 METROLOGY 0 0 1 1 0 0 -223.10120627943135 -109.39171988149116 143.1 -217.00680031665453 120.96204828534506 10.135109 169.9901 -999.0 -999.0 -999.0 -999.0 -999.0 172.5919425038628 3.130890068127255 172.5945941241432 2.9904260229655852 59.553964694686556 166.55517376378464 -999.0 6231.0 -999.0 -1 -999 {-999.0 -999.0 -999.0 -999.0 -999.0} "" -999.0 -999.0 -999.0 -999.0 -999 -999 "" "" "" "" 0 0 0.0 0.0 -999 ""
FIBERMAP 648 R+10C6 APOGEE 0 0 0 1 0 0 -82.92253401475007 203.4232246593054 143.1 119.87798343292222 184.04671385669928 185.33415 74.50626 -999.0 -999.0 -999.0 -999.0 -999.0 174.12040056151912 3.418581462616812 174.1227745137187 3.2774965740340285 59.50210848344095 163.49486542160884 -999.0 16600.0 -999.0 2 -999 {-999.0 -999.0 -999.0 -999.0 -999.0} "" -999.0 -999.0 -999.0 -999.0 -999 -999 "" "" "" "" 0 0 0.0 0.0 -999 ""
FIBERMAP 648 R+10C6 BOSS 1 1 0 1 0 0 -82.77724345410054 204.1845528257435 143.1 120.58627505200371 184.3611787955403 185.33415 74.50626 174.12373920498953 3.4199159858999937 -28.087234 0.33472887 -0.037975453 174.12365300040196 3.4198991852313965 174.1259976566322 3.278929945862672 59.5027300477925 163.48803312488582 5400.0 5400.0 2016.0 1 119 {-999.0 20.274323 20.410072 20.711184 -999.0} sdss_psfmag 20.383074 20.338076 20.100891 -999.0 63050395170012960 1092606606 dark_flexible_2x1 mwm_cb_galex_vol_boss mwm_cb science 0 0 0.0 0.0 -999 ""
FIBERMAP 648 R+10C6 METROLOGY 0 0 0 1 0 0 -82.22248997923943 203.6812950544648 143.1 120.48892355125615 183.61862329817117 185.33415 74.50626 -999.0 -999.0 -999.0 -999.0 -999.0 174.12321471736888 3.416584470589842 174.12556662405325 3.2755828699060765 59.499583279417706 163.49043498570933 -999.0 6231.0 -999.0 -1 -999 {-999.0 -999.0 -999.0 -999.0 -999.0} "" -999.0 -999.0 -999.0 -999.0 -999 -999 "" "" "" "" 0 0 0.0 0.0 -999 ""
FIBERMAP 650 R-2C1 APOGEE 0 0 0 1 0 0 -283.55783888614246 -44.169218387454016 143.1 -197.87118215466123 207.7988996487155 218.47633 97.20396 -999.0 -999.0 -999.0 -999.0 -999.0 172.68031902494087 3.52208748684217 172.6831123937627 3.381437150206191 59.91971232420645 166.22955001418674 -999.0 16600.0 -999.0 2 275 {-999.0 -999.0 -999.0 -999.0 -999.0} "" -999.0 -999.0 -999.0 -999.0 -999 -999 "" ops_sky_apogee_best_unassigned ops_sky sky_apogee 0 0 0.0 0.0 -999 ""
FIBERMAP 650 R-2C1 BOSS 1 1 0 1 0 0 -284.10021265948836 -43.65389826824137 143.1 -197.75686592016382 208.5381577012277 218.47633 97.20396 172.6809121100898 3.525304232782264 -8.270196 -9.313408 0.5001573 172.6808932968302 3.5252727415056166 172.68366394499685 3.3847375222283023 59.92283525547352 166.2271532960888 5400.0 5400.0 2016.0 1 426 {-999.0 18.308805 17.977972 17.853683 17.816055} sdss_psfmag_from_gaia 18.2654 17.9867 17.5316 -999.0 63050395170253001 970818432 "" ops_std_boss_gdr2 ops_std standard_boss 0 0 0.0 0.0 -999 ""
FIBERMAP 650 R-2C1 METROLOGY 0 0 0 1 0 0 -283.3884965401599 -43.44221891247875 143.1 -197.17738900220883 208.07404207263912 218.47633 97.20396 -999.0 -999.0 -999.0 -999.0 -999.0 172.68346819794655 3.5232574746196543 172.68624412837642 3.38268888660418 59.920311641897 166.2229383888991 -999.0 6231.0 -999.0 -1 -999 {-999.0 -999.0 -999.0 -999.0 -999.0} "" -999.0 -999.0 -999.0 -999.0 -999 -999 "" "" "" "" 0 0 0.0 0.0 -999 ""
FIBERMAP 654 R+12C14 APOGEE 0 0 0 1 0 0 122.40815705342239 217.04822193030495 143.1 248.07749659551726 23.11316384619403 279.8011 60.06789 -999.0 -999.0 -999.0 -999.0 -999.0 174.7005712004269 2.688436627925976 174.70257939171404 2.54733191650745 58.65253348559453 162.74955219134984 -999.0 16600.0 -999.0 2 91 {-999.0 -999.0 -999.0 -999.0 -999.0} "" -999.0 -999.0 -999.0 -999.0 -999 -999 "" ops_sky_apogee_best_unassigned ops_sky sky_apogee 0 0 0.0 0.0 -999 ""
FIBERMAP 654 R+12C14 BOSS 1 1 0 1 0 0 121.71582378364333 217.31430109203387 143.1 247.90158629377115 23.833599970496554 279.8011 60.06789 174.69981403384415 2.691658095336792 -1.480055 -4.2214947 0.13678974 174.69983576882396 2.6915812951591755 174.70181396070086 2.5505966425331814 58.65588574160359 162.74940909050267 5400.0 5400.0 2016.0 1 89 {-999.0 17.433495 17.104214 16.98068 16.943623} sdss_psfmag_from_gaia 17.3811 17.1128 16.6493 15.78 63050395170006833 968255889 "" ops_std_boss_gdr2 ops_std standard_boss 0 0 0.0 0.0 -999 ""
FIBERMAP 654 R+12C14 METROLOGY 0 0 0 1 0 0 122.29328748401095 217.7933341399515 143.1 248.6242160645319 23.632133213579273 279.8011 60.06789 -999.0 -999.0 -999.0 -999.0 -999.0 174.70305257721333 2.690696621490878 174.705038554657 2.5496771866956998 58.65419117422695 162.74385370122147 -999.0 6231.0 -999.0 -1 -999 {-999.0 -999.0 -999.0 -999.0 -999.0} "" -999.0 -999.0 -999.0 -999.0 -999 -999 "" "" "" "" 0 0 0.0 0.0 -999 ""
FIBERMAP 660 R+8C18 APOGEE 0 0 0 1 0 0 171.70604169253983 171.72253536498857 143.1 238.93021306861002 -43.2178008550466 150.63197 75.01507 -999.0 -999.0 -999.0 -999.0 -999.0 174.65932727688502 2.3880660211587883 174.66125776155047 2.2470283891961174 58.37185499555132 162.96873656278234 -999.0 16600.0 -999.0 2 -999 {-999.0 -999.0 -999.0 -999.0 -999.0} "" -999.0 -999.0 -999.0 -999.0 -999 -999 "" "" "" "" 0 0 0.0 0.0 -999 ""
FIBERMAP 660 R+8C18 BOSS 1 1 0 1 0 0 172.2299919865172 172.2686434365313 143.1 239.67745698914183 -43.337079605746226 150.63197 75.01507 174.66271313188315 2.3874318841604976 -999.0 -999.0 -999.0 174.66272812931393 2.3874051956165894 174.6646266231205 2.2464887372737317 58.37050214484589 162.96276924675578 5400.0 5400.0 2016.0 1 239 {-999.0 22.008303 20.543547 19.985138 19.613531} sdss_fiber2mag_from_lsdr10 20.760973 21.300758 18.984276 -999.0 63050395169991436 1058109709 dark_flexible_2x2 bhm_spiders_clusters_lsdr10 bhm_spiders science 0 0 0.0 0.0 -999 ""
FIBERMAP 660 R+8C18 METROLOGY 0 0 0 1 0 0 172.43007894824507 171.5424464067967 143.1 239.1948381987649 -43.9152841128968 150.63197 75.01507 -999.0 -999.0 -999.0 -999.0 -999.0 174.66054571211643 2.384819272842277 174.66245274125401 2.24386931874411 58.36849907549467 162.96801470264316 -999.0 6231.0 -999.0 -1 -999 {-999.0 -999.0 -999.0 -999.0 -999.0} "" -999.0 -999.0 -999.0 -999.0 -999 -999 "" "" "" "" 0 0 0.0 0.0 -999 ""
FIBERMAP 661 R-11C8 APOGEE 0 0 0 1 0 0 -3.5471178692470815 -212.06407754886325 143.1 -176.25096573018197 -117.92802224052917 302.51456 167.12794 -999.0 -999.0 -999.0 -999.0 -999.0 172.77635999115296 2.0485060591825577 172.77858029547792 1.9080946423242628 58.456574766138246 166.61549528521783 -999.0 16600.0 -999.0 2 158 {-999.0 -999.0 -999.0 -999.0 -999.0} "" -999.0 -999.0 -999.0 -999.0 -999 -999 "" ops_sky_apogee_best_unassigned ops_sky sky_apogee 0 0 0.0 0.0 -999 ""
FIBERMAP 661 R-11C8 BOSS 1 1 0 1 0 0 -3.2656892432456495 -212.7548432633866 143.1 -176.65812289324217 -118.55286609735978 302.51456 167.12794 172.77451282284255 2.0455105889214953 -0.520343 0.8765023 1.0741814 172.77452625524822 2.0455384830099983 172.7767214070658 1.905251242795681 58.454147571102624 166.62003685729036 5400.0 5400.0 2016.0 1 360 {-999.0 20.771503 20.63583 20.51074 20.450684} sdss_psfmag_from_gaiadr2 20.341557 20.626467 19.887857 -999.0 63050395169997718 1056632362 dark_flexible_2x2 bhm_gua_dark bhm_filler science 0 0 0.0 0.0 -999 ""
FIBERMAP 661 R-11C8 METROLOGY 0 0 0 1 0 0 -4.009338429674726 -212.65060272484916 143.1 -176.996239945846 -117.88249123508426 302.51456 167.12794 -999.0 -999.0 -999.0 -999.0 -999.0 172.77298619520963 2.0486157800454032 172.7751897311805 1.9082936207286203 58.45742976192535 166.62177484974993 -999.0 6231.0 -999.0 -1 -999 {-999.0 -999.0 -999.0 -999.0 -999.0} "" -999.0 -999.0 -999.0 -999.0 -999 -999 "" "" "" "" 0 0 0.0 0.0 -999 ""
FIBERMAP 663 R0C1 APOGEE 1 1 0 1 0 0 -305.80530458771733 -1.8822768993767582 143.1 -175.80612757376772 250.17392206881783 197.39804 105.51356 172.78099364253256 3.712175616052984 -0.22562748 2.2508504 1.2856785 172.78098477331 3.712176280571607 172.78382188247394 3.571456897934811 60.08544213100109 165.9556937542116 16000.0 16600.0 2016.0 2 277 {-999.0 10.995491 10.2389965 9.961429 -999.0} sdss_psfmag_gaia 10.789585 10.281991 9.62245 8.279 63050395170253200 1104530470 bright_1x1 mwm_tess_rgb_apogee mwm_tessrgb science 0 0 0.0 0.0 -999 ""
FIBERMAP 663 R0C1 BOSS 0 0 0 1 0 0 -306.22302590428876 -1.2679960378962722 143.1 -175.5394744217223 250.8671585867898 197.39804 105.51356 -999.0 -999.0 -999.0 -999.0 -999.0 172.78225572519145 3.715126270396378 172.78506950188057 3.5745209475831032 60.08818681778202 165.95199318267825 -999.0 5400.0 -999.0 1 424 {-999.0 -999.0 -999.0 -999.0 -999.0} "" -999.0 -999.0 -999.0 -999.0 -999 -999 "" "" "" "" 0 0 0.0 0.0 -999 ""
FIBERMAP 663 R0C1 METROLOGY 0 0 0 1 0 0 -305.4813548714926 -1.1984254347910588 143.1 -175.05968313798672 250.2974532537861 197.39804 105.51356 -999.0 -999.0 -999.0 -999.0 -999.0 172.7843770060831 3.7126531496931445 172.7871960970939 3.5720149527107408 60.08529969005204 165.94885487350453 -999.0 6231.0 -999.0 -1 -999 {-999.0 -999.0 -999.0 -999.0 -999.0} "" -999.0 -999.0 -999.0 -999.0 -999 -999 "" "" "" "" 0 0 0.0 0.0 -999 ""
FIBERMAP 664 R+7C5 APOGEE 0 0 0 1 0 0 -111.4810505950883 128.00900390679408 143.1 41.64468436707631 164.53616517746073 337.268 107.70903 -999.0 -999.0 -999.0 -999.0 -999.0 173.76542863523326 3.3316036604174184 173.76786813148647 3.1906373881595123 59.50065385396623 164.21371842984965 -999.0 16600.0 -999.0 2 117 {-999.0 -999.0 -999.0 -999.0 -999.0} "" -999.0 -999.0 -999.0 -999.0 -999 -999 "" ops_sky_apogee_best_unassigned ops_sky sky_apogee 0 0 0.0 0.0 -999 ""
FIBERMAP 664 R+7C5 BOSS 1 1 0 1 0 0 -111.55343048898018 127.27230424167307 143.1 40.998174585847075 164.1758318500252 337.268 107.70903 173.76251220703125 3.32990668524846 -999.0 -999.0 -999.0 173.7625311529702 3.3299165119021477 173.76494325189947 3.18906852845748 59.49979568126789 164.22002750475116 5400.0 5400.0 2015.5 1 56 {-999.0 -999.0 -999.0 -999.0 -999.0} "" -999.0 -999.0 -999.0 -999.0 27021603142705027 820258959 "" ops_sky_boss_good ops_sky sky_boss 0 0 0.0 0.0 -999 ""
FIBERMAP 664 R+7C5 METROLOGY 0 0 0 1 0 0 -112.15916530594993 127.7031595013497 143.1 41.00698978540505 164.91901535138206 337.268 107.70903 -999.0 -999.0 -999.0 -999.0 -999.0 173.76255564914987 3.3332977831038333 173.7649766774639 3.1924159729980364 59.503046497790905 164.21845281606568 -999.0 6231.0 -999.0 -1 -999 {-999.0 -999.0 -999.0 -999.0 -999.0} "" -999.0 -999.0 -999.0 -999.0 -999 -999 "" "" "" "" 0 0 0.0 0.0 -999 ""
FIBERMAP 665 R-5C18 APOGEE 0 0 0 1 0 0 143.8891867498827 -104.98660540063119 143.1 -4.2623097141334005 -178.0433075266702 193.02484 165.46335 -999.0 -999.0 -999.0 -999.0 -999.0 173.55705723656564 1.7751770547728618 173.55902485296792 1.6345648443946619 58.02940090766121 165.2708045494007 -999.0 16600.0 -999.0 2 220 {-999.0 -999.0 -999.0 -999.0 -999.0} "" -999.0 -999.0 -999.0 -999.0 -999 -999 "" ops_sky_apogee_best_unassigned ops_sky sky_apogee 0 0 0.0 0.0 -999 ""
FIBERMAP 665 R-5C18 BOSS 1 1 0 1 0 0 143.14980968110768 -104.98884294599048 143.1 -4.685473655808839 -177.43711791540662 193.02484 165.46335 173.55514199847343 1.777752236327531 -999.0 -999.0 -999.0 173.5551587482937 1.7777329110924807 173.55710032898673 1.6372453070010495 58.0324307728751 165.27327115880692 5400.0 5400.0 2016.0 1 292 {-999.0 20.91954 20.76492 20.630917 20.550001} sdss_psfmag_from_gaiadr2 20.546219 20.756641 20.017397 -999.0 63050395169996128 1130086667 dark_flexible_3x1 bhm_gua_dark_d3 bhm_filler science 0 0 0.0 0.0 -999 ""
FIBERMAP 665 R-5C18 METROLOGY 0 0 0 1 0 0 143.5287836515012 -104.34114366191848 143.1 -3.937376538217167 -177.37939500399233 193.02484 165.46335 -999.0 -999.0 -999.0 -999.0 -999.0 173.55855093345087 1.7780399889346823 173.56049967713534 1.6375160028808453 58.03196840621946 165.26689233361165 -999.0 6231.0 -999.0 -1 -999 {-999.0 -999.0 -999.0 -999.0 -999.0} "" -999.0 -999.0 -999.0 -999.0 -999 -999 "" "" "" "" 0 0 0.0 0.0 -999 ""
FIBERMAP 667 R0C9 APOGEE 1 1 0 1 0 0 -115.5400027372635 10.628327651352752 143.1 -57.107028464478155 100.98291803569899 94.19276 130.32176 173.31576091288989 3.0434282401812407 24.223024 -30.46648 6.260355 173.31578300759395 3.0433619012303734 173.31823929341772 2.902586915267552 59.31951668682885 165.19970873865284 16000.0 16600.0 2016.0 2 246 {-999.0 10.264602 9.9783125 9.897842 -999.0} sdss_psfmag_gaia 10.238386 9.986894 9.572964 8.862 63050395170004999 1103807677 bright_1x1 mwm_tess_2min_apogee mwm_planet science 0 0 0.0 0.0 -999 ""
FIBERMAP 667 R0C9 BOSS 0 0 0 1 0 0 -115.02427034663143 11.162047729152617 143.1 -56.374645271705695 100.8633318734166 94.19276 130.32176 -999.0 -999.0 -999.0 -999.0 -999.0 173.31911820557707 3.04275188524587 173.3215473426111 2.902094299956964 59.31832488017213 165.19359325387813 -999.0 5400.0 -999.0 1 492 {-999.0 -999.0 -999.0 -999.0 -999.0} "" -999.0 -999.0 -999.0 -999.0 -999 -999 "" "" "" "" 0 0 0.0 0.0 -999 ""
FIBERMAP 667 R0C9 METROLOGY 0 0 0 1 0 0 -114.81543909591907 10.44634094114329 143.1 -56.84366255314752 100.28392089241993 94.19276 130.32176 -999.0 -999.0 -999.0 -999.0 -999.0 173.3169782489007 3.0401415173530193 173.3194144109857 2.899451562051696 59.31620228879049 165.1987841921299 -999.0 6231.0 -999.0 -1 -999 {-999.0 -999.0 -999.0 -999.0 -999.0} "" -999.0 -999.0 -999.0 -999.0 -999 -999 "" "" "" "" 0 0 0.0 0.0 -999 ""
FIBERMAP 669 R+3C3 APOGEE 0 0 0 1 0 0 -218.41983281203005 75.20727847040365 143.1 -62.674520620781315 222.30751529782071 143.2464 76.771 -999.0 -999.0 -999.0 -999.0 -999.0 173.29123015444438 3.5913737634406826 173.29388415368362 3.4505067372968745 59.859709808637795 165.01229730804874 -999.0 16600.0 -999.0 2 107 {-999.0 -999.0 -999.0 -999.0 -999.0} "" -999.0 -999.0 -999.0 -999.0 -999 -999 "" ops_sky_apogee_best_unassigned ops_sky sky_apogee 0 0 0.0 0.0 -999 ""
FIBERMAP 669 R+3C3 BOSS 1 1 0 1 0 0 -217.8407117287277 75.66739931934586 143.1 -61.966484478834424 222.09390995092855 143.2464 76.771 173.29416831842383 3.5903557104286166 -25.228653 -2.0907874 0.54982936 173.29445655308552 3.590345525224489 173.29708342199365 3.4495934047182377 59.85812257145584 165.00648662734912 5400.0 5400.0 2016.0 1 59 {-999.0 16.185383 15.806294 15.671191 -999.0} sdss_psfmag 16.078897 15.785505 15.329389 14.496 63050395170014035 1072645180 bright_1x1 mwm_halo_local_high_boss_single mwm_halo science 0 0 1.1945923566818237 0.0 -999 ""
FIBERMAP 669 R+3C3 METROLOGY 0 0 0 1 0 0 -217.7179027004464 74.93471624248605 143.1 -62.49846808908265 221.57550020487963 143.2464 76.771 -999.0 -999.0 -999.0 -999.0 -999.0 173.29203199605027 3.5880378130260318 173.29466605988364 3.447254089563985 59.856365251992344 165.01219150058077 -999.0 6231.0 -999.0 -1 -999 {-999.0 -999.0 -999.0 -999.0 -999.0} "" -999.0 -999.0 -999.0 -999.0 -999 -999 "" "" "" "" 0 0 0.0 0.0 -999 ""
FIBERMAP 671 R+1C15 APOGEE 0 0 0 1 0 0 12.403064885006064 26.18416063953388 143.1 28.580384241274146 4.730514085645343 239.07233 15.445669 -999.0 -999.0 -999.0 -999.0 -999.0 173.7064783146457 2.6055273612975696 173.70869228849756 2.464712839631554 58.806861342453004 164.64595753921205 -999.0 16600.0 -999.0 2 -999 {-999.0 -999.0 -999.0 -999.0 -999.0} "" -999.0 -999.0 -999.0 -999.0 -999 -999 "" "" "" "" 0 0 0.0 0.0 -999 ""
FIBERMAP 671 R+1C15 BOSS 1 1 0 1 0 0 12.59132449396024 26.927768067226307 143.1 29.2986021048564 4.999578132052511 239.07233 15.445669 173.70992100981056 2.6066980092686456 -4.55476 -1.5734516 0.22426637 173.70979713820486 2.606636026491822 173.7119831196917 2.4659408534514284 58.80732559671334 164.63924069476798 5400.0 5400.0 2016.0 1 189 {-999.0 17.301401 16.905113 16.762882 -999.0} sdss_psfmag 17.17987 16.898726 16.435684 15.663 63050395170000472 980422031 "" ops_std_boss_tic ops_std standard_boss 0 0 0.0 0.0 -999 ""
FIBERMAP 671 R+1C15 METROLOGY 0 0 0 1 0 0 13.118837161272388 26.39471236486599 143.1 29.161246064390124 4.262423392577003 239.07233 15.445669 -999.0 -999.0 -999.0 -999.0 -999.0 173.70916069270808 2.603310900990571 173.71135353949774 2.4625823885032685 58.80419187682294 164.64187011156693 -999.0 6231.0 -999.0 -1 -999 {-999.0 -999.0 -999.0 -999.0 -999.0} "" -999.0 -999.0 -999.0 -999.0 -999 -999 "" "" "" "" 0 0 0.0 0.0 -999 ""
FIBERMAP 673 R-11C1 APOGEE 0 0 0 1 0 0 -185.21313125874215 -224.9357564929128 143.1 -290.346513336203 23.992140059539434 271.49057 44.95261 -999.0 -999.0 -999.0 -999.0 -999.0 172.2634354794671 2.691210038237892 172.2660131312242 2.550860406707278 59.184776326766695 167.35155226635595 -999.0 16600.0 -999.0 2 271 {-999.0 -999.0 -999.0 -999.0 -999.0} "" -999.0 -999.0 -999.0 -999.0 -999 -999 "" ops_sky_apogee_best_unassigned ops_sky sky_apogee 0 0 0.0 0.0 -999 ""
FIBERMAP 673 R-11C1 BOSS 1 1 0 1 0 0 -185.7616254929921 -224.427504255205 143.1 -290.2414916758919 24.732399068507927 271.49057 44.95261 172.2640618928822 2.6945948349505864 -39.364292 -48.06104 2.0110097 172.26394380834287 2.694432632979156 172.2665001318818 2.55420194921464 59.187970936162046 167.3494163639981 5400.0 5400.0 2016.0 1 421 {-999.0 19.834675 20.166693 20.443882 -999.0} sdss_psfmag 19.964943 19.999582 20.036896 -999.0 63050395170003655 1143293664 dark_2x1 mwm_wd_pwd_boss_2x1 mwm_wd science 0 0 0.0 0.0 -999 ""
FIBERMAP 673 R-11C1 METROLOGY 0 0 0 1 0 0 -185.04599584919876 -224.20369909586782 143.1 -289.6498222441985 24.271977879164737 271.49057 44.95261 -999.0 -999.0 -999.0 -999.0 -999.0 172.26655943942117 2.6923955491580935 172.26912072091397 2.552130359536192 59.18545217996734 167.34513876451945 -999.0 6231.0 -999.0 -1 -999 {-999.0 -999.0 -999.0 -999.0 -999.0} "" -999.0 -999.0 -999.0 -999.0 -999 -999 "" "" "" "" 0 0 0.0 0.0 -999 ""
FIBERMAP 674 R+4C1 APOGEE 0 0 0 1 0 0 -238.92064644816614 96.02611460121045 143.1 -57.25213244551045 251.01415101016565 117.94335 55.031452 -999.0 -999.0 -999.0 -999.0 -999.0 173.31614098862795 3.719887878994271 173.3188330461354 3.578989713413069 59.97964108698325 164.90777540335367 -999.0 16600.0 -999.0 2 144 {-999.0 -999.0 -999.0 -999.0 -999.0} "" -999.0 -999.0 -999.0 -999.0 -999 -999 "" ops_sky_apogee_best_unassigned ops_sky sky_apogee 0 0 0.0 0.0 -999 ""
FIBERMAP 674 R+4C1 BOSS 1 1 0 1 0 0 -238.1926052819205 95.93107784111481 143.1 -56.91534771494956 250.3618442061874 117.94335 55.031452 173.31732622809108 3.7169277856197906 2.0999713 -17.308681 0.511263 173.31768197944996 3.716882765012333 173.32034661441867 3.576099812997182 59.97649018416126 164.9060968677186 5400.0 5400.0 2016.0 1 2 {-999.0 15.999818 15.654417 15.531827 -999.0} sdss_psfmag 15.965811 15.670939 15.2228365 14.426 63050395170014198 1136203727 dark_flexible_3x1 mwm_halo_local_high_boss_triple mwm_halo science 0 0 1.2408086061477661 0.0 -999 ""
FIBERMAP 674 R+4C1 METROLOGY 0 0 0 1 0 0 -238.64519700943438 95.33245461963622 143.1 -57.665074680561716 250.3925703274529 117.94335 55.031452 -999.0 -999.0 -999.0 -999.0 -999.0 173.3142785022723 3.717035166739665 173.3169514944816 3.5762206355489776 59.97735132606541 164.91265126628483 -999.0 6231.0 -999.0 -1 -999 {-999.0 -999.0 -999.0 -999.0 -999.0} "" -999.0 -999.0 -999.0 -999.0 -999 -999 "" "" "" "" 0 0 0.0 0.0 -999 ""
FIBERMAP 675 R-1C20 APOGEE 0 0 0 1 0 0 145.63011619989024 -9.222711792799622 143.1 75.40837637536139 -124.9036738700518 63.622505 139.33078 -999.0 -999.0 -999.0 -999.0 -999.0 173.91942282900413 2.0160472283447044 173.9213975685783 1.8752813151097356 58.184808876047335 164.50200011131278 -999.0 16600.0 -999.0 2 227 {-999.0 -999.0 -999.0 -999.0 -999.0} "" -999.0 -999.0 -999.0 -999.0 -999 -999 "" ops_sky_apogee_best_unassigned ops_sky sky_apogee 0 0 0.0 0.0 -999 ""
FIBERMAP 675 R-1C20 BOSS 1 1 0 1 0 0 146.30512697460009 -8.901141554280398 143.1 76.05722239828711 -125.27501269494279 63.622505 139.33078 173.92215629518032 2.0142407548341836 -15.595548 -10.03446 0.5412847 173.9224268890306 2.014196953806097 173.92437190256646 1.873554003855891 58.18245739610798 164.49724240628154 5400.0 5400.0 2016.0 1 271 {-999.0 16.464067 16.056139 15.904143 -999.0} sdss_psfmag 16.39238 16.055895 15.551354 14.611 63050395169998247 1136203295 dark_flexible_3x1 mwm_halo_local_high_boss_triple mwm_halo science 0 0 1.1142513751983643 0.0 -999 ""
FIBERMAP 675 R-1C20 METROLOGY 0 0 0 1 0 0 146.24002510337934 -9.659535929744244 143.1 75.39703576281794 -125.65368805497165 63.622505 139.33078 -999.0 -999.0 -999.0 -999.0 -999.0 173.91940977118796 2.012518799763111 173.92136295026705 1.8718420535884535 58.181465418150346 164.50353053723148 -999.0 6231.0 -999.0 -1 -999 {-999.0 -999.0 -999.0 -999.0 -999.0} "" -999.0 -999.0 -999.0 -999.0 -999 -999 "" "" "" "" 0 0 0.0 0.0 -999 ""
FIBERMAP 676 R-9C12 APOGEE 0 0 0 1 0 0 66.78494128035406 -158.2083078258836 143.1 -91.92569271484294 -145.0230273017769 108.075096 55.925343 -999.0 -999.0 -999.0 -999.0 -999.0 173.1585124384299 1.924839717858095 173.1606105272274 1.7843244081074385 58.25911241749513 165.94935717631012 -999.0 16600.0 -999.0 2 152 {-999.0 -999.0 -999.0 -999.0 -999.0} "" -999.0 -999.0 -999.0 -999.0 -999 -999 "" ops_sky_apogee_best_unassigned ops_sky sky_apogee 0 0 0.0 0.0 -999 ""
FIBERMAP 676 R-9C12 BOSS 1 1 0 1 0 0 67.5083383361669 -158.41511769829935 143.1 -91.68338602561901 -145.73521118641054 108.075096 55.925343 173.15963745117185 1.9214100123816422 -999.0 -999.0 -999.0 173.15961852910613 1.9214439811307737 173.16168936828637 1.7810526574124308 58.25568939159683 165.9486209692532 5400.0 5400.0 2015.5 1 368 {-999.0 -999.0 -999.0 -999.0 -999.0} "" -999.0 -999.0 -999.0 -999.0 27021603142690575 820258127 "" ops_sky_boss_good ops_sky sky_boss 0 0 0.0 0.0 -999 ""
FIBERMAP 676 R-9C12 METROLOGY 0 0 0 1 0 0 66.97087958723888 -158.93834971934064 143.1 -92.41953285573466 -145.59179837033903 108.075096 55.925343 -999.0 -999.0 -999.0 -999.0 -999.0 173.15627411145402 1.922144048739914 173.15835319439122 1.7817186182052038 58.25702228740819 165.95456693527228 -999.0 6231.0 -999.0 -1 -999 {-999.0 -999.0 -999.0 -999.0 -999.0} "" -999.0 -999.0 -999.0 -999.0 -999 -999 "" "" "" "" 0 0 0.0 0.0 -999 ""
FIBERMAP 677 R-11C3 APOGEE 0 0 0 1 0 0 -108.89583182912997 -206.78084624227932 143.1 -231.9420810029519 -28.364005259067405 45.35983 95.23409 -999.0 -999.0 -999.0 -999.0 -999.0 172.52422029088913 2.4546559103013648 172.52664726643582 2.3142561009550096 58.903598607617695 166.94038846529065 -999.0 16600.0 -999.0 2 206 {-999.0 -999.0 -999.0 -999.0 -999.0} "" -999.0 -999.0 -999.0 -999.0 -999 -999 "" ops_sky_apogee_best_unassigned ops_sky sky_apogee 0 0 0.0 0.0 -999 ""
FIBERMAP 677 R-11C3 BOSS 1 1 0 1 0 0 -108.30290410461103 -207.22394269303385 143.1 -231.9682514158153 -29.103642087265793 45.35983 95.23409 172.52406354505084 2.4511346605828788 0.067873865 0.09732055 0.07389451 172.52410199082317 2.4511798077570366 172.52650421792487 2.310901650076019 58.900332539940194 166.94189510465262 5400.0 5400.0 2016.0 1 338 {-999.0 20.236996 19.770086 19.22461 18.941702} sdss_psfmag 19.28333 19.015377 18.165619 -999.0 63050395170002169 1060010991 dark_2x4 bhm_aqmes_wide2_faint bhm_filler science 0 0 0.0 0.0 -999 ""
FIBERMAP 677 R-11C3 METROLOGY 0 0 0 1 0 0 -108.97931767689118 -207.51896388140403 143.1 -232.59608437840296 -28.71602206451867 45.35983 95.23409 -999.0 -999.0 -999.0 -999.0 -999.0 172.52128400988403 2.4529721706754546 172.52369419727643 2.3126603918722504 58.90259298350236 166.94658459556493 -999.0 6231.0 -999.0 -1 -999 {-999.0 -999.0 -999.0 -999.0 -999.0} "" -999.0 -999.0 -999.0 -999.0 -999 -999 "" "" "" "" 0 0 0.0 0.0 -999 ""
FIBERMAP 678 R+11C16 APOGEE 0 0 0 1 0 0 187.71807161559246 219.59401325242027 143.1 287.3852033445974 -29.094104997460963 78.450294 41.005722 -999.0 -999.0 -999.0 -999.0 -999.0 174.87546384451593 2.4522620052986417 174.8773642154373 2.311158270065415 58.38008173055474 162.53942367800659 -999.0 16600.0 -999.0 2 58 {-999.0 -999.0 -999.0 -999.0 -999.0} "" -999.0 -999.0 -999.0 -999.0 -999 -999 "" ops_sky_apogee_best_unassigned ops_sky sky_apogee 0 0 0.0 0.0 -999 ""
FIBERMAP 678 R+11C16 BOSS 1 1 0 1 0 0 188.09003572089523 218.9423120300958 143.1 287.0617317807016 -29.771071424028154 78.450294 41.005722 174.87399440863763 2.4491499895638107 17.142588 -30.964964 5.0735235 174.87403664124687 2.449083064702295 174.8759046634408 2.3081019702569225 58.37749266140452 162.54358689261667 5400.0 5400.0 2016.0 1 171 {-999.0 19.082468 18.937574 18.911036 -999.0} sdss_psfmag 19.111664 18.929096 18.659836 -999.0 63050395169991357 1143293621 dark_2x1 mwm_wd_pwd_boss_2x1 mwm_wd science 0 0 0.0 0.0 -999 ""
FIBERMAP 678 R+11C16 METROLOGY 0 0 0 1 0 0 187.3446945617114 218.94684449754143 143.1 286.6407314434707 -29.15612396232459 78.450294 41.005722 -999.0 -999.0 -999.0 -999.0 -999.0 174.87216763590462 2.451892235851358 174.874045882543 2.310876571223643 58.38064624762244 162.54567865411983 -999.0 6231.0 -999.0 -1 -999 {-999.0 -999.0 -999.0 -999.0 -999.0} "" -999.0 -999.0 -999.0 -999.0 -999 -999 "" "" "" "" 0 0 0.0 0.0 -999 ""
FIBERMAP 681 R+6C17 APOGEE 0 0 0 1 0 0 151.35692316361144 117.46419000049805 143.1 182.75639716075773 -57.417672645652296 32.3595 85.30684 -999.0 -999.0 -999.0 -999.0 -999.0 174.4066154154647 2.3232460882368247 174.40858257206253 2.182286565795186 58.37040265714126 163.4657690710234 -999.0 16600.0 -999.0 2 71 {-999.0 -999.0 -999.0 -999.0 -999.0} "" -999.0 -999.0 -999.0 -999.0 -999 -999 "" ops_sky_apogee_best_unassigned ops_sky sky_apogee 0 0 0.0 0.0 -999 ""
FIBERMAP 681 R+6C17 BOSS 1 1 0 1 0 0 151.68668744023333 116.8058872836084 143.1 182.40345478482948 -58.063729910269316 32.3595 85.30684 174.4051118917229 2.320166101570175 0.12520161 -0.7078395 -0.8425484 174.40509578613617 2.3201739308639118 174.40703220547903 2.1793375468303844 58.367910392441516 163.46998365264022 5400.0 5400.0 2016.0 1 207 {-999.0 20.790483 20.66977 20.545216 20.501575} sdss_psfmag_from_gaiadr2 20.483877 20.664217 20.100302 -999.0 63050395169983987 1056632146 dark_flexible_2x2 bhm_gua_dark bhm_filler science 0 0 0.0 0.0 -999 ""
FIBERMAP 681 R+6C17 METROLOGY 0 0 0 1 0 0 150.9466677879323 116.83234374601697 143.1 182.00349937808298 -57.44066140559025 32.3595 85.30684 -999.0 -999.0 -999.0 -999.0 -999.0 174.40327951333867 2.323035294469998 174.40522574280283 2.1821642256177864 58.371087033348395 163.47203525427048 -999.0 6231.0 -999.0 -1 -999 {-999.0 -999.0 -999.0 -999.0 -999.0} "" -999.0 -999.0 -999.0 -999.0 -999 -999 "" "" "" "" 0 0 0.0 0.0 -999 ""
FIBERMAP 683 R-1C25 APOGEE 0 0 0 1 0 0 262.7348416205726 0.6740269665524323 143.1 150.27022924166198 -215.47617688150038 134.40407 44.8578 -999.0 -999.0 -999.0 -999.0 -999.0 174.2565721041585 1.6090640441765875 174.25835199392077 1.4682816893243011 57.71175401662125 164.05882763179895 -999.0 16600.0 -999.0 2 -999 {-999.0 -999.0 -999.0 -999.0 -999.0} "" -999.0 -999.0 -999.0 -999.0 -999 -999 "" "" "" "" 0 0 0.0 0.0 -999 ""
FIBERMAP 683 R-1C25 BOSS 1 1 0 1 0 0 263.49251732471606 0.660399404848885 143.1 150.69078584219753 -216.10644101523448 134.40407 44.8578 174.25847481378452 1.606142390890054 -0.7382068 0.11688599 -0.15428308 174.25848058900644 1.6061217594361712 174.2602293787587 1.4654650344903415 57.70857996014588 164.05662765339744 5400.0 5400.0 2016.0 1 261 {-999.0 18.605871 18.573206 18.281597 18.423016} sdss_psfmag 18.870146 18.817657 18.238708 -999.0 63050395169981822 1059933866 dark_2x4 bhm_aqmes_wide2 bhm_aqmes science 0 0 0.0 0.0 -999 ""
FIBERMAP 683 R-1C25 METROLOGY 0 0 0 1 0 0 263.10095297558576 0.023931238030705515 143.1 149.94474161202416 -216.14741987583517 134.40407 44.8578 -999.0 -999.0 -999.0 -999.0 -999.0 174.2551094128576 1.6059528849592637 174.25686724946206 1.465261522847806 57.709158388541276 164.06283693381192 -999.0 6231.0 -999.0 -1 -999 {-999.0 -999.0 -999.0 -999.0 -999.0} "" -999.0 -999.0 -999.0 -999.0 -999 -999 "" "" "" "" 0 0 0.0 0.0 -999 ""
FIBERMAP 685 R+6C6 APOGEE 0 0 0 1 0 0 -98.93695162881173 100.37457329852938 143.1 26.088630167521796 138.4828961557416 7.0242596 46.09996 -999.0 -999.0 -999.0 -999.0 -999.0 173.6947628012136 3.2137622563893045 173.69718158515252 3.072838693767105 59.40202803356314 164.40172328021393 -999.0 16600.0 -999.0 2 -999 {-999.0 -999.0 -999.0 -999.0 -999.0} "" -999.0 -999.0 -999.0 -999.0 -999 -999 "" "" "" "" 0 0 0.0 0.0 -999 ""
FIBERMAP 685 R+6C6 BOSS 1 1 0 1 0 0 -99.47956856695957 99.72760812010979 143.1 25.247886103217468 138.5600389576519 7.0242596 46.09996 173.69055703426773 3.2142958159777484 -1.148824 -80.2984 1.2227792 173.69097136843448 3.214051925195776 173.69336384411463 3.073247095470928 59.40328885253189 164.4088368680748 5400.0 5400.0 2016.0 1 55 {-999.0 16.079557 15.518065 15.294607 -999.0} sdss_psfmag 15.930882 15.532763 14.966534 13.813 63050395170012391 1136203628 dark_flexible_3x1 mwm_halo_local_high_boss_triple mwm_halo science 0 0 1.3181229829788208 0.0 -999 ""
FIBERMAP 685 R+6C6 METROLOGY 0 0 0 1 0 0 -99.68000797541875 100.4418729737056 143.1 25.72050070174747 139.13173361683607 7.0242596 46.09996 -999.0 -999.0 -999.0 -999.0 -999.0 173.6931116944417 3.2166639638000696 173.6955122433858 3.075824663351174 59.40531388332941 164.40358496442582 -999.0 6231.0 -999.0 -1 -999 {-999.0 -999.0 -999.0 -999.0 -999.0} "" -999.0 -999.0 -999.0 -999.0 -999 -999 "" "" "" "" 0 0 0.0 0.0 -999 ""
FIBERMAP 687 R-7C16 APOGEE 0 0 0 1 0 0 132.1277347214833 -147.1342553507504 143.1 -45.59251801774661 -192.39757666035294 318.174 109.35616 -999.0 -999.0 -999.0 -999.0 -999.0 173.36942953507474 1.710556621316769 173.37141124140362 1.57001492436434 58.005922982915365 165.6426369981955 -999.0 16600.0 -999.0 2 186 {-999.0 -999.0 -999.0 -999.0 -999.0} "" -999.0 -999.0 -999.0 -999.0 -999 -999 "" ops_sky_apogee_best_unassigned ops_sky sky_apogee 0 0 0.0 0.0 -999 ""
FIBERMAP 687 R-7C16 BOSS 1 1 0 1 0 0 131.82040742694767 -147.79449550218118 143.1 -46.310091542117874 -192.52131001952884 318.174 109.35616 173.3661799159841 1.709873833496647 10.906899 -17.38144 0.25286222 173.36618889648008 1.7098298394134757 173.36814435741815 1.5694140912920982 58.006016401678124 165.64890155517043 5400.0 5400.0 2016.0 1 306 {-999.0 17.53083 17.30049 17.150112 -999.0} sdss_psfmag 17.518608 17.245926 16.827017 16.111 63050395169996027 976146253 "" ops_std_boss ops_std standard_boss 0 0 0.0 0.0 -999 ""
FIBERMAP 687 R-7C16 METROLOGY 0 0 0 1 0 0 131.38452015585403 -147.19981261117323 143.1 -46.069891544704795 -191.82431621893784 318.174 109.35616 -999.0 -999.0 -999.0 -999.0 -999.0 173.36726657006238 1.7130128525754336 173.36923046650418 1.5725607797439947 58.00886752087841 165.64565888339507 -999.0 6231.0 -999.0 -1 -999 {-999.0 -999.0 -999.0 -999.0 -999.0} "" -999.0 -999.0 -999.0 -999.0 -999 -999 "" "" "" "" 0 0 0.0 0.0 -999 ""
FIBERMAP 688 R-7C2 APOGEE 0 0 0 1 0 0 -198.0478850367817 -152.6146733572501 143.1 -238.24198798370702 75.74838783416621 282.34985 71.64953 -999.0 -999.0 -999.0 -999.0 -999.0 172.4960036760725 2.926102460596283 172.4986176293147 2.7856255021161807 59.37163410651172 166.81839590100296 -999.0 16600.0 -999.0 2 -999 {-999.0 -999.0 -999.0 -999.0 -999.0} "" -999.0 -999.0 -999.0 -999.0 -999 -999 "" "" "" "" 0 0 0.0 0.0 -999 ""
FIBERMAP 688 R-7C2 BOSS 1 1 0 1 0 0 -198.8154490067594 -152.5754089133914 143.1 -238.6471162992116 76.40138495131217 282.34985 71.64953 172.49420812736147 2.9289419873452234 -999.0 -999.0 -999.0 172.49420120127436 2.928933376122876 172.49679343845173 2.7885752080732287 59.37487871740544 166.8207944265693 5400.0 5400.0 2016.0 1 488 {-999.0 22.054575 20.71652 20.213888 19.861734} sdss_fiber2mag_from_lsdr10 1e+20 1e+20 1e+20 -999.0 63050398301995589 1058111463 dark_flexible_2x2 bhm_spiders_clusters_lsdr10 bhm_spiders science 0 0 0.0 0.0 -999 ""
FIBERMAP 688 R-7C2 METROLOGY 0 0 0 1 0 0 -198.39815708500396 -151.95590824528227 143.1 -237.90035182865864 76.41155756512093 282.34985 71.64953 -999.0 -999.0 -999.0 -999.0 -999.0 172.49754260284814 2.9290290149033393 172.50014064647644 2.788636009798088 59.37429651032487 166.81433079884107 -999.0 6231.0 -999.0 -1 -999 {-999.0 -999.0 -999.0 -999.0 -999.0} "" -999.0 -999.0 -999.0 -999.0 -999 -999 "" "" "" "" 0 0 0.0 0.0 -999 ""
FIBERMAP 689 R+5C20 APOGEE 0 0 0 1 0 0 178.9812668830355 104.8099659652905 143.1 188.10123336964725 -87.3244167814453 151.81383 112.29043 -999.0 -999.0 -999.0 -999.0 -999.0 174.43030598974158 2.1877186766396415 174.43222717087758 2.0467785831552874 58.233177867116574 163.48383158692636 -999.0 16600.0 -999.0 2 45 {-999.0 -999.0 -999.0 -999.0 -999.0} "" -999.0 -999.0 -999.0 -999.0 -999 -999 "" "" "" "" 0 0 0.0 0.0 -999 ""
FIBERMAP 689 R+5C20 BOSS 1 1 0 1 0 0 179.07051318637704 105.54979874766907 143.1 188.75992841925546 -86.97615535264839 151.81383 112.29043 174.43281510666063 2.189228957022505 71.647415 -22.470062 5.3914495 174.4333532164287 2.1891630304422804 174.43524389797858 2.0483446499654323 58.233977169002834 163.47755962038025 5400.0 5400.0 2016.0 1 194 {-999.0 18.857738 17.195454 15.348414 -999.0} sdss_psfmag_ps1 16.74382 15.995138 14.776563 -999.0 63050395169983874 1092459089 bright_flexible_2x1 mwm_cb_galex_vol_boss mwm_cb science 0 0 1.3006606101989746 0.0 -999 ""
FIBERMAP 689 R+5C20 METROLOGY 0 0 0 1 0 0 179.66811992918517 105.09294745659707 143.1 188.7251234552716 -87.72747445351744 151.81383 112.29043 -999.0 -999.0 -999.0 -999.0 -999.0 174.43316644003315 2.1857979259192115 174.435064731019 2.0449454477584452 58.23071955373972 163.4794347439558 -999.0 6231.0 -999.0 -1 -999 {-999.0 -999.0 -999.0 -999.0 -999.0} "" -999.0 -999.0 -999.0 -999.0 -999 -999 "" "" "" "" 0 0 0.0 0.0 -999 ""
FIBERMAP 690 R-4C17 APOGEE 0 0 0 1 0 0 126.48116786198192 -67.21318114093158 143.1 16.852188813011963 -142.2163015599677 71.53216 77.12247 -999.0 -999.0 -999.0 -999.0 -999.0 173.65304387879158 1.9372349123157533 173.65504694450715 1.7965626027866681 58.166893439468176 165.02736169144816 -999.0 16600.0 -999.0 2 201 {-999.0 -999.0 -999.0 -999.0 -999.0} "" -999.0 -999.0 -999.0 -999.0 -999 -999 "" ops_sky_apogee_best_unassigned ops_sky sky_apogee 0 0 0.0 0.0 -999 ""
FIBERMAP 690 R-4C17 BOSS 1 1 0 1 0 0 127.11223169181788 -67.59674311902482 143.1 16.896662740110486 -142.95334558210592 71.53216 77.12247 173.6531113779431 1.933779779606436 -60.58832 -17.065254 1.977129 173.65327995655352 1.933716000590437 173.65525422357257 1.7931680768140696 58.16353503267871 165.0283770403635 5400.0 5400.0 2016.0 1 301 {-999.0 17.114628 15.928574 15.476981 -999.0} sdss_psfmag 16.673204 15.932883 15.098422 13.488 63050395169998154 1136203284 dark_flexible_3x1 mwm_halo_local_high_boss_triple mwm_halo science 0 0 1.258773922920227 0.0 -999 ""
FIBERMAP 690 R-4C17 METROLOGY 0 0 0 1 0 0 126.45571470397823 -67.95720085154065 143.1 16.226405622848052 -142.61936065901511 71.53216 77.12247 -999.0 -999.0 -999.0 -999.0 -999.0 173.6502216435775 1.9352724707332993 173.65220486933663 1.794690085501539 58.165682985795144 165.03339009148777 -999.0 6231.0 -999.0 -1 -999 {-999.0 -999.0 -999.0 -999.0 -999.0} "" -999.0 -999.0 -999.0 -999.0 -999 -999 "" "" "" "" 0 0 0.0 0.0 -999 ""
FIBERMAP 691 R+10C2 APOGEE 0 0 0 1 0 0 -177.12410574132548 199.61772626895382 143.1 63.07173261024688 259.2732435372973 223.23203 43.662415 -999.0 -999.0 -999.0 -999.0 -999.0 173.8616316619351 3.756786456550332 173.86418433805954 3.615714531259157 59.891856769987584 163.83303961885804 -999.0 16600.0 -999.0 2 -999 {-999.0 -999.0 -999.0 -999.0 -999.0} "" -999.0 -999.0 -999.0 -999.0 -999 -999 "" "" "" "" 0 0 0.0 0.0 -999 ""
FIBERMAP 691 R+10C2 BOSS 1 1 0 1 0 0 -177.07036267571218 200.38018389987906 143.1 63.72878488898015 259.66356657586766 223.23203 43.662415 173.86426744438296 3.7584129757942875 -63.577507 4.7357116 1.9470413 173.8646298576249 3.7584055576937114 173.86715436984787 3.6174475897309217 59.892845923784094 163.82648490364434 5400.0 5400.0 2016.0 1 18 {-999.0 13.792251 13.403295 13.2814665 -999.0} sdss_psfmag_gaia 13.730032 13.426321 12.953233 12.094 63050395170014465 1136478389 dark_flexible_3x1 mwm_halo_local_high_boss_triple mwm_halo science 0 0 2.068079948425293 0.0 -999 ""
FIBERMAP 691 R+10C2 METROLOGY 0 0 0 1 0 0 -176.46146681600072 199.9606134736673 143.1 63.731042477569176 258.9242165278235 223.23203 43.662415 -999.0 -999.0 -999.0 -999.0 -999.0 173.86464406016398 3.7551415246235833 173.86717539909716 3.6141515259391164 59.88963698628001 163.82798622013135 -999.0 6231.0 -999.0 -1 -999 {-999.0 -999.0 -999.0 -999.0 -999.0} "" -999.0 -999.0 -999.0 -999.0 -999 -999 "" "" "" "" 0 0 0.0 0.0 -999 ""
FIBERMAP 692 R+8C17 APOGEE 1 1 0 1 0 0 169.02798676148814 158.84534800750947 143.1 226.824388320808 -48.35545674231385 16.759903 117.96197 174.60489823018798 2.3648952368111456 38.658424 -73.67933 5.6140623 174.605014669964 2.3647011835032434 174.6069503976729 2.223681874445658 58.36255701622959 163.079969601607 16000.0 16600.0 2016.0 2 81 {-999.0 10.051302 9.647336 9.519441 -999.0} sdss_psfmag_gaia 9.985306 9.672171 9.19237 8.381 63050395169991446 975467928 "" ops_std_apogee ops_std standard_apogee 0 0 0.0 0.0 -999 ""
FIBERMAP 692 R+8C17 BOSS 0 0 0 1 0 0 169.5109827802526 158.29406840830336 143.1 226.6466924078548 -49.06642173778976 16.759903 117.96197 -999.0 -999.0 -999.0 -999.0 -999.0 174.6042732521247 2.361349976327837 174.60617732045625 2.2204535127177305 58.35961613330569 163.0829045526555 -999.0 5400.0 -999.0 1 226 {-999.0 -999.0 -999.0 -999.0 -999.0} "" -999.0 -999.0 -999.0 -999.0 -999 -999 "" "" "" "" 0 0 0.0 0.0 -999 ""
FIBERMAP 692 R+8C17 METROLOGY 0 0 0 1 0 0 168.79308240697006 158.11977092187868 143.1 226.09440402545076 -48.57592355702466 16.759903 117.96197 -999.0 -999.0 -999.0 -999.0 -999.0 174.6017862713409 2.3636031351117843 174.60370029873627 2.2226722968143453 58.36237341380448 163.08644379043085 -999.0 6231.0 -999.0 -1 -999 {-999.0 -999.0 -999.0 -999.0 -999.0} "" -999.0 -999.0 -999.0 -999.0 -999 -999 "" "" "" "" 0 0 0.0 0.0 -999 ""
FIBERMAP 693 R+2C15 APOGEE 0 0 0 1 0 0 38.89026536800597 21.432293630261597 143.1 39.76972818782304 -19.73889667496575 286.25214 76.04958 -999.0 -999.0 -999.0 -999.0 -999.0 173.75750758501607 2.494068423464684 173.75967308238342 2.3532595476604556 58.68685121020998 164.59820283615252 -999.0 16600.0 -999.0 2 54 {-999.0 -999.0 -999.0 -999.0 -999.0} "" -999.0 -999.0 -999.0 -999.0 -999 -999 "" ops_sky_apogee_best_unassigned ops_sky sky_apogee 0 0 0.0 0.0 -999 ""
FIBERMAP 693 R+2C15 BOSS 1 1 0 1 0 0 38.151596439745255 21.393919688052023 143.1 39.317278477234844 -19.153880778680662 286.25214 76.04958 173.7554845355755 2.4966498357795084 -1.9188058 -0.7205051 1.5238416 173.75549505532695 2.4966007026436654 173.75763405406212 2.3559130420135075 58.689892914537495 164.6008827402868 5400.0 5400.0 2016.0 1 198 {-999.0 20.453104 20.449844 20.41489 19.881048} sdss_psfmag 20.441383 20.63278 19.98389 -999.0 63050395170000370 1129029436 dark_1x4 bhm_aqmes_wide1_faint bhm_filler science 0 0 0.0 0.0 -999 ""
FIBERMAP 693 R+2C15 METROLOGY 0 0 0 1 0 0 38.48050662488307 22.064347118423306 143.1 40.05552053024313 -19.04207459725399 286.25214 76.04958 -999.0 -999.0 -999.0 -999.0 -999.0 173.75884830354113 2.497147383637518 173.76099459222291 2.3564243071235214 58.68964071847928 164.59436512150663 -999.0 6231.0 -999.0 -1 -999 {-999.0 -999.0 -999.0 -999.0 -999.0} "" -999.0 -999.0 -999.0 -999.0 -999 -999 "" "" "" "" 0 0 0.0 0.0 -999 ""
FIBERMAP 694 R+3C15 APOGEE 0 0 0 1 0 0 65.77652176626592 52.546190978293154 143.1 80.65341542253859 -24.098470581821342 313.09695 133.65067 -999.0 -999.0 -999.0 -999.0 -999.0 173.9437421745869 2.4742768310239582 173.94585928448032 2.333417178969271 58.62549396940091 164.25843411227868 -999.0 16600.0 -999.0 2 -999 {-999.0 -999.0 -999.0 -999.0 -999.0} "" -999.0 -999.0 -999.0 -999.0 -999 -999 "" "" "" "" 0 0 0.0 0.0 -999 ""
FIBERMAP 694 R+3C15 BOSS 1 1 0 1 0 0 65.71959807292234 51.76298407050835 143.1 79.9775033053105 -24.49800418809648 313.09695 133.65067 173.94020983203828 2.472334032971666 1.6695982 -6.0485964 0.010608921 173.9407346320795 2.4723228313925762 173.94282333972365 2.3315856804217043 58.624403279515676 164.26490966931885 5400.0 5400.0 2016.0 1 197 {-999.0 14.639872 14.049231 13.77523 -999.0} sdss_psfmag_from_g3xp 14.488174 14.046921 13.42738 12.164 63050395169999462 1061910388 dark_flexible_2x1 manual_mwm_halo_vmp_wise_boss mwm_halo science 0 0 1.8558557033538818 0.0 -999 ""
FIBERMAP 694 R+3C15 METROLOGY 0 0 0 1 0 0 65.11332758173806 52.20437896252976 143.1 79.9946725113509 -23.748374692884045 313.09695 133.65067 -999.0 -999.0 -999.0 -999.0 -999.0 173.94079802808923 2.4757727951991852 173.94289589446316 2.335000599994666 58.62771151627359 164.2632770041464 -999.0 6231.0 -999.0 -1 -999 {-999.0 -999.0 -999.0 -999.0 -999.0} "" -999.0 -999.0 -999.0 -999.0 -999 -999 "" "" "" "" 0 0 0.0 0.0 -999 ""
FIBERMAP 695 R-4C1 APOGEE 0 0 0 1 0 0 -259.25171048459833 -81.24315120325151 143.1 -214.48017655235242 166.7030745607092 195.72035 117.16095 -999.0 -999.0 -999.0 -999.0 -999.0 172.60444641145614 3.3370809332711286 172.6071899117568 3.1964906145832632 59.7535379724249 166.45060011544606 -999.0 16600.0 -999.0 2 248 {-999.0 -999.0 -999.0 -999.0 -999.0} "" -999.0 -999.0 -999.0 -999.0 -999 -999 "" ops_sky_apogee_best_unassigned ops_sky sky_apogee 0 0 0.0 0.0 -999 ""
FIBERMAP 695 R-4C1 BOSS 1 1 0 1 0 0 -259.76905616250656 -80.7132889840237 143.1 -214.33965070196732 167.43005643551845 195.72035 117.16095 172.605095942883 3.3402683433362585 7.1921487 -13.07685 2.0780816 172.60512097575696 3.340237732311247 172.60784195934184 3.1997633490116657 59.756617886893935 166.4480508853669 5400.0 5400.0 2016.0 1 497 {-999.0 20.219782 20.431162 20.706951 -999.0} sdss_psfmag 20.202454 20.273962 20.416815 -999.0 63050395170252869 1092607211 dark_flexible_2x1 mwm_cb_galex_vol_boss mwm_cb science 0 0 0.0 0.0 -999 ""
FIBERMAP 695 R-4C1 METROLOGY 0 0 0 1 0 0 -259.0415040370698 -80.52400665198698 143.1 -213.76955098241623 166.9401674172395 195.72035 117.16095 -999.0 -999.0 -999.0 -999.0 -999.0 172.60765630837759 3.3380919638662685 172.6103824854681 3.1975840014825017 59.75398075032183 166.44396802490093 -999.0 6231.0 -999.0 -1 -999 {-999.0 -999.0 -999.0 -999.0 -999.0} "" -999.0 -999.0 -999.0 -999.0 -999 -999 "" "" "" "" 0 0 0.0 0.0 -999 ""
FIBERMAP 698 R+7C18 APOGEE 0 0 0 1 0 0 156.17357664161926 134.46788303924933 143.1 199.47117285858664 -51.68562525051242 174.94032 128.50107 -999.0 -999.0 -999.0 -999.0 -999.0 174.48203092461196 2.349382136136611 174.4839893263262 2.208397706588131 58.377621582989704 163.3143120019091 -999.0 16600.0 -999.0 2 40 {-999.0 -999.0 -999.0 -999.0 -999.0} "" -999.0 -999.0 -999.0 -999.0 -999 -999 "" ops_sky_apogee_best_unassigned ops_sky sky_apogee 0 0 0.0 0.0 -999 ""
FIBERMAP 698 R+7C18 BOSS 1 1 0 1 0 0 155.75529293264594 135.08538217174913 143.1 199.74014963634275 -50.9900927816175 174.94032 128.50107 174.48334059477702 2.3524443536138504 -2.0847976 -10.947639 -0.046421714 174.48332659140024 2.352404552771525 174.4852551971927 2.2115412326144144 58.38036629337068 163.31052207838798 5400.0 5400.0 2016.0 1 196 {-999.0 17.268888 16.978914 16.8756 -999.0} sdss_psfmag 17.233591 16.964108 16.546383 15.809 63050395169991466 981768994 "" ops_std_boss_tic ops_std standard_boss 0 0 0.0 0.0 -999 ""
FIBERMAP 698 R+7C18 METROLOGY 0 0 0 1 0 0 156.4948387041474 135.14099304918122 143.1 200.20726069605712 -51.5660068122397 174.94032 128.50107 -999.0 -999.0 -999.0 -999.0 -999.0 174.48540552891214 2.349833534384951 174.4873415206888 2.208935584189446 58.3773340295448 163.3078647915469 -999.0 6231.0 -999.0 -1 -999 {-999.0 -999.0 -999.0 -999.0 -999.0} "" -999.0 -999.0 -999.0 -999.0 -999 -999 "" "" "" "" 0 0 0.0 0.0 -999 ""
FIBERMAP 704 R+5C16 APOGEE 1 1 0 1 0 0 95.90063734817066 112.33651468945699 143.1 146.94241894301217 -14.777301748939568 129.40831 93.81983 174.24503382207567 2.5168848103522836 -32.966873 -34.792797 5.133031 174.24491348194215 2.5167809631668834 174.246975861426 2.37582862691928 58.59681578248458 163.67768101769104 16000.0 16600.0 2016.0 2 79 {-999.0 11.630283 11.154747 10.997738 -999.0} sdss_psfmag_gaia 11.540044 11.187111 10.67056 9.743 63050395170006699 1103811792 bright_1x1 mwm_tess_2min_apogee mwm_planet science 0 0 0.0 0.0 -999 ""
FIBERMAP 704 R+5C16 BOSS 0 0 0 1 0 0 96.4304316260839 112.85287773417323 143.1 147.66855478083923 -14.918331721761346 129.40831 93.81983 -999.0 -999.0 -999.0 -999.0 -999.0 174.24829047799196 2.516013491759047 174.25032232308706 2.3751815292347573 58.59539607053731 163.67174014440576 -999.0 5400.0 -999.0 1 214 {-999.0 -999.0 -999.0 -999.0 -999.0} "" -999.0 -999.0 -999.0 -999.0 -999 -999 "" "" "" "" 0 0 0.0 0.0 -999 ""
FIBERMAP 704 R+5C16 METROLOGY 0 0 0 1 0 0 96.61781191634094 112.13766281409865 143.1 147.1877180276945 -15.479838527315207 129.40831 93.81983 -999.0 -999.0 -999.0 -999.0 -999.0 174.24609062954394 2.5134953360324097 174.24813057096867 2.3726301240012972 58.59343515076872 163.6769816284131 -999.0 6231.0 -999.0 -1 -999 {-999.0 -999.0 -999.0 -999.0 -999.0} "" -999.0 -999.0 -999.0 -999.0 -999 -999 "" "" "" "" 0 0 0.0 0.0 -999 ""
FIBERMAP 706 R+6C21 APOGEE 0 0 0 1 0 0 233.9284459853178 131.0939900872379 143.1 241.00694311427503 -117.49080651243838 91.58739 76.6145 -999.0 -999.0 -999.0 -999.0 -999.0 174.66703344214736 2.052419766910181 174.66886461423758 1.9114440640698673 58.04467052861338 163.1110977243263 -999.0 16600.0 -999.0 2 67 {-999.0 -999.0 -999.0 -999.0 -999.0} "" -999.0 -999.0 -999.0 -999.0 -999 -999 "" ops_sky_apogee_best_unassigned ops_sky sky_apogee 0 0 0.0 0.0 -999 ""
FIBERMAP 706 R+6C21 BOSS 1 1 0 1 0 0 234.65795418592623 130.9529176570305 143.1 241.30674138109055 -118.17055151889635 91.58739 76.6145 174.6685358972852 2.0494684913750145 -44.805992 -77.38562 1.4181988 174.6683873840639 2.0492372369917917 174.67018618461486 1.9083853546765213 58.04138174551048 163.11009047319797 5400.0 5400.0 2016.0 1 249 {-999.0 17.97437 16.973942 16.558788 -999.0} sdss_psfmag 17.646948 16.977219 16.207674 14.597 63050395169983538 1136202965 dark_flexible_3x1 mwm_halo_local_high_boss_triple mwm_halo science 0 0 0.0 0.0 -999 ""
FIBERMAP 706 R+6C21 METROLOGY 0 0 0 1 0 0 234.17604939665017 130.38826202822298 143.1 240.5682181286073 -118.09638603974635 91.58739 76.6145 -999.0 -999.0 -999.0 -999.0 -999.0 174.66507979522325 2.049588085116155 174.66688822715162 1.908701958947101 58.04249431788591 163.11598279176488 -999.0 6231.0 -999.0 -1 -999 {-999.0 -999.0 -999.0 -999.0 -999.0} "" -999.0 -999.0 -999.0 -999.0 -999 -999 "" "" "" "" 0 0 0.0 0.0 -999 ""
FIBERMAP 709 R+2C18 APOGEE 0 0 0 1 0 0 123.4077414140374 28.655067408113137 143.1 93.86520600914521 -85.06177677595983 335.06754 99.62952 -999.0 -999.0 -999.0 -999.0 -999.0 174.00360070568166 2.1970212345776443 174.00561588645292 2.0561967592909323 58.341961920725964 164.26825322448377 -999.0 16600.0 -999.0 2 -999 {-999.0 -999.0 -999.0 -999.0 -999.0} "" -999.0 -999.0 -999.0 -999.0 -999 -999 "" "" "" "" 0 0 0.0 0.0 -999 ""
FIBERMAP 709 R+2C18 BOSS 1 1 0 1 0 0 123.23981770663943 27.945261613128487 143.1 93.18634740366484 -85.32828711624455 335.06754 99.62952 174.00058527691198 2.1956500708544398 -0.32646 -0.06645837 -0.34176368 174.00058297913273 2.195645991973654 174.00256962524884 2.05494526017172 58.34143780064517 164.27444450962994 5400.0 5400.0 2016.0 1 200 {-999.0 19.20202 19.161476 18.935602 19.009466} sdss_psfmag 19.311035 19.301702 18.86017 -999.0 63050395169998861 1059933910 dark_2x4 bhm_aqmes_wide2 bhm_aqmes science 0 0 0.0 0.0 -999 ""
FIBERMAP 709 R+2C18 METROLOGY 0 0 0 1 0 0 122.69104292016559 28.44769033755407 143.1 93.2864246554309 -84.59111607111666 335.06754 99.62952 -999.0 -999.0 -999.0 -999.0 -999.0 174.00102703424315 2.1990377902762037 174.00302281219308 2.0583015270618934 58.34460232403335 164.27214584691856 -999.0 6231.0 -999.0 -1 -999 {-999.0 -999.0 -999.0 -999.0 -999.0} "" -999.0 -999.0 -999.0 -999.0 -999 -999 "" "" "" "" 0 0 0.0 0.0 -999 ""
FIBERMAP 710 R+8C6 APOGEE 0 0 0 1 0 0 -83.81462177842877 163.76538195241045 143.1 86.78715870759365 162.1810743001432 32.69902 138.09706 -999.0 -999.0 -999.0 -999.0 -999.0 173.97067542539222 3.3205419895851995 173.97305770921923 3.179517638915485 59.442336554915606 163.82646459822848 -999.0 16600.0 -999.0 2 -999 {-999.0 -999.0 -999.0 -999.0 -999.0} "" -999.0 -999.0 -999.0 -999.0 -999 -999 "" "" "" "" 0 0 0.0 0.0 -999 ""
FIBERMAP 710 R+8C6 BOSS 1 1 0 1 0 0 -83.07112218354462 163.6437916208779 143.1 87.11093610436926 161.50093575892072 32.69902 138.09706 173.9720118522063 3.317451627964163 -54.754025 -20.941536 4.1021657 173.972208900833 3.317395871414395 173.974561436797 3.1764888965431206 59.43904010932411 163.82499147142656 5400.0 5400.0 2016.0 1 77 {-999.0 18.174706 16.801527 15.479039 -999.0} sdss_psfmag 17.648031 16.173275 14.989191 12.756 63050395170012495 1077945704 bright_flexible_2x1 mwm_snc_ext_main_boss mwm_snc science 0 0 1.2580997943878174 0.0 -999 ""
FIBERMAP 710 R+8C6 METROLOGY 0 0 0 1 0 0 -83.5511104093169 163.0673678129687 143.1 86.36383636795694 161.56682064630357 32.69902 138.09706 -999.0 -999.0 -999.0 -999.0 -999.0 173.96880163782552 3.3177273348544047 173.97116320925988 3.1767880537342106 59.440126790396654 163.8313405628605 -999.0 6231.0 -999.0 -1 -999 {-999.0 -999.0 -999.0 -999.0 -999.0} "" -999.0 -999.0 -999.0 -999.0 -999 -999 "" "" "" "" 0 0 0.0 0.0 -999 ""
FIBERMAP 714 R-3C22 APOGEE 0 0 0 1 0 0 216.967983205221 -49.47533737358111 143.1 82.98830075982407 -206.4516370715731 34.176865 143.37695 -999.0 -999.0 -999.0 -999.0 -999.0 173.95286295005604 1.6479279882212314 173.9547125687992 1.5072230481719653 57.81864994649283 164.5964250552339 -999.0 16600.0 -999.0 2 209 {-999.0 -999.0 -999.0 -999.0 -999.0} "" -999.0 -999.0 -999.0 -999.0 -999 -999 "" ops_sky_apogee_best_unassigned ops_sky sky_apogee 0 0 0.0 0.0 -999 ""
FIBERMAP 714 R-3C22 BOSS 1 1 0 1 0 0 217.70185322360797 -49.482393376184675 143.1 83.40069108746688 -207.0585979688667 34.176865 143.37695 173.95477294921875 1.6450083978654533 -999.0 -999.0 -999.0 173.9547643874598 1.6450458853823935 173.95658398592673 1.5044662463364087 57.81554483170467 164.59415801858617 5400.0 5400.0 2015.5 1 309 {-999.0 -999.0 -999.0 -999.0 -999.0} "" -999.0 -999.0 -999.0 -999.0 27021603142678091 812158487 "" ops_sky_boss_good ops_sky sky_boss 0 0 0.0 0.0 -999 ""
FIBERMAP 714 R-3C22 METROLOGY 0 0 0 1 0 0 217.31862358193231 -50.13164302221593 143.1 82.64889516253233 -207.11370792029982 34.176865 143.37695 -999.0 -999.0 -999.0 -999.0 -999.0 173.95134750716875 1.6448287596657785 173.95317583562974 1.5042146363101934 57.81606075467068 164.60049823646693 -999.0 6231.0 -999.0 -1 -999 {-999.0 -999.0 -999.0 -999.0 -999.0} "" -999.0 -999.0 -999.0 -999.0 -999 -999 "" "" "" "" 0 0 0.0 0.0 -999 ""
FIBERMAP 715 R-6C17 APOGEE 0 0 0 1 0 0 152.09769678453375 -113.3652076667083 143.1 -6.468557888882636 -189.561786590874 46.194527 76.05798 -999.0 -999.0 -999.0 -999.0 -999.0 173.547062709985 1.723222209263411 173.54901468397202 1.5826230187232628 57.980795152259105 165.31019359071874 -999.0 16600.0 -999.0 2 205 {-999.0 -999.0 -999.0 -999.0 -999.0} "" -999.0 -999.0 -999.0 -999.0 -999 -999 "" ops_sky_apogee_best_unassigned ops_sky sky_apogee 0 0 0.0 0.0 -999 ""
FIBERMAP 715 R-6C17 BOSS 1 1 0 1 0 0 152.46947518673377 -114.00818581089261 143.1 -6.784968481634247 -190.23362969899145 46.194527 76.05798 173.54563975213424 1.7200241696736351 0.26867968 -0.766733 0.2466343 173.54565286928323 1.7200165398150198 173.5475767779609 1.5795431911879372 57.97809276755295 165.31408096638145 5400.0 5400.0 2016.0 1 299 {-999.0 20.807905 20.673862 20.549185 20.490925} sdss_psfmag_from_gaiadr2 20.574562 20.664663 20.127934 -999.0 63050395169996077 1056632345 dark_flexible_2x2 bhm_gua_dark bhm_filler science 0 0 0.0 0.0 -999 ""
FIBERMAP 715 R-6C17 METROLOGY 0 0 0 1 0 0 151.72519616862203 -114.03705771337698 143.1 -7.232808259169094 -189.63858998110206 46.194527 76.05798 -999.0 -999.0 -999.0 -999.0 -999.0 173.54360960678136 1.7227438438096587 173.5455425599264 1.5822352210131356 57.9811564958024 165.3167451718445 -999.0 6231.0 -999.0 -1 -999 {-999.0 -999.0 -999.0 -999.0 -999.0} "" -999.0 -999.0 -999.0 -999.0 -999 -999 "" "" "" "" 0 0 0.0 0.0 -999 ""
FIBERMAP 717 R+6C9 APOGEE 0 0 0 1 0 0 -60.42417804451641 126.45693756428139 143.1 69.463699522944 121.70393263914893 184.99991 71.45712 -999.0 -999.0 -999.0 -999.0 -999.0 173.89232749990242 3.1374914230209177 173.89467094931808 2.9965233644646254 59.2826066040314 164.05947523592374 -999.0 16600.0 -999.0 2 -999 {-999.0 -999.0 -999.0 -999.0 -999.0} "" -999.0 -999.0 -999.0 -999.0 -999 -999 "" "" "" "" 0 0 0.0 0.0 -999 ""
FIBERMAP 717 R+6C9 BOSS 1 1 0 1 0 0 -60.26174367592691 127.19615038088017 143.1 70.1635905999821 121.9917102203213 184.99991 71.45712 173.8950033018146 3.1387170368427717 -16.369202 3.38733 0.6036213 173.8955663755936 3.138722585973404 173.89788128885561 2.9978714223336955 59.283176559543065 164.05275867241716 5400.0 5400.0 2016.0 1 130 {-999.0 13.960981 13.349445 13.112815 -999.0} sdss_psfmag_from_g3xp 13.813425 13.37537 12.768633 11.568 63050395170008666 1068344390 bright_single_1x1 manual_mwm_validation_cool_boss mwm_validation science 0 0 2.146627187728882 0.0 -999 ""
FIBERMAP 717 R+6C9 METROLOGY 0 0 0 1 0 0 -59.71356611916293 126.68429778960063 143.1 70.0554304708778 121.24965976988621 184.99991 71.45712 -999.0 -999.0 -999.0 -999.0 -999.0 173.8950666618998 3.1353823094987607 173.89738858826706 2.9944984587544505 59.28000891072675 164.05522325878604 -999.0 6231.0 -999.0 -1 -999 {-999.0 -999.0 -999.0 -999.0 -999.0} "" -999.0 -999.0 -999.0 -999.0 -999 -999 "" "" "" "" 0 0 0.0 0.0 -999 ""
FIBERMAP 719 R+3C18 APOGEE 0 0 0 1 0 0 132.70331603860234 53.20163145498534 143.1 119.3293896947589 -78.71134617595261 314.98184 134.26929 -999.0 -999.0 -999.0 -999.0 -999.0 174.1192988612277 2.226055093181284 174.12129847073413 2.0851924397143127 58.343621872988535 164.04117980115151 -999.0 16600.0 -999.0 2 87 {-999.0 -999.0 -999.0 -999.0 -999.0} "" -999.0 -999.0 -999.0 -999.0 -999 -999 "" ops_sky_apogee_best_unassigned ops_sky sky_apogee 0 0 0.0 0.0 -999 ""
FIBERMAP 719 R+3C18 BOSS 1 1 0 1 0 0 132.6729936495848 52.4471074058397 143.1 118.69220157149094 -79.11639054212726 314.98184 134.26929 174.11647049131636 2.224054023333141 -999.0 -999.0 -999.0 174.1164803979297 2.2240562480913275 174.1184508409342 2.0833172839632397 58.34245581204837 164.04728138451435 5400.0 5400.0 2016.0 1 218 {-999.0 22.042744 20.930962 20.420685 20.032673} sdss_fiber2mag_from_lsdr10 1e+20 1e+20 1e+20 -999.0 63050399017127695 1059002909 dark_flexible_2x2 bhm_spiders_agn_lsdr10 bhm_spiders science 0 0 0.0 0.0 -999 ""
FIBERMAP 719 R+3C18 METROLOGY 0 0 0 1 0 0 132.04147854633985 52.851093569005286 143.1 118.66425079331611 -78.36733726923877 314.98184 134.26929 -999.0 -999.0 -999.0 -999.0 -999.0 174.11634268397114 2.227499212233682 174.1183224985565 2.0867249004030413 58.34580070649923 164.0460174934133 -999.0 6231.0 -999.0 -1 -999 {-999.0 -999.0 -999.0 -999.0 -999.0} "" -999.0 -999.0 -999.0 -999.0 -999 -999 "" "" "" "" 0 0 0.0 0.0 -999 ""
FIBERMAP 721 R+9C9 APOGEE 0 0 0 1 0 0 -0.1569405648178659 162.5362092735845 143.1 133.4486593231099 92.74834747906822 337.8725 89.92748 -999.0 -999.0 -999.0 -999.0 -999.0 174.18330941038886 3.0055050536076395 174.18553798525454 2.86447854309263 59.08606999815922 163.5687623381797 -999.0 16600.0 -999.0 2 9 {-999.0 -999.0 -999.0 -999.0 -999.0} "" -999.0 -999.0 -999.0 -999.0 -999 -999 "" ops_sky_apogee_best_unassigned ops_sky sky_apogee 0 0 0.0 0.0 -999 ""
FIBERMAP 721 R+9C9 BOSS 1 1 0 1 0 0 -0.4275172971309402 161.84539761700447 143.1 132.72691045133024 92.57699940933813 337.8725 89.92748 174.1801436466456 3.004659301190515 -3.1715868 -6.530962 0.43669105 174.18011424018604 3.0046501549246774 174.1823141880668 2.8637434829065085 59.08612273126505 163.57518996361293 5400.0 5400.0 2016.0 1 125 {-999.0 17.746296 17.319971 17.183575 -999.0} sdss_psfmag 17.63037 17.338707 16.852003 16.067 63050395170008350 977049183 "" ops_std_boss ops_std standard_boss 0 0 0.0 0.0 -999 ""
FIBERMAP 721 R+9C9 METROLOGY 0 0 0 1 0 0 -0.8964083460584824 162.41684637643107 143.1 132.92921469673414 93.28786907172054 337.8725 89.92748 -999.0 -999.0 -999.0 -999.0 -999.0 174.18100710685317 3.0079005651665693 174.18321610596388 2.8669593678888385 59.089031676371874 163.57199655350186 -999.0 6231.0 -999.0 -1 -999 {-999.0 -999.0 -999.0 -999.0 -999.0} "" -999.0 -999.0 -999.0 -999.0 -999 -999 "" "" "" "" 0 0 0.0 0.0 -999 ""
FIBERMAP 723 R-2C19 APOGEE 0 0 0 1 0 0 113.54636788974547 -46.167744400613905 143.1 26.772156405296368 -119.59669965303502 272.93408 22.881065 -999.0 -999.0 -999.0 -999.0 -999.0 173.698214315332 2.0398234416505994 173.70024234041637 1.8991180320821572 58.25711741199118 164.90118659163718 -999.0 16600.0 -999.0 2 212 {-999.0 -999.0 -999.0 -999.0 -999.0} "" -999.0 -999.0 -999.0 -999.0 -999 -999 "" ops_sky_apogee_best_unassigned ops_sky sky_apogee 0 0 0.0 0.0 -999 ""
FIBERMAP 723 R-2C19 BOSS 1 1 0 1 0 0 113.2324226718477 -45.49621242666281 143.1 27.144982114113127 -118.9561006241743 272.93408 22.881065 173.69996178793053 2.0426134736397055 -5.509629 -19.510853 11.804812 173.6999522298408 2.0425554863546553 173.7019530916673 1.901972307856974 58.25952750920901 164.89682639924922 5400.0 5400.0 2016.0 1 297 {-999.0 nan nan nan nan} undefined 17.256565 16.12352 14.307662 -999.0 63050395169998219 1059000962 bright_flexible_2x1 bhm_spiders_agn_lsdr10 bhm_spiders science 0 0 0.0 0.0 -999 ""
FIBERMAP 723 R-2C19 METROLOGY 0 0 0 1 0 0 113.96684495092781 -45.55359968318605 143.1 27.516335496858446 -119.59219594472383 272.93408 22.881065 -999.0 -999.0 -999.0 -999.0 -999.0 173.70163146160326 2.039715276440587 173.70363888318934 1.899097212576743 58.25635298023139 164.89489982904345 -999.0 6231.0 -999.0 -1 -999 {-999.0 -999.0 -999.0 -999.0 -999.0} "" -999.0 -999.0 -999.0 -999.0 -999 -999 "" "" "" "" 0 0 0.0 0.0 -999 ""
FIBERMAP 724 R+1C21 APOGEE 0 0 0 1 0 0 180.86568194057162 23.708179518605288 143.1 122.54264608595672 -135.08756178492325 23.604603 111.74088 -999.0 -999.0 -999.0 -999.0 -999.0 174.13320334437083 1.970462066147047 174.13511983085255 1.8296441919679505 58.09178132981263 164.1276061161352 -999.0 16600.0 -999.0 2 -999 {-999.0 -999.0 -999.0 -999.0 -999.0} "" -999.0 -999.0 -999.0 -999.0 -999 -999 "" "" "" "" 0 0 0.0 0.0 -999 ""
FIBERMAP 724 R+1C21 BOSS 1 1 0 1 0 0 181.41176283215046 23.20744999446936 143.1 122.44242979449223 -135.82155128358667 23.604603 111.74088 174.13280600239565 1.966957064549174 0.21833117 -0.1043038 -0.03600628 174.1328038768224 1.9669751343243647 174.13469007556807 1.82628181340765 58.088607984355924 164.12986048962168 5400.0 5400.0 2016.0 1 234 {-999.0 18.011343 17.840656 17.628716 17.678415} sdss_psfmag 17.677004 17.466347 17.000374 15.854 63050395169983227 1059933871 dark_2x4 bhm_aqmes_wide2 bhm_aqmes science 0 0 0.0 0.0 -999 ""
FIBERMAP 724 R+1C21 METROLOGY 0 0 0 1 0 0 180.69869142972894 22.981009559242068 143.1 121.85005303172647 -135.36473360117236 23.604603 111.74088 -999.0 -999.0 -999.0 -999.0 -999.0 174.13011189083397 1.9690762222095153 174.132007600953 1.8283481655042844 58.09123566937482 164.13389743243815 -999.0 6231.0 -999.0 -1 -999 {-999.0 -999.0 -999.0 -999.0 -999.0} "" -999.0 -999.0 -999.0 -999.0 -999 -999 "" "" "" "" 0 0 0.0 0.0 -999 ""
FIBERMAP 730 R+6C13 APOGEE 0 0 0 1 0 0 32.97224996551453 118.9187408703939 143.1 116.49128430651577 40.67482543642179 157.3141 127.493286 -999.0 -999.0 -999.0 -999.0 -999.0 174.10668577252 2.769053343314868 174.10885894950923 2.6280921539046718 58.874482413941784 163.82158985853377 -999.0 16600.0 -999.0 2 -999 {-999.0 -999.0 -999.0 -999.0 -999.0} "" -999.0 -999.0 -999.0 -999.0 -999 -999 "" "" "" "" 0 0 0.0 0.0 -999 ""
FIBERMAP 730 R+6C13 BOSS 1 1 0 1 0 0 32.78671831249882 119.64907296857491 143.1 116.98559460371925 41.243427772171835 157.3141 127.493286 174.1090250584331 2.7715464048350222 -0.19610213 -0.26463792 -0.20732212 174.10900999035476 2.7715354469901845 174.1111544301084 2.6306930254990664 58.87647280636968 163.8160971257067 5400.0 5400.0 2016.0 1 149 {-999.0 19.977425 19.952044 19.824987 19.693066} sdss_psfmag_from_lsdr10 19.958141 19.890337 19.377983 -999.0 63050395170008081 1059006748 dark_flexible_2x2 bhm_spiders_agn_lsdr10 bhm_spiders science 0 0 0.0 0.0 -999 ""
FIBERMAP 730 R+6C13 METROLOGY 0 0 0 1 0 0 33.49755648340488 119.44856635371245 143.1 117.225923447543 40.54515397864639 157.3141 127.493286 -999.0 -999.0 -999.0 -999.0 -999.0 174.11008649168352 2.768388716356567 174.11223789054907 2.627512616237279 58.87312723656562 163.8155053160301 -999.0 6231.0 -999.0 -1 -999 {-999.0 -999.0 -999.0 -999.0 -999.0} "" -999.0 -999.0 -999.0 -999.0 -999 -999 "" "" "" "" 0 0 0.0 0.0 -999 ""
FIBERMAP 733 R+2C2 APOGEE 0 0 0 1 0 0 -232.42622497370218 45.98184991449044 143.1 -94.66721731042593 217.1612466672831 48.71897 94.77121 -999.0 -999.0 -999.0 -999.0 -999.0 173.14610900566436 3.5676652203380037 173.14879392808768 3.426849411236702 59.86786115193824 165.30414040806244 -999.0 16600.0 -999.0 2 -999 {-999.0 -999.0 -999.0 -999.0 -999.0} "" -999.0 -999.0 -999.0 -999.0 -999 -999 "" "" "" "" 0 0 0.0 0.0 -999 ""
FIBERMAP 733 R+2C2 BOSS 1 1 0 1 0 0 -231.84034068410318 45.573620095078454 143.1 -94.66875527607877 216.44726500586106 48.71897 94.77121 173.1461088354173 3.564365440030671 0.016556267 0.19465534 -1.0562629 173.14610276677334 3.564376273385409 173.14876113805087 3.4236768933608372 59.864768911195654 165.3055545395379 5400.0 5400.0 2016.0 1 10 {-999.0 19.110823 19.117266 18.952126 19.04952} sdss_psfmag 19.088247 19.198141 18.665012 -999.0 63050395170014012 1059933954 dark_2x4 bhm_aqmes_wide2 bhm_aqmes science 0 0 0.0 0.0 -999 ""
FIBERMAP 733 R+2C2 METROLOGY 0 0 0 1 0 0 -232.50364720742672 45.23977998635905 143.1 -95.32101256481138 216.80199589159304 48.71897 94.77121 -999.0 -999.0 -999.0 -999.0 -999.0 173.14314946904057 3.565978057832759 173.14581640861024 3.425246521791973 59.86693030802824 165.3106065754489 -999.0 6231.0 -999.0 -1 -999 {-999.0 -999.0 -999.0 -999.0 -999.0} "" -999.0 -999.0 -999.0 -999.0 -999 -999 "" "" "" "" 0 0 0.0 0.0 -999 ""
FIBERMAP 741 R+5C9 APOGEE 0 0 0 1 0 0 -53.40029171115787 110.18515191978744 143.1 60.09744815334169 106.66088771006895 82.45262 113.16202 -999.0 -999.0 -999.0 -999.0 -999.0 173.84979795630971 3.0692902755309914 173.85212995918891 2.9283472121325143 59.226056486145495 164.17107396265536 -999.0 16600.0 -999.0 2 101 {-999.0 -999.0 -999.0 -999.0 -999.0} "" -999.0 -999.0 -999.0 -999.0 -999 -999 "" ops_sky_apogee_best_unassigned ops_sky sky_apogee 0 0 0.0 0.0 -999 ""
FIBERMAP 741 R+5C9 BOSS 1 1 0 1 0 0 -52.69418949726833 110.40512760558494 143.1 60.680542231308905 106.20611197800504 82.45262 113.16202 173.85250868385228 3.0671648157489715 -0.4669376 -0.49808037 0.13426094 173.85251047111825 3.0671512862030976 173.85481311768285 2.9263262136791237 59.22347402387604 164.1668841618438 5400.0 5400.0 2016.0 1 75 {-999.0 19.976194 19.750149 19.673634 19.637093} sdss_psfmag 20.165407 19.787027 19.232416 -999.0 63050395170008524 1129029469 dark_1x4 bhm_aqmes_wide1_faint bhm_filler science 0 0 0.0 0.0 -999 ""
FIBERMAP 741 R+5C9 METROLOGY 0 0 0 1 0 0 -52.842281995656755 109.68088105816696 143.1 60.001119839535534 105.91507962064794 82.45262 113.16202 -999.0 -999.0 -999.0 -999.0 -999.0 173.84940558321495 3.065858091733354 173.85171652235272 2.9250006208144783 59.222894156908055 164.1733613443719 -999.0 6231.0 -999.0 -1 -999 {-999.0 -999.0 -999.0 -999.0 -999.0} "" -999.0 -999.0 -999.0 -999.0 -999 -999 "" "" "" "" 0 0 0.0 0.0 -999 ""
FIBERMAP 742 R-5C19 APOGEE 0 0 0 1 0 0 184.5984401949779 -88.62441426969725 143.1 32.37840365167003 -202.1658063688407 68.589554 68.34733 -999.0 -999.0 -999.0 -999.0 -999.0 173.72343394732377 1.6666010387083998 173.72533324657456 1.5259595255345155 57.887487977366305 165.0089917822441 -999.0 16600.0 -999.0 2 -999 {-999.0 -999.0 -999.0 -999.0 -999.0} "" -999.0 -999.0 -999.0 -999.0 -999 -999 "" "" "" "" 0 0 0.0 0.0 -999 ""
FIBERMAP 742 R-5C19 BOSS 1 1 0 1 0 0 185.15078140116375 -89.11954259588558 143.1 32.28635661619443 -202.9017474992467 68.589554 68.34733 173.72303001606693 1.663123660143883 0.18460856 -0.21111397 0.421906 173.72304798421317 1.6631169948838318 173.72491830340607 1.522601395672838 57.88430054032991 165.0111277391593 5400.0 5400.0 2016.0 1 287 {-999.0 18.749075 18.616623 18.721638 18.63525} sdss_psfmag 19.44908 19.477137 18.817982 -999.0 63050395169981079 1059933863 dark_2x4 bhm_aqmes_wide2 bhm_aqmes science 0 0 0.0 0.0 -999 ""
FIBERMAP 742 R-5C19 METROLOGY 0 0 0 1 0 0 184.43802300227043 -89.35306254204521 143.1 31.688341761019156 -202.44922115596754 68.589554 68.34733 -999.0 -999.0 -999.0 -999.0 -999.0 173.7203268830331 1.6651933832171202 173.7222063208509 1.5246427259919668 57.88688270810819 165.01526998262997 -999.0 6231.0 -999.0 -1 -999 {-999.0 -999.0 -999.0 -999.0 -999.0} "" -999.0 -999.0 -999.0 -999.0 -999 -999 "" "" "" "" 0 0 0.0 0.0 -999 ""
FIBERMAP 743 R-1C3 APOGEE 0 0 0 1 0 0 -248.0204446957741 -21.07938640110789 143.1 -158.65023280998162 191.7592170460947 183.25168 120.03974 -999.0 -999.0 -999.0 -999.0 -999.0 172.85625509061268 3.451786985383046 172.8589755250424 3.311088781603663 59.81523087525497 165.91549737739177 -999.0 16600.0 -999.0 2 281 {-999.0 -999.0 -999.0 -999.0 -999.0} "" -999.0 -999.0 -999.0 -999.0 -999 -999 "" ops_sky_apogee_best_unassigned ops_sky sky_apogee 0 0 0.0 0.0 -999 ""
FIBERMAP 743 R-1C3 BOSS 1 1 0 1 0 0 -248.43976273807817 -20.46154924783926 143.1 -158.38156772087487 192.45579192997735 183.25168 120.03974 172.85751342773438 3.45485401556779 -999.0 -999.0 -999.0 172.8574951048193 3.454825608573791 172.86019193369998 3.314242703542886 59.81806886831166 165.91184731545553 5400.0 5400.0 2015.5 1 433 {-999.0 -999.0 -999.0 -999.0 -999.0} "" -999.0 -999.0 -999.0 -999.0 27021603142699600 812161535 "" ops_sky_boss_good ops_sky sky_boss 0 0 0.0 0.0 -999 ""
FIBERMAP 743 R-1C3 METROLOGY 0 0 0 1 0 0 -247.6967374744095 -20.401388441916474 143.1 -157.90873573740356 191.8796119090175 183.25168 120.03974 -999.0 -999.0 -999.0 -999.0 -999.0 172.85960961520172 3.4522830605231953 172.86231185635177 3.3116669557353466 59.81511389190838 165.90877779639442 -999.0 6231.0 -999.0 -1 -999 {-999.0 -999.0 -999.0 -999.0 -999.0} "" -999.0 -999.0 -999.0 -999.0 -999 -999 "" "" "" "" 0 0 0.0 0.0 -999 ""
FIBERMAP 748 R-1C24 APOGEE 0 0 0 1 0 0 251.97126479272507 -28.077491990396453 143.1 120.5147732053952 -223.0166574979325 14.490765 66.828896 -999.0 -999.0 -999.0 -999.0 -999.0 174.1221932057417 1.574432130180536 174.12398756995435 1.4336935166539215 57.70887156039788 164.31841809968867 -999.0 16600.0 -999.0 2 210 {-999.0 -999.0 -999.0 -999.0 -999.0} "" -999.0 -999.0 -999.0 -999.0 -999 -999 "" ops_sky_apogee_best_unassigned ops_sky sky_apogee 0 0 0.0 0.0 -999 ""
FIBERMAP 748 R-1C24 BOSS 1 1 0 1 0 0 251.86729054545222 -28.81604102408798 143.1 119.84874031958118 -223.35208706880064 14.490765 66.828896 174.11919242693457 1.5727787705947998 1.0032135 -0.31651488 0.045884054 174.11921630170139 1.5727704514128233 174.12098135685892 1.4321586875208587 57.708060039525506 164.32454935468024 5400.0 5400.0 2016.0 1 311 {-999.0 20.750751 20.581987 20.4379 20.341528} sdss_psfmag_from_gaiadr2 20.451231 20.577078 19.872654 -999.0 63050395169981706 1056632110 dark_flexible_2x2 bhm_gua_dark bhm_filler science 0 0 0.0 0.0 -999 ""
FIBERMAP 748 R-1C24 METROLOGY 0 0 0 1 0 0 251.27872585508183 -28.36395045638282 143.1 119.8847864323969 -222.61090966985998 14.490765 66.828896 -999.0 -999.0 -999.0 -999.0 -999.0 174.11938817188573 1.576129687863002 174.12116256634704 1.4354815923392679 57.71125481013312 164.3228053954561 -999.0 6231.0 -999.0 -1 -999 {-999.0 -999.0 -999.0 -999.0 -999.0} "" -999.0 -999.0 -999.0 -999.0 -999 -999 "" "" "" "" 0 0 0.0 0.0 -999 ""
FIBERMAP 751 R-10C16 APOGEE 0 0 0 1 0 0 142.55887480472154 -187.1266168824419 143.1 -72.50576763671886 -223.75688635111746 172.92357 96.10163 -999.0 -999.0 -999.0 -999.0 -999.0 173.24786496053568 1.5698924375854593 173.24982051341829 1.4294162948764877 57.89346957069534 165.9214851143495 -999.0 16600.0 -999.0 2 -999 {-999.0 -999.0 -999.0 -999.0 -999.0} "" -999.0 -999.0 -999.0 -999.0 -999 -999 "" "" "" "" 0 0 0.0 0.0 -999 ""
FIBERMAP 751 R-10C16 BOSS 1 1 0 1 0 0 142.56142681817764 -186.37494655511156 143.1 -71.88674873422232 -223.3306522887625 172.92357 96.10163 173.25071662972624 1.5716392545671725 -6.1464043 1.5287654 0.30069724 173.2506760541076 1.5716380699858836 173.25260546041227 1.4312861266414223 57.89473006308057 165.91563770130645 5400.0 5400.0 2016.0 1 268 {-999.0 17.004213 16.63737 16.477661 -999.0} sdss_psfmag 16.967659 16.656975 16.196083 15.425 63050395169995901 980919900 "" ops_std_boss_tic ops_std standard_boss 0 0 0.0 0.0 -999 ""
FIBERMAP 751 R-10C16 METROLOGY 0 0 0 1 0 0 143.20506757049463 -186.75365992785552 143.1 -71.83112442651236 -224.07526645949906 172.92357 96.10163 -999.0 -999.0 -999.0 -999.0 -999.0 173.25093627487536 1.568342459124866 173.25287191059044 1.427955532136903 57.89141546369218 165.91642980023883 -999.0 6231.0 -999.0 -1 -999 {-999.0 -999.0 -999.0 -999.0 -999.0} "" -999.0 -999.0 -999.0 -999.0 -999 -999 "" "" "" "" 0 0 0.0 0.0 -999 ""
FIBERMAP 753 R-2C22 APOGEE 0 0 0 1 0 0 207.49553226993422 -58.43080099771993 143.1 70.23281505309977 -203.77233698916191 340.85736 50.038113 -999.0 -999.0 -999.0 -999.0 -999.0 173.89511152485295 1.659774159389387 173.8969759377668 1.5190835740362485 57.84306701764069 164.69714490546835 -999.0 16600.0 -999.0 2 -999 {-999.0 -999.0 -999.0 -999.0 -999.0} "" -999.0 -999.0 -999.0 -999.0 -999 -999 "" "" "" "" 0 0 0.0 0.0 -999 ""
FIBERMAP 753 R-2C22 BOSS 1 1 0 1 0 0 206.85162126102966 -58.82353113113113 143.1 69.54322663419661 -203.4670990695607 340.85736 50.038113 173.89202178119865 1.6609837092295 0.4851209 -0.5208995 0.6268162 173.8920327006235 1.6609702819338457 173.89386958179307 1.5204055494878534 57.8450452844698 164.7022825077604 5400.0 5400.0 2016.0 1 285 {-999.0 19.76716 19.772171 19.781355 19.80322} sdss_psfmag_from_lsdr10 19.673687 19.729263 19.239937 -999.0 63050395169982745 1058999024 dark_flexible_2x2 bhm_spiders_agn_lsdr10 bhm_spiders science 0 0 0.0 0.0 -999 ""
FIBERMAP 753 R-2C22 METROLOGY 0 0 0 1 0 0 206.8355447732737 -58.08283765947349 143.1 70.14261182500216 -203.03181505691978 340.85736 50.038113 -999.0 -999.0 -999.0 -999.0 -999.0 173.8947441757394 1.662979687220554 173.89658926291702 1.5223782976576812 57.846365335113994 164.69647869636447 -999.0 6231.0 -999.0 -1 -999 {-999.0 -999.0 -999.0 -999.0 -999.0} "" -999.0 -999.0 -999.0 -999.0 -999 -999 "" "" "" "" 0 0 0.0 0.0 -999 ""
FIBERMAP 756 R-13C9 APOGEE 0 0 0 1 0 0 36.806494695861794 -267.9007755118649 143.1 -199.13078042772952 -182.90004439220453 301.57053 94.381424 -999.0 -999.0 -999.0 -999.0 -999.0 172.6755439215926 1.7562263761363162 172.67767508891347 1.6159051733314014 58.18928533147678 166.91114261224558 -999.0 16600.0 -999.0 2 207 {-999.0 -999.0 -999.0 -999.0 -999.0} "" -999.0 -999.0 -999.0 -999.0 -999 -999 "" ops_sky_apogee_best_unassigned ops_sky sky_apogee 0 0 0.0 0.0 -999 ""
FIBERMAP 756 R-13C9 BOSS 1 1 0 1 0 0 36.223773158684935 -268.3581807544101 143.1 -199.8386371327981 -182.68193349180788 301.57053 94.381424 172.67235990518 1.7571716015984378 1.0658462 -8.026518 -0.06949811 172.67238319014467 1.7571021632250334 172.6744911602833 1.6169062531218128 58.19087426710192 166.91670837776908 5400.0 5400.0 2016.0 1 334 {-999.0 17.908043 17.670206 17.588938 17.581549} sdss_psfmag_from_gaia 17.8672 17.6675 17.2536 15.921 63050395169996878 970816826 "" ops_std_boss_gdr2 ops_std standard_boss 0 0 0.0 0.0 -999 ""
FIBERMAP 756 R-13C9 METROLOGY 0 0 0 1 0 0 36.1165890540538 -267.6206981449342 143.1 -199.29380659086152 -182.17362606453688 301.57053 94.381424 -999.0 -999.0 -999.0 -999.0 -999.0 172.67479994034906 1.7594025462570506 172.67691514354726 1.6191701085729615 58.19263518873852 166.91137740106305 -999.0 6231.0 -999.0 -1 -999 {-999.0 -999.0 -999.0 -999.0 -999.0} "" -999.0 -999.0 -999.0 -999.0 -999 -999 "" "" "" "" 0 0 0.0 0.0 -999 ""
FIBERMAP 758 R+4C17 APOGEE 0 0 0 1 0 0 107.11496062715909 95.17376969425592 143.1 139.2320372095516 -33.770869923314415 141.94116 74.0546 -999.0 -999.0 -999.0 -999.0 -999.0 174.2098893491376 2.4304083609612928 174.2119328955456 2.289481915863743 58.52115921417531 163.781944220972 -999.0 16600.0 -999.0 2 83 {-999.0 -999.0 -999.0 -999.0 -999.0} "" -999.0 -999.0 -999.0 -999.0 -999 -999 "" ops_sky_apogee_best_unassigned ops_sky sky_apogee 0 0 0.0 0.0 -999 ""
FIBERMAP 758 R+4C17 BOSS 1 0 0 1 0 0 107.7144104883095 95.61021646421996 143.1 139.93220709231719 -34.01466759067218 141.94116 74.0546 174.05776977539062 2.3903488628862846 -999.0 -999.0 -999.0 174.21314785775343 2.4291672073855364 174.21516086120016 2.2883616601063057 58.519312129910546 163.776445048381 5400.0 5400.0 2015.5 1 210 {-999.0 -999.0 -999.0 -999.0 -999.0} "" -999.0 -999.0 -999.0 -999.0 27021603142692915 812160564 "" ops_sky_boss_good ops_sky sky_boss 0 0 0.0 0.0 -999 ""
FIBERMAP 758 R+4C17 METROLOGY 0 0 0 1 0 0 107.8043054431296 94.87718506179289 143.1 139.38118159164145 -34.50623395935893 141.94116 74.0546 -999.0 -999.0 -999.0 -999.0 -999.0 174.2106281412932 2.4269673651625174 174.21264937168485 2.2861284846257424 58.517731460558025 163.78212104217968 -999.0 6231.0 -999.0 -1 -999 {-999.0 -999.0 -999.0 -999.0 -999.0} "" -999.0 -999.0 -999.0 -999.0 -999 -999 "" "" "" "" 0 0 0.0 0.0 -999 ""
FIBERMAP 760 R+10C10 APOGEE 0 0 0 1 0 0 3.165412390130797 186.82173897018336 143.1 155.29460754952748 103.85756856890157 254.38951 51.32405 -999.0 -999.0 -999.0 -999.0 -999.0 174.28213959347218 3.0555688660167823 174.28435900994998 2.914505872587544 59.11098859459303 163.35884058640758 -999.0 16600.0 -999.0 2 -999 {-999.0 -999.0 -999.0 -999.0 -999.0} "" -999.0 -999.0 -999.0 -999.0 -999 -999 "" "" "" "" 0 0 0.0 0.0 -999 ""
FIBERMAP 760 R+10C10 BOSS 1 1 0 1 0 0 2.717749305657005 187.43978104131915 143.1 155.54728889778028 104.57754822015191 254.38951 51.32405 174.28303691385668 3.0587532712518466 -18.498634 -5.47988 0.52970314 174.2833470681607 3.0587381011564703 174.2855376518653 2.917792760249424 59.113894622314746 163.35507125950454 5400.0 5400.0 2016.0 1 122 {-999.0 16.061531 15.675433 15.5481205 -999.0} sdss_psfmag 15.969141 15.676599 15.212752 14.413 63050395170008366 1136203525 dark_flexible_3x1 mwm_halo_local_high_boss_triple mwm_halo science 0 0 1.235471487045288 0.0 -999 ""
FIBERMAP 760 R+10C10 METROLOGY 0 0 0 1 0 0 3.467282312725679 187.5040413447537 143.1 156.02719734997225 103.99835755559809 254.38951 51.32405 -999.0 -999.0 -999.0 -999.0 -999.0 174.28550947175233 3.056133758962683 174.2877070687964 2.9151547175219354 59.11081188949936 163.35221484002017 -999.0 6231.0 -999.0 -1 -999 {-999.0 -999.0 -999.0 -999.0 -999.0} "" -999.0 -999.0 -999.0 -999.0 -999 -999 "" "" "" "" 0 0 0.0 0.0 -999 ""
FIBERMAP 761 R+4C9 APOGEE 0 0 0 1 0 0 -76.9089365106166 80.46484813065742 143.1 22.283416639476936 109.03957382047479 133.96252 142.41162 -999.0 -999.0 -999.0 -999.0 -999.0 173.67753647568796 3.080208495208882 173.67991518524195 2.939314649488892 59.275844115676406 164.4937750667019 -999.0 16600.0 -999.0 2 118 {-999.0 -999.0 -999.0 -999.0 -999.0} "" -999.0 -999.0 -999.0 -999.0 -999 -999 "" ops_sky_apogee_best_unassigned ops_sky sky_apogee 0 0 0.0 0.0 -999 ""
FIBERMAP 761 R+4C9 BOSS 1 1 0 1 0 0 -76.9998297412616 81.2069514075387 143.1 22.84132664348113 109.53712986666875 133.96252 142.41162 173.68011474609372 3.0823937264200794 -999.0 -999.0 -999.0 173.6801151863083 3.0823998550634215 173.68246661005344 2.9416230961530325 59.27751961907663 164.48789834588254 5400.0 5400.0 2015.5 1 64 {-999.0 -999.0 -999.0 -999.0 -999.0} "" -999.0 -999.0 -999.0 -999.0 27021603142704784 812162310 "" ops_sky_boss_good ops_sky sky_boss 0 0 0.0 0.0 -999 ""
FIBERMAP 761 R+4C9 METROLOGY 0 0 0 1 0 0 -76.29957626536105 80.95260633534984 143.1 23.031390792599012 108.8168731190901 133.96252 142.41162 -999.0 -999.0 -999.0 -999.0 -999.0 173.68097393025835 3.0791528489453768 173.68333181158096 2.938342924394601 59.27412912121905 164.48769630187448 -999.0 6231.0 -999.0 -1 -999 {-999.0 -999.0 -999.0 -999.0 -999.0} "" -999.0 -999.0 -999.0 -999.0 -999 -999 "" "" "" "" 0 0 0.0 0.0 -999 ""
FIBERMAP 762 R+2C22 APOGEE 0 0 0 1 0 0 195.33867670241054 26.35007870367155 143.1 132.96047462536777 -145.47297037280578 249.3286 112.67858 -999.0 -999.0 -999.0 -999.0 -999.0 174.1801965435296 1.9236646085043514 174.18208886589377 1.7828426434647857 58.035416980904856 164.06164781395418 -999.0 16600.0 -999.0 2 -999 {-999.0 -999.0 -999.0 -999.0 -999.0} "" -999.0 -999.0 -999.0 -999.0 -999 -999 "" "" "" "" 0 0 0.0 0.0 -999 ""
FIBERMAP 762 R+2C22 BOSS 1 1 0 1 0 0 194.61053775086458 26.313175155443968 143.1 132.51523336270225 -144.89576791062794 249.3286 112.67858 174.1782625711924 1.9260974616538369 -999.0 -999.0 -999.0 174.17825632105124 1.926103875215219 174.18012034549508 1.7854059687235586 58.03836548955092 164.06414551138909 5400.0 5400.0 2016.0 1 224 {-999.0 22.04353 20.802694 20.200697 -999.0} sdss_psfmag_ps1 -999.0 -999.0 -999.0 -999.0 63050399017178929 1128085434 dark_flexible_3x1 bhm_csc_boss_d3 bhm_csc science 0 0 0.0 0.0 -999 ""
FIBERMAP 762 R+2C22 METROLOGY 0 0 0 1 0 0 194.9428866026626 26.98254386275412 143.1 133.25456506466443 -144.787390203894 249.3286 112.67858 -999.0 -999.0 -999.0 -999.0 -999.0 174.18158864397114 1.9266492631458556 174.18346050220634 1.7859151924279824 58.038089634137634 164.0577870703856 -999.0 6231.0 -999.0 -1 -999 {-999.0 -999.0 -999.0 -999.0 -999.0} "" -999.0 -999.0 -999.0 -999.0 -999 -999 "" "" "" "" 0 0 0.0 0.0 -999 ""
FIBERMAP 765 R+2C19 APOGEE 0 0 0 1 0 0 135.24973801591207 26.553466719356415 143.1 98.88657916071593 -95.98861348667216 267.36633 124.32877 -999.0 -999.0 -999.0 -999.0 -999.0 174.02633493221674 2.1474326767976812 174.0283294902846 2.0066111448974815 58.28850378654598 164.24772840455984 -999.0 16600.0 -999.0 2 72 {-999.0 -999.0 -999.0 -999.0 -999.0} "" -999.0 -999.0 -999.0 -999.0 -999 -999 "" ops_sky_apogee_best_unassigned ops_sky sky_apogee 0 0 0.0 0.0 -999 ""
FIBERMAP 765 R+2C19 BOSS 1 1 0 1 0 0 134.61711738285624 26.158107566154463 143.1 98.20126445801453 -95.69414974156786 267.36633 124.32877 174.0232965502652 2.1486170927803276 -0.6162204 -0.5078927 -0.051035665 174.02329362055605 2.1486017059755027 174.02526035958056 2.0079036732715045 58.29046266884075 164.25284797401585 5400.0 5400.0 2016.0 1 221 {-999.0 20.149843 20.04542 19.870253 19.574553} sdss_psfmag 20.037144 19.941319 19.263622 -999.0 63050395169998829 1129029434 dark_1x4 bhm_aqmes_wide1_faint bhm_filler science 0 0 0.0 0.0 -999 ""
FIBERMAP 765 R+2C19 METROLOGY 0 0 0 1 0 0 134.58908778784132 26.907218153112602 143.1 98.80075372285309 -95.24424878080016 267.36633 124.32877 -999.0 -999.0 -999.0 -999.0 -999.0 174.02600487373692 2.1506916584299693 174.02797986936707 2.009957635422198 58.291841612992386 164.24692123624627 -999.0 6231.0 -999.0 -1 -999 {-999.0 -999.0 -999.0 -999.0 -999.0} "" -999.0 -999.0 -999.0 -999.0 -999 -999 "" "" "" "" 0 0 0.0 0.0 -999 ""
FIBERMAP 766 R+7C3 APOGEE 1 1 0 1 0 0 -175.8803300235939 137.39759472827294 143.1 12.661059196353873 222.79593716170518 95.5044 168.20314 173.63310192411896 3.5943671055925868 67.23382 -101.56764 6.6795797 173.63332375124284 3.5941101067738104 173.63588570344245 3.453135827469457 59.78629325179004 164.34903259851734 16000.0 16600.0 2016.0 2 123 {-999.0 11.530164 10.977684 10.788866 -999.0} sdss_psfmag_gaia 11.404294 11.016061 10.453058 9.438 63050395170013855 996646883 bright_1x1 mwm_bin_gaia_sb_apogee mwm_bin science 0 0 0.0 0.0 -999 ""
FIBERMAP 766 R+7C3 BOSS 0 0 0 1 0 0 -175.81076959564544 138.1466931905069 143.1 13.31614906216553 223.1656522468217 95.5044 168.20314 -999.0 -999.0 -999.0 -999.0 -999.0 173.63632727114614 3.5956910707231797 173.63886184426758 3.4548314179134625 59.78726918138589 164.3425177617013 -999.0 5400.0 -999.0 1 26 {-999.0 -999.0 -999.0 -999.0 -999.0} "" -999.0 -999.0 -999.0 -999.0 -999 -999 "" "" "" "" 0 0 0.0 0.0 -999 ""
FIBERMAP 766 R+7C3 METROLOGY 0 0 0 1 0 0 -175.20247010640307 137.71140715766097 143.1 13.305155033877368 222.41783681130912 95.5044 168.20314 -999.0 -999.0 -999.0 -999.0 -999.0 173.63627225168287 3.5923612263242126 173.63881340118678 3.451469380566581 59.78400617348558 164.3441301770613 -999.0 6231.0 -999.0 -1 -999 {-999.0 -999.0 -999.0 -999.0 -999.0} "" -999.0 -999.0 -999.0 -999.0 -999 -999 "" "" "" "" 0 0 0.0 0.0 -999 ""
FIBERMAP 776 R+1C5 APOGEE 0 0 0 1 0 0 -194.87871561130262 40.422997256703624 143.1 -77.83829355381944 183.14494747627148 168.96327 30.820156 -999.0 -999.0 -999.0 -999.0 -999.0 173.2219850865007 3.4150422743932425 173.22459567899477 3.274229457039441 59.702571609617905 165.222245726839 -999.0 16600.0 -999.0 2 110 {-999.0 -999.0 -999.0 -999.0 -999.0} "" -999.0 -999.0 -999.0 -999.0 -999 -999 "" ops_sky_apogee_best_unassigned ops_sky sky_apogee 0 0 0.0 0.0 -999 ""
FIBERMAP 776 R+1C5 BOSS 1 1 0 1 0 0 -194.15917695555478 40.64459701068407 143.1 -77.24620855473283 182.6800579575044 168.96327 30.820156 173.22463285587412 3.412923431651993 0.86522377 -1.2117898 1.120184 173.2246749424422 3.4128860935159877 173.22725837423718 3.272189367794627 59.70000798285161 165.21796845451303 5400.0 5400.0 2016.0 1 63 {-999.0 20.098696 19.79242 19.602829 19.634335} sdss_psfmag 20.270277 20.028528 19.24255 -999.0 63050395170013697 1129029492 dark_1x4 bhm_aqmes_wide1_faint bhm_filler science 0 0 0.0 0.0 -999 ""
FIBERMAP 776 R+1C5 METROLOGY 0 0 0 1 0 0 -194.32882967324866 39.91182413793919 143.1 -77.94492193363179 182.40188062688034 168.96327 30.820156 -999.0 -999.0 -999.0 -999.0 -999.0 173.2214957482589 3.4116447549431683 173.22408686872666 3.270916250664481 59.699444875529466 165.22463983116253 -999.0 6231.0 -999.0 -1 -999 {-999.0 -999.0 -999.0 -999.0 -999.0} "" -999.0 -999.0 -999.0 -999.0 -999 -999 "" "" "" "" 0 0 0.0 0.0 -999 ""
FIBERMAP 779 R+1C20 APOGEE 0 0 0 1 0 0 161.18557788138997 8.685690599237477 143.1 98.98583952448556 -127.47898334078977 5.9551578 68.36062 -999.0 -999.0 -999.0 -999.0 -999.0 174.02648205005312 2.0046078636473164 174.02843114768336 1.8638134830979098 58.149443281667075 164.30935198308848 -999.0 16600.0 -999.0 2 85 {-999.0 -999.0 -999.0 -999.0 -999.0} "" -999.0 -999.0 -999.0 -999.0 -999 -999 "" ops_sky_apogee_best_unassigned ops_sky sky_apogee 0 0 0.0 0.0 -999 ""
FIBERMAP 779 R+1C20 BOSS 1 1 0 1 0 0 161.00158635355334 7.9717512625289135 143.1 98.29442877894638 -127.73464797549612 5.9551578 68.36062 174.0234029422862 2.0032666148520857 -2.063949 -0.6554918 -0.15320815 174.02340491602527 2.003272927959464 174.02532534492912 1.8626032388251854 58.148970924602985 164.31560180593388 5400.0 5400.0 2016.0 1 233 {-999.0 21.079603 20.903818 20.754 20.650013} sdss_psfmag_from_gaiadr2 20.534416 20.901142 19.932617 -999.0 63050395169983289 1056632138 dark_flexible_2x2 bhm_gua_dark bhm_filler science 0 0 0.0 0.0 -999 ""
FIBERMAP 779 R+1C20 METROLOGY 0 0 0 1 0 0 160.46307047572927 8.491453387422789 143.1 98.41454360237458 -126.99606249455384 5.9551578 68.36062 -999.0 -999.0 -999.0 -999.0 -999.0 174.02394354263657 2.0066642314247813 174.0258731224161 1.8659587139337668 58.152113912215206 164.31314510678553 -999.0 6231.0 -999.0 -1 -999 {-999.0 -999.0 -999.0 -999.0 -999.0} "" -999.0 -999.0 -999.0 -999.0 -999 -999 "" "" "" "" 0 0 0.0 0.0 -999 ""
FIBERMAP 781 R+8C12 APOGEE 0 0 0 1 0 0 59.79519580803309 154.0171046860445 143.1 160.61249171261835 38.63776964835906 12.059872 100.76523 -999.0 -999.0 -999.0 -999.0 -999.0 174.30679385798123 2.7595396220569035 174.30891647291435 2.618524916740103 58.81779293438608 163.45069524616548 -999.0 16600.0 -999.0 2 -999 {-999.0 -999.0 -999.0 -999.0 -999.0} "" -999.0 -999.0 -999.0 -999.0 -999 -999 "" "" "" "" 0 0 0.0 0.0 -999 ""
FIBERMAP 781 R+8C12 BOSS 1 1 0 1 0 0 60.08669222747157 153.32477573716952 143.1 160.20978722953987 38.00376340394651 12.059872 100.76523 174.30503695891142 2.756552492904073 -5.270808 -9.450459 0.1917496 174.3050590858215 2.756555132604532 174.30715153621918 2.6156614743137054 58.81543566908434 163.45532685033848 5400.0 5400.0 2016.0 1 139 {-999.0 17.569965 17.360794 17.238132 -999.0} sdss_psfmag 17.56942 17.32331 16.940166 15.918 63050395170007164 977049179 "" ops_std_boss ops_std standard_boss 0 0 0.0 0.0 -999 ""
FIBERMAP 781 R+8C12 METROLOGY 0 0 0 1 0 0 59.353343935802386 153.41591511235077 143.1 159.86677624237737 38.65820960760751 12.059872 100.76523 -999.0 -999.0 -999.0 -999.0 -999.0 174.30348454376735 2.7595624150218145 174.30558670051994 2.618634600399425 58.81869681198813 163.45688159511684 -999.0 6231.0 -999.0 -1 -999 {-999.0 -999.0 -999.0 -999.0 -999.0} "" -999.0 -999.0 -999.0 -999.0 -999 -999 "" "" "" "" 0 0 0.0 0.0 -999 ""
FIBERMAP 784 R0C21 APOGEE 0 0 0 1 0 0 163.9059338492816 -10.502690899775033 143.1 84.77102503903487 -140.6482805711137 302.09656 120.471146 -999.0 -999.0 -999.0 -999.0 -999.0 173.96181077982243 1.9448110553254747 173.9637539553131 1.8040465414217708 58.10587171266735 164.45423319816035 -999.0 16600.0 -999.0 2 73 {-999.0 -999.0 -999.0 -999.0 -999.0} "" -999.0 -999.0 -999.0 -999.0 -999 -999 "" ops_sky_apogee_best_unassigned ops_sky sky_apogee 0 0 0.0 0.0 -999 ""
FIBERMAP 784 R0C21 BOSS 1 1 0 1 0 0 163.5718475271831 -11.161794340585 143.1 84.03913709757352 -140.74938124484777 302.09656 120.471146 173.95886690411896 1.9443682927906014 -113.88062 -69.95081 4.097973 173.95854460249512 1.944172644645907 173.9604595735418 1.8035330195844816 58.10611369453758 164.46052402427483 5400.0 5400.0 2016.0 1 243 {-999.0 21.344275 19.944689 18.38353 -999.0} sdss_psfmag 20.92153 19.115637 17.878342 15.419 63050395169983258 1136202973 dark_flexible_3x1 mwm_halo_local_high_boss_triple mwm_halo science 0 0 0.0 0.0 -999 ""
FIBERMAP 784 R0C21 METROLOGY 0 0 0 1 0 0 163.15782315204655 -10.543343215398066 143.1 84.31132315565269 -140.05680571896264 302.09656 120.471146 -999.0 -999.0 -999.0 -999.0 -999.0 173.95977400139788 1.947355376761535 173.96169786468704 1.8066796877683111 58.10890039230474 164.45689915109213 -999.0 6231.0 -999.0 -1 -999 {-999.0 -999.0 -999.0 -999.0 -999.0} "" -999.0 -999.0 -999.0 -999.0 -999 -999 "" "" "" "" 0 0 0.0 0.0 -999 ""
FIBERMAP 786 R+11C5 APOGEE 0 0 0 1 0 0 -89.29525703197903 232.15578620942009 143.1 139.85293906303806 205.65540080946238 188.3515 29.350428 -999.0 -999.0 -999.0 -999.0 -999.0 174.21022938655457 3.5151827949919756 174.2126094404639 3.374055207396735 59.574226558617 163.2772990648495 -999.0 16600.0 -999.0 2 22 {-999.0 -999.0 -999.0 -999.0 -999.0} "" -999.0 -999.0 -999.0 -999.0 -999 -999 "" ops_sky_apogee_best_unassigned ops_sky sky_apogee 0 0 0.0 0.0 -999 ""
FIBERMAP 786 R+11C5 BOSS 1 1 0 1 0 0 -88.70900083426307 232.6112519534444 143.1 140.56121648195315 205.43328066692303 188.3515 29.350428 174.21341178240465 3.514129863201555 6.653225 -15.303918 0.21092507 174.2134763552122 3.514067457162891 174.2158260489946 3.3730555614194886 59.57247832586533 163.27162621630268 5400.0 5400.0 2016.0 1 144 {-999.0 17.241037 16.969547 16.85786 -999.0} sdss_psfmag 17.21157 16.94834 16.535122 15.675 63050395170013092 976146362 "" ops_std_boss ops_std standard_boss 0 0 0.0 0.0 -999 ""
FIBERMAP 786 R+11C5 METROLOGY 0 0 0 1 0 0 -88.59556160561544 231.87105127707216 143.1 140.0177172151469 204.9182852341744 188.3515 29.350428 -999.0 -999.0 -999.0 -999.0 -999.0 174.21102444872022 3.5118019074018645 174.2133823644582 3.3707581276118916 59.57084077596684 163.2773988746425 -999.0 6231.0 -999.0 -1 -999 {-999.0 -999.0 -999.0 -999.0 -999.0} "" -999.0 -999.0 -999.0 -999.0 -999 -999 "" "" "" "" 0 0 0.0 0.0 -999 ""
FIBERMAP 787 R+9C16 APOGEE 0 0 0 1 0 0 160.38185073765294 177.08297113095088 143.1 236.88133119260067 -30.85937794383524 24.358828 100.454 -999.0 -999.0 -999.0 -999.0 -999.0 174.65028628984416 2.4440166604295435 174.65223509616294 2.302970749525273 58.42829320013908 162.95908859276656 -999.0 16600.0 -999.0 2 88 {-999.0 -999.0 -999.0 -999.0 -999.0} "" -999.0 -999.0 -999.0 -999.0 -999 -999 "" ops_sky_apogee_best_unassigned ops_sky sky_apogee 0 0 0.0 0.0 -999 ""
FIBERMAP 787 R+9C16 BOSS 1 1 0 1 0 0 160.8256159811081 176.481721760618 143.1 236.64022541559382 -31.56658603950445 24.358828 100.454 174.64952559198332 2.4409090556743416 -95.48091 -75.697075 1.6741285 174.6492604886305 2.4406867005587025 174.65117757829273 2.299763333160178 58.42544540840517 162.9625550259121 5400.0 5400.0 2016.0 1 227 {-999.0 19.357714 17.99646 17.490126 -999.0} sdss_psfmag 18.79016 17.976954 17.088554 15.294 63050395169991462 1136203166 dark_flexible_3x1 mwm_halo_local_high_boss_triple mwm_halo science 0 0 0.0 0.0 -999 ""
FIBERMAP 787 R+9C16 METROLOGY 0 0 0 1 0 0 160.09063770899542 176.389465645609 143.1 236.145609740297 -31.015306490799404 24.358828 100.454 -999.0 -999.0 -999.0 -999.0 -999.0 174.6470348059308 2.4432166035269396 174.64896191893138 2.302258841680943 58.42840971705965 162.9654776649664 -999.0 6231.0 -999.0 -1 -999 {-999.0 -999.0 -999.0 -999.0 -999.0} "" -999.0 -999.0 -999.0 -999.0 -999 -999 "" "" "" "" 0 0 0.0 0.0 -999 ""
FIBERMAP 789 R+2C9 APOGEE 0 0 0 1 0 0 -96.8127542879314 31.245066232278415 143.1 -29.49701740715439 97.34501545412687 200.19199 139.54625 -999.0 -999.0 -999.0 -999.0 -999.0 173.44155992353416 3.0269951757535525 173.4439793843752 2.8861835424152225 59.27628577648259 164.9665602648184 -999.0 16600.0 -999.0 2 109 {-999.0 -999.0 -999.0 -999.0 -999.0} "" -999.0 -999.0 -999.0 -999.0 -999 -999 "" ops_sky_apogee_best_unassigned ops_sky sky_apogee 0 0 0.0 0.0 -999 ""
FIBERMAP 789 R+2C9 BOSS 1 1 0 1 0 0 -97.5268429863832 31.47992458011 143.1 -29.71097549396824 98.06553479148322 200.19199 139.54625 173.4406010066842 3.030232674235688 -2.4464707 -6.8027444 0.2620944 173.44059736448642 3.030196989998093 173.44299162285427 2.8895035126257635 59.27974104971637 164.96702548151356 5400.0 5400.0 2016.0 1 53 {-999.0 18.284565 17.984692 17.836878 -999.0} sdss_psfmag 18.266483 17.975645 17.544758 -999.0 63050395170004774 976146312 "" ops_std_boss ops_std standard_boss 0 0 0.0 0.0 -999 ""
FIBERMAP 789 R+2C9 METROLOGY 0 0 0 1 0 0 -96.96964884065041 31.977464157885578 143.1 -28.98469132195171 97.89126702886358 200.19199 139.54625 -999.0 -999.0 -999.0 -999.0 -999.0 173.44390250360684 3.029432979303461 173.4463031938019 2.888705047519859 59.27823945853051 164.96104906975006 -999.0 6231.0 -999.0 -1 -999 {-999.0 -999.0 -999.0 -999.0 -999.0} "" -999.0 -999.0 -999.0 -999.0 -999 -999 "" "" "" "" 0 0 0.0 0.0 -999 ""
FIBERMAP 790 R+6C16 APOGEE 0 0 0 1 0 0 102.7710626446096 130.2032936510998 143.1 165.53661569084238 -10.240792633633815 148.58583 89.396965 -999.0 -999.0 -999.0 -999.0 -999.0 174.32912079313064 2.537412396748 174.33117031014763 2.3964332561702784 58.596834344992324 163.51146472327872 -999.0 16600.0 -999.0 2 -999 {-999.0 -999.0 -999.0 -999.0 -999.0} "" -999.0 -999.0 -999.0 -999.0 -999 -999 "" "" "" "" 0 0 0.0 0.0 -999 ""
FIBERMAP 790 R+6C16 BOSS 1 1 0 1 0 0 103.17301015338974 130.8599202505582 143.1 166.30513860867185 -10.196857417864308 148.58583 89.396965 174.33227593812464 2.5375046119165448 -2.1477547 -3.2389927 0.06856851 174.33268414664286 2.5374876278533542 174.33470304933383 2.3966285897708253 58.59618072554353 163.50479737680305 5400.0 5400.0 2016.0 1 215 {-999.0 15.532728 14.765499 14.451411 -999.0} sdss_psfmag_from_g3xp 15.313961 14.782808 14.097101 12.614 63050395170006692 1061324727 dark_flexible_2x1 manual_mwm_halo_distant_kgiant_near_boss mwm_halo science 0 0 1.6002906560897827 0.0 -999 ""
FIBERMAP 790 R+6C16 METROLOGY 0 0 0 1 0 0 103.51693015818941 130.1847563185495 143.1 165.94640971094142 -10.864153055526224 148.58583 89.396965 -999.0 -999.0 -999.0 -999.0 -999.0 174.33104027898185 2.5344900750172257 174.33306709793067 2.393597741878515 58.59362820496449 163.50923302163577 -999.0 6231.0 -999.0 -1 -999 {-999.0 -999.0 -999.0 -999.0 -999.0} "" -999.0 -999.0 -999.0 -999.0 -999 -999 "" "" "" "" 0 0 0.0 0.0 -999 ""
FIBERMAP 791 R+7C20 APOGEE 0 0 0 1 0 0 233.19198324749993 137.05695845538514 143.1 245.4863921472805 -113.48780667095465 61.319447 45.90371 -999.0 -999.0 -999.0 -999.0 -999.0 174.68715699431473 2.070586522855473 174.68898923718132 1.9296022453660429 58.05735382841894 163.0658456811434 -999.0 16600.0 -999.0 2 76 {-999.0 -999.0 -999.0 -999.0 -999.0} "" -999.0 -999.0 -999.0 -999.0 -999 -999 "" ops_sky_apogee_best_unassigned ops_sky sky_apogee 0 0 0.0 0.0 -999 ""
FIBERMAP 791 R+7C20 BOSS 1 1 0 1 0 0 233.47906631881463 136.37143526597632 143.1 245.0867643105585 -114.11430876912863 61.319447 45.90371 174.685373289109 2.067608381459885 0.5702364 -0.36056095 0.74111915 174.68538843247205 2.0676263117200655 174.68718896801545 1.9267665194437753 58.055045423583124 163.07045596751587 5400.0 5400.0 2016.0 1 250 {-999.0 18.934948 19.051725 18.847706 18.795702} sdss_psfmag 19.184004 19.242739 18.792503 -999.0 63050395169983548 1059933872 dark_2x4 bhm_aqmes_wide2 bhm_aqmes science 0 0 0.0 0.0 -999 ""
FIBERMAP 791 R+7C20 METROLOGY 0 0 0 1 0 0 232.7404405639291 136.45917731229676 143.1 244.73795481041336 -113.45746258470757 61.319447 45.90371 -999.0 -999.0 -999.0 -999.0 -999.0 174.68384010959107 2.070615033606746 174.68565068778798 1.9297200599871196 58.05828560625663 163.07190559872254 -999.0 6231.0 -999.0 -1 -999 {-999.0 -999.0 -999.0 -999.0 -999.0} "" -999.0 -999.0 -999.0 -999.0 -999 -999 "" "" "" "" 0 0 0.0 0.0 -999 ""
FIBERMAP 792 R-7C14 APOGEE 0 0 0 1 0 0 81.1764715320569 -118.09905221546583 143.1 -50.77148828447166 -133.99115937087174 116.51911 75.74555 -999.0 -999.0 -999.0 -999.0 -999.0 173.34535848365175 1.9745290524509318 173.3474364072125 1.8339445184274634 58.269031361799996 165.5825194534772 -999.0 16600.0 -999.0 2 184 {-999.0 -999.0 -999.0 -999.0 -999.0} "" -999.0 -999.0 -999.0 -999.0 -999 -999 "" ops_sky_apogee_best_unassigned ops_sky sky_apogee 0 0 0.0 0.0 -999 ""
FIBERMAP 792 R-7C14 BOSS 1 1 0 1 0 0 81.89487963651386 -117.91801874580447 143.1 -50.213376362187795 -134.47823627509686 116.51911 75.74555 173.34790541843353 1.9721381466031302 -0.7452651 1.0412413 0.26288006 173.34790707590653 1.9721426493218719 173.34995717626714 1.8316812717396262 58.26629050604308 165.5787369489894 5400.0 5400.0 2016.0 1 326 {-999.0 17.400465 17.001097 16.871449 -999.0} sdss_psfmag 17.324879 17.022812 16.558676 15.645 63050395169996568 977049138 "" ops_std_boss ops_std standard_boss 0 0 0.0 0.0 -999 ""
FIBERMAP 792 R-7C14 METROLOGY 0 0 0 1 0 0 81.68343527322429 -118.64290959953958 143.1 -50.929428447756614 -134.71758653765878 116.51911 75.74555 -999.0 -999.0 -999.0 -999.0 -999.0 173.3446488642349 1.9711059365604573 173.34670677629458 1.8306107865401677 58.26592432486648 165.5852028591423 -999.0 6231.0 -999.0 -1 -999 {-999.0 -999.0 -999.0 -999.0 -999.0} "" -999.0 -999.0 -999.0 -999.0 -999 -999 "" "" "" "" 0 0 0.0 0.0 -999 ""
FIBERMAP 793 R+7C1 APOGEE 0 0 0 1 0 0 -229.957401637235 141.40722854697117 143.1 -14.859869631925642 269.50995123702455 195.7854 76.96662 -999.0 -999.0 -999.0 -999.0 -999.0 173.50839841228247 3.8027913350569422 173.51106541825607 3.661817768958291 60.017749549237365 164.4968691663384 -999.0 16600.0 -999.0 2 97 {-999.0 -999.0 -999.0 -999.0 -999.0} "" -999.0 -999.0 -999.0 -999.0 -999 -999 "" ops_sky_apogee_best_unassigned ops_sky sky_apogee 0 0 0.0 0.0 -999 ""
FIBERMAP 793 R+7C1 BOSS 1 1 0 1 0 0 -229.99780743512872 142.14659862275403 143.1 -14.275435509802895 269.9644698404242 195.7854 76.96662 173.511097043638 3.8047188581451503 -999.0 -999.0 -999.0 173.51107431685966 3.804705152796984 173.5137146188032 3.6638452204049754 60.01912934273745 164.49080068667632 5400.0 5400.0 2016.0 1 82 {-999.0 21.12993 20.995083 20.810347 20.634912} sdss_psfmag_from_lsdr10 21.486935 20.807482 20.251831 -999.0 63050395170014660 1059014465 dark_flexible_2x2 bhm_spiders_agn_lsdr10 bhm_spiders science 0 0 0.0 0.0 -999 ""
FIBERMAP 793 R+7C1 METROLOGY 0 0 0 1 0 0 -229.32647194608955 141.8159131205685 143.1 -14.164570463853078 269.22447009149585 195.7854 76.96662 -999.0 -999.0 -999.0 -999.0 -999.0 173.51156773625874 3.8014440045076183 173.5142143268348 3.6605519812043257 60.01580842087233 164.49131317501403 -999.0 6231.0 -999.0 -1 -999 {-999.0 -999.0 -999.0 -999.0 -999.0} "" -999.0 -999.0 -999.0 -999.0 -999 -999 "" "" "" "" 0 0 0.0 0.0 -999 ""
FIBERMAP 795 R+5C3 APOGEE 0 0 0 1 0 0 -206.73346300501217 94.46946443072024 143.1 -40.189560628888884 223.68245034909947 212.2539 91.36735 -999.0 -999.0 -999.0 -999.0 -999.0 173.3932899027522 3.5978424295209246 173.39591842711025 3.456941813044956 59.843654590153676 164.81163385650018 -999.0 16600.0 -999.0 2 130 {-999.0 -999.0 -999.0 -999.0 -999.0} "" -999.0 -999.0 -999.0 -999.0 -999 -999 "" ops_sky_apogee_best_unassigned ops_sky sky_apogee 0 0 0.0 0.0 -999 ""
FIBERMAP 795 R+5C3 BOSS 1 1 0 1 0 0 -207.1506765090444 95.067890796946 143.1 -39.93564399708846 224.36623515001884 212.2539 91.36735 173.39447021484375 3.60084140208221 -999.0 -999.0 -999.0 173.3944668043081 3.600832152832667 173.39706979845505 3.460046356134122 59.846428875086275 164.8080382840729 5400.0 5400.0 2015.5 1 28 {-999.0 -999.0 -999.0 -999.0 -999.0} "" -999.0 -999.0 -999.0 -999.0 27021603142706274 812162512 "" ops_sky_boss_good ops_sky sky_boss 0 0 0.0 0.0 -999 ""
FIBERMAP 795 R+5C3 METROLOGY 0 0 0 1 0 0 -206.4089391857365 95.1404836984482 143.1 -39.45333184895355 223.79819757570917 212.2539 91.36735 -999.0 -999.0 -999.0 -999.0 -999.0 173.39664680659783 3.5983154111046374 173.3992557698425 3.4574965940981293 59.84346029155081 164.8049224611006 -999.0 6231.0 -999.0 -1 -999 {-999.0 -999.0 -999.0 -999.0 -999.0} "" -999.0 -999.0 -999.0 -999.0 -999 -999 "" "" "" "" 0 0 0.0 0.0 -999 ""
FIBERMAP 796 R-1C17 APOGEE 0 0 0 1 0 0 72.25740753464008 -32.11568302408888 143.1 14.789143006647775 -77.66670431888402 249.52614 110.992935 -999.0 -999.0 -999.0 -999.0 -999.0 173.64366224627872 2.2303003938950603 173.64576519587843 2.08957526775682 58.45487471554631 164.92293340941805 -999.0 16600.0 -999.0 2 -999 {-999.0 -999.0 -999.0 -999.0 -999.0} "" -999.0 -999.0 -999.0 -999.0 -999 -999 "" "" "" "" 0 0 0.0 0.0 -999 ""
FIBERMAP 796 R-1C17 BOSS 1 1 0 1 0 0 71.51607843065602 -32.14003756281934 143.1 14.346695624003473 -77.07151405206592 249.52614 110.992935 173.64166259765625 2.2328530925141337 -999.0 -999.0 -999.0 173.64168098682896 2.232844222616635 173.6437577575067 2.0922415443144886 58.45791540084726 164.9255597038598 5400.0 5400.0 2015.5 1 280 {-999.0 -999.0 -999.0 -999.0 -999.0} "" -999.0 -999.0 -999.0 -999.0 27021603142692571 812160563 "" ops_sky_boss_good ops_sky sky_boss 0 0 0.0 0.0 -999 ""
FIBERMAP 796 R-1C17 METROLOGY 0 0 0 1 0 0 71.8624594874563 -31.482691696709495 143.1 15.084145574503465 -76.98151614075383 249.52614 110.992935 -999.0 -999.0 -999.0 -999.0 -999.0 173.64503231781998 2.233297392045494 173.6471162941791 2.092658948096677 58.45758804730957 164.91912479884118 -999.0 6231.0 -999.0 -1 -999 {-999.0 -999.0 -999.0 -999.0 -999.0} "" -999.0 -999.0 -999.0 -999.0 -999 -999 "" "" "" "" 0 0 0.0 0.0 -999 ""
FIBERMAP 800 R+11C7 APOGEE 0 0 0 1 0 0 -39.4339232685152 230.01716442060956 143.1 166.50878209833547 163.47116879558558 141.79468 80.20099 -999.0 -999.0 -999.0 -999.0 -999.0 174.33167817037514 3.3247337168062456 174.333967295535 3.183607661179894 59.3600208297395 163.13720135515618 -999.0 16600.0 -999.0 2 16 {-999.0 -999.0 -999.0 -999.0 -999.0} "" -999.0 -999.0 -999.0 -999.0 -999 -999 "" ops_sky_apogee_best_unassigned ops_sky sky_apogee 0 0 0.0 0.0 -999 ""
FIBERMAP 800 R+11C7 BOSS 1 1 0 1 0 0 -38.875517706034174 230.51200003539788 143.1 167.2335350339975 163.2943649228377 141.79468 80.20099 174.3350845012894 3.3238147522059838 -10.950146 -4.74874 0.39649963 174.33500601901454 3.3238226723325353 174.33726437901134 3.1828132080819715 59.35844608425954 163.13131874369714 5400.0 5400.0 2016.0 1 112 {-999.0 16.908688 16.541746 16.37562 -999.0} sdss_psfmag 16.83686 16.531668 16.061432 15.299 63050395170009321 977049188 "" ops_std_boss ops_std standard_boss 0 0 0.0 0.0 -999 ""
FIBERMAP 800 R+11C7 METROLOGY 0 0 0 1 0 0 -38.72114601619779 229.78452042121674 143.1 166.72381215858363 162.75298875020874 141.79468 80.20099 -999.0 -999.0 -999.0 -999.0 -999.0 174.33270641936997 3.3214261502068045 174.3349730489482 3.180384507480843 59.35665001125963 163.13683572713762 -999.0 6231.0 -999.0 -1 -999 {-999.0 -999.0 -999.0 -999.0 -999.0} "" -999.0 -999.0 -999.0 -999.0 -999 -999 "" "" "" "" 0 0 0.0 0.0 -999 ""
FIBERMAP 804 R-6C16 APOGEE 0 0 0 1 0 0 133.91813414383884 -116.0585476029528 143.1 -19.0407950927611 -176.16041260203826 80.43257 13.922607 -999.0 -999.0 -999.0 -999.0 -999.0 173.4898945293842 1.7836812026141131 173.4918781004825 1.6430879827044145 58.05202663126069 165.39126745302053 -999.0 16600.0 -999.0 2 -999 {-999.0 -999.0 -999.0 -999.0 -999.0} "" -999.0 -999.0 -999.0 -999.0 -999 -999 "" "" "" "" 0 0 0.0 0.0 -999 ""
FIBERMAP 804 R-6C16 BOSS 1 1 0 1 0 0 133.97413097148228 -116.81978951212456 143.1 -19.634314519255188 -176.64020405132433 80.43257 13.922607 173.48722758930822 1.7813323608044913 0.78236926 0.49583444 0.9049089 173.4872208894995 1.781336570468337 173.48917715558377 1.6408691027959117 58.050430965657554 165.39714294932708 5400.0 5400.0 2016.0 1 305 {-999.0 20.743736 20.442543 20.502756 20.65369} sdss_psfmag_from_lsdr10 20.648111 20.608868 20.591944 -999.0 63050395169996104 1058999019 dark_flexible_2x2 bhm_spiders_agn_lsdr10 bhm_spiders science 0 0 0.0 0.0 -999 ""
FIBERMAP 804 R-6C16 METROLOGY 0 0 0 1 0 0 133.30918228920228 -116.48963879892705 143.1 -19.741979493325164 -175.9057563810335 80.43257 13.922607 -999.0 -999.0 -999.0 -999.0 -999.0 173.48672147405404 1.7846980418671066 173.48868664453994 1.6441947969072483 58.05378499013948 165.39671547760153 -999.0 6231.0 -999.0 -1 -999 {-999.0 -999.0 -999.0 -999.0 -999.0} "" -999.0 -999.0 -999.0 -999.0 -999 -999 "" "" "" "" 0 0 0.0 0.0 -999 ""
FIBERMAP 805 R0C18 APOGEE 0 0 0 1 0 0 77.39623105268329 -11.038217059409721 143.1 35.034473875084835 -69.87795545925566 244.6632 91.774826 -999.0 -999.0 -999.0 -999.0 -999.0 173.73590829048578 2.2657832694757003 173.7380032178554 2.1250237823187583 58.46915599442576 164.7361130074508 -999.0 16600.0 -999.0 2 -999 {-999.0 -999.0 -999.0 -999.0 -999.0} "" -999.0 -999.0 -999.0 -999.0 -999 -999 "" "" "" "" 0 0 0.0 0.0 -999 ""
FIBERMAP 805 R0C18 BOSS 1 1 0 1 0 0 76.70036811553402 -10.747654330667627 143.1 34.876667681300795 -69.1406677146121 244.6632 91.774826 173.73491448163884 2.2690435745077853 -20.374804 -18.13579 0.5694303 173.73523616918706 2.268978864905546 173.7373045214639 2.12834115837127 58.4725456211909 164.7360096966251 5400.0 5400.0 2016.0 1 241 {-999.0 15.617773 15.294536 15.207464 -999.0} sdss_psfmag 15.577878 15.309162 14.876343 14.136 63050395169998718 1136203316 dark_flexible_3x1 mwm_halo_local_high_boss_triple mwm_halo science 0 0 1.346418857574463 0.0 -999 ""
FIBERMAP 805 R0C18 METROLOGY 0 0 0 1 0 0 77.297050202331 -10.298740799185504 143.1 35.58550294337362 -69.37508736482968 244.6632 91.774826 -999.0 -999.0 -999.0 -999.0 -999.0 173.7384542869067 2.267955691294663 173.7405294697569 2.1272825986399204 58.47079931836471 164.7304484640951 -999.0 6231.0 -999.0 -1 -999 {-999.0 -999.0 -999.0 -999.0 -999.0} "" -999.0 -999.0 -999.0 -999.0 -999 -999 "" "" "" "" 0 0 0.0 0.0 -999 ""
FIBERMAP 806 R+4C22 APOGEE 0 0 0 1 0 0 211.87701057673158 66.07374922989365 143.1 175.02121786819723 -136.42461564670737 249.11331 89.05459 -999.0 -999.0 -999.0 -999.0 -999.0 174.37035291463587 1.9653707745094644 174.37221944118505 1.824489090295418 58.03151561121375 163.69425335642845 -999.0 16600.0 -999.0 2 -999 {-999.0 -999.0 -999.0 -999.0 -999.0} "" -999.0 -999.0 -999.0 -999.0 -999 -999 "" "" "" "" 0 0 0.0 0.0 -999 ""
FIBERMAP 806 R+4C22 BOSS 1 1 0 1 0 0 211.19044458324768 66.32057042892126 143.1 174.83277183758833 -135.71989178832354 249.11331 89.05459 174.3696862672238 1.9684265454108365 -35.20928 -6.53086 1.7587296 174.36958256856087 1.9684007049002747 174.37142005116755 1.8276424932262214 58.034768507203076 163.69431288468752 5400.0 5400.0 2016.0 1 236 {-999.0 19.25917 18.252739 17.37345 -999.0} sdss_psfmag 18.92033 17.941824 16.927156 15.107 63050395169983445 1092606458 dark_flexible_2x1 mwm_cb_galex_vol_boss mwm_cb science 0 0 0.0 0.0 -999 ""
FIBERMAP 806 R+4C22 METROLOGY 0 0 0 1 0 0 211.7593670443877 66.81051376474143 143.1 175.55949826165624 -135.90812404705792 249.11331 89.05459 -999.0 -999.0 -999.0 -999.0 -999.0 174.37283805099773 1.967606820529479 174.37468315507056 1.8268127964098202 58.03319178925855 163.6886970589065 -999.0 6231.0 -999.0 -1 -999 {-999.0 -999.0 -999.0 -999.0 -999.0} "" -999.0 -999.0 -999.0 -999.0 -999 -999 "" "" "" "" 0 0 0.0 0.0 -999 ""
FIBERMAP 808 R-9C5 APOGEE 0 0 0 1 0 0 -86.2274770849257 -191.44986792491085 143.1 -206.42900210063794 -38.25191078914756 33.71966 10.148041 -999.0 -999.0 -999.0 -999.0 -999.0 172.63893517369846 2.40977913682785 172.64131981747084 2.2693473474470682 58.837568277040944 166.73950050440715 -999.0 16600.0 -999.0 2 287 {-999.0 -999.0 -999.0 -999.0 -999.0} "" -999.0 -999.0 -999.0 -999.0 -999 -999 "" ops_sky_apogee_best_unassigned ops_sky sky_apogee 0 0 0.0 0.0 -999 ""
FIBERMAP 808 R-9C5 BOSS 1 1 0 1 0 0 -86.77237225770436 -191.97361774123573 143.1 -207.1698119074635 -38.102683342904925 33.71966 10.148041 172.63569257464752 2.410270929219132 -999.0 -999.0 -999.0 172.6355788078253 2.4103284902319984 172.63794054719915 2.270018957876155 58.838878908412894 166.7456527732202 5400.0 5400.0 2016.0 1 412 {-999.0 22.267138 21.958923 21.907278 21.900583} sdss_psfmag_from_lsdr10 1e+20 1e+20 1e+20 -999.0 63050396871642454 1059004808 dark_flexible_2x2 bhm_spiders_agn_lsdr10 bhm_spiders science 0 0 0.0 0.0 -999 ""
FIBERMAP 808 R-9C5 METROLOGY 0 0 0 1 0 0 -86.9460989709815 -191.2339575044739 143.1 -206.66111079644847 -37.53846429164703 33.71966 10.148041 -999.0 -999.0 -999.0 -999.0 -999.0 172.63786301644163 2.41292191995525 172.6402319855074 2.2725767539535378 58.8409467650479 166.74035698214533 -999.0 6231.0 -999.0 -1 -999 {-999.0 -999.0 -999.0 -999.0 -999.0} "" -999.0 -999.0 -999.0 -999.0 -999 -999 "" "" "" "" 0 0 0.0 0.0 -999 ""
FIBERMAP 809 R+9C1 APOGEE 0 0 0 1 0 0 -200.939529647611 162.9470835693775 143.1 19.372559029279078 257.9434048025448 244.60048 97.84733 -999.0 -999.0 -999.0 -999.0 -999.0 173.6636073233813 3.7513015180782867 173.66621351111417 3.610289646112976 59.93239267096192 164.21891654548583 -999.0 16600.0 -999.0 2 120 {-999.0 -999.0 -999.0 -999.0 -999.0} "" -999.0 -999.0 -999.0 -999.0 -999 -999 "" ops_sky_apogee_best_unassigned ops_sky sky_apogee 0 0 0.0 0.0 -999 ""
FIBERMAP 809 R+9C1 BOSS 1 1 0 1 0 0 -201.66230697731086 163.1472696630546 143.1 19.125163454932924 258.6513050416966 244.60048 97.84733 173.66251882523977 3.7543834384078734 -4.337651 -10.151091 2.6858714 173.66250945858715 3.7543572476036715 173.6650898278216 3.6134602454799243 59.93573588041939 164.21964530954693 5400.0 5400.0 2016.0 1 78 {-999.0 21.686863 21.72125 19.410128 -999.0} sdss_psfmag_ps1 20.169996 20.683102 19.100138 -999.0 63050395170014435 1092459143 dark_flexible_2x1 mwm_cb_galex_vol_boss mwm_cb science 0 0 0.0 0.0 -999 ""
FIBERMAP 809 R+9C1 METROLOGY 0 0 0 1 0 0 -201.12631814087516 163.6784609296529 143.1 19.8670119070541 258.5136353761047 244.60048 97.84733 -999.0 -999.0 -999.0 -999.0 -999.0 173.66586595685877 3.753768789839708 173.66845287684362 3.6128382651087123 59.93436125079914 164.21340857243652 -999.0 6231.0 -999.0 -1 -999 {-999.0 -999.0 -999.0 -999.0 -999.0} "" -999.0 -999.0 -999.0 -999.0 -999 -999 "" "" "" "" 0 0 0.0 0.0 -999 ""
FIBERMAP 816 R+4C16 APOGEE 0 0 0 1 0 0 106.69354741958678 81.77657677160279 143.1 127.98490276955302 -41.05887885698707 46.750687 80.25695 -999.0 -999.0 -999.0 -999.0 -999.0 174.15883463215656 2.3972310924153257 174.16087922961628 2.2563250405924244 58.50087557670085 163.89176157405754 -999.0 16600.0 -999.0 2 -999 {-999.0 -999.0 -999.0 -999.0 -999.0} "" -999.0 -999.0 -999.0 -999.0 -999 -999 "" "" "" "" 0 0 0.0 0.0 -999 ""
FIBERMAP 816 R+4C16 BOSS 1 1 0 1 0 0 107.13914941914769 81.20123759096982 143.1 127.7661311944085 -41.75283138637296 46.750687 80.25695 174.1578494866118 2.3941748088499177 16.28684 -97.080666 1.3457475 174.15792111900922 2.3939356195941413 174.15993564671658 2.2531521575520865 58.498010495831835 163.8949338752073 5400.0 5400.0 2016.0 1 211 {-999.0 17.826616 16.934206 16.570807 -999.0} sdss_psfmag 17.534702 16.947662 16.223497 14.83 63050395169999120 1136203314 dark_flexible_3x1 mwm_halo_local_high_boss_triple mwm_halo science 0 0 0.0 0.0 -999 ""
FIBERMAP 816 R+4C16 METROLOGY 0 0 0 1 0 0 106.40650032135184 81.08790708016379 143.1 127.25552826412813 -41.215474467803624 46.750687 80.25695 -999.0 -999.0 -999.0 -999.0 -999.0 174.15558821212178 2.3964149222788715 174.1576123262937 2.2555971398137196 58.50092982440235 163.89816195098368 -999.0 6231.0 -999.0 -1 -999 {-999.0 -999.0 -999.0 -999.0 -999.0} "" -999.0 -999.0 -999.0 -999.0 -999 -999 "" "" "" "" 0 0 0.0 0.0 -999 ""
FIBERMAP 818 R+7C11 APOGEE 1 1 0 1 0 0 1.9478808978430369 115.82723514656777 143.1 96.27245158406647 64.40247100895431 318.27286 23.679434 174.01465182739744 2.877116768630178 1.3856312 -4.3532686 0.033972338 174.01467067652408 2.8770657804348514 174.01690014980431 2.736110559982221 59.00097527907228 163.94577121638557 16000.0 16600.0 2016.0 2 19 {-999.0 14.539262 13.495214 13.073514 -999.0} sdss_psfmag_gaia 14.189067 13.51144 12.712405 10.972 63050395170008171 1105063198 bright_flexible_2x1 mwm_tess_rgb_apogee mwm_tessrgb science 0 0 0.0 0.0 -999 ""
FIBERMAP 818 R+7C11 BOSS 0 0 0 1 0 0 1.222130834213221 116.03453269403386 143.1 96.02920472899356 65.11686599685748 318.27286 23.679434 -999.0 -999.0 -999.0 -999.0 -999.0 174.01363325633653 2.8802258396420415 174.01583538940667 2.7393896621710234 59.004411881506655 163.94629729630356 -999.0 5400.0 -999.0 1 135 {-999.0 -999.0 -999.0 -999.0 -999.0} "" -999.0 -999.0 -999.0 -999.0 -999 -999 "" "" "" "" 0 0 0.0 0.0 -999 ""
FIBERMAP 818 R+7C11 METROLOGY 0 0 0 1 0 0 1.7463714294055386 116.5488322693162 143.1 96.75048053858795 64.97922302851539 318.27286 23.679434 -999.0 -999.0 -999.0 -999.0 -999.0 174.01689816444392 2.8796240787953775 174.01910741037898 2.738753266108467 59.00303197915893 163.9404130739931 -999.0 6231.0 -999.0 -1 -999 {-999.0 -999.0 -999.0 -999.0 -999.0} "" -999.0 -999.0 -999.0 -999.0 -999 -999 "" "" "" "" 0 0 0.0 0.0 -999 ""
FIBERMAP 819 R+10C16 APOGEE 0 0 0 1 0 0 166.90187577906997 179.36896317728392 143.1 242.47484089140514 -34.913517433115565 339.29495 78.414955 -999.0 -999.0 -999.0 -999.0 -999.0 174.6752872802824 2.4256879326194043 174.67722513378988 2.284639123077601 58.40436430158998 162.92152963334834 -999.0 16600.0 -999.0 2 -999 {-999.0 -999.0 -999.0 -999.0 -999.0} "" -999.0 -999.0 -999.0 -999.0 -999 -999 "" "" "" "" 0 0 0.0 0.0 -999 ""
FIBERMAP 819 R+10C16 BOSS 1 1 0 1 0 0 166.4971329171695 178.73436843577184 143.1 241.72282622300685 -34.942601412108644 339.29495 78.414955 174.67199619534242 2.4254188532113528 -999.0 -999.0 -999.0 174.6719787597782 2.425426299292461 174.67388621744192 2.284500113526248 58.40505400581089 162.9277656561673 5400.0 5400.0 2016.0 1 177 {-999.0 22.226608 20.785812 20.220798 19.842789} sdss_fiber2mag_from_lsdr10 1e+20 1e+20 1e+20 -999.0 63050396871944932 1058109713 dark_flexible_2x2 bhm_spiders_clusters_lsdr10 bhm_spiders science 0 0 0.0 0.0 -999 ""
FIBERMAP 819 R+10C16 METROLOGY 0 0 0 1 0 0 166.15602072777332 179.3879953334171 143.1 242.0654605147999 -34.28988528052772 339.29495 78.414955 -999.0 -999.0 -999.0 -999.0 -999.0 174.67350377625792 2.428419086721992 174.67542056049626 2.287457439379894 58.407540813580276 162.92353518888999 -999.0 6231.0 -999.0 -1 -999 {-999.0 -999.0 -999.0 -999.0 -999.0} "" -999.0 -999.0 -999.0 -999.0 -999 -999 "" "" "" "" 0 0 0.0 0.0 -999 ""
FIBERMAP 820 R+4C5 APOGEE 0 0 0 1 0 0 -145.1302987764619 65.9497161853766 143.1 -28.51723346112095 156.81826601241718 340.47797 90.24028 -999.0 -999.0 -999.0 -999.0 -999.0 173.44608957559765 3.296685242444401 173.4486004162501 3.1558227610847016 59.538349347476455 164.84152466369625 -999.0 16600.0 -999.0 2 127 {-999.0 -999.0 -999.0 -999.0 -999.0} "" -999.0 -999.0 -999.0 -999.0 -999 -999 "" ops_sky_apogee_best_unassigned ops_sky sky_apogee 0 0 0.0 0.0 -999 ""
FIBERMAP 820 R+4C5 BOSS 1 1 0 1 0 0 -145.35148921810156 65.24449806114467 143.1 -29.222676324668686 156.59813330905615 340.47797 90.24028 173.44274012604205 3.2961576984465886 45.219887 -187.40863 5.535354 173.44289415100263 3.2956244447699072 173.44537897167686 3.154880341301145 59.53813823981834 164.8481230203766 5400.0 5400.0 2016.0 1 41 {-999.0 18.84514 17.509243 16.108936 -999.0} sdss_psfmag 18.300344 16.827835 15.627176 13.468 63050395170012672 1136203633 dark_flexible_3x1 mwm_halo_local_high_boss_triple mwm_halo science 0 0 0.0 0.0 -999 ""
FIBERMAP 820 R+4C5 METROLOGY 0 0 0 1 0 0 -145.8609235871905 65.78760042805702 143.1 -29.066764334942818 157.3261600805937 340.47797 90.24028 -999.0 -999.0 -999.0 -999.0 -999.0 173.44359984828915 3.298940919855999 173.44609312823445 3.1581627701086337 59.54118316587312 164.84532549809612 -999.0 6231.0 -999.0 -1 -999 {-999.0 -999.0 -999.0 -999.0 -999.0} "" -999.0 -999.0 -999.0 -999.0 -999 -999 "" "" "" "" 0 0 0.0 0.0 -999 ""
FIBERMAP 824 R-6C7 APOGEE 0 0 0 1 0 0 -102.04645987616078 -129.93137172186258 143.1 -164.90030077941637 9.800418009710134 262.2563 76.88038 -999.0 -999.0 -999.0 -999.0 -999.0 172.82601199804657 2.6280281590419303 172.8284361019082 2.4874912315542375 59.014797936085515 166.3014088282593 -999.0 16600.0 -999.0 2 280 {-999.0 -999.0 -999.0 -999.0 -999.0} "" -999.0 -999.0 -999.0 -999.0 -999 -999 "" ops_sky_apogee_best_unassigned ops_sky sky_apogee 0 0 0.0 0.0 -999 ""
FIBERMAP 824 R-6C7 BOSS 1 1 0 1 0 0 -102.76029100130225 -129.68283405585964 143.1 -165.10287330286474 10.528520731045045 262.2563 76.88038 172.8251028465745 2.631265801438223 -14.869235 -8.419572 2.16402 172.82506108422663 2.631219082449438 172.82746211819324 2.4908020637352193 59.01823628490481 166.30197922676226 5400.0 5400.0 2016.0 1 438 {-999.0 21.299501 19.83131 18.259375 -999.0} sdss_psfmag 20.902842 19.019377 17.767384 15.717 63050395170004187 1095503118 bright_1x1 mwm_bin_vis_boss mwm_filler science 0 0 0.0 0.0 -999 ""
FIBERMAP 824 R-6C7 METROLOGY 0 0 0 1 0 0 -102.19616336446626 -129.1996118813126 143.1 -164.38440119227008 10.340397873843605 262.2563 76.88038 -999.0 -999.0 -999.0 -999.0 -999.0 172.82831624630555 2.630401579252869 172.83072315675793 2.489949550133431 59.016751393899554 166.296107530628 -999.0 6231.0 -999.0 -1 -999 {-999.0 -999.0 -999.0 -999.0 -999.0} "" -999.0 -999.0 -999.0 -999.0 -999 -999 "" "" "" "" 0 0 0.0 0.0 -999 ""
FIBERMAP 825 R+3C17 APOGEE 0 0 0 1 0 0 113.24018457731398 73.23551788059844 143.1 124.69818256892162 -51.30455418898565 97.51378 59.061256 -999.0 -999.0 -999.0 -999.0 -999.0 174.1438624228696 2.3506333094973435 174.14589575786692 2.209740221628804 58.45906505710069 163.94038518957765 -999.0 16600.0 -999.0 2 -999 {-999.0 -999.0 -999.0 -999.0 -999.0} "" -999.0 -999.0 -999.0 -999.0 -999 -999 "" "" "" "" 0 0 0.0 0.0 -999 ""
FIBERMAP 825 R+3C17 BOSS 1 1 0 1 0 0 113.9250240841296 72.97111856370407 143.1 124.87120277860193 -52.01787627370875 97.51378 59.061256 174.14472831653035 2.347249594726299 0.36377156 -0.07583584 0.18010691 174.14472469665753 2.347247721891767 174.14672757281858 2.206476968443358 58.455697960624825 163.94029209757838 5400.0 5400.0 2016.0 1 219 {-999.0 18.821722 18.5997 18.447716 18.232609} sdss_psfmag 18.761341 18.552786 18.043673 -999.0 63050395169999101 1059933912 dark_2x4 bhm_aqmes_wide2 bhm_aqmes science 0 0 0.0 0.0 -999 ""
FIBERMAP 825 R+3C17 METROLOGY 0 0 0 1 0 0 113.35208965471594 72.49785994214494 143.1 124.15589817102389 -51.816840228506024 97.51378 59.061256 -999.0 -999.0 -999.0 -999.0 -999.0 174.14146126936575 2.3481967032309505 174.14347344672865 2.2073921209288 58.45734482652561 163.9459299211528 -999.0 6231.0 -999.0 -1 -999 {-999.0 -999.0 -999.0 -999.0 -999.0} "" -999.0 -999.0 -999.0 -999.0 -999 -999 "" "" "" "" 0 0 0.0 0.0 -999 ""
FIBERMAP 827 R+5C13 APOGEE 1 1 0 1 0 0 21.209048892571182 94.22897503682665 143.1 89.50329868260052 36.27016962668832 187.95177 121.90316 173.98397783758878 2.7491805353615404 7.7022552 -14.253886 2.2547321 173.98398508226518 2.749113079653614 173.98618105607 2.608190433640246 58.883663279908646 164.06114952194008 16000.0 16600.0 2016.0 2 3 {-999.0 11.532994 11.225238 11.138088 -999.0} sdss_psfmag_from_g3xp 11.495814 11.233504 10.811919 10.127 63050395170008062 975009089 "" ops_std_apogee ops_std standard_apogee 0 0 0.0 0.0 -999 ""
FIBERMAP 827 R+5C13 BOSS 0 0 0 1 0 0 20.7436219850619 94.8056568000023 143.1 89.71187631197039 36.98117515340384 187.95177 121.90316 -999.0 -999.0 -999.0 -999.0 -999.0 173.98500502769218 2.752246598267171 173.98717323079757 2.6114430124903887 58.88659861872039 164.0578283692074 -999.0 5400.0 -999.0 1 148 {-999.0 -999.0 -999.0 -999.0 -999.0} "" -999.0 -999.0 -999.0 -999.0 -999 -999 "" "" "" "" 0 0 0.0 0.0 -999 ""
FIBERMAP 827 R+5C13 METROLOGY 0 0 0 1 0 0 21.47707622501568 94.93371306384336 143.1 90.23503657168472 36.45154804082099 187.95177 121.90316 -999.0 -999.0 -999.0 -999.0 -999.0 173.98737087408105 2.7498650605819916 173.9895458341706 2.609027260397158 58.88370029458845 164.05444702828513 -999.0 6231.0 -999.0 -1 -999 {-999.0 -999.0 -999.0 -999.0 -999.0} "" -999.0 -999.0 -999.0 -999.0 -999 -999 "" "" "" "" 0 0 0.0 0.0 -999 ""
FIBERMAP 828 R-2C18 APOGEE 0 0 0 1 0 0 97.86319842275388 -41.90455761412067 143.1 21.337871736727813 -104.28223932706253 200.90845 108.38971 -999.0 -999.0 -999.0 -999.0 -999.0 173.67349001973557 2.1093330886976935 173.67554629089432 1.9686218860312286 58.33033978603217 164.91804146739503 -999.0 16600.0 -999.0 2 -999 {-999.0 -999.0 -999.0 -999.0 -999.0} "" -999.0 -999.0 -999.0 -999.0 -999 -999 "" "" "" "" 0 0 0.0 0.0 -999 ""
FIBERMAP 828 R-2C18 BOSS 1 1 0 1 0 0 97.37939105388836 -41.34464303032484 143.1 21.52219972625095 -103.56568718705651 200.90845 108.38971 173.67437076631947 2.112418358745478 -999.0 -999.0 -999.0 173.6743678156224 2.1124161757789386 173.67639732805833 1.9718270480249913 58.33328095708056 164.91512401404435 5400.0 5400.0 2016.0 1 294 {-999.0 22.266428 21.900778 21.810818 21.765076} sdss_psfmag_from_lsdr10 1e+20 1e+20 1e+20 -999.0 63050397587169498 1131734470 dark_flexible_3x1 bhm_spiders_agn_lsdr10_d3 bhm_spiders science 0 0 0.0 0.0 -999 ""
FIBERMAP 828 R-2C18 METROLOGY 0 0 0 1 0 0 98.12105525360138 -41.204434885381566 143.1 22.06002219942772 -104.09513490778512 200.90845 108.38971 -999.0 -999.0 -999.0 -999.0 -999.0 173.676807025662 2.110056810663017 173.67884305818097 1.9694325714601502 58.33040932052241 164.91158005029587 -999.0 6231.0 -999.0 -1 -999 {-999.0 -999.0 -999.0 -999.0 -999.0} "" -999.0 -999.0 -999.0 -999.0 -999 -999 "" "" "" "" 0 0 0.0 0.0 -999 ""
FIBERMAP 830 R+9C18 APOGEE 0 0 0 1 0 0 174.6780429909918 177.91203172168656 143.1 245.70900115643914 -42.13255281103504 186.99454 95.516464 -999.0 -999.0 -999.0 -999.0 -999.0 174.6896704499672 2.393031560558214 174.69159561184802 2.2519852832940326 58.36917415364021 162.9103871243108 -999.0 16600.0 -999.0 2 52 {-999.0 -999.0 -999.0 -999.0 -999.0} "" -999.0 -999.0 -999.0 -999.0 -999 -999 "" ops_sky_apogee_best_unassigned ops_sky sky_apogee 0 0 0.0 0.0 -999 ""
FIBERMAP 830 R+9C18 BOSS 1 1 0 1 0 0 174.5106748154274 178.630480158701 143.1 246.20389820960338 -41.58564517181629 186.99454 95.516464 174.69197794799933 2.395393437742241 -999.0 -999.0 -999.0 174.69194295580897 2.395385070620245 174.69383714995706 2.2544596581792313 58.37101766518303 162.90508191013993 5400.0 5400.0 2016.0 1 169 {-999.0 22.355576 20.925072 20.37141 19.999115} sdss_fiber2mag_from_lsdr10 1e+20 1e+20 1e+20 -999.0 63050397587297077 1058109716 dark_flexible_2x2 bhm_spiders_clusters_lsdr10 bhm_spiders science 0 0 0.0 0.0 -999 ""
FIBERMAP 830 R+9C18 METROLOGY 0 0 0 1 0 0 175.2259628793933 178.4218237017335 143.1 246.44006694721244 -42.29221904670228 186.99454 95.516464 -999.0 -999.0 -999.0 -999.0 -999.0 174.69297541549466 2.392224590527456 174.694877285977 2.2512649851460846 58.36766517819969 162.9046686247992 -999.0 6231.0 -999.0 -1 -999 {-999.0 -999.0 -999.0 -999.0 -999.0} "" -999.0 -999.0 -999.0 -999.0 -999 -999 "" "" "" "" 0 0 0.0 0.0 -999 ""
FIBERMAP 831 R-6C18 APOGEE 0 0 0 1 0 0 150.69796029187629 -101.23281238337123 143.1 2.701670319470235 -181.49827017870922 134.82214 89.46024 -999.0 -999.0 -999.0 -999.0 -999.0 173.58870665826856 1.7595948363332357 173.59066287266194 1.6189759701736872 58.00739830093078 165.21878692969753 -999.0 16600.0 -999.0 2 -999 {-999.0 -999.0 -999.0 -999.0 -999.0} "" -999.0 -999.0 -999.0 -999.0 -999 -999 "" "" "" "" 0 0 0.0 0.0 -999 ""
FIBERMAP 831 R-6C18 BOSS 1 1 0 1 0 0 151.22469704982555 -100.69222400067119 143.1 3.445967154744418 -181.62298359154832 134.82214 89.46024 173.59222528286332 1.7587840066032243 -34.109734 18.035831 1.4762245 173.59211706454684 1.758854179836881 173.5940449624469 1.6183590390736982 58.00607003775366 165.21280470612453 5400.0 5400.0 2016.0 1 288 {-999.0 21.237034 19.804989 18.587015 -999.0} sdss_psfmag 20.805243 19.30632 18.166674 -999.0 63050395169996109 1092606492 dark_flexible_2x1 mwm_cb_galex_vol_boss mwm_cb science 0 0 0.0 0.0 -999 ""
FIBERMAP 831 R-6C18 METROLOGY 0 0 0 1 0 0 151.42313938670898 -101.40824687521769 143.1 2.970770175669678 -182.19403926532078 134.82214 89.46024 -999.0 -999.0 -999.0 -999.0 -999.0 173.58995042867713 1.7563229499679627 173.5918856660146 1.6157936453967383 58.00402779768996 165.21782282833595 -999.0 6231.0 -999.0 -1 -999 {-999.0 -999.0 -999.0 -999.0 -999.0} "" -999.0 -999.0 -999.0 -999.0 -999 -999 "" "" "" "" 0 0 0.0 0.0 -999 ""
FIBERMAP 835 R+3C22 APOGEE 0 0 0 1 0 0 212.22185185680127 42.65293690636604 143.1 155.9754214533276 -150.05401673821183 285.49335 98.64981 -999.0 -999.0 -999.0 -999.0 -999.0 174.28412266672507 1.903420941093006 174.28598776608897 1.7625743771571163 57.9915787559138 163.87985363913958 -999.0 16600.0 -999.0 2 31 {-999.0 -999.0 -999.0 -999.0 -999.0} "" -999.0 -999.0 -999.0 -999.0 -999 -999 "" ops_sky_apogee_best_unassigned ops_sky sky_apogee 0 0 0.0 0.0 -999 ""
FIBERMAP 835 R+3C22 BOSS 1 1 0 1 0 0 211.54108156058507 42.32718127678526 143.1 155.31985475813752 -149.6803309466562 285.49335 98.64981 174.28128734781538 1.9048367246715487 -14.479251 30.151787 3.4274077 174.2812328565808 1.9049394269602213 174.28306918032024 1.7642174831738713 57.99385773650074 163.88448128675324 5400.0 5400.0 2016.0 1 192 {-999.0 21.06193 19.475985 18.159098 -999.0} sdss_psfmag 20.627375 18.844687 17.565023 15.138 63050395169983407 1094930908 bright_1x1 mwm_bin_vis_boss mwm_filler science 0 0 0.0 0.0 -999 ""
FIBERMAP 835 R+3C22 METROLOGY 0 0 0 1 0 0 211.59954411908308 43.07272682181742 143.1 155.96570158900658 -149.30352255468466 285.49335 98.64981 -999.0 -999.0 -999.0 -999.0 -999.0 174.28414228001552 1.9066956244762687 174.28598700186205 1.7659373719477272 57.994848889258236 163.87837287766882 -999.0 6231.0 -999.0 -1 -999 {-999.0 -999.0 -999.0 -999.0 -999.0} "" -999.0 -999.0 -999.0 -999.0 -999 -999 "" "" "" "" 0 0 0.0 0.0 -999 ""
FIBERMAP 837 R+1C18 APOGEE 1 1 0 1 0 0 113.9230474553432 5.412270091617383 143.1 69.36441626083001 -90.51389224731896 357.22156 64.87488 173.89213667719335 2.1721125860508135 7.9460497 -5.372853 1.0182943 173.89215528194742 2.172096382970438 173.89418615006082 2.0313086944154706 58.34295511490872 164.48565593757704 16000.0 16600.0 2016.0 2 69 {-999.0 13.220766 12.525034 12.274748 -999.0} sdss_psfmag_gaia 13.036788 12.568474 11.933994 10.662 63050395169998404 1106997906 bright_flexible_2x1 mwm_tess_rgb_apogee mwm_tessrgb science 0 0 0.0 0.0 -999 ""
FIBERMAP 837 R+1C18 BOSS 0 0 0 1 0 0 113.58043841635674 4.767304998251928 143.1 68.63928766818266 -90.59993416768991 357.22156 64.87488 -999.0 -999.0 -999.0 -999.0 -999.0 173.88891590068624 2.171536803173576 173.89091892539443 2.030872864861271 58.34326517769524 164.49190462226412 -999.0 5400.0 -999.0 1 231 {-999.0 -999.0 -999.0 -999.0 -999.0} "" -999.0 -999.0 -999.0 -999.0 -999 -999 "" "" "" "" 0 0 0.0 0.0 -999 ""
FIBERMAP 837 R+1C18 METROLOGY 0 0 0 1 0 0 113.17692931050067 5.386176592110253 143.1 68.91781118540476 -89.91575828040826 357.22156 64.87488 -999.0 -999.0 -999.0 -999.0 -999.0 173.89017249497883 2.1746900097078914 173.89218430579876 2.0339903248896967 58.346018174843664 164.48822026660804 -999.0 6231.0 -999.0 -1 -999 {-999.0 -999.0 -999.0 -999.0 -999.0} "" -999.0 -999.0 -999.0 -999.0 -999 -999 "" "" "" "" 0 0 0.0 0.0 -999 ""
FIBERMAP 838 R-8C6 APOGEE 0 0 0 1 0 0 -95.48766565798344 -138.40655640058066 143.1 -168.1259718374155 -0.41770776981797547 142.75446 76.75069 -999.0 -999.0 -999.0 -999.0 -999.0 172.81145646297722 2.581580410461774 172.8138667238063 2.4410570732994072 58.97218890257209 166.34703723166749 -999.0 16600.0 -999.0 2 -999 {-999.0 -999.0 -999.0 -999.0 -999.0} "" -999.0 -999.0 -999.0 -999.0 -999 -999 "" "" "" "" 0 0 0.0 0.0 -999 ""
FIBERMAP 838 R-8C6 BOSS 1 1 0 1 0 0 -94.93821333846473 -137.92877564556372 143.1 -167.4203329038966 -0.5968742670530036 142.75446 76.75069 172.81459799414546 2.580649839164102 0.25915334 -0.3826279 0.32396433 172.81461648788863 2.580648444416674 172.8170012445455 2.4402446194627987 58.970770376878946 166.3413961187366 5400.0 5400.0 2016.0 1 411 {-999.0 19.481268 19.090157 18.641829 18.274446} sdss_psfmag_from_lsdr10 19.505896 19.08033 18.29473 15.604 63050395170004174 1059004814 dark_flexible_2x1 bhm_spiders_agn_lsdr10 bhm_spiders science 0 0 0.0 0.0 -999 ""
FIBERMAP 838 R-8C6 METROLOGY 0 0 0 1 0 0 -94.78339386394457 -138.65285544774298 143.1 -167.9270073634809 -1.136680990878918 142.75446 76.75069 -999.0 -999.0 -999.0 -999.0 -999.0 172.8123311200773 2.5782275864066935 172.814722432576 2.43779087398468 58.96881796164428 166.346670555976 -999.0 6231.0 -999.0 -1 -999 {-999.0 -999.0 -999.0 -999.0 -999.0} "" -999.0 -999.0 -999.0 -999.0 -999 -999 "" "" "" "" 0 0 0.0 0.0 -999 ""
FIBERMAP 839 R+3C1 APOGEE 0 0 0 1 0 0 -259.9377315540184 40.49186873429082 143.1 -114.85484832198443 236.63601637741402 296.15884 79.746056 -999.0 -999.0 -999.0 -999.0 -999.0 173.05514696382275 3.6542982356732936 173.05788762499412 3.513496721531137 59.971827343171455 165.44426424426956 -999.0 16600.0 -999.0 2 143 {-999.0 -999.0 -999.0 -999.0 -999.0} "" -999.0 -999.0 -999.0 -999.0 -999 -999 "" ops_sky_apogee_best_unassigned ops_sky sky_apogee 0 0 0.0 0.0 -999 ""
FIBERMAP 839 R+3C1 BOSS 1 1 0 1 0 0 -260.6361604332138 40.27242135221286 143.1 -115.43313578867357 237.08478882388903 296.15884 79.746056 173.05257545543958 3.656167567127113 -0.47561157 -0.16324356 1.2793757 173.05256477746923 3.6561786837896504 173.0552817873795 3.5154930615656186 59.97432905352654 165.4484995200708 5400.0 5400.0 2016.0 1 3 {-999.0 20.53326 20.285902 19.880127 19.597918} sdss_fiber2mag_from_lsdr10 19.863737 20.067068 18.956799 -999.0 63050395170259958 1059014452 dark_flexible_2x2 bhm_spiders_agn_lsdr10 bhm_spiders science 0 0 0.0 0.0 -999 ""
FIBERMAP 839 R+3C1 METROLOGY 0 0 0 1 0 0 -260.4749493708668 41.012730491817635 143.1 -114.73304107096914 237.37419618815292 296.15884 79.746056 -999.0 -999.0 -999.0 -999.0 -999.0 173.05573029477716 3.6575226440422286 173.05845400894475 3.5168030313776453 59.974938975178134 165.44176105082548 -999.0 6231.0 -999.0 -1 -999 {-999.0 -999.0 -999.0 -999.0 -999.0} "" -999.0 -999.0 -999.0 -999.0 -999 -999 "" "" "" "" 0 0 0.0 0.0 -999 ""
FIBERMAP 840 R+10C12 APOGEE 0 0 0 1 0 0 62.228745120827654 205.32991571723872 143.1 204.15730371948314 65.87841102209748 106.7888 122.80149 -999.0 -999.0 -999.0 -999.0 -999.0 174.50317782489927 2.88268530166658 174.5052903385557 2.7415951812486585 58.8895590889813 163.02502159583483 -999.0 16600.0 -999.0 2 -999 {-999.0 -999.0 -999.0 -999.0 -999.0} "" -999.0 -999.0 -999.0 -999.0 -999 -999 "" "" "" "" 0 0 0.0 0.0 -999 ""
FIBERMAP 840 R+10C12 BOSS 1 1 0 1 0 0 62.69324270072848 205.91363650782185 143.1 204.90157141433136 65.82941119363566 106.7888 122.80149 174.5065572766814 2.88241953264288 12.968515 -28.758959 0.8701345 174.50660044301955 2.882346006066052 174.50868167973408 2.7413745337431 58.88851249323798 163.0187717583265 5400.0 5400.0 2016.0 1 141 {-999.0 17.399567 16.674175 16.414337 -999.0} sdss_psfmag 17.210798 16.712204 16.066492 14.701 63050395170007688 1136203512 dark_flexible_3x1 mwm_halo_local_high_boss_triple mwm_halo science 0 0 0.0 0.0 -999 ""
FIBERMAP 840 R+10C12 METROLOGY 0 0 0 1 0 0 62.96561548664144 205.21293689651773 143.1 204.481092295816 65.20634680468433 106.7888 122.80149 -999.0 -999.0 -999.0 -999.0 -999.0 174.50469767516046 2.8795600157024155 174.50678714903222 2.7385557103073266 58.88624537963523 163.02366269195014 -999.0 6231.0 -999.0 -1 -999 {-999.0 -999.0 -999.0 -999.0 -999.0} "" -999.0 -999.0 -999.0 -999.0 -999 -999 "" "" "" "" 0 0 0.0 0.0 -999 ""
FIBERMAP 842 R-4C20 APOGEE 0 0 0 1 0 0 190.10012499514278 -69.4276739621497 143.1 51.28532188831473 -195.7468907183201 43.602596 111.327805 -999.0 -999.0 -999.0 -999.0 -999.0 173.80927354630165 1.6956536759419871 173.81116602473935 1.5549812020440246 57.89703407294584 164.8395272289059 -999.0 16600.0 -999.0 2 -999 {-999.0 -999.0 -999.0 -999.0 -999.0} "" -999.0 -999.0 -999.0 -999.0 -999 -999 "" "" "" "" 0 0 0.0 0.0 -999 ""
FIBERMAP 842 R-4C20 BOSS 1 1 0 1 0 0 190.75977039434335 -69.71921643198084 143.1 51.42168498553069 -196.45498079784542 43.602596 111.327805 173.80992014387454 1.6922461231535768 -0.13489792 -0.14500394 0.05040298 173.8099267658909 1.692295073263644 173.81178981759047 1.551748066714039 57.89374296475968 164.83972097325554 5400.0 5400.0 2016.0 1 286 {-999.0 18.518036 18.41222 18.220839 18.049902} sdss_psfmag 18.648184 18.520529 18.021067 -999.0 63050395169983005 1059933870 dark_2x4 bhm_aqmes_wide2 bhm_aqmes science 0 0 0.0 0.0 -999 ""
FIBERMAP 842 R-4C20 METROLOGY 0 0 0 1 0 0 190.17545815785607 -70.16995887719742 143.1 50.71839592484744 -196.23176627600216 43.602596 111.327805 -999.0 -999.0 -999.0 -999.0 -999.0 173.8067271912691 1.6933375218384914 173.8085991974532 1.552755822255067 57.89542755987088 164.84515804621037 -999.0 6231.0 -999.0 -1 -999 {-999.0 -999.0 -999.0 -999.0 -999.0} "" -999.0 -999.0 -999.0 -999.0 -999 -999 "" "" "" "" 0 0 0.0 0.0 -999 ""
FIBERMAP 846 R+1C13 APOGEE 0 0 0 1 0 0 9.835572075264931 15.85911111564322 143.1 18.634372446283194 0.9563281505139875 56.85976 33.675575 -999.0 -999.0 -999.0 -999.0 -999.0 173.66113082945694 2.5883231770470525 173.6633494952157 2.447525498282032 58.800169547472336 164.73860241754227 -999.0 16600.0 -999.0 2 131 {-999.0 -999.0 -999.0 -999.0 -999.0} "" -999.0 -999.0 -999.0 -999.0 -999 -999 "" ops_sky_apogee_best_unassigned ops_sky sky_apogee 0 0 0.0 0.0 -999 ""
FIBERMAP 846 R+1C13 BOSS 1 1 0 1 0 0 9.881306466263677 15.117918592918581 143.1 18.051477458419672 0.4963931287993043 56.85976 33.675575 173.6580726221651 2.586189426595732 -9.393424 -36.043556 0.6802495 173.65851126056086 2.5861067309272943 173.6607023668954 2.445430888957206 58.79871277132018 164.74447649050595 5400.0 5400.0 2016.0 1 13 {-999.0 15.191255 14.694295 14.590095 -999.0} sdss_psfmag 15.089967 14.75815 14.252982 13.307 63050395170000462 1136203391 dark_flexible_3x1 mwm_halo_local_high_boss_triple mwm_halo science 0 0 1.551901936531067 0.0 -999 ""
FIBERMAP 846 R+1C13 METROLOGY 0 0 0 1 0 0 9.211848655921887 15.444801398064811 143.1 17.938558129215316 1.232683272505057 56.85976 33.675575 -999.0 -999.0 -999.0 -999.0 -999.0 173.65798562607725 2.589495633989681 173.66018575668875 2.4487851194987345 58.80209801827509 164.7440141342883 -999.0 6231.0 -999.0 -1 -999 {-999.0 -999.0 -999.0 -999.0 -999.0} "" -999.0 -999.0 -999.0 -999.0 -999 -999 "" "" "" "" 0 0 0.0 0.0 -999 ""
FIBERMAP 847 R+5C22 APOGEE 0 0 0 1 0 0 252.9211738953471 102.08752606764746 143.1 227.99831799167458 -149.62404084144057 56.02635 69.454834 -999.0 -999.0 -999.0 -999.0 -999.0 174.60782361869963 1.9073033103245194 174.60962456586685 1.7663705429730252 57.91835112673196 163.28596261627027 -999.0 16600.0 -999.0 2 74 {-999.0 -999.0 -999.0 -999.0 -999.0} "" -999.0 -999.0 -999.0 -999.0 -999 -999 "" ops_sky_apogee_best_unassigned ops_sky sky_apogee 0 0 0.0 0.0 -999 ""
FIBERMAP 847 R+5C22 BOSS 1 1 0 1 0 0 253.37379829012207 101.47975793510913 143.1 227.75690475262078 -150.34224216774592 56.02635 69.454834 174.60674974373362 1.9039347517556506 -0.10171177 0.39872062 -0.87925863 174.60674986927012 1.9039397751432983 174.60851905829804 1.7631321710701513 57.91547627137816 163.2894561758452 5400.0 5400.0 2016.0 1 248 {-999.0 19.978785 19.930347 19.758743 19.585323} sdss_psfmag_from_lsdr10 19.81824 19.794432 19.37108 -999.0 63050395169982541 1059000978 dark_flexible_2x2 bhm_spiders_agn_lsdr10 bhm_spiders science 0 0 0.0 0.0 -999 ""
FIBERMAP 847 R+5C22 METROLOGY 0 0 0 1 0 0 252.63782872013698 101.3928513698005 143.1 227.26611933294475 -149.7870997988923 56.02635 69.454834 -999.0 -999.0 -999.0 -999.0 -999.0 174.60456520927474 1.9064573456149094 174.6063443665704 1.7656145999583432 57.9184107511031 163.29229656888228 -999.0 6231.0 -999.0 -1 -999 {-999.0 -999.0 -999.0 -999.0 -999.0} "" -999.0 -999.0 -999.0 -999.0 -999 -999 "" "" "" "" 0 0 0.0 0.0 -999 ""
FIBERMAP 849 R+6C12 APOGEE 0 0 0 1 0 0 7.5796306318910265 117.43008968419758 143.1 100.79852891847318 60.68885131849644 187.10138 105.05707 -999.0 -999.0 -999.0 -999.0 -999.0 174.03527218027756 2.860154567471756 174.03749128740196 2.7191966172583686 58.979734114864385 163.9145974525382 -999.0 16600.0 -999.0 2 -999 {-999.0 -999.0 -999.0 -999.0 -999.0} "" -999.0 -999.0 -999.0 -999.0 -999 -999 "" "" "" "" 0 0 0.0 0.0 -999 ""
FIBERMAP 849 R+6C12 BOSS 1 1 0 1 0 0 7.286467620151608 118.11165456498276 143.1 101.19144006447405 61.31809303658657 187.10138 105.05707 174.03717041015622 2.8629494084163127 -999.0 -999.0 -999.0 174.0371301338808 2.8629219053137205 174.03932098482835 2.7220823361861464 58.98211386641566 163.90984240192557 5400.0 5400.0 2015.5 1 117 {-999.0 -999.0 -999.0 -999.0 -999.0} "" -999.0 -999.0 -999.0 -999.0 27021603142701032 820258749 "" ops_sky_boss_good ops_sky sky_boss 0 0 0.0 0.0 -999 ""
FIBERMAP 849 R+6C12 METROLOGY 0 0 0 1 0 0 8.022648024299997 118.03042090155593 143.1 101.54420333030465 60.66696465519246 187.10138 105.05707 -999.0 -999.0 -999.0 -999.0 -999.0 174.0387207765456 2.8599875744811847 174.04091843581705 2.7191142651209304 58.97885541272548 163.90817534533403 -999.0 6231.0 -999.0 -1 -999 {-999.0 -999.0 -999.0 -999.0 -999.0} "" -999.0 -999.0 -999.0 -999.0 -999 -999 "" "" "" "" 0 0 0.0 0.0 -999 ""
FIBERMAP 852 R0C15 APOGEE 1 1 0 1 0 0 34.15991855453047 0.7901371067653619 143.1 20.1148089073454 -27.61518970010167 355.62482 125.537674 173.66793315083035 2.4581742922789043 -10.168798 1.0707843 0.76912016 173.66791012669648 2.458162494063229 173.67008384598842 2.3173871466114853 58.671767193435414 164.78143310884022 16000.0 16600.0 2016.0 2 32 {-999.0 13.480322 12.688095 12.394065 -999.0} sdss_psfmag_gaia 13.2570305 12.730053 12.051968 10.686 63050395170000337 1104039557 bright_flexible_2x1 mwm_tess_rgb_apogee mwm_tessrgb science 0 0 0.0 0.0 -999 ""
FIBERMAP 852 R0C15 BOSS 0 0 0 1 0 0 34.53688394323508 0.15263987269530546 143.1 19.80585711953859 -28.288171149202174 355.62482 125.537674 -999.0 -999.0 -999.0 -999.0 -999.0 173.6665408758728 2.4549592130978524 173.66868635052265 2.314306144718148 58.66907072764352 164.78536112628757 -999.0 5400.0 -999.0 1 180 {-999.0 -999.0 -999.0 -999.0 -999.0} "" -999.0 -999.0 -999.0 -999.0 -999 -999 "" "" "" "" 0 0 0.0 0.0 -999 ""
FIBERMAP 852 R0C15 METROLOGY 0 0 0 1 0 0 33.79772100804651 0.13385275844488778 143.1 19.369218242610188 -27.691588051153087 355.62482 125.537674 -999.0 -999.0 -999.0 -999.0 -999.0 173.66453956034366 2.4577136517121816 173.66669419510959 2.3170262938326123 58.6721633040084 164.78793954316598 -999.0 6231.0 -999.0 -1 -999 {-999.0 -999.0 -999.0 -999.0 -999.0} "" -999.0 -999.0 -999.0 -999.0 -999 -999 "" "" "" "" 0 0 0.0 0.0 -999 ""
FIBERMAP 857 R+13C3 APOGEE 0 0 0 1 0 0 -95.35178529943889 234.64644753319487 143.1 138.4479973605496 212.05065757314054 323.72055 75.83627 -999.0 -999.0 -999.0 -999.0 -999.0 174.20370696595054 3.5439013494245315 174.20609770276212 3.402770338776168 59.603660995093804 163.2760076851197 -999.0 16600.0 -999.0 2 106 {-999.0 -999.0 -999.0 -999.0 -999.0} "" -999.0 -999.0 -999.0 -999.0 -999 -999 "" ops_sky_apogee_best_unassigned ops_sky sky_apogee 0 0 0.0 0.0 -999 ""
FIBERMAP 857 R+13C3 BOSS 1 1 0 1 0 0 -95.92629704777924 234.1708956015278 143.1 137.72990977558413 212.25168271083754 323.72055 75.83627 174.20051494213556 3.544756341167704 -26.679588 -5.542551 2.5952876 174.20049798714527 3.544723977158437 174.20286076646823 3.403709946528947 59.60535571148171 163.28175346602566 5400.0 5400.0 2016.0 1 87 {-999.0 22.644175 21.121277 19.836884 -999.0} sdss_psfmag 20.814589 20.52058 19.420267 -999.0 63050395170013112 1092606607 dark_flexible_2x1 mwm_cb_galex_vol_boss mwm_cb science 0 0 0.0 0.0 -999 ""
FIBERMAP 857 R+13C3 METROLOGY 0 0 0 1 0 0 -96.06188565851643 234.90472300616764 143.1 138.25555125441744 212.78124411350382 323.72055 75.83627 -999.0 -999.0 -999.0 -999.0 -999.0 174.20284557623887 3.547109509611357 174.20521669634604 3.4060614445588997 59.60706712734957 163.27611729551876 -999.0 6231.0 -999.0 -1 -999 {-999.0 -999.0 -999.0 -999.0 -999.0} "" -999.0 -999.0 -999.0 -999.0 -999 -999 "" "" "" "" 0 0 0.0 0.0 -999 ""
FIBERMAP 859 R-9C1 APOGEE 0 0 0 1 0 0 -204.75609383424288 -186.99934814541461 143.1 -270.3146820786736 61.666068588320165 261.9008 68.23306 -999.0 -999.0 -999.0 -999.0 -999.0 172.3526579479684 2.8617190081243282 172.3552814008907 2.7213054181355876 59.33566161000278 167.11811380798633 -999.0 16600.0 -999.0 2 272 {-999.0 -999.0 -999.0 -999.0 -999.0} "" -999.0 -999.0 -999.0 -999.0 -999 -999 "" ops_sky_apogee_best_unassigned ops_sky sky_apogee 0 0 0.0 0.0 -999 ""
FIBERMAP 859 R-9C1 BOSS 1 1 0 1 0 0 -205.41714004192232 -186.63537233439942 143.1 -270.39233291703465 62.416584871867556 261.9008 68.23306 172.35235402847118 2.8650299754441333 -999.0 -999.0 -999.0 172.35234728508627 2.8649868663256237 172.3549493324026 2.7246917252205307 59.33904999414834 167.11750642086736 5400.0 5400.0 2016.0 1 419 {-999.0 22.174988 20.767769 20.20696 19.827732} sdss_fiber2mag_from_lsdr10 1e+20 1e+20 1e+20 -999.0 63050398301949189 1058110545 dark_flexible_2x2 bhm_spiders_clusters_lsdr10 bhm_spiders science 0 0 0.0 0.0 -999 ""
FIBERMAP 859 R-9C1 METROLOGY 0 0 0 1 0 0 -204.77776337006236 -186.24699429906124 143.1 -269.7089039777702 62.11259232379495 261.9008 68.23306 -999.0 -999.0 -999.0 -999.0 -999.0 172.3553806752689 2.863663131442101 172.3579879236845 2.7233334325507053 59.3371460696316 167.11216061043265 -999.0 6231.0 -999.0 -1 -999 {-999.0 -999.0 -999.0 -999.0 -999.0} "" -999.0 -999.0 -999.0 -999.0 -999 -999 "" "" "" "" 0 0 0.0 0.0 -999 ""
FIBERMAP 865 R-9C11 APOGEE 0 0 0 1 0 0 20.322287688994415 -161.54909575766646 143.1 -121.1466636669512 -108.75349540828282 177.16805 67.90856 -999.0 -999.0 -999.0 -999.0 -999.0 173.02540491214953 2.089394967689619 173.02758895873183 1.9488920336434221 58.44723712252963 166.13382426134814 -999.0 16600.0 -999.0 2 179 {-999.0 -999.0 -999.0 -999.0 -999.0} "" -999.0 -999.0 -999.0 -999.0 -999 -999 "" ops_sky_apogee_best_unassigned ops_sky sky_apogee 0 0 0.0 0.0 -999 ""
FIBERMAP 865 R-9C11 BOSS 1 1 0 1 0 0 20.62745629620833 -160.87414468835203 143.1 -120.41823390601026 -108.61960564472126 177.16805 67.90856 173.02867132236725 2.089893555825203 5.4512286 -15.644328 0.297331 173.02868885183958 2.089834642539084 173.03084706211678 1.9494533831701426 58.44713021262866 166.12751312185154 5400.0 5400.0 2016.0 1 374 {-999.0 18.303457 17.920307 17.768059 -999.0} sdss_psfmag 18.231773 17.903122 17.410984 -999.0 63050395169997593 976488575 "" ops_std_boss ops_std standard_boss 0 0 0.0 0.0 -999 ""
FIBERMAP 865 R-9C11 METROLOGY 0 0 0 1 0 0 21.063572475844516 -161.48092820466564 143.1 -120.66824521270787 -109.32368291767453 177.16805 67.90856 -999.0 -999.0 -999.0 -999.0 -999.0 173.02756674468617 2.086686439702293 173.0297312283791 1.946271344619795 58.44423851463718 166.13082685550722 -999.0 6231.0 -999.0 -1 -999 {-999.0 -999.0 -999.0 -999.0 -999.0} "" -999.0 -999.0 -999.0 -999.0 -999 -999 "" "" "" "" 0 0 0.0 0.0 -999 ""
FIBERMAP 866 R+11C13 APOGEE 0 0 0 1 0 0 91.37478982433926 200.09308947070716 143.1 216.46332218877714 38.948172500431205 257.02496 93.751045 -999.0 -999.0 -999.0 -999.0 -999.0 174.5587590925325 2.7604707445107852 174.56082196645366 2.6193889114000393 58.757460217974064 162.97925681527275 -999.0 16600.0 -999.0 2 12 {-999.0 -999.0 -999.0 -999.0 -999.0} "" -999.0 -999.0 -999.0 -999.0 -999 -999 "" ops_sky_apogee_best_unassigned ops_sky sky_apogee 0 0 0.0 0.0 -999 ""
FIBERMAP 866 R+11C13 BOSS 1 1 0 1 0 0 90.6313391285255 200.20828946543205 143.1 216.13432242110096 39.62462940606635 257.02496 93.751045 174.55734059038423 2.7634398504901907 -0.04580844 0.04240803 -0.3601546 174.55734766912997 2.763427894356363 174.55938119733275 2.622465944596152 58.76079700849468 162.98048453250587 5400.0 5400.0 2016.0 1 99 {-999.0 19.725327 19.330154 18.89378 18.827238} sdss_psfmag 19.478838 19.092081 18.369614 -999.0 63050395170006939 1059933933 dark_2x4 bhm_aqmes_wide2 bhm_aqmes science 0 0 0.0 0.0 -999 ""
FIBERMAP 866 R+11C13 METROLOGY 0 0 0 1 0 0 91.10078169380358 200.79300168879553 143.1 216.8822225105673 39.57213178477697 257.02496 93.751045 -999.0 -999.0 -999.0 -999.0 -999.0 174.56069203497847 2.7632145286058667 174.56273335282492 2.6222177248204774 58.75973125344503 162.9743447558157 -999.0 6231.0 -999.0 -1 -999 {-999.0 -999.0 -999.0 -999.0 -999.0} "" -999.0 -999.0 -999.0 -999.0 -999 -999 "" "" "" "" 0 0 0.0 0.0 -999 ""
FIBERMAP 868 R+9C15 APOGEE 0 0 0 1 0 0 120.6931086039888 153.1654837706879 143.1 194.6147903228837 -11.880620237932906 329.01132 34.82078 -999.0 -999.0 -999.0 -999.0 -999.0 174.46044421650143 2.5299735721333785 174.46246148170871 2.3889607395301784 58.558024654886 163.2706900383502 -999.0 16600.0 -999.0 2 -999 {-999.0 -999.0 -999.0 -999.0 -999.0} "" -999.0 -999.0 -999.0 -999.0 -999 -999 "" "" "" "" 0 0 0.0 0.0 -999 ""
FIBERMAP 868 R+9C15 BOSS 1 1 0 1 0 0 119.94511116663261 153.10378839292753 143.1 194.13786421434128 -11.301229588109921 329.01132 34.82078 174.45810400124626 2.532494010393884 -23.70713 -15.939159 0.6111066 174.45837797623426 2.5324792662311335 174.4603661932299 2.391587653260446 58.561080450819674 163.2733639995053 5400.0 5400.0 2016.0 1 229 {-999.0 15.811435 15.387269 15.267767 -999.0} sdss_psfmag 15.707238 15.388626 14.899714 13.979 63050395170006642 1136203508 dark_flexible_3x1 mwm_halo_local_high_boss_triple mwm_halo science 0 0 1.3268333673477173 0.0 -999 ""
FIBERMAP 868 R+9C15 METROLOGY 0 0 0 1 0 0 120.26920341359039 153.7794596416023 143.1 194.87766908776032 -11.182476907757968 329.01132 34.82078 -999.0 -999.0 -999.0 -999.0 -999.0 174.46169491572542 2.5330535078403367 174.46369111680997 2.3921265780075642 58.56079850390317 163.26693439569357 -999.0 6231.0 -999.0 -1 -999 {-999.0 -999.0 -999.0 -999.0 -999.0} "" -999.0 -999.0 -999.0 -999.0 -999 -999 "" "" "" "" 0 0 0.0 0.0 -999 ""
FIBERMAP 869 R+10C1 APOGEE 1 1 0 1 0 0 -169.89468917411273 195.389537146962 143.1 63.71749624537398 250.92424330497357 336.31372 146.78275 173.86475475153114 3.7195673785043604 -23.647772 -3.1882813 1.3255786 173.8646945876914 3.7195493696365385 173.8672342953521 3.5784832696051647 59.85494993610907 163.84453999996975 16000.0 16600.0 2016.0 2 115 {-999.0 12.933811 12.063907 11.784256 -999.0} sdss_psfmag_from_g3xp 12.665588 12.123 11.43439 10.077 63050395170013532 1109593404 bright_1x1 mwm_tess_rgb_apogee mwm_tessrgb science 0 0 0.0 0.0 -999 ""
FIBERMAP 869 R+10C1 BOSS 0 0 0 1 0 0 -169.5308201465173 194.74914543305835 143.1 63.39870357034553 250.26037230610243 336.31372 146.78275 -999.0 -999.0 -999.0 -999.0 -999.0 173.86329260415457 3.716490846649958 173.86580384929084 3.5755410368836937 59.85242431276555 163.84867679570849 -999.0 5400.0 -999.0 1 79 {-999.0 -999.0 -999.0 -999.0 -999.0} "" -999.0 -999.0 -999.0 -999.0 -999 -999 "" "" "" "" 0 0 0.0 0.0 -999 ""
FIBERMAP 869 R+10C1 METROLOGY 0 0 0 1 0 0 -170.28263518342254 194.74932059574365 143.1 62.970434250561624 250.87815567918136 336.31372 146.78275 -999.0 -999.0 -999.0 -999.0 -999.0 173.86133319829688 3.7192824035358796 173.86385379635908 3.578299972472912 59.85556252481 163.85115684580003 -999.0 6231.0 -999.0 -1 -999 {-999.0 -999.0 -999.0 -999.0 -999.0} "" -999.0 -999.0 -999.0 -999.0 -999 -999 "" "" "" "" 0 0 0.0 0.0 -999 ""
FIBERMAP 870 R0C26 APOGEE 0 0 0 1 0 0 278.93864287446786 13.562085297932546 143.1 170.09247788340278 -221.44494138052923 81.97461 84.17336 -999.0 -999.0 -999.0 -999.0 -999.0 174.34550619943806 1.5830490298740352 174.34726136786787 1.4422476674270528 57.66580298149847 163.90838964828123 -999.0 16600.0 -999.0 2 38 {-999.0 -999.0 -999.0 -999.0 -999.0} "" -999.0 -999.0 -999.0 -999.0 -999 -999 "" ops_sky_apogee_best_unassigned ops_sky sky_apogee 0 0 0.0 0.0 -999 ""
FIBERMAP 870 R0C26 BOSS 1 1 0 1 0 0 279.6640935042479 13.415706195574566 143.1 170.38560408205868 -222.12437667487478 81.97461 84.17336 174.34682645689693 1.579930487180025 0.20645696 0.25190693 -0.55617124 174.34682228724725 1.5799029267230469 174.34854609294518 1.439227559726414 57.66256666586735 163.90737113799852 5400.0 5400.0 2016.0 1 173 {-999.0 19.359627 19.188795 19.23502 19.194233} sdss_psfmag 19.400377 19.396477 18.876953 -999.0 63050395169981748 1129029378 dark_1x4 bhm_aqmes_wide1_faint bhm_filler science 0 0 0.0 0.0 -999 ""
FIBERMAP 870 R0C26 METROLOGY 0 0 0 1 0 0 279.1517881830263 12.847072322168424 143.1 169.6264889477219 -222.02750138640587 81.97461 84.17336 -999.0 -999.0 -999.0 -999.0 -999.0 174.343407475937 1.5803436541554194 174.34514061216794 1.4396334824768116 57.66375502664252 163.9133834950468 -999.0 6231.0 -999.0 -1 -999 {-999.0 -999.0 -999.0 -999.0 -999.0} "" -999.0 -999.0 -999.0 -999.0 -999 -999 "" "" "" "" 0 0 0.0 0.0 -999 ""
FIBERMAP 871 R-7C18 APOGEE 0 0 0 1 0 0 152.55029719726343 -145.11770500744896 143.1 -32.298176337232064 -208.0274372509976 244.41466 78.835945 -999.0 -999.0 -999.0 -999.0 -999.0 173.4299035739757 1.6401491800502048 173.43184952328932 1.4996020981043625 57.92442983974158 165.55902462793114 -999.0 16600.0 -999.0 2 234 {-999.0 -999.0 -999.0 -999.0 -999.0} "" -999.0 -999.0 -999.0 -999.0 -999 -999 "" ops_sky_apogee_best_unassigned ops_sky sky_apogee 0 0 0.0 0.0 -999 ""
FIBERMAP 871 R-7C18 BOSS 1 1 0 1 0 0 151.97011801948258 -144.63637084774984 143.1 -32.233325599004274 -207.27648517592846 244.41466 78.835945 173.4301492927293 1.64340877032135 17.293259 -27.508293 4.3229055 173.4302114370018 1.6433542904216063 173.43213156888714 1.5029316318582644 57.92762613334602 165.5571900896842 5400.0 5400.0 2016.0 1 276 {-999.0 20.223682 20.156757 20.117836 -999.0} sdss_psfmag 20.266726 20.10314 19.695993 -999.0 63050395169995932 1092606488 dark_flexible_2x1 mwm_cb_galex_vol_boss mwm_cb science 0 0 0.0 0.0 -999 ""
FIBERMAP 871 R-7C18 METROLOGY 0 0 0 1 0 0 152.6633962385909 -144.36205133038743 143.1 -31.612890791143485 -207.68975763165193 244.41466 78.835945 -999.0 -999.0 -999.0 -999.0 -999.0 173.4330237531127 1.641538233205849 173.4349503354298 1.5010795936776993 57.92522406445395 165.55273355979455 -999.0 6231.0 -999.0 -1 -999 {-999.0 -999.0 -999.0 -999.0 -999.0} "" -999.0 -999.0 -999.0 -999.0 -999 -999 "" "" "" "" 0 0 0.0 0.0 -999 ""
FIBERMAP 872 R+4C23 APOGEE 0 0 0 1 0 0 251.28748385166972 64.58313135107244 143.1 196.2541505409195 -169.65326973798568 296.82086 111.64301 -999.0 -999.0 -999.0 -999.0 -999.0 174.46489691018917 1.816187323999125 174.46669945282065 1.675309203932391 57.86420760394011 163.58797889428098 -999.0 16600.0 -999.0 2 77 {-999.0 -999.0 -999.0 -999.0 -999.0} "" -999.0 -999.0 -999.0 -999.0 -999 -999 "" ops_sky_apogee_best_unassigned ops_sky sky_apogee 0 0 0.0 0.0 -999 ""
FIBERMAP 872 R+4C23 BOSS 1 1 0 1 0 0 250.7711565547533 64.05089306527616 143.1 195.52264577276176 -169.53235042448597 296.82086 111.64301 174.46164668729753 1.8165782683648064 -999.0 -999.0 -999.0 174.46165881654525 1.8165737332143952 174.4634316201009 1.6758210089009964 57.86548100263014 163.5937151692298 5400.0 5400.0 2016.0 1 247 {-999.0 21.025145 20.594477 20.509703 20.433453} sdss_psfmag 1e+20 1e+20 1e+20 -999.0 63050399017152531 1129057071 dark_1x4 bhm_aqmes_wide1_faint bhm_filler science 0 0 0.0 0.0 -999 ""
FIBERMAP 872 R+4C23 METROLOGY 0 0 0 1 0 0 250.56126246024155 64.77121276847008 143.1 195.99484732879566 -168.94943760472228 296.82086 111.64301 -999.0 -999.0 -999.0 -999.0 -999.0 174.4637864719643 1.8192481465457293 174.46556829254223 1.6784590230722523 57.86753590013282 163.58863619130133 -999.0 6231.0 -999.0 -1 -999 {-999.0 -999.0 -999.0 -999.0 -999.0} "" -999.0 -999.0 -999.0 -999.0 -999 -999 "" "" "" "" 0 0 0.0 0.0 -999 ""
FIBERMAP 875 R+1C7 APOGEE 0 0 0 1 0 0 -151.68440547033987 29.260252754321677 143.1 -62.395705046508276 141.2959805070811 110.28787 127.91849 -999.0 -999.0 -999.0 -999.0 -999.0 173.2918589779913 3.2261545148137496 173.29438509599993 3.085353656155169 59.50312561109891 165.16808800638685 -999.0 16600.0 -999.0 2 138 {-999.0 -999.0 -999.0 -999.0 -999.0} "" -999.0 -999.0 -999.0 -999.0 -999 -999 "" ops_sky_apogee_best_unassigned ops_sky sky_apogee 0 0 0.0 0.0 -999 ""
FIBERMAP 875 R+1C7 BOSS 1 1 0 1 0 0 -151.27821370213846 29.88809843349086 143.1 -61.648409696080996 141.32002820318118 110.28787 127.91849 173.29526135549264 3.2262266847142356 -4.9762416 -2.8555527 0.38038534 173.29526187163302 3.2262062226234525 173.29776115544462 3.085521739145103 59.50256287864774 165.16153008995457 5400.0 5400.0 2016.0 1 21 {-999.0 17.739113 17.351843 17.199087 17.139175} sdss_psfmag_from_gaia 17.6749 17.3645 16.8684 16.021 63050395170005124 970816895 "" ops_std_boss_gdr2 ops_std standard_boss 0 0 0.0 0.0 -999 ""
FIBERMAP 875 R+1C7 METROLOGY 0 0 0 1 0 0 -150.9305715875411 29.220506276268253 143.1 -61.998796699097824 140.6539892076902 110.28787 127.91849 -999.0 -999.0 -999.0 -999.0 -999.0 173.29366125357853 3.22320975875968 173.29616726597328 3.082493053726443 59.499948628219784 165.16587909835178 -999.0 6231.0 -999.0 -1 -999 {-999.0 -999.0 -999.0 -999.0 -999.0} "" -999.0 -999.0 -999.0 -999.0 -999 -999 "" "" "" "" 0 0 0.0 0.0 -999 ""
FIBERMAP 877 R+13C4 APOGEE 0 0 0 1 0 0 -85.20858816247951 265.2442072657124 143.1 169.36678967124402 221.15289507737805 129.51338 103.25745 -999.0 -999.0 -999.0 -999.0 -999.0 174.34278961399937 3.583557428092572 174.34515468174322 3.442381061123663 59.608143723999554 162.99083724800855 -999.0 16600.0 -999.0 2 114 {-999.0 -999.0 -999.0 -999.0 -999.0} "" -999.0 -999.0 -999.0 -999.0 -999 -999 "" ops_sky_apogee_best_unassigned ops_sky sky_apogee 0 0 0.0 0.0 -999 ""
FIBERMAP 877 R+13C4 BOSS 1 1 0 1 0 0 -84.77913716586531 265.8432166655716 143.1 170.10364743526222 221.1414012037126 129.51338 103.25745 174.3461608886719 3.5833216984719627 -999.0 -999.0 -999.0 174.3461312587075 3.583355935043894 174.34846576612188 3.442294803455405 59.60724552530637 162.98454790474366 5400.0 5400.0 2015.5 1 86 {-999.0 -999.0 -999.0 -999.0 -999.0} "" -999.0 -999.0 -999.0 -999.0 27021603142705584 812162419 "" ops_sky_boss_good ops_sky sky_boss 0 0 0.0 0.0 -999 ""
FIBERMAP 877 R+13C4 METROLOGY 0 0 0 1 0 0 -84.4638468738864 265.1838524101964 143.1 169.741585074938 220.5066307114957 129.51338 103.25745 -999.0 -999.0 -999.0 -999.0 -999.0 174.344516671526 3.5805651734002604 174.34685915790283 3.4394720935123106 59.60490518483334 162.98899500373489 -999.0 6231.0 -999.0 -1 -999 {-999.0 -999.0 -999.0 -999.0 -999.0} "" -999.0 -999.0 -999.0 -999.0 -999 -999 "" "" "" "" 0 0 0.0 0.0 -999 ""
FIBERMAP 880 R-8C1 APOGEE 0 0 0 1 0 0 -213.90551083652727 -169.91702590233385 143.1 -261.4937115456239 78.91730285868648 273.03262 66.77132 -999.0 -999.0 -999.0 -999.0 -999.0 172.39217261340332 2.939839936051321 172.39481694712117 2.7993977033781916 59.404913573144476 167.01311079680022 -999.0 16600.0 -999.0 2 276 {-999.0 -999.0 -999.0 -999.0 -999.0} "" -999.0 -999.0 -999.0 -999.0 -999 -999 "" ops_sky_apogee_best_unassigned ops_sky sky_apogee 0 0 0.0 0.0 -999 ""
FIBERMAP 880 R-8C1 BOSS 1 1 0 1 0 0 -214.62209393347274 -169.67830387790536 143.1 -261.7059166797495 79.64207324045968 273.03262 66.77132 172.39126438170135 2.9430009984786767 1.6519153 -0.8665594 0.023529533 172.39126042955195 2.942987950476515 172.3938833322287 2.8026640447858804 59.408297346105996 167.01369572464276 5400.0 5400.0 2016.0 1 418 {-999.0 20.098799 20.007608 19.983986 19.965229} sdss_psfmag_from_gdr3 19.979128 19.98279 19.632265 -999.0 63050395170005548 1128658427 dark_flexible_3x1 bhm_spiders_agn_gaiadr3_d3 bhm_spiders science 0 0 0.0 0.0 -999 ""
FIBERMAP 880 R-8C1 METROLOGY 0 0 0 1 0 0 -214.05881477459477 -169.18423351048278 143.1 -260.97901530013934 79.46082920317816 273.03262 66.77132 -999.0 -999.0 -999.0 -999.0 -999.0 172.39449312439328 2.942222297243447 172.39712142185726 2.8018637648739215 59.406899513651936 167.00775313255832 -999.0 6231.0 -999.0 -1 -999 {-999.0 -999.0 -999.0 -999.0 -999.0} "" -999.0 -999.0 -999.0 -999.0 -999 -999 "" "" "" "" 0 0 0.0 0.0 -999 ""
FIBERMAP 885 R+12C10 APOGEE 0 0 0 1 0 0 59.470822131839775 245.66644991237172 143.1 235.72581740779424 91.12960675874277 89.11058 58.274902 -999.0 -999.0 -999.0 -999.0 -999.0 174.6445467198232 2.9963462655115585 174.64665792679273 2.8551983418495994 58.96458988082361 162.70540256424513 -999.0 16600.0 -999.0 2 -999 {-999.0 -999.0 -999.0 -999.0 -999.0} "" -999.0 -999.0 -999.0 -999.0 -999 -999 "" "" "" "" 0 0 0.0 0.0 -999 ""
FIBERMAP 885 R+12C10 BOSS 1 1 0 1 0 0 60.11375027568744 245.27779262345325 143.1 235.7728658236824 90.3799116325306 89.11058 58.274902 174.64478645748153 2.9928370512230367 8.040083 -19.33238 0.6570072 174.64482057711896 2.9928455305778336 174.646899894454 2.8518171893814888 58.96125585616755 162.70659007194195 5400.0 5400.0 2016.0 1 153 {-999.0 16.88915 16.348837 16.16666 -999.0} sdss_psfmag 16.746857 16.375635 15.825019 14.755 63050395170007763 1136203527 dark_flexible_3x1 mwm_halo_local_high_boss_triple mwm_halo science 0 0 0.0 0.0 -999 ""
FIBERMAP 885 R+12C10 METROLOGY 0 0 0 1 0 0 59.45731837821333 244.92047429001548 143.1 235.10523649242575 90.71561559703618 89.11058 58.274902 -999.0 -999.0 -999.0 -999.0 -999.0 174.64181150921667 2.9944104294006744 174.64390076780876 2.8533488382080403 58.963488346853346 162.71147141869403 -999.0 6231.0 -999.0 -1 -999 {-999.0 -999.0 -999.0 -999.0 -999.0} "" -999.0 -999.0 -999.0 -999.0 -999 -999 "" "" "" "" 0 0 0.0 0.0 -999 ""
FIBERMAP 886 R+3C2 APOGEE 0 0 0 1 0 0 -251.92650495279582 51.23126851422707 143.1 -101.46636091861 236.17379897938605 236.51654 77.89306 -999.0 -999.0 -999.0 -999.0 -999.0 173.11568013009398 3.652621844558918 173.11840362633222 3.511800674623734 59.95733073006824 165.32706682811266 -999.0 16600.0 -999.0 2 -999 {-999.0 -999.0 -999.0 -999.0 -999.0} "" -999.0 -999.0 -999.0 -999.0 -999 -999 "" "" "" "" 0 0 0.0 0.0 -999 ""
FIBERMAP 886 R+3C2 BOSS 1 1 0 1 0 0 -252.44207907992285 51.72496036563953 143.1 -101.35454277511295 236.87871409423113 236.51654 77.89306 173.11620648470404 3.655657990600044 0.32212526 -0.05911377 -0.06674601 173.11621975944934 3.655674316273691 173.11891894139706 3.5149678145158716 59.960315136238066 165.32471294000666 5400.0 5400.0 2016.0 1 73 {-999.0 19.558119 19.544022 19.36529 19.180635} sdss_psfmag_from_lsdr10 19.532005 19.333128 18.990343 -999.0 63050395170014139 1059014455 dark_flexible_2x2 bhm_spiders_agn_lsdr10 bhm_spiders science 0 0 0.0 0.0 -999 ""
FIBERMAP 886 R+3C2 METROLOGY 0 0 0 1 0 0 -251.73518763104417 51.952420136917866 143.1 -100.76485011235889 236.42755465558608 236.51654 77.89306 -999.0 -999.0 -999.0 -999.0 -999.0 173.1188729609685 3.6537027086563922 173.12157786294665 3.512962996584642 59.957790015949605 165.3203886879532 -999.0 6231.0 -999.0 -1 -999 {-999.0 -999.0 -999.0 -999.0 -999.0} "" -999.0 -999.0 -999.0 -999.0 -999 -999 "" "" "" "" 0 0 0.0 0.0 -999 ""
FIBERMAP 891 R+9C3 APOGEE 0 0 0 1 0 0 -150.40118751053362 192.12668956093555 143.1 72.14492377054606 233.04928484237703 141.95282 73.51809 -999.0 -999.0 -999.0 -999.0 -999.0 173.90317918151084 3.6395291751693595 173.90568229157032 3.4984662959064203 59.768161888106334 163.80770004036137 -999.0 16600.0 -999.0 2 99 {-999.0 -999.0 -999.0 -999.0 -999.0} "" -999.0 -999.0 -999.0 -999.0 -999 -999 "" ops_sky_apogee_best_unassigned ops_sky sky_apogee 0 0 0.0 0.0 -999 ""
FIBERMAP 891 R+9C3 BOSS 1 1 0 1 0 0 -149.78945779430498 192.57223233421283 143.1 72.85956437225185 232.80058142529572 141.95282 73.51809 173.90649570203632 3.6382864965521886 -0.047389414 0.13557595 -1.8399436 173.90645850724525 3.6383136012548336 173.90893229536834 3.497365693091694 59.766329873858346 163.80195139766658 5400.0 5400.0 2016.0 1 58 {-999.0 20.6224 20.524374 20.370846 20.35071} sdss_psfmag_from_gaiadr2 20.019575 20.54522 19.786942 -999.0 63050395170013393 1056632645 dark_flexible_2x2 bhm_gua_dark bhm_filler science 0 0 0.0 0.0 -999 ""
FIBERMAP 891 R+9C3 METROLOGY 0 0 0 1 0 0 -149.70840495591264 191.83044653524726 143.1 72.29630776947046 232.311291056083 141.95282 73.51809 -999.0 -999.0 -999.0 -999.0 -999.0 173.90390386358257 3.6361601336631555 173.9063856055592 3.495180576848103 59.76480320650812 163.80787787343064 -999.0 6231.0 -999.0 -1 -999 {-999.0 -999.0 -999.0 -999.0 -999.0} "" -999.0 -999.0 -999.0 -999.0 -999 -999 "" "" "" "" 0 0 0.0 0.0 -999 ""
FIBERMAP 894 R+13C9 APOGEE 0 0 0 1 0 0 44.02368553868135 261.5216284896768 143.1 239.94989548889183 112.85570931367998 50.84233 107.81557 -999.0 -999.0 -999.0 -999.0 -999.0 174.6629783235768 3.0943204335691763 174.6651134455151 2.953149624761502 59.05478431652711 162.62302348331207 -999.0 16600.0 -999.0 2 56 {-999.0 -999.0 -999.0 -999.0 -999.0} "" -999.0 -999.0 -999.0 -999.0 -999 -999 "" ops_sky_apogee_best_unassigned ops_sky sky_apogee 0 0 0.0 0.0 -999 ""
FIBERMAP 894 R+13C9 BOSS 1 1 0 1 0 0 44.72340564020106 261.26299009808986 143.1 240.13612835331213 112.1334442819116 50.84233 107.81557 174.66385408324217 3.0909239674543447 0.25517088 -0.17152806 0.15369208 174.66386741417477 3.0909418842384695 174.6659704884172 2.9498900154936853 59.05141421982411 162.6230065447371 5400.0 5400.0 2016.0 1 165 {-999.0 19.245264 18.960665 19.075294 19.161024} sdss_psfmag 19.420567 19.360207 19.021406 -999.0 63050395170007955 1059933935 dark_2x4 bhm_aqmes_wide2 bhm_aqmes science 0 0 0.0 0.0 -999 ""
FIBERMAP 894 R+13C9 METROLOGY 0 0 0 1 0 0 44.15405261361859 260.77447782698874 143.1 239.41033232459586 112.32284576474046 50.84233 107.81557 -999.0 -999.0 -999.0 -999.0 -999.0 174.66060537189364 3.091850240570904 174.66271828354184 2.950765439429497 59.05307813661723 162.6286913582389 -999.0 6231.0 -999.0 -1 -999 {-999.0 -999.0 -999.0 -999.0 -999.0} "" -999.0 -999.0 -999.0 -999.0 -999 -999 "" "" "" "" 0 0 0.0 0.0 -999 ""
FIBERMAP 895 R+11C14 APOGEE 1 1 0 1 0 0 140.21693793183042 217.7916048413903 143.1 258.83638325364586 8.905259577200551 49.202457 78.04004 174.74869843587533 2.624066009124242 -15.574864 -7.3840976 0.56627226 174.74865214326428 2.6240562588532583 174.75063050557844 2.4829515263242663 58.57819584171311 162.69120819542064 16000.0 16600.0 2016.0 2 96 {-999.0 12.299506 11.526869 11.240688 -999.0} sdss_psfmag_from_g3xp 12.080294 11.56295 10.890831 9.541 63050395169991671 1110517086 bright_1x1 mwm_tess_rgb_apogee mwm_tessrgb science 0 0 0.0 0.0 -999 ""
FIBERMAP 895 R+11C14 BOSS 0 0 0 1 0 0 140.67124163668552 217.19511807735293 143.1 258.60519560748764 8.192107106164613 49.202457 78.04004 -999.0 -999.0 -999.0 -999.0 -999.0 174.74766570079385 2.620709917752728 174.74961205815555 2.4797268813521813 58.5753286893148 162.6946463504809 -999.0 5400.0 -999.0 1 88 {-999.0 -999.0 -999.0 -999.0 -999.0} "" -999.0 -999.0 -999.0 -999.0 -999 -999 "" "" "" "" 0 0 0.0 0.0 -999 ""
FIBERMAP 895 R+11C14 METROLOGY 0 0 0 1 0 0 139.93123731959193 217.09558091991923 143.1 258.10173386761164 8.743366983055902 49.202457 78.04004 -999.0 -999.0 -999.0 -999.0 -999.0 174.74540601308573 2.6232411476172426 174.7473624931264 2.4822239537659976 58.57830888760181 162.69762082622776 -999.0 6231.0 -999.0 -1 -999 {-999.0 -999.0 -999.0 -999.0 -999.0} "" -999.0 -999.0 -999.0 -999.0 -999 -999 "" "" "" "" 0 0 0.0 0.0 -999 ""
FIBERMAP 896 R-8C17 APOGEE 0 0 0 1 0 0 146.69187128066773 -155.37216073859773 143.1 -44.061489722763376 -209.05759907616456 151.5517 141.78773 -999.0 -999.0 -999.0 -999.0 -999.0 173.3765519829007 1.635585128294895 173.3785064067481 1.4950555941393522 57.93113200788242 165.65902138639575 -999.0 16600.0 -999.0 2 230 {-999.0 -999.0 -999.0 -999.0 -999.0} "" -999.0 -999.0 -999.0 -999.0 -999 -999 "" ops_sky_apogee_best_unassigned ops_sky sky_apogee 0 0 0.0 0.0 -999 ""
FIBERMAP 896 R-8C17 BOSS 1 1 0 1 0 0 146.37129817619197 -154.7128292425188 143.1 -43.70246462764486 -208.41850694664714 151.5517 141.78773 173.37819110645214 1.638288810646656 -999.0 -999.0 -999.0 173.37819104239924 1.6382862223905932 173.38011941549757 1.4978807996171095 57.933559190776265 165.65494209690004 5400.0 5400.0 2016.0 1 275 {-999.0 23.288116 22.407892 21.984161 21.689688} sdss_fiber2mag_from_lsdr10 1e+20 1e+20 1e+20 -999.0 63050396871771806 1058999016 dark_flexible_2x2 bhm_spiders_agn_lsdr10 bhm_spiders science 0 0 0.0 0.0 -999 ""
FIBERMAP 896 R-8C17 METROLOGY 0 0 0 1 0 0 147.11618382038125 -154.75236858815427 143.1 -43.31048515415874 -209.053028432506 151.5517 141.78773 -999.0 -999.0 -999.0 -999.0 -999.0 173.37997011419617 1.6354762466578945 173.3819047358429 1.4950353517401156 57.930404256118265 165.65277144181312 -999.0 6231.0 -999.0 -1 -999 {-999.0 -999.0 -999.0 -999.0 -999.0} "" -999.0 -999.0 -999.0 -999.0 -999 -999 "" "" "" "" 0 0 0.0 0.0 -999 ""
FIBERMAP 897 R-6C3 APOGEE 0 0 0 1 0 0 -174.1486333077616 -124.81450752798528 143.1 -201.78293930615337 71.95461432238746 270.2927 144.87077 -999.0 -999.0 -999.0 -999.0 -999.0 172.65966860724262 2.9096929356128665 172.66223685207842 2.7691613034824574 59.32374852252013 166.51021421637577 -999.0 16600.0 -999.0 2 298 {-999.0 -999.0 -999.0 -999.0 -999.0} "" -999.0 -999.0 -999.0 -999.0 -999 -999 "" ops_sky_apogee_best_unassigned ops_sky sky_apogee 0 0 0.0 0.0 -999 ""
FIBERMAP 897 R-6C3 BOSS 1 1 0 1 0 0 -174.56731907980904 -125.42633565218127 143.1 -202.5241943626662 71.94995899346634 270.2927 144.87077 172.65593487029244 2.9095850050834837 -23.462717 -3.1148274 0.72624266 172.65631377566592 2.9095538157872323 172.65885896639531 2.769142181134558 59.32439220217238 166.5167060745866 5400.0 5400.0 2016.0 1 445 {-999.0 15.019813 14.609381 14.462633 -999.0} sdss_psfmag 14.916276 14.600634 14.113931 13.207 63050395170005308 1136203445 dark_flexible_3x1 mwm_halo_local_high_boss_triple mwm_halo science 0 0 1.5963550806045532 0.0 -999 ""
FIBERMAP 897 R-6C3 METROLOGY 0 0 0 1 0 0 -174.89102002207065 -124.7569558337253 143.1 -202.15869603119145 72.59734684457815 270.2927 144.87077 -999.0 -999.0 -999.0 -999.0 -999.0 172.6579667152414 2.9125245147233136 172.66051937012867 2.772078080412463 59.32694537504589 166.51238864570942 -999.0 6231.0 -999.0 -1 -999 {-999.0 -999.0 -999.0 -999.0 -999.0} "" -999.0 -999.0 -999.0 -999.0 -999 -999 "" "" "" "" 0 0 0.0 0.0 -999 ""
FIBERMAP 898 R+4C19 APOGEE 0 0 0 1 0 0 149.25869111915998 95.53972261715401 143.1 163.5478249771763 -68.18719452350562 159.69228 61.751114 -999.0 -999.0 -999.0 -999.0 -999.0 174.31972802963537 2.2742111342640023 174.3216992671854 2.1332842227215227 58.3434903429528 163.6487464360864 -999.0 16600.0 -999.0 2 90 {-999.0 -999.0 -999.0 -999.0 -999.0} "" -999.0 -999.0 -999.0 -999.0 -999 -999 "" ops_sky_apogee_best_unassigned ops_sky sky_apogee 0 0 0.0 0.0 -999 ""
FIBERMAP 898 R+4C19 BOSS 1 1 0 1 0 0 149.82190978309478 96.00318312590902 143.1 164.24954313706442 -68.38583153791409 159.69228 61.751114 174.32266469118878 2.273161555821276 -26.500866 1.6715859 0.8303308 174.322979604462 2.273172340022773 174.3249199537654 2.1323670981363176 58.34183677571125 163.64320278842402 5400.0 5400.0 2016.0 1 208 {-999.0 15.602185 15.127142 14.970578 -999.0} sdss_psfmag 15.49601 15.148008 14.6325 13.693 63050395169983968 1136202986 dark_flexible_3x1 mwm_halo_local_high_boss_triple mwm_halo science 0 0 1.423812747001648 0.0 -999 ""
FIBERMAP 898 R+4C19 METROLOGY 0 0 0 1 0 0 149.95881600380696 95.27278460309698 143.1 163.7274696175632 -68.914521566247 159.69228 61.751114 -999.0 -999.0 -999.0 -999.0 -999.0 174.32059489108772 2.2708069378731577 174.32254350455003 2.1299681233893106 58.340068778357946 163.64868151120032 -999.0 6231.0 -999.0 -1 -999 {-999.0 -999.0 -999.0 -999.0 -999.0} "" -999.0 -999.0 -999.0 -999.0 -999 -999 "" "" "" "" 0 0 0.0 0.0 -999 ""
FIBERMAP 899 R+4C21 APOGEE 0 0 0 1 0 0 204.35213137651814 63.742750213394274 143.1 168.81812621038287 -131.57054494876468 290.4149 109.89073 -999.0 -999.0 -999.0 -999.0 -999.0 174.34249392292648 1.987170673218419 174.3443727778946 1.8462922902211805 58.059269530702565 163.73563852447765 -999.0 16600.0 -999.0 2 33 {-999.0 -999.0 -999.0 -999.0 -999.0} "" -999.0 -999.0 -999.0 -999.0 -999 -999 "" ops_sky_apogee_best_unassigned ops_sky sky_apogee 0 0 0.0 0.0 -999 ""
FIBERMAP 899 R+4C21 BOSS 1 1 0 1 0 0 203.78331662786957 63.262285249630644 143.1 168.0992484987624 -131.37700004320558 290.4149 109.89073 174.33929443359375 1.9878927802627544 -999.0 -999.0 -999.0 174.3393202624415 1.9878798331042897 174.34116997744923 1.847125909864821 58.06083383882734 163.741147931439 5400.0 5400.0 2015.5 1 193 {-999.0 -999.0 -999.0 -999.0 -999.0} "" -999.0 -999.0 -999.0 -999.0 27021603142678775 820257459 "" ops_sky_boss_good ops_sky sky_boss 0 0 0.0 0.0 -999 ""
FIBERMAP 899 R+4C21 METROLOGY 0 0 0 1 0 0 203.6558284741255 64.00216511173655 143.1 168.63447856796765 -130.85064496938497 290.4149 109.89073 -999.0 -999.0 -999.0 -999.0 -999.0 174.341730773091 1.99031013155795 174.34358923216757 1.8495200197317632 58.062590907375494 163.73563955355644 -999.0 6231.0 -999.0 -1 -999 {-999.0 -999.0 -999.0 -999.0 -999.0} "" -999.0 -999.0 -999.0 -999.0 -999 -999 "" "" "" "" 0 0 0.0 0.0 -999 ""
FIBERMAP 901 R+8C13 APOGEE 0 0 0 1 0 0 80.6601507925566 162.43241197908827 143.1 179.41607910446518 26.29070262152042 46.717648 97.88712 -999.0 -999.0 -999.0 -999.0 -999.0 174.39186557622594 2.7033365875572026 174.39395094229644 2.562309451674574 58.74278344868078 163.31772909796717 -999.0 16600.0 -999.0 2 -999 {-999.0 -999.0 -999.0 -999.0 -999.0} "" -999.0 -999.0 -999.0 -999.0 -999 -999 "" "" "" "" 0 0 0.0 0.0 -999 ""
FIBERMAP 901 R+8C13 BOSS 1 1 0 1 0 0 81.26974181437043 161.99925692854288 143.1 179.40757183459726 25.543040392013943 46.717648 97.88712 174.3919232602041 2.6998310446033154 -0.7255917 0.1041618 0.1927779 174.39191360285074 2.6998287353515638 174.39396790929675 2.5589225621475435 58.73949281180536 163.31927443405272 5400.0 5400.0 2016.0 1 151 {-999.0 21.306692 19.92163 18.683098 18.556286} sdss_psfmag 20.630095 19.548399 18.4331 -999.0 63050395170006911 1059933932 dark_2x4 bhm_aqmes_wide2 bhm_aqmes science 0 0 0.0 0.0 -999 ""
FIBERMAP 901 R+8C13 METROLOGY 0 0 0 1 0 0 80.59719927470553 161.68897463343495 143.1 178.76940636634748 25.918783646115575 46.717648 97.88712 -999.0 -999.0 -999.0 -999.0 -999.0 174.38901080566194 2.701571520610877 174.39107482905786 2.5606316942288054 58.74184951877018 163.32388351848473 -999.0 6231.0 -999.0 -1 -999 {-999.0 -999.0 -999.0 -999.0 -999.0} "" -999.0 -999.0 -999.0 -999.0 -999 -999 "" "" "" "" 0 0 0.0 0.0 -999 ""
FIBERMAP 903 R+10C13 APOGEE 0 0 0 1 0 0 106.84952760390806 206.5274364257229 143.1 230.56781894028438 29.900825222343233 103.05962 31.894213 -999.0 -999.0 -999.0 -999.0 -999.0 174.62213247414144 2.71933149279613 174.6241681900516 2.5782409883867636 58.70195223398579 162.88071277664352 -999.0 16600.0 -999.0 2 -999 {-999.0 -999.0 -999.0 -999.0 -999.0} "" -999.0 -999.0 -999.0 -999.0 -999 -999 "" "" "" "" 0 0 0.0 0.0 -999 ""
FIBERMAP 903 R+10C13 BOSS 1 1 0 1 0 0 107.37912476297295 206.01857130178783 143.1 230.45152545594905 29.17574261118328 103.05962 31.894213 174.62179029070774 2.7159861626213275 -35.382618 -5.784445 -0.7132847 174.6216789365195 2.715931257428394 174.62368296681177 2.5749618254690723 58.69889540379542 162.883180578748 5400.0 5400.0 2016.0 1 98 {-999.0 20.232378 20.537455 20.814852 -999.0} sdss_psfmag 20.1082 20.370674 20.387804 -999.0 63050395170006855 1092606587 dark_flexible_2x1 mwm_cb_galex_vol_boss mwm_cb science 0 0 0.0 0.0 -999 ""
FIBERMAP 903 R+10C13 METROLOGY 0 0 0 1 0 0 106.66643289126422 205.80415341976072 143.1 229.86924257139938 29.639099389979872 103.05962 31.894213 -999.0 -999.0 -999.0 -999.0 -999.0 174.61904940134227 2.7180692005500124 174.621063415021 2.5770659383927064 58.70158217834535 162.8870575195036 -999.0 6231.0 -999.0 -1 -999 {-999.0 -999.0 -999.0 -999.0 -999.0} "" -999.0 -999.0 -999.0 -999.0 -999 -999 "" "" "" "" 0 0 0.0 0.0 -999 ""
FIBERMAP 904 R+7C9 APOGEE 0 0 0 1 0 0 -22.24206429100875 130.1434130587353 143.1 94.25011257947139 92.43459385413608 332.86676 119.24738 -999.0 -999.0 -999.0 -999.0 -999.0 174.00529823528385 3.004467455778579 174.00757062435252 2.863491311632871 59.12701906721945 163.90563864180183 -999.0 16600.0 -999.0 2 23 {-999.0 -999.0 -999.0 -999.0 -999.0} "" -999.0 -999.0 -999.0 -999.0 -999 -999 "" ops_sky_apogee_best_unassigned ops_sky sky_apogee 0 0 0.0 0.0 -999 ""
FIBERMAP 904 R+7C9 BOSS 1 1 0 1 0 0 -22.19974067531451 129.40931107421034 143.1 93.67109951396081 91.98150155298366 332.86676 119.24738 174.0027546414349 3.002329934468828 -5.4248843 1.1560085 0.37750873 174.0027371701293 3.002334580871871 174.00498098513685 2.861478311181715 59.12566520735817 163.91145520734256 5400.0 5400.0 2016.0 1 131 {-999.0 16.65565 16.299807 16.173672 -999.0} sdss_psfmag 16.590717 16.29801 15.840698 15.061 63050395170008438 977049184 "" ops_std_boss ops_std standard_boss 0 0 0.0 0.0 -999 ""
FIBERMAP 904 R+7C9 METROLOGY 0 0 0 1 0 0 -22.8729947575859 129.73158189987984 143.1 93.55222776720505 92.71828259099836 332.86676 119.24738 -999.0 -999.0 -999.0 -999.0 -999.0 174.00217549060125 3.0057080335619184 174.00442860800024 2.864817637414781 59.12904108750489 163.91098227401034 -999.0 6231.0 -999.0 -1 -999 {-999.0 -999.0 -999.0 -999.0 -999.0} "" -999.0 -999.0 -999.0 -999.0 -999 -999 "" "" "" "" 0 0 0.0 0.0 -999 ""
FIBERMAP 905 R-1C5 APOGEE 0 0 0 1 0 0 -193.80213406765245 -35.34880625789741 143.1 -139.47815599972387 139.08274027751906 280.0966 93.89765 -999.0 -999.0 -999.0 -999.0 -999.0 172.9418767570644 3.214901718629896 172.94448816177817 3.074217612650555 59.56587170030964 165.8463523432501 -999.0 16600.0 -999.0 2 266 {-999.0 -999.0 -999.0 -999.0 -999.0} "" -999.0 -999.0 -999.0 -999.0 -999 -999 "" ops_sky_apogee_best_unassigned ops_sky sky_apogee 0 0 0.0 0.0 -999 ""
FIBERMAP 905 R-1C5 BOSS 1 1 0 1 0 0 -194.5160035872702 -35.54357664806968 143.1 -140.0449677747993 139.5582604991598 280.0966 93.89765 172.93935803306758 3.216986069010272 -25.163574 2.1566732 0.24813983 172.93930601268252 3.216957254705039 172.9418940862363 3.076391054087129 59.56853188424904 165.85047329249755 5400.0 5400.0 2016.0 1 485 {-999.0 17.566511 17.276016 17.151726 -999.0} sdss_psfmag 17.545626 17.256294 16.812336 15.768 63050395170006068 976146234 "" ops_std_boss ops_std standard_boss 0 0 0.0 0.0 -999 ""
FIBERMAP 905 R-1C5 METROLOGY 0 0 0 1 0 0 -194.33851294384797 -34.824461304097106 143.1 -139.3530089294411 139.82221568288733 280.0966 93.89765 -999.0 -999.0 -999.0 -999.0 -999.0 172.9424427387577 3.2181922231254787 172.94503746572798 3.077591465271199 59.56906028641922 165.8439210045984 -999.0 6231.0 -999.0 -1 -999 {-999.0 -999.0 -999.0 -999.0 -999.0} "" -999.0 -999.0 -999.0 -999.0 -999 -999 "" "" "" "" 0 0 0.0 0.0 -999 ""
FIBERMAP 906 R+11C11 APOGEE 0 0 0 1 0 0 56.94980410965245 229.82515800849478 143.1 221.27420031992335 84.17386975138741 110.653824 88.86001 -999.0 -999.0 -999.0 -999.0 -999.0 174.57987847147803 2.965220130888233 174.5819965965435 2.824094649650928 58.95057085416673 162.8417244819672 -999.0 16600.0 -999.0 2 1 {-999.0 -999.0 -999.0 -999.0 -999.0} "" -999.0 -999.0 -999.0 -999.0 -999 -999 "" ops_sky_apogee_best_unassigned ops_sky sky_apogee 0 0 0.0 0.0 -999 ""
FIBERMAP 906 R+11C11 BOSS 1 1 0 1 0 0 57.64461904634396 230.0832546258173 143.1 221.88218223974357 83.75009030946312 110.653824 88.86001 174.5826772494299 2.9631766988003725 0.72938776 0.25545916 0.85611916 174.58267388342972 2.963182368826235 174.5847601286173 2.82217566502138 58.94802638298158 162.83746507469542 5400.0 5400.0 2016.0 1 108 {-999.0 20.462856 20.345207 20.219603 20.179295} sdss_psfmag_from_gaiadr2 20.030123 20.341253 19.662745 -999.0 63050395170007757 1056632551 dark_flexible_2x2 bhm_gua_dark bhm_filler science 0 0 0.0 0.0 -999 ""
FIBERMAP 906 R+11C11 METROLOGY 0 0 0 1 0 0 57.53016005585984 229.35050903480825 143.1 221.21494279174425 83.42658192225363 110.653824 88.86001 -999.0 -999.0 -999.0 -999.0 -999.0 174.57966920839053 2.961763969958584 174.58176445461834 2.8207245539972643 58.94736393285109 162.84378260678625 -999.0 6231.0 -999.0 -1 -999 {-999.0 -999.0 -999.0 -999.0 -999.0} "" -999.0 -999.0 -999.0 -999.0 -999 -999 "" "" "" "" 0 0 0.0 0.0 -999 ""
FIBERMAP 907 R-6C6 APOGEE 0 0 0 1 0 0 -109.21344893801374 -105.39412580479976 143.1 -148.82477709574528 29.67101302881641 63.21194 130.20499 -999.0 -999.0 -999.0 -999.0 -999.0 172.89877611962277 2.7184474877554674 172.90121664355945 2.5778691323167444 59.088756279254355 166.12764790059845 -999.0 16600.0 -999.0 2 -999 {-999.0 -999.0 -999.0 -999.0 -999.0} "" -999.0 -999.0 -999.0 -999.0 -999 -999 "" "" "" "" 0 0 0.0 0.0 -999 ""
FIBERMAP 907 R-6C6 BOSS 1 1 0 1 0 0 -108.47577505924258 -105.22150376941563 143.1 -148.26259754003195 29.163314401137423 63.21194 130.20499 172.9013049719853 2.7160237650926837 -999.0 -999.0 -999.0 172.9012921956185 2.7160352784966966 172.90370653404 2.5755763129380846 59.08600859637649 166.12380659633467 5400.0 5400.0 2016.0 1 465 {-999.0 20.768095 20.68078 20.717237 20.750658} sdss_psfmag_from_gdr3 21.14118 20.811764 21.017372 -999.0 63050395170004245 1059390970 dark_flexible_2x2 bhm_spiders_agn_gaiadr3 bhm_spiders science 0 0 0.0 0.0 -999 ""
FIBERMAP 907 R-6C6 METROLOGY 0 0 0 1 0 0 -108.69254145959005 -105.92827688776607 143.1 -148.96679698135438 28.938660854939375 63.21194 130.20499 -999.0 -999.0 -999.0 -999.0 -999.0 172.89810469996823 2.7150404491262807 172.90052642936473 2.574548797832638 59.08564339205364 166.13026668883322 -999.0 6231.0 -999.0 -1 -999 {-999.0 -999.0 -999.0 -999.0 -999.0} "" -999.0 -999.0 -999.0 -999.0 -999 -999 "" "" "" "" 0 0 0.0 0.0 -999 ""
FIBERMAP 908 R+6C18 APOGEE 0 0 0 1 0 0 149.79412674636953 125.07745319757039 143.1 188.12083474548152 -51.7953637869234 110.88492 133.41838 -999.0 -999.0 -999.0 -999.0 -999.0 174.43087640739054 2.348796473562103 174.43284592415057 2.207825664241208 58.389380091025586 163.40918925191988 -999.0 16600.0 -999.0 2 -999 {-999.0 -999.0 -999.0 -999.0 -999.0} "" -999.0 -999.0 -999.0 -999.0 -999 -999 "" "" "" "" 0 0 0.0 0.0 -999 ""
FIBERMAP 908 R+6C18 BOSS 1 1 0 1 0 0 150.1027523224596 125.75885889454534 143.1 188.85653747693047 -51.66063613767613 110.88492 133.41838 174.43403343545742 2.3492932948215652 -15.02175 -5.7654715 0.50618273 174.43427541553376 2.3492776750904003 174.4362140883677 2.208427894051593 58.38915581768984 163.40268007596387 5400.0 5400.0 2016.0 1 203 {-999.0 16.58609 16.105482 15.922216 -999.0} sdss_psfmag 16.477379 16.120329 15.604012 14.621 63050395169991468 1136203167 dark_flexible_3x1 mwm_halo_local_high_boss_triple mwm_halo science 0 0 1.1078250408172607 0.0 -999 ""
FIBERMAP 908 R+6C18 METROLOGY 0 0 0 1 0 0 150.5367462247314 125.14941353990787 143.1 188.60312987547 -52.36448658745086 110.88492 133.41838 -999.0 -999.0 -999.0 -999.0 -999.0 174.43310690943957 2.3461196413371574 174.43505346205563 2.2052361990415004 58.38633642349683 163.40629128158557 -999.0 6231.0 -999.0 -1 -999 {-999.0 -999.0 -999.0 -999.0 -999.0} "" -999.0 -999.0 -999.0 -999.0 -999 -999 "" "" "" "" 0 0 0.0 0.0 -999 ""
FIBERMAP 910 R+11C8 APOGEE 0 0 0 1 0 0 7.114764321093663 213.3161982385078 143.1 179.31267798154002 115.71038704656314 38.90771 69.865906 -999.0 -999.0 -999.0 -999.0 -999.0 174.39047761022675 3.108777613294473 174.39268597142643 2.967675462629608 59.13630700438262 163.1291871966253 -999.0 16600.0 -999.0 2 15 {-999.0 -999.0 -999.0 -999.0 -999.0} "" -999.0 -999.0 -999.0 -999.0 -999 -999 "" ops_sky_apogee_best_unassigned ops_sky sky_apogee 0 0 0.0 0.0 -999 ""
FIBERMAP 910 R+11C8 BOSS 1 1 0 1 0 0 7.371553328162328 212.6119653934026 143.1 178.88041575541317 115.09811275818726 38.90771 69.865906 174.38863651806864 3.10593581615986 -15.885222 -16.043215 0.5396607 174.38860596999288 3.1059232308515474 174.3907840781933 2.9649404877476924 59.13411898574381 163.13407988097327 5400.0 5400.0 2016.0 1 111 {-999.0 16.687178 16.158709 16.008871 -999.0} sdss_psfmag 16.573875 16.201359 15.675066 14.735 63050395170008756 1136203554 dark_flexible_3x1 mwm_halo_local_high_boss_triple mwm_halo science 0 0 0.0 0.0 -999 ""
FIBERMAP 910 R+11C8 METROLOGY 0 0 0 1 0 0 6.63871367877557 212.73545325521243 143.1 178.56427179860933 115.77057448302811 38.90771 69.865906 -999.0 -999.0 -999.0 -999.0 -999.0 174.38715123907457 3.109000466502476 174.3893391137981 2.9679839870332496 59.13742278832401 163.1353582790011 -999.0 6231.0 -999.0 -1 -999 {-999.0 -999.0 -999.0 -999.0 -999.0} "" -999.0 -999.0 -999.0 -999.0 -999 -999 "" "" "" "" 0 0 0.0 0.0 -999 ""
FIBERMAP 912 R+3C20 APOGEE 0 0 0 1 0 0 180.09383832610803 58.77153384549234 143.1 150.91051373107177 -114.47297004408634 354.8446 125.3922 -999.0 -999.0 -999.0 -999.0 -999.0 174.2619389416608 2.064205836220897 174.26385803899007 1.923334557034839 58.15305454092491 163.84944446285476 -999.0 16600.0 -999.0 2 62 {-999.0 -999.0 -999.0 -999.0 -999.0} "" -999.0 -999.0 -999.0 -999.0 -999 -999 "" ops_sky_apogee_best_unassigned ops_sky sky_apogee 0 0 0.0 0.0 -999 ""
FIBERMAP 912 R+3C20 BOSS 1 1 0 1 0 0 180.4759409549442 58.13111920065248 143.1 150.6020924261108 -115.15183465051251 354.8446 125.3922 174.26060713332166 2.0609744819366407 -1.1957325 -0.9338349 0.43386605 174.26060477631717 2.060971560204795 174.26249345057738 1.9202246220811723 58.150350094579615 163.85333645871364 5400.0 5400.0 2016.0 1 216 {-999.0 20.359442 20.022789 19.707054 19.444334} sdss_psfmag_from_gaiadr2 20.287474 20.106892 19.28042 -999.0 63050395169983723 1056632141 dark_flexible_2x2 bhm_gua_dark bhm_filler science 0 0 0.0 0.0 -999 ""
FIBERMAP 912 R+3C20 METROLOGY 0 0 0 1 0 0 179.7264980259891 58.12336605818135 143.1 150.1686610104395 -114.54051803145556 354.8446 125.3922 -999.0 -999.0 -999.0 -999.0 -999.0 174.25863833706157 2.0637744383626444 174.26053670773 1.9229925329953494 58.153498729580555 163.8557125339813 -999.0 6231.0 -999.0 -1 -999 {-999.0 -999.0 -999.0 -999.0 -999.0} "" -999.0 -999.0 -999.0 -999.0 -999 -999 "" "" "" "" 0 0 0.0 0.0 -999 ""
FIBERMAP 914 R+3C11 APOGEE 0 0 0 1 0 0 -25.606632105211183 53.90126837247895 143.1 29.693084275361215 51.75317106859246 293.71402 149.2045 -999.0 -999.0 -999.0 -999.0 -999.0 173.71147092389535 2.8196960321185447 173.71375475496438 2.6788401359091534 59.0144363883467 164.54369024277293 -999.0 16600.0 -999.0 2 124 {-999.0 -999.0 -999.0 -999.0 -999.0} "" -999.0 -999.0 -999.0 -999.0 -999 -999 "" ops_sky_apogee_best_unassigned ops_sky sky_apogee 0 0 0.0 0.0 -999 ""
FIBERMAP 914 R+3C11 BOSS 1 1 0 1 0 0 -25.675052798494868 53.16220620938529 143.1 29.046889595268198 51.388238659810476 293.71402 149.2045 173.70856887256312 2.8179373664278566 -0.83298165 -0.30005762 0.6052486 173.7085690972514 2.8179434387945475 173.71082550402377 2.6772082738553475 59.01350241486285 164.5499399321846 5400.0 5400.0 2016.0 1 14 {-999.0 20.289452 20.170567 20.045448 20.003798} sdss_psfmag_from_gaiadr2 20.031546 20.165924 19.657536 -999.0 63050395170000936 1130086749 dark_flexible_3x1 bhm_gua_dark_d3 bhm_filler science 0 0 0.0 0.0 -999 ""
FIBERMAP 914 R+3C11 METROLOGY 0 0 0 1 0 0 -26.281221401124256 53.5893042630441 143.1 29.052370724906307 52.12963755400161 293.71402 149.2045 -999.0 -999.0 -999.0 -999.0 -999.0 173.70858160294728 2.821347584718818 173.71084694021113 2.680577897115012 59.01678140542652 164.54843150307127 -999.0 6231.0 -999.0 -1 -999 {-999.0 -999.0 -999.0 -999.0 -999.0} "" -999.0 -999.0 -999.0 -999.0 -999 -999 "" "" "" "" 0 0 0.0 0.0 -999 ""
FIBERMAP 916 R-13C3 APOGEE 0 0 0 1 0 0 -86.38177067643237 -255.76398801339957 143.1 -259.3567489912187 -74.77381320638425 0.22480202 103.44264 -999.0 -999.0 -999.0 -999.0 -999.0 172.4024945930979 2.2448947685804788 172.40486727823748 2.104577629852633 58.720528737413304 167.2472955938799 -999.0 16600.0 -999.0 2 198 {-999.0 -999.0 -999.0 -999.0 -999.0} "" -999.0 -999.0 -999.0 -999.0 -999 -999 "" ops_sky_apogee_best_unassigned ops_sky sky_apogee 0 0 0.0 0.0 -999 ""
FIBERMAP 916 R-13C3 BOSS 1 1 0 1 0 0 -86.22976038276329 -256.4911929672263 143.1 -259.8675918231868 -75.31309276795784 0.22480202 103.44264 172.40024156070174 2.24232346255957 -999.0 -999.0 -999.0 172.40025132422025 2.2423437150837047 172.40260044128354 2.102149798623521 58.71856382272478 167.25245088800614 5400.0 5400.0 2016.0 1 342 {-999.0 20.80017 20.67893 20.554508 20.510294} sdss_psfmag_from_gaiadr2 20.55466 20.67314 20.168385 -999.0 63050395170001639 1056632446 dark_flexible_2x2 bhm_gua_dark bhm_filler science 0 0 0.0 0.0 -999 ""
FIBERMAP 916 R-13C3 METROLOGY 0 0 0 1 0 0 -86.94528156313795 -256.25909744224606 143.1 -260.0846361005483 -74.59297088119747 0.22480202 103.44264 -999.0 -999.0 -999.0 -999.0 -999.0 172.39926204545338 2.2456345303117287 172.40161918382876 2.1054057859832422 58.72194526112419 167.25314235577167 -999.0 6231.0 -999.0 -1 -999 {-999.0 -999.0 -999.0 -999.0 -999.0} "" -999.0 -999.0 -999.0 -999.0 -999 -999 "" "" "" "" 0 0 0.0 0.0 -999 ""
FIBERMAP 918 R-4C10 APOGEE 0 0 0 1 0 0 -54.940886789866944 -90.43604002069324 143.1 -105.6087654404957 -6.395075200087455 253.58261 93.29148 -999.0 -999.0 -999.0 -999.0 -999.0 173.09503763640572 2.5545977206014157 173.0973737050931 2.413984525022416 58.88834062269761 165.82016304098968 -999.0 16600.0 -999.0 2 -999 {-999.0 -999.0 -999.0 -999.0 -999.0} "" -999.0 -999.0 -999.0 -999.0 -999 -999 "" "" "" "" 0 0 0.0 0.0 -999 ""
FIBERMAP 918 R-4C10 BOSS 1 1 0 1 0 0 -55.647820094254946 -90.28704027999751 143.1 -105.88918666258381 -5.729360210336306 253.58261 93.29148 173.09374300457483 2.5575177117761387 -999.0 -999.0 -999.0 173.09373526453007 2.5575035595665696 173.09604723692928 2.4170108544871485 58.8915751641721 165.82146539953172 5400.0 5400.0 2016.0 1 408 {-999.0 20.96549 20.979582 20.6521 20.337313} sdss_psfmag_from_lsdr10 21.124493 20.525816 20.168608 -999.0 63050395170003895 1059004816 dark_flexible_2x2 bhm_spiders_agn_lsdr10 bhm_spiders science 0 0 0.0 0.0 -999 ""
FIBERMAP 918 R-4C10 METROLOGY 0 0 0 1 0 0 -55.16872645351478 -89.72558166992195 143.1 -105.15489194901 -5.803037863243378 253.58261 93.29148 -999.0 -999.0 -999.0 -999.0 -999.0 173.09707632253165 2.55720479099605 173.09939462870148 2.416676869386185 58.890558749434206 165.81526473412123 -999.0 6231.0 -999.0 -1 -999 {-999.0 -999.0 -999.0 -999.0 -999.0} "" -999.0 -999.0 -999.0 -999.0 -999 -999 "" "" "" "" 0 0 0.0 0.0 -999 ""
FIBERMAP 919 R-12C2 APOGEE 0 0 0 1 0 0 -143.4343711767437 -242.77091838846553 143.1 -281.1925499072083 -20.496026450966003 229.52573 115.66261 -999.0 -999.0 -999.0 -999.0 -999.0 172.30430972992178 2.490298080808044 172.3067992895434 2.349970714049817 58.979817740824714 167.34567633628777 -999.0 16600.0 -999.0 2 204 {-999.0 -999.0 -999.0 -999.0 -999.0} "" -999.0 -999.0 -999.0 -999.0 -999 -999 "" ops_sky_apogee_best_unassigned ops_sky sky_apogee 0 0 0.0 0.0 -999 ""
FIBERMAP 919 R-12C2 BOSS 1 1 0 1 0 0 -144.15503445440552 -242.5880709705779 143.1 -281.4529860920991 -19.799743342205147 229.52573 115.66261 172.30316827847668 2.493304578276796 -999.0 -999.0 -999.0 172.30317646692856 2.493324068798494 172.3056448044158 2.3531172562257945 58.98312300805931 167.34675072698482 5400.0 5400.0 2016.0 1 339 {-999.0 21.746794 20.340353 19.81611 19.459114} sdss_fiber2mag_from_lsdr10 20.203684 21.244926 18.627583 -999.0 63050395170003093 1058109689 dark_flexible_2x2 bhm_spiders_clusters_lsdr10 bhm_spiders science 0 0 0.0 0.0 -999 ""
FIBERMAP 919 R-12C2 METROLOGY 0 0 0 1 0 0 -143.6398052328996 -242.04353518482841 143.1 -280.71200354929164 -19.91275289794328 229.52573 115.66261 -999.0 -999.0 -999.0 -999.0 -999.0 172.30646320348964 2.492847710990593 172.3089370358997 2.352605584428419 58.98201355330092 167.34065969800236 -999.0 6231.0 -999.0 -1 -999 {-999.0 -999.0 -999.0 -999.0 -999.0} "" -999.0 -999.0 -999.0 -999.0 -999 -999 "" "" "" "" 0 0 0.0 0.0 -999 ""
FIBERMAP 920 R+5C2 APOGEE 0 0 0 1 0 0 -216.1921999901218 117.13122973112088 143.1 -26.96083911105107 244.3672008063812 154.78407 47.891235 -999.0 -999.0 -999.0 -999.0 -999.0 173.45344184846462 3.690581904571945 173.45608581158456 3.5496456575049096 59.920726300568006 164.65394766883793 -999.0 16600.0 -999.0 2 -999 {-999.0 -999.0 -999.0 -999.0 -999.0} "" -999.0 -999.0 -999.0 -999.0 -999 -999 "" "" "" "" 0 0 0.0 0.0 -999 ""
FIBERMAP 920 R+5C2 BOSS 1 1 0 1 0 0 -215.56344073453403 117.43594090259734 143.1 -26.352200226607927 244.02425481015212 154.78407 47.891235 173.45626258420438 3.6889194079570986 -999.0 -999.0 -999.0 173.4562254689857 3.688963780932943 173.4588416705692 3.5481422905150604 59.918647416024015 164.6492669033199 5400.0 5400.0 2016.0 1 71 {-999.0 21.018328 21.004026 20.641777 20.47214} sdss_fiber2mag_from_lsdr10 20.557825 20.64864 19.659966 -999.0 63050395170013960 1059014464 dark_flexible_2x2 bhm_spiders_agn_lsdr10 bhm_spiders science 0 0 0.0 0.0 -999 ""
FIBERMAP 920 R+5C2 METROLOGY 0 0 0 1 0 0 -215.59279206734914 116.68696390683414 143.1 -26.984277602138363 243.62157355927553 154.78407 47.891235 -999.0 -999.0 -999.0 -999.0 -999.0 173.45334901804867 3.6871853130950893 173.4559729028582 3.5463323630986756 59.91752152970479 164.6556406619888 -999.0 6231.0 -999.0 -1 -999 {-999.0 -999.0 -999.0 -999.0 -999.0} "" -999.0 -999.0 -999.0 -999.0 -999 -999 "" "" "" "" 0 0 0.0 0.0 -999 ""
FIBERMAP 921 R+2C21 APOGEE 0 0 0 1 0 0 193.46212664042193 52.50538532568533 143.1 153.38007684271597 -129.02691256841555 92.69473 57.45471 -999.0 -999.0 -999.0 -999.0 -999.0 174.2728426870861 1.998380031115025 174.2747392671214 1.8575183514191276 58.08652061942583 163.85858057778327 -999.0 16600.0 -999.0 2 80 {-999.0 -999.0 -999.0 -999.0 -999.0} "" -999.0 -999.0 -999.0 -999.0 -999 -999 "" ops_sky_apogee_best_unassigned ops_sky sky_apogee 0 0 0.0 0.0 -999 ""
FIBERMAP 921 R+2C21 BOSS 1 1 0 1 0 0 194.12628267442716 52.172345160404824 143.1 153.48491619086764 -129.7623555283198 92.69473 57.45471 174.27337646484375 1.9948911205618458 -999.0 -999.0 -999.0 174.27336992161452 1.9949000364404166 174.2752355537175 1.8541625641051986 58.08314189622 163.85915300660957 5400.0 5400.0 2015.5 1 223 {-999.0 -999.0 -999.0 -999.0 -999.0} "" -999.0 -999.0 -999.0 -999.0 27021603142678763 820257449 "" ops_sky_boss_good ops_sky sky_boss 0 0 0.0 0.0 -999 ""
FIBERMAP 921 R+2C21 METROLOGY 0 0 0 1 0 0 193.51270180255042 51.75064699645724 143.1 152.78881121679245 -129.49854364174635 92.69473 57.45471 -999.0 -999.0 -999.0 -999.0 -999.0 174.27021354375282 1.9961220614359265 174.27208864433806 1.8553501585959316 58.08503208153178 163.86441207220358 -999.0 6231.0 -999.0 -1 -999 {-999.0 -999.0 -999.0 -999.0 -999.0} "" -999.0 -999.0 -999.0 -999.0 -999 -999 "" "" "" "" 0 0 0.0 0.0 -999 ""
FIBERMAP 925 R-13C12 APOGEE 1 1 0 1 0 0 95.751929453849 -238.49620650664917 143.1 -141.3829024421382 -214.5731532071522 121.97617 105.24693 172.93647320173415 1.612437912465002 -10.228138 -8.407981 0.23646863 172.93640072854743 1.6124449009195465 172.9384293604519 1.4720624069159984 57.997704425591444 166.47997923397202 16000.0 16600.0 2016.0 2 182 {-999.0 13.761248 12.826489 12.463052 -999.0} sdss_psfmag_gaia 13.46846 12.858125 12.110881 10.51 63050395169995728 1154272311 bright_1x1 mwm_galactic_core_dist_apogee_sparse mwm_galactic science 0 0 0.0 0.0 -999 ""
FIBERMAP 925 R-13C12 BOSS 0 0 0 1 0 0 96.24248160947354 -237.93741459587645 143.1 -140.6442691573516 -214.65776464711183 121.97617 105.24693 -999.0 -999.0 -999.0 -999.0 -999.0 172.9397492288873 1.6119072858332784 172.9417519208871 1.4716489234229813 57.99664570986036 166.47398775577682 -999.0 5400.0 -999.0 1 337 {-999.0 -999.0 -999.0 -999.0 -999.0} "" -999.0 -999.0 -999.0 -999.0 -999 -999 "" "" "" "" 0 0 0.0 0.0 -999 ""
FIBERMAP 925 R-13C12 METROLOGY 0 0 0 1 0 0 96.48719814559658 -238.63322755649244 143.1 -141.07649305234494 -215.255322341384 121.97617 105.24693 -999.0 -999.0 -999.0 -999.0 -999.0 172.93781682066765 1.6092820081313874 172.9398260394745 1.468989338517059 57.994416787891716 166.4785365287134 -999.0 6231.0 -999.0 -1 -999 {-999.0 -999.0 -999.0 -999.0 -999.0} "" -999.0 -999.0 -999.0 -999.0 -999 -999 "" "" "" "" 0 0 0.0 0.0 -999 ""
FIBERMAP 932 R0C19 APOGEE 0 0 0 1 0 0 91.76287189457207 -1.3974227967481878 143.1 51.14191858523783 -76.18774414654735 234.09444 52.56109 -999.0 -999.0 -999.0 -999.0 -999.0 173.8092636514927 2.2371354148618834 173.81133337499978 2.096359632783694 58.42491175809502 164.61176435696652 -999.0 16600.0 -999.0 2 64 {-999.0 -999.0 -999.0 -999.0 -999.0} "" -999.0 -999.0 -999.0 -999.0 -999 -999 "" ops_sky_apogee_best_unassigned ops_sky sky_apogee 0 0 0.0 0.0 -999 ""
FIBERMAP 932 R0C19 BOSS 1 1 0 1 0 0 91.48983677600037 -0.6996013286010034 143.1 51.55965562800189 -75.56577566892653 234.09444 52.56109 173.81120664512804 2.239808029851021 0.86919993 -1.3003732 0.6063492 173.81122140321722 2.239805390920329 173.8132635263794 2.0991508766358202 58.42720176147514 164.60698305713944 5400.0 5400.0 2016.0 1 242 {-999.0 20.55665 20.39151 20.250208 20.157782} sdss_psfmag_from_gaiadr2 20.412947 20.38558 19.846706 -999.0 63050395169998695 1130086705 dark_flexible_3x1 bhm_gua_dark_d3 bhm_filler science 0 0 0.0 0.0 -999 ""
FIBERMAP 932 R0C19 METROLOGY 0 0 0 1 0 0 92.23259110656349 -0.7795538773364876 143.1 51.91721752163916 -76.22157509253782 234.09444 52.56109 -999.0 -999.0 -999.0 -999.0 -999.0 173.81283522170494 2.236865871918306 173.814883982124 2.096176777145355 58.42394109291779 164.605237185703 -999.0 6231.0 -999.0 -1 -999 {-999.0 -999.0 -999.0 -999.0 -999.0} "" -999.0 -999.0 -999.0 -999.0 -999 -999 "" "" "" "" 0 0 0.0 0.0 -999 ""
FIBERMAP 934 R+3C10 APOGEE 0 0 0 1 0 0 -46.94641345198069 63.710079033521396 143.1 25.59167174256152 74.87515653458227 13.593513 133.51572 -999.0 -999.0 -999.0 -999.0 -999.0 173.6927153502375 2.924922089330964 173.69503864256114 2.784052325081934 59.121160337469504 164.5331955590018 -999.0 16600.0 -999.0 2 -999 {-999.0 -999.0 -999.0 -999.0 -999.0} "" -999.0 -999.0 -999.0 -999.0 -999 -999 "" "" "" "" 0 0 0.0 0.0 -999 ""
FIBERMAP 934 R+3C10 BOSS 1 1 0 1 0 0 -46.270424183418534 63.23476237059979 143.1 25.586361206701632 74.04891686907409 13.593513 133.51572 173.69272474370445 2.9210491407049046 -999.0 -999.0 -999.0 173.69273419939356 2.9210831240348543 173.6950287560718 2.7803331035231857 59.11753826874123 164.5348411179049 5400.0 5400.0 2016.0 1 24 {-999.0 18.091055 17.550106 17.180454 16.99169} sdss_fiber2mag_from_lsdr10 1e+20 1e+20 1e+20 -999.0 63050399016987161 1059008665 dark_flexible_2x1 bhm_spiders_agn_lsdr10 bhm_spiders science 0 0 0.0 0.0 -999 ""
FIBERMAP 934 R+3C10 METROLOGY 0 0 0 1 0 0 -46.96743230771672 62.964277325146206 143.1 24.96695131784361 74.46743880694332 13.593513 133.51572 -999.0 -999.0 -999.0 -999.0 -999.0 173.68989882469046 2.9230140307062173 173.69220250194542 2.7822307635082386 59.12002112951683 164.53937090047955 -999.0 6231.0 -999.0 -1 -999 {-999.0 -999.0 -999.0 -999.0 -999.0} "" -999.0 -999.0 -999.0 -999.0 -999 -999 "" "" "" "" 0 0 0.0 0.0 -999 ""
FIBERMAP 936 R+2C20 APOGEE 0 0 0 1 0 0 174.21137880331764 42.99853564519311 143.1 134.59952691816954 -118.62806464463355 49.332382 74.80735 -999.0 -999.0 -999.0 -999.0 -999.0 174.18806253068377 2.0451511640344946 174.1899910711826 1.9043038023891237 58.151750002983974 163.99390831674472 -999.0 16600.0 -999.0 2 -999 {-999.0 -999.0 -999.0 -999.0 -999.0} "" -999.0 -999.0 -999.0 -999.0 -999 -999 "" "" "" "" 0 0 0.0 0.0 -999 ""
FIBERMAP 936 R+2C20 BOSS 1 1 0 1 0 0 174.65123706897108 42.39607595798412 143.1 134.35520041039481 -119.33275249250937 49.332382 74.80735 174.1870195682638 2.041790495357473 -999.0 -999.0 -999.0 174.18701631859366 2.0417960141383915 174.18891458416647 1.901073010699097 58.1488569095001 163.99731178904582 5400.0 5400.0 2016.0 1 222 {-999.0 20.34995 20.258074 20.41231 20.153515} sdss_psfmag 20.057573 20.211567 19.621666 -999.0 63050395169983710 1060010932 dark_2x4 bhm_aqmes_wide2_faint bhm_filler science 0 0 0.0 0.0 -999 ""
FIBERMAP 936 R+2C20 METROLOGY 0 0 0 1 0 0 173.9092696932343 42.31633914409064 143.1 133.86688780402034 -118.76859678654235 49.332382 74.80735 -999.0 -999.0 -999.0 -999.0 -999.0 174.18479728131922 2.0443864027997205 174.18670516416603 1.9036285302687663 58.151854884097745 164.00025916930272 -999.0 6231.0 -999.0 -1 -999 {-999.0 -999.0 -999.0 -999.0 -999.0} "" -999.0 -999.0 -999.0 -999.0 -999 -999 "" "" "" "" 0 0 0.0 0.0 -999 ""
FIBERMAP 938 R+12C15 APOGEE 0 0 0 1 0 0 162.04451629860318 225.11174269703997 143.1 277.28873058196814 -4.856758816696612 269.70917 148.65143 -999.0 -999.0 -999.0 -999.0 -999.0 174.8308164344351 2.5617515348535584 174.83275796086275 2.420638090543087 58.497264564460224 162.56904278726552 -999.0 16600.0 -999.0 2 44 {-999.0 -999.0 -999.0 -999.0 -999.0} "" -999.0 -999.0 -999.0 -999.0 -999 -999 "" ops_sky_apogee_best_unassigned ops_sky sky_apogee 0 0 0.0 0.0 -999 ""
FIBERMAP 938 R+12C15 BOSS 1 1 0 1 0 0 161.65827899033394 224.4780714091803 143.1 276.54801979252386 -4.9005205500786575 269.70917 148.65143 174.82773872384814 2.5613544397226433 -63.951527 28.11552 2.1340208 174.82755128677383 2.5614338527523657 174.8294619004712 2.420442406883551 58.497905306158934 162.57523588146267 5400.0 5400.0 2016.0 1 179 {-999.0 19.722574 18.345287 17.263783 -999.0} sdss_psfmag 19.178703 17.922562 16.808287 14.809 63050395169991616 1136203184 dark_flexible_3x1 mwm_halo_local_high_boss_triple mwm_halo science 0 0 0.0 0.0 -999 ""
FIBERMAP 938 R+12C15 METROLOGY 0 0 0 1 0 0 161.29682660210145 225.12838652019335 143.1 276.8763425237066 -4.232980302672086 269.70917 148.65143 -999.0 -999.0 -999.0 -999.0 -999.0 174.82900286888173 2.564485125279779 174.83092295900212 2.4234584078678334 58.500455982203285 162.57107743926542 -999.0 6231.0 -999.0 -1 -999 {-999.0 -999.0 -999.0 -999.0 -999.0} "" -999.0 -999.0 -999.0 -999.0 -999 -999 "" "" "" "" 0 0 0.0 0.0 -999 ""
FIBERMAP 940 R+12C5 APOGEE 0 0 0 1 0 0 -72.63592393469634 250.26162731800966 143.1 164.2216443933086 202.2856700563246 143.93922 73.82248 -999.0 -999.0 -999.0 -999.0 -999.0 174.32026669585966 3.499281624888496 174.32261215905942 3.358126731234901 59.532006423570124 163.07479628388018 -999.0 16600.0 -999.0 2 -999 {-999.0 -999.0 -999.0 -999.0 -999.0} "" -999.0 -999.0 -999.0 -999.0 -999 -999 "" "" "" "" 0 0 0.0 0.0 -999 ""
FIBERMAP 940 R+12C5 BOSS 1 1 0 1 0 0 -72.05139917323835 250.70768772996644 143.1 164.92120784819986 202.05961292283504 143.93922 73.82248 174.3231652960368 3.498196613046676 -14.870475 -20.90662 3.121757 174.32346334967653 3.498136628739392 174.32577807294342 3.3570975735146793 59.53023356002115 163.0692516112865 5400.0 5400.0 2016.0 1 157 {-999.0 17.898727 16.580175 15.664672 -999.0} sdss_psfmag 17.399904 16.287783 15.234158 13.279 63050395170009463 1077945701 bright_flexible_2x1 mwm_snc_ext_main_boss mwm_snc science 0 0 1.1967904567718506 0.0 -999 ""
FIBERMAP 940 R+12C5 METROLOGY 0 0 0 1 0 0 -71.94490450271701 249.9802838888368 143.1 164.38426505326555 201.55761519888185 143.93922 73.82248 -999.0 -999.0 -999.0 -999.0 -999.0 174.32104925850632 3.4959346470549253 174.32337233329383 3.3548636422495917 59.528656874820335 163.07492343089328 -999.0 6231.0 -999.0 -1 -999 {-999.0 -999.0 -999.0 -999.0 -999.0} "" -999.0 -999.0 -999.0 -999.0 -999 -999 "" "" "" "" 0 0 0.0 0.0 -999 ""
FIBERMAP 941 R-13C14 APOGEE 0 0 0 1 0 0 143.38070128368147 -269.6795020952338 143.1 -139.86206684459495 -271.4739115232299 295.48523 81.12808 -999.0 -999.0 -999.0 -999.0 -999.0 172.945414105705 1.3587104498000877 172.94734869369188 1.218373841477929 57.74719243343722 166.55707879164243 -999.0 16600.0 -999.0 2 -999 {-999.0 -999.0 -999.0 -999.0 -999.0} "" -999.0 -999.0 -999.0 -999.0 -999 -999 "" "" "" "" 0 0 0.0 0.0 -999 ""
FIBERMAP 941 R-13C14 BOSS 1 1 0 1 0 0 142.6719808422539 -269.8942171262415 143.1 -140.44233078942307 -271.0139869579662 295.48523 81.12808 172.9427484770049 1.360788152945277 22.140612 -27.730566 1.091992 172.94282975537973 1.3606773342151774 172.94474031763878 1.2204675892235728 57.749755603410996 166.56110425231466 5400.0 5400.0 2016.0 1 257 {-999.0 17.37581 16.465708 16.12143 -999.0} sdss_psfmag 17.06003 16.492826 15.7725525 14.244 63050395169995228 1136203255 dark_flexible_3x1 mwm_halo_local_high_boss_triple mwm_halo science 0 0 0.0 0.0 -999 ""
FIBERMAP 941 R-13C14 METROLOGY 0 0 0 1 0 0 142.8390767743061 -269.1663696841003 143.1 -139.74912104918428 -270.7365156988656 295.48523 81.12808 -999.0 -999.0 -999.0 -999.0 -999.0 172.94592329195692 1.3619156434619597 172.94784089397115 1.221668807888142 57.75032756452932 166.55496703634083 -999.0 6231.0 -999.0 -1 -999 {-999.0 -999.0 -999.0 -999.0 -999.0} "" -999.0 -999.0 -999.0 -999.0 -999 -999 "" "" "" "" 0 0 0.0 0.0 -999 ""
FIBERMAP 942 R+1C24 APOGEE 0 0 0 1 0 0 230.91562616414402 3.9524561759791244 143.1 134.8319358689671 -187.4656587963056 274.77676 95.67054 -999.0 -999.0 -999.0 -999.0 -999.0 174.1877540130135 1.7343486695164216 174.18958588642886 1.5935609866905283 57.84950585741546 164.13011872575177 -999.0 16600.0 -999.0 2 59 {-999.0 -999.0 -999.0 -999.0 -999.0} "" -999.0 -999.0 -999.0 -999.0 -999 -999 "" ops_sky_apogee_best_unassigned ops_sky sky_apogee 0 0 0.0 0.0 -999 ""
FIBERMAP 942 R+1C24 BOSS 1 1 0 1 0 0 230.19294940226501 3.799865606116448 143.1 134.29475989697875 -186.95886694438744 274.77676 95.67054 174.1854909372784 1.7364182790817932 -36.989155 19.090761 1.3108612 174.18539078318844 1.7364616259270975 174.18719424119956 1.5957991055182914 57.85223385239426 164.13352363740285 5400.0 5400.0 2016.0 1 183 {-999.0 19.160128 17.753399 17.093073 -999.0} sdss_psfmag 18.598537 17.6764 16.719524 14.871 63050395169982827 1136202947 dark_flexible_3x1 mwm_halo_local_high_boss_triple mwm_halo science 0 0 0.0 0.0 -999 ""
FIBERMAP 942 R+1C24 METROLOGY 0 0 0 1 0 0 230.4241649808211 4.514865183096411 143.1 135.01395181227278 -186.74139694177836 274.77676 95.67054 -999.0 -999.0 -999.0 -999.0 -999.0 174.18863144272117 1.7374988843880417 174.19044295554409 1.5967998667275904 57.8524607708976 164.12715161277345 -999.0 6231.0 -999.0 -1 -999 {-999.0 -999.0 -999.0 -999.0 -999.0} "" -999.0 -999.0 -999.0 -999.0 -999 -999 "" "" "" "" 0 0 0.0 0.0 -999 ""
FIBERMAP 943 R-4C19 APOGEE 0 0 0 1 0 0 169.28887189333457 -87.56459497971308 143.1 24.525157319744064 -188.9836954107161 342.02695 96.10947 -999.0 -999.0 -999.0 -999.0 -999.0 173.6878349480155 1.7259157004138261 173.68976073814508 1.5852734020286772 57.953111545874826 165.05007825589468 -999.0 16600.0 -999.0 2 223 {-999.0 -999.0 -999.0 -999.0 -999.0} "" -999.0 -999.0 -999.0 -999.0 -999 -999 "" ops_sky_apogee_best_unassigned ops_sky sky_apogee 0 0 0.0 0.0 -999 ""
FIBERMAP 943 R-4C19 BOSS 1 1 0 1 0 0 169.1391312851643 -88.29693283919589 143.1 23.838148032008412 -189.27798443988053 342.02695 96.10947 173.6845638544455 1.7251812515986666 -39.677265 -270.73563 8.456178 173.68474846297124 1.7244086089978667 173.68664660011768 1.5838923405186514 57.952438781118865 165.05636985567622 5400.0 5400.0 2016.0 1 291 {-999.0 18.611982 17.173967 15.881226 -999.0} sdss_psfmag 18.050436 16.587711 15.413701 13.372 63050395169981140 1136202899 dark_flexible_3x1 mwm_halo_local_high_boss_triple mwm_halo science 0 0 1.1224004030227661 0.0 -999 ""
FIBERMAP 943 R-4C19 METROLOGY 0 0 0 1 0 0 168.58326716623213 -87.80234213449262 143.1 23.92774587147677 -188.53945527780644 342.02695 96.10947 -999.0 -999.0 -999.0 -999.0 -999.0 173.6851484527766 1.7277833045593312 173.687055498031 1.5872308845111989 57.955609150846364 165.0542529019889 -999.0 6231.0 -999.0 -1 -999 {-999.0 -999.0 -999.0 -999.0 -999.0} "" -999.0 -999.0 -999.0 -999.0 -999 -999 "" "" "" "" 0 0 0.0 0.0 -999 ""
FIBERMAP 944 R-1C11 APOGEE 0 0 0 1 0 0 -55.88215344058061 -4.258201790755091 143.1 -35.34230346373939 43.485718967269605 105.43501 100.72288 -999.0 -999.0 -999.0 -999.0 -999.0 173.41492846085146 2.781954166509365 173.41727015970935 2.6411961355139586 59.04294670979762 165.12118607968483 -999.0 16600.0 -999.0 2 282 {-999.0 -999.0 -999.0 -999.0 -999.0} "" -999.0 -999.0 -999.0 -999.0 -999 -999 "" ops_sky_apogee_best_unassigned ops_sky sky_apogee 0 0 0.0 0.0 -999 ""
FIBERMAP 944 R-1C11 BOSS 1 1 0 1 0 0 -55.20840847528114 -3.9634047078958083 143.1 -34.716175299229945 43.10016374080086 105.43501 100.72288 173.41781616210938 2.780085267880807 -999.0 -999.0 -999.0 173.41779069649982 2.78010470686743 173.42010455994557 2.6394657532802355 59.0406451543551 165.11653929608525 5400.0 5400.0 2015.5 1 440 {-999.0 -999.0 -999.0 -999.0 -999.0} "" -999.0 -999.0 -999.0 -999.0 27021603142697785 812161305 "" ops_sky_boss_good ops_sky sky_boss 0 0 0.0 0.0 -999 ""
FIBERMAP 944 R-1C11 METROLOGY 0 0 0 1 0 0 -55.27342043156424 -4.697665833699391 143.1 -35.35648306616556 42.73516656489163 105.43501 100.72288 -999.0 -999.0 -999.0 -999.0 -999.0 173.4148676728185 2.7784699785673537 173.41718918898061 2.6377983465076142 59.03964671541226 165.12276719387296 -999.0 6231.0 -999.0 -1 -999 {-999.0 -999.0 -999.0 -999.0 -999.0} "" -999.0 -999.0 -999.0 -999.0 -999 -999 "" "" "" "" 0 0 0.0 0.0 -999 ""
FIBERMAP 948 R-8C9 APOGEE 0 0 0 1 0 0 -36.04244347455319 -144.93404744207928 143.1 -139.61470936640828 -52.976911793599946 171.62897 85.52126 -999.0 -999.0 -999.0 -999.0 -999.0 172.9409599528716 2.34272384051731 172.9432537366124 2.2022013134758147 58.71232410801035 166.19441113065005 -999.0 16600.0 -999.0 2 -999 {-999.0 -999.0 -999.0 -999.0 -999.0} "" -999.0 -999.0 -999.0 -999.0 -999 -999 "" "" "" "" 0 0 0.0 0.0 -999 ""
FIBERMAP 948 R-8C9 BOSS 1 1 0 1 0 0 -35.88077382084574 -144.2036290123792 143.1 -138.9224794319207 -52.69351731164784 171.62897 85.52126 172.944085732207 2.343880843197465 -7.4313116 -6.228681 0.18105443 172.9440664013854 2.3438676432438137 172.94633497227005 2.2034654530656606 58.71294407361606 166.1881143354426 5400.0 5400.0 2016.0 1 384 {-999.0 17.373037 17.013302 16.887707 -999.0} sdss_psfmag 17.300112 16.988916 16.514751 15.888 63050395169998044 977049144 "" ops_std_boss ops_std standard_boss 0 0 0.0 0.0 -999 ""
FIBERMAP 948 R-8C9 METROLOGY 0 0 0 1 0 0 -35.331029777038744 -144.70920854086194 143.1 -139.02459303188544 -53.433280138492705 171.62897 85.52126 -999.0 -999.0 -999.0 -999.0 -999.0 172.94361416589942 2.3405444287302153 172.9458886971422 2.2001085665323603 58.70974519687303 166.19025391331294 -999.0 6231.0 -999.0 -1 -999 {-999.0 -999.0 -999.0 -999.0 -999.0} "" -999.0 -999.0 -999.0 -999.0 -999 -999 "" "" "" "" 0 0 0.0 0.0 -999 ""
FIBERMAP 950 R-5C15 APOGEE 0 0 0 1 0 0 67.74977511201504 -99.26495509765248 143.1 -42.94863633472415 -112.22752704957908 171.17339 135.3879 -999.0 -999.0 -999.0 -999.0 -999.0 173.38079119245734 2.0732190049032955 173.38289604177214 1.9326045765931685 58.35803592707916 165.47706947302217 -999.0 16600.0 -999.0 2 -999 {-999.0 -999.0 -999.0 -999.0 -999.0} "" -999.0 -999.0 -999.0 -999.0 -999 -999 "" "" "" "" 0 0 0.0 0.0 -999 ""
FIBERMAP 950 R-5C15 BOSS 1 1 0 1 0 0 67.30144278494 -98.67978188711689 143.1 -42.72334106703395 -111.52572750110426 171.17339 135.3879 173.3818176882925 2.0762313957346734 -999.0 -999.0 -999.0 173.3818195822506 2.076231089756002 173.38389868727302 1.9357387785399514 58.360888114403465 165.4739415843402 5400.0 5400.0 2016.0 1 315 {-999.0 20.46711 20.442675 20.324528 20.187622} sdss_psfmag 20.68063 20.95817 20.33781 -999.0 63050395169998551 1129029431 dark_1x4 bhm_aqmes_wide1_faint bhm_filler science 0 0 0.0 0.0 -999 ""
FIBERMAP 950 R-5C15 METROLOGY 0 0 0 1 0 0 68.02951226234015 -98.57328385548622 143.1 -42.22096127638399 -112.06321526071271 171.17339 135.3879 -999.0 -999.0 -999.0 -999.0 -999.0 173.38410566391897 2.0738343177578415 173.38619099212417 1.9333068919607672 58.35802748343578 165.47065113191178 -999.0 6231.0 -999.0 -1 -999 {-999.0 -999.0 -999.0 -999.0 -999.0} "" -999.0 -999.0 -999.0 -999.0 -999 -999 "" "" "" "" 0 0 0.0 0.0 -999 ""
FIBERMAP 951 R+2C24 APOGEE 0 0 0 1 0 0 238.39602142556848 47.90690347098288 143.1 175.2070790095918 -168.56453425252343 122.6821 125.1584 -999.0 -999.0 -999.0 -999.0 -999.0 174.370327312947 1.820454991258039 174.37214986880883 1.6796011313882415 57.8907276801337 163.75876692963766 -999.0 16600.0 -999.0 2 -999 {-999.0 -999.0 -999.0 -999.0 -999.0} "" -999.0 -999.0 -999.0 -999.0 -999 -999 "" "" "" "" 0 0 0.0 0.0 -999 ""
FIBERMAP 951 R+2C24 BOSS 1 1 0 1 0 0 238.66730913352643 48.59879193981866 143.1 175.93011772069647 -168.393156703931 122.6821 125.1584 174.37362670898438 1.821107547283603 -999.0 -999.0 -999.0 174.3736361823037 1.8211036612961553 174.3754281000413 1.6803733583406248 57.89070710116393 163.75243335349367 5400.0 5400.0 2015.5 1 185 {-999.0 -999.0 -999.0 -999.0 -999.0} "" -999.0 -999.0 -999.0 -999.0 27021603142678653 812158596 "" ops_sky_boss_good ops_sky sky_boss 0 0 0.0 0.0 -999 ""
FIBERMAP 951 R+2C24 METROLOGY 0 0 0 1 0 0 239.13362866992696 48.019142205748125 143.1 175.719610291143 -169.10658686982393 122.6821 125.1584 -999.0 -999.0 -999.0 -999.0 -999.0 174.37265399131013 1.8179263313230631 174.37445369410443 1.6771616122754744 57.8878147940163 163.75563621633015 -999.0 6231.0 -999.0 -1 -999 {-999.0 -999.0 -999.0 -999.0 -999.0} "" -999.0 -999.0 -999.0 -999.0 -999 -999 "" "" "" "" 0 0 0.0 0.0 -999 ""
FIBERMAP 954 R+12C12 APOGEE 0 0 0 1 0 0 72.61436619925671 247.26437485587917 143.1 244.5283550400716 81.24156446308587 216.9888 15.855847 -999.0 -999.0 -999.0 -999.0 -999.0 174.68411140113238 2.9514589426089612 174.6861997467073 2.8103092675328445 58.91123460430963 162.65311019922385 -999.0 16600.0 -999.0 2 -999 {-999.0 -999.0 -999.0 -999.0 -999.0} "" -999.0 -999.0 -999.0 -999.0 -999 -999 "" "" "" "" 0 0 0.0 0.0 -999 ""
FIBERMAP 954 R+12C12 BOSS 1 1 0 1 0 0 73.05800407022741 247.85684251214704 143.1 245.26792240303254 81.21468706025026 216.9888 15.855847 174.6874765862136 2.951199143971696 -999.0 -999.0 -999.0 174.68746351318703 2.9512060703665726 174.6895199943183 2.8101748060011347 58.910271873696345 162.6469590536448 5400.0 5400.0 2016.0 1 101 {-999.0 20.718813 20.626259 20.485464 20.376472} sdss_psfmag 1e+20 1e+20 1e+20 -999.0 63050398302171359 1129053851 dark_1x4 bhm_aqmes_wide1_faint bhm_filler science 0 0 0.0 0.0 -999 ""
FIBERMAP 954 R+12C12 METROLOGY 0 0 0 1 0 0 73.35575028541714 247.1806394553614 143.1 244.8820281631472 80.58473520330463 216.9888 15.855847 -999.0 -999.0 -999.0 -999.0 -999.0 174.68573624591585 2.948400598497868 174.68780111872036 2.807336519681372 58.90795553936362 162.65155711750594 -999.0 6231.0 -999.0 -1 -999 {-999.0 -999.0 -999.0 -999.0 -999.0} "" -999.0 -999.0 -999.0 -999.0 -999 -999 "" "" "" "" 0 0 0.0 0.0 -999 ""
FIBERMAP 956 R+10C8 APOGEE 0 0 0 1 0 0 -11.36574669274509 192.70840910612372 143.1 151.85062021574842 119.15067241148536 339.30316 131.08977 -999.0 -999.0 -999.0 -999.0 -999.0 174.26633285756628 3.1248878881516124 174.2685775760184 2.98381641376005 59.18205428855741 163.35607431094206 -999.0 16600.0 -999.0 2 -999 {-999.0 -999.0 -999.0 -999.0 -999.0} "" -999.0 -999.0 -999.0 -999.0 -999 -999 "" "" "" "" 0 0 0.0 0.0 -999 ""
FIBERMAP 956 R+10C8 BOSS 1 1 0 1 0 0 -11.091851651469957 192.0158800630326 143.1 151.43772139253062 118.5310132582605 339.30316 131.08977 174.26449160862074 3.1220029979135466 0.34509164 -6.647396 0.21982676 174.2645447468975 3.1220041670525585 174.26675961023466 2.981051976022947 59.17980922170085 163.36081452478052 5400.0 5400.0 2016.0 1 120 {-999.0 18.062115 17.742878 17.634302 -999.0} sdss_psfmag 18.020782 17.75029 17.304876 -999.0 63050395170008842 977049185 "" ops_std_boss ops_std standard_boss 0 0 0.0 0.0 -999 ""
FIBERMAP 956 R+10C8 METROLOGY 0 0 0 1 0 0 -11.831178560466473 192.12528377052152 143.1 151.1063093473651 119.20077915451739 339.30316 131.08977 -999.0 -999.0 -999.0 -999.0 -999.0 174.2630181691723 3.1250693519050508 174.26524270527352 2.984083488825866 59.183116534274006 163.36225751329337 -999.0 6231.0 -999.0 -1 -999 {-999.0 -999.0 -999.0 -999.0 -999.0} "" -999.0 -999.0 -999.0 -999.0 -999 -999 "" "" "" "" 0 0 0.0 0.0 -999 ""
FIBERMAP 962 R-1C12 APOGEE 0 0 0 1 0 0 -52.82312170266147 -29.40140698391852 143.1 -54.2565497719059 26.644880756633807 271.51352 36.03681 -999.0 -999.0 -999.0 -999.0 -999.0 173.3287339274572 2.7052007402732743 173.33106934927957 2.5644841303472337 58.986517291292635 165.31655028801137 -999.0 16600.0 -999.0 2 -999 {-999.0 -999.0 -999.0 -999.0 -999.0} "" -999.0 -999.0 -999.0 -999.0 -999 -999 "" "" "" "" 0 0 0.0 0.0 -999 ""
FIBERMAP 962 R-1C12 BOSS 1 1 0 1 0 0 -53.287513844432326 -28.82607634726006 143.1 -54.04849256482351 27.354266206333754 271.51352 36.03681 173.32924508731284 2.708361940436367 -18.437296 -4.6389575 5.230344 173.3296779425398 2.7083269545023088 173.33198800383855 2.56772941322761 58.98949200491123 165.31346599900525 5400.0 5400.0 2016.0 1 439 {-999.0 15.955601 14.613428 13.968035 -999.0} sdss_psfmag_ps1 15.319122 14.416719 13.476124 11.629 63050395170004508 1075843798 bright_1x1 mwm_erosita_stars_boss mwm_erosita science 0 0 1.779293417930603 0.0 -999 ""
FIBERMAP 962 R-1C12 METROLOGY 0 0 0 1 0 0 -52.551139130245964 -28.706649860303344 143.1 -53.530758242729206 26.817322081919123 271.51352 36.03681 -999.0 -999.0 -999.0 -999.0 -999.0 173.3320362386514 2.705914474929297 173.33435233605178 2.56528265036923 58.986597510059326 165.31000079690398 -999.0 6231.0 -999.0 -1 -999 {-999.0 -999.0 -999.0 -999.0 -999.0} "" -999.0 -999.0 -999.0 -999.0 -999 -999 "" "" "" "" 0 0 0.0 0.0 -999 ""
FIBERMAP 963 R+9C11 APOGEE 0 0 0 1 0 0 42.47521552349874 171.5068197382237 143.1 165.11226963756755 62.834003443466216 309.8106 144.70885 -999.0 -999.0 -999.0 -999.0 -999.0 174.32700378259258 2.869378448058736 174.32915511818965 2.7283377906150927 58.91952514631468 163.36167566478122 -999.0 16600.0 -999.0 2 28 {-999.0 -999.0 -999.0 -999.0 -999.0} "" -999.0 -999.0 -999.0 -999.0 -999 -999 "" ops_sky_apogee_best_unassigned ops_sky sky_apogee 0 0 0.0 0.0 -999 ""
FIBERMAP 963 R+9C11 BOSS 1 1 0 1 0 0 42.55518367051414 170.76917594237642 143.1 164.5517979632393 62.34796451889235 309.8106 144.70885 174.32454671283168 2.867095120612381 0.9823639 -10.183475 0.26064268 174.3245544180715 2.8670785539948676 174.32667594389352 2.72615848406353 58.918006885296094 163.36734845070956 5400.0 5400.0 2016.0 1 133 {-999.0 18.29564 17.991074 17.879427 17.85116} sdss_psfmag_from_gaia 18.245 17.9972 17.5451 -999.0 63050395170007252 968255896 "" ops_std_boss_gdr2 ops_std standard_boss 0 0 0.0 0.0 -999 ""
FIBERMAP 963 R+9C11 METROLOGY 0 0 0 1 0 0 41.85262104028671 171.08783744345916 143.1 164.41325969017825 63.106768428193675 309.8106 144.70885 -999.0 -999.0 -999.0 -999.0 -999.0 174.32390305330284 2.8705545914539767 174.32603421823376 2.7296001751598524 58.92150162101966 163.36694705262462 -999.0 6231.0 -999.0 -1 -999 {-999.0 -999.0 -999.0 -999.0 -999.0} "" -999.0 -999.0 -999.0 -999.0 -999 -999 "" "" "" "" 0 0 0.0 0.0 -999 ""
FIBERMAP 964 R+8C14 APOGEE 0 0 0 1 0 0 86.74357580600567 165.82673934916812 143.1 185.67139423887159 23.226841512198902 86.02757 133.87778 -999.0 -999.0 -999.0 -999.0 -999.0 174.42011961336047 2.689388251183647 174.4221941167168 2.5483561851377043 58.72241804614257 163.27148782835573 -999.0 16600.0 -999.0 2 -999 {-999.0 -999.0 -999.0 -999.0 -999.0} "" -999.0 -999.0 -999.0 -999.0 -999 -999 "" "" "" "" 0 0 0.0 0.0 -999 ""
FIBERMAP 964 R+8C14 BOSS 1 1 0 1 0 0 87.32773240905429 166.33311953626736 143.1 186.4203060143071 23.035459390405613 86.02757 133.87778 174.4235978824869 2.688389139489153 -999.0 -999.0 -999.0 174.4235835538431 2.6884012250783096 174.42562684254506 2.547488806373104 58.720745526816174 163.26548443585966 5400.0 5400.0 2016.0 1 161 {-999.0 22.342785 22.312927 21.837944 21.464472} sdss_fiber2mag_from_lsdr10 1e+20 1e+20 1e+20 -999.0 63050397587300978 1059006754 dark_flexible_2x2 bhm_spiders_agn_lsdr10 bhm_spiders science 0 0 0.0 0.0 -999 ""
FIBERMAP 964 R+8C14 METROLOGY 0 0 0 1 0 0 87.45064119524439 165.5885786558275 143.1 185.878636999608 22.51021065002987 86.02757 133.87778 -999.0 -999.0 -999.0 -999.0 -999.0 174.4211211980407 2.686052245184628 174.42317289474408 2.545106813338727 58.71902858106239 163.27117692056092 -999.0 6231.0 -999.0 -1 -999 {-999.0 -999.0 -999.0 -999.0 -999.0} "" -999.0 -999.0 -999.0 -999.0 -999 -999 "" "" "" "" 0 0 0.0 0.0 -999 ""
FIBERMAP 965 R+5C15 APOGEE 0 0 0 1 0 0 89.95816245393192 107.81276347724581 143.1 139.83949953010364 -12.472833124890201 63.21858 94.56096 -999.0 -999.0 -999.0 -999.0 -999.0 174.21271858840905 2.5272541276828324 174.214791536838 2.386308675138112 58.614592794018684 163.73291438324839 -999.0 16600.0 -999.0 2 -999 {-999.0 -999.0 -999.0 -999.0 -999.0} "" -999.0 -999.0 -999.0 -999.0 -999 -999 "" "" "" "" 0 0 0.0 0.0 -999 ""
FIBERMAP 965 R+5C15 BOSS 1 1 0 1 0 0 90.65736765308114 107.54941089292468 143.1 140.02156585065504 -13.197361447138073 63.21858 94.56096 174.21343077931866 2.5239511656404727 -32.795666 -36.491863 0.5752498 174.2136286937928 2.5238329210922066 174.21567096974786 2.3830089667910883 58.61117894543662 163.73276845462973 5400.0 5400.0 2016.0 1 213 {-999.0 16.526182 16.14097 15.99633 -999.0} sdss_psfmag 16.430147 16.127865 15.651314 14.801 63050395169999179 1074296993 dark_flexible_2x1 mwm_halo_local_high_boss mwm_halo science 0 0 1.0807490348815918 0.0 -999 ""
FIBERMAP 965 R+5C15 METROLOGY 0 0 0 1 0 0 90.08495663593185 107.07751847323506 143.1 139.30768196109906 -12.995976917540814 63.21858 94.56096 -999.0 -999.0 -999.0 -999.0 -999.0 174.21037264297155 2.524783612503888 174.2124242964784 2.383926053058102 58.61283480283777 163.7384061728875 -999.0 6231.0 -999.0 -1 -999 {-999.0 -999.0 -999.0 -999.0 -999.0} "" -999.0 -999.0 -999.0 -999.0 -999 -999 "" "" "" "" 0 0 0.0 0.0 -999 ""
FIBERMAP 971 R+4C2 APOGEE 0 0 0 1 0 0 -233.049712404976 58.38673898255506 143.1 -84.83077430850828 224.74228225386972 307.0013 39.501076 -999.0 -999.0 -999.0 -999.0 -999.0 173.19079994474174 3.6018688797042344 173.19348490606137 3.4610323353544468 59.89168325018515 165.20270400502056 -999.0 16600.0 -999.0 2 -999 {-999.0 -999.0 -999.0 -999.0 -999.0} "" -999.0 -999.0 -999.0 -999.0 -999 -999 "" "" "" "" 0 0 0.0 0.0 -999 ""
FIBERMAP 971 R+4C2 BOSS 1 1 0 1 0 0 -233.77800304233375 58.559482108151556 143.1 -85.10385844079211 225.43907410766363 307.0013 39.501076 173.18909319803947 3.6050427889206675 10.100791 -39.0501 10.193399 173.18958886644066 3.6048956356313506 173.1922497036038 3.4641745924711493 59.895017185629754 165.20375666947922 5400.0 5400.0 2016.0 1 72 {-999.0 17.12725 15.712761 14.391742 -999.0} sdss_psfmag 16.534182 15.092112 13.919944 11.713 63050395170014056 1151021320 bright_1x1 mwm_snc_100pc_boss_single mwm_snc science 0 0 1.6215509176254272 0.0 -999 ""
FIBERMAP 971 R+4C2 METROLOGY 0 0 0 1 0 0 -233.27238181529833 59.098834702397895 143.1 -84.37260936136906 225.33100479947475 307.0013 39.501076 -999.0 -999.0 -999.0 -999.0 -999.0 173.1928958037647 3.604454208004199 173.19556281112978 3.4636993975890755 59.893841498602605 165.19752190063048 -999.0 6231.0 -999.0 -1 -999 {-999.0 -999.0 -999.0 -999.0 -999.0} "" -999.0 -999.0 -999.0 -999.0 -999 -999 "" "" "" "" 0 0 0.0 0.0 -999 ""
FIBERMAP 973 R+9C14 APOGEE 0 0 0 1 0 0 93.02710070483315 172.84099446264983 143.1 195.0148296888726 22.06135495456745 119.05417 169.6653 -999.0 -999.0 -999.0 -999.0 -999.0 174.46227237425717 2.684043844633787 174.4643353622804 2.5430015989269195 58.707001416961525 163.195347585195 -999.0 16600.0 -999.0 2 39 {-999.0 -999.0 -999.0 -999.0 -999.0} "" -999.0 -999.0 -999.0 -999.0 -999 -999 "" ops_sky_apogee_best_unassigned ops_sky sky_apogee 0 0 0.0 0.0 -999 ""
FIBERMAP 973 R+9C14 BOSS 1 1 0 1 0 0 92.75748860761912 173.5409341538897 143.1 195.43625761181795 22.681718158080056 119.05417 169.6653 174.4642639160156 2.686724185691588 -999.0 -999.0 -999.0 174.46425176325903 2.686742396599865 174.4662848464119 2.5458195284162337 58.709260612092386 163.19039024373217 5400.0 5400.0 2015.5 1 162 {-999.0 -999.0 -999.0 -999.0 -999.0} "" -999.0 -999.0 -999.0 -999.0 27021603142699927 812161575 "" ops_sky_boss_good ops_sky sky_boss 0 0 0.0 0.0 -999 ""
FIBERMAP 973 R+9C14 METROLOGY 0 0 0 1 0 0 93.49962051463342 173.41384911963328 143.1 195.75474125558662 21.99957220151428 119.05417 169.6653 -999.0 -999.0 -999.0 -999.0 -999.0 174.46567056032188 2.683677348192913 174.4677109600127 2.542720568424585 58.70590806019656 163.18918215626798 -999.0 6231.0 -999.0 -1 -999 {-999.0 -999.0 -999.0 -999.0 -999.0} "" -999.0 -999.0 -999.0 -999.0 -999 -999 "" "" "" "" 0 0 0.0 0.0 -999 ""
FIBERMAP 975 R-1C21 APOGEE 0 0 0 1 0 0 177.90088554862177 -9.619522351368929 143.1 93.47149105149299 -151.64312647157777 53.380867 108.79926 -999.0 -999.0 -999.0 -999.0 -999.0 174.00117181701 1.8951713824495138 174.0030911782461 1.754405116018515 58.04863332820054 164.40299825312053 -999.0 16600.0 -999.0 2 -999 {-999.0 -999.0 -999.0 -999.0 -999.0} "" -999.0 -999.0 -999.0 -999.0 -999 -999 "" "" "" "" 0 0 0.0 0.0 -999 ""
FIBERMAP 975 R-1C21 BOSS 1 1 0 1 0 0 178.59411969261026 -9.81185998447105 143.1 93.70849999319267 -152.32228197514866 53.380867 108.79926 174.00232377662738 1.8919345391250455 -14.052125 -10.927189 0.13805336 174.00229621810604 1.8919326149743458 174.0041854885436 1.7512907471179882 58.045352264576096 164.40231615120416 5400.0 5400.0 2016.0 1 270 {-999.0 17.499743 17.17581 17.054878 17.019772} sdss_psfmag_from_gaia 17.4622 17.1839 16.7373 15.943 63050395169983188 968255919 "" ops_std_boss_gdr2 ops_std standard_boss 0 0 0.0 0.0 -999 ""
FIBERMAP 975 R-1C21 METROLOGY 0 0 0 1 0 0 178.0653421494804 -10.347269564998657 143.1 92.96729509073015 -152.19294079263648 53.380867 108.79926 -999.0 -999.0 -999.0 -999.0 -999.0 173.99892151672805 1.8925518877102077 174.0008198402511 1.751875691251071 58.0466828744285 164.40825794166926 -999.0 6231.0 -999.0 -1 -999 {-999.0 -999.0 -999.0 -999.0 -999.0} "" -999.0 -999.0 -999.0 -999.0 -999 -999 "" "" "" "" 0 0 0.0 0.0 -999 ""
FIBERMAP 979 R+3C7 APOGEE 0 0 0 1 0 0 -144.21556228070392 58.20478919031464 143.1 -34.35913423949404 151.65336945382919 238.59866 43.66119 -999.0 -999.0 -999.0 -999.0 -999.0 173.41948714896353 3.273280615828845 173.4219968263368 3.132430736458647 59.52136737049478 164.90276660743498 -999.0 16600.0 -999.0 2 125 {-999.0 -999.0 -999.0 -999.0 -999.0} "" -999.0 -999.0 -999.0 -999.0 -999 -999 "" ops_sky_apogee_best_unassigned ops_sky sky_apogee 0 0 0.0 0.0 -999 ""
FIBERMAP 979 R+3C7 BOSS 1 1 0 1 0 0 -144.37096857479693 58.92832309370563 143.1 -33.85324267722744 152.19334722842112 238.59866 43.66119 173.42144275898283 3.275774580278096 2.5461822 -32.893475 0.519505 173.4218051473451 3.275666265728533 173.42428863284488 3.134932497578159 59.5233061594719 164.89728265858466 5400.0 5400.0 2016.0 1 43 {-999.0 15.756903 15.516093 15.419849 -999.0} sdss_psfmag 15.732527 15.488309 15.083639 14.333 63050395170012670 1136203632 dark_flexible_3x1 mwm_halo_local_high_boss_triple mwm_halo science 0 0 1.2774202823638916 0.0 -999 ""
FIBERMAP 979 R+3C7 METROLOGY 0 0 0 1 0 0 -143.66400068348483 58.70889749506294 143.1 -33.63066291204678 151.48747244977565 238.59866 43.66119 -999.0 -999.0 -999.0 -999.0 -999.0 173.42281151432772 3.272495985254883 173.425301131933 3.1317292572508593 59.51995914895222 164.8967237618246 -999.0 6231.0 -999.0 -1 -999 {-999.0 -999.0 -999.0 -999.0 -999.0} "" -999.0 -999.0 -999.0 -999.0 -999 -999 "" "" "" "" 0 0 0.0 0.0 -999 ""
FIBERMAP 983 R+6C5 APOGEE 0 0 0 1 0 0 -144.70046230852014 117.06726101072981 143.1 13.72535689278301 185.59386718016455 145.85709 143.30115 -999.0 -999.0 -999.0 -999.0 -999.0 173.63830288922534 3.4267664311796824 173.64080744505202 3.285821022808721 59.62222334649864 164.41476197000642 -999.0 16600.0 -999.0 2 150 {-999.0 -999.0 -999.0 -999.0 -999.0} "" -999.0 -999.0 -999.0 -999.0 -999 -999 "" ops_sky_apogee_best_unassigned ops_sky sky_apogee 0 0 0.0 0.0 -999 ""
FIBERMAP 983 R+6C5 BOSS 1 1 0 1 0 0 -144.9668031421691 117.76903335312987 143.1 14.150154595476675 186.21258706231035 145.85709 143.30115 173.64025958905364 3.429492826731752 -999.0 -999.0 -999.0 173.64026411083182 3.4294926888039 173.64274191483923 3.288662799329056 59.62455427597337 164.40977000005557 5400.0 5400.0 2016.0 1 49 {-999.0 20.672977 20.368969 20.238014 20.034086} sdss_psfmag 20.62311 20.670677 20.043383 -999.0 63050395170012847 1129029489 dark_1x4 bhm_aqmes_wide1_faint bhm_filler science 0 0 0.0 0.0 -999 ""
FIBERMAP 983 R+6C5 METROLOGY 0 0 0 1 0 0 -144.2259218432753 117.64789449044136 143.1 14.472810908311288 185.53485695071808 145.85709 143.30115 -999.0 -999.0 -999.0 -999.0 -999.0 173.6417258499246 3.4264590119524607 173.64420993922158 3.2855961952816526 59.62123550353213 164.40831977689533 -999.0 6231.0 -999.0 -1 -999 {-999.0 -999.0 -999.0 -999.0 -999.0} "" -999.0 -999.0 -999.0 -999.0 -999 -999 "" "" "" "" 0 0 0.0 0.0 -999 ""
FIBERMAP 985 R+9C10 APOGEE 0 0 0 1 0 0 15.04642932765293 167.7855659062078 143.1 146.42494422581518 83.24870005452188 236.65462 165.5778 -999.0 -999.0 -999.0 -999.0 -999.0 174.24222227761155 2.9622447677612826 174.24442286469161 2.8212099940518556 59.03000934436686 163.47778267448896 -999.0 16600.0 -999.0 2 10 {-999.0 -999.0 -999.0 -999.0 -999.0} "" -999.0 -999.0 -999.0 -999.0 -999 -999 "" ops_sky_apogee_best_unassigned ops_sky sky_apogee 0 0 0.0 0.0 -999 ""
FIBERMAP 985 R+9C10 BOSS 1 1 0 1 0 0 14.503385309577704 167.28787109880318 143.1 145.7065958077216 83.41125376088942 236.65462 165.5778 174.23907315825272 2.962907626176583 -4.3699336 -7.564654 0.062394645 174.23904491137512 2.9629002222779395 174.24121711097075 2.8219852114635535 59.03152850458622 163.48346343935492 5400.0 5400.0 2016.0 1 126 {-999.0 17.864998 17.528584 17.401556 17.361856} sdss_psfmag_from_gaia 17.8147 17.5378 17.0737 16.346 63050395170008282 968255846 "" ops_std_boss_gdr2 ops_std standard_boss 0 0 0.0 0.0 -999 ""
FIBERMAP 985 R+9C10 METROLOGY 0 0 0 1 0 0 14.338208585176229 168.02107010352748 143.1 146.21486055019247 83.96476636912949 236.65462 165.5778 -999.0 -999.0 -999.0 -999.0 -999.0 174.24132425576943 2.9654340472719047 174.2435049951191 2.8244842052630004 59.033407818950145 163.47798899283646 -999.0 6231.0 -999.0 -1 -999 {-999.0 -999.0 -999.0 -999.0 -999.0} "" -999.0 -999.0 -999.0 -999.0 -999 -999 "" "" "" "" 0 0 0.0 0.0 -999 ""
FIBERMAP 986 R+2C13 APOGEE 0 0 1 1 0 0 0.5847679016777434 46.397597528064104 143.1 38.4530157550796 25.958702901205918 10.422158 169.76413 -999.0 -999.0 -999.0 -999.0 -999.0 173.75146001032084 2.702232791977744 173.75369552774987 2.5613868010883243 58.891023773059565 164.519430679772 -999.0 16600.0 -999.0 2 -999 {-999.0 -999.0 -999.0 -999.0 -999.0} "" -999.0 -999.0 -999.0 -999.0 -999 -999 "" "" "" "" 0 0 0.0 0.0 -999 ""
FIBERMAP 986 R+2C13 BOSS 1 0 1 1 0 0 1.3378848143227415 46.40044454752972 143.1 38.88450992791864 25.341572076370937 10.422158 169.76413 173.7502156133086 2.6070270195307703 -53.59975 7.858715 1.6428211 173.75347769772313 2.699315963827631 173.7556840539279 2.5585900344488364 58.88785217205555 164.51690041947387 5400.0 5400.0 2016.0 1 105 {-999.0 14.292201 13.8553705 13.714149 -999.0} sdss_psfmag_gaia 14.212704 13.883889 13.384543 12.495 63050395170000473 1136478386 dark_flexible_3x1 mwm_halo_local_high_boss_triple mwm_halo science 0 0 1.8808096647262573 0.0 -999 ""
FIBERMAP 986 R+2C13 METROLOGY 0 0 1 1 0 0 0.9706167737370633 45.75901892801368 143.1 38.148237679783726 25.277806668796188 10.422158 169.76413 -999.0 -999.0 -999.0 -999.0 -999.0 173.75010900435092 2.6990569329716703 173.75232392997827 2.558298013824735 58.88832173244346 164.52335774577588 -999.0 6231.0 -999.0 -1 -999 {-999.0 -999.0 -999.0 -999.0 -999.0} "" -999.0 -999.0 -999.0 -999.0 -999 -999 "" "" "" "" 0 0 0.0 0.0 -999 ""
FIBERMAP 988 R+7C6 APOGEE 0 0 0 1 0 0 -88.58094959815035 127.83358941514813 143.1 54.54992721230325 145.62171804921644 340.49326 104.39632 -999.0 -999.0 -999.0 -999.0 -999.0 173.82428364734005 3.2459695877986054 173.8266797744949 3.1050015541449105 59.40382186537567 164.1399579096646 -999.0 16600.0 -999.0 2 -999 {-999.0 -999.0 -999.0 -999.0 -999.0} "" -999.0 -999.0 -999.0 -999.0 -999 -999 "" "" "" "" 0 0 0.0 0.0 -999 ""
FIBERMAP 988 R+7C6 BOSS 1 1 0 1 0 0 -88.71040943373384 126.98799425190631 143.1 53.781423647260766 145.2462281604011 340.49326 104.39632 173.82090309231526 3.244300655216705 -29.80348 -33.910065 0.29744896 173.82083744933394 3.2442110541475073 173.82320606482335 3.1033619005302224 59.40302429313734 164.14733097125847 5400.0 5400.0 2016.0 1 67 {-999.0 17.095871 16.76655 16.66837 -999.0} sdss_psfmag 17.043514 16.772554 16.34104 15.4 63050395170012459 976146261 "" ops_std_boss ops_std standard_boss 0 0 0.0 0.0 -999 ""
FIBERMAP 988 R+7C6 METROLOGY 0 0 0 1 0 0 -89.25291002392038 127.5093500487677 143.1 53.90062646776125 145.98902976646488 340.49326 104.39632 -999.0 -999.0 -999.0 -999.0 -999.0 173.82136255504227 3.2475960589464212 173.82374002656184 3.106712808557992 59.40616266195818 164.14479690635835 -999.0 6231.0 -999.0 -1 -999 {-999.0 -999.0 -999.0 -999.0 -999.0} "" -999.0 -999.0 -999.0 -999.0 -999 -999 "" "" "" "" 0 0 0.0 0.0 -999 ""
FIBERMAP 990 R+4C7 APOGEE 1 1 0 1 0 0 -105.55122900090568 61.209340585505814 143.1 -9.858195758731075 121.59925735199923 324.0578 80.32854 173.53102304378376 3.1372371777380823 7.1724772 -11.373387 0.4933394 173.53104874394805 3.137196487498372 173.53348343797006 2.99633682728202 59.36408148893423 164.74818225049378 16000.0 16600.0 2016.0 2 95 {-999.0 12.617212 11.95651 11.706883 -999.0} sdss_psfmag_from_g3xp 12.445599 11.987548 11.361529 10.085 63050395170012354 1109512866 bright_1x1 mwm_tess_rgb_apogee mwm_tessrgb science 0 0 0.0 0.0 -999 ""
FIBERMAP 990 R+4C7 BOSS 0 0 0 1 0 0 -106.06299459104449 60.66955196793082 143.1 -10.59330436576724 121.71212634325732 324.0578 80.32854 -999.0 -999.0 -999.0 -999.0 -999.0 173.52772142858626 3.1376427854481284 173.53013029413194 2.99690202880014 59.36537423783629 164.75434476259935 -999.0 5400.0 -999.0 1 51 {-999.0 -999.0 -999.0 -999.0 -999.0} "" -999.0 -999.0 -999.0 -999.0 -999 -999 "" "" "" "" 0 0 0.0 0.0 -999 ""
FIBERMAP 990 R+4C7 METROLOGY 0 0 0 1 0 0 -106.28194963626366 61.37864768834246 143.1 -10.13548759890409 122.29608768892554 324.0578 80.32854 -999.0 -999.0 -999.0 -999.0 -999.0 173.52980044686723 3.140316850000537 173.5322172908593 2.9995415241895653 59.36748664997569 164.7492089639071 -999.0 6231.0 -999.0 -1 -999 {-999.0 -999.0 -999.0 -999.0 -999.0} "" -999.0 -999.0 -999.0 -999.0 -999 -999 "" "" "" "" 0 0 0.0 0.0 -999 ""
FIBERMAP 991 R-3C20 APOGEE 0 0 0 1 0 0 173.82396041398306 -51.1636572551287 143.1 57.0160646316247 -171.96701827355565 14.739553 147.56738 -999.0 -999.0 -999.0 -999.0 -999.0 173.83548555080722 1.8029266713678913 173.83740800233443 1.662225905861191 57.995847314594364 164.74672902383477 -999.0 16600.0 -999.0 2 226 {-999.0 -999.0 -999.0 -999.0 -999.0} "" -999.0 -999.0 -999.0 -999.0 -999 -999 "" ops_sky_apogee_best_unassigned ops_sky sky_apogee 0 0 0.0 0.0 -999 ""
FIBERMAP 991 R-3C20 BOSS 1 1 0 1 0 0 174.5308222931148 -51.37731976637082 143.1 57.243318880742144 -172.6695219239927 14.739553 147.56738 173.836563594374 1.7995893936774325 -5.8838143 -3.3875751 0.4318357 173.83655719797696 1.7995808353535923 173.83845008113553 1.6590048948564857 57.99247564420925 164.74615746268617 5400.0 5400.0 2016.0 1 290 {-999.0 18.008795 17.750568 17.660284 17.646957} sdss_psfmag_from_gaia 17.9539 17.7509 17.3139 -999.0 63050395169983080 970816705 "" ops_std_boss_gdr2 ops_std standard_boss 0 0 0.0 0.0 -999 ""
FIBERMAP 991 R-3C20 METROLOGY 0 0 0 1 0 0 173.9962620370977 -51.89019195861087 143.1 56.51733525335648 -172.52258704971493 14.739553 147.56738 -999.0 -999.0 -999.0 -999.0 -999.0 173.8332504265066 1.8002824679285607 173.83515220600657 1.659672075686351 57.993855747296564 164.7519442837017 -999.0 6231.0 -999.0 -1 -999 {-999.0 -999.0 -999.0 -999.0 -999.0} "" -999.0 -999.0 -999.0 -999.0 -999 -999 "" "" "" "" 0 0 0.0 0.0 -999 ""
FIBERMAP 994 R+7C2 APOGEE 0 0 0 1 0 0 -200.0249049206132 140.24998142928166 143.1 1.246040116758106 244.25827344945182 131.74712 137.33766 -999.0 -999.0 -999.0 -999.0 -999.0 173.5814343923742 3.690228644871994 173.58404289525583 3.549252832554098 59.89164368630356 164.4059369116915 -999.0 16600.0 -999.0 2 -999 {-999.0 -999.0 -999.0 -999.0 -999.0} "" -999.0 -999.0 -999.0 -999.0 -999 -999 "" "" "" "" 0 0 0.0 0.0 -999 ""
FIBERMAP 994 R+7C2 BOSS 1 1 0 1 0 0 -200.04269735866436 141.0047942040072 143.1 1.8560477680902967 244.70301299329634 131.74712 137.33766 173.5842498003045 3.6921188128833298 -0.3352549 0.05681529 -0.68403655 173.58422886977434 3.692127622738578 173.58681035531458 3.551265968124162 59.892978795742316 164.39966457336374 5400.0 5400.0 2016.0 1 70 {-999.0 20.353785 20.21686 20.091408 20.029974} sdss_psfmag_from_gaiadr2 19.97863 20.207405 19.519583 -999.0 63050395170014398 1056632660 dark_flexible_2x2 bhm_gua_dark bhm_filler science 0 0 0.0 0.0 -999 ""
FIBERMAP 994 R+7C2 METROLOGY 0 0 0 1 0 0 -199.38090812425128 140.6267175528315 143.1 1.9225369054560295 243.94385104348777 131.74712 137.33766 -999.0 -999.0 -999.0 -999.0 -999.0 173.58452439308235 3.6887610895236587 173.58711227944423 3.547867272326677 59.88960020398188 164.40061446884832 -999.0 6231.0 -999.0 -1 -999 {-999.0 -999.0 -999.0 -999.0 -999.0} "" -999.0 -999.0 -999.0 -999.0 -999 -999 "" "" "" "" 0 0 0.0 0.0 -999 ""
FIBERMAP 996 R-6C15 APOGEE 0 0 0 1 0 0 75.31462244627518 -102.65502918001354 143.1 -41.423144539540814 -120.37452347070696 185.87375 56.26594 -999.0 -999.0 -999.0 -999.0 -999.0 173.3877850413878 2.0362435811008455 173.38987567847755 1.8956339728838387 58.32042576575974 165.47893836266047 -999.0 16600.0 -999.0 2 183 {-999.0 -999.0 -999.0 -999.0 -999.0} "" -999.0 -999.0 -999.0 -999.0 -999 -999 "" ops_sky_apogee_best_unassigned ops_sky sky_apogee 0 0 0.0 0.0 -999 ""
FIBERMAP 996 R-6C15 BOSS 1 1 0 1 0 0 75.67917888963665 -102.00420063057982 143.1 -40.68069211296421 -120.30317209007221 185.87375 56.26594 173.39113238413515 2.0364048582412444 1.1289638 -0.3744765 1.0932099 173.39117207652285 2.0363901313129857 173.39323545307923 1.8959026404189998 58.31997986065496 165.47258039485723 5400.0 5400.0 2016.0 1 316 {-999.0 20.630493 20.614372 20.60093 20.10097} sdss_psfmag 20.64518 20.6637 19.97052 -999.0 63050395169998523 1129029430 dark_1x4 bhm_aqmes_wide1_faint bhm_filler science 0 0 0.0 0.0 -999 ""
FIBERMAP 996 R-6C15 METROLOGY 0 0 0 1 0 0 76.068370517512 -102.65254813096965 143.1 -40.991591385732534 -120.99238139307162 185.87375 56.26594 -999.0 -999.0 -999.0 -999.0 -999.0 173.3897574426982 2.0333086914528207 173.3918275916933 1.892787323823645 58.31723161457967 165.47645094206692 -999.0 6231.0 -999.0 -1 -999 {-999.0 -999.0 -999.0 -999.0 -999.0} "" -999.0 -999.0 -999.0 -999.0 -999 -999 "" "" "" "" 0 0 0.0 0.0 -999 ""
FIBERMAP 999 R0C27 APOGEE 0 0 0 1 0 0 284.6378662071612 -16.65645123703283 143.1 148.51287425635482 -243.3470537806711 282.13742 79.153824 -999.0 -999.0 -999.0 -999.0 -999.0 174.24768474394213 1.4844853300344751 174.2494278491714 1.3437295606670152 57.59261311414759 164.12871452874765 -999.0 16600.0 -999.0 2 -999 {-999.0 -999.0 -999.0 -999.0 -999.0} "" -999.0 -999.0 -999.0 -999.0 -999 -999 "" "" "" "" 0 0 0.0 0.0 -999 ""
FIBERMAP 999 R0C27 BOSS 1 1 0 1 0 0 283.90487073280013 -16.69316681529497 143.1 148.06501999370892 -242.76575413638852 282.13742 79.153824 174.2454018497703 1.4870519701341929 -2.1648705 -33.491047 2.4073622 174.24571640770628 1.4869438459927289 174.2474308099928 1.3463142973293567 57.5955877585753 164.13123070200024 5400.0 5400.0 2016.0 1 174 {-999.0 17.742983 16.480494 15.642621 15.093153} sdss_psfmag_from_lsdr10 17.26574 16.172125 15.082087 12.891 63050395169981611 1058997064 bright_flexible_2x1 bhm_spiders_agn_lsdr10 bhm_spiders science 0 0 1.204167127609253 0.0 -999 ""
FIBERMAP 999 R0C27 METROLOGY 0 0 0 1 0 0 284.23931082542975 -16.025724998316942 143.1 148.80396025200463 -242.6601925882695 282.13742 79.153824 -999.0 -999.0 -999.0 -999.0 -999.0 174.24903417606535 1.487477842439591 174.25075657734487 1.3468115310277555 57.59530682920073 164.12497934174633 -999.0 6231.0 -999.0 -1 -999 {-999.0 -999.0 -999.0 -999.0 -999.0} "" -999.0 -999.0 -999.0 -999.0 -999 -999 "" "" "" "" 0 0 0.0 0.0 -999 ""
FIBERMAP 1004 R-13C1 APOGEE 0 0 0 1 0 0 -152.22092942030855 -247.4779036765901 143.1 -290.06668105371136 -15.959301834117543 83.81129 161.7908 -999.0 -999.0 -999.0 -999.0 -999.0 172.2648760817568 2.510787048224753 172.26738246672267 2.370470294033247 59.00720962889099 167.41350778270683 -999.0 16600.0 -999.0 2 199 {-999.0 -999.0 -999.0 -999.0 -999.0} "" -999.0 -999.0 -999.0 -999.0 -999 -999 "" ops_sky_apogee_best_unassigned ops_sky sky_apogee 0 0 0.0 0.0 -999 ""
FIBERMAP 1004 R-13C1 BOSS 1 1 0 1 0 0 -151.93078602878856 -246.80103782461748 143.1 -289.3452400748346 -15.811976389664379 83.81129 161.7908 172.26811612027785 2.511326183815578 -999.0 -999.0 -999.0 172.26811363965246 2.51133357690457 172.27059698503547 2.3711361425859696 59.007275006099334 167.40713912834642 5400.0 5400.0 2016.0 1 340 {-999.0 22.370207 20.949408 20.405113 20.037415} sdss_fiber2mag_from_lsdr10 1e+20 1e+20 1e+20 -999.0 63050398301899962 1058109674 dark_flexible_2x2 bhm_spiders_clusters_lsdr10 bhm_spiders science 0 0 0.0 0.0 -999 ""
FIBERMAP 1004 R-13C1 METROLOGY 0 0 0 1 0 0 -151.4742348566947 -247.3881035627202 143.1 -289.56740680867387 -16.521606892564133 83.81129 161.7908 -999.0 -999.0 -999.0 -999.0 -999.0 172.26712987568493 2.5081627566713225 172.26961858174332 2.367932103286591 59.00430470179577 167.41014680017065 -999.0 6231.0 -999.0 -1 -999 {-999.0 -999.0 -999.0 -999.0 -999.0} "" -999.0 -999.0 -999.0 -999.0 -999 -999 "" "" "" "" 0 0 0.0 0.0 -999 ""
FIBERMAP 1009 R-13C2 APOGEE 0 0 0 1 0 0 -125.5117244213517 -232.81920595048055 143.1 -262.8033085503257 -29.55022011231064 144.31454 60.688145 -999.0 -999.0 -999.0 -999.0 -999.0 172.38625932955398 2.449343625200094 172.3887147647216 2.308994146470959 58.924378842093205 167.20445957747862 -999.0 16600.0 -999.0 2 190 {-999.0 -999.0 -999.0 -999.0 -999.0} "" -999.0 -999.0 -999.0 -999.0 -999 -999 "" ops_sky_apogee_best_unassigned ops_sky sky_apogee 0 0 0.0 0.0 -999 ""
FIBERMAP 1009 R-13C2 BOSS 1 1 0 1 0 0 -124.83905979993706 -232.51074385780336 143.1 -262.1665689749156 -29.927100889144953 144.31454 60.688145 172.38915801952768 2.4474852407764818 -3.4826417 1.1886938 0.21768075 172.38911669164514 2.4475154456650023 172.39154781518573 2.307286221478005 58.92217315396532 167.1996885337892 5400.0 5400.0 2016.0 1 341 {-999.0 18.164762 17.891539 17.790096 -999.0} sdss_psfmag 18.152937 17.87642 17.487015 -999.0 63050395170002226 976146191 "" ops_std_boss ops_std standard_boss 0 0 0.0 0.0 -999 ""
FIBERMAP 1009 R-13C2 METROLOGY 0 0 0 1 0 0 -124.9085498508099 -233.25808197495303 143.1 -262.8201724556037 -30.29587068276159 144.31454 60.688145 -999.0 -999.0 -999.0 -999.0 -999.0 172.38620549563683 2.445883955374497 172.38864314604484 2.3056218157493245 58.92107893519888 167.2058133725506 -999.0 6231.0 -999.0 -1 -999 {-999.0 -999.0 -999.0 -999.0 -999.0} "" -999.0 -999.0 -999.0 -999.0 -999 -999 "" "" "" "" 0 0 0.0 0.0 -999 ""
FIBERMAP 1011 R+6C3 APOGEE 0 0 0 1 0 0 -199.6001711641575 111.01055053486925 143.1 -22.534748093127043 227.24756002702847 252.59361 43.73589 -999.0 -999.0 -999.0 -999.0 -999.0 173.47346772647455 3.6139829774108985 173.4760799649698 3.4730543122138964 59.84161334336304 164.64921461689502 -999.0 16600.0 -999.0 2 126 {-999.0 -999.0 -999.0 -999.0 -999.0} "" -999.0 -999.0 -999.0 -999.0 -999 -999 "" ops_sky_apogee_best_unassigned ops_sky sky_apogee 0 0 0.0 0.0 -999 ""
FIBERMAP 1011 R+6C3 BOSS 1 1 0 1 0 0 -199.928417502411 111.67103056649748 143.1 -22.179151877757082 227.89361088697225 252.59361 43.73589 173.47511503454643 3.616811844212634 -3.5911224 -5.2147627 0.32875848 173.47510736479003 3.616801756103561 173.47769359847905 3.4759877499118703 59.84411362839991 164.64478686651967 5400.0 5400.0 2016.0 1 27 {-999.0 18.31575 17.992874 17.845184 -999.0} sdss_psfmag 18.245317 17.9687 17.543812 -999.0 63050395170013925 976146301 "" ops_std_boss ops_std standard_boss 0 0 0.0 0.0 -999 ""
FIBERMAP 1011 R+6C3 METROLOGY 0 0 0 1 0 0 -199.18265034316326 111.63836861742472 143.1 -21.781019684159293 227.2622841634028 252.59361 43.73589 -999.0 -999.0 -999.0 -999.0 -999.0 173.47690661987747 3.6139998363742745 173.47949891571295 3.473153003761383 59.840948312114875 164.64254917044164 -999.0 6231.0 -999.0 -1 -999 {-999.0 -999.0 -999.0 -999.0 -999.0} "" -999.0 -999.0 -999.0 -999.0 -999 -999 "" "" "" "" 0 0 0.0 0.0 -999 ""
FIBERMAP 1012 R+1C12 APOGEE 0 0 0 1 0 0 -36.564328014204875 9.789501005004754 143.1 -12.792811579932438 35.6193141845397 223.31242 142.88219 -999.0 -999.0 -999.0 -999.0 -999.0 173.51775718191064 2.7461892027306334 173.52006234197734 2.6054058419810975 58.98568699432373 164.94161664382221 -999.0 16600.0 -999.0 2 -999 {-999.0 -999.0 -999.0 -999.0 -999.0} "" -999.0 -999.0 -999.0 -999.0 -999 -999 "" "" "" "" 0 0 0.0 0.0 -999 ""
FIBERMAP 1012 R+1C12 BOSS 1 0 0 1 0 0 -37.32103660972895 9.695777189082568 143.1 -13.30101588048837 36.18761079246194 223.31242 142.88219 173.51844370901435 2.667323331647216 -13.793471 -7.9208045 2.4984443 173.51545819369943 2.7486771418600924 173.51773786830506 2.6080138383215266 58.98873963509223 164.94490758915512 5400.0 5400.0 2016.0 1 22 {-999.0 20.515034 19.077805 17.959576 -999.0} sdss_psfmag 20.102818 18.918001 17.50134 15.359 63050395170000718 1092230697 dark_flexible_2x1 mwm_cb_galex_mag_boss mwm_cb science 0 0 0.0 0.0 -999 ""
FIBERMAP 1012 R+1C12 METROLOGY 0 0 0 1 0 0 -37.01693419867026 10.382636421495354 143.1 -12.563410054052426 36.32916226294431 223.31242 142.88219 -999.0 -999.0 -999.0 -999.0 -999.0 173.51881585581202 2.749353497468672 173.521102575589 2.608655077857826 58.9886302851524 164.9382693035418 -999.0 6231.0 -999.0 -1 -999 {-999.0 -999.0 -999.0 -999.0 -999.0} "" -999.0 -999.0 -999.0 -999.0 -999 -999 "" "" "" "" 0 0 0.0 0.0 -999 ""
FIBERMAP 1013 R+10C15 APOGEE 0 0 0 1 0 0 145.47821091137837 198.08551478014718 143.1 245.6441373037443 -6.646639453016249 11.552119 125.045105 -999.0 -999.0 -999.0 -999.0 -999.0 174.68967398117124 2.5536941023238504 174.69164569787483 2.4126174814028696 58.52478211611303 162.83421346642757 -999.0 16600.0 -999.0 2 68 {-999.0 -999.0 -999.0 -999.0 -999.0} "" -999.0 -999.0 -999.0 -999.0 -999 -999 "" ops_sky_apogee_best_unassigned ops_sky sky_apogee 0 0 0.0 0.0 -999 ""
FIBERMAP 1013 R+10C15 BOSS 1 1 0 1 0 0 146.03561725981368 197.59724766979323 143.1 245.56061368674048 -7.382832266923655 11.552119 125.045105 174.68901383959616 2.550236555429611 -0.090491995 -0.7371024 0.07728552 174.68935349566866 2.5502384084704754 174.69129319762067 2.4092836581114456 58.52164024233899 162.83645266854484 5400.0 5400.0 2016.0 1 228 {-999.0 15.940708 15.685225 15.582011 -999.0} sdss_psfmag 15.921602 15.633655 15.240454 14.536 63050395169991642 1132977796 dark_flexible_3x1 mwm_halo_distant_rrl_boss_triple mwm_halo science 0 0 1.2242547273635864 0.0 -999 ""
FIBERMAP 1013 R+10C15 METROLOGY 0 0 0 1 0 0 145.337146308349 197.34629673431368 143.1 244.95641924781089 -6.951977195216683 11.552119 125.045105 -999.0 -999.0 -999.0 -999.0 -999.0 174.68663786567632 2.552224603286341 174.68858758456258 2.411235830263036 58.524202566041374 162.84053907074733 -999.0 6231.0 -999.0 -1 -999 {-999.0 -999.0 -999.0 -999.0 -999.0} "" -999.0 -999.0 -999.0 -999.0 -999 -999 "" "" "" "" 0 0 0.0 0.0 -999 ""
FIBERMAP 1016 R+1C16 APOGEE 0 0 0 1 0 0 70.04949288537506 26.423580372955534 143.1 61.62624915025513 -42.49477200780778 47.850563 93.97538 -999.0 -999.0 -999.0 -999.0 -999.0 173.8570802830489 2.39048383679589 173.85918962548305 2.249665095404302 58.56357697108596 164.45675972292457 -999.0 16600.0 -999.0 2 51 {-999.0 -999.0 -999.0 -999.0 -999.0} "" -999.0 -999.0 -999.0 -999.0 -999 -999 "" ops_sky_apogee_best_unassigned ops_sky sky_apogee 0 0 0.0 0.0 -999 ""
FIBERMAP 1016 R+1C16 BOSS 1 1 0 1 0 0 70.64249404454682 25.978327120962277 143.1 61.598348577414086 -43.23569819777577 47.850563 93.97538 173.85700868297357 2.3869512236513533 -4.914761 -2.0224593 0.10527614 173.8570126956633 2.386966427772584 173.85909273240225 2.2462700204757704 58.56029116554748 164.45840833532452 5400.0 5400.0 2016.0 1 190 {-999.0 17.629356 17.246363 17.095825 17.037704} sdss_psfmag_from_gaia 17.5551 17.2588 16.7541 15.659 63050395169999263 970816848 "" ops_std_boss_gdr2 ops_std standard_boss 0 0 0.0 0.0 -999 ""
FIBERMAP 1016 R+1C16 METROLOGY 0 0 0 1 0 0 69.95649207267796 25.67521899164023 143.1 60.95840762646111 -42.844808694968634 47.850563 93.97538 -999.0 -999.0 -999.0 -999.0 -999.0 173.85408447192137 2.3887830964140204 173.85617373995774 2.248052720883096 58.562685536322014 164.46308593870583 -999.0 6231.0 -999.0 -1 -999 {-999.0 -999.0 -999.0 -999.0 -999.0} "" -999.0 -999.0 -999.0 -999.0 -999 -999 "" "" "" "" 0 0 0.0 0.0 -999 ""
FIBERMAP 1017 R+5C18 APOGEE 0 0 0 1 0 0 150.55186129538524 83.79680235151034 143.1 154.63685986592205 -75.941219237419 297.35458 110.23375 -999.0 -999.0 -999.0 -999.0 -999.0 174.27933464058123 2.2389388093447464 174.28130381229494 2.0980295465779877 58.31877068479426 163.73932422452557 -999.0 16600.0 -999.0 2 70 {-999.0 -999.0 -999.0 -999.0 -999.0} "" -999.0 -999.0 -999.0 -999.0 -999 -999 "" ops_sky_apogee_best_unassigned ops_sky sky_apogee 0 0 0.0 0.0 -999 ""
FIBERMAP 1017 R+5C18 BOSS 1 1 0 1 0 0 149.96756832222727 83.37281143681629 143.1 153.95556056658342 -75.70277648730266 297.35458 110.23375 174.27640313697498 2.2398718830588193 -16.525047 -5.1236544 0.2954575 174.27633480098933 2.2398669801268642 174.27827519676532 2.0990808556010467 58.32050539452885 163.74445340279036 5400.0 5400.0 2016.0 1 209 {-999.0 17.407196 17.12267 16.988329 -999.0} sdss_psfmag 17.349075 17.084133 16.671576 16.219 63050395169983957 976146329 "" ops_std_boss ops_std standard_boss 0 0 0.0 0.0 -999 ""
FIBERMAP 1017 R+5C18 METROLOGY 0 0 0 1 0 0 149.87396761052912 84.1078288730318 143.1 154.50610608901425 -75.20703378787607 297.35458 110.23375 -999.0 -999.0 -999.0 -999.0 -999.0 174.27881359642353 2.242161696614127 174.28076257592795 2.1013397397667486 58.32211512214019 163.73884002524954 -999.0 6231.0 -999.0 -1 -999 {-999.0 -999.0 -999.0 -999.0 -999.0} "" -999.0 -999.0 -999.0 -999.0 -999 -999 "" "" "" "" 0 0 0.0 0.0 -999 ""
FIBERMAP 1018 R-1C8 APOGEE 0 0 0 1 0 0 -139.05716288656956 -17.849643182511024 143.1 -93.90522428104799 104.0765295484614 192.67584 97.117966 -999.0 -999.0 -999.0 -999.0 -999.0 173.14834913710033 3.057061687965153 173.1508517910147 2.9163381255365035 59.368534633821504 165.51431958946986 -999.0 16600.0 -999.0 2 -999 {-999.0 -999.0 -999.0 -999.0 -999.0} "" -999.0 -999.0 -999.0 -999.0 -999 -999 "" "" "" "" 0 0 0.0 0.0 -999 ""
FIBERMAP 1018 R-1C8 BOSS 1 1 0 1 0 0 -139.31411999492906 -17.154893360944378 143.1 -93.48084900084793 104.68353815423961 192.67584 97.117966 173.15027214291203 3.0597566555472575 -0.45066994 0.032333527 -0.23408267 173.15026931652673 3.0597455178561987 173.15274693661456 2.919139057828246 59.37087403867788 165.50953011406676 5400.0 5400.0 2016.0 1 482 {-999.0 18.817785 18.71269 18.473812 18.424128} sdss_psfmag 18.818956 18.725346 18.21282 -999.0 63050395170004960 1059933930 dark_2x4 bhm_aqmes_wide2 bhm_aqmes science 0 0 0.0 0.0 -999 ""
FIBERMAP 1018 R-1C8 METROLOGY 0 0 0 1 0 0 -138.57845686990706 -17.277364814823667 143.1 -93.16226104824892 104.00933587912026 192.67584 97.117966 -999.0 -999.0 -999.0 -999.0 -999.0 173.15171409519505 3.0567148392575705 173.15419750449973 2.9160749725008213 59.3675735103876 165.50801765758754 -999.0 6231.0 -999.0 -1 -999 {-999.0 -999.0 -999.0 -999.0 -999.0} "" -999.0 -999.0 -999.0 -999.0 -999 -999 "" "" "" "" 0 0 0.0 0.0 -999 ""
FIBERMAP 1019 R+3C24 APOGEE 1 1 0 1 0 0 279.0417663140894 61.69048442034383 143.1 209.69304294942884 -194.10424674106068 83.66932 20.152443 174.52416211767672 1.707027202555182 12.351568 -28.170908 3.2320983 174.52417910121721 1.7069381096293852 174.52593746072216 1.5660655623362048 57.744006919836266 163.52885735216896 16000.0 16600.0 2016.0 2 84 {-999.0 11.631674 11.29437 11.193362 -999.0} sdss_psfmag_gaia 11.593666 11.310576 10.872662 10.132 63050395169982289 975467904 "" ops_std_apogee ops_std standard_apogee 0 0 0.0 0.0 -999 ""
FIBERMAP 1019 R+3C24 BOSS 0 0 0 1 0 0 279.21599893327874 60.97225649813088 143.1 209.20223869395176 -194.65666847923194 83.66932 20.152443 -999.0 -999.0 -999.0 -999.0 -999.0 174.5219804911177 1.7043277510356973 174.523707753792 1.5635814683071019 57.74212601149011 163.53402292536077 -999.0 5400.0 -999.0 1 246 {-999.0 -999.0 -999.0 -999.0 -999.0} "" -999.0 -999.0 -999.0 -999.0 -999 -999 "" "" "" "" 0 0 0.0 0.0 -999 ""
FIBERMAP 1019 R+3C24 METROLOGY 0 0 0 1 0 0 278.5027001726138 61.17568653995053 143.1 208.96290956883408 -193.95470720874377 83.66932 20.152443 -999.0 -999.0 -999.0 -999.0 -999.0 174.52093105980268 1.707497655708081 174.5226681839215 1.5667155448398806 57.74541747243379 163.5345137455429 -999.0 6231.0 -999.0 -1 -999 {-999.0 -999.0 -999.0 -999.0 -999.0} "" -999.0 -999.0 -999.0 -999.0 -999 -999 "" "" "" "" 0 0 0.0 0.0 -999 ""
FIBERMAP 1025 R-7C7 APOGEE 0 0 0 1 0 0 -72.80660349813988 -155.1056217254158 143.1 -168.92120860280656 -28.568008961905594 337.7127 54.888287 -999.0 -999.0 -999.0 -999.0 -999.0 172.80804145451782 2.453678883067039 172.81040516683743 2.313180535167029 58.84753634674745 166.40269754316137 -999.0 16600.0 -999.0 2 294 {-999.0 -999.0 -999.0 -999.0 -999.0} "" -999.0 -999.0 -999.0 -999.0 -999 -999 "" ops_sky_apogee_best_unassigned ops_sky sky_apogee 0 0 0.0 0.0 -999 ""
FIBERMAP 1025 R-7C7 BOSS 1 1 0 1 0 0 -73.42084739998789 -155.51501673388393 143.1 -169.60758325002342 -28.296641523724592 337.7127 54.888287 172.80490740876246 2.4547730012587183 0.28312588 0.31408426 -0.40122193 172.80490468174958 2.454781446921977 172.80724506180763 2.314404982871159 58.84936119096915 166.40821254275556 5400.0 5400.0 2016.0 1 410 {-999.0 20.595821 20.421282 20.27123 20.01008} sdss_psfmag 20.654884 20.455454 19.802773 -999.0 63050395170002057 1129029442 dark_1x4 bhm_aqmes_wide1_faint bhm_filler science 0 0 0.0 0.0 -999 ""
FIBERMAP 1025 R-7C7 METROLOGY 0 0 0 1 0 0 -73.4737609000293 -154.76774135243352 143.1 -169.0237815810143 -27.827341971586826 337.7127 54.888287 -999.0 -999.0 -999.0 -999.0 -999.0 172.80754392468353 2.456949361713704 172.8098914399327 2.3165372897131578 58.85092830361974 166.4023863462776 -999.0 6231.0 -999.0 -1 -999 {-999.0 -999.0 -999.0 -999.0 -999.0} "" -999.0 -999.0 -999.0 -999.0 -999 -999 "" "" "" "" 0 0 0.0 0.0 -999 ""
FIBERMAP 1028 R+9C8 APOGEE 0 0 0 1 0 0 -31.27742787205593 158.3592802041251 143.1 112.28328197806042 115.93644669106808 302.82483 92.488335 -999.0 -999.0 -999.0 -999.0 -999.0 174.087020197264 3.1109246965072437 174.0893059246315 2.969905674096881 59.21128677892095 163.7020549623136 -999.0 16600.0 -999.0 2 2 {-999.0 -999.0 -999.0 -999.0 -999.0} "" -999.0 -999.0 -999.0 -999.0 -999 -999 "" ops_sky_apogee_best_unassigned ops_sky sky_apogee 0 0 0.0 0.0 -999 ""
FIBERMAP 1028 R+9C8 BOSS 1 1 0 1 0 0 -31.89199145132914 157.9490869759685 143.1 111.59606935715902 116.2076219165643 302.82483 92.488335 174.08400908674463 3.1120644481471276 -4.3970456 0.072339065 0.36764956 174.08396565490824 3.1120853095915666 174.08622373421076 2.971185186499788 59.21325728521423 163.70730760817233 5400.0 5400.0 2016.0 1 124 {-999.0 16.856361 16.49911 16.340176 -999.0} sdss_psfmag 16.787169 16.485365 16.020338 15.489 63050395170008612 980660908 "" ops_std_boss_tic ops_std standard_boss 0 0 0.0 0.0 -999 ""
FIBERMAP 1028 R+9C8 METROLOGY 0 0 0 1 0 0 -31.942743607329508 158.69038419738055 143.1 112.17619104818773 116.6717391441291 302.82483 92.488335 -999.0 -999.0 -999.0 -999.0 -999.0 174.08657859207665 3.114207588155679 174.08884483264978 2.9732728181518864 59.21466737510404 163.70137462725944 -999.0 6231.0 -999.0 -1 -999 {-999.0 -999.0 -999.0 -999.0 -999.0} "" -999.0 -999.0 -999.0 -999.0 -999 -999 "" "" "" "" 0 0 0.0 0.0 -999 ""
FIBERMAP 1032 R+2C8 APOGEE 0 0 0 1 0 0 -102.97658795205697 36.17674104024008 143.1 -28.957594110232392 105.21941695416183 309.93393 147.25081 -999.0 -999.0 -999.0 -999.0 -999.0 173.4440214664448 3.0627697979627055 173.44645259008882 2.921950814745186 59.310648757967215 164.94653318133334 -999.0 16600.0 -999.0 2 -999 {-999.0 -999.0 -999.0 -999.0 -999.0} "" -999.0 -999.0 -999.0 -999.0 -999 -999 "" "" "" "" 0 0 0.0 0.0 -999 ""
FIBERMAP 1032 R+2C8 BOSS 1 1 0 1 0 0 -102.87876682444411 35.43099471611841 143.1 -29.514549421513397 104.71409306959342 309.93393 147.25081 173.44150238248832 3.060409504690439 -0.34226933 -0.061899643 1.4803255e-05 173.44149598932708 3.0604031705991845 173.4439003945207 2.9197037124817116 59.30901330009361 164.9523688774273 5400.0 5400.0 2016.0 1 44 {-999.0 19.27704 19.080357 19.158726 19.142973} sdss_psfmag 19.087662 19.088455 18.586647 -999.0 63050395170004806 1060011002 dark_2x4 bhm_aqmes_wide2_faint bhm_filler science 0 0 0.0 0.0 -999 ""
FIBERMAP 1032 R+2C8 METROLOGY 0 0 0 1 0 0 -103.56552152712658 35.718680755269276 143.1 -29.66952885047557 105.44225833300716 309.93393 147.25081 -999.0 -999.0 -999.0 -999.0 -999.0 173.44078527740845 3.0637341015155224 173.44319852492447 2.923000716144219 59.31238379370237 164.95229695804244 -999.0 6231.0 -999.0 -1 -999 {-999.0 -999.0 -999.0 -999.0 -999.0} "" -999.0 -999.0 -999.0 -999.0 -999 -999 "" "" "" "" 0 0 0.0 0.0 -999 ""
FIBERMAP 1034 R+13C2 APOGEE 0 0 0 1 0 0 -117.156208270957 269.1905625637401 143.1 154.40408762594404 249.64951918414332 108.23042 72.8736 -999.0 -999.0 -999.0 -999.0 -999.0 174.2743952943611 3.711284771923805 174.27681834345822 3.5701038533439986 59.74871930864997 163.0595678851788 -999.0 16600.0 -999.0 2 113 {-999.0 -999.0 -999.0 -999.0 -999.0} "" -999.0 -999.0 -999.0 -999.0 -999 -999 "" ops_sky_apogee_best_unassigned ops_sky sky_apogee 0 0 0.0 0.0 -999 ""
FIBERMAP 1034 R+13C2 BOSS 1 1 0 1 0 0 -116.40841280034839 269.19537212479963 143.1 154.83416183981467 249.03787873371942 108.23042 72.8736 174.27653354281534 3.7084636413104484 -53.232746 -14.584149 1.3642718 174.27637184877884 3.7084104101532724 174.27876415470064 3.5673449634184 59.74556807149859 163.0571755965014 5400.0 5400.0 2016.0 1 95 {-999.0 18.599127 17.314018 16.711079 -999.0} sdss_psfmag 18.064873 17.281332 16.330177 14.546 63050395170015077 1136203730 dark_flexible_3x1 mwm_halo_local_high_boss_triple mwm_halo science 0 0 0.0 0.0 -999 ""
FIBERMAP 1034 R+13C2 METROLOGY 0 0 0 1 0 0 -116.76536443258561 268.54983120882116 143.1 154.10038719386085 248.96329241557734 108.23042 72.8736 -999.0 -999.0 -999.0 -999.0 -999.0 174.27306507329942 3.7081424468242576 174.27546653167042 3.5670452263212233 59.7460854297136 163.06365409863818 -999.0 6231.0 -999.0 -1 -999 {-999.0 -999.0 -999.0 -999.0 -999.0} "" -999.0 -999.0 -999.0 -999.0 -999 -999 "" "" "" "" 0 0 0.0 0.0 -999 ""
FIBERMAP 1036 R0C17 APOGEE 0 0 0 1 0 0 61.8955846975423 8.817457221970127 143.1 42.514826455230896 -45.82825293987894 95.278534 139.81685 -999.0 -999.0 -999.0 -999.0 -999.0 173.77001250870165 2.3752610903705365 173.77213609778687 2.2344708307388887 58.56828132238218 164.62584056689076 -999.0 16600.0 -999.0 2 47 {-999.0 -999.0 -999.0 -999.0 -999.0} "" -999.0 -999.0 -999.0 -999.0 -999 -999 "" ops_sky_apogee_best_unassigned ops_sky sky_apogee 0 0 0.0 0.0 -999 ""
FIBERMAP 1036 R0C17 BOSS 1 1 0 1 0 0 62.31450089779757 9.443369034313612 143.1 43.26778383302589 -45.815761499217146 95.278534 139.81685 173.77349853515625 2.375181836106279 -999.0 -999.0 -999.0 173.77349487159168 2.3751731750880953 173.77558978087495 2.234503583708442 58.56754314252372 164.6193757078948 5400.0 5400.0 2015.5 1 181 {-999.0 -999.0 -999.0 -999.0 -999.0} "" -999.0 -999.0 -999.0 -999.0 27021603142693053 812160632 "" ops_sky_boss_good ops_sky sky_boss 0 0 0.0 0.0 -999 ""
FIBERMAP 1036 R0C17 METROLOGY 0 0 0 1 0 0 62.64571609101857 8.753160185943186 143.1 42.889454493511124 -46.48119216754468 95.278534 139.81685 -999.0 -999.0 -999.0 -999.0 -999.0 173.77175798547938 2.372181588872192 173.77386019926803 2.2314786012616046 58.5649801359294 164.62390053343083 -999.0 6231.0 -999.0 -1 -999 {-999.0 -999.0 -999.0 -999.0 -999.0} "" -999.0 -999.0 -999.0 -999.0 -999 -999 "" "" "" "" 0 0 0.0 0.0 -999 ""
FIBERMAP 1037 R+4C11 APOGEE 0 0 0 1 0 0 -41.860853090307145 81.24201671477441 143.1 42.89368136891808 80.68728696957223 216.16782 59.590446 -999.0 -999.0 -999.0 -999.0 -999.0 173.7715566449671 2.951331868856255 173.77386940574604 2.8104336714663436 59.12909395382452 164.3721184982672 -999.0 16600.0 -999.0 2 -999 {-999.0 -999.0 -999.0 -999.0 -999.0} "" -999.0 -999.0 -999.0 -999.0 -999 -999 "" "" "" "" 0 0 0.0 0.0 -999 ""
FIBERMAP 1037 R+4C11 BOSS 1 1 0 1 0 0 -41.95899679235442 81.97781856747554 143.1 43.44228258864303 81.1872091342834 216.16782 59.590446 173.77413296033745 2.95343414761568 -13.614474 31.420122 3.7997508 173.77410423730012 2.9535255869122676 173.7763893616509 2.8127451370914955 59.130774232073236 164.36631907930922 5400.0 5400.0 2016.0 1 113 {-999.0 19.658201 19.65635 19.793804 -999.0} sdss_psfmag 19.80421 19.617716 19.40962 -999.0 63050395170008462 1143293704 dark_2x1 mwm_wd_pwd_boss_2x1 mwm_wd science 0 0 0.0 0.0 -999 ""
FIBERMAP 1037 R+4C11 METROLOGY 0 0 0 1 0 0 -41.26740262086133 81.69420972757575 143.1 43.603369519038246 80.4573911582362 216.16782 59.590446 -999.0 -999.0 -999.0 -999.0 -999.0 173.7748291256772 2.950232425980145 173.77712084634845 2.809418683641354 59.12736876385535 164.36640316953535 -999.0 6231.0 -999.0 -1 -999 {-999.0 -999.0 -999.0 -999.0 -999.0} "" -999.0 -999.0 -999.0 -999.0 -999 -999 "" "" "" "" 0 0 0.0 0.0 -999 ""
FIBERMAP 1039 R-1C4 APOGEE 0 0 0 1 0 0 -216.12831704811327 -8.563653354444025 143.1 -130.1940687978482 172.68891843214178 93.406075 130.15474 -999.0 -999.0 -999.0 -999.0 -999.0 172.9844383984324 3.3668282435449495 172.98709408174727 3.2261022307950635 59.70566392091733 165.70183275019983 -999.0 16600.0 -999.0 2 -999 {-999.0 -999.0 -999.0 -999.0 -999.0} "" -999.0 -999.0 -999.0 -999.0 -999 -999 "" "" "" "" 0 0 0.0 0.0 -999 ""
FIBERMAP 1039 R-1C4 BOSS 1 1 0 1 0 0 -215.59060623953505 -8.041965952081013 143.1 -129.45904737734935 172.54441834308255 93.406075 130.15474 172.9877834644733 3.366115636025164 -0.51681775 -0.51011133 1.7876838 172.98776191034142 3.366113440737825 172.99039159459596 3.2255031719589624 59.70439302859197 165.69569614817325 5400.0 5400.0 2016.0 1 432 {-999.0 20.502815 20.131847 19.931644 -999.0} sdss_psfmag 20.007715 19.846188 19.526373 -999.0 63050395170006429 1144018407 dark_2x1 mwm_wd_gaia_boss_2x1 mwm_wd science 0 0 0.0 0.0 -999 ""
FIBERMAP 1039 R-1C4 METROLOGY 0 0 0 1 0 0 -215.412874844359 -8.775323932463392 143.1 -129.96028859652054 171.98050035504463 93.406075 130.15474 -999.0 -999.0 -999.0 -999.0 -999.0 172.98548123602836 3.363585183719922 172.9881176524259 3.2229430653855693 59.702361282781176 165.70115386442856 -999.0 6231.0 -999.0 -1 -999 {-999.0 -999.0 -999.0 -999.0 -999.0} "" -999.0 -999.0 -999.0 -999.0 -999 -999 "" "" "" "" 0 0 0.0 0.0 -999 ""
FIBERMAP 1040 R+5C11 APOGEE 0 0 0 1 0 0 -8.83580139788539 88.87312893362012 143.1 67.9822746357084 57.90274400986104 233.75867 158.13426 -999.0 -999.0 -999.0 -999.0 -999.0 173.88593928302177 2.8476214708559375 173.88819039148382 2.7067088437047255 59.00206684628571 164.20183988699833 -999.0 16600.0 -999.0 2 20 {-999.0 -999.0 -999.0 -999.0 -999.0} "" -999.0 -999.0 -999.0 -999.0 -999 -999 "" ops_sky_apogee_best_unassigned ops_sky sky_apogee 0 0 0.0 0.0 -999 ""
FIBERMAP 1040 R+5C11 BOSS 1 1 0 1 0 0 -9.478603913527927 88.48582342492828 143.1 67.29777469534542 58.21016236329675 233.75867 158.13426 173.88287008485477 2.8489275569262174 -999.0 -999.0 -999.0 173.88288295578198 2.8489322854932557 173.8851070803729 2.7081397478942573 59.0041654240861 164.20702449487763 5400.0 5400.0 2016.0 1 137 {-999.0 22.83829 22.303505 21.881462 21.543566} sdss_psfmag_from_lsdr10 1e+20 1e+20 1e+20 -999.0 63050396871807312 1059006741 dark_flexible_2x2 bhm_spiders_agn_lsdr10 bhm_spiders science 0 0 0.0 0.0 -999 ""
FIBERMAP 1040 R+5C11 METROLOGY 0 0 0 1 0 0 -9.498012674042469 89.22957712898331 143.1 67.89777528418564 58.649927975774595 233.75867 158.13426 -999.0 -999.0 -999.0 -999.0 -999.0 173.88559978446816 2.8509598484826464 173.88783188135812 2.7101322875840785 59.005481238418234 164.20099316379662 -999.0 6231.0 -999.0 -1 -999 {-999.0 -999.0 -999.0 -999.0 -999.0} "" -999.0 -999.0 -999.0 -999.0 -999 -999 "" "" "" "" 0 0 0.0 0.0 -999 ""
FIBERMAP 1044 R+13C10 APOGEE 0 0 0 1 0 0 41.74869020072755 240.9272935363856 143.1 221.73341998123183 102.98937516116216 252.33383 76.37981 -999.0 -999.0 -999.0 -999.0 -999.0 174.58160093985168 3.0502781394611116 174.58374367845693 2.9091364259077155 59.032506891976865 162.79739044547216 -999.0 16600.0 -999.0 2 50 {-999.0 -999.0 -999.0 -999.0 -999.0} "" -999.0 -999.0 -999.0 -999.0 -999 -999 "" ops_sky_apogee_best_unassigned ops_sky sky_apogee 0 0 0.0 0.0 -999 ""
FIBERMAP 1044 R+13C10 BOSS 1 1 0 1 0 0 41.09816297948398 241.29550846031074 143.1 221.66524607931214 103.73366476303406 252.33383 76.37981 174.58134977132096 3.053510301061559 -999.0 -999.0 -999.0 174.58133398919207 3.0535349587607024 174.583447195007 2.9125114023936143 59.03584928565706 162.79631437600105 5400.0 5400.0 2016.0 1 164 {-999.0 nan nan nan nan} undefined 19.676416 20.850264 19.872923 -999.0 63050395170007847 1056632553 dark_flexible_2x2 bhm_gua_dark bhm_filler science 0 0 0.0 0.0 -999 ""
FIBERMAP 1044 R+13C10 METROLOGY 0 0 0 1 0 0 41.743124552068146 241.67852707416094 143.1 222.3474542646357 103.42202971228285 252.33383 76.37981 -999.0 -999.0 -999.0 -999.0 -999.0 174.58438634025404 3.0521406290752795 174.58650702133252 2.9110829097790667 59.0337046999724 162.7912537344711 -999.0 6231.0 -999.0 -1 -999 {-999.0 -999.0 -999.0 -999.0 -999.0} "" -999.0 -999.0 -999.0 -999.0 -999 -999 "" "" "" "" 0 0 0.0 0.0 -999 ""
FIBERMAP 1046 R+5C21 APOGEE 0 0 0 1 0 0 198.75443076855467 99.75164892602314 143.1 195.21288385334492 -106.45227067845937 176.27466 108.74093 -999.0 -999.0 -999.0 -999.0 -999.0 174.4619702867172 2.1012502021694948 174.46385879857917 1.9603182133723298 58.14166440838106 163.46485954931248 -999.0 16600.0 -999.0 2 -999 {-999.0 -999.0 -999.0 -999.0 -999.0} "" -999.0 -999.0 -999.0 -999.0 -999 -999 "" "" "" "" 0 0 0.0 0.0 -999 ""
FIBERMAP 1046 R+5C21 BOSS 1 1 0 1 0 0 198.54203653990191 100.45568536364277 143.1 195.67028257167743 -105.87658260734628 176.27466 108.74093 174.4641423765169 2.103739556920122 -999.0 -999.0 -999.0 174.46410648814657 2.1037202394463366 174.46596487297722 1.9629104369182486 58.143677097177765 163.45981147039592 5400.0 5400.0 2016.0 1 237 {-999.0 22.797731 21.60645 20.951931 20.474995} sdss_fiber2mag_from_lsdr10 1e+20 1e+20 1e+20 -999.0 63050398302226992 1059000974 dark_flexible_2x2 bhm_spiders_agn_lsdr10 bhm_spiders science 0 0 0.0 0.0 -999 ""
FIBERMAP 1046 R+5C21 METROLOGY 0 0 0 1 0 0 199.27008896972276 100.29086928921416 143.1 195.9497437484186 -106.56866161248259 176.27466 108.74093 -999.0 -999.0 -999.0 -999.0 -999.0 174.46533302294478 2.100634064373286 174.46719884219885 1.9597896192482833 58.14035172791007 163.45895928199994 -999.0 6231.0 -999.0 -1 -999 {-999.0 -999.0 -999.0 -999.0 -999.0} "" -999.0 -999.0 -999.0 -999.0 -999 -999 "" "" "" "" 0 0 0.0 0.0 -999 ""
FIBERMAP 1051 R-5C20 APOGEE 0 0 0 1 0 0 181.53042334677895 -114.51256156076536 143.1 9.36069170386796 -214.3972207812944 289.55774 61.825504 -999.0 -999.0 -999.0 -999.0 -999.0 173.61895134850522 1.6114932672586015 173.6208520210364 1.4708937072654071 57.85628977460116 165.22311961603563 -999.0 16600.0 -999.0 2 233 {-999.0 -999.0 -999.0 -999.0 -999.0} "" -999.0 -999.0 -999.0 -999.0 -999 -999 "" ops_sky_apogee_best_unassigned ops_sky sky_apogee 0 0 0.0 0.0 -999 ""
FIBERMAP 1051 R-5C20 BOSS 1 1 0 1 0 0 180.78892483586213 -114.44117389368746 143.1 8.996808605419575 -213.7473337264967 289.55774 61.825504 173.6173302086706 1.6142524076405158 -3.901147 -5.7886424 0.21186972 173.61733015553946 1.614241957759785 173.61920451813137 1.4737676932536143 57.85945016799016 165.22498431564063 5400.0 5400.0 2016.0 1 278 {-999.0 17.797916 17.429293 17.286137 17.233913} sdss_psfmag_from_gaia 17.7371 17.4409 16.9546 16.013 63050395169981102 970816687 "" ops_std_boss_gdr2 ops_std standard_boss 0 0 0.0 0.0 -999 ""
FIBERMAP 1051 R-5C20 METROLOGY 0 0 0 1 0 0 181.2172843760604 -113.83113331178944 143.1 9.742107521976147 -213.75164487733235 289.55774 61.825504 -999.0 -999.0 -999.0 -999.0 -999.0 173.62070359553425 1.6142694843839296 173.62258512892265 1.4737586765885746 57.85871625711759 165.2187835053082 -999.0 6231.0 -999.0 -1 -999 {-999.0 -999.0 -999.0 -999.0 -999.0} "" -999.0 -999.0 -999.0 -999.0 -999 -999 "" "" "" "" 0 0 0.0 0.0 -999 ""
FIBERMAP 1054 R-2C7 APOGEE 0 0 0 1 0 0 -120.33190876561694 -44.518019196473674 143.1 -105.14531705985404 73.49538176067657 355.58295 99.886086 -999.0 -999.0 -999.0 -999.0 -999.0 173.097120523581 2.9180513104782007 173.0995861487994 2.7773700737125844 59.243376702680756 165.66943466191577 -999.0 16600.0 -999.0 2 255 {-999.0 -999.0 -999.0 -999.0 -999.0} "" -999.0 -999.0 -999.0 -999.0 -999 -999 "" ops_sky_apogee_best_unassigned ops_sky sky_apogee 0 0 0.0 0.0 -999 ""
FIBERMAP 1054 R-2C7 BOSS 1 1 0 1 0 0 -120.27507874647178 -45.25916096624816 143.1 -105.72184763235013 73.02635960514861 355.58295 99.886086 173.09452003352663 2.9158378198299704 -12.507753 -0.8994561 0.32689 173.0944782618805 2.91582668763199 173.09691838190224 2.7752656189687492 59.24187355795506 165.67538807329248 5400.0 5400.0 2016.0 1 471 {-999.0 16.899426 16.520876 16.398891 -999.0} sdss_psfmag 16.82142 16.525757 16.086094 15.343 63050395170004841 977049169 "" ops_std_boss ops_std standard_boss 0 0 0.0 0.0 -999 ""
FIBERMAP 1054 R-2C7 METROLOGY 0 0 0 1 0 0 -120.94717350517179 -44.93695037533344 143.1 -105.84010824003907 73.76215383066462 355.58295 99.886086 -999.0 -999.0 -999.0 -999.0 -999.0 173.09394465321068 2.9191972981906287 173.09639329448078 2.7786020796287727 59.24524608167154 165.6750321848108 -999.0 6231.0 -999.0 -1 -999 {-999.0 -999.0 -999.0 -999.0 -999.0} "" -999.0 -999.0 -999.0 -999.0 -999 -999 "" "" "" "" 0 0 0.0 0.0 -999 ""
FIBERMAP 1056 R-6C9 APOGEE 0 0 0 1 0 0 -37.14004859375452 -123.17656515478045 143.1 -122.36444182322701 -39.67687728433256 298.48752 138.18372 -999.0 -999.0 -999.0 -999.0 -999.0 173.01909905175802 2.4031541963973986 173.02139765770903 2.262594320889525 58.75569649115208 166.02355640742178 -999.0 16600.0 -999.0 2 -999 {-999.0 -999.0 -999.0 -999.0 -999.0} "" -999.0 -999.0 -999.0 -999.0 -999 -999 "" "" "" "" 0 0 0.0 0.0 -999 ""
FIBERMAP 1056 R-6C9 BOSS 1 1 0 1 0 0 -37.30346399963938 -123.90130693862616 143.1 -123.0530026804217 -39.95560270216578 298.48752 138.18372 173.0159757361805 2.4017425283616225 -0.24621688 -0.10478143 0.012461517 173.01594760370304 2.401748690960764 173.01822120151223 2.261311455236076 58.75508535735738 166.03005050967505 5400.0 5400.0 2016.0 1 399 {-999.0 19.154314 18.94619 18.775011 18.781496} sdss_psfmag 19.29823 19.113514 18.581678 -999.0 63050395170000075 1059933914 dark_2x4 bhm_aqmes_wide2 bhm_aqmes science 0 0 0.0 0.0 -999 ""
FIBERMAP 1056 R-6C9 METROLOGY 0 0 0 1 0 0 -37.85366975068583 -123.39429623867022 143.1 -122.94997634319533 -39.214645004611356 298.48752 138.18372 -999.0 -999.0 -999.0 -999.0 -999.0 173.0164124237796 2.4051561532827064 173.01869428898146 2.2646837296084117 58.758291250981266 166.02783713804058 -999.0 6231.0 -999.0 -1 -999 {-999.0 -999.0 -999.0 -999.0 -999.0} "" -999.0 -999.0 -999.0 -999.0 -999 -999 "" "" "" "" 0 0 0.0 0.0 -999 ""
FIBERMAP 1058 R-4C23 APOGEE 0 0 0 1 0 0 244.6638821620725 -88.11551256486473 143.1 67.02411974073132 -251.2249684096881 239.58899 137.42351 -999.0 -999.0 -999.0 -999.0 -999.0 173.8798923198692 1.4471539471464132 173.88169066140995 1.3065089011011584 57.6391364048185 164.8131512884863 -999.0 16600.0 -999.0 2 221 {-999.0 -999.0 -999.0 -999.0 -999.0} "" -999.0 -999.0 -999.0 -999.0 -999 -999 "" ops_sky_apogee_best_unassigned ops_sky sky_apogee 0 0 0.0 0.0 -999 ""
FIBERMAP 1058 R-4C23 BOSS 1 1 0 1 0 0 243.96544573442895 -88.34358230913791 143.1 66.43874392789597 -250.78110311632813 239.58899 137.42351 173.8771734663814 1.4491063734708134 38.285915 -43.759842 6.316814 173.87728464394215 1.4489849022465957 173.8790555382311 1.3084664850223253 57.641626289833646 164.81714661712752 5400.0 5400.0 2016.0 1 252 {-999.0 20.36439 19.965664 19.750185 -999.0} sdss_psfmag 20.28487 19.896507 19.48196 -999.0 63050395169980660 1143293562 dark_2x1 mwm_wd_pwd_boss_2x1 mwm_wd science 0 0 0.0 0.0 -999 ""
FIBERMAP 1058 R-4C23 METROLOGY 0 0 0 1 0 0 244.10873293200734 -87.60977275825091 143.1 67.12328493977643 -250.48067340433153 239.58899 137.42351 -999.0 -999.0 -999.0 -999.0 -999.0 173.88037563556358 1.4503772669396617 173.88215449416862 1.3098219071946406 57.64226579287084 164.81094221186987 -999.0 6231.0 -999.0 -1 -999 {-999.0 -999.0 -999.0 -999.0 -999.0} "" -999.0 -999.0 -999.0 -999.0 -999 -999 "" "" "" "" 0 0 0.0 0.0 -999 ""
FIBERMAP 1063 R0C13 APOGEE 1 1 0 1 0 0 -14.667283124437226 -14.389151759212195 143.1 -20.179964329481837 3.850995906533444 322.0228 92.40212 173.4842349018755 2.601483503279025 -45.333622 -6.440313 5.3359838 173.48411955025716 2.6014565290447247 173.48638325017293 2.460710513617106 58.85179293498004 165.066268988385 16000.0 16600.0 2016.0 2 292 {-999.0 11.383937 10.961861 10.82663 -999.0} sdss_psfmag_gaia 11.313213 10.988772 10.50085 9.694 63050395170000695 975467939 "" ops_std_apogee ops_std standard_apogee 0 0 0.0 0.0 -999 ""
FIBERMAP 1063 R0C13 BOSS 0 0 0 1 0 0 -15.078758858197606 -15.004711738127147 143.1 -20.920176881573518 3.838290328880838 322.0228 92.40212 -999.0 -999.0 -999.0 -999.0 -999.0 173.4807589698427 2.6012790001356665 173.4829965926109 2.4606545657533894 58.852472041682155 165.0726781994375 -999.0 5400.0 -999.0 1 430 {-999.0 -999.0 -999.0 -999.0 -999.0} "" -999.0 -999.0 -999.0 -999.0 -999 -999 "" "" "" "" 0 0 0.0 0.0 -999 ""
FIBERMAP 1063 R0C13 METROLOGY 0 0 0 1 0 0 -15.418097623148533 -14.34402886528832 143.1 -20.570734906888376 4.493570200102845 322.0228 92.40212 -999.0 -999.0 -999.0 -999.0 -999.0 173.48234605725838 2.604299097341643 173.4845919345014 2.463639447174883 58.855040298537034 165.06841858131216 -999.0 6231.0 -999.0 -1 -999 {-999.0 -999.0 -999.0 -999.0 -999.0} "" -999.0 -999.0 -999.0 -999.0 -999 -999 "" "" "" "" 0 0 0.0 0.0 -999 ""
FIBERMAP 1068 R-2C8 APOGEE 0 0 0 1 0 0 -124.88475530846449 -39.62127551008534 143.1 -103.71659016233095 80.0263075877636 179.41042 120.96839 -999.0 -999.0 -999.0 -999.0 -999.0 173.10363769797667 2.947741969163076 173.10611236029195 2.807053124948425 59.27104759846324 165.64485325191592 -999.0 16600.0 -999.0 2 -999 {-999.0 -999.0 -999.0 -999.0 -999.0} "" -999.0 -999.0 -999.0 -999.0 -999 -999 "" "" "" "" 0 0 0.0 0.0 -999 ""
FIBERMAP 1068 R-2C8 BOSS 1 1 0 1 0 0 -125.26756618954121 -38.975607231943336 143.1 -103.40425611535477 80.70874781007038 179.41042 120.96839 173.10479897729863 2.9507783315493907 -36.60863 12.203121 0.89374286 173.1050413298528 2.9507613022465 173.1074913518595 2.8101901688014497 59.273827991630796 165.64093535159998 5400.0 5400.0 2016.0 1 450 {-999.0 15.794158 15.216488 15.00421 -999.0} sdss_psfmag 15.646377 15.241389 14.660285 13.535 63050395170004854 1136203483 dark_flexible_3x1 mwm_halo_local_high_boss_triple mwm_halo science 0 0 1.4127541780471802 0.0 -999 ""
FIBERMAP 1068 R-2C8 METROLOGY 0 0 0 1 0 0 -124.52580864369841 -38.96719656044309 143.1 -102.97466390853592 80.10412010873863 179.41042 120.96839 -999.0 -999.0 -999.0 -999.0 -999.0 173.10699283815737 2.9480457885566236 173.1094486006674 2.8074408787261658 59.270731109256104 165.63831726096004 -999.0 6231.0 -999.0 -1 -999 {-999.0 -999.0 -999.0 -999.0 -999.0} "" -999.0 -999.0 -999.0 -999.0 -999 -999 "" "" "" "" 0 0 0.0 0.0 -999 ""
FIBERMAP 1069 R+11C10 APOGEE 0 0 0 1 0 0 50.05113334193081 211.16567274042737 143.1 202.0126288039731 79.20885217128657 18.775969 87.602615 -999.0 -999.0 -999.0 -999.0 -999.0 174.49336258058165 2.9431110754853447 174.4954955013003 2.8020122939489958 58.95052706381617 163.01461732069578 -999.0 16600.0 -999.0 2 18 {-999.0 -999.0 -999.0 -999.0 -999.0} "" -999.0 -999.0 -999.0 -999.0 -999 -999 "" ops_sky_apogee_best_unassigned ops_sky sky_apogee 0 0 0.0 0.0 -999 ""
FIBERMAP 1069 R+11C10 BOSS 1 1 0 1 0 0 50.27545094051325 210.46010078609635 143.1 201.56076291727206 78.62249298447124 18.775969 87.602615 174.4910433532905 2.9403964134063667 -7.5350266 -17.95791 0.5965739 174.4914065692597 2.940359569482699 174.4935088788228 2.7993810153007956 58.948464514497076 163.01960063845777 5400.0 5400.0 2016.0 1 109 {-999.0 15.789514 15.38084 15.244926 -999.0} sdss_psfmag 15.71895 15.389612 14.905851 14.054 63050395170007787 1136203528 dark_flexible_3x1 mwm_halo_local_high_boss_triple mwm_halo science 0 0 1.3342458009719849 0.0 -999 ""
FIBERMAP 1069 R+11C10 METROLOGY 0 0 0 1 0 0 49.546160296763276 210.604896000783 143.1 201.26414722447336 79.30418063474889 18.775969 87.602615 -999.0 -999.0 -999.0 -999.0 -999.0 174.49004527200245 2.9434829332243133 174.49215743108027 2.802470365460257 58.951790908773944 163.02066474486955 -999.0 6231.0 -999.0 -1 -999 {-999.0 -999.0 -999.0 -999.0 -999.0} "" -999.0 -999.0 -999.0 -999.0 -999 -999 "" "" "" "" 0 0 0.0 0.0 -999 ""
FIBERMAP 1070 R+9C13 APOGEE 1 1 0 1 0 0 84.25512397360151 181.70861312364863 143.1 197.30176366484523 34.321432924113964 12.735579 148.0055 174.47255568808112 2.7396633377743185 -8.134676 -1.5547557 0.97859895 174.47253929275666 2.739664585159978 174.47461650033938 2.5986092183554637 58.75843023417674 163.1500494592598 16000.0 16600.0 2016.0 2 55 {-999.0 11.71202 10.896104 10.590973 -999.0} sdss_psfmag_gaia 11.476253 10.937047 10.245994 8.784 63050395170006920 1108177309 bright_1x1 mwm_tess_rgb_apogee mwm_tessrgb science 0 0 0.0 0.0 -999 ""
FIBERMAP 1070 R+9C13 BOSS 0 0 0 1 0 0 84.94561039013738 181.45291100646924 143.1 197.48514723217286 33.60842739616797 12.735579 148.0055 -999.0 -999.0 -999.0 -999.0 -999.0 174.47344836575823 2.736316082475761 174.47549409023372 2.595381273352639 58.755085941398406 163.1499287845147 -999.0 5400.0 -999.0 1 152 {-999.0 -999.0 -999.0 -999.0 -999.0} "" -999.0 -999.0 -999.0 -999.0 -999 -999 "" "" "" "" 0 0 0.0 0.0 -999 ""
FIBERMAP 1070 R+9C13 METROLOGY 0 0 0 1 0 0 84.37348026235034 180.972397315152 143.1 196.76434025546934 33.8046684165375 12.735579 148.0055 -999.0 -999.0 -999.0 -999.0 -999.0 174.47018065069682 2.7372448593527725 174.47223601397525 2.596276679455406 58.75674830402106 163.1555930256925 -999.0 6231.0 -999.0 -1 -999 {-999.0 -999.0 -999.0 -999.0 -999.0} "" -999.0 -999.0 -999.0 -999.0 -999 -999 "" "" "" "" 0 0 0.0 0.0 -999 ""
FIBERMAP 1078 R-3C9 APOGEE 0 0 0 1 0 0 -80.34888903392635 -48.67096745908562 143.1 -85.77346877515723 38.27923071470468 69.48668 143.98755 -999.0 -999.0 -999.0 -999.0 -999.0 173.18518395316218 2.758028107216386 173.18757158742824 2.617347719747642 59.06851482694323 165.56706342066448 -999.0 16600.0 -999.0 2 245 {-999.0 -999.0 -999.0 -999.0 -999.0} "" -999.0 -999.0 -999.0 -999.0 -999 -999 "" ops_sky_apogee_best_unassigned ops_sky sky_apogee 0 0 0.0 0.0 -999 ""
FIBERMAP 1078 R-3C9 BOSS 1 1 0 1 0 0 -79.74111916327699 -48.25188853026342 143.1 -85.08282707075138 38.01870054612249 69.48668 143.98755 173.18834465455737 2.7567252624503693 0.10588493 0.12589324 -0.3863637 173.1883106728699 2.756745438854272 173.19067139963465 2.616183952920268 59.0667271722134 165.56164847305232 5400.0 5400.0 2016.0 1 470 {-999.0 19.514097 19.025024 18.872324 18.797298} sdss_psfmag 19.347233 19.136406 18.452173 -999.0 63050395170004137 1059933927 dark_2x4 bhm_aqmes_wide2 bhm_aqmes science 0 0 0.0 0.0 -999 ""
FIBERMAP 1078 R-3C9 METROLOGY 0 0 0 1 0 0 -79.69956553915289 -48.997491659397696 143.1 -85.6717281301733 37.559687065985656 69.48668 143.98755 -999.0 -999.0 -999.0 -999.0 -999.0 173.18563094199823 2.754683231687045 173.18799886423733 2.6140890872531815 59.065239168746245 165.56758154467602 -999.0 6231.0 -999.0 -1 -999 {-999.0 -999.0 -999.0 -999.0 -999.0} "" -999.0 -999.0 -999.0 -999.0 -999 -999 "" "" "" "" 0 0 0.0 0.0 -999 ""
FIBERMAP 1081 R-1C22 APOGEE 0 0 0 1 0 0 207.79654488193452 -28.231211302163047 143.1 95.21601822920503 -186.81075382192952 20.609076 61.129234 -999.0 -999.0 -999.0 -999.0 -999.0 174.00856765247306 1.7364879959554227 174.0104349333842 1.5957500862009144 57.89241830299362 164.4570630646751 -999.0 16600.0 -999.0 2 196 {-999.0 -999.0 -999.0 -999.0 -999.0} "" -999.0 -999.0 -999.0 -999.0 -999 -999 "" ops_sky_apogee_best_unassigned ops_sky sky_apogee 0 0 0.0 0.0 -999 ""
FIBERMAP 1081 R-1C22 BOSS 1 1 0 1 0 0 207.69110190894827 -28.96782957512508 143.1 94.55073470008284 -187.14387648074637 20.609076 61.129234 174.00558471679685 1.734805254958701 -999.0 -999.0 -999.0 174.00559826497576 1.7348104823574129 174.00743669670806 1.5941986067168972 57.89158217820249 164.463214561548 5400.0 5400.0 2015.5 1 313 {-999.0 -999.0 -999.0 -999.0 -999.0} "" -999.0 -999.0 -999.0 -999.0 27021603142678149 812158540 "" ops_sky_boss_good ops_sky sky_boss 0 0 0.0 0.0 -999 ""
FIBERMAP 1081 R-1C22 METROLOGY 0 0 0 1 0 0 207.09786869660226 -28.50917151987946 143.1 94.58951628956181 -186.39512106387735 20.609076 61.129234 -999.0 -999.0 -999.0 -999.0 -999.0 174.00577401398033 1.738226856522639 174.0076216886539 1.5975788754139362 57.89483384101623 164.4614424785497 -999.0 6231.0 -999.0 -1 -999 {-999.0 -999.0 -999.0 -999.0 -999.0} "" -999.0 -999.0 -999.0 -999.0 -999 -999 "" "" "" "" 0 0 0.0 0.0 -999 ""
FIBERMAP 1083 R-3C10 APOGEE 0 0 0 1 0 0 -66.54455051419157 -42.187623566778385 143.1 -72.58057462380265 30.632186760833775 167.08794 64.77563 -999.0 -999.0 -999.0 -999.0 -999.0 173.2452523166695 2.723284337908374 173.24761358733429 2.582591016972203 59.02191038535855 165.46729042700443 -999.0 16600.0 -999.0 2 -999 {-999.0 -999.0 -999.0 -999.0 -999.0} "" -999.0 -999.0 -999.0 -999.0 -999 -999 "" "" "" "" 0 0 0.0 0.0 -999 ""
FIBERMAP 1083 R-3C10 BOSS 1 1 0 1 0 0 -66.08738269096818 -41.596539198062565 143.1 -71.83443386665775 30.593405036713616 167.08794 64.77563 173.2489797537775 2.722862010909899 -120.78563 51.62015 13.510712 173.24863880159376 2.7230071611276627 173.25097324384933 2.5824326596044354 59.021046548517205 165.46098203376508 5400.0 5400.0 2016.0 1 447 {-999.0 19.544382 17.947521 16.212463 -999.0} sdss_psfmag 18.844673 16.937824 15.651419 13.167 63050395170004083 1132426889 dark_2x1 mwm_snc_100pc_boss mwm_snc science 0 0 0.0 0.0 -999 ""
FIBERMAP 1083 R-3C10 METROLOGY 0 0 0 1 0 0 -65.80615715592269 -42.29456854784908 143.1 -72.24767448735857 29.964588937555185 167.08794 64.77563 -999.0 -999.0 -999.0 -999.0 -999.0 173.24675693397893 2.7201731405004828 173.249098175967 2.5795658126287653 59.018640168919006 165.4657156266738 -999.0 6231.0 -999.0 -1 -999 {-999.0 -999.0 -999.0 -999.0 -999.0} "" -999.0 -999.0 -999.0 -999.0 -999 -999 "" "" "" "" 0 0 0.0 0.0 -999 ""
FIBERMAP 1085 R-2C13 APOGEE 0 0 0 1 0 0 16.856363616475313 -30.217977387473525 143.1 -15.221374984901644 -31.06838632394973 69.72961 66.6201 -999.0 -999.0 -999.0 -999.0 -999.0 173.50679946034452 2.4423834768056176 173.50900383181772 2.301660204683243 58.691624472087256 165.090195198484 -999.0 16600.0 -999.0 2 -999 {-999.0 -999.0 -999.0 -999.0 -999.0} "" -999.0 -999.0 -999.0 -999.0 -999 -999 "" "" "" "" 0 0 0.0 0.0 -999 ""
FIBERMAP 1085 R-2C13 BOSS 1 1 0 1 0 0 17.409119485371335 -30.70966233700399 143.1 -15.3103566864503 -31.80270596805461 69.72961 66.6201 173.50608243194355 2.43890759087045 -51.31723 -3.3464437 7.396767 173.50641362497282 2.438899275978631 173.50858997689966 2.298298071194331 58.688431625876575 165.09237287615073 5400.0 5400.0 2016.0 1 355 {-999.0 16.696268 15.22854 14.15406 -999.0} sdss_psfmag_ps1 16.138653 14.748139 13.59341 11.422 63050395169999909 1075843794 bright_1x1 mwm_erosita_stars_boss mwm_erosita science 0 0 1.7083638906478882 0.0 -999 ""
FIBERMAP 1085 R-2C13 METROLOGY 0 0 0 1 0 0 16.693417564155588 -30.946064308483113 143.1 -15.912416716857098 -31.349403546174308 69.72961 66.6201 -999.0 -999.0 -999.0 -999.0 -999.0 173.5036613877862 2.4410012097469687 173.50584670399246 2.3003660787176234 58.691043958262256 165.09666098206606 -999.0 6231.0 -999.0 -1 -999 {-999.0 -999.0 -999.0 -999.0 -999.0} "" -999.0 -999.0 -999.0 -999.0 -999 -999 "" "" "" "" 0 0 0.0 0.0 -999 ""
FIBERMAP 1086 R-3C15 APOGEE 0 0 0 1 0 0 55.4615939244514 -38.81956994525362 143.1 -0.28960503724761677 -67.68756890419883 137.73291 60.07003 -999.0 -999.0 -999.0 -999.0 -999.0 173.574937371432 2.2756753991049883 173.57707032754695 2.134962569908397 58.51414172675382 165.03216104385564 -999.0 16600.0 -999.0 2 -999 {-999.0 -999.0 -999.0 -999.0 -999.0} "" -999.0 -999.0 -999.0 -999.0 -999 -999 "" "" "" "" 0 0 0.0 0.0 -999 ""
FIBERMAP 1086 R-3C15 BOSS 1 1 0 1 0 0 56.17255481626919 -38.580192138050336 143.1 0.3121982878309794 -68.1352803986526 137.73291 60.07003 173.5777510295707 2.2734315532200444 -999.0 -999.0 -999.0 173.577708231812 2.273480304824959 173.57981263400472 2.1328891584721554 58.51152223047059 165.0279026221638 5400.0 5400.0 2016.0 1 274 {-999.0 21.356554 21.383017 20.896563 20.51235} sdss_fiber2mag_from_lsdr10 20.91796 20.72189 19.902374 -999.0 63050395169998762 1059002900 dark_flexible_2x2 bhm_spiders_agn_lsdr10 bhm_spiders science 0 0 0.0 0.0 -999 ""
FIBERMAP 1086 R-3C15 METROLOGY 0 0 0 1 0 0 56.02686557687344 -39.306529840398866 143.1 -0.36757270573232975 -68.42947886986978 137.73291 60.07003 -999.0 -999.0 -999.0 -999.0 -999.0 173.57460256838468 2.2721819702587784 173.57671492282532 2.1315574143867617 58.51089513170841 165.03424153426798 -999.0 6231.0 -999.0 -1 -999 {-999.0 -999.0 -999.0 -999.0 -999.0} "" -999.0 -999.0 -999.0 -999.0 -999 -999 "" "" "" "" 0 0 0.0 0.0 -999 ""
FIBERMAP 1091 R+10C17 APOGEE 0 0 0 1 0 0 175.77885098421385 186.900640089743 143.1 253.7212329128275 -37.91490936842876 163.44786 173.68536 -999.0 -999.0 -999.0 -999.0 -999.0 174.7255247040914 2.4121765357150893 174.72744738456186 2.2711175846154994 58.37883145228169 162.83515849364858 -999.0 16600.0 -999.0 2 49 {-999.0 -999.0 -999.0 -999.0 -999.0} "" -999.0 -999.0 -999.0 -999.0 -999 -999 "" ops_sky_apogee_best_unassigned ops_sky sky_apogee 0 0 0.0 0.0 -999 ""
FIBERMAP 1091 R+10C17 BOSS 1 1 0 1 0 0 175.08602225930687 187.16524862446587 143.1 253.54383202948887 -37.194904203292744 163.44786 173.68536 174.72444665434526 2.4152848201093606 -1.7713578 2.681117 2.5684202 174.72478871481593 2.415308710854978 174.72668120951494 2.274371153054748 58.38217321690492 162.8350317155581 5400.0 5400.0 2016.0 1 170 {-999.0 16.36557 15.126903 14.539765 -999.0} sdss_psfmag 16.066427 15.203084 14.264045 12.536 63050395169991531 1075812428 bright_1x1 mwm_erosita_stars_boss mwm_erosita science 0 0 1.569304347038269 0.0 -999 ""
FIBERMAP 1091 R+10C17 METROLOGY 0 0 0 1 0 0 175.6681579459757 187.64341434202774 143.1 254.26841148863969 -37.400703654775945 163.44786 173.68536 -999.0 -999.0 -999.0 -999.0 -999.0 174.728007514932 2.414417867832786 174.72990788010065 2.27344515569179 58.38047537301417 162.82951337902745 -999.0 6231.0 -999.0 -1 -999 {-999.0 -999.0 -999.0 -999.0 -999.0} "" -999.0 -999.0 -999.0 -999.0 -999 -999 "" "" "" "" 0 0 0.0 0.0 -999 ""
FIBERMAP 1092 R-7C20 APOGEE 1 1 0 1 0 0 226.8453865775019 -134.42004305676184 143.1 18.827123574985237 -262.97158340541137 13.808589 109.10882 173.6617428841366 1.3942308207391187 -7.64765 -4.9691286 0.1639023 173.6617468563345 1.3942117340933804 173.6635670057018 1.2536413173016898 57.63493422090757 165.23227177084533 16000.0 16600.0 2016.0 2 200 {-999.0 13.33893 12.465074 12.132093 -999.0} sdss_psfmag_gaia 13.073909 12.502383 11.7817955 10.243 63050395169980584 1154272297 bright_1x1 mwm_galactic_core_dist_apogee_sparse mwm_galactic science 0 0 0.0 0.0 -999 ""
FIBERMAP 1092 R-7C20 BOSS 0 0 0 1 0 0 227.17574200046565 -135.08194742158193 143.1 18.471558979895224 -263.62017870785905 13.808589 109.10882 -999.0 -999.0 -999.0 -999.0 -999.0 173.66016416800144 1.3911848806311036 173.6619558369614 1.2507419707144423 57.63244756661203 165.23637177185705 -999.0 5400.0 -999.0 1 332 {-999.0 -999.0 -999.0 -999.0 -999.0} "" -999.0 -999.0 -999.0 -999.0 -999 -999 "" "" "" "" 0 0 0.0 0.0 -999 ""
FIBERMAP 1092 R-7C20 METROLOGY 0 0 0 1 0 0 226.43101656021344 -135.0409083004361 143.1 18.080902997044372 -262.98493421393493 13.808589 109.10882 -999.0 -999.0 -999.0 -999.0 -999.0 173.65839076534255 1.3940511248786582 173.66019157731057 1.2535723472224427 57.63559020079371 165.23845694660272 -999.0 6231.0 -999.0 -1 -999 {-999.0 -999.0 -999.0 -999.0 -999.0} "" -999.0 -999.0 -999.0 -999.0 -999 -999 "" "" "" "" 0 0 0.0 0.0 -999 ""
FIBERMAP 1094 R+1C19 APOGEE 0 0 0 1 0 0 130.23612329478303 4.481185815735458 143.1 77.89526730120515 -104.4471165723061 319.7165 90.669174 -999.0 -999.0 -999.0 -999.0 -999.0 173.93087484181385 2.108870276345287 173.93287713162192 1.9680833894678853 58.27264188367876 164.44107004304533 -999.0 16600.0 -999.0 2 -999 {-999.0 -999.0 -999.0 -999.0 -999.0} "" -999.0 -999.0 -999.0 -999.0 -999 -999 "" "" "" "" 0 0 0.0 0.0 -999 ""
FIBERMAP 1094 R+1C19 BOSS 1 1 0 1 0 0 129.7644587426253 3.910452468456313 143.1 77.15758593970824 -104.38482768603811 319.7165 90.669174 173.92744972707484 2.1092595360026785 46.11932 -101.46028 13.836599 173.92758294257405 2.1089799798329754 173.92955745310758 1.9683170408099995 58.273618118065684 164.44711608928196 5400.0 5400.0 2016.0 1 232 {-999.0 21.46553 19.799845 17.496014 -999.0} sdss_psfmag 20.736038 18.182642 16.737066 13.697 63050395169998325 1132427640 dark_2x1 mwm_snc_100pc_boss mwm_snc science 0 0 0.0 0.0 -999 ""
FIBERMAP 1094 R+1C19 METROLOGY 0 0 0 1 0 0 129.49882807373416 4.595456273555088 143.1 77.56901146264934 -103.77624662790626 319.7165 90.669174 -999.0 -999.0 -999.0 -999.0 -999.0 173.92944338975343 2.1117891905895028 173.93142648942262 1.9710903091707406 58.27589841126122 164.44246549970873 -999.0 6231.0 -999.0 -1 -999 {-999.0 -999.0 -999.0 -999.0 -999.0} "" -999.0 -999.0 -999.0 -999.0 -999 -999 "" "" "" "" 0 0 0.0 0.0 -999 ""
FIBERMAP 1095 R+5C8 APOGEE 0 0 0 1 0 0 -67.85597297748683 96.4568976713874 143.1 40.58104937885495 110.71463860578491 336.3426 136.65465 -999.0 -999.0 -999.0 -999.0 -999.0 173.76089542655478 3.0877755808957503 173.76325575622752 2.9468553783885745 59.264358577628556 164.33177912724295 -999.0 16600.0 -999.0 2 -999 {-999.0 -999.0 -999.0 -999.0 -999.0} "" -999.0 -999.0 -999.0 -999.0 -999 -999 "" "" "" "" 0 0 0.0 0.0 -999 ""
FIBERMAP 1095 R+5C8 BOSS 1 1 0 1 0 0 -67.55558284439144 95.7754440737398 143.1 40.19234795469359 110.07952257200232 336.3426 136.65465 173.75917251683748 3.084829724462766 -0.29348934 -0.118491 -0.08661226 173.75917370081507 3.0848251473362915 173.76150584211416 2.944024279947593 59.26199896277268 164.3363683233493 5400.0 5400.0 2016.0 1 65 {-999.0 19.233612 18.85456 18.792316 18.761087} sdss_psfmag 18.886354 18.65514 18.147217 -999.0 63050395170012277 1059933948 dark_2x4 bhm_aqmes_wide2 bhm_aqmes science 0 0 0.0 0.0 -999 ""
FIBERMAP 1095 R+5C8 METROLOGY 0 0 0 1 0 0 -68.29681628815175 95.85496814398925 143.1 39.83530068752046 110.73382828696138 336.3426 136.65465 -999.0 -999.0 -999.0 -999.0 -999.0 173.75753279743415 3.0878210481574833 173.75987417747376 2.946986587791033 59.26525413467222 164.33815562114995 -999.0 6231.0 -999.0 -1 -999 {-999.0 -999.0 -999.0 -999.0 -999.0} "" -999.0 -999.0 -999.0 -999.0 -999 -999 "" "" "" "" 0 0 0.0 0.0 -999 ""
FIBERMAP 1096 R+1C25 APOGEE 0 0 0 1 0 0 256.2453284483351 11.505797872788882 143.1 155.47152649902964 -203.97209789413245 192.1153 166.82045 -999.0 -999.0 -999.0 -999.0 -999.0 174.28036890494982 1.6607778073905404 174.28216019479657 1.5199789779387736 57.756537541344855 163.99303913097077 -999.0 16600.0 -999.0 2 -999 {-999.0 -999.0 -999.0 -999.0 -999.0} "" -999.0 -999.0 -999.0 -999.0 -999 -999 "" "" "" "" 0 0 0.0 0.0 -999 ""
FIBERMAP 1096 R+1C25 BOSS 1 1 0 1 0 0 255.50324576874317 11.5016075869219 143.1 155.04521644419683 -203.36479812757113 192.1153 166.82045 174.27853504310883 1.6633129463125658 -0.19894397 0.047521923 0.06437488 174.27850865327989 1.6633494074036683 174.28027120197999 1.5226758923340205 57.75959889259305 163.99530963374298 5400.0 5400.0 2016.0 1 184 {-999.0 17.202894 17.146345 16.577528 16.874594} sdss_psfmag 17.320396 17.226147 16.682127 14.809 63050395169981853 1059933867 dark_2x4 bhm_aqmes_wide2 bhm_aqmes science 0 0 0.0 0.0 -999 ""
FIBERMAP 1096 R+1C25 METROLOGY 0 0 0 1 0 0 255.86556169734845 12.148012163627126 143.1 155.78275744814394 -203.2941269133344 192.1153 166.82045 -999.0 -999.0 -999.0 -999.0 -999.0 174.28182087217206 1.6637286878015556 174.28359136556753 1.5230186891901882 57.75916243187784 163.9891088358878 -999.0 6231.0 -999.0 -1 -999 {-999.0 -999.0 -999.0 -999.0 -999.0} "" -999.0 -999.0 -999.0 -999.0 -999 -999 "" "" "" "" 0 0 0.0 0.0 -999 ""
FIBERMAP 1098 R+5C1 APOGEE 0 0 0 1 0 0 -248.09097529916244 87.906092921951 143.1 -69.1490667528433 253.92129774487518 233.19371 97.50733 -999.0 -999.0 -999.0 -999.0 -999.0 173.26228549327564 3.7326353711939793 173.2649969388475 3.5917521612300245 60.00384387179457 165.00702999182394 -999.0 16600.0 -999.0 2 122 {-999.0 -999.0 -999.0 -999.0 -999.0} "" -999.0 -999.0 -999.0 -999.0 -999 -999 "" ops_sky_apogee_best_unassigned ops_sky sky_apogee 0 0 0.0 0.0 -999 ""
FIBERMAP 1098 R+5C1 BOSS 1 1 0 1 0 0 -248.74477734424113 88.25847967513289 143.1 -69.23211103929191 254.65925840584345 233.19371 97.50733 173.2619670312377 3.7358243013403865 -10.832969 -1.0748203 1.4932498 173.26194365626972 3.735818437689161 173.26463056549824 3.5950498246012077 60.00714194572313 165.00630600913237 5400.0 5400.0 2016.0 1 1 {-999.0 19.179531 17.723083 16.967194 -999.0} sdss_psfmag 18.616594 17.59229 16.57187 14.634 63050395170014259 1094784885 bright_1x1 mwm_bin_vis_boss mwm_filler science 0 0 0.0 0.0 -999 ""
FIBERMAP 1098 R+5C1 METROLOGY 0 0 0 1 0 0 -248.10786053419318 88.66043868416807 143.1 -68.53892583491667 254.36502581822404 233.19371 97.50733 -999.0 -999.0 -999.0 -999.0 -999.0 173.26507197632176 3.7345499290353796 173.2677648610495 3.593747936522147 60.00518939502169 165.00076687035792 -999.0 6231.0 -999.0 -1 -999 {-999.0 -999.0 -999.0 -999.0 -999.0} "" -999.0 -999.0 -999.0 -999.0 -999 -999 "" "" "" "" 0 0 0.0 0.0 -999 ""
FIBERMAP 1100 R-9C17 APOGEE 0 0 0 1 0 0 184.89058605843482 -173.45747658332812 143.1 -37.153098245544555 -250.746984292781 32.73602 85.80388 -999.0 -999.0 -999.0 -999.0 -999.0 173.40831633954625 1.4487741468596789 173.4102004504797 1.3082707104549005 57.741843847925665 165.67387185034212 -999.0 16600.0 -999.0 2 -999 {-999.0 -999.0 -999.0 -999.0 -999.0} "" -999.0 -999.0 -999.0 -999.0 -999 -999 "" "" "" "" 0 0 0.0 0.0 -999 ""
FIBERMAP 1100 R-9C17 BOSS 1 1 0 1 0 0 185.25843554152038 -174.11962895745697 143.1 -37.487501039644435 -251.42652565750527 32.73602 85.80388 173.40682983398435 1.4456035356399042 -999.0 -999.0 -999.0 173.4068346132637 1.4455991338034082 173.40869106675166 1.3052228731573365 57.73917674442769 165.67782534447147 5400.0 5400.0 2015.5 1 269 {-999.0 -999.0 -999.0 -999.0 -999.0} "" -999.0 -999.0 -999.0 -999.0 27021603142676501 820257322 "" ops_sky_boss_good ops_sky sky_boss 0 0 0.0 0.0 -999 ""
FIBERMAP 1100 R-9C17 METROLOGY 0 0 0 1 0 0 184.50398415182372 -174.0955995701547 143.1 -37.8976742676205 -250.79298322581582 32.73602 85.80388 -999.0 -999.0 -999.0 -999.0 -999.0 173.40496390557036 1.4484706212780318 173.4068292944139 1.3080586430745873 57.742337703555776 165.6801308730176 -999.0 6231.0 -999.0 -1 -999 {-999.0 -999.0 -999.0 -999.0 -999.0} "" -999.0 -999.0 -999.0 -999.0 -999 -999 "" "" "" "" 0 0 0.0 0.0 -999 ""
FIBERMAP 1101 R-12C14 APOGEE 1 1 0 1 0 0 143.36126335883205 -220.45713775332138 143.1 -99.43255132005906 -243.40913810368775 70.421234 99.66026 173.12658505176267 1.4824044840354706 -10.34965 2.1384249 0.9085368 173.12655440413616 1.482442902193114 173.12850124090141 1.342022727126847 57.83248521445562 166.17806323302662 16000.0 16600.0 2016.0 2 213 {-999.0 13.36801 12.790461 12.589726 -999.0} sdss_psfmag_from_g3xp 13.23041 12.827221 12.247976 11.167 63050395169995404 1106010777 bright_flexible_3x1 mwm_tess_rgb_apogee mwm_tessrgb science 0 0 0.0 0.0 -999 ""
FIBERMAP 1101 R-12C14 BOSS 0 0 0 1 0 0 144.0915031822133 -220.5475446385061 143.1 -99.09070985182589 -244.06061302046186 70.421234 99.66026 -999.0 -999.0 -999.0 -999.0 -999.0 173.12813766358377 1.4793918468171208 173.13005730024042 1.3390975965583811 57.82930713943635 166.17630509425163 -999.0 5400.0 -999.0 1 256 {-999.0 -999.0 -999.0 -999.0 -999.0} "" -999.0 -999.0 -999.0 -999.0 -999 -999 "" "" "" "" 0 0 0.0 0.0 -999 ""
FIBERMAP 1101 R-12C14 METROLOGY 0 0 0 1 0 0 143.65280066333239 -221.1518629933996 143.1 -99.83720127363843 -244.0445434380855 70.421234 99.66026 -999.0 -999.0 -999.0 -999.0 -999.0 173.12476080110545 1.4795192365362713 173.1266884221751 1.3391903937933927 57.830074758096515 166.18246661699973 -999.0 6231.0 -999.0 -1 -999 {-999.0 -999.0 -999.0 -999.0 -999.0} "" -999.0 -999.0 -999.0 -999.0 -999 -999 "" "" "" "" 0 0 0.0 0.0 -999 ""
FIBERMAP 1103 R-2C9 APOGEE 1 1 0 1 0 0 -82.85524377220932 -35.535689743227806 143.1 -76.40987639631085 47.82341450546004 317.92383 166.82632 173.22778086641753 2.801652833552616 7.697279 -49.68593 0.56781423 173.2278088306316 2.801517398539905 173.2302017391945 2.660815187736629 59.10204358554515 165.46822166076294 16000.0 16600.0 2016.0 2 258 {-999.0 12.081195 11.632359 11.486253 -999.0} sdss_psfmag_gaia 11.992694 11.6621275 11.151698 10.158 63050395170004582 1107503319 bright_1x1 mwm_tess_rgb_apogee mwm_tessrgb science 0 0 0.0 0.0 -999 ""
FIBERMAP 1103 R-2C9 BOSS 0 0 0 1 0 0 -82.44435684462192 -36.13473742160871 143.1 -76.66790861932876 47.144473507504564 317.92383 166.82632 -999.0 -999.0 -999.0 -999.0 -999.0 173.22662107118148 2.798330376186388 173.22898729711437 2.657748626589357 59.09930239900496 165.47179186065014 -999.0 5400.0 -999.0 1 449 {-999.0 -999.0 -999.0 -999.0 -999.0} "" -999.0 -999.0 -999.0 -999.0 -999 -999 "" "" "" "" 0 0 0.0 0.0 -999 ""
FIBERMAP 1103 R-2C9 METROLOGY 0 0 0 1 0 0 -83.18415977269707 -36.20226250247505 143.1 -77.14495480468902 47.71380964228059 317.92383 166.82632 -999.0 -999.0 -999.0 -999.0 -999.0 173.22444899055083 2.800948229530402 173.22682398376048 2.660332823777395 59.10228461803752 165.47484255204418 -999.0 6231.0 -999.0 -1 -999 {-999.0 -999.0 -999.0 -999.0 -999.0} "" -999.0 -999.0 -999.0 -999.0 -999 -999 "" "" "" "" 0 0 0.0 0.0 -999 ""
FIBERMAP 1104 R-13C7 APOGEE 0 0 0 1 0 0 -22.25555099681079 -269.97448528984467 143.1 -234.49035292065793 -135.55695053528416 296.33423 45.155773 -999.0 -999.0 -999.0 -999.0 -999.0 172.51538653776063 1.970178862353808 172.5176302189485 1.8298731434206323 58.42962322029389 167.1332267206617 -999.0 16600.0 -999.0 2 299 {-999.0 -999.0 -999.0 -999.0 -999.0} "" -999.0 -999.0 -999.0 -999.0 -999 -999 "" ops_sky_apogee_best_unassigned ops_sky sky_apogee 0 0 0.0 0.0 -999 ""
FIBERMAP 1104 R-13C7 BOSS 1 1 0 1 0 0 -22.959988139723556 -269.7355236748301 143.1 -234.69543997610484 -134.8420226173741 296.33423 45.155773 172.51448670661725 1.9731979031704296 -1.2548395 0.5964535 -0.24485952 172.51446461686007 1.973279350367238 172.51668614718653 1.8330966410582925 58.43296641931693 167.13384366604183 5400.0 5400.0 2016.0 1 416 {-999.0 20.344843 20.251501 20.076864 20.060577} sdss_psfmag_from_gaiadr2 20.026482 20.28807 19.846392 -999.0 63050395169997245 1056632355 dark_flexible_2x2 bhm_gua_dark bhm_filler science 0 0 0.0 0.0 -999 ""
FIBERMAP 1104 R-13C7 METROLOGY 0 0 0 1 0 0 -22.401478270000432 -269.2422851551763 143.1 -233.97193975920635 -135.01982227435028 296.33423 45.155773 -999.0 -999.0 -999.0 -999.0 -999.0 172.51769982070164 1.9724949601244193 172.51992705870384 1.8322763230692563 58.431553659982235 167.1280592704453 -999.0 6231.0 -999.0 -1 -999 {-999.0 -999.0 -999.0 -999.0 -999.0} "" -999.0 -999.0 -999.0 -999.0 -999 -999 "" "" "" "" 0 0 0.0 0.0 -999 ""
FIBERMAP 1105 R-7C6 APOGEE 0 0 0 1 0 0 -102.05754010548742 -150.24575325492907 143.1 -181.59670318845616 -1.766397416098057 276.16077 107.49237 -999.0 -999.0 -999.0 -999.0 -999.0 172.75058255547043 2.5753990848026893 172.75300434732037 2.434897753232078 58.978180171081725 166.4650484626842 -999.0 16600.0 -999.0 2 -999 {-999.0 -999.0 -999.0 -999.0 -999.0} "" -999.0 -999.0 -999.0 -999.0 -999 -999 "" "" "" "" 0 0 0.0 0.0 -999 ""
FIBERMAP 1105 R-7C6 BOSS 1 1 0 1 0 0 -102.73912888844146 -150.55374346401965 143.1 -182.23814040088936 -1.3819157417701458 276.16077 107.49237 172.74765014648438 2.5770340169460724 -999.0 -999.0 -999.0 172.7476537440659 2.5770217744537245 172.75005259906482 2.4366415654744107 58.98047062722851 166.4699924984624 5400.0 5400.0 2015.5 1 437 {-999.0 -999.0 -999.0 -999.0 -999.0} "" -999.0 -999.0 -999.0 -999.0 27021603142697431 812161268 "" ops_sky_boss_good ops_sky sky_boss 0 0 0.0 0.0 -999 ""
FIBERMAP 1105 R-7C6 METROLOGY 0 0 0 1 0 0 -102.66288636344211 -149.80961349694772 143.1 -181.58332488311646 -1.0205218397201747 276.16077 107.49237 -999.0 -999.0 -999.0 -999.0 -999.0 172.7506126383331 2.5787001239541385 172.75301829939326 2.438284454885045 58.98149776871851 166.46372739268853 -999.0 6231.0 -999.0 -1 -999 {-999.0 -999.0 -999.0 -999.0 -999.0} "" -999.0 -999.0 -999.0 -999.0 -999 -999 "" "" "" "" 0 0 0.0 0.0 -999 ""
FIBERMAP 1106 R-10C9 APOGEE 0 0 0 1 0 0 11.762968730065941 -203.4834835710646 143.1 -160.47695893582627 -125.61707938103073 336.9154 101.38677 -999.0 -999.0 -999.0 -999.0 -999.0 172.84772320899333 2.0134844579982754 172.84991601471143 1.8730553651399793 58.40826548928482 166.49502787571075 -999.0 16600.0 -999.0 2 -999 {-999.0 -999.0 -999.0 -999.0 -999.0} "" -999.0 -999.0 -999.0 -999.0 -999 -999 "" "" "" "" 0 0 0.0 0.0 -999 ""
FIBERMAP 1106 R-10C9 BOSS 1 1 0 1 0 0 11.640210630636224 -204.2214382580462 143.1 -161.1532072765563 -125.93673764904179 336.9154 101.38677 172.8442412032567 2.011949809142951 0.06541134 -20.934645 0.6077723 172.84466338255626 2.011896130615629 172.8468315425805 1.8715915459719132 58.407435750054404 166.5013468268479 5400.0 5400.0 2016.0 1 371 {-999.0 15.417435 15.0574465 14.931262 -999.0} sdss_psfmag 15.345231 15.050752 14.58118 13.718 63050395169997686 1136203259 dark_flexible_3x1 mwm_halo_local_high_boss_triple mwm_halo science 0 0 1.4367637634277344 0.0 -999 ""
FIBERMAP 1106 R-10C9 METROLOGY 0 0 0 1 0 0 11.060661681345197 -203.73533032968766 143.1 -161.08407533021273 -125.18358308559327 336.9154 101.38677 -999.0 -999.0 -999.0 -999.0 -999.0 172.84495874403413 2.015342302495928 172.84713510797746 1.8750020480582892 58.41072024149524 166.49950028493086 -999.0 6231.0 -999.0 -1 -999 {-999.0 -999.0 -999.0 -999.0 -999.0} "" -999.0 -999.0 -999.0 -999.0 -999 -999 "" "" "" "" 0 0 0.0 0.0 -999 ""
FIBERMAP 1107 R-13C5 APOGEE 0 0 0 1 0 0 -49.57374504364123 -259.84669855666266 143.1 -241.73642832079776 -107.34139735200662 280.73117 143.00311 -999.0 -999.0 -999.0 -999.0 -999.0 172.48204723566784 2.0975495502332193 172.48434648588 1.9572316241140475 58.56095784328514 167.15012702556712 -999.0 16600.0 -999.0 2 283 {-999.0 -999.0 -999.0 -999.0 -999.0} "" -999.0 -999.0 -999.0 -999.0 -999 -999 "" ops_sky_apogee_best_unassigned ops_sky sky_apogee 0 0 0.0 0.0 -999 ""
FIBERMAP 1107 R-13C5 BOSS 1 1 0 1 0 0 -49.87586633863187 -260.5237342592556 143.1 -242.46483431901157 -107.47897866069792 280.73117 143.00311 172.47881779985985 2.0968004541185064 1.9306744 0.46307293 1.7757307 172.4788132324827 2.09681821295824 172.48108950173628 1.9566242370889602 58.56097011894799 167.1564753805787 5400.0 5400.0 2016.0 1 414 {-999.0 21.010372 20.721254 20.631481 20.522333} sdss_psfmag 20.34398 20.381285 19.596937 -999.0 63050395170001305 1129029439 dark_1x4 bhm_aqmes_wide1_faint bhm_filler science 0 0 0.0 0.0 -999 ""
FIBERMAP 1107 R-13C5 METROLOGY 0 0 0 1 0 0 -50.31523300969754 -259.9311259043613 143.1 -242.22832143571478 -106.78030837137752 280.73117 143.00311 -999.0 -999.0 -999.0 -999.0 -999.0 172.4798442944364 2.100001680396845 172.4821281929976 1.9597719658693455 58.56386811748543 167.15339133029715 -999.0 6231.0 -999.0 -1 -999 {-999.0 -999.0 -999.0 -999.0 -999.0} "" -999.0 -999.0 -999.0 -999.0 -999 -999 "" "" "" "" 0 0 0.0 0.0 -999 ""
FIBERMAP 1108 R-9C7 APOGEE 0 0 0 1 0 0 -57.08261081520208 -190.12633982060174 143.1 -188.73373499210635 -61.44283795171664 283.28748 100.845695 -999.0 -999.0 -999.0 -999.0 -999.0 172.71896505421827 2.304516510745085 172.72129276997703 2.1640766326224576 58.71880474065274 166.6276198619225 -999.0 16600.0 -999.0 2 178 {-999.0 -999.0 -999.0 -999.0 -999.0} "" -999.0 -999.0 -999.0 -999.0 -999 -999 "" ops_sky_apogee_best_unassigned ops_sky sky_apogee 0 0 0.0 0.0 -999 ""
FIBERMAP 1108 R-9C7 BOSS 1 1 0 1 0 0 -57.754817367136475 -190.4447909719293 143.1 -189.37842045044619 -61.07202567133468 283.28748 100.845695 172.7160106029002 2.306071921039623 0.043862265 0.027126823 -0.60231155 172.71602911402647 2.306065245755041 172.71833388395726 2.165747802755783 58.721019302665205 166.63257935802008 5400.0 5400.0 2016.0 1 390 {-999.0 20.26872 20.106316 19.967033 19.877594} sdss_psfmag_from_gaiadr2 19.9699 20.099684 19.413155 -999.0 63050395170001936 1056632451 dark_flexible_2x2 bhm_gua_dark bhm_filler science 0 0 0.0 0.0 -999 ""
FIBERMAP 1108 R-9C7 METROLOGY 0 0 0 1 0 0 -57.68560259887135 -189.69880132820947 143.1 -188.72608172841774 -60.70379812055586 283.28748 100.845695 -999.0 -999.0 -999.0 -999.0 -999.0 172.718967165499 2.307768562039122 172.7212787778833 2.167415288197355 58.722082274164606 166.62639479068082 -999.0 6231.0 -999.0 -1 -999 {-999.0 -999.0 -999.0 -999.0 -999.0} "" -999.0 -999.0 -999.0 -999.0 -999 -999 "" "" "" "" 0 0 0.0 0.0 -999 ""
FIBERMAP 1109 R+8C19 APOGEE 0 0 0 1 0 0 195.1750391199161 173.30641219350437 143.1 253.60505084905367 -61.5971353711311 154.15884 63.175762 -999.0 -999.0 -999.0 -999.0 -999.0 174.72465071118762 2.305066482976358 174.72654270847283 2.1640280588619922 58.27531107219765 162.8874030614044 -999.0 16600.0 -999.0 2 60 {-999.0 -999.0 -999.0 -999.0 -999.0} "" -999.0 -999.0 -999.0 -999.0 -999 -999 "" ops_sky_apogee_best_unassigned ops_sky sky_apogee 0 0 0.0 0.0 -999 ""
FIBERMAP 1109 R+8C19 BOSS 1 1 0 1 0 0 195.75663871202738 173.78158084431976 143.1 254.3268624613896 -61.80420221713223 154.15884 63.175762 174.72793579101562 2.304015686154159 -999.0 -999.0 -999.0 174.72791123268178 2.304014831588611 174.729770913136 2.16309812737876 58.273611228606114 162.8818974575486 5400.0 5400.0 2015.5 1 168 {-999.0 -999.0 -999.0 -999.0 -999.0} "" -999.0 -999.0 -999.0 -999.0 27021603142685758 820257892 "" ops_sky_boss_good ops_sky sky_boss 0 0 0.0 0.0 -999 ""
FIBERMAP 1109 R+8C19 METROLOGY 0 0 0 1 0 0 195.87143911655536 173.03750702855277 143.1 253.78095671336416 -62.322523042435876 154.15884 63.175762 -999.0 -999.0 -999.0 -999.0 -999.0 174.72545281240141 2.301699954859963 174.72732124028732 2.160749645803498 58.271942114350175 162.88751335744624 -999.0 6231.0 -999.0 -1 -999 {-999.0 -999.0 -999.0 -999.0 -999.0} "" -999.0 -999.0 -999.0 -999.0 -999 -999 "" "" "" "" 0 0 0.0 0.0 -999 ""
FIBERMAP 1111 R+8C16 APOGEE 0 0 0 1 0 0 146.59640022310796 156.93764471379143 143.1 212.47465479621545 -31.01297724222826 5.1073747 120.70119 -999.0 -999.0 -999.0 -999.0 -999.0 174.54074771893224 2.4432094088069496 174.54272093903285 2.3021918786603086 58.45436899687973 163.16214965012037 -999.0 16600.0 -999.0 2 -999 {-999.0 -999.0 -999.0 -999.0 -999.0} "" -999.0 -999.0 -999.0 -999.0 -999 -999 "" "" "" "" 0 0 0.0 0.0 -999 ""
FIBERMAP 1111 R+8C16 BOSS 1 1 0 1 0 0 147.04979395081526 156.352136331846 143.1 212.2519683365912 -31.71912617939637 5.1073747 120.70119 174.5398278888576 2.4398913139495146 0.3080523 -0.49982825 0.98046625 174.53981477978107 2.4398781684352246 174.54175663544572 2.2989831292401885 58.4514918831114 163.1654305965199 5400.0 5400.0 2016.0 1 202 {-999.0 20.339664 20.217674 20.093414 20.048384} sdss_psfmag_from_gaiadr2 20.091145 20.211557 19.70105 -999.0 63050395169991497 1056632277 dark_flexible_2x2 bhm_gua_dark bhm_filler science 0 0 0.0 0.0 -999 ""
FIBERMAP 1111 R+8C16 METROLOGY 0 0 0 1 0 0 146.30344299922584 156.25146831847673 143.1 211.74396093967817 -31.16329637776816 5.1073747 120.70119 -999.0 -999.0 -999.0 -999.0 -999.0 174.53751760508374 2.4424323125956873 174.53946940841763 2.3015029141231382 58.45449264959647 163.1684933062188 -999.0 6231.0 -999.0 -1 -999 {-999.0 -999.0 -999.0 -999.0 -999.0} "" -999.0 -999.0 -999.0 -999.0 -999 -999 "" "" "" "" 0 0 0.0 0.0 -999 ""
FIBERMAP 1112 R-6C10 APOGEE 0 0 0 1 0 0 -34.89579317466954 -113.84973019524678 143.1 -113.42274606667132 -36.20594400374166 163.67473 120.74123 -999.0 -999.0 -999.0 -999.0 -999.0 173.0596826734843 2.4189363331945803 173.06197801495637 2.2783600957583263 58.76286578756306 165.94081829869398 -999.0 16600.0 -999.0 2 -999 {-999.0 -999.0 -999.0 -999.0 -999.0} "" -999.0 -999.0 -999.0 -999.0 -999 -999 "" "" "" "" 0 0 0.0 0.0 -999 ""
FIBERMAP 1112 R-6C10 BOSS 1 1 0 1 0 0 -35.09202494463567 -113.12251696789035 143.1 -112.93709554160867 -35.63032781414774 163.67473 120.74123 173.06164960081753 2.421488600245851 -38.34934 -27.152208 1.4045289 173.06185941519436 2.4214173259344656 173.06412981527865 2.280961157626845 58.764972270436175 165.9357340670504 5400.0 5400.0 2016.0 1 367 {-999.0 17.001245 16.087963 15.746926 -999.0} sdss_psfmag 16.703377 16.113857 15.383685 13.895 63050395170000088 1136203349 dark_flexible_3x1 mwm_halo_local_high_boss_triple mwm_halo science 0 0 1.1690558195114136 0.0 -999 ""
FIBERMAP 1112 R-6C10 METROLOGY 0 0 0 1 0 0 -34.375262526942144 -113.31521188378468 143.1 -112.68697282114319 -36.32901750070911 163.67473 120.74123 -999.0 -999.0 -999.0 -999.0 -999.0 173.06300299955615 2.4182759551376223 173.06527919977157 2.2777856480201044 58.76162900175255 165.9348185299794 -999.0 6231.0 -999.0 -1 -999 {-999.0 -999.0 -999.0 -999.0 -999.0} "" -999.0 -999.0 -999.0 -999.0 -999 -999 "" "" "" "" 0 0 0.0 0.0 -999 ""
FIBERMAP 1113 R-3C16 APOGEE 0 0 0 1 0 0 66.90539284654653 -66.69603306186198 143.1 -16.671504116590576 -92.97476211005846 223.35097 108.951546 -999.0 -999.0 -999.0 -999.0 -999.0 173.500351316632 2.160653020182026 173.5024611984304 2.019984811312407 58.41798294601841 165.21884250820327 -999.0 16600.0 -999.0 2 235 {-999.0 -999.0 -999.0 -999.0 -999.0} "" -999.0 -999.0 -999.0 -999.0 -999 -999 "" ops_sky_apogee_best_unassigned ops_sky sky_apogee 0 0 0.0 0.0 -999 ""
FIBERMAP 1113 R-3C16 BOSS 1 1 0 1 0 0 66.24653086772999 -66.35938864323546 143.1 -16.770365489968846 -92.24161484914937 223.35097 108.951546 173.4999012630584 2.1638065301564953 -999.0 -999.0 -999.0 173.49991741509388 2.163816819614506 173.5020014968635 2.0232707675789556 58.421290918481446 165.2183523571583 5400.0 5400.0 2016.0 1 282 {-999.0 21.20659 20.9576 20.734674 20.554422} sdss_psfmag_from_gaiadr2 20.88397 20.989986 20.076292 -999.0 63050395169998602 1056632383 dark_flexible_2x2 bhm_gua_dark bhm_filler science 0 0 0.0 0.0 -999 ""
FIBERMAP 1113 R-3C16 METROLOGY 0 0 0 1 0 0 66.8628858807624 -65.95244187918041 143.1 -16.084799302714483 -92.51611185890638 223.35097 108.951546 -999.0 -999.0 -999.0 -999.0 -999.0 173.50303533318007 2.162612651595145 173.50512598213243 2.022031120590488 58.41940974044334 165.21303703019407 -999.0 6231.0 -999.0 -1 -999 {-999.0 -999.0 -999.0 -999.0 -999.0} "" -999.0 -999.0 -999.0 -999.0 -999 -999 "" "" "" "" 0 0 0.0 0.0 -999 ""
FIBERMAP 1114 R-8C15 APOGEE 0 0 0 1 0 0 97.14256263500496 -160.4571814694889 143.1 -76.47439974424432 -171.24603408805032 217.42987 97.57164 -999.0 -999.0 -999.0 -999.0 -999.0 173.22901442332127 1.806182679965677 173.23105663760543 1.665667253573765 58.12854747874564 165.86470670472008 -999.0 16600.0 -999.0 2 203 {-999.0 -999.0 -999.0 -999.0 -999.0} "" -999.0 -999.0 -999.0 -999.0 -999 -999 "" ops_sky_apogee_best_unassigned ops_sky sky_apogee 0 0 0.0 0.0 -999 ""
FIBERMAP 1114 R-8C15 BOSS 1 1 0 1 0 0 96.60987795317688 -159.9591263547876 143.1 -76.36874704279352 -170.52457476028945 217.42987 97.57164 173.229497649975 1.8093003534979155 0.89833087 -8.268999 0.36621448 173.22948755303096 1.8092650979241627 173.23150465931747 1.668873196263795 58.13159301779827 165.8626291065361 5400.0 5400.0 2016.0 1 318 {-999.0 17.0383 16.68247 16.564287 -999.0} sdss_psfmag 16.968147 16.681543 16.231073 15.304 63050395169996313 980422035 "" ops_std_boss_tic ops_std standard_boss 0 0 0.0 0.0 -999 ""
FIBERMAP 1114 R-8C15 METROLOGY 0 0 0 1 0 0 97.32056516199779 -159.73302389155344 143.1 -75.7780065599216 -170.9796262030721 217.42987 97.57164 -999.0 -999.0 -999.0 -999.0 -999.0 173.23217164568118 1.8072500433938365 173.23419490826518 1.6668224578778683 58.12903343585282 165.85844286706003 -999.0 6231.0 -999.0 -1 -999 {-999.0 -999.0 -999.0 -999.0 -999.0} "" -999.0 -999.0 -999.0 -999.0 -999 -999 "" "" "" "" 0 0 0.0 0.0 -999 ""
FIBERMAP 1115 R-5C21 APOGEE 0 0 0 1 0 0 225.39734545790094 -109.55949137612298 143.1 38.427149289233014 -247.61538552248027 349.03464 77.99876 -999.0 -999.0 -999.0 -999.0 -999.0 173.75054929656739 1.462873395621312 173.75237623824808 1.3222631926358266 57.682785064661786 165.04253659965664 -999.0 16600.0 -999.0 2 -999 {-999.0 -999.0 -999.0 -999.0 -999.0} "" -999.0 -999.0 -999.0 -999.0 -999 -999 "" "" "" "" 0 0 0.0 0.0 -999 ""
FIBERMAP 1115 R-5C21 BOSS 1 1 0 1 0 0 225.14374345020263 -110.24081248479237 143.1 37.72287060811284 -247.79527177206964 349.03464 77.99876 173.74740600585938 1.4619283889526855 -999.0 -999.0 -999.0 173.747390768251 1.4619156781035563 173.74918992259109 1.3214327192154212 57.68266578581823 165.04869024263 5400.0 5400.0 2015.5 1 321 {-999.0 -999.0 -999.0 -999.0 -999.0} "" -999.0 -999.0 -999.0 -999.0 27021603142676323 820257325 "" ops_sky_boss_good ops_sky sky_boss 0 0 0.0 0.0 -999 ""
FIBERMAP 1115 R-5C21 METROLOGY 0 0 0 1 0 0 224.65968836710107 -109.67140204096091 143.1 37.91485914215802 -247.07310500494276 349.03464 77.99876 -999.0 -999.0 -999.0 -999.0 -999.0 173.74825717560813 1.4651841526642944 173.7500651972207 1.3246645502542085 57.68563068474751 165.04578038114738 -999.0 6231.0 -999.0 -1 -999 {-999.0 -999.0 -999.0 -999.0 -999.0} "" -999.0 -999.0 -999.0 -999.0 -999 -999 "" "" "" "" 0 0 0.0 0.0 -999 ""
FIBERMAP 1118 R-13C4 APOGEE 0 0 0 1 0 0 -64.3563269636132 -264.7714540133481 143.1 -254.20624298024543 -98.00249474840858 358.8618 68.556335 -999.0 -999.0 -999.0 -999.0 -999.0 172.42610190787053 2.139944553370503 172.42842905570876 1.9996386373738773 58.61304205909002 167.24029528064335 -999.0 16600.0 -999.0 2 279 {-999.0 -999.0 -999.0 -999.0 -999.0} "" -999.0 -999.0 -999.0 -999.0 -999 -999 "" ops_sky_apogee_best_unassigned ops_sky sky_apogee 0 0 0.0 0.0 -999 ""
FIBERMAP 1118 R-13C4 BOSS 1 1 0 1 0 0 -64.61184738808849 -265.4602859211124 143.1 -254.91778564515957 -98.18508478963699 358.8618 68.556335 172.42343390136807 2.1390103418742155 -162.28929 -9.805503 5.054302 172.42295774580705 2.1390125257263404 172.42526202735644 1.9988303550862943 58.61283588555371 167.24655499494165 5400.0 5400.0 2016.0 1 413 {-999.0 20.112707 18.48826 17.365807 -999.0} sdss_psfmag 19.43129 18.069426 16.928692 14.947 63050395170001367 1136203362 dark_flexible_3x1 mwm_halo_local_high_boss_triple mwm_halo science 0 0 0.0 0.0 -999 ""
FIBERMAP 1118 R-13C4 METROLOGY 0 0 0 1 0 0 -65.09077193850803 -264.8917218052737 143.1 -254.7235688699674 -97.46761548614371 358.8618 68.556335 -999.0 -999.0 -999.0 -999.0 -999.0 172.4237970739901 2.142281028148869 172.42610900519549 2.0020632315972025 58.61585525178399 167.24380482679126 -999.0 6231.0 -999.0 -1 -999 {-999.0 -999.0 -999.0 -999.0 -999.0} "" -999.0 -999.0 -999.0 -999.0 -999 -999 "" "" "" "" 0 0 0.0 0.0 -999 ""
FIBERMAP 1121 R-3C7 APOGEE 0 0 0 1 0 0 -104.40884462623285 -46.56164807711109 143.1 -97.75076503114708 59.248616201313865 114.21502 10.657634 -999.0 -999.0 -999.0 -999.0 -999.0 173.13070548231988 2.853349066672354 173.133139913754 2.712668768208542 59.173106708619414 165.63177542917242 -999.0 16600.0 -999.0 2 254 {-999.0 -999.0 -999.0 -999.0 -999.0} "" -999.0 -999.0 -999.0 -999.0 -999 -999 "" ops_sky_apogee_best_unassigned ops_sky sky_apogee 0 0 0.0 0.0 -999 ""
FIBERMAP 1121 R-3C7 BOSS 1 1 0 1 0 0 -104.00148482839431 -47.18003521255227 143.1 -98.02669624933318 58.56155268792179 114.21502 10.657634 173.12942504882812 2.8501109141704433 -999.0 -999.0 -999.0 173.129429748054 2.8501300181084104 173.13183785035176 2.7095699447141475 59.17034790040937 165.63552041858213 5400.0 5400.0 2015.5 1 468 {-999.0 -999.0 -999.0 -999.0 -999.0} "" -999.0 -999.0 -999.0 -999.0 27021603142698060 812161341 "" ops_sky_boss_good ops_sky sky_boss 0 0 0.0 0.0 -999 ""
FIBERMAP 1121 R-3C7 METROLOGY 0 0 0 1 0 0 -104.74147625781322 -47.23367433790483 143.1 -98.49244129075556 59.13895644699289 114.21502 10.657634 -999.0 -999.0 -999.0 -999.0 -999.0 173.12731381086382 2.852781035990012 173.1297305934229 2.7121873708553714 59.173347178034845 165.63847067636397 -999.0 6231.0 -999.0 -1 -999 {-999.0 -999.0 -999.0 -999.0 -999.0} "" -999.0 -999.0 -999.0 -999.0 -999 -999 "" "" "" "" 0 0 0.0 0.0 -999 ""
FIBERMAP 1125 R0C22 APOGEE 0 0 0 1 0 0 169.1718595693148 -18.067182444180332 143.1 81.55684378130498 -149.28525068717892 297.47382 48.060772 -999.0 -999.0 -999.0 -999.0 -999.0 173.9471276460118 1.9056913736730479 173.9490612186189 1.764938555014188 58.07107463213761 164.49795960145303 -999.0 16600.0 -999.0 2 -999 {-999.0 -999.0 -999.0 -999.0 -999.0} "" -999.0 -999.0 -999.0 -999.0 -999 -999 "" "" "" "" 0 0 0.0 0.0 -999 ""
FIBERMAP 1125 R0C22 BOSS 1 1 0 1 0 0 168.45378939747394 -17.88006758818573 143.1 81.30139133179716 -148.58866629670936 297.47382 48.060772 173.94587595320925 1.908605762307568 -67.501305 14.185998 10.410111 173.9460311039051 1.9086660288399786 173.9479372267283 1.7680369552627047 58.07434630078622 164.49871223963015 5400.0 5400.0 2016.0 1 244 {-999.0 18.438799 17.000574 15.466141 -999.0} sdss_psfmag 17.832125 16.155865 14.902077 12.57 63050395169983239 1151041400 dark_1x1 mwm_snc_100pc_boss_single mwm_snc science 0 0 1.2623248100280762 0.0 -999 ""
FIBERMAP 1125 R0C22 METROLOGY 0 0 0 1 0 0 168.97228766765494 -17.348271436767273 143.1 82.03376995124017 -148.71162120491556 297.47382 48.060772 -999.0 -999.0 -999.0 -999.0 -999.0 173.94934153442696 1.908162723690087 173.95125493427736 1.7674976576050794 58.07307507696471 164.49283147851273 -999.0 6231.0 -999.0 -1 -999 {-999.0 -999.0 -999.0 -999.0 -999.0} "" -999.0 -999.0 -999.0 -999.0 -999 -999 "" "" "" "" 0 0 0.0 0.0 -999 ""
FIBERMAP 1126 R+3C12 APOGEE 0 0 0 1 0 0 -9.113619837878236 36.476208002058804 143.1 24.775187675756904 28.273208487080275 345.80197 27.235863 -999.0 -999.0 -999.0 -999.0 -999.0 173.68909363332523 2.712772558096648 173.69134726494894 2.571943249424079 58.915255999817916 164.63238943269334 -999.0 16600.0 -999.0 2 14 {-999.0 -999.0 -999.0 -999.0 -999.0} "" -999.0 -999.0 -999.0 -999.0 -999 -999 "" ops_sky_apogee_best_unassigned ops_sky sky_apogee 0 0 0.0 0.0 -999 ""
FIBERMAP 1126 R+3C12 BOSS 1 1 0 1 0 0 -9.824007100843406 36.299562223090234 143.1 24.22525122047441 28.756195825367442 345.80197 27.235863 173.68669696995875 2.714964176975952 -31.526733 -27.490122 7.4544373 173.68662644315708 2.714868541436347 173.6888538645444 2.5741596072090402 58.917972095908304 164.63613503681006 5400.0 5400.0 2016.0 1 114 {-999.0 nan nan nan nan} undefined 21.061697 19.033403 17.663162 14.742 63050395170000870 1059390928 dark_flexible_2x1 bhm_spiders_agn_gaiadr3 bhm_spiders science 0 0 0.0 0.0 -999 ""
FIBERMAP 1126 R+3C12 METROLOGY 0 0 0 1 0 0 -9.626961718918595 37.01589637909278 143.1 24.92606811509563 29.002500207314185 345.80197 27.235863 -999.0 -999.0 -999.0 -999.0 -999.0 173.68981161140547 2.716021786141161 173.69204645003595 2.5752776634924324 58.918350559303846 164.6296298118302 -999.0 6231.0 -999.0 -1 -999 {-999.0 -999.0 -999.0 -999.0 -999.0} "" -999.0 -999.0 -999.0 -999.0 -999 -999 "" "" "" "" 0 0 0.0 0.0 -999 ""
FIBERMAP 1127 R-13C6 APOGEE 1 1 0 1 0 0 -36.76024961389393 -244.72614644816548 143.1 -222.01191272505997 -109.25256006039614 54.46525 161.7768 172.5703767296227 2.0886275016980846 7.82562 -46.31057 32.810192 172.57037286445217 2.088522083873162 172.57265047304975 1.9481745983053274 58.53544622269538 166.98728285182492 16000.0 16600.0 2016.0 2 274 {-999.0 14.798301 12.9934 11.846835 -999.0} sdss_psfmag_gaia 13.889528 12.534778 11.38728 9.263 63050395170001295 984745467 bright_1x1 mwm_snc_100pc_apogee mwm_snc science 0 0 0.0 0.0 -999 ""
FIBERMAP 1127 R-13C6 BOSS 0 0 0 1 0 0 -36.14510941972966 -244.29624827895418 143.1 -221.3081821483419 -109.51298039068267 54.46525 161.7768 -999.0 -999.0 -999.0 -999.0 -999.0 172.573536913988 2.0871988823071232 172.575789664421 1.9469732654709064 58.53367216006861 166.98181735897006 -999.0 5400.0 -999.0 1 415 {-999.0 -999.0 -999.0 -999.0 -999.0} "" -999.0 -999.0 -999.0 -999.0 -999 -999 "" "" "" "" 0 0 0.0 0.0 -999 ""
FIBERMAP 1127 R-13C6 METROLOGY 0 0 0 1 0 0 -36.07434153654405 -245.0423136674739 143.1 -221.88081558273313 -109.99625942104286 54.46525 161.7768 -999.0 -999.0 -999.0 -999.0 -999.0 172.57098306690762 2.085065013726505 172.57324225580805 1.944805923448246 58.53202650460174 166.9873929225559 -999.0 6231.0 -999.0 -1 -999 {-999.0 -999.0 -999.0 -999.0 -999.0} "" -999.0 -999.0 -999.0 -999.0 -999 -999 "" "" "" "" 0 0 0.0 0.0 -999 ""
FIBERMAP 1129 R-8C8 APOGEE 0 0 0 1 0 0 -24.896899297694134 -157.99449506312985 143.1 -143.99387844752124 -69.57632434792707 45.62933 52.786205 -999.0 -999.0 -999.0 -999.0 -999.0 172.9213050789818 2.2673382315538615 172.92357560923733 2.126836442620647 58.64242629321254 166.2605126595109 -999.0 16600.0 -999.0 2 -999 {-999.0 -999.0 -999.0 -999.0 -999.0} "" -999.0 -999.0 -999.0 -999.0 -999 -999 "" "" "" "" 0 0 0.0 0.0 -999 ""
FIBERMAP 1129 R-8C8 BOSS 1 1 0 1 0 0 -24.77995344482918 -158.72832925603058 143.1 -144.53014886665494 -70.09057291927303 45.62933 52.786205 172.91885649532193 2.2648438243799807 -0.4152838 0.3249611 0.031197244 172.9188557921672 2.264859034110748 172.9211010575009 2.1244804991557267 58.64061196898313 166.26607334592012 5400.0 5400.0 2016.0 1 389 {-999.0 19.25032 19.034414 18.728117 18.654848} sdss_psfmag 19.576544 19.362942 18.74625 -999.0 63050395169997983 1059933909 dark_2x4 bhm_aqmes_wide2 bhm_aqmes science 0 0 0.0 0.0 -999 ""
FIBERMAP 1129 R-8C8 METROLOGY 0 0 0 1 0 0 -25.480673141961656 -158.4591132711899 143.1 -144.7082608966199 -69.36145910897334 45.62933 52.786205 -999.0 -999.0 -999.0 -999.0 -999.0 172.91804238506583 2.2682102251580134 172.92029610306918 2.1277967580877526 58.64402207682548 166.26631487863187 -999.0 6231.0 -999.0 -1 -999 {-999.0 -999.0 -999.0 -999.0 -999.0} "" -999.0 -999.0 -999.0 -999.0 -999 -999 "" "" "" "" 0 0 0.0 0.0 -999 ""
FIBERMAP 1130 R-3C13 APOGEE 1 1 0 1 0 0 -7.395753530788927 -56.82974893598217 143.1 -50.905127391967376 -26.307509248307834 212.51149 74.11731 173.3442020253883 2.4639689602823696 -20.989296 21.565567 3.5424492 173.34413219426227 2.4640258880615846 173.34638028580343 2.3233493803896152 58.74765179081653 165.38690777370272 16000.0 16600.0 2016.0 2 174 {-999.0 7.893639 8.117815 8.263896 -999.0} sdss_psfmag_gaia 8.01218 8.002541 7.9570055 7.895 63050395170000156 975467936 "" ops_std_apogee ops_std standard_apogee 0 0 0.0 0.0 -999 ""
FIBERMAP 1130 R-3C13 BOSS 0 0 0 1 0 0 -7.599601707394623 -56.11907205931076 143.1 -50.43740308633131 -25.735058547780973 212.51149 74.11731 -999.0 -999.0 -999.0 -999.0 -999.0 173.34626015372126 2.4664982198331873 173.34848228189196 2.325941691200412 58.74973897087541 165.3818906281324 -999.0 5400.0 -999.0 1 364 {-999.0 -999.0 -999.0 -999.0 -999.0} "" -999.0 -999.0 -999.0 -999.0 -999 -999 "" "" "" "" 0 0 0.0 0.0 -999 ""
FIBERMAP 1130 R-3C13 METROLOGY 0 0 0 1 0 0 -6.874824653877514 -56.29738271382518 143.1 -50.17089535467784 -26.432136269874025 212.51149 74.11731 -999.0 -999.0 -999.0 -999.0 -999.0 173.3474747498323 2.4633605049360967 173.3497029803459 2.3227698681751243 58.74638045717094 165.3808918456193 -999.0 6231.0 -999.0 -1 -999 {-999.0 -999.0 -999.0 -999.0 -999.0} "" -999.0 -999.0 -999.0 -999.0 -999 -999 "" "" "" "" 0 0 0.0 0.0 -999 ""
FIBERMAP 1131 R-8C19 APOGEE 0 0 0 1 0 0 189.5491150981266 -141.8514077811382 143.1 -8.531265113648496 -236.56402604247432 166.43869 76.51691 -999.0 -999.0 -999.0 -999.0 -999.0 173.5378513528779 1.512066228585845 173.539733540754 1.3715105267357495 57.776480532900635 165.41164960211984 -999.0 16600.0 -999.0 2 185 {-999.0 -999.0 -999.0 -999.0 -999.0} "" -999.0 -999.0 -999.0 -999.0 -999 -999 "" ops_sky_apogee_best_unassigned ops_sky sky_apogee 0 0 0.0 0.0 -999 ""
FIBERMAP 1131 R-8C19 BOSS 1 1 0 1 0 0 189.87702341557335 -141.17894792977964 143.1 -7.791924147194413 -236.45023858484163 166.43869 76.51691 173.5412396534401 1.5124221607480648 -0.36848554 0.22509448 -0.6855566 173.54122790718884 1.5124179481028028 173.54308230261177 1.3719869566102978 57.77623674207706 165.4053244467437 5400.0 5400.0 2016.0 1 331 {-999.0 20.891787 20.705297 20.54606 20.430553} sdss_psfmag_from_gaiadr2 20.745007 20.706585 20.10936 -999.0 63050395169980903 1056632100 dark_flexible_2x2 bhm_gua_dark bhm_filler science 0 0 0.0 0.0 -999 ""
FIBERMAP 1131 R-8C19 METROLOGY 0 0 0 1 0 0 190.3015847102891 -141.78130402658394 143.1 -8.044882350726281 -237.14229956775878 166.43869 76.51691 -999.0 -999.0 -999.0 -999.0 -999.0 173.54007638530166 1.5093634880023117 173.54193769378458 1.3688977958993538 57.773460244943145 165.4086492650264 -999.0 6231.0 -999.0 -1 -999 {-999.0 -999.0 -999.0 -999.0 -999.0} "" -999.0 -999.0 -999.0 -999.0 -999 -999 "" "" "" "" 0 0 0.0 0.0 -999 ""
FIBERMAP 1132 R+2C1 APOGEE 0 0 0 1 0 0 -284.58449255509146 41.23715021233641 143.1 -128.2872085690016 257.3102337408426 191.59077 96.14218 -999.0 -999.0 -999.0 -999.0 -999.0 172.99505553684605 3.746018181327636 172.99784588711384 3.6052201606022285 60.07413740480841 165.52272691947164 -999.0 16600.0 -999.0 2 145 {-999.0 -999.0 -999.0 -999.0 -999.0} "" -999.0 -999.0 -999.0 -999.0 -999 -999 "" ops_sky_apogee_best_unassigned ops_sky sky_apogee 0 0 0.0 0.0 -999 ""
FIBERMAP 1132 R+2C1 BOSS 1 1 0 1 0 0 -284.77932926007753 41.935361062541666 143.1 -127.82459113902298 257.86817708516173 191.59077 96.14218 172.99723203854393 3.7484133932635486 -1.6620041 -1.734471 -0.04111738 172.9971901935227 3.7483892030132115 172.99995598950875 3.6077049713530496 60.076122792004796 165.51755088336284 5400.0 5400.0 2016.0 1 4 {-999.0 21.452892 20.646704 20.171362 19.813425} sdss_psfmag_from_lsdr10 20.866465 20.573845 19.828684 -999.0 63050395170260025 1059014450 dark_flexible_2x2 bhm_spiders_agn_lsdr10 bhm_spiders science 0 0 0.0 0.0 -999 ""
FIBERMAP 1132 R+2C1 METROLOGY 0 0 0 1 0 0 -284.05423633985953 41.77545677416541 143.1 -127.54278093183125 257.18132850821075 191.59077 96.14218 -999.0 -999.0 -999.0 -999.0 -999.0 172.99843329037873 3.7453770452462822 173.00120468033538 3.604660380258477 60.07288396198673 165.5163948921026 -999.0 6231.0 -999.0 -1 -999 {-999.0 -999.0 -999.0 -999.0 -999.0} "" -999.0 -999.0 -999.0 -999.0 -999 -999 "" "" "" "" 0 0 0.0 0.0 -999 ""
FIBERMAP 1135 R-2C11 APOGEE 0 0 0 1 0 0 -46.122829747665136 -30.198635959692314 143.1 -51.093459940010675 20.685697446239406 53.09202 153.21791 -999.0 -999.0 -999.0 -999.0 -999.0 173.34315719759437 2.6780712689886084 173.34547982925972 2.5373551311988285 58.95694046124956 165.30050036745092 -999.0 16600.0 -999.0 2 268 {-999.0 -999.0 -999.0 -999.0 -999.0} "" -999.0 -999.0 -999.0 -999.0 -999 -999 "" ops_sky_apogee_best_unassigned ops_sky sky_apogee 0 0 0.0 0.0 -999 ""
FIBERMAP 1135 R-2C11 BOSS 1 1 0 1 0 0 -45.472450744662154 -29.850985282812236 143.1 -50.43722262961941 20.34945747410988 53.09202 153.21791 173.3461511580582 2.676424584753821 1.5292739 -0.3199029 0.9817708 173.34614698195463 2.676432964878281 173.34844205650518 2.5358362920620583 58.95482451623646 165.29552349236147 5400.0 5400.0 2016.0 1 448 {-999.0 20.529678 20.352991 20.202412 20.09745} sdss_psfmag_from_gaiadr2 20.450047 20.350626 19.84533 -999.0 63050395170000795 1056632423 dark_flexible_2x2 bhm_gua_dark bhm_filler science 0 0 0.0 0.0 -999 ""
FIBERMAP 1135 R-2C11 METROLOGY 0 0 0 1 0 0 -45.49154308718868 -30.600207226854437 143.1 -51.063655283442905 19.938207960566437 53.09202 153.21791 -999.0 -999.0 -999.0 -999.0 -999.0 173.3432901435772 2.674589722397014 173.34559270018292 2.5339602651962885 58.95359984263621 165.30169270362632 -999.0 6231.0 -999.0 -1 -999 {-999.0 -999.0 -999.0 -999.0 -999.0} "" -999.0 -999.0 -999.0 -999.0 -999 -999 "" "" "" "" 0 0 0.0 0.0 -999 ""
FIBERMAP 1137 R-1C6 APOGEE 0 0 0 1 0 0 -171.38170855321462 -36.37845346368097 143.1 -127.54807963876932 120.07561485046674 287.54663 85.5158 -999.0 -999.0 -999.0 -999.0 -999.0 172.9957068846461 3.1291196472994596 172.99827350853286 2.9884332016191966 59.470848918913035 165.77765332778864 -999.0 16600.0 -999.0 2 -999 {-999.0 -999.0 -999.0 -999.0 -999.0} "" -999.0 -999.0 -999.0 -999.0 -999 -999 "" "" "" "" 0 0 0.0 0.0 -999 ""
FIBERMAP 1137 R-1C6 BOSS 1 1 0 1 0 0 -172.09993248937442 -36.55359809383738 143.1 -128.1012484044329 120.56589613198626 287.54663 85.5158 172.9929992973289 3.1312538117174635 -46.84138 0.705539 10.720639 172.99318787033164 3.1312510151095365 172.99573095535345 2.990682856963481 59.47357512256909 165.78162778488147 5400.0 5400.0 2016.0 1 484 {-999.0 18.938646 17.430246 15.809356 -999.0} sdss_psfmag 18.319857 16.511742 15.235026 12.916 63050395170005978 1151043853 dark_1x1 mwm_snc_100pc_boss_single mwm_snc science 0 0 1.147547960281372 0.0 -999 ""
FIBERMAP 1137 R-1C6 METROLOGY 0 0 0 1 0 0 -171.89473848039907 -35.83673187990853 143.1 -127.3953509741824 120.80580887228855 287.54663 85.5158 -999.0 -999.0 -999.0 -999.0 -999.0 172.99639195576358 3.132376374619674 172.9989417046637 2.991773545392145 59.473978932853925 165.7750075284295 -999.0 6231.0 -999.0 -1 -999 {-999.0 -999.0 -999.0 -999.0 -999.0} "" -999.0 -999.0 -999.0 -999.0 -999 -999 "" "" "" "" 0 0 0.0 0.0 -999 ""
FIBERMAP 1140 R-5C12 APOGEE 0 0 0 1 0 0 25.376426774892003 -81.47282752706376 143.1 -52.47677566744673 -67.27537551884295 110.680305 38.33252 -999.0 -999.0 -999.0 -999.0 -999.0 173.33715005136168 2.277533350534692 173.33933490599054 2.1368940690544456 58.566911654191735 165.47601238122363 -999.0 16600.0 -999.0 2 159 {-999.0 -999.0 -999.0 -999.0 -999.0} "" -999.0 -999.0 -999.0 -999.0 -999 -999 "" ops_sky_apogee_best_unassigned ops_sky sky_apogee 0 0 0.0 0.0 -999 ""
FIBERMAP 1140 R-5C12 BOSS 1 1 0 1 0 0 26.012825905355612 -81.85650095620967 143.1 -52.42935304712965 -68.01686647861813 110.680305 38.33252 173.33739744681696 2.2740065293282306 -8.453957 -1.5367103 0.3733508 173.33736957194168 2.27400324439107 173.33952678930711 2.1334865987309852 58.5635404510677 165.47703171805765 5400.0 5400.0 2016.0 1 387 {-999.0 16.87408 16.491144 16.356325 -999.0} sdss_psfmag 16.797405 16.491638 16.01807 15.11 63050395169999712 976468368 "" ops_std_boss ops_std standard_boss 0 0 0.0 0.0 -999 ""
FIBERMAP 1140 R-5C12 METROLOGY 0 0 0 1 0 0 25.366875046672547 -82.22952599735348 143.1 -53.10391434855795 -67.69872391698081 110.680305 38.33252 -999.0 -999.0 -999.0 -999.0 -999.0 173.33429314933846 2.2754923210880267 173.33645902563717 2.1349417774603405 58.565609651045804 165.4821888265201 -999.0 6231.0 -999.0 -1 -999 {-999.0 -999.0 -999.0 -999.0 -999.0} "" -999.0 -999.0 -999.0 -999.0 -999 -999 "" "" "" "" 0 0 0.0 0.0 -999 ""
FIBERMAP 1143 R-2C5 APOGEE 0 0 0 1 0 0 -162.54359593739989 -51.753940438473734 143.1 -135.1441249986724 104.05276571355633 25.444431 38.314487 -999.0 -999.0 -999.0 -999.0 -999.0 172.96111615914708 3.0563775716261516 172.96366500940303 2.915716001734933 59.406820362912484 165.87365538233638 -999.0 16600.0 -999.0 2 249 {-999.0 -999.0 -999.0 -999.0 -999.0} "" -999.0 -999.0 -999.0 -999.0 -999 -999 "" ops_sky_apogee_best_unassigned ops_sky sky_apogee 0 0 0.0 0.0 -999 ""
FIBERMAP 1143 R-2C5 BOSS 1 1 0 1 0 0 -162.86151871731386 -52.426439218869206 143.1 -135.87780780405043 103.93075205696664 25.444431 38.314487 172.95769441356026 3.0557367873743346 0.5828877 -0.011902501 -0.037901808 172.9577692296436 3.0557283294255 172.96029383699124 2.9151861861761468 59.406993541958116 165.88034350710728 5400.0 5400.0 2016.0 1 473 {-999.0 20.659288 20.475918 20.319498 20.207336} sdss_psfmag_from_gaiadr2 20.383537 20.475988 19.757572 -999.0 63050395170005930 1056632520 dark_flexible_2x2 bhm_gua_dark bhm_filler science 0 0 0.0 0.0 -999 ""
FIBERMAP 1143 R-2C5 METROLOGY 0 0 0 1 0 0 -163.29299023380565 -51.80988356183413 143.1 -135.61712109793962 104.63658186513456 25.444431 38.314487 -999.0 -999.0 -999.0 -999.0 -999.0 172.95895884193533 3.058959701099688 172.96149136581266 2.9183830633171626 59.409876559231 165.87675315534722 -999.0 6231.0 -999.0 -1 -999 {-999.0 -999.0 -999.0 -999.0 -999.0} "" -999.0 -999.0 -999.0 -999.0 -999 -999 "" "" "" "" 0 0 0.0 0.0 -999 ""
FIBERMAP 1144 R+12C1 APOGEE 0 0 0 1 0 0 -138.4955563887563 228.55712517075037 143.1 108.86008595582632 244.02720846222795 28.770302 68.51562 -999.0 -999.0 -999.0 -999.0 -999.0 174.06914626875636 3.6877895271755667 174.0716190235272 3.5466701523759268 59.77567772304794 163.4653939245523 -999.0 16600.0 -999.0 2 129 {-999.0 -999.0 -999.0 -999.0 -999.0} "" -999.0 -999.0 -999.0 -999.0 -999 -999 "" ops_sky_apogee_best_unassigned ops_sky sky_apogee 0 0 0.0 0.0 -999 ""
FIBERMAP 1144 R+12C1 BOSS 1 1 0 1 0 0 -138.4481316534754 227.83300254121085 143.1 108.29217864135482 243.57561175502448 28.770302 68.51562 174.06659315452387 3.6856796907061944 0.9716957 -5.4913325 0.60629416 174.06662248719155 3.68568044071364 174.0690666958667 3.5446776980614123 59.77435406125719 163.47125571375744 5400.0 5400.0 2016.0 1 8 {-999.0 20.706047 20.406324 20.394855 20.489578} sdss_psfmag 20.294664 20.665611 19.927149 -999.0 63050395170013441 1129029491 dark_1x4 bhm_aqmes_wide1_faint bhm_filler science 0 0 0.0 0.0 -999 ""
FIBERMAP 1144 R+12C1 METROLOGY 0 0 0 1 0 0 -139.1138068480401 228.1449237984481 143.1 108.16912253763604 244.3002684726413 28.770302 68.51562 -999.0 -999.0 -999.0 -999.0 -999.0 174.06603764585793 3.688947215554945 174.06849115160003 3.5479112951527183 59.777631085401325 163.4708239082678 -999.0 6231.0 -999.0 -1 -999 {-999.0 -999.0 -999.0 -999.0 -999.0} "" -999.0 -999.0 -999.0 -999.0 -999 -999 "" "" "" "" 0 0 0.0 0.0 -999 ""
FIBERMAP 1148 R0C11 APOGEE 0 0 0 1 0 0 -51.468157625798305 8.565561836370472 143.1 -22.29116497625478 47.166700643695684 65.61849 73.72734 -999.0 -999.0 -999.0 -999.0 -999.0 173.47442968297335 2.7987530418146194 173.47676301388162 2.6579733356795203 59.04642801004679 165.0013231740839 -999.0 16600.0 -999.0 2 285 {-999.0 -999.0 -999.0 -999.0 -999.0} "" -999.0 -999.0 -999.0 -999.0 -999 -999 "" ops_sky_apogee_best_unassigned ops_sky sky_apogee 0 0 0.0 0.0 -999 ""
FIBERMAP 1148 R0C11 BOSS 1 1 0 1 0 0 -50.901523346156935 8.086910402548515 143.1 -22.36153002014858 46.4284056394212 65.61849 73.72734 173.47412109375 2.7952571349624122 -999.0 -999.0 -999.0 173.47412396144978 2.795297375737547 173.4764294687982 2.6546379801834443 59.04324533294207 165.0033679179684 5400.0 5400.0 2015.5 1 431 {-999.0 -999.0 -999.0 -999.0 -999.0} "" -999.0 -999.0 -999.0 -999.0 27021603142694387 812160786 "" ops_sky_boss_good ops_sky sky_boss 0 0 0.0 0.0 -999 ""
FIBERMAP 1148 R0C11 METROLOGY 0 0 0 1 0 0 -51.6023342385232 7.832895685616889 143.1 -22.9695750192979 46.85943732173524 65.61849 73.72734 -999.0 -999.0 -999.0 -999.0 -999.0 173.47134544838738 2.7972876200111494 173.47365987483533 2.6565948247497677 59.04575774912155 165.00778889010456 -999.0 6231.0 -999.0 -1 -999 {-999.0 -999.0 -999.0 -999.0 -999.0} "" -999.0 -999.0 -999.0 -999.0 -999 -999 "" "" "" "" 0 0 0.0 0.0 -999 ""
FIBERMAP 1149 R-5C9 APOGEE 0 0 0 1 0 0 -39.21732315092985 -98.70671565786765 143.1 -103.44397453835766 -24.02634482053444 22.715298 85.85492 -999.0 -999.0 -999.0 -999.0 -999.0 173.10495981569696 2.4743573540104777 173.10726495980657 2.3337558824090445 58.807797365798 165.8334279678266 -999.0 16600.0 -999.0 2 284 {-999.0 -999.0 -999.0 -999.0 -999.0} "" -999.0 -999.0 -999.0 -999.0 -999 -999 "" ops_sky_apogee_best_unassigned ops_sky sky_apogee 0 0 0.0 0.0 -999 ""
FIBERMAP 1149 R-5C9 BOSS 1 1 0 1 0 0 -38.973333938483975 -99.41142137959245 143.1 -103.88391909219622 -24.628372391681673 22.715298 85.85492 173.1029334173261 2.471481408948641 0.123659365 0.054394364 -0.5026855 173.10293907756378 2.471484421601301 173.10521816127243 2.331005169552234 58.80552676868292 165.83838567588478 5400.0 5400.0 2016.0 1 409 {-999.0 18.43762 18.357975 18.262787 18.215921} sdss_psfmag 18.739532 18.664354 18.20994 -999.0 63050395170000128 1059933915 dark_2x4 bhm_aqmes_wide2 bhm_aqmes science 0 0 0.0 0.0 -999 ""
FIBERMAP 1149 R-5C9 METROLOGY 0 0 0 1 0 0 -39.705350698635264 -99.27778912599543 143.1 -104.1912596062237 -23.95080607817332 22.715298 85.85492 -999.0 -999.0 -999.0 -999.0 -999.0 173.10154017472328 2.4746044266490075 173.10382791225584 2.334090742525464 58.8088322341031 165.83978367392427 -999.0 6231.0 -999.0 -1 -999 {-999.0 -999.0 -999.0 -999.0 -999.0} "" -999.0 -999.0 -999.0 -999.0 -999 -999 "" "" "" "" 0 0 0.0 0.0 -999 ""
FIBERMAP 1150 R-9C10 APOGEE 0 0 0 1 0 0 17.299550243198002 -182.7581394150487 143.1 -140.29426988942902 -118.35577702938193 278.19592 143.12822 -999.0 -999.0 -999.0 -999.0 -999.0 172.9388225483533 2.0460766075753076 172.9410087081967 1.9056106685929515 58.42217104551368 166.31234182333347 -999.0 16600.0 -999.0 2 180 {-999.0 -999.0 -999.0 -999.0 -999.0} "" -999.0 -999.0 -999.0 -999.0 -999 -999 "" ops_sky_apogee_best_unassigned ops_sky sky_apogee 0 0 0.0 0.0 -999 ""
FIBERMAP 1150 R-9C10 BOSS 1 1 0 1 0 0 16.94860639972819 -183.40046044916363 143.1 -141.02197564334844 -118.43346447244984 278.19592 143.12822 172.93551259065754 2.0456078240642244 -5.9800105 -8.360135 0.2885037 172.93551404079554 2.0455754350833093 172.93767569910926 1.9052337303935731 58.42246468958048 166.31871919999236 5400.0 5400.0 2016.0 1 375 {-999.0 17.993612 17.622112 17.477491 17.424103} sdss_psfmag_from_gaia 17.9309 17.6339 17.1447 -999.0 63050395169997473 968886764 "" ops_std_boss_gdr2 ops_std standard_boss 0 0 0.0 0.0 -999 ""
FIBERMAP 1150 R-9C10 METROLOGY 0 0 0 1 0 0 16.55525941146658 -182.7573074650023 143.1 -140.71771201684444 -117.74380120366146 278.19592 143.12822 -999.0 -999.0 -999.0 -999.0 -999.0 172.93687892633423 2.0487366956534347 172.93904853803838 1.908359059061673 58.425254420446464 166.31496342270074 -999.0 6231.0 -999.0 -1 -999 {-999.0 -999.0 -999.0 -999.0 -999.0} "" -999.0 -999.0 -999.0 -999.0 -999 -999 "" "" "" "" 0 0 0.0 0.0 -999 ""
FIBERMAP 1151 R-9C4 APOGEE 0 0 0 1 0 0 -134.12349317135823 -169.90164052150652 143.1 -216.0181974436023 13.377978868421529 146.81615 126.90073 -999.0 -999.0 -999.0 -999.0 -999.0 172.59542395489532 2.6439350902332146 172.59790691440276 2.5034749872981314 59.075665216709815 166.7343666494076 -999.0 16600.0 -999.0 2 -999 {-999.0 -999.0 -999.0 -999.0 -999.0} "" -999.0 -999.0 -999.0 -999.0 -999 -999 "" "" "" "" 0 0 0.0 0.0 -999 ""
FIBERMAP 1151 R-9C4 BOSS 1 1 0 1 0 0 -134.1718940859224 -169.18050295201533 143.1 -215.45329888863114 13.828676592104703 146.81615 126.90073 172.59796142578125 2.645880971606445 -999.0 -999.0 -999.0 172.59794281519788 2.6458660396385523 172.60040226511057 2.5055247408229 59.077194774867465 166.72883637520604 5400.0 5400.0 2015.5 1 479 {-999.0 -999.0 -999.0 -999.0 -999.0} "" -999.0 -999.0 -999.0 -999.0 27021603142695817 812161010 "" ops_sky_boss_good ops_sky sky_boss 0 0 0.0 0.0 -999 ""
FIBERMAP 1151 R-9C4 METROLOGY 0 0 0 1 0 0 -133.50242539504708 -169.488195485571 143.1 -215.32460682806422 13.10331286665159 146.81615 126.90073 -999.0 -999.0 -999.0 -999.0 -999.0 172.59852510414345 2.642610745475602 172.60098989061385 2.5022358365301445 59.073854415652775 166.7289520928069 -999.0 6231.0 -999.0 -1 -999 {-999.0 -999.0 -999.0 -999.0 -999.0} "" -999.0 -999.0 -999.0 -999.0 -999 -999 "" "" "" "" 0 0 0.0 0.0 -999 ""
FIBERMAP 1152 R-9C3 APOGEE 0 0 0 1 0 0 -157.24938060672196 -164.91580005228212 143.1 -225.09990524703866 35.21909625659723 154.59134 100.8392 -999.0 -999.0 -999.0 -999.0 -999.0 172.5546282556626 2.7428571642634805 172.55715825350262 2.602393138321216 59.180577183822095 166.77503391059676 -999.0 16600.0 -999.0 2 256 {-999.0 -999.0 -999.0 -999.0 -999.0} "" -999.0 -999.0 -999.0 -999.0 -999 -999 "" ops_sky_apogee_best_unassigned ops_sky sky_apogee 0 0 0.0 0.0 -999 ""
FIBERMAP 1152 R-9C3 BOSS 1 1 0 1 0 0 -157.06033553879334 -164.20649440198787 143.1 -224.40942178871452 35.467968500957255 154.59134 100.8392 172.5577528006587 2.7439134752667447 -2.929169 -7.9815364 0.17796156 172.5577149549607 2.743879971786093 172.56022112087624 2.6035342336340617 59.181107561289096 166.76874459526064 5400.0 5400.0 2016.0 1 477 {-999.0 17.823051 17.45396 17.310568 17.258158} sdss_psfmag_from_gaia 17.7658 17.4656 16.9827 16.177 63050395170005161 970816896 "" ops_std_boss_gdr2 ops_std standard_boss 0 0 0.0 0.0 -999 ""
FIBERMAP 1152 R-9C3 METROLOGY 0 0 0 1 0 0 -156.5173525458511 -164.76201286315884 143.1 -224.55641741371267 34.70530335274992 154.59134 100.8392 -999.0 -999.0 -999.0 -999.0 -999.0 172.55705449424048 2.7404545018834665 172.55956617099525 2.600075757048381 59.177839907124905 166.77129806297825 -999.0 6231.0 -999.0 -1 -999 {-999.0 -999.0 -999.0 -999.0 -999.0} "" -999.0 -999.0 -999.0 -999.0 -999 -999 "" "" "" "" 0 0 0.0 0.0 -999 ""
FIBERMAP 1153 R-6C11 APOGEE 0 0 0 1 0 0 -18.866020009164846 -117.25834038871282 143.1 -107.08884182616391 -51.318199656320445 223.4381 68.76023 -999.0 -999.0 -999.0 -999.0 -999.0 173.088572040141 2.3501911223359873 173.09083638718107 2.209618268832181 58.68967794219086 165.91354164989815 -999.0 16600.0 -999.0 2 -999 {-999.0 -999.0 -999.0 -999.0 -999.0} "" -999.0 -999.0 -999.0 -999.0 -999 -999 "" "" "" "" 0 0 0.0 0.0 -999 ""
FIBERMAP 1153 R-6C11 BOSS 1 1 0 1 0 0 -19.156986345634657 -116.57829666508727 143.1 -106.69592869698431 -50.69162951827817 223.4381 68.76023 173.09023575063048 2.3529668089100846 27.589447 -29.995758 1.5193454 173.09032973499856 2.352895571223813 173.09256919780444 2.2124432225898474 58.69208830419533 165.90916668322618 5400.0 5400.0 2016.0 1 386 {-999.0 18.08898 16.769787 16.169968 -999.0} sdss_psfmag_ps1 17.311281 16.632767 15.742899 13.887 63050395170000049 1092459142 dark_flexible_2x1 mwm_cb_galex_vol_boss mwm_cb science 0 0 0.0 0.0 -999 ""
FIBERMAP 1153 R-6C11 METROLOGY 0 0 0 1 0 0 -18.412576780828612 -116.66584463413916 143.1 -106.34366390676158 -51.35311702915981 223.4381 68.76023 -999.0 -999.0 -999.0 -999.0 -999.0 173.0919376382998 2.3499250640346765 173.09418290041094 2.209438298970967 58.688816747951016 165.90731427611524 -999.0 6231.0 -999.0 -1 -999 {-999.0 -999.0 -999.0 -999.0 -999.0} "" -999.0 -999.0 -999.0 -999.0 -999 -999 "" "" "" "" 0 0 0.0 0.0 -999 ""
FIBERMAP 1156 R-11C14 APOGEE 0 0 0 1 0 0 128.009902786292 -201.30658404108087 143.1 -92.44644979847949 -219.88389218045012 69.56964 116.61252 -999.0 -999.0 -999.0 -999.0 -999.0 173.15754530351327 1.5875606282359447 173.15952384301238 1.447110146326686 57.929160492155155 166.08107594855366 -999.0 16600.0 -999.0 2 239 {-999.0 -999.0 -999.0 -999.0 -999.0} "" -999.0 -999.0 -999.0 -999.0 -999 -999 "" ops_sky_apogee_best_unassigned ops_sky sky_apogee 0 0 0.0 0.0 -999 ""
FIBERMAP 1156 R-11C14 BOSS 1 1 0 1 0 0 128.7500111094407 -201.22310270871552 143.1 -91.95612009389139 -220.44438673660946 69.56964 116.61252 173.15979199030318 1.5848866549330403 -0.837536 -0.49246812 -1.1561779 173.15979031711083 1.5848865223762283 173.16174157929936 1.4445611701998473 57.92621561378372 166.07795845917525 5400.0 5400.0 2016.0 1 255 {-999.0 20.158398 19.968813 19.806723 19.687904} sdss_psfmag_from_gaiadr2 20.162176 19.971354 19.517048 -999.0 63050395169995475 1056632338 dark_flexible_2x2 bhm_gua_dark bhm_filler science 0 0 0.0 0.0 -999 ""
FIBERMAP 1156 R-11C14 METROLOGY 0 0 0 1 0 0 128.45364153115506 -201.9097408849896 143.1 -92.68913783622253 -220.59216545722765 69.56964 116.61252 -999.0 -999.0 -999.0 -999.0 -999.0 173.15647333875242 1.5842788622633375 173.1584323521853 1.443919181802315 57.92625626868868 166.08430418425522 -999.0 6231.0 -999.0 -1 -999 {-999.0 -999.0 -999.0 -999.0 -999.0} "" -999.0 -999.0 -999.0 -999.0 -999 -999 "" "" "" "" 0 0 0.0 0.0 -999 ""
FIBERMAP 1158 R-5C22 APOGEE 0 0 0 1 0 0 243.56708782374528 -96.70173573727621 143.1 59.34477068841329 -255.2166148117212 312.59842 157.17816 -999.0 -999.0 -999.0 -999.0 -999.0 173.84510707089214 1.4292218947559712 173.8469058695033 1.2885904429254205 57.629301400765 164.8838830534145 -999.0 16600.0 -999.0 2 211 {-999.0 -999.0 -999.0 -999.0 -999.0} "" -999.0 -999.0 -999.0 -999.0 -999 -999 "" ops_sky_apogee_best_unassigned ops_sky sky_apogee 0 0 0.0 0.0 -999 ""
FIBERMAP 1158 R-5C22 BOSS 1 1 0 1 0 0 243.8150917012113 -97.3987087400361 143.1 58.91346696864219 -255.81753438887512 312.59842 157.17816 173.84315479703307 1.4264020551597665 -999.0 -999.0 -999.0 173.8431790080717 1.4263987199735708 173.84494883597745 1.2858947068265438 57.627100365273385 164.88855254270985 5400.0 5400.0 2016.0 1 251 {-999.0 21.112404 20.545721 20.062742 19.636127} sdss_psfmag_from_gaiadr2 21.245764 20.745445 19.812449 -999.0 63050395169980655 1056632096 dark_flexible_2x2 bhm_gua_dark bhm_filler science 0 0 0.0 0.0 -999 ""
FIBERMAP 1158 R-5C22 METROLOGY 0 0 0 1 0 0 243.08345811238013 -97.26626129406294 143.1 58.60537137457777 -255.14095803413463 312.59842 157.17816 -999.0 -999.0 -999.0 -999.0 -999.0 173.84178663099186 1.429449821528455 173.84356575644836 1.2889098107396906 57.63034527985711 164.88983752823802 -999.0 6231.0 -999.0 -1 -999 {-999.0 -999.0 -999.0 -999.0 -999.0} "" -999.0 -999.0 -999.0 -999.0 -999 -999 "" "" "" "" 0 0 0.0 0.0 -999 ""
FIBERMAP 1162 R-2C6 APOGEE 0 0 0 1 0 0 -151.8857283315254 -26.827416830215018 143.1 -108.59148328491851 109.50046593485568 68.18618 117.18239 -999.0 -999.0 -999.0 -999.0 -999.0 173.0816469314867 3.0814831697304315 173.08417489549208 2.9407769816776286 59.40639851514535 165.63210844081226 -999.0 16600.0 -999.0 2 -999 {-999.0 -999.0 -999.0 -999.0 -999.0} "" -999.0 -999.0 -999.0 -999.0 -999 -999 "" "" "" "" 0 0 0.0 0.0 -999 ""
FIBERMAP 1162 R-2C6 BOSS 1 1 0 1 0 0 -151.13555460176642 -26.74613457939683 143.1 -108.09722466601885 108.93044862182816 68.18618 117.18239 173.08389098522846 3.078881412263708 -7.372201 -14.897093 2.5922167 173.0838725917544 3.0788272967468715 173.08637377543607 2.9382389747895146 59.40345766371897 165.6289310915155 5400.0 5400.0 2016.0 1 472 {-999.0 21.446707 19.910809 18.597692 -999.0} sdss_psfmag 20.73361 19.312044 18.136988 16.362 63050395170004917 1094734193 bright_1x1 mwm_bin_vis_boss mwm_filler science 0 0 0.0 0.0 -999 ""
FIBERMAP 1162 R-2C6 METROLOGY 0 0 0 1 0 0 -151.44025464422484 -27.425927627473214 143.1 -108.82936554098964 108.79341474382542 68.18618 117.18239 -999.0 -999.0 -999.0 -999.0 -999.0 173.0805467285 3.0782213112499126 173.08305569379593 2.9376007248721976 59.403525852346064 165.6355597970256 -999.0 6231.0 -999.0 -1 -999 {-999.0 -999.0 -999.0 -999.0 -999.0} "" -999.0 -999.0 -999.0 -999.0 -999 -999 "" "" "" "" 0 0 0.0 0.0 -999 ""
FIBERMAP 1163 R-8C7 APOGEE 0 0 0 1 0 0 -47.30002016841943 -150.08936823016626 143.1 -150.26527008839471 -46.66550252175814 72.43688 44.53431 -999.0 -999.0 -999.0 -999.0 -999.0 172.89263755463608 2.3714310657011866 172.89495235818583 2.2309193983711206 58.75012509610637 166.27443624200762 -999.0 16600.0 -999.0 2 -999 {-999.0 -999.0 -999.0 -999.0 -999.0} "" -999.0 -999.0 -999.0 -999.0 -999 -999 "" "" "" "" 0 0 0.0 0.0 -999 ""
FIBERMAP 1163 R-8C7 BOSS 1 1 0 1 0 0 -46.93325052122431 -150.7452234439372 143.1 -150.59511453201299 -47.34056833926724 72.43688 44.53431 172.89055922064162 2.3682688332115234 9.550111 -26.21153 3.9887996 172.89112060560714 2.3682260181181185 172.8934098050786 2.227836921785508 58.74741239241843 166.2785337249983 5400.0 5400.0 2016.0 1 401 {-999.0 15.946446 14.443827 13.720414 -999.0} sdss_psfmag_ps1 15.130565 14.227615 13.281218 11.351 63050395170001965 1075843796 bright_1x1 mwm_erosita_stars_boss mwm_erosita science 0 0 1.8782271146774292 0.0 -999 ""
FIBERMAP 1163 R-8C7 METROLOGY 0 0 0 1 0 0 -47.68653239997312 -150.72754553732406 143.1 -151.00983963919066 -46.71160608472634 72.43688 44.53431 -999.0 -999.0 -999.0 -999.0 -999.0 172.88923931436594 2.3711226556911327 172.89153700863562 2.230699220777768 58.75059061244005 166.2809671483939 -999.0 6231.0 -999.0 -1 -999 {-999.0 -999.0 -999.0 -999.0 -999.0} "" -999.0 -999.0 -999.0 -999.0 -999 -999 "" "" "" "" 0 0 0.0 0.0 -999 ""
FIBERMAP 1167 R-3C5 APOGEE 1 1 0 1 0 0 -178.03819195708718 -71.46860470014744 143.1 -160.1709108549424 105.54879083435976 256.67917 91.693 172.84741400153158 3.062733578484643 19.580328 6.8520317 13.40894 172.84780970820563 3.06270369300663 172.85038895934724 2.922079197088905 59.43612358721204 166.08881010219173 16000.0 16600.0 2016.0 2 264 {-999.0 7.534431 7.435317 7.4313416 -999.0} sdss_psfmag_gaia 7.568561 7.4085484 7.1127524 6.697 63050395170005470 984735445 bright_1x1 mwm_snc_100pc_apogee mwm_snc science 0 0 1.1858900785446167 0.0 -999 ""
FIBERMAP 1167 R-3C5 BOSS 0 0 0 1 0 0 -178.78328562321843 -71.31819292130898 143.1 -160.47191720820118 106.24666262156364 256.67917 91.693 -999.0 -999.0 -999.0 -999.0 -999.0 172.846437283192 3.06576937739456 172.84899356133928 2.925262895777578 59.43952346549329 166.09022670032297 -999.0 5400.0 -999.0 1 466 {-999.0 -999.0 -999.0 -999.0 -999.0} "" -999.0 -999.0 -999.0 -999.0 -999 -999 "" "" "" "" 0 0 0.0 0.0 -999 ""
FIBERMAP 1167 R-3C5 METROLOGY 0 0 0 1 0 0 -178.27424530444225 -70.76155930219826 143.1 -159.7245218847142 106.14563161760535 256.67917 91.693 -999.0 -999.0 -999.0 -999.0 -999.0 172.84981764330422 3.0653546511984255 172.85237984862692 2.924813627143873 59.43839883455409 166.0838920527635 -999.0 6231.0 -999.0 -1 -999 {-999.0 -999.0 -999.0 -999.0 -999.0} "" -999.0 -999.0 -999.0 -999.0 -999 -999 "" "" "" "" 0 0 0.0 0.0 -999 ""
FIBERMAP 1169 R-11C9 APOGEE 0 0 0 1 0 0 23.15191225897614 -215.3499205822703 143.1 -163.73644274304752 -141.7360730180352 343.63757 125.29518 -999.0 -999.0 -999.0 -999.0 -999.0 172.83340174386018 1.9406884061916758 172.83557061185275 1.800277968233632 58.33971242670184 166.54905496805804 -999.0 16600.0 -999.0 2 168 {-999.0 -999.0 -999.0 -999.0 -999.0} "" -999.0 -999.0 -999.0 -999.0 -999 -999 "" ops_sky_apogee_best_unassigned ops_sky sky_apogee 0 0 0.0 0.0 -999 ""
FIBERMAP 1169 R-11C9 BOSS 1 1 0 1 0 0 23.425087845500528 -216.04370616277916 143.1 -164.1507838976704 -142.35585709811113 343.63757 125.29518 172.83152492946667 1.937720086087905 -999.0 -999.0 -999.0 172.83154092969622 1.9377456784010658 172.83368443051415 1.797459957747247 58.337317760454894 166.55362764048823 5400.0 5400.0 2016.0 1 361 {-999.0 20.974123 20.613657 20.274326 19.991009} sdss_psfmag_from_gaiadr2 20.819141 20.711845 19.762964 -999.0 63050395169997415 1056632357 dark_flexible_2x2 bhm_gua_dark bhm_filler science 0 0 0.0 0.0 -999 ""
FIBERMAP 1169 R-11C9 METROLOGY 0 0 0 1 0 0 22.681977613666717 -215.93393541620858 143.1 -164.48405027068063 -141.682773709399 343.63757 125.29518 -999.0 -999.0 -999.0 -999.0 -999.0 172.8300192877887 1.9408321713797716 172.83217122274107 1.8005113642630344 58.340606079905925 166.55531622931218 -999.0 6231.0 -999.0 -1 -999 {-999.0 -999.0 -999.0 -999.0 -999.0} "" -999.0 -999.0 -999.0 -999.0 -999 -999 "" "" "" "" 0 0 0.0 0.0 -999 ""
FIBERMAP 1170 R-5C6 APOGEE 0 0 0 1 0 0 -116.43406688075264 -76.53698186014162 143.1 -129.23062910352883 52.0473136536249 141.5913 27.96695 -999.0 -999.0 -999.0 -999.0 -999.0 172.98766329049315 2.820332072861094 172.99011999531353 2.6797050709764205 59.17040863062699 165.9178246642657 -999.0 16600.0 -999.0 2 -999 {-999.0 -999.0 -999.0 -999.0 -999.0} "" -999.0 -999.0 -999.0 -999.0 -999 -999 "" "" "" "" 0 0 0.0 0.0 -999 ""
FIBERMAP 1170 R-5C6 BOSS 1 1 0 1 0 0 -115.70108614311182 -76.64783825547022 143.1 -128.9040268652919 51.38193390935054 141.5913 27.96695 172.98885148040412 2.8171862687411373 -26.786867 1.9157386 0.8030874 172.98911653858298 2.8172122040905188 172.99154676603132 2.6767046261816643 59.16717987456019 165.9163019526818 5400.0 5400.0 2016.0 1 456 {-999.0 16.074104 15.62398 15.447431 -999.0} sdss_psfmag 15.968055 15.626246 15.114446 14.246 63050395170004370 1136203453 dark_flexible_3x1 mwm_halo_local_high_boss_triple mwm_halo science 0 0 1.2684471607208252 0.0 -999 ""
FIBERMAP 1170 R-5C6 METROLOGY 0 0 0 1 0 0 -116.17530970399575 -77.23677233163193 143.1 -129.65811998177932 51.43595377310981 141.5913 27.96695 -999.0 -999.0 -999.0 -999.0 -999.0 172.98569692846974 2.81748050745584 172.98813515974564 2.6769402005944936 59.16810838069979 165.92271605626723 -999.0 6231.0 -999.0 -1 -999 {-999.0 -999.0 -999.0 -999.0 -999.0} "" -999.0 -999.0 -999.0 -999.0 -999 -999 "" "" "" "" 0 0 0.0 0.0 -999 ""
FIBERMAP 1172 R-3C6 APOGEE 0 0 0 1 0 0 -135.06010269804167 -67.86244050054997 143.1 -132.71754874784992 72.29336306260215 327.251 107.77996 -999.0 -999.0 -999.0 -999.0 -999.0 172.97190914007567 2.9122872908680755 172.97440298398828 2.7716485863877973 59.263618223423464 165.91104261435098 -999.0 16600.0 -999.0 2 -999 {-999.0 -999.0 -999.0 -999.0 -999.0} "" -999.0 -999.0 -999.0 -999.0 -999 -999 "" "" "" "" 0 0 0.0 0.0 -999 ""
FIBERMAP 1172 R-3C6 BOSS 1 1 0 1 0 0 -135.23760957680236 -68.5821387397244 143.1 -133.40999574547746 72.02908906147442 327.251 107.77996 172.96876316725897 2.9109928003956815 -8.472297 -3.244607 2.8226166 172.96874113406284 2.9109869575197456 172.97121036353053 2.7704684300991493 59.263116464758525 165.91762270554202 5400.0 5400.0 2016.0 1 467 {-999.0 19.376604 17.953274 16.86092 -999.0} sdss_psfmag 18.770485 17.554693 16.447311 14.364 63050395170004499 1094388612 bright_1x1 mwm_bin_vis_boss mwm_filler science 0 0 0.0 0.0 -999 ""
FIBERMAP 1172 R-3C6 METROLOGY 0 0 0 1 0 0 -135.77751999814976 -68.06731704390577 143.1 -133.29468529748607 72.76603922824297 327.251 107.77996 -999.0 -999.0 -999.0 -999.0 -999.0 172.96927027658757 2.9143640649718066 172.97174766283 2.7738110382450336 59.266278241723676 165.91525504625145 -999.0 6231.0 -999.0 -1 -999 {-999.0 -999.0 -999.0 -999.0 -999.0} "" -999.0 -999.0 -999.0 -999.0 -999 -999 "" "" "" "" 0 0 0.0 0.0 -999 ""
FIBERMAP 1174 R-1C1 APOGEE 0 0 0 1 0 0 -265.039299281129 -4.313888033507464 143.1 -154.57387087087304 215.29536241604288 110.72433 33.418808 -999.0 -999.0 -999.0 -999.0 -999.0 172.8752807527392 3.5574786723235197 172.87803500123425 3.4167549073615824 59.91472948142186 165.83514366856187 -999.0 16600.0 -999.0 2 293 {-999.0 -999.0 -999.0 -999.0 -999.0} "" -999.0 -999.0 -999.0 -999.0 -999 -999 "" ops_sky_apogee_best_unassigned ops_sky sky_apogee 0 0 0.0 0.0 -999 ""
FIBERMAP 1174 R-1C1 BOSS 1 1 0 1 0 0 -264.41118988138294 -4.702028787127828 143.1 -154.53484236732052 214.55813656044523 110.72433 33.418808 172.8754487387114 3.554053293265107 -1.033946 -0.7543279 0.23690194 172.87545446382347 3.5540709874374987 172.87818297494073 3.4134635859661486 59.91147839634765 165.8362086939791 5400.0 5400.0 2016.0 1 425 {-999.0 16.993101 16.585556 16.454311 -999.0} sdss_psfmag 16.90533 16.584373 16.107447 15.193 63050395170253065 976468526 "" ops_std_boss ops_std standard_boss 0 0 0.0 0.0 -999 ""
FIBERMAP 1174 R-1C1 METROLOGY 0 0 0 1 0 0 -265.07772749747846 -5.058961098131038 143.1 -155.20791317508522 214.9023632506807 110.72433 33.418808 -999.0 -999.0 -999.0 -999.0 -999.0 172.87242588287978 3.555616154373865 172.87516271000277 3.4149766775764365 59.9135803416371 165.8414714949688 -999.0 6231.0 -999.0 -1 -999 {-999.0 -999.0 -999.0 -999.0 -999.0} "" -999.0 -999.0 -999.0 -999.0 -999 -999 "" "" "" "" 0 0 0.0 0.0 -999 ""
FIBERMAP 1176 R+12C11 APOGEE 0 0 0 1 0 0 67.41926760616968 223.3610403345114 143.1 221.92925170609573 71.88876163502806 234.88683 149.27278 -999.0 -999.0 -999.0 -999.0 -999.0 174.58299762623076 2.909615346912535 174.58509861437324 2.7684994001607026 58.89594645673207 162.86264419513094 -999.0 16600.0 -999.0 2 -999 {-999.0 -999.0 -999.0 -999.0 -999.0} "" -999.0 -999.0 -999.0 -999.0 -999 -999 "" "" "" "" 0 0 0.0 0.0 -999 ""
FIBERMAP 1176 R+12C11 BOSS 1 1 0 1 0 0 66.75190710853005 223.0475336952288 143.1 221.29139007718862 72.25841002052243 234.88683 149.27278 174.58029044019807 2.9111659809553325 -30.68683 6.1101346 0.8256745 174.58019211989105 2.9111911380855586 174.5822636644299 2.7701949947707987 58.898291411907415 162.86714030872977 5400.0 5400.0 2016.0 1 102 {-999.0 17.588842 16.97871 16.728775 -999.0} sdss_psfmag 17.436394 17.006632 16.386223 15.089 63050395170007684 1136203511 dark_flexible_3x1 mwm_halo_local_high_boss_triple mwm_halo science 0 0 0.0 0.0 -999 ""
FIBERMAP 1176 R+12C11 METROLOGY 0 0 0 1 0 0 66.81240986622369 223.79507450825747 143.1 221.94003878413582 72.63467918639563 234.88683 149.27278 -999.0 -999.0 -999.0 -999.0 -999.0 174.58308296757585 2.91291404009948 174.58516297420022 2.7718829939142484 58.89920833083987 162.86089869095005 -999.0 6231.0 -999.0 -1 -999 {-999.0 -999.0 -999.0 -999.0 -999.0} "" -999.0 -999.0 -999.0 -999.0 -999 -999 "" "" "" "" 0 0 0.0 0.0 -999 ""
FIBERMAP 1177 R+4C12 APOGEE 0 0 0 1 0 0 6.244401584159443 93.23920773332352 143.1 80.16268222837877 48.000963453525465 96.61312 85.32957 -999.0 -999.0 -999.0 -999.0 -999.0 173.94143582121208 2.802526942088083 173.94365905386644 2.6616065954772283 58.94543987904825 164.11732464783006 -999.0 16600.0 -999.0 2 -999 {-999.0 -999.0 -999.0 -999.0 -999.0} "" -999.0 -999.0 -999.0 -999.0 -999 -999 "" "" "" "" 0 0 0.0 0.0 -999 ""
FIBERMAP 1177 R+4C12 BOSS 1 1 0 1 0 0 6.986657089292148 93.27111731262669 143.1 80.61186465436194 47.40931721876056 96.61312 85.32957 173.9433622154188 2.7997662849939076 -40.02228 -12.077145 0.73659104 173.94355123021944 2.7997370808496407 173.94574468771373 2.658936338537885 58.94236146452856 164.1145872940637 5400.0 5400.0 2016.0 1 115 {-999.0 16.428867 16.072777 15.9397335 -999.0} sdss_psfmag 16.382349 16.071428 15.5963745 14.599 63050395170008133 1136203557 dark_flexible_3x1 mwm_halo_local_high_boss_triple mwm_halo science 0 0 1.1015963554382324 0.0 -999 ""
FIBERMAP 1177 R+4C12 METROLOGY 0 0 0 1 0 0 6.644095756298643 92.60920253551183 143.1 79.87283755931138 47.3135775194942 96.61312 85.32957 -999.0 -999.0 -999.0 -999.0 -999.0 173.9401714454838 2.7993332208566275 173.94237362927072 2.658499609409339 58.94271221300319 164.12113407545473 -999.0 6231.0 -999.0 -1 -999 {-999.0 -999.0 -999.0 -999.0 -999.0} "" -999.0 -999.0 -999.0 -999.0 -999 -999 "" "" "" "" 0 0 0.0 0.0 -999 ""
FIBERMAP 1189 R-13C11 APOGEE 1 1 0 1 0 0 87.59097069273685 -268.01219730591794 143.1 -170.2833684912944 -224.6875438236182 336.92758 74.59489 172.80698929370092 1.5680931051364662 -90.58431 0.8279281 4.5404053 172.80675713945448 1.568098309944763 172.80879351210785 1.4277680486442785 57.97950639136742 166.73605129050728 16000.0 16600.0 2016.0 2 189 {-999.0 10.54442 10.238606 10.150274 -999.0} sdss_psfmag_gaia 10.512126 10.25021 9.82537 9.107 63050395169995653 975425578 "" ops_std_apogee ops_std standard_apogee 0 0 0.0 0.0 -999 ""
FIBERMAP 1189 R-13C11 BOSS 0 0 0 1 0 0 87.13553083229229 -268.5897304631262 143.1 -171.01739105151773 -224.6424597726173 336.92758 74.59489 -999.0 -999.0 -999.0 -999.0 -999.0 172.80348943534372 1.568207859516448 172.80550180474904 1.428004012776515 57.98037284835999 166.74205511036925 -999.0 5400.0 -999.0 1 336 {-999.0 -999.0 -999.0 -999.0 -999.0} "" -999.0 -999.0 -999.0 -999.0 -999 -999 "" "" "" "" 0 0 0.0 0.0 -999 ""
FIBERMAP 1189 R-13C11 METROLOGY 0 0 0 1 0 0 86.85938028803416 -267.87056999074264 143.1 -170.58389739056128 -224.00577190465887 336.92758 74.59489 -999.0 -999.0 -999.0 -999.0 -999.0 172.8054019111411 1.5710725340633562 172.80742196801145 1.4308319612376081 57.98277730851994 166.7374735350689 -999.0 6231.0 -999.0 -1 -999 {-999.0 -999.0 -999.0 -999.0 -999.0} "" -999.0 -999.0 -999.0 -999.0 -999 -999 "" "" "" "" 0 0 0.0 0.0 -999 ""
FIBERMAP 1190 R+13C5 APOGEE 0 0 0 1 0 0 -46.210228067695624 236.96957050066172 143.1 168.35940788057744 173.00026101577575 339.22086 74.70914 -999.0 -999.0 -999.0 -999.0 -999.0 174.33977820989085 3.367588304253938 174.34207827256205 3.2264521960130956 59.399583858066336 163.10121316990353 -999.0 16600.0 -999.0 2 111 {-999.0 -999.0 -999.0 -999.0 -999.0} "" -999.0 -999.0 -999.0 -999.0 -999 -999 "" ops_sky_apogee_best_unassigned ops_sky sky_apogee 0 0 0.0 0.0 -999 ""
FIBERMAP 1190 R+13C5 BOSS 1 1 0 1 0 0 -46.62534027796744 236.35785550565407 143.1 167.62028212330694 172.9927341503631 339.22086 74.70914 174.33652393862653 3.3674631267034907 1.6252736 -2.3572485 0.51367533 174.33649489789607 3.3674801230227156 174.33876618590932 3.22646204432183 59.400402830770446 163.10750702490333 5400.0 5400.0 2016.0 1 85 {-999.0 20.282604 20.298693 20.11116 19.94843} sdss_psfmag 19.916008 20.212923 19.43287 -999.0 63050395170009346 1060700720 dark_flexible_2x2 bhm_aqmes_bonus_faint bhm_filler science 0 0 0.0 0.0 -999 ""
FIBERMAP 1190 R+13C5 METROLOGY 0 0 0 1 0 0 -46.960413923987446 237.02487488424032 143.1 167.97736053584185 173.64812062901055 339.22086 74.70914 -999.0 -999.0 -999.0 -999.0 -999.0 174.33807415171702 3.370446833690122 174.34035431454743 3.2293945830951998 59.40285807855945 163.1030766237285 -999.0 6231.0 -999.0 -1 -999 {-999.0 -999.0 -999.0 -999.0 -999.0} "" -999.0 -999.0 -999.0 -999.0 -999 -999 "" "" "" "" 0 0 0.0 0.0 -999 ""
FIBERMAP 1192 R-11C4 APOGEE 0 0 0 1 0 0 -110.27126019907904 -220.02887844808004 143.1 -243.61030118988634 -34.78320754063451 201.41663 130.69739 -999.0 -999.0 -999.0 -999.0 -999.0 172.47204673467454 2.4256102603010197 172.47447409485528 2.2852344188058504 58.884974562108425 167.05010935783352 -999.0 16600.0 -999.0 2 164 {-999.0 -999.0 -999.0 -999.0 -999.0} "" -999.0 -999.0 -999.0 -999.0 -999 -999 "" ops_sky_apogee_best_unassigned ops_sky sky_apogee 0 0 0.0 0.0 -999 ""
FIBERMAP 1192 R-11C4 BOSS 1 1 0 1 0 0 -110.92922381833901 -219.6862948444958 143.1 -243.70377106958355 -34.0474139858956 201.41663 130.69739 172.47161865234375 2.428850532192982 -999.0 -999.0 -999.0 172.4716173805678 2.4288171632760944 172.4740228011558 2.288561933291804 58.888327408443956 167.04975191068206 5400.0 5400.0 2015.5 1 349 {-999.0 -999.0 -999.0 -999.0 -999.0} "" -999.0 -999.0 -999.0 -999.0 27021603142695630 812160963 "" ops_sky_boss_good ops_sky sky_boss 0 0 0.0 0.0 -999 ""
FIBERMAP 1192 R-11C4 METROLOGY 0 0 0 1 0 0 -110.30578581868546 -219.28196684420197 143.1 -243.01632027268536 -34.32922257783421 201.41663 130.69739 -999.0 -999.0 -999.0 -999.0 -999.0 172.4746957728846 2.427574281155948 172.47710662377142 2.28728388328087 58.88649105090465 167.0443622350618 -999.0 6231.0 -999.0 -1 -999 {-999.0 -999.0 -999.0 -999.0 -999.0} "" -999.0 -999.0 -999.0 -999.0 -999 -999 "" "" "" "" 0 0 0.0 0.0 -999 ""
FIBERMAP 1194 R-7C9 APOGEE 0 0 0 1 0 0 -23.630646906363168 -122.95193877505065 143.1 -114.48171247446965 -50.64806300279819 77.402626 89.924446 -999.0 -999.0 -999.0 -999.0 -999.0 173.0549814087215 2.353251252007295 173.05725417712574 2.2126888690851514 58.699541800748065 165.97555365473173 -999.0 16600.0 -999.0 2 171 {-999.0 -999.0 -999.0 -999.0 -999.0} "" -999.0 -999.0 -999.0 -999.0 -999 -999 "" ops_sky_apogee_best_unassigned ops_sky sky_apogee 0 0 0.0 0.0 -999 ""
FIBERMAP 1194 R-7C9 BOSS 1 1 0 1 0 0 -22.912067368294416 -123.14113097015345 143.1 -114.22767648902382 -51.34624963137917 77.402626 89.924446 173.0561338334608 2.349929769385344 -3.0413315 0.44010562 0.43510374 173.05611633111255 2.349931789921721 173.05836231015826 2.209491248844387 58.69618556210979 165.9747222913781 5400.0 5400.0 2016.0 1 388 {-999.0 16.429468 16.017696 15.946273 -999.0} sdss_psfmag 16.370108 16.068953 15.6164465 14.947 63050395170000045 977049153 "" ops_std_boss ops_std standard_boss 0 0 0.0 0.0 -999 ""
FIBERMAP 1194 R-7C9 METROLOGY 0 0 0 1 0 0 -23.434837961982957 -123.67295188396648 143.1 -114.96250998786394 -51.21979873636614 77.402626 89.924446 -999.0 -999.0 -999.0 -999.0 -999.0 173.05277992224862 2.350546964757968 173.0550340417061 2.210072946858956 58.69743315691289 165.9807606321226 -999.0 6231.0 -999.0 -1 -999 {-999.0 -999.0 -999.0 -999.0 -999.0} "" -999.0 -999.0 -999.0 -999.0 -999 -999 "" "" "" "" 0 0 0.0 0.0 -999 ""
FIBERMAP 1200 R+2C7 APOGEE 0 0 0 1 0 0 -124.78289233650058 40.21669842341423 143.1 -38.06448043553121 125.4373776820586 339.44653 142.21156 -999.0 -999.0 -999.0 -999.0 -999.0 173.40255903410912 3.154484070279083 173.40503211007626 3.0136612414870427 59.40917942459927 164.9864363053768 -999.0 16600.0 -999.0 2 146 {-999.0 -999.0 -999.0 -999.0 -999.0} "" -999.0 -999.0 -999.0 -999.0 -999 -999 "" ops_sky_apogee_best_unassigned ops_sky sky_apogee 0 0 0.0 0.0 -999 ""
FIBERMAP 1200 R+2C7 BOSS 1 1 0 1 0 0 -124.36866988934725 39.60121032482607 143.1 -38.33411923212634 124.74632786916958 339.44653 142.21156 173.40133666992185 3.1512710695479313 -999.0 -999.0 -999.0 173.40133972880972 3.151283580659003 173.40378563702916 3.0105795794760852 59.40644343614799 164.99014394231585 5400.0 5400.0 2015.5 1 47 {-999.0 -999.0 -999.0 -999.0 -999.0} "" -999.0 -999.0 -999.0 -999.0 27021603142698288 820258559 "" ops_sky_boss_good ops_sky sky_boss 0 0 0.0 0.0 -999 ""
FIBERMAP 1200 R+2C7 METROLOGY 0 0 0 1 0 0 -125.11582558831498 39.549620163864866 143.1 -38.80226334268756 125.33078529796786 339.44653 142.21156 -999.0 -999.0 -999.0 -999.0 -999.0 173.39920432360975 3.1539548333243252 173.40165917267086 3.013217604736295 59.40948102883672 164.99308582637968 -999.0 6231.0 -999.0 -1 -999 {-999.0 -999.0 -999.0 -999.0 -999.0} "" -999.0 -999.0 -999.0 -999.0 -999 -999 "" "" "" "" 0 0 0.0 0.0 -999 ""
FIBERMAP 1203 R-3C1 APOGEE 0 0 0 1 0 0 -273.49036789869126 -58.16167834011814 143.1 -203.63041077405697 191.55412441349668 198.5013 95.87682 -999.0 -999.0 -999.0 -999.0 -999.0 172.6539067946401 3.449083147330073 172.6566796962593 3.3084552098269113 59.8534792697661 166.31016526275073 -999.0 16600.0 -999.0 2 269 {-999.0 -999.0 -999.0 -999.0 -999.0} "" -999.0 -999.0 -999.0 -999.0 -999 -999 "" ops_sky_apogee_best_unassigned ops_sky sky_apogee 0 0 0.0 0.0 -999 ""
FIBERMAP 1203 R-3C1 BOSS 1 1 0 1 0 0 -273.7990377887898 -57.49923939586962 143.1 -203.2620497201753 192.1852077275377 198.5013 95.87682 172.65563820972818 3.4518678150358673 -12.903002 -18.964033 1.6290857 172.65560912989508 3.4518075590851196 172.65835891744405 3.311294765673578 59.85592758750403 166.3057667850041 5400.0 5400.0 2016.0 1 496 {-999.0 25.11411 21.047276 19.500538 -999.0} sdss_psfmag 20.075878 19.705685 18.603748 -999.0 63050395170252928 1092607218 dark_flexible_2x1 mwm_cb_galex_vol_boss mwm_cb science 0 0 0.0 0.0 -999 ""
FIBERMAP 1203 R-3C1 METROLOGY 0 0 0 1 0 0 -273.06469459064033 -57.55331800942535 143.1 -202.88802305351484 191.55106277156563 198.5013 95.87682 -999.0 -999.0 -999.0 -999.0 -999.0 172.6572587296784 3.4490144882233356 172.66001373834365 3.308468694127641 59.85282882810699 166.30366541337767 -999.0 6231.0 -999.0 -1 -999 {-999.0 -999.0 -999.0 -999.0 -999.0} "" -999.0 -999.0 -999.0 -999.0 -999 -999 "" "" "" "" 0 0 0.0 0.0 -999 ""
FIBERMAP 1207 R-4C13 APOGEE 0 0 0 1 0 0 31.687867128766975 -59.345443383741156 143.1 -30.700640401008364 -59.85175276961255 121.311966 44.62721 -999.0 -999.0 -999.0 -999.0 -999.0 173.43632160736877 2.311310652908514 173.4384966850181 2.1706338687865343 58.57882950016012 165.2765590962497 -999.0 16600.0 -999.0 2 -999 {-999.0 -999.0 -999.0 -999.0 -999.0} "" -999.0 -999.0 -999.0 -999.0 -999 -999 "" "" "" "" 0 0 0.0 0.0 -999 ""
FIBERMAP 1207 R-4C13 BOSS 1 1 0 1 0 0 32.39470046052786 -59.50154101305418 143.1 -30.426107700004223 -60.521430273820265 121.311966 44.62721 173.43724727099965 2.308260032094485 -13.21199 -43.77571 1.0875832 173.4375854170241 2.3081084674221928 173.43973241159028 2.1675537973210868 58.57555659736022 165.27550889483075 5400.0 5400.0 2016.0 1 363 {-999.0 16.167973 15.5391655 15.321514 -999.0} sdss_psfmag 16.010483 15.568208 14.964038 13.812 63050395169999794 1136203361 dark_flexible_3x1 mwm_halo_local_high_boss_triple mwm_halo science 0 0 1.3093910217285156 0.0 -999 ""
FIBERMAP 1207 R-4C13 METROLOGY 0 0 0 1 0 0 31.900071341967173 -60.060727489822014 143.1 -31.167388367055214 -60.43369408167241 121.311966 44.62721 -999.0 -999.0 -999.0 -999.0 -999.0 173.43420234641533 2.3085482027708464 173.43635780368072 2.167959955618442 58.57667446191918 165.28166070270214 -999.0 6231.0 -999.0 -1 -999 {-999.0 -999.0 -999.0 -999.0 -999.0} "" -999.0 -999.0 -999.0 -999.0 -999 -999 "" "" "" "" 0 0 0.0 0.0 -999 ""
FIBERMAP 1208 R-3C19 APOGEE 0 0 0 1 0 0 159.50914943226368 -63.93676047808735 143.1 38.36468151439878 -167.48472303779084 353.2766 100.237114 -999.0 -999.0 -999.0 -999.0 -999.0 173.75079078579788 1.8230205675877087 173.75273647317226 1.68234088773089 58.034111237131604 164.89422049482823 -999.0 16600.0 -999.0 2 -999 {-999.0 -999.0 -999.0 -999.0 -999.0} "" -999.0 -999.0 -999.0 -999.0 -999 -999 "" "" "" "" 0 0 0.0 0.0 -999 ""
FIBERMAP 1208 R-3C19 BOSS 1 1 0 1 0 0 159.5828758516678 -64.65852997242395 143.1 37.8136952267688 -167.95658803286042 353.2766 100.237114 173.74810398426163 1.8212048281419686 -68.74777 -169.41985 15.236387 173.74832522479454 1.8207057753306135 173.75024268782 1.6801516357719841 58.032521602670506 164.8997207112753 5400.0 5400.0 2016.0 1 289 {-999.0 17.481482 16.035208 14.512503 -999.0} sdss_psfmag 16.943233 15.261833 14.014693 11.651 63050395169983107 1151032953 bright_1x1 mwm_snc_100pc_boss_single mwm_snc science 0 0 1.5788655281066895 0.0 -999 ""
FIBERMAP 1208 R-3C19 METROLOGY 0 0 0 1 0 0 158.9005014174428 -64.3682805524366 143.1 37.66331789139709 -167.2305608399314 353.2766 100.237114 -999.0 -999.0 -999.0 -999.0 -999.0 173.74763502425105 1.824030728318464 173.74956164222567 1.6834409005950919 58.035880096045624 164.89961371107188 -999.0 6231.0 -999.0 -1 -999 {-999.0 -999.0 -999.0 -999.0 -999.0} "" -999.0 -999.0 -999.0 -999.0 -999 -999 "" "" "" "" 0 0 0.0 0.0 -999 ""
FIBERMAP 1213 R+9C2 APOGEE 0 0 0 1 0 0 -160.81718124007708 164.02085833259545 143.1 43.118024447686274 225.5911712954222 303.57846 120.33109 -999.0 -999.0 -999.0 -999.0 -999.0 173.77160759837935 3.6064880669837907 173.77413596097722 3.4654699378895337 59.76667085209171 164.07656759386396 -999.0 16600.0 -999.0 2 -999 {-999.0 -999.0 -999.0 -999.0 -999.0} "" -999.0 -999.0 -999.0 -999.0 -999 -999 "" "" "" "" 0 0 0.0 0.0 -999 ""
FIBERMAP 1213 R+9C2 BOSS 1 1 0 1 0 0 -161.1463503022856 163.34986694770407 143.1 42.379171537253235 225.47925644169698 303.57846 120.33109 173.7682521204071 3.6059114616967602 -0.64788866 -0.55013424 0.5151595 173.76828913805895 3.6059124129983062 173.7707906659897 3.4650111935283476 59.766996118599316 164.08323030972656 5400.0 5400.0 2016.0 1 19 {-999.0 20.156437 19.286818 18.984823 19.07073} sdss_psfmag 19.5723 19.272564 18.419739 -999.0 63050395170013368 1059933951 dark_2x4 bhm_aqmes_wide2 bhm_aqmes science 0 0 0.0 0.0 -999 ""
FIBERMAP 1213 R+9C2 METROLOGY 0 0 0 1 0 0 -161.5617369813915 163.97291327458612 143.1 42.65435667273697 226.17556974593725 303.57846 120.33109 -999.0 -999.0 -999.0 -999.0 -999.0 173.76952199901592 3.609056380790668 173.77203203082468 3.4681213927230603 59.76973586179189 164.07940866302948 -999.0 6231.0 -999.0 -1 -999 {-999.0 -999.0 -999.0 -999.0 -999.0} "" -999.0 -999.0 -999.0 -999.0 -999 -999 "" "" "" "" 0 0 0.0 0.0 -999 ""
FIBERMAP 1215 R-1C15 APOGEE 0 0 0 1 0 0 50.75085921301021 -30.09523901674764 143.1 4.193857686710823 -58.84581679616908 21.505487 51.533443 -999.0 -999.0 -999.0 -999.0 -999.0 173.5953597949392 2.3159226817765197 173.59750188475846 2.175196041199012 58.54896472809213 164.9772079738075 -999.0 16600.0 -999.0 2 -999 {-999.0 -999.0 -999.0 -999.0 -999.0} "" -999.0 -999.0 -999.0 -999.0 -999 -999 "" "" "" "" 0 0 0.0 0.0 -999 ""
FIBERMAP 1215 R-1C15 BOSS 1 1 0 1 0 0 50.550796664670166 -30.8093993202679 143.1 3.493107509194615 -59.08840355992759 21.505487 51.533443 173.59198616561895 2.314607637678327 -60.306114 14.064311 6.8427258 173.5921952413155 2.3146631684446115 173.59431033921544 2.1740596481327894 58.54855116585186 164.98364814362648 5400.0 5400.0 2016.0 1 272 {-999.0 18.002792 16.51042 15.294087 14.597692} sdss_psfmag_from_lsdr10 17.378494 15.960335 14.79016 12.596 63050395169998801 1059002901 bright_flexible_2x1 bhm_spiders_agn_lsdr10 bhm_spiders science 0 0 1.3182916641235352 0.0 -999 ""
FIBERMAP 1215 R-1C15 METROLOGY 0 0 0 1 0 0 50.027863635184296 -30.27946543981443 143.1 3.6305083470838313 -58.35679033877372 21.505487 51.533443 -999.0 -999.0 -999.0 -999.0 -999.0 173.59281253962723 2.318034509597864 173.59493636116633 2.177395603806092 58.55167045387894 164.98108389836946 -999.0 6231.0 -999.0 -1 -999 {-999.0 -999.0 -999.0 -999.0 -999.0} "" -999.0 -999.0 -999.0 -999.0 -999 -999 "" "" "" "" 0 0 0.0 0.0 -999 ""
FIBERMAP 1222 R+1C10 APOGEE 0 0 0 1 0 0 -87.48978926608122 6.7687487338173415 143.1 -44.293924591242146 75.7378119629036 250.19023 100.28086 -999.0 -999.0 -999.0 -999.0 -999.0 173.3741186388284 2.928696383714943 173.37652077844427 2.787924035055773 59.1950032499865 165.13685443832702 -999.0 16600.0 -999.0 2 -999 {-999.0 -999.0 -999.0 -999.0 -999.0} "" -999.0 -999.0 -999.0 -999.0 -999 -999 "" "" "" "" 0 0 0.0 0.0 -999 ""
FIBERMAP 1222 R+1C10 BOSS 1 1 0 1 0 0 -88.23710092313863 6.873424127473106 143.1 -44.63377138847322 76.41144367088906 250.19023 100.28086 173.37255719829952 2.9317086446352425 0.17917782 -0.105177045 0.02241489 173.37257403546312 2.9316782211241876 173.3749512586338 2.7910247034756663 59.198369283227336 165.13853600410255 5400.0 5400.0 2016.0 1 30 {-999.0 19.618748 19.126131 18.890224 18.704144} sdss_psfmag_from_lsdr10 19.511381 19.195572 18.624392 -999.0 63050395170004607 1059008658 dark_flexible_2x2 bhm_spiders_agn_lsdr10 bhm_spiders science 0 0 0.0 0.0 -999 ""
FIBERMAP 1222 R+1C10 METROLOGY 0 0 0 1 0 0 -87.77015053773749 7.460167230725743 143.1 -43.885622889128214 76.36215087290496 250.19023 100.28086 -999.0 -999.0 -999.0 -999.0 -999.0 173.3759803405842 2.9314842181513017 173.3783641190621 2.7907959699795977 59.19740973578297 165.13213271395935 -999.0 6231.0 -999.0 -1 -999 {-999.0 -999.0 -999.0 -999.0 -999.0} "" -999.0 -999.0 -999.0 -999.0 -999 -999 "" "" "" "" 0 0 0.0 0.0 -999 ""
FIBERMAP 1226 R+8C2 APOGEE 0 0 0 1 0 0 -191.41413696126102 171.21125869114857 143.1 31.590257413769915 254.82668544230543 177.97829 53.26019 -999.0 -999.0 -999.0 -999.0 -999.0 173.71902865964688 3.7373325284714314 173.72161474896745 3.5963064617661296 59.90607477998731 164.11796859149206 -999.0 16600.0 -999.0 2 -999 {-999.0 -999.0 -999.0 -999.0 -999.0} "" -999.0 -999.0 -999.0 -999.0 -999 -999 "" "" "" "" 0 0 0.0 0.0 -999 ""
FIBERMAP 1226 R+8C2 BOSS 1 1 0 1 0 0 -190.95849521914738 171.79979362208596 143.1 32.3334339589344 254.78770476277788 177.97829 53.26019 173.72216135077034 3.7370542879187942 -18.246538 -2.3635767 0.55701345 173.72242803429606 3.73705380215696 173.72498572525228 3.5961419523853326 59.90513884372908 164.11151556406057 5400.0 5400.0 2016.0 1 69 {-999.0 15.968677 15.645155 15.436844 -999.0} sdss_psfmag 15.907034 15.604271 15.136634 14.23 63050395170014385 1136203728 dark_flexible_3x1 mwm_halo_local_high_boss_triple mwm_halo science 0 0 1.2718913555145264 0.0 -999 ""
FIBERMAP 1226 R+8C2 METROLOGY 0 0 0 1 0 0 -190.67392144312518 171.11775485581188 143.1 31.93523899535707 254.1652498348149 177.97829 53.26019 -999.0 -999.0 -999.0 -999.0 -999.0 173.72061988252193 3.7343082594932495 173.72318492450268 3.5933648137737744 59.90285106144978 164.11628031372504 -999.0 6231.0 -999.0 -1 -999 {-999.0 -999.0 -999.0 -999.0 -999.0} "" -999.0 -999.0 -999.0 -999.0 -999 -999 "" "" "" "" 0 0 0.0 0.0 -999 ""
FIBERMAP 1229 R-10C17 APOGEE 0 0 0 1 0 0 191.6259732148838 -177.2650984543587 143.1 -36.443317880968856 -258.45043954955537 113.6598 41.97468 -999.0 -999.0 -999.0 -999.0 -999.0 173.4116154528087 1.4144037902499962 173.4134871367977 1.2739059793964407 57.707547533846274 165.68124335278011 -999.0 16600.0 -999.0 2 188 {-999.0 -999.0 -999.0 -999.0 -999.0} "" -999.0 -999.0 -999.0 -999.0 -999 -999 "" ops_sky_apogee_best_unassigned ops_sky sky_apogee 0 0 0.0 0.0 -999 ""
FIBERMAP 1229 R-10C17 BOSS 1 1 0 1 0 0 192.28629888169274 -177.57234301813412 143.1 -36.31946782108122 -259.1680361893073 113.6598 41.97468 173.4118875564953 1.4110560613984902 -2.7697954 -3.150852 0.3895147 173.4122092553298 1.4110663800880285 173.4140528245431 1.270695301201192 57.70428944448377 165.68145801532714 5400.0 5400.0 2016.0 1 329 {-999.0 16.262875 16.00915 15.776447 15.553445} sdss_psfmag_from_gdr3 16.42992 16.113686 15.580469 15.074 63050395169980355 1059390705 bright_flexible_2x1 bhm_spiders_agn_gaiadr3 bhm_spiders science 0 0 1.1589053869247437 0.0 -999 ""
FIBERMAP 1229 R-10C17 METROLOGY 0 0 0 1 0 0 191.68866473647765 -178.00715050149302 143.1 -37.017256217673186 -258.92479616683244 113.6598 41.97468 -999.0 -999.0 -999.0 -999.0 -999.0 173.40904242385227 1.4121956465484822 173.41089456802092 1.2717895479149108 57.70601643756506 165.6868126685815 -999.0 6231.0 -999.0 -1 -999 {-999.0 -999.0 -999.0 -999.0 -999.0} "" -999.0 -999.0 -999.0 -999.0 -999 -999 "" "" "" "" 0 0 0.0 0.0 -999 ""
FIBERMAP 1232 R-4C22 APOGEE 0 0 0 1 0 0 229.3226131505771 -61.37822258670464 143.1 80.24915688219788 -223.38479840162006 101.37246 83.57027 -999.0 -999.0 -999.0 -999.0 -999.0 173.94018238475778 1.571891991822512 173.94200994261053 1.4312053787934933 57.74737934912881 164.65144617625057 -999.0 16600.0 -999.0 2 -999 {-999.0 -999.0 -999.0 -999.0 -999.0} "" -999.0 -999.0 -999.0 -999.0 -999 -999 "" "" "" "" 0 0 0.0 0.0 -999 ""
FIBERMAP 1232 R-4C22 BOSS 1 1 0 1 0 0 230.05754912160475 -61.29984199680954 143.1 80.73234846293289 -223.94395000605664 101.37246 83.57027 173.94241333007812 1.569209010935495 -999.0 -999.0 -999.0 173.94239864050445 1.5692403296834776 173.9441962201695 1.4286792508645845 57.74442998630709 164.64850758612027 5400.0 5400.0 2015.5 1 322 {-999.0 -999.0 -999.0 -999.0 -999.0} "" -999.0 -999.0 -999.0 -999.0 27021603142678028 820257392 "" ops_sky_boss_good ops_sky sky_boss 0 0 0.0 0.0 -999 ""
FIBERMAP 1232 R-4C22 METROLOGY 0 0 0 1 0 0 229.7590741520012 -61.9833372657099 143.1 80.00071316796125 -224.0882080087105 101.37246 83.57027 -999.0 -999.0 -999.0 -999.0 -999.0 173.93907461473867 1.5686227808747835 173.94088076044056 1.4280271674625264 57.744532191696685 164.65483407132757 -999.0 6231.0 -999.0 -1 -999 {-999.0 -999.0 -999.0 -999.0 -999.0} "" -999.0 -999.0 -999.0 -999.0 -999 -999 "" "" "" "" 0 0 0.0 0.0 -999 ""
FIBERMAP 1240 R+7C16 APOGEE 0 0 0 1 0 0 113.34336212575502 129.5906064749421 143.1 171.0577425474814 -19.27601875439885 200.00064 129.88187 -999.0 -999.0 -999.0 -999.0 -999.0 174.35405877205727 2.496365158693641 174.356090108099 2.3553870158820054 58.551026023126695 163.48391596325135 -999.0 16600.0 -999.0 2 66 {-999.0 -999.0 -999.0 -999.0 -999.0} "" -999.0 -999.0 -999.0 -999.0 -999 -999 "" ops_sky_apogee_best_unassigned ops_sky sky_apogee 0 0 0.0 0.0 -999 ""
FIBERMAP 1240 R+7C16 BOSS 1 1 0 1 0 0 112.70453059584104 129.96208378707908 143.1 170.99891364683782 -18.539479178368676 200.00064 129.88187 174.35390517726174 2.4995984738297894 -0.23738453 0.71629494 -0.2656432 174.3538818107774 2.4995837840293076 174.35588425655146 2.3587263517991293 58.55431758012185 163.48276731531078 5400.0 5400.0 2016.0 1 201 {-999.0 20.000341 19.788969 19.605602 19.463774} sdss_psfmag_from_gaiadr2 19.95728 19.801388 19.248714 -999.0 63050395170006630 1056632534 dark_flexible_2x2 bhm_gua_dark bhm_filler science 0 0 0.0 0.0 -999 ""
FIBERMAP 1240 R+7C16 METROLOGY 0 0 0 1 0 0 113.33829389842624 130.34276717728338 143.1 171.67282202970375 -18.84324454540232 200.00064 129.88187 -999.0 -999.0 -999.0 -999.0 -999.0 174.35690784859923 2.4982403090259333 174.35891766729878 2.3573479546277447 58.552253941033804 163.47775888516682 -999.0 6231.0 -999.0 -1 -999 {-999.0 -999.0 -999.0 -999.0 -999.0} "" -999.0 -999.0 -999.0 -999.0 -999 -999 "" "" "" "" 0 0 0.0 0.0 -999 ""
FIBERMAP 1241 R+7C13 APOGEE 1 1 0 1 0 0 55.296715139486196 124.16389676211575 143.1 133.52199292286429 25.322165087527324 255.14366 129.2916 174.18410493959883 2.699148882284995 -8.5824375 -0.8908741 0.38421905 174.18405867208668 2.6991557978507834 174.18619167144448 2.5581860555321834 58.7883592808958 163.70830279444337 16000.0 16600.0 2016.0 2 48 {-999.0 13.005601 12.340805 12.083004 -999.0} sdss_psfmag_from_g3xp 12.83148 12.367153 11.736243 10.431 63050395170007070 1108934050 bright_flexible_2x1 mwm_tess_rgb_apogee mwm_tessrgb science 0 0 0.0 0.0 -999 ""
FIBERMAP 1241 R+7C13 BOSS 0 0 0 1 0 0 54.61879274314167 123.85270366148143 143.1 132.8800134960689 25.701809364800614 255.14366 129.2916 -999.0 -999.0 -999.0 -999.0 -999.0 174.18122935270023 2.7007751862949787 174.18333428143853 2.5599261717498 58.790724143908484 163.71286298257908 -999.0 5400.0 -999.0 1 150 {-999.0 -999.0 -999.0 -999.0 -999.0} "" -999.0 -999.0 -999.0 -999.0 -999 -999 "" "" "" "" 0 0 0.0 0.0 -999 ""
FIBERMAP 1241 R+7C13 METROLOGY 0 0 0 1 0 0 54.686378311763036 124.59761176962317 143.1 133.5305352586565 26.070759148648506 255.14366 129.2916 -999.0 -999.0 -999.0 -999.0 -999.0 174.1841616908491 2.7024827497863653 174.18627474096832 2.5615985212620007 58.791655643999746 163.70659207650536 -999.0 6231.0 -999.0 -1 -999 {-999.0 -999.0 -999.0 -999.0 -999.0} "" -999.0 -999.0 -999.0 -999.0 -999 -999 "" "" "" "" 0 0 0.0 0.0 -999 ""
FIBERMAP 1251 R+6C7 APOGEE 0 0 0 1 0 0 -78.92395810340841 121.97333247913289 143.1 55.238126503748816 134.3482317949172 22.121367 123.43432 -999.0 -999.0 -999.0 -999.0 -999.0 173.8274976657918 3.194905322260151 173.82987628239903 3.0539457080821752 59.35340079804368 164.1569150563223 -999.0 16600.0 -999.0 2 100 {-999.0 -999.0 -999.0 -999.0 -999.0} "" -999.0 -999.0 -999.0 -999.0 -999 -999 "" ops_sky_apogee_best_unassigned ops_sky sky_apogee 0 0 0.0 0.0 -999 ""
FIBERMAP 1251 R+6C7 BOSS 1 1 0 1 0 0 -78.32107545492974 121.53853578472223 143.1 55.224447785940214 133.60514562440366 22.121367 123.43432 173.82763405513404 3.191482431134473 -53.316364 -6.055732 1.6749641 173.8274903792342 3.1914731398898977 173.829840015002 3.050631951735931 59.35018411188781 164.158478537568 5400.0 5400.0 2016.0 1 66 {-999.0 19.260044 17.911627 17.066933 -999.0} sdss_psfmag 18.733847 17.695095 16.67331 14.617 63050395170012425 1136203629 dark_flexible_3x1 mwm_halo_local_high_boss_triple mwm_halo science 0 0 0.0 0.0 -999 ""
FIBERMAP 1251 R+6C7 METROLOGY 0 0 0 1 0 0 -79.03341150097476 121.2251545630537 143.1 54.56106039511331 134.0118169290854 22.121367 123.43432 -999.0 -999.0 -999.0 -999.0 -999.0 173.82445595985277 3.193343484784219 173.82681488547462 3.052469458657312 59.352666717039625 164.1634173305525 -999.0 6231.0 -999.0 -1 -999 {-999.0 -999.0 -999.0 -999.0 -999.0} "" -999.0 -999.0 -999.0 -999.0 -999 -999 "" "" "" "" 0 0 0.0 0.0 -999 ""
FIBERMAP 1252 R+13C7 APOGEE 0 0 0 1 0 0 -25.10631551555959 258.2215568780871 143.1 197.8456469981971 167.77170419006652 169.76482 102.22313 -999.0 -999.0 -999.0 -999.0 -999.0 174.47266368520596 3.3430972574007343 174.47492131975469 3.2019300634797254 59.34312346278888 162.860774959514 -999.0 16600.0 -999.0 2 46 {-999.0 -999.0 -999.0 -999.0 -999.0} "" -999.0 -999.0 -999.0 -999.0 -999 -999 "" ops_sky_apogee_best_unassigned ops_sky sky_apogee 0 0 0.0 0.0 -999 ""
FIBERMAP 1252 R+13C7 BOSS 1 1 0 1 0 0 -25.165350921577943 258.95894958121295 143.1 198.4178406612323 168.2404019060253 169.76482 102.22313 174.47525024414062 3.345086344083711 -999.0 -999.0 -999.0 174.47526006144253 3.345075660264532 174.47748750032872 3.204024688041106 59.34451651283058 162.8548874949714 5400.0 5400.0 2015.5 1 167 {-999.0 -999.0 -999.0 -999.0 -999.0} "" -999.0 -999.0 -999.0 -999.0 27021603142701847 820258779 "" ops_sky_boss_good ops_sky sky_boss 0 0 0.0 0.0 -999 ""
FIBERMAP 1252 R+13C7 METROLOGY 0 0 0 1 0 0 -24.49032671063683 258.6397937063921 143.1 198.54028030745437 167.50394156761325 169.76482 102.22313 -999.0 -999.0 -999.0 -999.0 -999.0 174.47582159335192 3.3417902672826845 174.47805643122229 3.200706527210069 59.34116121274303 162.85542395593455 -999.0 6231.0 -999.0 -1 -999 {-999.0 -999.0 -999.0 -999.0 -999.0} "" -999.0 -999.0 -999.0 -999.0 -999 -999 "" "" "" "" 0 0 0.0 0.0 -999 ""
FIBERMAP 1254 R+2C6 APOGEE 0 0 0 1 0 0 -169.26339604536275 22.233274155453437 143.1 -78.18618638309121 151.734456009352 289.5152 47.502563 -999.0 -999.0 -999.0 -999.0 -999.0 173.22012145392995 3.2732068603261646 173.22268250925185 3.1324204589353895 59.56446865307487 165.28606960834486 -999.0 16600.0 -999.0 2 -999 {-999.0 -999.0 -999.0 -999.0 -999.0} "" -999.0 -999.0 -999.0 -999.0 -999 -999 "" "" "" "" 0 0 0.0 0.0 -999 ""
FIBERMAP 1254 R+2C6 BOSS 1 1 0 1 0 0 -169.93067909656168 22.499859146319356 143.1 -78.34740651917834 152.43459937079052 289.5152 47.502563 173.21938591508282 3.2763464375872258 -999.0 -999.0 -999.0 173.2193940529943 3.276304042399896 173.22193068415936 3.135634524134305 59.567768905289 165.28616011647918 5400.0 5400.0 2016.0 1 48 {-999.0 22.100765 20.718807 20.111868 19.665155} sdss_fiber2mag_from_lsdr10 1e+20 1e+20 1e+20 -999.0 63050397587189694 1059010578 dark_flexible_2x2 bhm_spiders_agn_lsdr10 bhm_spiders science 0 0 0.0 0.0 -999 ""
FIBERMAP 1254 R+2C6 METROLOGY 0 0 0 1 0 0 -169.36157664550453 22.97288388380184 143.1 -77.63447767756989 152.2365783637068 289.5152 47.502563 -999.0 -999.0 -999.0 -999.0 -999.0 173.2226306079979 3.275441857003103 173.22517337688055 3.1347382373279142 59.56620067103151 165.28029448272304 -999.0 6231.0 -999.0 -1 -999 {-999.0 -999.0 -999.0 -999.0 -999.0} "" -999.0 -999.0 -999.0 -999.0 -999 -999 "" "" "" "" 0 0 0.0 0.0 -999 ""
FIBERMAP 1256 R-7C15 APOGEE 0 0 0 1 0 0 91.39379051992738 -135.03328341560018 143.1 -58.862256951108584 -152.03538301649547 136.53874 148.81819 -999.0 -999.0 -999.0 -999.0 -999.0 173.30874692139437 1.892863225158507 173.31080378842842 1.7523058227766377 58.19683486064511 165.68290661234178 -999.0 16600.0 -999.0 2 -999 {-999.0 -999.0 -999.0 -999.0 -999.0} "" -999.0 -999.0 -999.0 -999.0 -999 -999 "" "" "" "" 0 0 0.0 0.0 -999 ""
FIBERMAP 1256 R-7C15 BOSS 1 1 0 1 0 0 91.21897558569717 -134.21245478487347 143.1 -58.28748882661536 -151.4240170096463 136.53874 148.81819 173.31137883514378 1.8954701901336835 -7.1213746 -7.9709687 0.32130158 173.3113582000669 1.8954486368733356 173.31338907924408 1.7550137827853785 58.198945855572475 165.67704121310936 5400.0 5400.0 2016.0 1 317 {-999.0 18.160818 17.85665 17.760075 -999.0} sdss_psfmag 18.111795 17.841324 17.425718 16.093 63050395169996471 976146269 "" ops_std_boss ops_std standard_boss 0 0 0.0 0.0 -999 ""
FIBERMAP 1256 R-7C15 METROLOGY 0 0 0 1 0 0 91.90917228259384 -134.49379882895974 143.1 -58.12533749807653 -152.1513962667463 136.53874 148.81819 -999.0 -999.0 -999.0 -999.0 -999.0 173.31209898984156 1.892202161693512 173.3141360605514 1.7517325997542725 58.195581130587726 165.67695127356237 -999.0 6231.0 -999.0 -1 -999 {-999.0 -999.0 -999.0 -999.0 -999.0} "" -999.0 -999.0 -999.0 -999.0 -999 -999 "" "" "" "" 0 0 0.0 0.0 -999 ""
FIBERMAP 1260 R+1C4 APOGEE 0 0 0 1 0 0 -198.3912756151436 21.83707676603818 143.1 -95.10988836651222 175.43985591338893 22.434757 103.57288 -999.0 -999.0 -999.0 -999.0 -999.0 173.14349698743067 3.3800012149836745 173.14611579565292 3.2392202611582173 59.685110672371266 165.38875439322044 -999.0 16600.0 -999.0 2 -999 {-999.0 -999.0 -999.0 -999.0 -999.0} "" -999.0 -999.0 -999.0 -999.0 -999 -999 "" "" "" "" 0 0 0.0 0.0 -999 ""
FIBERMAP 1260 R+1C4 BOSS 1 1 0 1 0 0 -197.93310840915868 21.251232748000383 143.1 -95.33013046912174 174.72959387680046 22.434757 103.57288 173.14263682961382 3.3766858736206 -56.178665 10.169093 1.5943846 173.14249024762242 3.3767210864543755 173.1450827402814 3.2360577742359586 59.682239476522284 165.39208200310642 5400.0 5400.0 2016.0 1 62 {-999.0 18.096966 16.802128 16.116821 -999.0} sdss_psfmag 17.575354 16.67233 15.729009 13.919 63050395170006248 1136203495 dark_flexible_3x1 mwm_halo_local_high_boss_triple mwm_halo science 0 0 0.0 0.0 -999 ""
FIBERMAP 1260 R+1C4 METROLOGY 0 0 0 1 0 0 -198.67284548525043 21.14614957106044 143.1 -95.83799647776202 175.27747385519575 22.434757 103.57288 -999.0 -999.0 -999.0 -999.0 -999.0 173.1401900934189 3.37920669361769 173.1427912812834 3.238510596130664 59.6851222396196 165.3954788887543 -999.0 6231.0 -999.0 -1 -999 {-999.0 -999.0 -999.0 -999.0 -999.0} "" -999.0 -999.0 -999.0 -999.0 -999 -999 "" "" "" "" 0 0 0.0 0.0 -999 ""
FIBERMAP 1265 R+5C6 APOGEE 0 0 0 1 0 0 -138.83790177610595 81.19449747646921 143.1 -12.40662606770993 160.3355617801328 300.91388 15.679589 -999.0 -999.0 -999.0 -999.0 -999.0 173.51942853833998 3.3126681124078834 173.5219258040779 3.171779921853637 59.53771131602831 164.69372449638732 -999.0 16600.0 -999.0 2 -999 {-999.0 -999.0 -999.0 -999.0 -999.0} "" -999.0 -999.0 -999.0 -999.0 -999 -999 "" "" "" "" 0 0 0.0 0.0 -999 ""
FIBERMAP 1265 R+5C6 BOSS 1 1 0 1 0 0 -139.40572083645915 81.65152743720428 143.1 -12.354700139146285 161.0625094380876 300.91388 15.679589 173.51916896271175 3.3159126394468776 -13.218149 -3.0349476 1.8885949 173.51968731492997 3.315895429748127 173.52215886169336 3.1751236821567868 59.54091965137371 164.69181050529335 5400.0 5400.0 2016.0 1 50 {-999.0 14.320841 13.682073 13.456654 -999.0} sdss_psfmag_gaia 14.158038 13.724494 13.115482 11.98 63050395170012701 1075854766 bright_1x1 mwm_erosita_stars_boss mwm_erosita science 0 0 1.989966869354248 0.0 -999 ""
FIBERMAP 1265 R+5C6 METROLOGY 0 0 0 1 0 0 -138.72388564812664 81.93183207017306 143.1 -11.735868702100053 160.66204900954762 300.91388 15.679589 -999.0 -999.0 -999.0 -999.0 -999.0 173.5224977371026 3.314109011880912 173.52497551889508 3.173303540196975 59.53851968864038 164.68720018014375 -999.0 6231.0 -999.0 -1 -999 {-999.0 -999.0 -999.0 -999.0 -999.0} "" -999.0 -999.0 -999.0 -999.0 -999 -999 "" "" "" "" 0 0 0.0 0.0 -999 ""
FIBERMAP 1266 R-1C23 APOGEE 0 0 0 1 0 0 194.08901616557034 -21.021275358397936 143.1 93.32854895205006 -171.44028833792592 224.78537 69.956116 -999.0 -999.0 -999.0 -999.0 -999.0 174.0002538205358 1.8057474750234273 174.00214482073613 1.664998616369498 57.961751760114645 164.44285721662416 -999.0 16600.0 -999.0 2 -999 {-999.0 -999.0 -999.0 -999.0 -999.0} "" -999.0 -999.0 -999.0 -999.0 -999 -999 "" "" "" "" 0 0 0.0 0.0 -999 ""
FIBERMAP 1266 R-1C23 BOSS 1 1 0 1 0 0 193.75775664204457 -20.34652399358179 143.1 93.69415331977173 -170.78362951913405 224.78537 69.956116 174.00196477367646 1.8085286975436279 0.11849152 0.10624913 -0.22997384 174.00197446241305 1.8085462851232603 174.00383716266492 1.667920904598239 57.96421696240597 164.43850744405802 5400.0 5400.0 2016.0 1 312 {-999.0 20.545351 20.134872 19.879137 19.51801} sdss_psfmag 20.165792 20.086676 19.274971 -999.0 63050395169983041 1060010929 dark_2x4 bhm_aqmes_wide2_faint bhm_filler science 0 0 0.0 0.0 -999 ""
FIBERMAP 1266 R-1C23 METROLOGY 0 0 0 1 0 0 194.51182982508047 -20.406547296696296 143.1 94.07453879724274 -171.43737194285814 224.78537 69.956116 -999.0 -999.0 -999.0 -999.0 -999.0 174.00367607853488 1.8056464547625726 174.00554569095038 1.6649858736581793 57.96097221876102 164.43661984134323 -999.0 6231.0 -999.0 -1 -999 {-999.0 -999.0 -999.0 -999.0 -999.0} "" -999.0 -999.0 -999.0 -999.0 -999 -999 "" "" "" "" 0 0 0.0 0.0 -999 ""
FIBERMAP 1270 R+5C12 APOGEE 0 0 0 1 0 0 27.552189802260333 87.19632834601794 143.1 87.33991452736804 27.05123623801283 14.584893 63.31778 -999.0 -999.0 -999.0 -999.0 -999.0 173.97416189436296 2.707157260039718 173.9763467545555 2.5662452549020323 58.8451197584793 164.09836624670143 -999.0 16600.0 -999.0 2 8 {-999.0 -999.0 -999.0 -999.0 -999.0} "" -999.0 -999.0 -999.0 -999.0 -999 -999 "" ops_sky_apogee_best_unassigned ops_sky sky_apogee 0 0 0.0 0.0 -999 ""
FIBERMAP 1270 R+5C12 BOSS 1 1 0 1 0 0 27.382089194103077 86.47361771783659 143.1 86.64921296059462 26.77916074502344 14.584893 63.31778 173.97109093077123 2.7058198455276776 -999.0 -999.0 -999.0 173.97109109217968 2.7058134349675025 173.97324774864285 2.5650227169573867 58.844644004530736 164.10473393421063 5400.0 5400.0 2016.0 1 116 {-999.0 21.157732 20.882172 20.63062 20.424297} sdss_psfmag_from_gaiadr2 20.798843 20.929874 19.926947 -999.0 63050395170000570 1056632420 dark_flexible_2x2 bhm_gua_dark bhm_filler science 0 0 0.0 0.0 -999 ""
FIBERMAP 1270 R+5C12 METROLOGY 0 0 0 1 0 0 26.843042039093447 86.97706009266223 143.1 86.75566619712151 27.508917284584843 14.584893 63.31778 -999.0 -999.0 -999.0 -999.0 -999.0 173.97155783973935 2.7091669660953692 173.97372353572325 2.5683414263568283 58.847763728732204 164.10236095761178 -999.0 6231.0 -999.0 -1 -999 {-999.0 -999.0 -999.0 -999.0 -999.0} "" -999.0 -999.0 -999.0 -999.0 -999 -999 "" "" "" "" 0 0 0.0 0.0 -999 ""
FIBERMAP 1271 R-4C14 APOGEE 0 0 0 1 0 0 58.026249320014244 -82.05406187175511 143.1 -34.349182546550686 -94.43134614952218 350.65436 109.543236 -999.0 -999.0 -999.0 -999.0 -999.0 173.41984299681212 2.1540369625644398 173.42196756267026 2.0133949982724806 58.42872641301187 165.37161015683455 -999.0 16600.0 -999.0 2 -999 {-999.0 -999.0 -999.0 -999.0 -999.0} "" -999.0 -999.0 -999.0 -999.0 -999 -999 "" "" "" "" 0 0 0.0 0.0 -999 ""
FIBERMAP 1271 R-4C14 BOSS 1 1 0 1 0 0 58.16270160769717 -82.78107444948944 143.1 -34.86873287670912 -94.95773378889389 350.65436 109.543236 173.4175424179005 2.151422183013238 -14.064011 22.410313 1.4283843 173.41748941465872 2.1514765473433184 173.41958691532227 2.010958459421944 58.426850970080054 165.377039243357 5400.0 5400.0 2016.0 1 324 {-999.0 19.853424 19.800058 19.89041 -999.0} sdss_psfmag 19.903738 19.764599 19.709959 -999.0 63050395169998569 1143293659 dark_2x1 mwm_wd_pwd_boss_2x1 mwm_wd science 0 0 0.0 0.0 -999 ""
FIBERMAP 1271 R-4C14 METROLOGY 0 0 0 1 0 0 57.459156882618245 -82.53890014165559 143.1 -35.070671882402564 -94.24170835597128 350.65436 109.543236 -999.0 -999.0 -999.0 -999.0 -999.0 173.41656185774963 2.154774253417972 173.41866825154636 2.014221060107338 58.43023413429742 165.37742911339473 -999.0 6231.0 -999.0 -1 -999 {-999.0 -999.0 -999.0 -999.0 -999.0} "" -999.0 -999.0 -999.0 -999.0 -999 -999 "" "" "" "" 0 0 0.0 0.0 -999 ""
FIBERMAP 1272 R+1C9 APOGEE 0 0 0 1 0 0 -122.6772375745948 18.711720560758817 143.1 -54.53286731947082 111.45302664712227 249.2984 30.763721 -999.0 -999.0 -999.0 -999.0 -999.0 173.3275312593006 3.090919992214923 173.33000118287384 2.950132534515431 59.36341630604802 165.15713044975212 -999.0 16600.0 -999.0 2 147 {-999.0 -999.0 -999.0 -999.0 -999.0} "" -999.0 -999.0 -999.0 -999.0 -999 -999 "" ops_sky_apogee_best_unassigned ops_sky sky_apogee 0 0 0.0 0.0 -999 ""
FIBERMAP 1272 R+1C9 BOSS 1 1 0 1 0 0 -122.80774499154671 19.45084392682154 143.1 -53.99997927242487 111.98143123611935 249.2984 30.763721 173.32671321432056 3.0907416177213576 1.4970348 -0.7074794 0.16140835 173.32996151076324 3.09325355828305 173.3324055033288 2.9525830128657127 59.36529107524481 165.15149196438503 5400.0 5400.0 2016.0 1 45 {-999.0 20.894772 20.650927 20.433521 20.258423} sdss_psfmag_from_gaiadr2 20.609985 20.680435 19.815239 -999.0 63050395170005015 1056632505 dark_flexible_2x2 bhm_gua_dark bhm_filler science 0 0 0.0 0.0 -999 ""
FIBERMAP 1272 R+1C9 METROLOGY 0 0 0 1 0 0 -122.09775893840786 19.19656082454855 143.1 -53.80431821122276 111.25321361529748 249.2984 30.763721 -999.0 -999.0 -999.0 -999.0 -999.0 173.33084759110986 3.0899737181734683 173.33329762465064 2.949270032736209 59.36186389621408 165.15118762400283 -999.0 6231.0 -999.0 -1 -999 {-999.0 -999.0 -999.0 -999.0 -999.0} "" -999.0 -999.0 -999.0 -999.0 -999 -999 "" "" "" "" 0 0 0.0 0.0 -999 ""
FIBERMAP 1276 R-2C3 APOGEE 0 0 0 1 0 0 -209.20364605061607 -29.80431115384419 143.1 -143.69923152846746 154.89593263414287 64.10104 80.308586 -999.0 -999.0 -999.0 -999.0 -999.0 172.92301711247376 3.286236579272137 172.9256593827231 3.145545820498654 59.63954256797349 165.85369294209602 -999.0 16600.0 -999.0 2 257 {-999.0 -999.0 -999.0 -999.0 -999.0} "" -999.0 -999.0 -999.0 -999.0 -999 -999 "" ops_sky_apogee_best_unassigned ops_sky sky_apogee 0 0 0.0 0.0 -999 ""
FIBERMAP 1276 R-2C3 BOSS 1 1 0 1 0 0 -208.58323909451963 -30.213409439620513 143.1 -143.68181066910952 154.15309261672647 64.10104 80.308586 172.92304001720046 3.2828250610055103 8.100368 -11.072821 0.32428002 172.92307687609446 3.2828003228306444 172.9256932116342 3.142227269800341 59.63628810976019 165.85497877251956 5400.0 5400.0 2016.0 1 475 {-999.0 17.157183 16.82697 16.688358 -999.0} sdss_psfmag 17.137026 16.824774 16.364685 15.328 63050395170006310 977049173 "" ops_std_boss ops_std standard_boss 0 0 0.0 0.0 -999 ""
FIBERMAP 1276 R-2C3 METROLOGY 0 0 0 1 0 0 -209.26144618009002 -30.54900740967833 143.1 -144.34400311437147 154.51906395501982 64.10104 80.308586 -999.0 -999.0 -999.0 -999.0 -999.0 172.92008689164382 3.2844618690782053 172.9227116014796 3.1438563296336923 59.63849489919395 165.8600793929134 -999.0 6231.0 -999.0 -1 -999 {-999.0 -999.0 -999.0 -999.0 -999.0} "" -999.0 -999.0 -999.0 -999.0 -999 -999 "" "" "" "" 0 0 0.0 0.0 -999 ""
FIBERMAP 1281 R+5C7 APOGEE 0 0 0 1 0 0 -89.74655587790639 99.50719385137685 143.1 30.6130423610736 130.43789454276583 0.77751154 129.50165 -999.0 -999.0 -999.0 -999.0 -999.0 173.7154026360135 3.177287960418837 173.71780404384117 3.03636489035852 59.36183668940231 164.37856875514302 -999.0 16600.0 -999.0 2 108 {-999.0 -999.0 -999.0 -999.0 -999.0} "" -999.0 -999.0 -999.0 -999.0 -999 -999 "" ops_sky_apogee_best_unassigned ops_sky sky_apogee 0 0 0.0 0.0 -999 ""
FIBERMAP 1281 R+5C7 BOSS 1 1 0 1 0 0 -89.28036570633988 98.93509835230358 143.1 30.408667696791916 129.7288753564306 0.77751154 129.50165 173.71454538388633 3.1740461832726368 -5.782878 -1.7688076 0.26857084 173.71451526706207 3.1740105908858145 173.7168883460813 3.0332062307431267 59.35896761096131 164.38172151043648 5400.0 5400.0 2016.0 1 54 {-999.0 17.409826 17.004217 16.890331 -999.0} sdss_psfmag 17.359486 17.047083 16.568697 15.764 63050395170012385 978210313 "" ops_std_boss ops_std standard_boss 0 0 0.0 0.0 -999 ""
FIBERMAP 1281 R+5C7 METROLOGY 0 0 0 1 0 0 -90.01495941402207 98.81180481741495 143.1 29.888771133858995 130.26215263088667 0.77751154 129.50165 -999.0 -999.0 -999.0 -999.0 -999.0 173.71213464704346 3.176452973971436 173.71451693228323 3.035615475217721 59.361850942215 164.38517557107326 -999.0 6231.0 -999.0 -1 -999 {-999.0 -999.0 -999.0 -999.0 -999.0} "" -999.0 -999.0 -999.0 -999.0 -999 -999 "" "" "" "" 0 0 0.0 0.0 -999 ""
FIBERMAP 1285 R+9C4 APOGEE 0 0 0 1 0 0 -128.4661380009237 189.82069026306715 143.1 82.74977629827143 213.71362469009526 130.07936 92.50579 -999.0 -999.0 -999.0 -999.0 -999.0 173.95158329329666 3.552686201125689 173.95404518347277 3.41162502318347 59.67240009794598 163.75516958304092 -999.0 16600.0 -999.0 2 -999 {-999.0 -999.0 -999.0 -999.0 -999.0} "" -999.0 -999.0 -999.0 -999.0 -999 -999 "" "" "" "" 0 0 0.0 0.0 -999 ""
FIBERMAP 1285 R+9C4 BOSS 1 1 0 1 0 0 -127.92551597156158 190.33783832971713 143.1 83.48272717288269 213.56414608303308 130.07936 92.50579 173.95494185326754 3.551921082064776 -0.09451682 -0.60980046 0.09476637 173.95495060202745 3.5519200740906385 173.95738311378602 3.4109741902234423 59.670982274417995 163.7490606102372 5400.0 5400.0 2016.0 1 15 {-999.0 19.931856 19.79187 19.675695 19.566616} sdss_psfmag_from_gdr3 19.656713 19.762262 19.07111 -999.0 63050395170013306 1128658478 dark_flexible_3x1 bhm_spiders_agn_gaiadr3_d3 bhm_spiders science 0 0 0.0 0.0 -999 ""
FIBERMAP 1285 R+9C4 METROLOGY 0 0 0 1 0 0 -127.74870195739054 189.61587936503858 143.1 82.99032850952288 213.00747740506694 130.07936 92.50579 -999.0 -999.0 -999.0 -999.0 -999.0 173.95271675094187 3.549456027587456 173.95515707853383 3.408478335491319 59.669080472405476 163.75450192911268 -999.0 6231.0 -999.0 -1 -999 {-999.0 -999.0 -999.0 -999.0 -999.0} "" -999.0 -999.0 -999.0 -999.0 -999 -999 "" "" "" "" 0 0 0.0 0.0 -999 ""
FIBERMAP 1287 R+12C7 APOGEE 0 0 0 1 0 0 -18.333663849798487 251.31283186663714 143.1 196.0288274395035 158.2705045061829 120.26563 64.84312 -999.0 -999.0 -999.0 -999.0 -999.0 174.46478199831841 3.3004082030997868 174.46702892592134 3.1592509361056256 59.303730701473825 162.89647888427672 -999.0 16600.0 -999.0 2 -999 {-999.0 -999.0 -999.0 -999.0 -999.0} "" -999.0 -999.0 -999.0 -999.0 -999 -999 "" "" "" "" 0 0 0.0 0.0 -999 ""
FIBERMAP 1287 R+12C7 BOSS 1 1 0 1 0 0 -17.593031595906986 251.39689628355566 143.1 196.5199347563709 157.7099117579626 120.26563 64.84312 174.4670356445226 3.2977873082762854 -999.0 -999.0 -999.0 174.46705188491808 3.297763137152657 174.46926733996168 3.156723248151847 59.300728171563776 162.8934637453762 5400.0 5400.0 2016.0 1 155 {-999.0 24.575548 22.269714 21.73775 -999.0} sdss_psfmag -999.0 -999.0 -999.0 -999.0 63050396871921307 1055496459 dark_flexible_2x2 bhm_csc_boss bhm_csc science 0 0 0.0 0.0 -999 ""
FIBERMAP 1287 R+12C7 METROLOGY 0 0 0 1 0 0 -17.88981065347125 250.71311833450542 143.1 195.78903361042438 157.5640993292296 120.26563 64.84312 -999.0 -999.0 -999.0 -999.0 -999.0 174.46375751819713 3.2971609137383706 174.46598218841427 3.156088712941531 59.30092582100788 162.89999641424583 -999.0 6231.0 -999.0 -1 -999 {-999.0 -999.0 -999.0 -999.0 -999.0} "" -999.0 -999.0 -999.0 -999.0 -999 -999 "" "" "" "" 0 0 0.0 0.0 -999 ""
FIBERMAP 1289 R-2C15 APOGEE 1 1 0 1 0 0 53.03075813211683 -50.03908058958538 143.1 -10.892624512608453 -72.08372932649556 313.0744 111.69946 173.52667386045061 2.255686408545882 -15.503674 -8.51017 0.6194788 173.52662447863543 2.2556601472983018 173.52876106478436 2.11496589403009 58.50507796997289 165.13067930303782 16000.0 16600.0 2016.0 2 219 {-999.0 14.157291 13.47091 13.210161 -999.0} sdss_psfmag_from_g3xp 13.972249 13.499526 12.864035 11.589 63050395169998748 1105390227 bright_flexible_4x1 mwm_tess_rgb_apogee mwm_tessrgb science 0 0 0.0 0.0 -999 ""
FIBERMAP 1289 R-2C15 BOSS 0 0 0 1 0 0 52.71860211295805 -50.70518267222446 143.1 -11.617765733514677 -72.20683580952114 313.0744 111.69946 -999.0 -999.0 -999.0 -999.0 -999.0 173.5233411988811 2.2549389868249827 173.52545121765615 2.1143680669295506 58.5052082984199 165.1371083160557 -999.0 5400.0 -999.0 1 273 {-999.0 -999.0 -999.0 -999.0 -999.0} "" -999.0 -999.0 -999.0 -999.0 -999 -999 "" "" "" "" 0 0 0.0 0.0 -999 ""
FIBERMAP 1289 R-2C15 METROLOGY 0 0 0 1 0 0 52.27634078928122 -50.1023145102064 143.1 -11.37447298223832 -71.49994086899217 313.0744 111.69946 -999.0 -999.0 -999.0 -999.0 -999.0 173.5244417874674 2.2581974230203135 173.52656033319022 2.1175909120032554 58.50811590643852 165.13370493959067 -999.0 6231.0 -999.0 -1 -999 {-999.0 -999.0 -999.0 -999.0 -999.0} "" -999.0 -999.0 -999.0 -999.0 -999 -999 "" "" "" "" 0 0 0.0 0.0 -999 ""
FIBERMAP 1296 R-5C7 APOGEE 0 0 0 1 0 0 -104.95907665347687 -88.88272367415358 143.1 -132.83487211270364 35.58449854766283 77.65037 148.98958 -999.0 -999.0 -999.0 -999.0 -999.0 172.97128638426923 2.7454558293979945 172.97371979326317 2.6048481369185694 59.100480112730985 165.97890769752084 -999.0 16600.0 -999.0 2 262 {-999.0 -999.0 -999.0 -999.0 -999.0} "" -999.0 -999.0 -999.0 -999.0 -999 -999 "" ops_sky_apogee_best_unassigned ops_sky sky_apogee 0 0 0.0 0.0 -999 ""
FIBERMAP 1296 R-5C7 BOSS 1 1 0 1 0 0 -104.44565462701657 -88.34136753039262 143.1 -132.09753174079455 35.47116188216921 77.65037 148.98958 172.97468035378097 2.7448466175308983 -15.494315 -2.0063093 0.11176998 172.97460265532894 2.7448410781265298 172.97701009628008 2.6043520661371113 59.099324002932775 165.97283886239737 5400.0 5400.0 2016.0 1 464 {-999.0 17.62663 17.316257 17.201847 17.171566} sdss_psfmag_from_gaia 17.5808 17.323 16.8734 16.066 63050395170004349 968255626 "" ops_std_boss_gdr2 ops_std standard_boss 0 0 0.0 0.0 -999 ""
FIBERMAP 1296 R-5C7 METROLOGY 0 0 0 1 0 0 -104.23447707632377 -89.04980320962488 143.1 -132.5592381411928 34.89396656354378 77.65037 148.98958 -999.0 -999.0 -999.0 -999.0 -999.0 172.97251046026213 2.74224392147475 172.97492452925655 2.6017221828728343 59.09717441204018 165.97785490277207 -999.0 6231.0 -999.0 -1 -999 {-999.0 -999.0 -999.0 -999.0 -999.0} "" -999.0 -999.0 -999.0 -999.0 -999 -999 "" "" "" "" 0 0 0.0 0.0 -999 ""
FIBERMAP 1300 R+11C12 APOGEE 0 0 0 1 0 0 87.9885623286926 217.59695572060085 143.1 228.9147168413989 51.70464116046897 2.425543 135.94987 -999.0 -999.0 -999.0 -999.0 -999.0 174.61457002153128 2.81811763949387 174.61663646978855 2.677010603500141 58.799501891898004 162.8475418536353 -999.0 16600.0 -999.0 2 11 {-999.0 -999.0 -999.0 -999.0 -999.0} "" -999.0 -999.0 -999.0 -999.0 -999 -999 "" ops_sky_apogee_best_unassigned ops_sky sky_apogee 0 0 0.0 0.0 -999 ""
FIBERMAP 1300 R+11C12 BOSS 1 1 0 1 0 0 88.57609099781861 217.13176358313694 143.1 228.86731624773032 50.95684916577405 2.425543 135.94987 174.61442788495364 2.8146220193340574 -999.0 -999.0 -999.0 174.61442715681002 2.814619097261573 174.61646187085512 2.6736325950137547 58.79627292115087 162.84948666373216 5400.0 5400.0 2016.0 1 142 {-999.0 nan nan nan nan} undefined 1e+20 1e+20 1e+20 -999.0 63050399017160740 1059006761 dark_flexible_2x2 bhm_spiders_agn_lsdr10 bhm_spiders science 0 0 0.0 0.0 -999 ""
FIBERMAP 1300 R+11C12 METROLOGY 0 0 0 1 0 0 87.8780871166467 216.85996902114374 143.1 228.24626305274535 51.375442994246654 2.425543 135.94987 -999.0 -999.0 -999.0 -999.0 -999.0 174.6116219821116 2.8165559042819135 174.61366665965977 2.6755357924645726 58.798809584961944 162.8537958208449 -999.0 6231.0 -999.0 -1 -999 {-999.0 -999.0 -999.0 -999.0 -999.0} "" -999.0 -999.0 -999.0 -999.0 -999 -999 "" "" "" "" 0 0 0.0 0.0 -999 ""
FIBERMAP 1301 R+2C23 APOGEE 1 1 0 1 0 0 212.3356869427543 55.938791259393355 143.1 166.95581137356552 -142.57674977522487 181.39877 44.944557 174.33345165007117 1.937404200202871 1.8513025 -1.8921384 0.9876381 174.3338429735701 1.937414194374892 174.33570842657127 1.7965476673600955 58.0129604585174 163.77365328616034 16000.0 16600.0 2016.0 2 82 {-999.0 9.8481865 8.603573 8.059075 -999.0} sdss_psfmag_gaia 9.389847 8.570675 7.686343 5.683 63050395169983420 1154272299 bright_1x1 mwm_galactic_core_dist_apogee_sparse mwm_galactic science 0 0 1.520032525062561 0.0 -999 ""
FIBERMAP 1301 R+2C23 BOSS 0 0 0 1 0 0 212.83620616450932 56.48582720049827 143.1 167.69046569275358 -142.67624906031094 181.39877 44.944557 -999.0 -999.0 -999.0 -999.0 -999.0 174.33721536962693 1.9368302553480026 174.33904994570798 1.7960869218792899 58.011727334717385 163.76772975931843 -999.0 5400.0 -999.0 1 225 {-999.0 -999.0 -999.0 -999.0 -999.0} "" -999.0 -999.0 -999.0 -999.0 -999 -999 "" "" "" "" 0 0 0.0 0.0 -999 ""
FIBERMAP 1301 R+2C23 METROLOGY 0 0 0 1 0 0 213.0541429198955 55.758856109264784 143.1 167.21738244286524 -143.26955986581711 181.39877 44.944557 -999.0 -999.0 -999.0 -999.0 -999.0 174.33505262725387 1.9341817718242793 174.33689534528537 1.7934043994392024 58.0096263889822 163.77287153464547 -999.0 6231.0 -999.0 -1 -999 {-999.0 -999.0 -999.0 -999.0 -999.0} "" -999.0 -999.0 -999.0 -999.0 -999 -999 "" "" "" "" 0 0 0.0 0.0 -999 ""
FIBERMAP 1302 R-9C18 APOGEE 1 1 0 1 0 0 201.55322444537924 -157.95118236907842 143.1 -14.918270621778124 -255.60075281340409 108.92475 53.083397 173.50986966765683 1.4266038974347706 -295.3725 141.57082 40.52317 173.5090078618143 1.4270061910311451 173.51086640385574 1.2864757936933242 57.699460797281226 165.49814524365235 16000.0 16600.0 2016.0 2 187 {-999.0 16.93482 15.264971 13.754816 -999.0} sdss_psfmag 16.231884 14.471055 13.213745 10.94 63050395169980836 984746196 bright_1x1 mwm_snc_100pc_apogee mwm_snc science 0 0 0.0 0.0 -999 ""
FIBERMAP 1302 R-9C18 BOSS 0 0 0 1 0 0 202.27086290428684 -158.1740489657953 143.1 -14.692437444133633 -256.3173552349857 108.92475 53.083397 -999.0 -999.0 -999.0 -999.0 -999.0 173.51006040502708 1.423666949775176 173.51189041619978 1.2832631142532804 57.69610456019952 165.4975387086589 -999.0 5400.0 -999.0 1 330 {-999.0 -999.0 -999.0 -999.0 -999.0} "" -999.0 -999.0 -999.0 -999.0 -999 -999 "" "" "" "" 0 0 0.0 0.0 -999 ""
FIBERMAP 1302 R-9C18 METROLOGY 0 0 0 1 0 0 201.7262102235382 -158.6858465927997 143.1 -15.42328927292007 -256.16151619883317 108.92475 53.083397 -999.0 -999.0 -999.0 -999.0 -999.0 173.50674373591625 1.4244041420107403 173.50858231165535 1.2839654048070495 57.697487570158685 165.503311946855 -999.0 6231.0 -999.0 -1 -999 {-999.0 -999.0 -999.0 -999.0 -999.0} "" -999.0 -999.0 -999.0 -999.0 -999 -999 "" "" "" "" 0 0 0.0 0.0 -999 ""
FIBERMAP 1303 R-7C11 APOGEE 0 0 0 1 0 0 24.449071486340188 -119.75829841054524 143.1 -84.46017051114124 -88.3300091919814 111.66655 40.612015 -999.0 -999.0 -999.0 -999.0 -999.0 173.19175196719556 2.1818758516339183 173.19393429182617 2.0413010818662918 58.50376718717021 165.7864923835501 -999.0 16600.0 -999.0 2 151 {-999.0 -999.0 -999.0 -999.0 -999.0} "" -999.0 -999.0 -999.0 -999.0 -999 -999 "" ops_sky_apogee_best_unassigned ops_sky sky_apogee 0 0 0.0 0.0 -999 ""
FIBERMAP 1303 R-7C11 BOSS 1 1 0 1 0 0 25.114152972616473 -120.09983980163373 143.1 -84.3617883248887 -89.07105682067619 111.66655 40.612015 173.19219475724987 2.178334679389483 -0.25440145 -0.09562995 -1.617908 173.19219460708058 2.178346827298291 173.19434971720125 2.037895041619279 58.500348856081224 165.78706171967377 5400.0 5400.0 2016.0 1 377 {-999.0 20.473942 20.330769 20.202963 20.134638} sdss_psfmag_from_gaiadr2 20.376925 20.32124 19.892061 -999.0 63050395169997639 1056632359 dark_flexible_2x2 bhm_gua_dark bhm_filler science 0 0 0.0 0.0 -999 ""
FIBERMAP 1303 R-7C11 METROLOGY 0 0 0 1 0 0 24.49555507869829 -120.50062191911528 143.1 -85.04356778157118 -88.79120422928005 111.66655 40.612015 -999.0 -999.0 -999.0 -999.0 -999.0 173.18909169544378 2.1796630696138837 173.191255265834 2.0391773284473675 58.50224225089788 165.79234603828704 -999.0 6231.0 -999.0 -1 -999 {-999.0 -999.0 -999.0 -999.0 -999.0} "" -999.0 -999.0 -999.0 -999.0 -999 -999 "" "" "" "" 0 0 0.0 0.0 -999 ""
FIBERMAP 1304 R+7C15 APOGEE 0 0 0 1 0 0 96.78896821312644 147.2764401423422 143.1 176.15491019439085 4.402973051914793 102.63867 125.15953 -999.0 -999.0 -999.0 -999.0 -999.0 174.37715525942187 2.6039355684911327 174.37921396286617 2.462931000371309 58.64988633970334 163.39134475327086 -999.0 16600.0 -999.0 2 -999 {-999.0 -999.0 -999.0 -999.0 -999.0} "" -999.0 -999.0 -999.0 -999.0 -999 -999 "" "" "" "" 0 0 0.0 0.0 -999 ""
FIBERMAP 1304 R+7C15 BOSS 1 1 0 1 0 0 97.27226621659452 147.80997006447578 143.1 176.86865479128193 4.309926292945897 102.63867 125.15953 174.3804800936509 2.6034035936637956 -999.0 -999.0 -999.0 174.38046604204484 2.603391875940073 174.38249384057394 2.462507300749704 58.648686627109896 163.38542744771772 5400.0 5400.0 2016.0 1 187 {-999.0 21.010092 20.92054 20.70081 20.685514} sdss_psfmag_from_gaiadr2 20.26084 20.98868 20.161688 -999.0 63050395170006735 1130086857 dark_flexible_3x1 bhm_gua_dark_d3 bhm_filler science 0 0 0.0 0.0 -999 ""
FIBERMAP 1304 R+7C15 METROLOGY 0 0 0 1 0 0 97.51607959382048 147.10919475204102 143.1 176.43183922389193 3.7102828851660528 102.63867 125.15953 -999.0 -999.0 -999.0 -999.0 -999.0 174.37847265356064 2.600702719043644 174.3805085972632 2.4597849642610985 58.64652152877631 163.39038649093575 -999.0 6231.0 -999.0 -1 -999 {-999.0 -999.0 -999.0 -999.0 -999.0} "" -999.0 -999.0 -999.0 -999.0 -999 -999 "" "" "" "" 0 0 0.0 0.0 -999 ""
FIBERMAP 1306 R-11C6 APOGEE 0 0 0 1 0 0 -66.64740349599829 -230.90992823400998 143.1 -227.69150296588688 -76.82456505559101 292.11624 51.243073 -999.0 -999.0 -999.0 -999.0 -999.0 172.54409120812647 2.2352014507638005 172.54643013163286 2.094835641789311 58.684415565752744 166.98332628680402 -999.0 16600.0 -999.0 2 177 {-999.0 -999.0 -999.0 -999.0 -999.0} "" -999.0 -999.0 -999.0 -999.0 -999 -999 "" ops_sky_apogee_best_unassigned ops_sky sky_apogee 0 0 0.0 0.0 -999 ""
FIBERMAP 1306 R-11C6 BOSS 1 1 0 1 0 0 -67.36409217482904 -230.71686723661637 143.1 -227.94128289827944 -76.12572734475569 292.11624 51.243073 172.54301219855094 2.238210065754997 -26.05481 -3.983991 0.24056627 172.54295241356598 2.238234922597575 172.5452691737736 2.0979909402501224 58.68773355502995 166.98436756339495 5400.0 5400.0 2016.0 1 358 {-999.0 17.925293 17.52347 17.38184 -999.0} sdss_psfmag 17.855127 17.531582 17.038677 15.883 63050395170001847 977049161 "" ops_std_boss ops_std standard_boss 0 0 0.0 0.0 -999 ""
FIBERMAP 1306 R-11C6 METROLOGY 0 0 0 1 0 0 -66.83291581674938 -230.19047344504355 143.1 -227.20611833861085 -76.26217691373844 292.11624 51.243073 -999.0 -999.0 -999.0 -999.0 -999.0 172.54624998085046 2.2376451719934565 172.54857248516146 2.0973655663851174 58.686493793142475 166.97835901206574 -999.0 6231.0 -999.0 -1 -999 {-999.0 -999.0 -999.0 -999.0 -999.0} "" -999.0 -999.0 -999.0 -999.0 -999 -999 "" "" "" "" 0 0 0.0 0.0 -999 ""
FIBERMAP 1308 R-4C5 APOGEE 0 0 0 1 0 0 -166.386838450666 -88.82190117695563 143.1 -167.78881104521165 86.08757949660213 240.37524 106.78715 -999.0 -999.0 -999.0 -999.0 -999.0 172.8131696206952 2.974366750350744 172.8157247753595 2.8337702604606054 59.35661221232388 166.1904025574933 -999.0 16600.0 -999.0 2 252 {-999.0 -999.0 -999.0 -999.0 -999.0} "" -999.0 -999.0 -999.0 -999.0 -999 -999 "" ops_sky_apogee_best_unassigned ops_sky sky_apogee 0 0 0.0 0.0 -999 ""
FIBERMAP 1308 R-4C5 BOSS 1 1 0 1 0 0 -167.10017212083187 -88.6274647911631 143.1 -168.0355491590812 86.78444451597775 240.37524 106.78715 172.81204827684903 2.9774173893839633 0.34735963 -0.41686672 0.7076853 172.81203765786353 2.9774274784334263 172.8145698791999 2.83694933318078 59.35995823117105 166.19136613306074 5400.0 5400.0 2016.0 1 459 {-999.0 19.661001 19.560852 19.39218 19.228142} sdss_psfmag_from_lsdr10 19.901112 19.738651 19.204937 -999.0 63050395170005390 1059008647 dark_flexible_2x2 bhm_spiders_agn_lsdr10 bhm_spiders science 0 0 0.0 0.0 -999 ""
FIBERMAP 1308 R-4C5 METROLOGY 0 0 0 1 0 0 -166.58319971301896 -88.09318810488398 143.1 -167.30200205280474 86.66415674523886 240.37524 106.78715 -999.0 -999.0 -999.0 -999.0 -999.0 172.8153547143481 2.9769240897106877 172.81789282940235 2.8364113188786586 59.35876412919747 166.18519915089408 -999.0 6231.0 -999.0 -1 -999 {-999.0 -999.0 -999.0 -999.0 -999.0} "" -999.0 -999.0 -999.0 -999.0 -999 -999 "" "" "" "" 0 0 0.0 0.0 -999 ""
FIBERMAP 1312 R-11C11 APOGEE 1 1 0 1 0 0 37.06418683809609 -221.719227077048 143.1 -161.04164879630292 -156.79573250019314 259.9075 47.109013 172.8461867816496 1.8726695344411752 -70.14988 11.518268 4.711554 172.84596520932314 1.8726721541949587 172.84810651523628 1.7322703771496482 58.270567710779446 166.5509962388175 16000.0 16600.0 2016.0 2 156 {-999.0 11.502183 11.14656 11.035933 -999.0} sdss_psfmag_from_g3xp 11.446725 11.15896 10.708604 9.932 63050395169996930 1103735090 bright_1x1 mwm_tess_2min_apogee mwm_planet science 0 0 0.0 0.0 -999 ""
FIBERMAP 1312 R-11C11 BOSS 0 0 0 1 0 0 36.60815797520364 -221.12878440632502 143.1 -160.8164099771532 -156.08460681462805 259.9075 47.109013 -999.0 -999.0 -999.0 -999.0 -999.0 172.8469580290005 1.8757235458885866 172.84907553874893 1.735444685470994 58.27349111623302 166.54800888058608 -999.0 5400.0 -999.0 1 393 {-999.0 -999.0 -999.0 -999.0 -999.0} "" -999.0 -999.0 -999.0 -999.0 -999 -999 "" "" "" "" 0 0 0.0 0.0 -999 ""
FIBERMAP 1312 R-11C11 METROLOGY 0 0 0 1 0 0 37.342305341208345 -221.0242919523414 143.1 -160.31221453305977 -156.6282309610295 259.9075 47.109013 -999.0 -999.0 -999.0 -999.0 -999.0 172.8492465256736 1.8733021899016453 172.85136969266694 1.7329879307250318 58.27063305433552 166.54464714032477 -999.0 6231.0 -999.0 -1 -999 {-999.0 -999.0 -999.0 -999.0 -999.0} "" -999.0 -999.0 -999.0 -999.0 -999 -999 "" "" "" "" 0 0 0.0 0.0 -999 ""
FIBERMAP 1314 R-13C8 APOGEE 0 0 0 1 0 0 -6.290763962079122 -263.67036259136637 143.1 -220.21359810496995 -145.08112408687498 271.483 45.50465 -999.0 -999.0 -999.0 -999.0 -999.0 172.57960015683437 1.9268969417407849 172.58181451409712 1.7865767667076458 58.3750329422946 167.02851567772495 -999.0 16600.0 -999.0 2 273 {-999.0 -999.0 -999.0 -999.0 -999.0} "" -999.0 -999.0 -999.0 -999.0 -999 -999 "" ops_sky_apogee_best_unassigned ops_sky sky_apogee 0 0 0.0 0.0 -999 ""
FIBERMAP 1314 R-13C8 BOSS 1 1 0 1 0 0 -6.81533860125273 -263.1597631141743 143.1 -220.0930176679785 -144.3591796253399 271.483 45.50465 172.58008113642262 1.9301669296356965 15.35533 -51.231564 1.1444601 172.58012890992904 1.930015359229377 172.582320581339 1.7898179045327893 58.37812022731275 167.02640094129154 5400.0 5400.0 2016.0 1 417 {-999.0 17.679394 16.893293 16.543463 -999.0} sdss_psfmag 17.446878 16.907604 16.202286 14.901 63050395169997217 1136203267 dark_flexible_3x1 mwm_halo_local_high_boss_triple mwm_halo science 0 0 0.0 0.0 -999 ""
FIBERMAP 1314 R-13C8 METROLOGY 0 0 0 1 0 0 -6.104651004106408 -262.95443949548235 143.1 -219.5193486503567 -144.82607197494886 271.483 45.50465 -999.0 -999.0 -999.0 -999.0 -999.0 172.582711118728 1.9279341695710859 172.5849082137728 1.7877012124323375 58.375553075931634 167.02231961646044 -999.0 6231.0 -999.0 -1 -999 {-999.0 -999.0 -999.0 -999.0 -999.0} "" -999.0 -999.0 -999.0 -999.0 -999 -999 "" "" "" "" 0 0 0.0 0.0 -999 ""
FIBERMAP 1316 R-8C11 APOGEE 0 0 0 1 0 0 7.1083927311235175 -167.04140614599535 143.1 -133.18887727398135 -101.02682470750442 262.19943 64.160904 -999.0 -999.0 -999.0 -999.0 -999.0 172.97070272663703 2.124536251468951 172.97291083764435 1.9840448359115563 58.49265665912765 166.22267601110525 -999.0 16600.0 -999.0 2 -999 {-999.0 -999.0 -999.0 -999.0 -999.0} "" -999.0 -999.0 -999.0 -999.0 -999 -999 "" "" "" "" 0 0 0.0 0.0 -999 ""
FIBERMAP 1316 R-8C11 BOSS 1 1 0 1 0 0 6.471154073865113 -166.63817779558283 143.1 -133.22071216541036 -100.27350085203533 262.19943 64.160904 172.97041558880088 2.127893422473813 -83.66164 -13.478558 1.1917717 172.9705265112375 2.127795975091049 172.97271074199614 1.9874266459724337 58.49600995023103 166.22175417718086 5400.0 5400.0 2016.0 1 373 {-999.0 15.876489 15.420207 15.222656 -999.0} sdss_psfmag 15.760597 15.413088 14.882057 13.844 63050395169997876 1136203281 dark_flexible_3x1 mwm_halo_local_high_boss_triple mwm_halo science 0 0 1.3414822816848755 0.0 -999 ""
FIBERMAP 1316 R-8C11 METROLOGY 0 0 0 1 0 0 7.1383569273272816 -166.29591025233955 143.1 -132.5593107031835 -100.62663064529872 262.19943 64.160904 -999.0 -999.0 -999.0 -999.0 -999.0 172.97353054322198 2.1262299369824764 172.97572068519116 1.9858251528091837 58.493838048653714 166.21672882720446 -999.0 6231.0 -999.0 -1 -999 {-999.0 -999.0 -999.0 -999.0 -999.0} "" -999.0 -999.0 -999.0 -999.0 -999 -999 "" "" "" "" 0 0 0.0 0.0 -999 ""
FIBERMAP 1317 R-12C9 APOGEE 0 0 0 1 0 0 9.630772114873587 -234.64699519089237 143.1 -187.2955898611052 -141.6234603912395 185.10756 120.25824 -999.0 -999.0 -999.0 -999.0 -999.0 172.72724577843334 1.941669722064551 172.72943624345635 1.8012953931851472 58.36132038390777 166.74699431035566 -999.0 16600.0 -999.0 2 -999 {-999.0 -999.0 -999.0 -999.0 -999.0} "" -999.0 -999.0 -999.0 -999.0 -999 -999 "" "" "" "" 0 0 0.0 0.0 -999 ""
FIBERMAP 1317 R-12C9 BOSS 1 1 0 1 0 0 9.196668001897997 -234.02377400952156 143.1 -187.03092698335942 -140.91166939559076 185.10756 120.25824 172.72842407226562 1.944737000044455 -999.0 -999.0 -999.0 172.72841325603707 1.9447320147928768 172.73058034420092 1.8044801683842655 58.36422476955614 166.74368401850185 5400.0 5400.0 2015.5 1 405 {-999.0 -999.0 -999.0 -999.0 -999.0} "" -999.0 -999.0 -999.0 -999.0 27021603142691246 812160373 "" ops_sky_boss_good ops_sky sky_boss 0 0 0.0 0.0 -999 ""
FIBERMAP 1317 R-12C9 METROLOGY 0 0 0 1 0 0 9.933862973655005 -233.965234300378 143.1 -186.56274920185945 -141.48398307176754 185.10756 120.25824 -999.0 -999.0 -999.0 -999.0 -999.0 172.73053594475874 1.9421789824020321 172.73270853222425 1.8018919097955468 58.36127473722837 166.74065699298382 -999.0 6231.0 -999.0 -1 -999 {-999.0 -999.0 -999.0 -999.0 -999.0} "" -999.0 -999.0 -999.0 -999.0 -999 -999 "" "" "" "" 0 0 0.0 0.0 -999 ""
FIBERMAP 1318 R-11C7 APOGEE 0 0 0 1 0 0 -30.84206435054178 -230.9834525976886 143.1 -207.3486453312974 -106.28376316146463 312.4054 79.08157 -999.0 -999.0 -999.0 -999.0 -999.0 172.63609223511048 2.101670247557025 172.6383612689665 1.961297258741248 58.535827020034816 166.85898050975834 -999.0 16600.0 -999.0 2 169 {-999.0 -999.0 -999.0 -999.0 -999.0} "" -999.0 -999.0 -999.0 -999.0 -999 -999 "" ops_sky_apogee_best_unassigned ops_sky sky_apogee 0 0 0.0 0.0 -999 ""
FIBERMAP 1318 R-11C7 BOSS 1 1 0 1 0 0 -31.4595994557813 -231.39696663568662 143.1 -208.0402795858711 -106.01203888621913 312.4054 79.08157 172.63299166230604 2.1027667412055604 0.2625138 0.1872679 1.072239 172.63297219457544 2.1027724078911887 172.63521837797498 1.9625229723810618 58.53763082353161 166.86443821247357 5400.0 5400.0 2016.0 1 359 {-999.0 20.94856 20.770935 20.619555 20.51358} sdss_psfmag_from_gaiadr2 20.363155 20.768896 19.755415 -999.0 63050395169997804 1056632365 dark_flexible_2x2 bhm_gua_dark bhm_filler science 0 0 0.0 0.0 -999 ""
FIBERMAP 1318 R-11C7 METROLOGY 0 0 0 1 0 0 -31.5141916269794 -230.64823080124813 143.1 -207.45623459522736 -105.54052793250453 312.4054 79.08157 -999.0 -999.0 -999.0 -999.0 -999.0 172.63558314676214 2.1049320195915473 172.63783637523716 1.9646464947633844 58.5392147559627 166.85873954884167 -999.0 6231.0 -999.0 -1 -999 {-999.0 -999.0 -999.0 -999.0 -999.0} "" -999.0 -999.0 -999.0 -999.0 -999 -999 "" "" "" "" 0 0 0.0 0.0 -999 ""
FIBERMAP 1323 R+2C5 APOGEE 0 0 0 1 0 0 -176.86869466327968 30.175183778707503 143.1 -75.99498727316539 162.5084984058022 243.20099 153.11476 -999.0 -999.0 -999.0 -999.0 -999.0 173.23016622243603 3.321940661623997 173.23274185745345 3.1811421355547744 59.60990831963815 165.24607459854892 -999.0 16600.0 -999.0 2 140 {-999.0 -999.0 -999.0 -999.0 -999.0} "" -999.0 -999.0 -999.0 -999.0 -999 -999 "" ops_sky_apogee_best_unassigned ops_sky sky_apogee 0 0 0.0 0.0 -999 ""
FIBERMAP 1323 R+2C5 BOSS 1 1 0 1 0 0 -177.4560325421984 29.719688390660956 143.1 -76.70390543101385 162.73149035426596 243.20099 153.11476 173.22692871093747 3.3229007678471163 -999.0 -999.0 -999.0 173.22694891688334 3.3228709243614705 173.22949999560205 3.1821902617557427 59.61162616214098 165.25188005207843 5400.0 5400.0 2015.5 1 34 {-999.0 -999.0 -999.0 -999.0 -999.0} "" -999.0 -999.0 -999.0 -999.0 27021603142699245 820258643 "" ops_sky_boss_good ops_sky sky_boss 0 0 0.0 0.0 -999 ""
FIBERMAP 1323 R+2C5 METROLOGY 0 0 0 1 0 0 -177.56854084338607 30.468645801161117 143.1 -76.15268124244564 163.25071087167547 243.20099 153.11476 -999.0 -999.0 -999.0 -999.0 -999.0 173.2294554923751 3.325248063039957 173.23201404028453 3.184532995998134 59.61337613075297 165.24604004813708 -999.0 6231.0 -999.0 -1 -999 {-999.0 -999.0 -999.0 -999.0 -999.0} "" -999.0 -999.0 -999.0 -999.0 -999 -999 "" "" "" "" 0 0 0.0 0.0 -999 ""
FIBERMAP 1324 R-4C11 APOGEE 0 0 0 1 0 0 -14.815068572841664 -72.36662673653414 143.1 -67.89787969991727 -29.065388525707263 359.28522 147.19879 -999.0 -999.0 -999.0 -999.0 -999.0 173.26673498968856 2.4514503229215014 173.26899595404154 2.3108007837237854 58.75172032433915 165.53769868667402 -999.0 16600.0 -999.0 2 -999 {-999.0 -999.0 -999.0 -999.0 -999.0} "" -999.0 -999.0 -999.0 -999.0 -999 -999 "" "" "" "" 0 0 0.0 0.0 -999 ""
FIBERMAP 1324 R-4C11 BOSS 1 1 0 1 0 0 -14.183343425649639 -72.79292091721445 143.1 -67.8881372700277 -29.827326338133457 359.28522 147.19879 173.26639806588918 2.4477709025753485 -10.025563 25.87764 13.050247 173.26677286562526 2.44784415024168 173.2690064880146 2.307316455514454 58.748311603284755 165.53909041963416 5400.0 5400.0 2016.0 1 357 {-999.0 17.535427 16.007772 14.751123 -999.0} sdss_psfmag 16.867023 15.480491 14.3270235 12.231 63050395170000165 1151029917 bright_1x1 mwm_snc_100pc_boss_single mwm_snc science 0 0 1.496903896331787 0.0 -999 ""
FIBERMAP 1324 R-4C11 METROLOGY 0 0 0 1 0 0 -14.847561966927989 -73.11201667465548 143.1 -68.52880045332226 -29.46344424720071 359.28522 147.19879 -999.0 -999.0 -999.0 -999.0 -999.0 173.26385286300433 2.4495378986189538 173.26609512448397 2.308976472785686 58.75054580302498 165.54390025544203 -999.0 6231.0 -999.0 -1 -999 {-999.0 -999.0 -999.0 -999.0 -999.0} "" -999.0 -999.0 -999.0 -999.0 -999 -999 "" "" "" "" 0 0 0.0 0.0 -999 ""
FIBERMAP 1326 R-3C23 APOGEE 0 0 0 1 0 0 250.1785284708929 -70.86582432077078 143.1 84.3387458485999 -245.92620723355554 9.128128 59.100636 -999.0 -999.0 -999.0 -999.0 -999.0 173.95825708165356 1.471136011305412 173.96004892030726 1.3304637337717637 57.64515088564024 164.66050494960925 -999.0 16600.0 -999.0 2 -999 {-999.0 -999.0 -999.0 -999.0 -999.0} "" -999.0 -999.0 -999.0 -999.0 -999 -999 "" "" "" "" 0 0 0.0 0.0 -999 ""
FIBERMAP 1326 R-3C23 BOSS 1 1 0 1 0 0 249.92351172444677 -71.54118738507577 143.1 83.63855606314637 -246.10153602454596 9.128128 59.100636 173.95473236866462 1.4702877312329543 8.341086 -27.672506 5.222585 173.95512243747368 1.470199894012279 173.95688576057512 1.3296548443616074 57.645065758557045 164.66660219141028 5400.0 5400.0 2016.0 1 323 {-999.0 17.847155 16.406591 15.364236 -999.0} sdss_psfmag 17.258562 16.0221 14.923457 12.869 63050395169980670 1077945675 bright_flexible_2x1 mwm_snc_ext_main_boss mwm_snc science 0 0 1.2955132722854614 0.0 -999 ""
FIBERMAP 1326 R-3C23 METROLOGY 0 0 0 1 0 0 249.4400661117514 -70.97229180239309 143.1 83.83046889229414 -245.38016337984106 9.128128 59.100636 -999.0 -999.0 -999.0 -999.0 -999.0 173.95599484691104 1.473463991534897 173.95776721546974 1.332882298070048 57.64801633556031 164.6636552042511 -999.0 6231.0 -999.0 -1 -999 {-999.0 -999.0 -999.0 -999.0 -999.0} "" -999.0 -999.0 -999.0 -999.0 -999 -999 "" "" "" "" 0 0 0.0 0.0 -999 ""
FIBERMAP 1328 R-3C12 APOGEE 0 0 0 1 0 0 4.911394763154018 -63.4695382023686 143.1 -49.34722225165358 -40.20254488738299 9.902404 85.334724 -999.0 -999.0 -999.0 -999.0 -999.0 173.3512818465072 2.400753054163854 173.35350639470641 2.2600861452021364 58.68431852867393 165.39936347542294 -999.0 16600.0 -999.0 2 154 {-999.0 -999.0 -999.0 -999.0 -999.0} "" -999.0 -999.0 -999.0 -999.0 -999 -999 "" ops_sky_apogee_best_unassigned ops_sky sky_apogee 0 0 0.0 0.0 -999 ""
FIBERMAP 1328 R-3C12 BOSS 1 1 0 1 0 0 5.001895266465461 -64.19893566400174 143.1 -49.89491707876653 -40.69253800877608 9.902404 85.334724 173.3487784226185 2.398360713363543 1.5768467 2.8412213 -2.8431582 173.34878785932491 2.3983783017794296 173.35098576157282 2.2578340696627985 58.68265188579804 165.40501799726044 5400.0 5400.0 2016.0 1 356 {-999.0 21.41161 21.006992 20.65792 20.56701} sdss_fiber2mag_from_lsdr10 20.80305 20.489897 20.031641 -999.0 63050395169999885 1059004824 dark_flexible_2x2 bhm_spiders_agn_lsdr10 bhm_spiders science 0 0 0.0 0.0 -999 ""
FIBERMAP 1328 R-3C12 METROLOGY 0 0 0 1 0 0 4.314061851725622 -63.910646525192746 143.1 -50.05001569898068 -39.963142817081454 9.902404 85.334724 -999.0 -999.0 -999.0 -999.0 -999.0 173.34807579676496 2.401738090628 173.35028249793527 2.2611590255206155 58.68605023925873 165.4049827194375 -999.0 6231.0 -999.0 -1 -999 {-999.0 -999.0 -999.0 -999.0 -999.0} "" -999.0 -999.0 -999.0 -999.0 -999 -999 "" "" "" "" 0 0 0.0 0.0 -999 ""
FIBERMAP 1329 R+3C16 APOGEE 0 0 0 1 0 0 93.60876108409516 44.41980600674795 143.1 89.83674491660554 -51.59588212418513 11.714647 49.426838 -999.0 -999.0 -999.0 -999.0 -999.0 173.9854587234397 2.349154561587379 173.98752642878344 2.2083064895958415 58.49418010484437 164.23552610146518 -999.0 16600.0 -999.0 2 63 {-999.0 -999.0 -999.0 -999.0 -999.0} "" -999.0 -999.0 -999.0 -999.0 -999 -999 "" ops_sky_apogee_best_unassigned ops_sky sky_apogee 0 0 0.0 0.0 -999 ""
FIBERMAP 1329 R+3C16 BOSS 1 1 0 1 0 0 93.22035852427398 43.77620504814682 143.1 89.08664216713444 -51.64352321871928 11.714647 49.426838 173.98199847210006 2.3487104990621344 -70.052795 24.30781 3.6000087 173.98211833133783 2.348788155360273 173.98415802241732 2.208062984184027 58.494712419394155 164.24190301368753 5400.0 5400.0 2016.0 1 220 {-999.0 18.030449 16.59342 15.618591 -999.0} sdss_psfmag 17.448145 16.280127 15.208914 13.202 63050395169999010 1077803594 bright_flexible_2x1 mwm_snc_ext_main_boss mwm_snc science 0 0 1.2121312618255615 0.0 -999 ""
FIBERMAP 1329 R+3C16 METROLOGY 0 0 0 1 0 0 92.85439720245304 44.426116504432045 143.1 89.41206389528898 -50.97250849555759 11.714647 49.426838 -999.0 -999.0 -999.0 -999.0 -999.0 173.9835849623628 2.3518816722793097 173.98563343144838 2.211120948855744 58.497352465115526 164.23781882904035 -999.0 6231.0 -999.0 -1 -999 {-999.0 -999.0 -999.0 -999.0 -999.0} "" -999.0 -999.0 -999.0 -999.0 -999 -999 "" "" "" "" 0 0 0.0 0.0 -999 ""
FIBERMAP 1330 R-3C11 APOGEE 0 0 0 1 0 0 -16.323039282381806 -54.2660388220119 143.1 -53.88592139355249 -17.51204142416043 48.08557 77.567184 -999.0 -999.0 -999.0 -999.0 -999.0 173.330520966041 2.5040801213117785 173.3327860261379 2.3634004285968455 58.789673302473844 165.3961117363838 -999.0 16600.0 -999.0 2 208 {-999.0 -999.0 -999.0 -999.0 -999.0} "" -999.0 -999.0 -999.0 -999.0 -999 -999 "" ops_sky_apogee_best_unassigned ops_sky sky_apogee 0 0 0.0 0.0 -999 ""
FIBERMAP 1330 R-3C11 BOSS 1 1 0 1 0 0 -15.894593635419191 -54.86121515609442 143.1 -54.13076732346966 -18.203202445254263 48.08557 77.567184 173.32961881293465 2.501094880775722 -76.865234 -104.61534 4.845561 173.3294041323088 2.500800874418374 173.33164202523358 2.360243093577248 58.786830370372925 165.3995600059339 5400.0 5400.0 2016.0 1 347 {-999.0 21.400469 19.737823 18.366352 -999.0} sdss_psfmag_ps1 20.734926 18.949896 17.70126 15.683 63050395170000187 1077945687 bright_flexible_2x1 mwm_snc_ext_main_boss mwm_snc science 0 0 0.0 0.0 -999 ""
FIBERMAP 1330 R-3C11 METROLOGY 0 0 0 1 0 0 -16.628448857971048 -54.95069520723856 143.1 -54.62246225604269 -17.651263674243065 48.08557 77.567184 -999.0 -999.0 -999.0 -999.0 -999.0 173.32715988469621 2.5033503739501266 173.32940662231658 2.3627585440589414 58.78976235653156 165.40274233384534 -999.0 6231.0 -999.0 -1 -999 {-999.0 -999.0 -999.0 -999.0 -999.0} "" -999.0 -999.0 -999.0 -999.0 -999 -999 "" "" "" "" 0 0 0.0 0.0 -999 ""
FIBERMAP 1331 R-10C3 APOGEE 0 0 0 1 0 0 -137.06845562678572 -203.5702644854993 143.1 -245.35814844713173 -3.388151748366853 218.87057 144.51907 -999.0 -999.0 -999.0 -999.0 -999.0 172.46391325517766 2.5677710195624144 172.46639708648786 2.4273716412289423 59.02607797373651 167.01342260424815 -999.0 16600.0 -999.0 2 242 {-999.0 -999.0 -999.0 -999.0 -999.0} "" -999.0 -999.0 -999.0 -999.0 -999 -999 "" ops_sky_apogee_best_unassigned ops_sky sky_apogee 0 0 0.0 0.0 -999 ""
FIBERMAP 1331 R-10C3 BOSS 1 1 0 1 0 0 -137.79904979949418 -203.66016999311614 143.1 -245.84833465830621 -2.8391346641358832 218.87057 144.51907 172.4620267374628 2.570230131390741 -110.4008 -28.174627 2.9383996 172.46171540854084 2.570134334940484 172.46417744562746 2.4298556781905574 59.02893657018101 167.01674126637977 5400.0 5400.0 2016.0 1 478 {-999.0 19.730698 18.32544 17.19376 -999.0} sdss_psfmag 19.088308 17.869932 16.743378 14.676 63050395170003267 1136203447 dark_flexible_3x1 mwm_halo_local_high_boss_triple mwm_halo science 0 0 0.0 0.0 -999 ""
FIBERMAP 1331 R-10C3 METROLOGY 0 0 0 1 0 0 -137.5120687384222 -202.97434803430454 143.1 -245.1213374514587 -2.6841075458475747 218.87057 144.51907 -999.0 -999.0 -999.0 -999.0 -999.0 172.4649656548705 2.5708739474158486 172.46743380805458 2.4305598768653263 59.029012723561024 167.01027435617533 -999.0 6231.0 -999.0 -1 -999 {-999.0 -999.0 -999.0 -999.0 -999.0} "" -999.0 -999.0 -999.0 -999.0 -999 -999 "" "" "" "" 0 0 0.0 0.0 -999 ""
FIBERMAP 1333 R-5C14 APOGEE 0 0 0 1 0 0 62.42096944652868 -113.06820888777128 143.1 -57.3258079088919 -115.7150616003184 322.67044 83.91455 -999.0 -999.0 -999.0 -999.0 -999.0 173.3153988691718 2.0574306488451333 173.31751173631267 1.916839849233175 58.35635078708696 165.60516356352932 -999.0 16600.0 -999.0 2 195 {-999.0 -999.0 -999.0 -999.0 -999.0} "" -999.0 -999.0 -999.0 -999.0 -999 -999 "" ops_sky_apogee_best_unassigned ops_sky sky_apogee 0 0 0.0 0.0 -999 ""
FIBERMAP 1333 R-5C14 BOSS 1 1 0 1 0 0 61.89384285820634 -113.59626107986722 143.1 -58.060027278350674 -115.5828843014621 322.67044 83.91455 173.31207275390622 2.0578775356726595 -999.0 -999.0 -999.0 173.31205940107665 2.0578602428746797 173.3141467763761 1.9173935006938072 58.3575954819606 165.61121157438416 5400.0 5400.0 2015.5 1 325 {-999.0 -999.0 -999.0 -999.0 -999.0} "" -999.0 -999.0 -999.0 -999.0 27021603142690735 812160327 "" ops_sky_boss_good ops_sky sky_boss 0 0 0.0 0.0 -999 ""
FIBERMAP 1333 R-5C14 METROLOGY 0 0 0 1 0 0 61.69757967809707 -112.8669310664367 143.1 -57.572655522173164 -115.00603607919224 322.67044 83.91455 -999.0 -999.0 -999.0 -999.0 -999.0 173.31426904033935 2.0605204056938358 173.31636434358757 1.9200175698853506 58.35969807357346 165.60603420200897 -999.0 6231.0 -999.0 -1 -999 {-999.0 -999.0 -999.0 -999.0 -999.0} "" -999.0 -999.0 -999.0 -999.0 -999 -999 "" "" "" "" 0 0 0.0 0.0 -999 ""
FIBERMAP 1334 R-4C16 APOGEE 0 0 0 1 0 0 88.79146006447661 -66.00472644432797 143.1 -3.632007650700744 -110.56219829075134 83.64971 126.687584 -999.0 -999.0 -999.0 -999.0 -999.0 173.55978388629137 2.080761283560794 173.5618542413307 1.9400899612390303 58.327185750131335 165.14109112467767 -999.0 16600.0 -999.0 2 -999 {-999.0 -999.0 -999.0 -999.0 -999.0} "" -999.0 -999.0 -999.0 -999.0 -999 -999 "" "" "" "" 0 0 0.0 0.0 -999 ""
FIBERMAP 1334 R-4C16 BOSS 1 1 0 1 0 0 89.43975249105587 -65.61821717549489 143.1 -2.9450335296881067 -110.87458082717323 83.64971 126.687584 173.56295991724974 2.079267232256868 -8.836117 -33.086056 2.9459066 173.56293864524835 2.0791688003148483 173.56498059277783 1.9386198670612895 58.32507602610886 165.13588490391598 5400.0 5400.0 2016.0 1 283 {-999.0 19.535921 18.21298 17.006386 -999.0} sdss_psfmag 19.026682 17.695068 16.547777 14.548 63050395169998496 1092606527 dark_flexible_2x1 mwm_cb_galex_vol_boss mwm_cb science 0 0 0.0 0.0 -999 ""
FIBERMAP 1334 R-4C16 METROLOGY 0 0 0 1 0 0 89.44655765771999 -66.36181064145595 143.1 -3.5520844828808027 -111.30390014576886 83.64971 126.687584 -999.0 -999.0 -999.0 -999.0 -999.0 173.5601674532846 2.077263278970477 173.56221705077917 1.9366806888636634 58.323778540873406 165.14181766497745 -999.0 6231.0 -999.0 -1 -999 {-999.0 -999.0 -999.0 -999.0 -999.0} "" -999.0 -999.0 -999.0 -999.0 -999 -999 "" "" "" "" 0 0 0.0 0.0 -999 ""
FIBERMAP 1335 R-7C1 APOGEE 0 0 0 1 0 0 -212.28735576610558 -144.4286110598464 143.1 -239.63060290900674 92.11212592453634 223.1842 157.95856 -999.0 -999.0 -999.0 -999.0 -999.0 172.49002252572484 3.0000251176508668 172.49266628903433 2.859536740206547 59.44531060851118 166.8019585210112 -999.0 16600.0 -999.0 2 260 {-999.0 -999.0 -999.0 -999.0 -999.0} "" -999.0 -999.0 -999.0 -999.0 -999 -999 "" ops_sky_apogee_best_unassigned ops_sky sky_apogee 0 0 0.0 0.0 -999 ""
FIBERMAP 1335 R-7C1 BOSS 1 1 0 1 0 0 -212.98731621713864 -144.68937141937073 143.1 -240.24370544493743 92.53861496537051 223.1842 157.95856 172.48727683168565 3.001857730980566 -999.0 -999.0 -999.0 172.48729530065611 3.001821907404591 172.48991722338315 2.8614524928261518 59.44771834326232 166.80653467807116 5400.0 5400.0 2016.0 1 500 {-999.0 21.98514 20.693138 20.217434 19.876396} sdss_fiber2mag_from_lsdr10 20.176104 21.292082 18.584167 -999.0 63050395170005615 1058111457 dark_flexible_2x2 bhm_spiders_clusters_lsdr10 bhm_spiders science 0 0 0.0 0.0 -999 ""
FIBERMAP 1335 R-7C1 METROLOGY 0 0 0 1 0 0 -212.86110405088405 -143.95133552601484 143.1 -239.56542212525923 92.85548168186978 223.1842 157.95856 -999.0 -999.0 -999.0 -999.0 -999.0 172.490332608227 3.0033040381860405 172.49296092324403 2.8628997338774576 59.448554304736106 166.8001186304077 -999.0 6231.0 -999.0 -1 -999 {-999.0 -999.0 -999.0 -999.0 -999.0} "" -999.0 -999.0 -999.0 -999.0 -999 -999 "" "" "" "" 0 0 0.0 0.0 -999 ""
FIBERMAP 1336 R-9C8 APOGEE 0 0 0 1 0 0 -28.63846940816169 -167.28020806744925 143.1 -153.75501654011453 -71.79364628742218 17.36417 149.47784 -999.0 -999.0 -999.0 -999.0 -999.0 172.8771377208843 2.2573279184566393 172.87941403360412 2.1168428832525015 58.64142548054848 166.34744371258697 -999.0 16600.0 -999.0 2 173 {-999.0 -999.0 -999.0 -999.0 -999.0} "" -999.0 -999.0 -999.0 -999.0 -999 -999 "" "" "" "" 0 0 0.0 0.0 -999 ""
FIBERMAP 1336 R-9C8 BOSS 1 1 0 1 0 0 -27.917165113989707 -167.43681843216834 143.1 -153.47265898425553 -72.47550516303305 17.36417 149.47784 172.8784138845718 2.2540609320253107 -0.021026663 -0.36852026 0.8253086 172.87839864601287 2.2540849944376604 172.8806487559675 2.1137221494182747 58.638121849144056 166.34631104647679 5400.0 5400.0 2016.0 1 383 {-999.0 19.910852 19.746923 19.606527 19.515423} sdss_psfmag_from_gaiadr2 19.742836 19.740675 19.180786 -999.0 63050395169997996 1056632369 dark_flexible_2x2 bhm_gua_dark bhm_filler science 0 0 0.0 0.0 -999 ""
FIBERMAP 1336 R-9C8 METROLOGY 0 0 0 1 0 0 -28.413435517478156 -167.99483448626748 143.1 -154.21391331150465 -72.38575355592485 17.36417 149.47784 -999.0 -999.0 -999.0 -999.0 -999.0 172.8750456030258 2.2545363761956025 172.8773036151482 2.1141400012362923 58.6391952178112 166.3524469086415 -999.0 6231.0 -999.0 -1 -999 {-999.0 -999.0 -999.0 -999.0 -999.0} "" -999.0 -999.0 -999.0 -999.0 -999 -999 "" "" "" "" 0 0 0.0 0.0 -999 ""
FIBERMAP 1338 R-8C12 APOGEE 0 0 0 1 0 0 40.84839710170574 -138.97138748392834 143.1 -90.90047950914966 -112.75188755808071 129.43207 87.99183 -999.0 -999.0 -999.0 -999.0 -999.0 173.16273780086527 2.071037276098724 173.16488691822497 1.930492848317394 58.401310150233186 165.8843941920848 -999.0 16600.0 -999.0 2 -999 {-999.0 -999.0 -999.0 -999.0 -999.0} "" -999.0 -999.0 -999.0 -999.0 -999 -999 "" "" "" "" 0 0 0.0 0.0 -999 ""
FIBERMAP 1338 R-8C12 BOSS 1 1 0 1 0 0 41.42154771381428 -138.52392895249977 143.1 -90.20624880297004 -112.96780310414076 129.43207 87.99183 173.16617732039592 2.0698506882867047 -103.11806 13.591835 7.3730316 173.1658842388962 2.0698858757506313 173.1680064914508 1.9294636251927306 58.39966297289626 165.87897371885668 5400.0 5400.0 2016.0 1 382 {-999.0 19.576038 18.025106 16.57545 -999.0} sdss_psfmag_ps1 18.786764 17.339716 16.02116 13.597 63050395169997518 1096168737 bright_1x1 mwm_bin_vis_boss mwm_filler science 0 0 0.0 0.0 -999 ""
FIBERMAP 1338 R-8C12 METROLOGY 0 0 0 1 0 0 41.54081121909772 -139.2492807557938 143.1 -90.7342294895839 -113.47912224199312 129.43207 87.99183 -999.0 -999.0 -999.0 -999.0 -999.0 173.16349119849122 2.0676131350850335 173.16562045740875 1.9271572469165916 58.39789509359754 165.88433103944115 -999.0 6231.0 -999.0 -1 -999 {-999.0 -999.0 -999.0 -999.0 -999.0} "" -999.0 -999.0 -999.0 -999.0 -999 -999 "" "" "" "" 0 0 0.0 0.0 -999 ""
FIBERMAP 1339 R-4C7 APOGEE 0 0 0 1 0 0 -125.34853663223562 -61.585512442671046 143.1 -122.02646348333957 67.89127546037474 189.73521 41.61964 -999.0 -999.0 -999.0 -999.0 -999.0 173.02041187639014 2.8924113796687676 173.02288681722382 2.7517601870056585 59.234200860200716 165.8263467314761 -999.0 16600.0 -999.0 2 259 {-999.0 -999.0 -999.0 -999.0 -999.0} "" -999.0 -999.0 -999.0 -999.0 -999 -999 "" ops_sky_apogee_best_unassigned ops_sky sky_apogee 0 0 0.0 0.0 -999 ""
FIBERMAP 1339 R-4C7 BOSS 1 1 0 1 0 0 -124.89586821123308 -61.00111711214241 143.1 -121.28838230476082 67.85237872699462 189.73521 41.61964 173.02373828931206 2.8921582237400867 -999.0 -999.0 -999.0 173.0237385654829 2.892151169369733 173.02618750519866 2.751617904845144 59.233381878087656 165.82009749926493 5400.0 5400.0 2016.0 1 460 {-999.0 23.219587 23.256144 22.426687 21.893064} sdss_fiber2mag_from_lsdr10 1e+20 1e+20 1e+20 -999.0 63050398302098125 1131741211 dark_flexible_3x1 bhm_spiders_agn_lsdr10_d3 bhm_spiders science 0 0 0.0 0.0 -999 ""
FIBERMAP 1339 R-4C7 METROLOGY 0 0 0 1 0 0 -124.59898923629366 -61.69074715706179 143.1 -121.68580220798738 67.21548816960042 189.73521 41.61964 -999.0 -999.0 -999.0 -999.0 -999.0 173.02193393446188 2.8892812186061967 173.0243893916686 2.748715372383179 59.23091204911746 165.8247028760932 -999.0 6231.0 -999.0 -1 -999 {-999.0 -999.0 -999.0 -999.0 -999.0} "" -999.0 -999.0 -999.0 -999.0 -999 -999 "" "" "" "" 0 0 0.0 0.0 -999 ""
FIBERMAP 1340 R+9C17 APOGEE 0 0 0 1 1 0 175.86618444656276 162.93600756426838 143.1 234.08190147664314 -51.64263441104665 313.08533 109.63029 -999.0 -999.0 -999.0 -999.0 -999.0 174.63750419269036 2.3498810063655493 174.63942838883497 2.208856175407137 58.34022387404074 163.02693863097497 -999.0 16600.0 -999.0 2 -999 {-999.0 -999.0 -999.0 -999.0 -999.0} "" -999.0 -999.0 -999.0 -999.0 -999 -999 "" "" "" "" 0 0 0.0 0.0 -999 ""
FIBERMAP 1340 R+9C17 BOSS 0 0 0 1 1 0 175.54197051600426 162.27126335935301 143.1 233.3510048108032 -51.75506046602473 313.08533 109.63029 -999.0 -999.0 -999.0 -999.0 -999.0 174.6342882653752 2.349236402276836 174.63618203336478 2.2083346046185754 58.34051502663159 163.03317382783985 -999.0 5400.0 -999.0 1 240 {-999.0 -999.0 -999.0 -999.0 -999.0} "" -999.0 -999.0 -999.0 -999.0 -999 -999 "" "" "" "" 0 0 0.0 0.0 -999 ""
FIBERMAP 1340 R+9C17 METROLOGY 0 0 0 1 1 0 175.1214376340253 162.89112810652756 143.1 233.6206434878169 -51.05633208098581 313.08533 109.63029 -999.0 -999.0 -999.0 -999.0 -999.0 174.63549050326077 2.3524386796982557 174.63739370962992 2.2115013581203447 58.343287433966694 163.0294557595528 -999.0 6231.0 -999.0 -1 -999 {-999.0 -999.0 -999.0 -999.0 -999.0} "" -999.0 -999.0 -999.0 -999.0 -999 -999 "" "" "" "" 0 0 0.0 0.0 -999 ""
FIBERMAP 1341 R-6C4 APOGEE 0 0 0 1 0 0 -167.16783832340207 -115.5535435794907 143.1 -190.19629940254865 71.4965192091216 149.06699 140.04245 -999.0 -999.0 -999.0 -999.0 -999.0 172.71187430278897 2.907825447211316 172.7144292648726 2.7672760200980697 59.31162543169104 166.41078329117414 -999.0 16600.0 -999.0 2 -999 {-999.0 -999.0 -999.0 -999.0 -999.0} "" -999.0 -999.0 -999.0 -999.0 -999 -999 "" "" "" "" 0 0 0.0 0.0 -999 ""
FIBERMAP 1341 R-6C4 BOSS 1 1 0 1 0 0 -167.4293545707702 -114.86094623241176 143.1 -189.7762905468234 72.10604699390366 149.06699 140.04245 172.71372822533885 2.9104759854258035 -999.0 -999.0 -999.0 172.71375162732343 2.9104942201979345 172.7162831237806 2.7700624650602705 59.31399046894627 166.4061465626699 5400.0 5400.0 2016.0 1 453 {-999.0 21.698563 20.284044 19.72974 19.355251} sdss_fiber2mag_from_lsdr10 20.649641 21.449606 18.547058 16.093 63050395170005355 1058111483 dark_flexible_2x2 bhm_spiders_clusters_lsdr10 bhm_spiders science 0 0 0.0 0.0 -999 ""
FIBERMAP 1341 R-6C4 METROLOGY 0 0 0 1 0 0 -166.6873569243733 -114.98275499717747 143.1 -189.45354848079242 71.42701796653526 149.06699 140.04245 -999.0 -999.0 -999.0 -999.0 -999.0 172.71520378715948 2.9074519108504058 172.71774059585732 2.766986552883776 59.31068730995788 166.40454314093122 -999.0 6231.0 -999.0 -1 -999 {-999.0 -999.0 -999.0 -999.0 -999.0} "" -999.0 -999.0 -999.0 -999.0 -999 -999 "" "" "" "" 0 0 0.0 0.0 -999 ""
FIBERMAP 1342 R+2C4 APOGEE 0 0 0 1 0 0 -212.9693343744634 47.173463548555766 143.1 -82.60091232274854 201.85469144792185 149.77454 109.85943 -999.0 -999.0 -999.0 -999.0 -999.0 173.2005855344309 3.4991863079138614 173.20323152361016 3.3583651555921774 59.78932476669585 165.22771924658696 -999.0 16600.0 -999.0 2 -999 {-999.0 -999.0 -999.0 -999.0 -999.0} "" -999.0 -999.0 -999.0 -999.0 -999 -999 "" "" "" "" 0 0 0.0 0.0 -999 ""
FIBERMAP 1342 R+2C4 BOSS 1 1 0 1 0 0 -212.8529243124611 47.89591127292678 143.1 -81.94102170097062 202.17072873273474 149.77454 109.85943 173.20316785164553 3.5005577463991395 -16.739866 -4.783538 1.6401436 173.20359291011766 3.500542571412596 173.20621297750608 3.359836348281757 59.79012223414992 165.22131414375048 5400.0 5400.0 2016.0 1 35 {-999.0 15.352213 14.567821 14.267589 -999.0} sdss_psfmag_from_g3xp 15.138729 14.604676 13.911023 12.493 63050395170013989 1075907257 bright_1x1 mwm_erosita_stars_boss mwm_erosita science 0 0 1.6663551330566406 0.0 -999 ""
FIBERMAP 1342 R+2C4 METROLOGY 0 0 0 1 0 0 -212.27115763784056 47.43654381187954 143.1 -81.98692020687223 201.43098985938042 149.77454 109.85943 -999.0 -999.0 -999.0 -999.0 -999.0 173.20337113137276 3.497240892873014 173.20599734496955 3.3565024350780623 59.7869124296282 165.22315545773378 -999.0 6231.0 -999.0 -1 -999 {-999.0 -999.0 -999.0 -999.0 -999.0} "" -999.0 -999.0 -999.0 -999.0 -999 -999 "" "" "" "" 0 0 0.0 0.0 -999 ""
FIBERMAP 1345 R-1C16 APOGEE 0 0 0 1 0 0 45.29055404558256 -14.065850539725439 143.1 14.251946928289943 -45.225521453245015 142.22282 127.010216 -999.0 -999.0 -999.0 -999.0 -999.0 173.64119500791665 2.3779491301652214 173.64334787237237 2.237196911957878 58.59943287111177 164.86544289082457 -999.0 16600.0 -999.0 2 231 {-999.0 -999.0 -999.0 -999.0 -999.0} "" -999.0 -999.0 -999.0 -999.0 -999 -999 "" ops_sky_apogee_best_unassigned ops_sky sky_apogee 0 0 0.0 0.0 -999 ""
FIBERMAP 1345 R-1C16 BOSS 1 1 0 1 0 0 45.30092961746478 -13.31562991431373 143.1 14.87423293610867 -44.80654124273645 142.22282 127.010216 173.64365291065292 2.3798543299851094 -22.422127 -51.90136 1.3515487 173.64406727160005 2.379711373620357 173.6461926694891 2.2390795774600916 58.60064483670138 164.8593261772415 5400.0 5400.0 2016.0 1 281 {-999.0 14.729184 14.3976555 14.055333 -999.0} sdss_psfmag_ps1 14.612781 14.259844 13.737431 12.783 63050395169999826 1136366348 dark_flexible_3x1 mwm_halo_local_high_boss_triple mwm_halo science 0 0 1.745670199394226 0.0 -999 ""
FIBERMAP 1345 R-1C16 METROLOGY 0 0 0 1 0 0 45.94627732135024 -13.694291035141742 143.1 14.930872860359445 -45.55252805229557 142.22282 127.010216 -999.0 -999.0 -999.0 -999.0 -999.0 173.64431671552674 2.376353404706378 173.64644870585016 2.235687710157489 58.597279678963275 164.8602779840271 -999.0 6231.0 -999.0 -1 -999 {-999.0 -999.0 -999.0 -999.0 -999.0} "" -999.0 -999.0 -999.0 -999.0 -999 -999 "" "" "" "" 0 0 0.0 0.0 -999 ""
FIBERMAP 1346 R+3C6 APOGEE 0 0 0 1 0 0 -166.33275076511245 65.61625891686542 143.1 -40.87317420690253 174.04796727390314 238.89212 14.46847 -999.0 -999.0 -999.0 -999.0 -999.0 173.38992126182603 3.3744589098806834 173.39247351957988 3.2335998790564258 59.62653800707203 164.91575579196262 -999.0 16600.0 -999.0 2 -999 {-999.0 -999.0 -999.0 -999.0 -999.0} "" -999.0 -999.0 -999.0 -999.0 -999 -999 "" "" "" "" 0 0 0.0 0.0 -999 ""
FIBERMAP 1346 R+3C6 BOSS 1 1 0 1 0 0 -166.12596916638913 66.31704619043997 143.1 -40.179582399961305 174.27741326573982 238.89212 14.46847 173.39309692382812 3.3754463680235745 -999.0 -999.0 -999.0 173.39309075160799 3.3754377524893946 173.39561622573228 3.234694338406892 59.62691797844231 164.90922671259653 5400.0 5400.0 2015.5 1 39 {-999.0 -999.0 -999.0 -999.0 -999.0} "" -999.0 -999.0 -999.0 -999.0 27021603142706062 820259021 "" ops_sky_boss_good ops_sky sky_boss 0 0 0.0 0.0 -999 ""
FIBERMAP 1346 R+3C6 METROLOGY 0 0 0 1 0 0 -165.6097933304976 65.80063496804057 143.1 -40.30972366982351 173.55905741845308 238.89212 14.46847 -999.0 -999.0 -999.0 -999.0 -999.0 173.39249072473442 3.3722162334233765 173.39502269506613 3.2314405074308468 59.62387324658235 164.91178100433146 -999.0 6231.0 -999.0 -1 -999 {-999.0 -999.0 -999.0 -999.0 -999.0} "" -999.0 -999.0 -999.0 -999.0 -999 -999 "" "" "" "" 0 0 0.0 0.0 -999 ""
FIBERMAP 1349 R-5C10 APOGEE 0 0 0 1 0 0 -31.417479194551763 -79.98098893083949 143.1 -83.61445644356228 -19.763974991099186 113.504005 82.75039 -999.0 -999.0 -999.0 -999.0 -999.0 173.19514260369897 2.4937824746208834 173.19743446819768 2.3531480361321546 58.8080976146205 165.65548717784313 -999.0 16600.0 -999.0 2 289 {-999.0 -999.0 -999.0 -999.0 -999.0} "" -999.0 -999.0 -999.0 -999.0 -999 -999 "" ops_sky_apogee_best_unassigned ops_sky sky_apogee 0 0 0.0 0.0 -999 ""
FIBERMAP 1349 R-5C10 BOSS 1 1 0 1 0 0 -30.688078472937296 -79.77650238730529 143.1 -83.03081169760655 -20.246718850458343 113.504005 82.75039 173.19741628953582 2.4914374165258466 -0.4512155 -2.957418 0.045709804 173.1977844169291 2.4914541087418787 173.2000490509521 2.350940203482627 58.80539355013036 165.6514430926712 5400.0 5400.0 2016.0 1 398 {-999.0 15.873322 15.354354 15.125541 -999.0} sdss_psfmag 15.756283 15.350046 14.769475 13.615 63050395170000119 1150909248 dark_flexible_3x1 manual_mwm_halo_mp_wise_boss_triple mwm_halo science 0 0 1.3730640411376953 0.0 -999 ""
FIBERMAP 1349 R-5C10 METROLOGY 0 0 0 1 0 0 -30.87173532670412 -80.49466403453134 143.1 -83.72550074015396 -20.505064485497673 113.504005 82.75039 -999.0 -999.0 -999.0 -999.0 -999.0 173.19462417665255 2.4903131414480395 173.1968964394024 2.3497661974182917 58.8049021708684 165.65786363255057 -999.0 6231.0 -999.0 -1 -999 {-999.0 -999.0 -999.0 -999.0 -999.0} "" -999.0 -999.0 -999.0 -999.0 -999 -999 "" "" "" "" 0 0 0.0 0.0 -999 ""
FIBERMAP 1351 R-3C8 APOGEE 0 0 0 1 0 0 -107.89568171666065 -72.25475478151753 143.1 -120.84689356669843 47.472441879676225 261.784 97.963806 -999.0 -999.0 -999.0 -999.0 -999.0 173.02571826647196 2.7996079208052214 173.02815844165377 2.658972100001922 59.14231722390845 165.85359185022247 -999.0 16600.0 -999.0 2 -999 {-999.0 -999.0 -999.0 -999.0 -999.0} "" -999.0 -999.0 -999.0 -999.0 -999 -999 "" "" "" "" 0 0 0.0 0.0 -999 ""
FIBERMAP 1351 R-3C8 BOSS 1 1 0 1 0 0 -108.64583749134088 -72.26428483053415 143.1 -121.28219107765945 48.083331615556446 261.784 97.963806 173.0237931367175 2.8023672117131935 -33.198444 -21.575487 2.4598248 173.0237155332587 2.802283035404491 173.0261320221615 2.66176679685352 59.14546856193161 165.8563332761552 5400.0 5400.0 2016.0 1 469 {-999.0 20.62696 19.156075 17.824217 -999.0} sdss_psfmag 20.033554 18.506517 17.288288 15.208 63050395170004383 1094190441 bright_1x1 mwm_bin_vis_boss mwm_filler science 0 0 0.0 0.0 -999 ""
FIBERMAP 1351 R-3C8 METROLOGY 0 0 0 1 0 0 -108.27506839752625 -71.61231589189954 143.1 -120.53526151089228 48.15022858379844 261.784 97.963806 -999.0 -999.0 -999.0 -999.0 -999.0 173.02711059412408 2.8026235879837778 173.02953351288932 2.662072320125859 59.14506847495443 165.84972725002996 -999.0 6231.0 -999.0 -1 -999 {-999.0 -999.0 -999.0 -999.0 -999.0} "" -999.0 -999.0 -999.0 -999.0 -999 -999 "" "" "" "" 0 0 0.0 0.0 -999 ""
FIBERMAP 1353 R-12C3 APOGEE 0 0 0 1 0 0 -100.65532218646713 -233.2633808875538 143.1 -249.00410057523914 -50.22509444190564 345.37683 130.18227 -999.0 -999.0 -999.0 -999.0 -999.0 172.44817380877234 2.3557538160120193 172.4505795067654 2.2153995416510437 58.820876588853764 167.12084021150878 -999.0 16600.0 -999.0 2 -999 {-999.0 -999.0 -999.0 -999.0 -999.0} "" -999.0 -999.0 -999.0 -999.0 -999 -999 "" "" "" "" 0 0 0.0 0.0 -999 ""
FIBERMAP 1353 R-12C3 BOSS 1 1 0 1 0 0 -100.32933273765227 -233.94936263893538 143.1 -249.38193480592582 -50.88382292893138 345.37683 130.18227 172.44647440490237 2.352567550941455 -12.589513 6.9400887 1.1540537 172.44650304647863 2.3526515806210817 172.44888471680065 2.212419900190901 58.81826741452254 167.12513251226204 5400.0 5400.0 2016.0 1 350 {-999.0 19.075806 17.736452 16.929352 -999.0} sdss_psfmag 18.50376 17.543798 16.517456 14.543 63050395170002121 1094487760 bright_1x1 mwm_bin_vis_boss mwm_filler science 0 0 0.0 0.0 -999 ""
FIBERMAP 1353 R-12C3 METROLOGY 0 0 0 1 0 0 -101.0742019846803 -233.88079622196062 143.1 -249.75005659021778 -50.232774168980875 345.37683 130.18227 -999.0 -999.0 -999.0 -999.0 -999.0 172.4448451509655 2.355634965983377 172.44723490850913 2.215368902888836 58.821473215581904 167.1271923199052 -999.0 6231.0 -999.0 -1 -999 {-999.0 -999.0 -999.0 -999.0 -999.0} "" -999.0 -999.0 -999.0 -999.0 -999 -999 "" "" "" "" 0 0 0.0 0.0 -999 ""
FIBERMAP 1354 R+3C8 APOGEE 0 0 0 1 0 0 -89.12381691635231 61.89938258047895 143.1 0.06970928117612679 108.49587586765243 14.8281765 121.49585 -999.0 -999.0 -999.0 -999.0 -999.0 173.57630434293128 3.0777357513587766 173.57870754764735 2.9368731124594087 59.29607752484233 164.6877214963978 -999.0 16600.0 -999.0 2 -999 {-999.0 -999.0 -999.0 -999.0 -999.0} "" -999.0 -999.0 -999.0 -999.0 -999 -999 "" "" "" "" 0 0 0.0 0.0 -999 ""
FIBERMAP 1354 R+3C8 BOSS 1 1 0 1 0 0 -88.57892928773448 61.35942708056831 143.1 -0.0634146388056172 107.74051426634982 14.8281765 121.49585 173.5757065522183 3.074212965126068 -2.5292168 -6.3225894 0.15761569 173.57572579130712 3.074237842928719 173.57810095596938 2.93349429940394 59.29291796907445 164.6903493608414 5400.0 5400.0 2016.0 1 52 {-999.0 17.395267 17.090044 17.068161 -999.0} sdss_psfmag 17.327072 17.077927 16.678225 15.627 63050395170012324 975523414 "" ops_std_eboss ops_std standard_boss 0 0 0.0 0.0 -999 ""
FIBERMAP 1354 R+3C8 METROLOGY 0 0 0 1 0 0 -89.29806215874927 61.17391681559833 143.1 -0.625617650373005 108.22563558058687 14.8281765 121.49585 -999.0 -999.0 -999.0 -999.0 -999.0 173.57315492963474 3.0764642441578967 173.5755391477678 2.935687552295133 59.29562505800857 164.6942796319916 -999.0 6231.0 -999.0 -1 -999 {-999.0 -999.0 -999.0 -999.0 -999.0} "" -999.0 -999.0 -999.0 -999.0 -999 -999 "" "" "" "" 0 0 0.0 0.0 -999 ""
FIBERMAP 1355 R0C10 APOGEE 0 0 0 1 0 0 -95.99855024697644 -8.988958254169846 143.1 -62.08891625875658 73.7491733500353 215.27812 136.55847 -999.0 -999.0 -999.0 -999.0 -999.0 173.2930451414829 2.919552041136247 173.29546379773194 2.7788071021905876 59.203491815477236 165.29509877335872 -999.0 16600.0 -999.0 2 -999 {-999.0 -999.0 -999.0 -999.0 -999.0} "" -999.0 -999.0 -999.0 -999.0 -999 -999 "" "" "" "" 0 0 0.0 0.0 -999 ""
FIBERMAP 1355 R0C10 BOSS 1 1 0 1 0 0 -96.73835630488053 -8.89379967353169 143.1 -62.43230499225111 74.4112154869337 215.27812 136.55847 173.29147338867188 2.922475226361911 -999.0 -999.0 -999.0 173.29147726474505 2.922478272408749 173.29387128356723 2.7818522086164177 59.206806487407064 165.29686294013558 5400.0 5400.0 2015.5 1 491 {-999.0 -999.0 -999.0 -999.0 -999.0} "" -999.0 -999.0 -999.0 -999.0 27021603142697886 812161322 "" ops_sky_boss_good ops_sky sky_boss 0 0 0.0 0.0 -999 ""
FIBERMAP 1355 R0C10 METROLOGY 0 0 0 1 0 0 -96.27601391477651 -8.296371874313357 143.1 -61.67800386939756 74.37179712308132 215.27812 136.55847 -999.0 -999.0 -999.0 -999.0 -999.0 173.29491142655735 2.922330660388514 173.29731193099906 2.781669829803023 59.20589384437654 165.29038139888323 -999.0 6231.0 -999.0 -1 -999 {-999.0 -999.0 -999.0 -999.0 -999.0} "" -999.0 -999.0 -999.0 -999.0 -999 -999 "" "" "" "" 0 0 0.0 0.0 -999 ""
FIBERMAP 1356 R+8C9 APOGEE 0 0 0 1 0 0 -10.444803080778998 138.1677998139036 143.1 107.56540167991173 87.31468984120124 4.4405847 44.84618 -999.0 -999.0 -999.0 -999.0 -999.0 174.06586140759583 2.981106446939295 174.06811139520346 2.840117388597232 59.09013787953332 163.80179902033913 -999.0 16600.0 -999.0 2 -999 {-999.0 -999.0 -999.0 -999.0 -999.0} "" -999.0 -999.0 -999.0 -999.0 -999 -999 "" "" "" "" 0 0 0.0 0.0 -999 ""
FIBERMAP 1356 R+8C9 BOSS 1 1 0 1 0 0 -10.952854450564491 137.58206922656308 143.1 106.79466412570746 87.3983277589871 4.4405847 44.84618 174.0623879992955 2.9814207609835686 -0.14814262 -0.1281267 -0.20255858 174.06243127595636 2.9814099029848524 174.06465346233506 2.840540626020027 59.09136026670012 163.80814097740344 5400.0 5400.0 2016.0 1 123 {-999.0 18.859802 18.682198 18.801582 18.854889} sdss_psfmag 18.72492 18.70255 18.377136 -999.0 63050395170008333 1059933937 dark_2x4 bhm_aqmes_wide2 bhm_aqmes science 0 0 0.0 0.0 -999 ""
FIBERMAP 1356 R+8C9 METROLOGY 0 0 0 1 0 0 -11.179225379422073 138.29927554462077 143.1 107.2549186200055 87.993003650586 4.4405847 44.84618 -999.0 -999.0 -999.0 -999.0 -999.0 174.0645015560286 2.9841335444120656 174.06673223438838 2.843229482622935 59.09348643322144 163.80298277467477 -999.0 6231.0 -999.0 -1 -999 {-999.0 -999.0 -999.0 -999.0 -999.0} "" -999.0 -999.0 -999.0 -999.0 -999 -999 "" "" "" "" 0 0 0.0 0.0 -999 ""
FIBERMAP 1357 R+3C5 APOGEE 0 0 0 1 0 0 -170.95030851121675 36.89213982247365 143.1 -67.10387985754463 161.47359362752636 327.37634 34.94378 -999.0 -999.0 -999.0 -999.0 -999.0 173.27056974086918 3.3173820089988233 173.27313328192918 3.1765713186617517 59.59677300261849 165.17017645189094 -999.0 16600.0 -999.0 2 148 {-999.0 -999.0 -999.0 -999.0 -999.0} "" -999.0 -999.0 -999.0 -999.0 -999 -999 "" ops_sky_apogee_best_unassigned ops_sky sky_apogee 0 0 0.0 0.0 -999 ""
FIBERMAP 1357 R+3C5 BOSS 1 1 0 1 0 0 -171.6966154915994 36.85479632510665 143.1 -67.55983542213471 162.065472056705 327.37634 34.94378 173.2679368868228 3.3204929445551734 -11.138462 -171.81433 3.3925269 173.26850554751985 3.3199855131760856 173.27104467119727 3.1792920307710104 59.599879242248754 165.1730416884785 5400.0 5400.0 2016.0 1 40 {-999.0 14.049079 13.371667 13.129448 -999.0} sdss_psfmag_gaia 13.874415 13.4149275 12.790998 11.561 63050395170006172 1136478411 dark_flexible_3x1 mwm_halo_local_high_boss_triple mwm_halo science 0 0 2.1387054920196533 0.0 -999 ""
FIBERMAP 1357 R+3C5 METROLOGY 0 0 0 1 0 0 -171.35696641955272 37.51667689838651 143.1 -66.82249594732039 162.16358494916676 327.37634 34.94378 -999.0 -999.0 -999.0 -999.0 -999.0 173.27185514888592 3.32046145980592 173.27440089126105 3.179733653153538 59.59958812520607 165.1663871097416 -999.0 6231.0 -999.0 -1 -999 {-999.0 -999.0 -999.0 -999.0 -999.0} "" -999.0 -999.0 -999.0 -999.0 -999 -999 "" "" "" "" 0 0 0.0 0.0 -999 ""
FIBERMAP 1358 R-3C14 APOGEE 0 0 0 1 0 0 49.938320333076284 -70.04873676189285 143.1 -29.094544174613286 -80.94528855793351 18.4805 51.402065 -999.0 -999.0 -999.0 -999.0 -999.0 173.44371780259115 2.215343700211757 173.4458583684925 2.074682705148625 58.48352246872565 165.3020669938645 -999.0 16600.0 -999.0 2 215 {-999.0 -999.0 -999.0 -999.0 -999.0} "" -999.0 -999.0 -999.0 -999.0 -999 -999 "" ops_sky_apogee_best_unassigned ops_sky sky_apogee 0 0 0.0 0.0 -999 ""
FIBERMAP 1358 R-3C14 BOSS 1 1 0 1 0 0 49.69499723508454 -70.75440138326375 143.1 -29.81296591766688 -81.14749172810708 18.4805 51.402065 173.44047412830685 2.2142659711919066 -0.264466 0.92313313 -0.62129927 173.44045748453664 2.2142605149732564 173.44257162866745 2.0737230991915556 58.4832860537491 165.30859735370274 5400.0 5400.0 2016.0 1 264 {-999.0 20.596125 20.29919 20.02475 19.798124} sdss_psfmag_from_gaiadr2 20.37955 20.359558 19.458632 -999.0 63050395169999625 1130086723 dark_flexible_3x1 bhm_gua_dark_d3 bhm_filler science 0 0 0.0 0.0 -999 ""
FIBERMAP 1358 R-3C14 METROLOGY 0 0 0 1 0 0 49.20200684412878 -70.1932661369912 143.1 -29.632867884810555 -80.42269933030377 18.4805 51.402065 -999.0 -999.0 -999.0 -999.0 -999.0 173.44127033309704 2.217599274011816 173.443393027027 2.07702628776277 58.48633795266056 165.30571455413354 -999.0 6231.0 -999.0 -1 -999 {-999.0 -999.0 -999.0 -999.0 -999.0} "" -999.0 -999.0 -999.0 -999.0 -999 -999 "" "" "" "" 0 0 0.0 0.0 -999 ""
FIBERMAP 1359 R-7C12 APOGEE 0 0 0 1 0 0 40.87802756207763 -131.04910598390555 143.1 -84.37472933156253 -108.2618098054231 349.45187 153.44926 -999.0 -999.0 -999.0 -999.0 -999.0 173.1923382205258 2.091371428678866 173.1944884211846 1.9508135744949826 58.41511276503931 165.82115063544825 -999.0 16600.0 -999.0 2 161 {-999.0 -999.0 -999.0 -999.0 -999.0} "" -999.0 -999.0 -999.0 -999.0 -999 -999 "" ops_sky_apogee_best_unassigned ops_sky sky_apogee 0 0 0.0 0.0 -999 ""
FIBERMAP 1359 R-7C12 BOSS 1 1 0 1 0 0 41.45731433873777 -131.49669300124404 143.1 -84.41236228677988 -108.99279826832553 349.45187 153.44926 173.19217131964962 2.0879132415614694 1.8210019 -9.5848465 0.28038293 173.1921663143625 2.087886796327061 173.19428942244792 1.9474525565306484 58.41186487741176 165.82284456504112 5400.0 5400.0 2016.0 1 381 {-999.0 16.591276 16.181568 16.04873 -999.0} sdss_psfmag 16.496143 16.192139 15.717235 14.762 63050395169997547 977049141 "" ops_std_boss ops_std standard_boss 0 0 0.0 0.0 -999 ""
FIBERMAP 1359 R-7C12 METROLOGY 0 0 0 1 0 0 40.780391521876226 -131.78857120782385 143.1 -85.03790319483879 -108.60296886307134 349.45187 153.44926 -999.0 -999.0 -999.0 -999.0 -999.0 173.1893182991054 2.089702559019327 173.19144998532374 1.9492340598973374 58.414192845158794 165.82744535062827 -999.0 6231.0 -999.0 -1 -999 {-999.0 -999.0 -999.0 -999.0 -999.0} "" -999.0 -999.0 -999.0 -999.0 -999 -999 "" "" "" "" 0 0 0.0 0.0 -999 ""
FIBERMAP 1362 R-12C4 APOGEE 0 0 0 1 0 0 -102.73778406238887 -217.92437615557617 143.1 -237.58839806178727 -39.773407970996836 182.02785 55.62668 -999.0 -999.0 -999.0 -999.0 -999.0 172.49907043121775 2.4029937917477064 172.50148318003914 2.262612542673492 58.85766203515713 167.00711053316675 -999.0 16600.0 -999.0 2 -999 {-999.0 -999.0 -999.0 -999.0 -999.0} "" -999.0 -999.0 -999.0 -999.0 -999 -999 "" "" "" "" 0 0 0.0 0.0 -999 ""
FIBERMAP 1362 R-12C4 BOSS 1 1 0 1 0 0 -102.33943220384384 -217.28748198926547 143.1 -236.83813604988555 -39.737762907877325 182.02785 55.62668 172.50246846722212 2.403016608461521 -0.6159911 0.22564735 -2.1154113 172.50242459533237 2.4030260103261445 172.50481324070608 2.2627647511135525 58.85718177495091 167.00073711099913 5400.0 5400.0 2016.0 1 351 {-999.0 20.530735 20.41088 20.286081 20.24338} sdss_psfmag_from_gaiadr2 20.086353 20.40574 19.707245 -999.0 63050395170002154 1130086776 dark_flexible_3x1 bhm_gua_dark_d3 bhm_filler science 0 0 0.0 0.0 -999 ""
FIBERMAP 1362 R-12C4 METROLOGY 0 0 0 1 0 0 -101.99216258563864 -217.95103312315658 143.1 -237.1854152522147 -40.401193133038596 182.02785 55.62668 -999.0 -999.0 -999.0 -999.0 -999.0 172.50087919397188 2.4000587628616943 172.50327367072066 2.259764273024876 58.85452668783486 167.0047558299743 -999.0 6231.0 -999.0 -1 -999 {-999.0 -999.0 -999.0 -999.0 -999.0} "" -999.0 -999.0 -999.0 -999.0 -999 -999 "" "" "" "" 0 0 0.0 0.0 -999 ""
FIBERMAP 1363 R-6C13 APOGEE 0 0 0 1 0 0 29.49036812223013 -120.370332222457 143.1 -82.09028580129977 -92.82064753203333 212.85779 96.82962 -999.0 -999.0 -999.0 -999.0 -999.0 173.2025687829304 2.161466995673768 173.20474161746495 2.0208925879572854 58.48156706756119 165.77434322563494 -999.0 16600.0 -999.0 2 -999 {-999.0 -999.0 -999.0 -999.0 -999.0} "" -999.0 -999.0 -999.0 -999.0 -999 -999 "" "" "" "" 0 0 0.0 0.0 -999 ""
FIBERMAP 1363 R-6C13 BOSS 1 1 0 1 0 0 29.011367354055153 -119.80448214790293 143.1 -81.89834228653736 -92.10466217430923 212.85779 96.82962 173.20302289054516 2.1646020598374704 -26.667595 -17.915821 0.9808242 173.20342465693057 2.164555239939782 173.2055724854813 2.0241025040457306 58.48453589670194 165.77151936294553 5400.0 5400.0 2016.0 1 380 {-999.0 14.560447 14.198653 14.069359 -999.0} sdss_psfmag_from_g3xp 14.500993 14.202662 13.738036 12.86 63050395169997633 1135980908 dark_flexible_3x1 mwm_halo_local_high_boss_triple mwm_halo science 0 0 1.7403018474578857 0.0 -999 ""
FIBERMAP 1363 R-6C13 METROLOGY 0 0 0 1 0 0 29.74145694408434 -119.66775383960447 143.1 -81.36997447105308 -92.62658325915173 212.85779 96.82962 -999.0 -999.0 -999.0 -999.0 -999.0 173.20583159984733 2.162224631817354 173.20798543741762 2.0217368446282014 58.481722622703685 165.76794211622126 -999.0 6231.0 -999.0 -1 -999 {-999.0 -999.0 -999.0 -999.0 -999.0} "" -999.0 -999.0 -999.0 -999.0 -999 -999 "" "" "" "" 0 0 0.0 0.0 -999 ""
FIBERMAP 1364 R+13C6 APOGEE 0 0 0 1 0 0 -50.75176254030235 258.4396128188602 143.1 183.41103378219077 188.96599832984847 194.64499 76.23092 -999.0 -999.0 -999.0 -999.0 -999.0 174.40708970865487 3.438838976028809 174.40939350570682 3.2976716950578706 59.45208478835723 162.9387071620339 -999.0 16600.0 -999.0 2 105 {-999.0 -999.0 -999.0 -999.0 -999.0} "" -999.0 -999.0 -999.0 -999.0 -999 -999 "" ops_sky_apogee_best_unassigned ops_sky sky_apogee 0 0 0.0 0.0 -999 ""
FIBERMAP 1364 R+13C6 BOSS 1 1 0 1 0 0 -50.750010341923044 259.17863799978267 143.1 184.0192077959926 189.38568381951887 194.64499 76.23092 174.40957754224294 3.440605428632715 -27.318455 1.7435483 0.6462796 174.40984778291988 3.4405899920383005 174.41212152388619 3.299538450722491 59.45322047986075 162.93260703441175 5400.0 5400.0 2016.0 1 84 {-999.0 15.900486 15.480436 15.343932 -999.0} sdss_psfmag 15.823896 15.498343 15.005501 14.179 63050395170009379 1136203572 dark_flexible_3x1 mwm_halo_local_high_boss_triple mwm_halo science 0 0 1.3021156787872314 0.0 -999 ""
FIBERMAP 1364 R+13C6 METROLOGY 0 0 0 1 0 0 -50.10524927979401 258.81925313304913 143.1 184.09135060268534 188.65116334257544 194.64499 76.23092 -999.0 -999.0 -999.0 -999.0 -999.0 174.4101857342906 3.4373214592330177 174.41246685557235 3.29623733699979 59.449936592505864 162.9335552968269 -999.0 6231.0 -999.0 -1 -999 {-999.0 -999.0 -999.0 -999.0 -999.0} "" -999.0 -999.0 -999.0 -999.0 -999 -999 "" "" "" "" 0 0 0.0 0.0 -999 ""
FIBERMAP 1365 R+12C3 APOGEE 0 0 0 1 0 0 -123.74872936751667 240.22712736996948 143.1 126.85135195131517 238.56138371082542 151.74545 111.96883 -999.0 -999.0 -999.0 -999.0 -999.0 174.15057534661605 3.6628585218946945 174.15301772189162 3.5217207048755212 59.73189997196566 163.32077671325104 -999.0 16600.0 -999.0 2 -999 {-999.0 -999.0 -999.0 -999.0 -999.0} "" -999.0 -999.0 -999.0 -999.0 -999 -999 "" "" "" "" 0 0 0.0 0.0 -999 ""
FIBERMAP 1365 R+12C3 BOSS 1 1 0 1 0 0 -123.68368159303726 240.9668061092878 143.1 127.49613118479404 238.92943862419656 151.74545 111.96883 174.15354620289278 3.6643603220046064 -1.4052132 0.27512416 -0.6574219 174.15350561352233 3.664368054209539 174.15591876329984 3.523344804025345 59.73277558049914 163.31442327935557 5400.0 5400.0 2016.0 1 94 {-999.0 19.236109 19.248192 19.048296 19.136238} sdss_psfmag 19.67739 19.762613 19.060684 -999.0 63050395170013235 1059933950 dark_2x4 bhm_aqmes_wide2 bhm_aqmes science 0 0 0.0 0.0 -999 ""
FIBERMAP 1365 R+12C3 METROLOGY 0 0 0 1 0 0 -123.07194825482897 240.54118040055667 143.1 127.49503071987458 238.1843067990466 151.74545 111.96883 -999.0 -999.0 -999.0 -999.0 -999.0 174.1535136444817 3.6610722406629637 174.15593394698203 3.5200168198673505 59.729542750553705 163.3159910850242 -999.0 6231.0 -999.0 -1 -999 {-999.0 -999.0 -999.0 -999.0 -999.0} "" -999.0 -999.0 -999.0 -999.0 -999 -999 "" "" "" "" 0 0 0.0 0.0 -999 ""
FIBERMAP 1369 R-1C18 APOGEE 1 1 0 1 0 0 113.00908910149619 -3.2044299484556653 143.1 61.764214727490454 -94.67312172327091 108.49683 48.51885 173.85766846913322 2.153217100825712 -40.50246 -39.897095 3.6459596 173.85755502280932 2.153156887391601 173.85958706470592 2.01238286206589 58.332276881528315 164.55794276364492 16000.0 16600.0 2016.0 2 217 {-999.0 11.577757 11.243582 11.143834 -999.0} sdss_psfmag_gaia 11.535494 11.259346 10.817884 10.059 63050395169998397 975467930 "" ops_std_apogee ops_std standard_apogee 0 0 0.0 0.0 -999 ""
FIBERMAP 1369 R-1C18 BOSS 0 0 0 1 0 0 113.67875141593248 -3.5142009395411353 143.1 61.89130948275086 -95.39982891320373 108.49683 48.51885 -999.0 -999.0 -999.0 -999.0 -999.0 173.85818706394576 2.149689224937812 173.8601895989159 2.009038472895225 58.32888259692157 164.5582520732941 -999.0 5400.0 -999.0 1 295 {-999.0 -999.0 -999.0 -999.0 -999.0} "" -999.0 -999.0 -999.0 -999.0 -999 -999 "" "" "" "" 0 0 0.0 0.0 -999 ""
FIBERMAP 1369 R-1C18 METROLOGY 0 0 0 1 0 0 113.07784558841644 -3.957150021499645 143.1 61.184967700994065 -95.15854030713929 108.49683 48.51885 -999.0 -999.0 -999.0 -999.0 -999.0 173.8549603391858 2.1508246695932782 173.8569719373644 2.0101398390785996 58.33067626197925 164.56375134721813 -999.0 6231.0 -999.0 -1 -999 {-999.0 -999.0 -999.0 -999.0 -999.0} "" -999.0 -999.0 -999.0 -999.0 -999 -999 "" "" "" "" 0 0 0.0 0.0 -999 ""
FIBERMAP 1370 R0C23 APOGEE 0 0 0 1 0 0 195.29070651035465 11.696088599153256 143.1 120.89357069901244 -153.78396782790082 120.336334 115.73939 -999.0 -999.0 -999.0 -999.0 -999.0 174.12542824127414 1.8859046102631782 174.1273197724887 1.745105090968061 58.011294282596666 164.17864745698978 -999.0 16600.0 -999.0 2 89 {-999.0 -999.0 -999.0 -999.0 -999.0} "" -999.0 -999.0 -999.0 -999.0 -999 -999 "" ops_sky_apogee_best_unassigned ops_sky sky_apogee 0 0 0.0 0.0 -999 ""
FIBERMAP 1370 R0C23 BOSS 1 1 0 1 0 0 195.79360892925058 12.23409585650968 143.1 121.62216518154528 -153.89057001597635 120.336334 115.73939 174.1290275502599 1.8854734358030543 -82.927025 -73.54577 3.2750542 174.12878628043683 1.8852711690810378 174.13064765495324 1.7445950066747142 58.010034723049145 164.17275685484492 5400.0 5400.0 2016.0 1 245 {-999.0 19.37143 17.94909 16.871449 -999.0} sdss_psfmag 18.815695 17.53831 16.437534 -999.0 63050395169983196 1136202972 dark_flexible_3x1 mwm_halo_local_high_boss_triple mwm_halo science 0 0 0.0 0.0 -999 ""
FIBERMAP 1370 R0C23 METROLOGY 0 0 0 1 0 0 196.01923367375855 11.515680372769811 143.1 121.16049204441914 -154.48532187941706 120.336334 115.73939 -999.0 -999.0 -999.0 -999.0 -999.0 174.12667085470648 1.8826197456798357 174.12854012482978 1.7419095011330046 58.00790410714441 164.17778993176066 -999.0 6231.0 -999.0 -1 -999 {-999.0 -999.0 -999.0 -999.0 -999.0} "" -999.0 -999.0 -999.0 -999.0 -999 -999 "" "" "" "" 0 0 0.0 0.0 -999 ""
FIBERMAP 1372 R-11C10 APOGEE 0 0 0 1 0 0 28.858705788430967 -223.58048620653324 143.1 -167.24664016706487 -151.11481034957797 227.84251 134.03255 -999.0 -999.0 -999.0 -999.0 -999.0 172.8178235590075 1.8984241410251141 172.81997992884055 1.7580270209778424 58.30132025152214 166.5938742426832 -999.0 16600.0 -999.0 2 157 {-999.0 -999.0 -999.0 -999.0 -999.0} "" -999.0 -999.0 -999.0 -999.0 -999 -999 "" ops_sky_apogee_best_unassigned ops_sky sky_apogee 0 0 0.0 0.0 -999 ""
FIBERMAP 1372 R-11C10 BOSS 1 1 0 1 0 0 28.112441015014177 -223.60658063363846 143.1 -167.6933295592174 -150.51655644270886 227.84251 134.03255 172.81580715321775 1.9009924175885444 -12.473041 -5.1582794 0.22532348 172.81578887854718 1.9009828683262238 172.8179219902804 1.7607096559832305 58.30435254568964 166.5967181437926 5400.0 5400.0 2016.0 1 362 {-999.0 17.285795 16.944584 16.80499 -999.0} sdss_psfmag 17.214128 16.914211 16.445576 15.318 63050395169996952 977049139 "" ops_std_boss ops_std standard_boss 0 0 0.0 0.0 -999 ""
FIBERMAP 1372 R-11C10 METROLOGY 0 0 0 1 0 0 28.454914863261223 -222.94553688426387 143.1 -166.95506794385133 -150.42124121210023 227.84251 134.03255 -999.0 -999.0 -999.0 -999.0 -999.0 172.81911362583932 1.9014380156345971 172.82125321117292 1.7611285292114318 58.304113902073894 166.5903471127347 -999.0 6231.0 -999.0 -1 -999 {-999.0 -999.0 -999.0 -999.0 -999.0} "" -999.0 -999.0 -999.0 -999.0 -999 -999 "" "" "" "" 0 0 0.0 0.0 -999 ""
FIBERMAP 1373 R-9C2 APOGEE 0 0 0 1 1 0 -177.4196378313532 -181.04035846101453 143.1 -249.84146904523655 42.60237779706112 198.67368 132.42569 -999.0 -999.0 -999.0 -999.0 -999.0 172.44382963041144 2.775934698800266 172.44639826280672 2.6355040090467616 59.234226706405735 166.97481691265364 -999.0 16600.0 -999.0 2 -999 {-999.0 -999.0 -999.0 -999.0 -999.0} "" -999.0 -999.0 -999.0 -999.0 -999 -999 "" "" "" "" 0 0 0.0 0.0 -999 ""
FIBERMAP 1373 R-9C2 BOSS 1 0 0 1 1 0 -178.06950980006454 -180.70046450876148 143.1 -249.93253778014858 43.32999066715968 198.67368 132.42569 172.50326132165313 2.854494432679307 -999.0 -999.0 -999.0 172.44343094424917 2.7791092632058128 172.44597780377546 2.6387975006674647 59.23754006715631 166.9744015505233 5400.0 5400.0 2016.0 1 490 {-999.0 21.94418 20.537771 19.995598 19.627514} sdss_fiber2mag_from_lsdr10 20.891743 21.244389 18.797728 -999.0 63050395170005272 1058110573 dark_flexible_2x2 bhm_spiders_clusters_lsdr10 bhm_spiders science 0 0 0.0 0.0 -999 ""
FIBERMAP 1373 R-9C2 METROLOGY 0 0 0 1 1 0 -177.43622639946193 -180.29444506126904 143.1 -249.23808701796094 43.04105704623017 198.67368 132.42569 -999.0 -999.0 -999.0 -999.0 -999.0 172.44653148419638 2.777846196975997 172.44908366382242 2.637499732491154 59.23567712542647 166.96892753634734 -999.0 6231.0 -999.0 -1 -999 {-999.0 -999.0 -999.0 -999.0 -999.0} "" -999.0 -999.0 -999.0 -999.0 -999 -999 "" "" "" "" 0 0 0.0 0.0 -999 ""
FIBERMAP 1374 R-5C8 APOGEE 0 0 0 1 0 0 -82.90791767865504 -77.54357977330656 143.1 -110.95314558820141 23.92897340611733 154.52242 53.59557 -999.0 -999.0 -999.0 -999.0 -999.0 173.0706675862424 2.6925819579870427 173.07305869534207 2.551951109887374 59.02835111456491 165.81107733168403 -999.0 16600.0 -999.0 2 -999 {-999.0 -999.0 -999.0 -999.0 -999.0} "" -999.0 -999.0 -999.0 -999.0 -999 -999 "" "" "" "" 0 0 0.0 0.0 -999 ""
FIBERMAP 1374 R-5C8 BOSS 1 1 0 1 0 0 -82.25273800022491 -77.1820825060651 143.1 -110.28279645034962 23.596679569801683 154.52242 53.59557 173.0737096717076 2.691138543304706 8.656086 -73.163376 8.456156 173.07368900871592 2.6909645104373303 173.076053506221 2.550452927106351 59.02626778828595 165.80598961926722 5400.0 5400.0 2016.0 1 463 {-999.0 20.64977 19.915197 19.661037 -999.0} sdss_psfmag 20.752674 19.953918 19.29624 -999.0 63050395170004109 1143293669 dark_2x1 mwm_wd_pwd_boss_2x1 mwm_wd science 0 0 0.0 0.0 -999 ""
FIBERMAP 1374 R-5C8 METROLOGY 0 0 0 1 0 0 -82.26994366144478 -77.93042746152045 143.1 -110.90743347546044 23.18437972011161 154.52242 53.59557 -999.0 -999.0 -999.0 -999.0 -999.0 173.07085271417517 2.689116802730268 173.0732243927364 2.5485725064264377 59.0250110469879 165.8121170521419 -999.0 6231.0 -999.0 -1 -999 {-999.0 -999.0 -999.0 -999.0 -999.0} "" -999.0 -999.0 -999.0 -999.0 -999 -999 "" "" "" "" 0 0 0.0 0.0 -999 ""
FIBERMAP 1376 R+4C13 APOGEE 0 0 0 1 0 0 40.20302309137729 76.56475364295478 143.1 85.81405448541344 10.599159072091306 31.20407 77.40714 -999.0 -999.0 -999.0 -999.0 -999.0 173.9672411381011 2.6322604756779575 173.96940361127872 2.4913644475457515 58.77384891052961 164.14469710375448 -999.0 16600.0 -999.0 2 -999 {-999.0 -999.0 -999.0 -999.0 -999.0} "" -999.0 -999.0 -999.0 -999.0 -999 -999 "" "" "" "" 0 0 0.0 0.0 -999 ""
FIBERMAP 1376 R+4C13 BOSS 1 1 0 1 0 0 40.4542097927551 75.87178386999352 143.1 85.38785347431076 9.997905714189601 31.20407 77.40714 173.9654269803053 2.6295441807933875 -28.12911 -54.006466 1.5503179 173.96537396763642 2.6294078821470865 173.96750746377938 2.4886334433115387 58.77162662114429 164.14946438108615 5400.0 5400.0 2016.0 1 107 {-999.0 18.564379 17.27699 16.743391 -999.0} sdss_psfmag 18.080511 17.24571 16.367998 14.722 63050395169999542 1136203350 dark_flexible_3x1 mwm_halo_local_high_boss_triple mwm_halo science 0 0 0.0 0.0 -999 ""
FIBERMAP 1376 R+4C13 METROLOGY 0 0 0 1 0 0 39.71976620620798 75.9963130009804 143.1 85.07165102831831 10.67227857280093 31.20407 77.40714 -999.0 -999.0 -999.0 -999.0 -999.0 173.96391779511373 2.6325120249214993 173.96606070374798 2.4917032592117554 58.774946488892596 164.15081656553772 -999.0 6231.0 -999.0 -1 -999 {-999.0 -999.0 -999.0 -999.0 -999.0} "" -999.0 -999.0 -999.0 -999.0 -999 -999 "" "" "" "" 0 0 0.0 0.0 -999 ""
FIBERMAP 1378 R-3C2 APOGEE 0 0 0 1 0 0 -240.25907318276555 -74.5813651582165 143.1 -198.18418321113228 154.89506052506556 280.48828 86.085396 -999.0 -999.0 -999.0 -999.0 -999.0 172.67726706189015 3.2845879833712255 172.67997195431133 3.1439817061213655 59.68766936019007 166.3299698389313 -999.0 16600.0 -999.0 2 -999 {-999.0 -999.0 -999.0 -999.0 -999.0} "" -999.0 -999.0 -999.0 -999.0 -999 -999 "" "" "" "" 0 0 0.0 0.0 -999 ""
FIBERMAP 1378 R-3C2 BOSS 1 1 0 1 0 0 -241.00329322948684 -74.68776553960004 143.1 -198.695685991224 155.44587307241858 280.48828 86.085396 172.67497847530552 3.2869859806263757 0.5435585 -0.0025283096 -0.02453583 172.67499007677682 3.2869453435432696 172.67767264671852 3.1464564461521243 59.69055147788121 166.3334520668252 5400.0 5400.0 2016.0 1 436 {-999.0 19.777773 19.595478 19.42821 19.26869} sdss_psfmag_from_gdr3 19.958086 19.610819 19.255455 -999.0 63050395170006349 1128658430 dark_flexible_3x1 bhm_spiders_agn_gaiadr3_d3 bhm_spiders science 0 0 0.0 0.0 -999 ""
FIBERMAP 1378 R-3C2 METROLOGY 0 0 0 1 0 0 -240.71785016269746 -73.9929897141365 143.1 -197.96220878746638 155.60726604998723 280.48828 86.085396 -999.0 -999.0 -999.0 -999.0 -999.0 172.67828836655545 3.287728335264002 172.68097711757002 3.1472049838755587 59.69062836445893 166.3267497435665 -999.0 6231.0 -999.0 -1 -999 {-999.0 -999.0 -999.0 -999.0 -999.0} "" -999.0 -999.0 -999.0 -999.0 -999 -999 "" "" "" "" 0 0 0.0 0.0 -999 ""
FIBERMAP 1381 R-7C10 APOGEE 0 0 0 1 0 0 -11.145214517209817 -156.61796534783693 143.1 -135.02669481897243 -80.09016839253292 327.38678 47.889145 -999.0 -999.0 -999.0 -999.0 -999.0 172.9620734504952 2.219549856840846 172.96431788320035 2.0790434079907056 58.58744767951934 166.2022955560494 -999.0 16600.0 -999.0 2 170 {-999.0 -999.0 -999.0 -999.0 -999.0} "" -999.0 -999.0 -999.0 -999.0 -999 -999 "" ops_sky_apogee_best_unassigned ops_sky sky_apogee 0 0 0.0 0.0 -999 ""
FIBERMAP 1381 R-7C10 BOSS 1 1 0 1 0 0 -11.86447368913166 -156.80823060728153 143.1 -135.59287645658642 -79.60765289017709 327.38678 47.889145 172.95950357008962 2.2215892944107836 1.7682092 -5.4806147 0.30220437 172.9594765221582 2.2215926054523356 172.96169721025535 2.0812088251297913 58.5900945473757 166.20638475668017 5400.0 5400.0 2016.0 1 385 {-999.0 16.963552 16.586245 16.455816 -999.0} sdss_psfmag 16.884623 16.581053 16.122482 15.183 63050395169997911 977049143 "" ops_std_boss ops_std standard_boss 0 0 0.0 0.0 -999 ""
FIBERMAP 1381 R-7C10 METROLOGY 0 0 0 1 0 0 -11.677811762160383 -156.08737036701376 143.1 -134.89425787082538 -79.35023843010839 327.38678 47.889145 -999.0 -999.0 -999.0 -999.0 -999.0 172.96264194356533 2.22279713223862 172.96486948514985 2.082377438702022 58.59060324509598 166.19997551224697 -999.0 6231.0 -999.0 -1 -999 {-999.0 -999.0 -999.0 -999.0 -999.0} "" -999.0 -999.0 -999.0 -999.0 -999 -999 "" "" "" "" 0 0 0.0 0.0 -999 ""
FIBERMAP 1382 R+4C14 APOGEE 0 0 0 1 0 0 45.681845721499535 99.4930681863246 143.1 107.77376826939086 19.163253104156553 161.18231 21.568935 -999.0 -999.0 -999.0 -999.0 -999.0 174.06712232095552 2.671212158805512 174.0692739559861 2.530280380527183 58.78862052753078 163.94004685252085 -999.0 16600.0 -999.0 2 -999 {-999.0 -999.0 -999.0 -999.0 -999.0} "" -999.0 -999.0 -999.0 -999.0 -999 -999 "" "" "" "" 0 0 0.0 0.0 -999 ""
FIBERMAP 1382 R+4C14 BOSS 1 1 0 1 0 0 46.43179338735385 99.5544022494662 143.1 108.25150884101764 18.582054275492254 161.18231 21.568935 174.0694176198956 2.668471375342059 -12.944639 -10.8121805 0.25297412 174.06937465179087 2.668454554986172 174.07149603568496 2.5276430202949967 58.78553871923226 163.93706603818222 5400.0 5400.0 2016.0 1 158 {-999.0 16.9218 16.70122 16.621763 -999.0} sdss_psfmag 16.903309 16.668613 16.295555 15.784 63050395170007081 981769012 "" ops_std_boss_tic ops_std standard_boss 0 0 0.0 0.0 -999 ""
FIBERMAP 1382 R+4C14 METROLOGY 0 0 0 1 0 0 46.09790435514001 98.87374824163929 143.1 107.50202759710966 18.468511165362745 161.18231 21.568935 -999.0 -999.0 -999.0 -999.0 -999.0 174.06594981210253 2.667971860413769 174.06808002826654 2.5271272747655114 58.785831778909184 163.94370189590006 -999.0 6231.0 -999.0 -1 -999 {-999.0 -999.0 -999.0 -999.0 -999.0} "" -999.0 -999.0 -999.0 -999.0 -999 -999 "" "" "" "" 0 0 0.0 0.0 -999 ""
FIBERMAP 1383 R-9C6 APOGEE 1 1 0 1 0 0 -59.73415563791585 -163.8972922330629 143.1 -168.69516988348354 -44.31803191536455 103.46126 24.221575 172.80923014048147 2.3821422856013856 -4.8198314 -10.281052 1.3473082 172.80921690701754 2.382142483035999 172.81155389504693 2.2416571011686757 58.77719721285588 166.42782587476648 16000.0 16600.0 2016.0 2 165 {-999.0 12.701721 11.923959 11.636632 -999.0} sdss_psfmag_gaia 12.484496 11.966407 11.294796 9.964 63050395170001982 1107744405 bright_1x1 mwm_tess_rgb_apogee mwm_tessrgb science 0 0 0.0 0.0 -999 ""
FIBERMAP 1383 R-9C6 BOSS 0 0 0 1 0 0 -59.26843704647911 -164.4737983382005 143.1 -168.9034369812405 -45.029176989885606 103.46126 24.221575 -999.0 -999.0 -999.0 -999.0 -999.0 172.80825366836228 2.3787778483364264 172.810565156517 2.2384148104083814 58.77421384436465 166.43092923270453 -999.0 5400.0 -999.0 1 402 {-999.0 -999.0 -999.0 -999.0 -999.0} "" -999.0 -999.0 -999.0 -999.0 -999 -999 "" "" "" "" 0 0 0.0 0.0 -999 ""
FIBERMAP 1383 R-9C6 METROLOGY 0 0 0 1 0 0 -60.00553132261061 -164.59233312052967 143.1 -169.42084872209156 -44.49113355300245 103.46126 24.221575 -999.0 -999.0 -999.0 -999.0 -999.0 172.80591219119714 2.3812599418947737 172.8082320496037 2.240862829871059 58.777073918775024 166.4344057211223 -999.0 6231.0 -999.0 -1 -999 {-999.0 -999.0 -999.0 -999.0 -999.0} "" -999.0 -999.0 -999.0 -999.0 -999 -999 "" "" "" "" 0 0 0.0 0.0 -999 ""
FIBERMAP 1384 R-12C6 APOGEE 0 0 0 1 0 0 -47.8574358188924 -211.50788272390503 143.1 -201.04373149681922 -81.20617611903837 168.37643 27.63846 -999.0 -999.0 -999.0 -999.0 -999.0 172.66386392636218 2.2150545553975114 172.66616986062252 2.074650554120145 58.64173722824532 166.76489668630904 -999.0 16600.0 -999.0 2 -999 {-999.0 -999.0 -999.0 -999.0 -999.0} "" -999.0 -999.0 -999.0 -999.0 -999 -999 "" "" "" "" 0 0 0.0 0.0 -999 ""
FIBERMAP 1384 R-12C6 BOSS 1 1 0 1 0 0 -47.14727897106606 -211.29897221121763 143.1 -200.46741796516338 -81.67058845975505 168.37643 27.63846 172.66651290453473 2.212741410768536 -1.4091341 0.13092396 -0.034819297 172.66645074963787 2.212806422925714 172.66873128822033 2.0725240938338363 58.63915741748113 166.7608573899267 5400.0 5400.0 2016.0 1 403 {-999.0 20.473503 20.35405 20.269003 20.190672} sdss_psfmag_from_gdr3 20.467886 20.310667 19.95699 -999.0 63050395170001801 1059390942 dark_flexible_2x2 bhm_spiders_agn_gaiadr3 bhm_spiders science 0 0 0.0 0.0 -999 ""
FIBERMAP 1384 R-12C6 METROLOGY 0 0 0 1 0 0 -47.31623665806781 -212.02146372903914 143.1 -201.15728823250558 -81.94347810755535 168.37643 27.63846 -999.0 -999.0 -999.0 -999.0 -999.0 172.66335363806988 2.2116164227360087 172.66564119367195 2.0713007815679254 58.638551959741164 166.76713277354705 -999.0 6231.0 -999.0 -1 -999 {-999.0 -999.0 -999.0 -999.0 -999.0} "" -999.0 -999.0 -999.0 -999.0 -999 -999 "" "" "" "" 0 0 0.0 0.0 -999 ""
FIBERMAP 1388 R-10C8 APOGEE 0 0 0 1 0 0 -26.673870685186042 -178.28166308327343 143.1 -161.6741954658854 -79.67679431692852 130.00941 88.11777 -999.0 -999.0 -999.0 -999.0 -999.0 172.8414317053922 2.2216128646305284 172.843702483293 2.081146632276451 58.613503503172545 166.42821554745439 -999.0 16600.0 -999.0 2 -999 {-999.0 -999.0 -999.0 -999.0 -999.0} "" -999.0 -999.0 -999.0 -999.0 -999 -999 "" "" "" "" 0 0 0.0 0.0 -999 ""
FIBERMAP 1388 R-10C8 BOSS 1 1 0 1 0 0 -26.0756222312759 -177.7903413478351 143.1 -160.92962547996106 -79.88833504660211 130.00941 88.11777 172.84479421760977 2.2204996116794753 0.586358 -0.13624908 0.72153664 172.84477685537968 2.2205006651807633 172.84702188174526 2.0801556667574377 58.61187691957299 166.42234757432266 5400.0 5400.0 2016.0 1 372 {-999.0 20.947659 20.6924 20.514658 20.360199} sdss_psfmag_from_lsdr10 20.868816 20.565233 19.837223 -999.0 63050395169997986 1059002884 dark_flexible_2x2 bhm_spiders_agn_lsdr10 bhm_spiders science 0 0 0.0 0.0 -999 ""
FIBERMAP 1388 R-10C8 METROLOGY 0 0 0 1 0 0 -25.974621496018557 -178.5418794393321 143.1 -161.48952738500245 -80.39957163698902 130.00941 88.11777 -999.0 -999.0 -999.0 -999.0 -999.0 172.84225598702403 2.2182254260841163 172.84450769605576 2.077847099399444 58.610110042925385 166.4279518801491 -999.0 6231.0 -999.0 -1 -999 {-999.0 -999.0 -999.0 -999.0 -999.0} "" -999.0 -999.0 -999.0 -999.0 -999 -999 "" "" "" "" 0 0 0.0 0.0 -999 ""
FIBERMAP 1391 R-5C4 APOGEE 0 0 0 1 0 0 -171.20981400532548 -115.80008978973943 143.1 -192.7021330347682 74.67687361413287 301.8791 68.32343 -999.0 -999.0 -999.0 -999.0 -999.0 172.7006028897788 2.9221957611290867 172.70316595330587 2.781647597727621 59.3279374156219 166.42682842130472 -999.0 16600.0 -999.0 2 -999 {-999.0 -999.0 -999.0 -999.0 -999.0} "" -999.0 -999.0 -999.0 -999.0 -999 -999 "" "" "" "" 0 0 0.0 0.0 -999 ""
FIBERMAP 1391 R-5C4 BOSS 1 1 0 1 0 0 -171.94960328127414 -115.94568219215793 143.1 -193.2433107549738 75.20171275887154 301.8791 68.32343 172.69815152457508 2.924451428686494 -999.0 -999.0 -999.0 172.6981481153815 2.9244626028851166 172.7006886678547 2.784033616169687 59.330765222166995 166.43065950428948 5400.0 5400.0 2016.0 1 454 {-999.0 21.570904 20.213968 19.703337 19.348627} sdss_fiber2mag_from_lsdr10 20.349749 21.139961 18.540024 -999.0 63050395170005413 1058111478 dark_flexible_2x2 bhm_spiders_clusters_lsdr10 bhm_spiders science 0 0 0.0 0.0 -999 ""
FIBERMAP 1391 R-5C4 METROLOGY 0 0 0 1 0 0 -171.7032446094481 -115.2404575717364 143.1 -192.52352072504965 75.40117120304767 301.8791 68.32343 -999.0 -999.0 -999.0 -999.0 -999.0 172.7013962813994 2.925410114265826 172.7039431840767 2.784946174035841 59.33101755799173 166.4240587791419 -999.0 6231.0 -999.0 -1 -999 {-999.0 -999.0 -999.0 -999.0 -999.0} "" -999.0 -999.0 -999.0 -999.0 -999 -999 "" "" "" "" 0 0 0.0 0.0 -999 ""
FIBERMAP 1392 R-12C10 APOGEE 0 0 0 1 0 0 47.93133380893469 -251.8815755574127 143.1 -179.63020649594725 -182.91174007655874 323.02585 65.00838 -999.0 -999.0 -999.0 -999.0 -999.0 172.76309828465162 1.7555724326351 172.765212393733 1.615221189348138 58.17184275598805 166.74850606630218 -999.0 16600.0 -999.0 2 -999 {-999.0 -999.0 -999.0 -999.0 -999.0} "" -999.0 -999.0 -999.0 -999.0 -999 -999 "" "" "" "" 0 0 0.0 0.0 -999 ""
FIBERMAP 1392 R-12C10 BOSS 1 1 0 1 0 0 47.267218392771724 -252.2539239823048 143.1 -180.3145627624613 -182.5782881378873 323.02585 65.00838 172.760009765625 1.7569635681363422 -999.0 -999.0 -999.0 172.76002274916766 1.756954393384254 172.76211351868812 1.6167283284660332 58.17391881905359 166.75371878150509 5400.0 5400.0 2015.5 1 406 {-999.0 -999.0 -999.0 -999.0 -999.0} "" -999.0 -999.0 -999.0 -999.0 27021603142690949 812160343 "" ops_sky_boss_good ops_sky sky_boss 0 0 0.0 0.0 -999 ""
FIBERMAP 1392 R-12C10 METROLOGY 0 0 0 1 0 0 47.28959649853198 -251.5010033501394 143.1 -179.68321894950114 -182.167630518591 323.02585 65.00838 -999.0 -999.0 -999.0 -999.0 -999.0 172.76284189760446 1.7588193783632105 172.76493973917604 1.6185567354255594 58.175168254801534 166.7477934929484 -999.0 6231.0 -999.0 -1 -999 {-999.0 -999.0 -999.0 -999.0 -999.0} "" -999.0 -999.0 -999.0 -999.0 -999 -999 "" "" "" "" 0 0 0.0 0.0 -999 ""
FIBERMAP 1393 R-12C5 APOGEE 0 0 0 1 0 0 -51.34577049263545 -247.54443455696324 143.1 -232.63878232880845 -98.87521438190085 27.144892 29.63686 -999.0 -999.0 -999.0 -999.0 -999.0 172.52248105404956 2.1355925297438993 172.52478650332273 1.9952530832207618 58.59071440006868 167.0602940113596 -999.0 16600.0 -999.0 2 -999 {-999.0 -999.0 -999.0 -999.0 -999.0} "" -999.0 -999.0 -999.0 -999.0 -999 -999 "" "" "" "" 0 0 0.0 0.0 -999 ""
FIBERMAP 1393 R-12C5 BOSS 1 1 0 1 0 0 -51.756284213125596 -248.1696178841276 143.1 -233.386353133272 -98.89419409517397 27.144892 29.63686 172.5188564254397 2.135402117644755 -16.810026 -5.5020866 0.52423424 172.51914197983285 2.135390473240565 172.52142454516922 1.9951747321721232 58.591270338194704 167.06665412464065 5400.0 5400.0 2016.0 1 352 {-999.0 16.233614 15.850929 15.694737 -999.0} sdss_psfmag 16.153326 15.83298 15.356244 14.561 63050395170001317 1136203398 dark_flexible_3x1 mwm_halo_local_high_boss_triple mwm_halo science 0 0 1.1866530179977417 0.0 -999 ""
FIBERMAP 1393 R-12C5 METROLOGY 0 0 0 1 0 0 -52.09068852941681 -247.5024929429073 143.1 -233.0288065816359 -98.23929737733405 27.144892 29.63686 -999.0 -999.0 -999.0 -999.0 -999.0 172.5207216571246 2.1383787899484834 172.52301169244515 1.9981272058416821 58.59387121654663 167.06259769981904 -999.0 6231.0 -999.0 -1 -999 {-999.0 -999.0 -999.0 -999.0 -999.0} "" -999.0 -999.0 -999.0 -999.0 -999 -999 "" "" "" "" 0 0 0.0 0.0 -999 ""
FIBERMAP 1395 R+4C20 APOGEE 0 0 0 1 0 0 183.6887009238423 70.26159889244532 143.1 162.3991253520611 -110.87898981760384 253.95944 156.20178 -999.0 -999.0 -999.0 -999.0 -999.0 174.31392558803404 2.080656507297131 174.3158388919078 1.9397679694646026 58.156832548344006 163.74642152838715 -999.0 16600.0 -999.0 2 -999 {-999.0 -999.0 -999.0 -999.0 -999.0} "" -999.0 -999.0 -999.0 -999.0 -999 -999 "" "" "" "" 0 0 0.0 0.0 -999 ""
FIBERMAP 1395 R+4C20 BOSS 1 1 0 1 0 0 183.20779886319625 69.67970437252433 143.1 161.647010196124 -110.81547155571828 253.95944 156.20178 174.31067036981008 2.0807854773328573 -17.864784 -0.90895057 3.219661 174.3106011642396 2.080780089731566 174.3124853238362 1.9400157078805729 58.157862452918515 163.7524851462148 5400.0 5400.0 2016.0 1 205 {-999.0 23.433731 21.081585 19.825012 -999.0} sdss_psfmag 21.0484 20.580515 19.204082 -999.0 63050395169983733 1092606460 dark_flexible_2x1 mwm_cb_galex_vol_boss mwm_cb science 0 0 0.0 0.0 -999 ""
FIBERMAP 1395 R+4C20 METROLOGY 0 0 0 1 0 0 182.9533095895439 70.38754160144673 143.1 162.08354422407714 -110.20303278779262 253.95944 156.20178 -999.0 -999.0 -999.0 -999.0 -999.0 174.3125672495715 2.0836007229494706 174.31446032347685 1.9428003254903767 58.160104071249236 163.74760614993778 -999.0 6231.0 -999.0 -1 -999 {-999.0 -999.0 -999.0 -999.0 -999.0} "" -999.0 -999.0 -999.0 -999.0 -999 -999 "" "" "" "" 0 0 0.0 0.0 -999 ""
FIBERMAP 1396 R0C3 APOGEE 1 1 0 1 0 0 -257.04825021612254 6.897051083523948 143.1 -140.8094695014361 215.11842399369976 143.78275 120.94223 172.93741657699314 3.55725483760953 -10.864681 -20.624878 4.9406424 172.93736874008317 3.557182354633496 172.94010616913454 3.416437662161245 59.90159311508326 165.71437251153705 16000.0 16600.0 2016.0 2 297 {-999.0 10.219639 9.907243 9.816261 -999.0} sdss_psfmag_gaia 10.184148 9.919836 9.490217 8.792 63050395170253067 975426409 "" ops_std_apogee ops_std standard_apogee 0 0 0.0 0.0 -999 ""
FIBERMAP 1396 R0C3 BOSS 0 0 0 1 0 0 -256.9787017598637 7.6365285536608 143.1 -140.16229096643627 215.4826665019214 143.78275 120.94223 -999.0 -999.0 -999.0 -999.0 -999.0 172.9403159005893 3.558733507673088 172.94302843837966 3.4181033468973543 59.9026159204583 165.70799210594387 -999.0 5400.0 -999.0 1 422 {-999.0 -999.0 -999.0 -999.0 -999.0} "" -999.0 -999.0 -999.0 -999.0 -999 -999 "" "" "" "" 0 0 0.0 0.0 -999 ""
FIBERMAP 1396 R0C3 METROLOGY 0 0 0 1 0 0 -256.36843505974025 7.219863337420372 143.1 -140.156865329208 214.74384568618694 143.78275 120.94223 -999.0 -999.0 -999.0 -999.0 -999.0 172.9403165356605 3.555453307440486 172.9430348656134 3.4147909320807446 59.899374577882874 165.7093530715611 -999.0 6231.0 -999.0 -1 -999 {-999.0 -999.0 -999.0 -999.0 -999.0} "" -999.0 -999.0 -999.0 -999.0 -999 -999 "" "" "" "" 0 0 0.0 0.0 -999 ""
FIBERMAP 1400 R-5C13 APOGEE 1 1 0 1 0 0 48.576976507766325 -93.62800825632857 143.1 -49.24277916639164 -93.2632015391211 31.43452 98.15516 173.35215266889782 2.1594173422974134 -48.37879 -12.266885 2.380309 173.3520236150852 2.1593643152998765 173.35416428575957 2.0187426321251842 58.448292022346756 165.49597680955225 16000.0 16600.0 2016.0 2 155 {-999.0 10.931233 10.107759 9.799053 -999.0} sdss_psfmag_gaia 10.695352 10.148322 9.457044 8.078 63050395169999565 1106350773 bright_1x1 mwm_tess_rgb_apogee mwm_tessrgb science 0 0 0.0 0.0 -999 ""
FIBERMAP 1400 R-5C13 BOSS 0 0 0 1 0 0 49.07129612951247 -94.1872302532222 143.1 -49.420547846072694 -93.9879957760143 31.43452 98.15516 -999.0 -999.0 -999.0 -999.0 -999.0 173.35122179486615 2.1559037290537244 173.3533349910091 2.0154055689664814 58.44520450883893 165.49886873333452 -999.0 5400.0 -999.0 1 379 {-999.0 -999.0 -999.0 -999.0 -999.0} "" -999.0 -999.0 -999.0 -999.0 -999 -999 "" "" "" "" 0 0 0.0 0.0 -999 ""
FIBERMAP 1400 R-5C13 METROLOGY 0 0 0 1 0 0 48.34385236174351 -94.34021304910745 143.1 -49.96076249094189 -93.47751090625545 31.43452 98.15516 -999.0 -999.0 -999.0 -999.0 -999.0 173.34875610153145 2.1582676899633393 173.35087813656378 2.01773510422014 58.447999009419114 165.50251772602223 -999.0 6231.0 -999.0 -1 -999 {-999.0 -999.0 -999.0 -999.0 -999.0} "" -999.0 -999.0 -999.0 -999.0 -999 -999 "" "" "" "" 0 0 0.0 0.0 -999 ""
