#%yanny
#
# confSummaryS-26536.par
#
# Created by pydl.pydlutils.yanny.yanny
#
# 2026-05-17 14:04:58 UTC
#
configuration_id 26536
robostrategy_run iota-1
fps_calibrations_version 2025.12.04
jaeger_version 1.11.2a1
coordio_version 1.18.1
kaiju_version 1.4.1
design_id 769185
field_id 101570
focal_scale 0.9998692
instruments BOSS APOGEE
epoch 2461177.617038501
obstime Sun May 17 02:47:01 2026
MJD 61177
observatory APO
temperature 14.2
raCen 210.31419457065
decCen 41.370612977065
pa 10.989471
is_dithered 0
parent_configuration -999
dither_radius -999.0
cloned_from -999

typedef enum {
    BOSS,
    APOGEE,
    METROLOGY,
    NONE
} FIBERTYPE;

typedef struct {
    short positionerId;
    char holeId[28];
    FIBERTYPE fiberType;
    short assigned;
    short on_target;
    short disabled;
    short valid;
    short decollided;
    short too;
    double xwok;
    double ywok;
    double zwok;
    double xFocal;
    double yFocal;
    float alpha;
    float beta;
    double racat;
    double deccat;
    float pmra;
    float pmdec;
    float parallax;
    double ra;
    double dec;
    double ra_observed;
    double dec_observed;
    double alt_observed;
    double az_observed;
    float lambda_design;
    float lambda_eff;
    float coord_epoch;
    short spectrographId;
    short fiberId;
    float mag[5];
    char optical_prov[96];
    float bp_mag;
    float gaia_g_mag;
    float rp_mag;
    float h_mag;
    long catalogid;
    long carton_to_target_pk;
    char cadence[76];
    char firstcarton[208];
    char program[56];
    char category[60];
    long sdssv_boss_target0;
    long sdssv_apogee_target0;
    double delta_ra;
    double delta_dec;
    long too_id;
    char too_program[4];
} FIBERMAP;

FIBERMAP 3 R-1C14 APOGEE 1 1 0 1 0 0 18.878710331945044 -33.7158352723541 143.1 12.103730960277016 -36.691584359230525 319.53983 92.76102 210.38709334817634 41.203310329764285 -30.570995 12.795327 3.7434354 210.38697627364607 41.20334719684269 210.32013958201168 41.07562840257276 57.51226295091232 63.64081013830565 16000.0 16600.0 2016.0 2 214 {-999.0 12.178563 11.724389 11.601382 -999.0} sdss_psfmag_from_g3xp 12.09342 11.761829 11.270491 10.435 63050394850069598 1103503061 bright_flexible_2x1 mwm_tess_2min_apogee mwm_planet science 0 0 0.0 0.0 -999 ""
FIBERMAP 3 R-1C14 BOSS 0 0 0 1 0 0 18.45210713062506 -34.317124991545114 143.1 11.570397460047756 -37.20045842483977 319.53983 92.76102 -999.0 -999.0 -999.0 -999.0 -999.0 210.38391978309008 41.20101953551379 210.31692322010633 41.07329209453788 57.51476142929715 63.645012740587276 -999.0 5400.0 -999.0 1 263 {-999.0 -999.0 -999.0 -999.0 -999.0} "" -999.0 -999.0 -999.0 -999.0 -999 -999 "" "" "" "" 0 0 0.0 0.0 -999 ""
FIBERMAP 3 R-1C14 METROLOGY 0 0 0 1 0 0 18.13551030318447 -33.63684807276052 143.1 11.38931023989324 -36.47239909880414 319.53983 92.76102 -999.0 -999.0 -999.0 -999.0 -999.0 210.38278409820774 41.20434046529401 210.3158312515584 41.07661221418317 57.5154774097098 63.638784815046904 -999.0 6231.0 -999.0 -1 -999 {-999.0 -999.0 -999.0 -999.0 -999.0} "" -999.0 -999.0 -999.0 -999.0 -999 -999 "" "" "" "" 0 0 0.0 0.0 -999 ""
FIBERMAP 16 R+7C7 APOGEE 1 1 0 1 0 0 -83.47489650113182 154.20154383331732 143.1 -52.54205489386872 167.26465335141089 149.27867 63.930363 209.99403614545383 42.130422383287865 -13.533386 0.5208055 0.63035804 209.99398356634515 42.13042388387112 209.92587265558112 42.002055474641054 57.76321710724155 61.88584740978138 16000.0 16600.0 2016.0 2 102 {-999.0 13.020352 12.186548 11.880012 -999.0} sdss_psfmag_from_g3xp 12.773932 12.223306 11.5267105 10.033 63050394850071815 1107459531 bright_1x1 mwm_tess_rgb_apogee mwm_tessrgb science 0 0 0.0 0.0 -999 ""
FIBERMAP 16 R+7C7 BOSS 0 0 0 1 0 0 -82.86243621835212 154.61098166834262 143.1 -51.86286405364795 167.549793260893 149.27867 63.930363 -999.0 -999.0 -999.0 -999.0 -999.0 209.99829235497094 42.13178485805759 209.92999566045273 42.00341355337987 57.76007434014835 61.883665635853845 -999.0 5400.0 -999.0 1 76 {-999.0 -999.0 -999.0 -999.0 -999.0} "" -999.0 -999.0 -999.0 -999.0 -999 -999 "" "" "" "" 0 0 0.0 0.0 -999 ""
FIBERMAP 16 R+7C7 METROLOGY 0 0 0 1 0 0 -82.80242823428257 153.87463862934305 143.1 -51.94431387175344 166.81560991601734 149.27867 63.930363 -999.0 -999.0 -999.0 -999.0 -999.0 209.9977496155085 42.12845449400145 209.92951095794479 42.00008529730001 57.760641764788126 61.88985024406941 -999.0 6231.0 -999.0 -1 -999 {-999.0 -999.0 -999.0 -999.0 -999.0} "" -999.0 -999.0 -999.0 -999.0 -999 -999 "" "" "" "" 0 0 0.0 0.0 -999 ""
FIBERMAP 37 R-9C9 APOGEE 1 1 0 1 0 0 7.5258310538421 -182.47516602651265 143.1 -27.39357828164231 -180.5399995252316 32.998234 49.992702 210.1486520021183 40.55085947585297 -49.32651 -31.876942 9.412593 210.14846495463613 40.55076762876606 210.08361780189128 40.42284211245698 57.70743893155048 64.85084702977639 16000.0 16600.0 2016.0 2 167 {-999.0 8.630654 8.368942 8.290269 -999.0} sdss_psfmag_from_g3xp 8.61253 8.372341 7.968743 7.304 63050394850052889 974725030 "" ops_std_apogee ops_std standard_apogee 0 0 0.0 0.0 -999 ""
FIBERMAP 37 R-9C9 BOSS 0 0 0 1 0 0 7.435629729888323 -183.20908898183336 143.1 -27.622002340266935 -181.24317703095224 32.998234 49.992702 -999.0 -999.0 -999.0 -999.0 -999.0 210.1472625348004 40.54754629750284 210.08225695084514 40.41961538183911 57.708529539362495 64.85685318060507 -999.0 5400.0 -999.0 1 376 {-999.0 -999.0 -999.0 -999.0 -999.0} "" -999.0 -999.0 -999.0 -999.0 -999 -999 "" "" "" "" 0 0 0.0 0.0 -999 ""
FIBERMAP 37 R-9C9 METROLOGY 0 0 0 1 0 0 6.832180681764893 -182.75200142431035 143.1 -28.12718543014809 -180.67951052781993 32.998234 49.992702 -999.0 -999.0 -999.0 -999.0 -999.0 210.14419313761064 40.55010089583529 210.07923646083634 40.42216624533915 57.71078540358236 64.85200576468196 -999.0 6231.0 -999.0 -1 -999 {-999.0 -999.0 -999.0 -999.0 -999.0} "" -999.0 -999.0 -999.0 -999.0 -999 -999 "" "" "" "" 0 0 0.0 0.0 -999 ""
FIBERMAP 40 R+12C6 APOGEE 0 0 0 1 0 0 -29.927636398271403 241.61413773046985 143.1 16.677553450629258 242.85676718063218 61.30192 81.05866 -999.0 -999.0 -999.0 -999.0 -999.0 210.41905933222688 42.47038153747664 210.34918376550138 42.342508171070065 57.42819693218811 61.289594425346365 -999.0 16600.0 -999.0 2 -999 {-999.0 -999.0 -999.0 -999.0 -999.0} "" -999.0 -999.0 -999.0 -999.0 -999 -999 "" "" "" "" 0 0 0.0 0.0 -999 ""
FIBERMAP 40 R+12C6 BOSS 1 0 0 1 0 0 -29.315708160607265 241.17109888231934 143.1 17.1937368874365 242.30527379637883 61.30192 81.05866 210.34898148194733 42.34616800530009 -19.088648 -8.3055935 2.0809345 210.42240099403685 42.467942104355224 210.35234753359998 42.34006480498943 57.42602558161574 61.29441084837816 5400.0 5400.0 2016.0 1 156 {-999.0 14.766068 14.054855 13.840409 -999.0} sdss_psfmag_from_g3xp 14.575783 14.114957 13.498441 12.314 63050394850078704 943345588 bright_1x1 openfibertargets_nov2020_46 open_fiber science 0 0 0.0 0.0 -999 ""
FIBERMAP 40 R+12C6 METROLOGY 0 0 0 1 0 0 -29.999458221621698 240.87150484256193 143.1 16.465509348514583 242.14153738118318 61.30192 81.05866 -999.0 -999.0 -999.0 -999.0 -999.0 210.41787694066974 42.46721400535371 210.3478854294989 42.339333397860635 57.429365027623454 61.295360480711395 -999.0 6231.0 -999.0 -1 -999 {-999.0 -999.0 -999.0 -999.0 -999.0} "" -999.0 -999.0 -999.0 -999.0 -999 -999 "" "" "" "" 0 0 0.0 0.0 -999 ""
FIBERMAP 52 R+5C17 APOGEE 0 0 0 1 0 0 125.44447855173351 115.60665437895058 143.1 145.1630518646151 89.56166439390942 125.33892 66.824585 -999.0 -999.0 -999.0 -999.0 -999.0 211.1994602849459 41.773015998979865 211.12950658243892 41.64627554023863 56.88521615283126 62.62721821775142 -999.0 16600.0 -999.0 2 -999 {-999.0 -999.0 -999.0 -999.0 -999.0} "" -999.0 -999.0 -999.0 -999.0 -999 -999 "" "" "" "" 0 0 0.0 0.0 -999 ""
FIBERMAP 52 R+5C17 BOSS 1 1 0 1 0 0 126.1583879328092 115.75772091791168 143.1 145.89257190992845 89.57386756540332 125.33892 66.824585 211.20409506616411 41.77310148693162 8.934671 -15.737547 1.9160713 211.2041295845458 41.77305614237989 211.13398703208253 41.64631732426912 56.88186887408318 62.62737244346557 5400.0 5400.0 2016.0 1 206 {-999.0 19.316734 17.874619 16.883926 -999.0} sdss_psfmag 18.74667 17.551422 16.464811 14.338 63050394850063181 1094853371 bright_1x1 mwm_bin_vis_boss mwm_filler science 0 0 0.0 0.0 -999 ""
FIBERMAP 52 R+5C17 METROLOGY 0 0 0 1 0 0 125.94853788583873 115.05657604978902 143.1 145.55295620566062 88.925668346677 125.33892 66.824585 -999.0 -999.0 -999.0 -999.0 -999.0 211.20196965612234 41.7701321385967 211.1318896568465 41.64339187882757 56.88354505245329 62.63261532029452 -999.0 6231.0 -999.0 -1 -999 {-999.0 -999.0 -999.0 -999.0 -999.0} "" -999.0 -999.0 -999.0 -999.0 -999 -999 "" "" "" "" 0 0 0.0 0.0 -999 ""
FIBERMAP 56 R-8C4 APOGEE 0 0 0 1 0 0 -125.52675733857802 -162.82764693375984 143.1 -154.2443056890576 -135.89498341535727 308.55862 128.76881 -999.0 -999.0 -999.0 -999.0 -999.0 209.38872847688754 40.75147835288939 209.3250712909611 40.622553693244406 58.27902960794442 64.44774995669121 -999.0 16600.0 -999.0 2 -999 {-999.0 -999.0 -999.0 -999.0 -999.0} "" -999.0 -999.0 -999.0 -999.0 -999 -999 "" "" "" "" 0 0 0.0 0.0 -999 ""
FIBERMAP 56 R-8C4 BOSS 1 1 0 1 0 0 -125.70963265257744 -163.56790485959968 143.1 -154.56489987265735 -136.58671490647367 308.55862 128.76881 209.38700423891285 40.74835162468935 -2.953934 -11.766626 0.853791 209.38699300430477 40.74831772154371 209.32318012057576 40.61938758402798 58.28056416813942 64.45368271640882 5400.0 5400.0 2016.0 1 452 {-999.0 14.17901 13.871029 13.793824 -999.0} sdss_psfmag_from_g3xp 14.1406555 13.880493 13.465636 12.75 63050394850067337 977633037 "" ops_std_boss ops_std standard_boss 0 0 0.0 0.0 -999 ""
FIBERMAP 56 R-8C4 METROLOGY 0 0 0 1 0 0 -126.23607918823569 -163.05900054646136 143.1 -154.9846259278787 -135.98686546612504 308.55862 128.76881 -999.0 -999.0 -999.0 -999.0 -999.0 209.38440533073364 40.75102529777601 209.32063935879 40.62209241952562 58.28240641300957 64.4484247969416 -999.0 6231.0 -999.0 -1 -999 {-999.0 -999.0 -999.0 -999.0 -999.0} "" -999.0 -999.0 -999.0 -999.0 -999 -999 "" "" "" "" 0 0 0.0 0.0 -999 ""
FIBERMAP 59 R+4C8 APOGEE 0 0 0 1 0 0 -84.72117793139802 98.40217792335288 143.1 -64.40088612193195 112.73323385289103 143.15227 27.78026 -999.0 -999.0 -999.0 -999.0 -999.0 209.92174729585932 41.8832663845503 209.85437260952233 41.754843490845055 57.83108839403084 62.342955659699044 -999.0 16600.0 -999.0 2 -999 {-999.0 -999.0 -999.0 -999.0 -999.0} "" -999.0 -999.0 -999.0 -999.0 -999 -999 "" "" "" "" 0 0 0.0 0.0 -999 ""
FIBERMAP 59 R+4C8 BOSS 1 1 0 1 0 0 -83.96726876124463 98.34847855505986 143.1 -63.67113406357051 112.53682825272739 143.15227 27.78026 209.9265464332322 41.882640302782555 -52.95494 -68.86494 8.398344 209.92634149622972 41.88244188226524 209.8587852771627 41.75401966578288 57.82784839939315 62.344850299405124 5400.0 5400.0 2016.0 1 33 {-999.0 20.236837 18.708971 16.820515 -999.0} sdss_psfmag 19.589146 17.544441 16.203205 13.637 63050394850071132 936439572 bright_1x1 openfibertargets_nov2020_34a open_fiber science 0 0 0.0 0.0 -999 ""
FIBERMAP 59 R+4C8 METROLOGY 0 0 0 1 0 0 -84.3871416527487 97.73503345244877 143.1 -64.20017839770375 112.0147404453384 143.15227 27.78026 -999.0 -999.0 -999.0 -999.0 -999.0 209.92307227242316 41.880053716593785 209.8555788469116 41.75162780486344 57.830371884645075 62.34908133392156 -999.0 6231.0 -999.0 -1 -999 {-999.0 -999.0 -999.0 -999.0 -999.0} "" -999.0 -999.0 -999.0 -999.0 -999 -999 "" "" "" "" 0 0 0.0 0.0 -999 ""
FIBERMAP 63 R+5C19 APOGEE 0 0 0 1 0 0 169.04538070511802 83.09566621630096 143.1 181.7620987187188 49.34053777754669 281.33087 111.61825 -999.0 -999.0 -999.0 -999.0 -999.0 211.41815244113627 41.58795587365565 211.34816086919705 41.461535980462735 56.727939515694295 62.97459001619495 -999.0 16600.0 -999.0 2 -999 {-999.0 -999.0 -999.0 -999.0 -999.0} "" -999.0 -999.0 -999.0 -999.0 -999 -999 "" "" "" "" 0 0 0.0 0.0 -999 ""
FIBERMAP 63 R+5C19 BOSS 1 1 0 1 0 0 168.42016858249303 82.67770102137919 143.1 181.06876617022118 49.049458523303734 281.33087 111.61825 211.41422134502514 41.58673366714399 -6.187006 -11.000469 3.498396 211.41419751114563 41.586701971522714 211.34403840271483 41.46027376227148 56.731065473278186 62.976720452053605 5400.0 5400.0 2016.0 1 204 {-999.0 22.109297 20.463327 18.880089 -999.0} sdss_psfmag 20.872873 19.600271 18.104395 15.345 63050394850062822 1094743828 bright_1x1 mwm_bin_vis_boss mwm_filler science 0 0 0.0 0.0 -999 ""
FIBERMAP 63 R+5C19 METROLOGY 0 0 0 1 0 0 168.38009944642613 83.43339810307675 143.1 181.1734755937034 49.79883809825195 281.33087 111.61825 -999.0 -999.0 -999.0 -999.0 -999.0 211.41482222766336 41.590092370329614 211.3447047538591 41.46366478963041 56.73046420643232 62.97056914425559 -999.0 6231.0 -999.0 -1 -999 {-999.0 -999.0 -999.0 -999.0 -999.0} "" -999.0 -999.0 -999.0 -999.0 -999 -999 "" "" "" "" 0 0 0.0 0.0 -999 ""
FIBERMAP 65 R+5C14 APOGEE 0 0 0 1 0 0 42.3970872692669 88.84093538489257 143.1 58.54758362983594 79.11934316628518 229.89091 97.42081 -999.0 -999.0 -999.0 -999.0 -999.0 210.6720419227044 41.729746953992525 210.6033568416159 41.60231748371613 57.27997414705714 62.67884968474823 -999.0 16600.0 -999.0 2 41 {-999.0 -999.0 -999.0 -999.0 -999.0} "" -999.0 -999.0 -999.0 -999.0 -999 -999 "" ops_sky_apogee_best_unassigned ops_sky sky_apogee 0 0 0.0 0.0 -999 ""
FIBERMAP 65 R+5C14 BOSS 1 1 0 1 0 0 41.77345961700501 89.24427986707526 143.1 58.01235093004174 79.63410513883817 229.89091 97.42081 210.66900341332814 41.73215847170533 1.3925129 -3.748615 0.46766508 210.6690087897618 41.73214767083201 210.6001493825752 41.60470831495375 57.282267372295934 62.67423951104666 5400.0 5400.0 2016.0 1 159 {-999.0 16.864859 16.34194 16.200808 -999.0} sdss_psfmag 16.743433 16.377045 15.846352 14.862 63050394850070477 943208502 bright_1x1 openfibertargets_nov2020_46 open_fiber science 0 0 0.0 0.0 -999 ""
FIBERMAP 65 R+5C14 METROLOGY 0 0 0 1 0 0 42.42187965806337 89.58629128531778 143.1 58.71398576712404 79.84620967739228 229.89091 97.42081 -999.0 -999.0 -999.0 -999.0 -999.0 210.6732359841777 41.733082059042886 210.60441476652227 41.605649584804404 57.27904039279312 62.672754010270694 -999.0 6231.0 -999.0 -1 -999 {-999.0 -999.0 -999.0 -999.0 -999.0} "" -999.0 -999.0 -999.0 -999.0 -999 -999 "" "" "" "" 0 0 0.0 0.0 -999 ""
FIBERMAP 71 R-4C9 APOGEE 0 0 0 1 0 0 -46.90656749978314 -76.94522186130467 143.1 -60.7064243928652 -66.58377444058048 56.973583 50.106285 -999.0 -999.0 -999.0 -999.0 -999.0 209.94677252151266 41.06736922011955 209.88120386782612 40.939103504833845 57.84780939447957 63.875633947949325 -999.0 16600.0 -999.0 2 270 {-999.0 -999.0 -999.0 -999.0 -999.0} "" -999.0 -999.0 -999.0 -999.0 -999 -999 "" ops_sky_apogee_best_unassigned ops_sky sky_apogee 0 0 0.0 0.0 -999 ""
FIBERMAP 71 R-4C9 BOSS 1 1 0 1 0 0 -46.69307064497668 -77.66199635730074 143.1 -60.63348985579069 -67.3280061403403 56.973583 50.106285 209.94735717773435 41.063954666954686 -999.0 -999.0 -999.0 209.94735717773435 41.06395466695468 209.88162508194566 40.93568590999537 57.847606353107324 63.88207241020308 5400.0 5400.0 2015.5 1 462 {-999.0 -999.0 -999.0 -999.0 -999.0} "" -999.0 -999.0 -999.0 -999.0 27021603104386070 807160599 "" ops_sky_boss_good ops_sky sky_boss 0 0 0.0 0.0 -999 ""
FIBERMAP 71 R-4C9 METROLOGY 0 0 0 1 0 0 -47.417281352763155 -77.48694134627715 143.1 -61.31096103795275 -67.01814650729948 56.973583 50.106285 -999.0 -999.0 -999.0 -999.0 -999.0 209.9432217338214 41.06536394850582 209.8775436199777 40.93709090159047 57.85064064558506 63.879238780868604 -999.0 6231.0 -999.0 -1 -999 {-999.0 -999.0 -999.0 -999.0 -999.0} "" -999.0 -999.0 -999.0 -999.0 -999 -999 "" "" "" "" 0 0 0.0 0.0 -999 ""
FIBERMAP 78 R-5C11 APOGEE 0 0 0 1 0 0 -21.19941533929866 -109.32271183128721 143.1 -41.64525325002135 -103.26325367257692 249.62288 97.522835 -999.0 -999.0 -999.0 -999.0 -999.0 210.06223790623824 40.90072698519787 209.9967938333216 40.7726347685368 57.76553242275988 64.19297794085293 -999.0 16600.0 -999.0 2 160 {-999.0 -999.0 -999.0 -999.0 -999.0} "" -999.0 -999.0 -999.0 -999.0 -999 -999 "" "" "" "" 0 0 0.0 0.0 -999 ""
FIBERMAP 78 R-5C11 BOSS 1 1 0 1 0 0 -21.91901164467347 -109.1643950138806 143.1 -42.3213856012206 -102.97070266484529 249.62288 97.522835 210.05833399235587 40.90205112923908 -6.2476897 -14.888552 8.235271 210.05831017557534 40.9020082308974 209.9927005562662 40.77390909448795 57.76859571535675 64.1904284475146 5400.0 5400.0 2016.0 1 366 {-999.0 17.885664 16.471617 15.138909 -999.0} sdss_psfmag 17.29779 15.825319 14.638541 12.461 63050394850067717 936439470 bright_1x1 openfibertargets_nov2020_34a open_fiber science 0 0 0.0 0.0 -999 ""
FIBERMAP 78 R-5C11 METROLOGY 0 0 0 1 0 0 -21.42080873944991 -108.61173997856896 143.1 -41.72704451858459 -102.52321235298413 249.62288 97.522835 -999.0 -999.0 -999.0 -999.0 -999.0 210.06183803410846 40.904051494217185 209.99626552487734 40.7759556897073 57.765840227055854 64.18673338142219 -999.0 6231.0 -999.0 -1 -999 {-999.0 -999.0 -999.0 -999.0 -999.0} "" -999.0 -999.0 -999.0 -999.0 -999 -999 "" "" "" "" 0 0 0.0 0.0 -999 ""
FIBERMAP 86 R-12C11 APOGEE 0 0 0 1 0 0 84.52210069432275 -235.78680524050455 143.1 38.01947111531885 -247.5429483806177 23.397604 80.883865 -999.0 -999.0 -999.0 -999.0 -999.0 210.53706564508656 40.24934676735409 210.47206766566444 40.12196903078882 57.414272397943236 65.4175973795596 -999.0 16600.0 -999.0 2 -999 {-999.0 -999.0 -999.0 -999.0 -999.0} "" -999.0 -999.0 -999.0 -999.0 -999 -999 "" "" "" "" 0 0 0.0 0.0 -999 ""
FIBERMAP 86 R-12C11 BOSS 1 1 0 1 0 0 84.69704380026316 -236.51392380495045 143.1 38.05259222622938 -248.28998464752806 23.397604 80.883865 210.53746129335144 40.24601602635509 -13.796841 -8.875943 0.19225705 210.5374092116565 40.24599045211505 210.47224725903664 40.118613178844015 57.41414922130911 65.42382953669424 5400.0 5400.0 2016.0 1 407 {-999.0 13.978076 14.195467 14.368188 -999.0} sdss_psfmag_from_g3xp 14.105977 14.081316 14.03462 13.97 63050394850051569 1061087206 bright_1x1 manual_mwm_halo_distant_bhb_boss_single mwm_halo science 0 0 0.0 0.0 -999 ""
FIBERMAP 86 R-12C11 METROLOGY 0 0 0 1 0 0 83.98826293037881 -236.30803381061477 143.1 37.39614321289135 -247.95280041893977 23.397604 80.883865 -999.0 -999.0 -999.0 -999.0 -999.0 210.5334796474181 40.24750730418365 210.46837102671145 40.12012477486971 57.41710700024701 65.42099951219097 -999.0 6231.0 -999.0 -1 -999 {-999.0 -999.0 -999.0 -999.0 -999.0} "" -999.0 -999.0 -999.0 -999.0 -999 -999 "" "" "" "" 0 0 0.0 0.0 -999 ""
FIBERMAP 97 R-4C15 APOGEE 0 0 0 1 0 0 71.86607863413055 -63.06322406884339 143.1 58.51890552475949 -75.59662605671008 89.4539 98.92749 -999.0 -999.0 -999.0 -999.0 -999.0 210.66641616289922 41.02547956086736 210.59938189590832 40.89815136455874 57.30653163052807 63.98114643140303 -999.0 16600.0 -999.0 2 191 {-999.0 -999.0 -999.0 -999.0 -999.0} "" -999.0 -999.0 -999.0 -999.0 -999 -999 "" ops_sky_apogee_best_unassigned ops_sky sky_apogee 0 0 0.0 0.0 -999 ""
FIBERMAP 97 R-4C15 BOSS 1 1 0 1 0 0 72.59599967791578 -62.94692505098653 143.1 59.257514741622934 -75.62160026500288 89.4539 98.92749 210.67108154296872 41.02531477302653 -999.0 -999.0 -999.0 210.6710815429687 41.02531477302653 210.6038641556268 40.897989578404896 57.30314842450823 63.98159579846446 5400.0 5400.0 2015.5 1 314 {-999.0 -999.0 -999.0 -999.0 -999.0} "" -999.0 -999.0 -999.0 -999.0 27021603104373955 817513760 "" ops_sky_boss_good ops_sky sky_boss 0 0 0.0 0.0 -999 ""
FIBERMAP 97 R-4C15 METROLOGY 0 0 0 1 0 0 72.33356379252595 -63.646821274598786 143.1 58.86652225421277 -76.25855084318661 89.4539 98.92749 -999.0 -999.0 -999.0 -999.0 -999.0 210.66864164583296 41.02243313783392 210.6014853309972 40.895106085495044 57.30501483834147 63.986852900002475 -999.0 6231.0 -999.0 -1 -999 {-999.0 -999.0 -999.0 -999.0 -999.0} "" -999.0 -999.0 -999.0 -999.0 -999 -999 "" "" "" "" 0 0 0.0 0.0 -999 ""
FIBERMAP 103 R-8C3 APOGEE 0 0 0 1 0 0 -166.77118873151898 -150.734963890315 143.1 -192.42220063381674 -116.164265988367 135.55875 134.95123 -999.0 -999.0 -999.0 -999.0 -999.0 209.15969754346773 40.8396923078896 209.09634345245172 40.71046767370986 58.44941610839536 64.2689299918577 -999.0 16600.0 -999.0 2 267 {-999.0 -999.0 -999.0 -999.0 -999.0} "" -999.0 -999.0 -999.0 -999.0 -999 -999 "" ops_sky_apogee_best_unassigned ops_sky sky_apogee 0 0 0.0 0.0 -999 ""
FIBERMAP 103 R-8C3 BOSS 1 1 0 1 0 0 -166.80005773746993 -149.99685059476067 143.1 -192.309849437875 -115.43428028025883 135.55875 134.95123 209.1604429619784 40.84298796543295 -6.8070836 -3.0234756 0.42344862 209.16041703586095 40.84297925389877 209.09688879503045 40.713750484543326 58.44888200151068 64.2626895515889 5400.0 5400.0 2016.0 1 476 {-999.0 16.318184 16.022976 15.91191 -999.0} sdss_psfmag 16.261354 16.005606 15.584042 14.789 63050394850068452 977537547 "" ops_std_boss ops_std standard_boss 0 0 0.0 0.0 -999 ""
FIBERMAP 103 R-8C3 METROLOGY 0 0 0 1 0 0 -166.1296632587212 -150.3364375387334 143.1 -191.7165610951026 -115.89537600085947 135.55875 134.95123 -999.0 -999.0 -999.0 -999.0 -999.0 209.16395102423445 40.840915886488695 209.10046653986603 40.71169305927038 58.446247785623044 64.26680967009844 -999.0 6231.0 -999.0 -1 -999 {-999.0 -999.0 -999.0 -999.0 -999.0} "" -999.0 -999.0 -999.0 -999.0 -999 -999 "" "" "" "" 0 0 0.0 0.0 -999 ""
FIBERMAP 107 R-3C24 APOGEE 1 1 0 1 0 0 245.19737521767868 -49.02660451368844 143.1 231.32486803148396 -94.85679010669372 159.27957 100.1761 211.6995534038795 40.93100345740847 -2.1133845 -4.98916 1.445998 211.69954534392645 40.93098908215633 211.63050780592724 40.80505010629033 56.52824097682661 64.17544033623585 16000.0 16600.0 2016.0 2 222 {-999.0 11.794727 10.985141 10.713403 -999.0} sdss_psfmag_from_g3xp 11.559384 11.038323 10.365891 8.964 63050394850050444 1106888794 bright_1x1 mwm_tess_rgb_apogee mwm_tessrgb science 0 0 0.0 0.0 -999 ""
FIBERMAP 107 R-3C24 BOSS 0 0 0 1 0 0 245.33497875728764 -48.296168179939876 143.1 231.59915440551 -94.16606987419664 159.27957 100.1761 -999.0 -999.0 -999.0 -999.0 -999.0 211.7014676533391 40.934086413225266 211.63224047398955 40.808147951444454 56.52690057565254 64.16984606304175 -999.0 5400.0 -999.0 1 253 {-999.0 -999.0 -999.0 -999.0 -999.0} "" -999.0 -999.0 -999.0 -999.0 -999 -999 "" "" "" "" 0 0 0.0 0.0 -999 ""
FIBERMAP 107 R-3C24 METROLOGY 0 0 0 1 0 0 245.90446441943524 -48.78676992394764 143.1 232.0646133561968 -94.75615813917332 159.27957 100.1761 -999.0 -999.0 -999.0 -999.0 -999.0 211.70408687513316 40.9313961272559 211.63491100386568 40.80546199268263 56.524904365428185 64.17474981006882 -999.0 6231.0 -999.0 -1 -999 {-999.0 -999.0 -999.0 -999.0 -999.0} "" -999.0 -999.0 -999.0 -999.0 -999 -999 "" "" "" "" 0 0 0.0 0.0 -999 ""
FIBERMAP 110 R-1C13 APOGEE 1 1 0 1 0 0 -1.8680415408675548 -37.061729620033624 143.1 -8.897647594424274 -36.021285835107754 348.28137 55.528816 210.25979128328459 41.20657719379727 6.029819 -0.99025154 3.2498577 210.25981437618805 41.20657434058619 210.1932475903322 41.07869034641008 57.60776454585569 63.62923022936536 16000.0 16600.0 2016.0 2 162 {-999.0 11.584698 11.118968 10.96112 -999.0} sdss_psfmag_from_g3xp 11.4924555 11.145314 10.6277275 9.693 63050394850069609 974725258 "" ops_std_apogee ops_std standard_apogee 0 0 0.0 0.0 -999 ""
FIBERMAP 110 R-1C13 BOSS 0 0 0 1 0 0 -2.396459309646511 -37.57870337338246 143.1 -9.514844604557492 -36.42799469780152 348.28137 55.528816 -999.0 -999.0 -999.0 -999.0 -999.0 210.25623909828013 41.20470963213761 210.1895130693281 41.07681618293847 57.61064136638019 63.63254943724229 -999.0 5400.0 -999.0 1 346 {-999.0 -999.0 -999.0 -999.0 -999.0} "" -999.0 -999.0 -999.0 -999.0 -999 -999 "" "" "" "" 0 0 0.0 0.0 -999 ""
FIBERMAP 110 R-1C13 METROLOGY 0 0 0 1 0 0 -2.595210509420644 -36.86457122354613 143.1 -9.57380942324961 -35.689167126130776 348.28137 55.528816 -999.0 -999.0 -999.0 -999.0 -999.0 210.25583903547587 41.208077828673204 210.18915485898515 41.080184575284406 57.610797382399035 63.62624779272551 -999.0 6231.0 -999.0 -1 -999 {-999.0 -999.0 -999.0 -999.0 -999.0} "" -999.0 -999.0 -999.0 -999.0 -999 -999 "" "" "" "" 0 0 0.0 0.0 -999 ""
FIBERMAP 114 R-12C15 APOGEE 0 0 0 1 1 0 158.10346284806866 -223.37908971023722 143.1 112.60702339553654 -249.38923340011686 46.13713 147.58159 -999.0 -999.0 -999.0 -999.0 -999.0 210.9785202306067 40.24021987797527 210.9126125851502 40.11342339957283 57.077392882284094 65.43443073094545 -999.0 16600.0 -999.0 2 236 {-999.0 -999.0 -999.0 -999.0 -999.0} "" -999.0 -999.0 -999.0 -999.0 -999 -999 "" ops_sky_apogee_best_unassigned ops_sky sky_apogee 0 0 0.0 0.0 -999 ""
FIBERMAP 114 R-12C15 BOSS 1 0 0 1 1 0 158.82869568851217 -223.2141776455293 143.1 113.35029680728736 -249.36559866960957 46.13713 147.58159 211.00452771099597 40.20208966610913 -298.79312 -65.02318 8.351468 210.98308552534164 40.240315081934405 210.91699512197977 40.11352475725164 57.07404134846434 65.43423835464239 5400.0 5400.0 2016.0 1 258 {-999.0 17.588541 16.262426 14.995007 -999.0} sdss_psfmag 17.050304 15.682412 14.526829 12.464 63050394850049583 1072729089 bright_1x1 mwm_halo_local_high_boss_single mwm_halo science 0 0 0.0 0.0 -999 ""
FIBERMAP 114 R-12C15 METROLOGY 0 0 0 1 1 0 158.60663335914208 -223.93373512793852 143.1 112.99518482287777 -250.0295427863233 46.13713 147.58159 -999.0 -999.0 -999.0 -999.0 -999.0 210.98087654441775 40.23736311867444 210.91484649770916 40.11057029587537 57.075681609682874 65.43967696034724 -999.0 6231.0 -999.0 -1 -999 {-999.0 -999.0 -999.0 -999.0 -999.0} "" -999.0 -999.0 -999.0 -999.0 -999 -999 "" "" "" "" 0 0 0.0 0.0 -999 ""
FIBERMAP 115 R-11C13 APOGEE 0 0 0 1 0 0 114.82735372418132 -208.45416983082967 143.1 72.97480275802641 -226.49133447642512 34.434303 102.45696 -999.0 -999.0 -999.0 -999.0 -999.0 210.74552861181576 40.34310629271246 210.6798797243523 40.21598692580657 57.2550643716295 65.24469076637638 -999.0 16600.0 -999.0 2 166 {-999.0 -999.0 -999.0 -999.0 -999.0} "" -999.0 -999.0 -999.0 -999.0 -999 -999 "" ops_sky_apogee_best_unassigned ops_sky sky_apogee 0 0 0.0 0.0 -999 ""
FIBERMAP 115 R-11C13 BOSS 1 1 0 1 0 0 115.37148793985111 -208.95506609290086 143.1 73.41341623345737 -227.08669508043982 34.434303 102.45696 210.74828109064677 40.34040505068853 -0.072690375 0.06905081 -0.09676225 210.74828081586423 40.34040524964443 210.68246018269886 40.213289338832126 57.253105779594016 65.24969389890609 5400.0 5400.0 2016.0 1 395 {-999.0 18.544857 18.418299 18.2945 18.244473} sdss_psfmag_from_gaiadr2 18.42447 18.410578 18.011972 -999.0 63050394850051492 1057598202 bright_flexible_2x1 bhm_gua_bright bhm_filler science 0 0 0.0 0.0 -999 ""
FIBERMAP 115 R-11C13 METROLOGY 0 0 0 1 0 0 114.66309833204471 -209.18181285668706 143.1 72.6748891038542 -227.17423304186613 34.434303 102.45696 -999.0 -999.0 -999.0 -999.0 -999.0 210.7438394651665 40.34002925658472 210.67807784581328 40.21290773134387 57.25645399782532 65.25037225059793 -999.0 6231.0 -999.0 -1 -999 {-999.0 -999.0 -999.0 -999.0 -999.0} "" -999.0 -999.0 -999.0 -999.0 -999 -999 "" "" "" "" 0 0 0.0 0.0 -999 ""
FIBERMAP 117 R-1C9 APOGEE 0 0 0 1 0 0 -80.36702271244042 -25.225561661158867 143.1 -83.69103616975374 -9.441492784879484 48.705498 36.7926 -999.0 -999.0 -999.0 -999.0 -999.0 209.80650512942574 41.32716352302207 209.74065680291835 41.19867904543062 57.94378838365527 63.37996120067464 -999.0 16600.0 -999.0 2 244 {-999.0 -999.0 -999.0 -999.0 -999.0} "" -999.0 -999.0 -999.0 -999.0 -999 -999 "" ops_sky_apogee_best_unassigned ops_sky sky_apogee 0 0 0.0 0.0 -999 ""
FIBERMAP 117 R-1C9 BOSS 1 1 0 1 0 0 -80.40401099824007 -25.96706792266863 143.1 -83.86867523723312 -10.162256162449728 48.705498 36.7926 209.80557971805564 41.323902540023454 -4.8158226 -8.333893 0.25966296 209.80556124133355 41.32387852760168 209.73955254313583 41.19538796999286 57.94475868293489 63.386089773315554 5400.0 5400.0 2016.0 1 481 {-999.0 18.230713 18.02047 17.860088 -999.0} sdss_psfmag 18.227428 17.976574 17.555344 -999.0 63050394850069160 975917033 "" ops_std_boss ops_std standard_boss 0 0 0.0 0.0 -999 ""
FIBERMAP 117 R-1C9 METROLOGY 0 0 0 1 0 0 -81.03554573121636 -25.56671684967428 143.1 -84.4122395590146 -9.648925203689553 48.705498 36.7926 -999.0 -999.0 -999.0 -999.0 -999.0 209.8022184322787 41.326205556336866 209.73625999849264 41.19771186119194 57.947134929780844 63.381516108700225 -999.0 6231.0 -999.0 -1 -999 {-999.0 -999.0 -999.0 -999.0 -999.0} "" -999.0 -999.0 -999.0 -999.0 -999 -999 "" "" "" "" 0 0 0.0 0.0 -999 ""
FIBERMAP 119 R0C6 APOGEE 0 0 0 1 0 0 -167.36336624853743 -5.207137680015851 143.1 -165.26530535373047 26.789089793041523 338.51065 116.49743 -999.0 -999.0 -999.0 -999.0 -999.0 209.31173755902563 41.4892897229469 209.24661560718823 41.360155915287926 58.30688663995167 63.04079036744156 -999.0 16600.0 -999.0 2 -999 {-999.0 -999.0 -999.0 -999.0 -999.0} "" -999.0 -999.0 -999.0 -999.0 -999 -999 "" "" "" "" 0 0 0.0 0.0 -999 ""
FIBERMAP 119 R0C6 BOSS 1 1 0 1 0 0 -167.26585401557784 -5.931335722256897 143.1 -165.30762860186022 26.05967872592154 338.51065 116.49743 209.31161201959048 41.486045624769005 1.1049081 -20.021385 3.0196054 209.3116162693475 41.48598793721206 209.24633374349386 41.35684846385457 58.30727413603621 63.047055478174364 5400.0 5400.0 2016.0 1 494 {-999.0 15.938705 14.70527 14.2364 -999.0} sdss_psfmag_from_g3xp 15.470976 14.720936 13.878752 12.265 63050394850069392 943345555 bright_1x1 openfibertargets_nov2020_46 open_fiber science 0 0 0.0 0.0 -999 ""
FIBERMAP 119 R0C6 METROLOGY 0 0 0 1 0 0 -167.9667091550389 -5.646044637908013 143.1 -165.94116410362315 26.473287137170946 338.51065 116.49743 -999.0 -999.0 -999.0 -999.0 -999.0 209.30773721839105 41.48783364433129 209.24250716598885 41.358690231636636 58.310044136444176 63.04326325430367 -999.0 6231.0 -999.0 -1 -999 {-999.0 -999.0 -999.0 -999.0 -999.0} "" -999.0 -999.0 -999.0 -999.0 -999 -999 "" "" "" "" 0 0 0.0 0.0 -999 ""
FIBERMAP 120 R-7C13 APOGEE 0 0 0 1 0 0 43.746609757286556 -118.83515485377721 143.1 20.288360944046374 -124.97898893998094 185.67079 41.773754 -999.0 -999.0 -999.0 -999.0 -999.0 210.4347089592171 40.80182270769463 210.36868512831893 40.67422677245807 57.48614422686027 64.38941049554035 -999.0 16600.0 -999.0 2 163 {-999.0 -999.0 -999.0 -999.0 -999.0} "" -999.0 -999.0 -999.0 -999.0 -999 -999 "" ops_sky_apogee_best_unassigned ops_sky sky_apogee 0 0 0.0 0.0 -999 ""
FIBERMAP 120 R-7C13 BOSS 1 1 0 1 0 0 44.256275896634655 -118.28491777717298 143.1 20.893492706972353 -124.53605687086682 185.67079 41.773754 210.43856621594787 40.803774031969176 -7.0868807 -0.45954147 1.5061414 210.43853924011952 40.80377270789058 210.37233088985477 40.67617911880212 57.48333963792762 64.3858849586595 5400.0 5400.0 2016.0 1 354 {-999.0 16.478706 15.549712 15.268737 -999.0} sdss_psfmag 16.1606 15.611253 14.914846 13.517 63050394850054654 1095329828 bright_1x1 mwm_bin_vis_boss mwm_filler science 0 0 0.0 0.0 -999 ""
FIBERMAP 120 R-7C13 METROLOGY 0 0 0 1 0 0 44.48041191538598 -118.9848953847816 143.1 20.980071491923677 -125.26582972012004 185.67079 41.773754 -999.0 -999.0 -999.0 -999.0 -999.0 210.4389924982336 40.80047091213315 210.37283953054987 40.67287884077193 57.48302170505983 64.39203790810848 -999.0 6231.0 -999.0 -1 -999 {-999.0 -999.0 -999.0 -999.0 -999.0} "" -999.0 -999.0 -999.0 -999.0 -999 -999 "" "" "" "" 0 0 0.0 0.0 -999 ""
FIBERMAP 124 R-6C12 APOGEE 0 0 0 1 0 0 9.774509938672221 -102.03624819565471 143.1 -9.854471054615656 -102.01508690219751 174.77193 64.7626 -999.0 -999.0 -999.0 -999.0 -999.0 210.25365615995673 40.906335685285086 210.18778578257627 40.778489116310475 57.62079466400358 64.18923471218557 -999.0 16600.0 -999.0 2 -999 {-999.0 -999.0 -999.0 -999.0 -999.0} "" -999.0 -999.0 -999.0 -999.0 -999 -999 "" "" "" "" 0 0 0.0 0.0 -999 ""
FIBERMAP 124 R-6C12 BOSS 1 1 0 1 0 0 10.146639127017751 -101.3970712679527 143.1 -9.367384200023306 -101.45864231301397 174.77193 64.7626 210.25675803866955 40.90881499394911 0.011482649 0.043391075 -0.07584124 210.256758082447 40.90881511897168 210.19070438476476 40.78096886038798 57.618521885166736 64.1847114325914 5400.0 5400.0 2016.0 1 378 {-999.0 17.713915 17.576633 17.15156 17.304947} sdss_psfmag 17.0943 17.15824 16.608852 14.706 63050394850053178 1060373589 bright_flexible_2x1 bhm_aqmes_bonus_bright bhm_filler science 0 0 0.0 0.0 -999 ""
FIBERMAP 124 R-6C12 METROLOGY 0 0 0 1 0 0 10.52060601577516 -102.03462824398899 143.1 -9.121843746073406 -102.15570551419306 174.77193 64.7626 -999.0 -999.0 -999.0 -999.0 -999.0 210.25818583482203 40.90565493595247 210.19218467802864 40.777811956527735 57.61748200315709 64.19065755452817 -999.0 6231.0 -999.0 -1 -999 {-999.0 -999.0 -999.0 -999.0 -999.0} "" -999.0 -999.0 -999.0 -999.0 -999 -999 "" "" "" "" 0 0 0.0 0.0 -999 ""
FIBERMAP 126 R-7C19 APOGEE 0 0 0 1 0 0 183.03170877981285 -138.44528192580978 143.1 153.26363543460465 -170.77524290669552 124.07237 170.6442 -999.0 -999.0 -999.0 -999.0 -999.0 211.22716089690158 40.591749222118956 211.15992384033552 40.46522853243889 56.88790348229961 64.78961829036001 -999.0 16600.0 -999.0 2 -999 {-999.0 -999.0 -999.0 -999.0 -999.0} "" -999.0 -999.0 -999.0 -999.0 -999 -999 "" "" "" "" 0 0 0.0 0.0 -999 ""
FIBERMAP 126 R-7C19 BOSS 1 1 0 1 0 0 182.70043577691837 -137.78194128720833 143.1 153.06491493461908 -170.06100977972608 124.07237 170.6442 211.22626260208813 40.59494519259561 0.01633483 0.007437119 0.10745632 211.22626266407113 40.59494521402416 211.15884503256277 40.468422084181 56.888705795106766 64.78376365799626 5400.0 5400.0 2016.0 1 320 {-999.0 19.8166 19.758198 19.60859 -999.0} sdss_psfmag 19.684084 19.52542 19.129946 -999.0 63050394850053422 1117968629 bright_1x1 openfibertargets_bhm_lofarradio_boss open_fiber science 0 0 0.0 0.0 -999 ""
FIBERMAP 126 R-7C19 METROLOGY 0 0 0 1 0 0 183.45274521040704 -137.8293352522866 143.1 153.79429863030978 -170.2509214976482 124.07237 170.6442 -999.0 -999.0 -999.0 -999.0 -999.0 211.2305182907941 40.594073878804444 211.1631432586421 40.46755675585285 56.88544090195066 64.78538220029509 -999.0 6231.0 -999.0 -1 -999 {-999.0 -999.0 -999.0 -999.0 -999.0} "" -999.0 -999.0 -999.0 -999.0 -999 -999 "" "" "" "" 0 0 0.0 0.0 -999 ""
FIBERMAP 129 R-6C21 APOGEE 1 1 0 1 0 0 241.52059411160727 -113.43095972125003 143.1 215.44027662115116 -157.37103554966808 44.580982 76.87837 211.59700171067703 40.649970601027306 -5.2394757 -13.430879 0.25061756 211.59698181294627 40.64993190267541 211.52882401434945 40.52389785596556 56.607112281247325 64.68486760502977 16000.0 16600.0 2016.0 2 194 {-999.0 13.3061075 12.44656 12.1197815 -999.0} sdss_psfmag_from_g3xp 13.048761 12.478741 11.764872 10.222 63050394850050180 1151627128 bright_1x1 mwm_galactic_core_dist_apogee_sparse mwm_galactic science 0 0 0.0 0.0 -999 ""
FIBERMAP 129 R-6C21 BOSS 0 0 0 1 0 0 241.93384653558422 -114.04577970212881 143.1 215.7287109116211 -158.0532695880488 44.580982 76.87837 -999.0 -999.0 -999.0 -999.0 -999.0 211.5987705332443 40.646849144419335 211.53043907748156 40.52081753026475 56.60589387722026 64.69047095918506 -999.0 5400.0 -999.0 1 333 {-999.0 -999.0 -999.0 -999.0 -999.0} "" -999.0 -999.0 -999.0 -999.0 -999 -999 "" "" "" "" 0 0 0.0 0.0 -999 ""
FIBERMAP 129 R-6C21 METROLOGY 0 0 0 1 0 0 241.18712184443257 -114.09535394627942 143.1 214.9863263330558 -157.95959992025817 44.580982 76.87837 -999.0 -999.0 -999.0 -999.0 -999.0 211.59435069551523 40.647301035849516 211.52607777610717 40.521263502056506 56.60920784761413 64.68964263285005 -999.0 6231.0 -999.0 -1 -999 {-999.0 -999.0 -999.0 -999.0 -999.0} "" -999.0 -999.0 -999.0 -999.0 -999 -999 "" "" "" "" 0 0 0.0 0.0 -999 ""
FIBERMAP 130 R-9C15 APOGEE 0 0 0 1 0 0 136.18279955960134 -175.85781116940234 143.1 100.14888083276495 -198.56733204723054 355.1838 117.40197 -999.0 -999.0 -999.0 -999.0 -999.0 210.90891503078356 40.46798087946643 210.8426371722195 40.34105731235452 57.13024162405637 65.0150583615353 -999.0 16600.0 -999.0 2 -999 {-999.0 -999.0 -999.0 -999.0 -999.0} "" -999.0 -999.0 -999.0 -999.0 -999 -999 "" "" "" "" 0 0 0.0 0.0 -999 ""
FIBERMAP 130 R-9C15 BOSS 1 1 0 1 0 0 136.47807774457732 -176.52761083513488 143.1 100.31104008700686 -199.2810441834928 355.1838 117.40197 210.91002176328428 40.46473466336748 -999.0 -999.0 -999.0 210.91002176328425 40.46473466336748 210.84357579284716 40.33781227848487 57.12954550263049 65.02104512704108 5400.0 5400.0 2016.0 1 265 {-999.0 22.749783 21.044329 20.065231 -999.0} sdss_psfmag -999.0 -999.0 -999.0 -999.0 63050399378622371 1118086292 bright_1x1 openfibertargets_bhm_lofarradio_boss open_fiber science 0 0 0.0 0.0 -999 ""
FIBERMAP 130 R-9C15 METROLOGY 0 0 0 1 0 0 135.7419809860946 -176.4597588131084 143.1 99.60146906100782 -199.07414238592062 355.1838 117.40197 -999.0 -999.0 -999.0 -999.0 -999.0 210.90576386404527 40.46568518499109 210.83937385297122 40.338757249116924 57.132742714412345 65.01926892090319 -999.0 6231.0 -999.0 -1 -999 {-999.0 -999.0 -999.0 -999.0 -999.0} "" -999.0 -999.0 -999.0 -999.0 -999 -999 "" "" "" "" 0 0 0.0 0.0 -999 ""
FIBERMAP 136 R-10C12 APOGEE 0 0 0 1 0 0 83.58374726703775 -189.45956074371685 143.1 45.92858823542495 -201.8923370690476 45.013 85.35088 -999.0 -999.0 -999.0 -999.0 -999.0 210.58585546082654 40.45391561103056 210.52029504758502 40.326570095417146 57.37606219075361 65.03836407605655 -999.0 16600.0 -999.0 2 -999 {-999.0 -999.0 -999.0 -999.0 -999.0} "" -999.0 -999.0 -999.0 -999.0 -999 -999 "" "" "" "" 0 0 0.0 0.0 -999 ""
FIBERMAP 136 R-10C12 BOSS 1 1 0 1 0 0 84.05624069146245 -189.99392881267647 143.1 46.290504001484564 -202.50689638623493 45.013 85.35088 210.5881729593026 40.45110197855089 -999.0 -999.0 -999.0 210.58817295930257 40.45110197855089 210.52244246616877 40.32375872033239 57.374451096545236 65.04360654977091 5400.0 5400.0 2016.0 1 369 {-999.0 20.33951 19.285488 18.651615 -999.0} sdss_psfmag_ps1 19.734928 21.621553 17.931665 15.421 63050394850051792 1117892774 bright_1x1 openfibertargets_bhm_lofarradio_boss open_fiber science 0 0 0.0 0.0 -999 ""
FIBERMAP 136 R-10C12 METROLOGY 0 0 0 1 0 0 83.33736569976745 -190.1638036732669 143.1 45.55252510626264 -202.53661409808566 45.013 85.35088 -999.0 -999.0 -999.0 -999.0 -999.0 210.5837221062991 40.45098641381151 210.51804995352234 40.32363769636696 57.377800936866834 65.0437737333774 -999.0 6231.0 -999.0 -1 -999 {-999.0 -999.0 -999.0 -999.0 -999.0} "" -999.0 -999.0 -999.0 -999.0 -999 -999 "" "" "" "" 0 0 0.0 0.0 -999 ""
FIBERMAP 138 R-2C24 APOGEE 0 0 0 1 0 0 263.79009984033047 -28.47543072841315 143.1 253.4913853488312 -78.22895931905846 85.14864 49.931984 -999.0 -999.0 -999.0 -999.0 -999.0 211.8329658536291 41.00473341725497 211.7634675836522 40.878963331708455 56.42695522217675 64.04334449268651 -999.0 16600.0 -999.0 2 -999 {-999.0 -999.0 -999.0 -999.0 -999.0} "" -999.0 -999.0 -999.0 -999.0 -999 -999 "" "" "" "" 0 0 0.0 0.0 -999 ""
FIBERMAP 138 R-2C24 BOSS 1 1 0 1 0 0 264.3213669306495 -28.990157895995402 143.1 253.91473308411136 -78.83544290343127 85.14864 49.931984 211.83566844601287 41.001924659592504 -25.838352 14.122154 1.6952634 211.8355697985485 41.00196534967093 211.765893018751 40.8761983174402 56.42514816104674 64.04837626252838 5400.0 5400.0 2016.0 1 260 {-999.0 17.194668 16.046263 15.588094 -999.0} sdss_psfmag 16.769915 16.053268 15.234546 13.588 63050394850057657 943563222 bright_1x1 openfibertargets_nov2020_46 open_fiber science 0 0 0.0 0.0 -999 ""
FIBERMAP 138 R-2C24 METROLOGY 0 0 0 1 0 0 263.6118369109963 -29.19991972662983 143.1 253.17832399226901 -78.90609221169393 85.14864 49.931984 -999.0 -999.0 -999.0 -999.0 -999.0 211.83115528862513 41.00169528520758 211.76153967898233 40.875922276047675 56.42844236050445 64.04881797330017 -999.0 6231.0 -999.0 -1 -999 {-999.0 -999.0 -999.0 -999.0 -999.0} "" -999.0 -999.0 -999.0 -999.0 -999 -999 "" "" "" "" 0 0 0.0 0.0 -999 ""
FIBERMAP 140 R-4C12 APOGEE 0 0 0 1 0 0 -7.975171993514699 -98.01470731312969 143.1 -26.509863890504178 -94.68465398767532 317.14117 29.301771 -999.0 -999.0 -999.0 -999.0 -999.0 210.15332588879 40.93970223086839 210.087596993136 40.811721145775316 57.69573093164158 64.12336194623657 -999.0 16600.0 -999.0 2 -999 {-999.0 -999.0 -999.0 -999.0 -999.0} "" -999.0 -999.0 -999.0 -999.0 -999 -999 "" "" "" "" 0 0 0.0 0.0 -999 ""
FIBERMAP 140 R-4C12 BOSS 1 1 0 1 0 0 -8.69570654434947 -97.86640406788838 143.1 -27.18882578495246 -94.4017528067525 317.14117 29.301771 210.14941917546793 40.94094942010032 -8.348363 -1.2987869 2.048811 210.1493873319695 40.94094567790521 210.08349330846505 40.81295621801148 57.69880137546108 64.12089052859504 5400.0 5400.0 2016.0 1 365 {-999.0 20.182255 18.833097 17.584953 -999.0} sdss_psfmag_ps1 19.691395 18.578762 16.996183 14.629 63050394850067771 1096485917 bright_1x1 mwm_bin_vis_boss mwm_filler science 0 0 0.0 0.0 -999 ""
FIBERMAP 140 R-4C12 METROLOGY 0 0 0 1 0 0 -8.204177048292769 -97.30462375086542 143.1 -26.599295567002144 -93.94403374591832 317.14117 29.301771 -999.0 -999.0 -999.0 -999.0 -999.0 210.1528928587767 40.943033080608934 210.08703515344098 40.81504835589258 57.69606372041392 64.11711635767574 -999.0 6231.0 -999.0 -1 -999 {-999.0 -999.0 -999.0 -999.0 -999.0} "" -999.0 -999.0 -999.0 -999.0 -999 -999 "" "" "" "" 0 0 0.0 0.0 -999 ""
FIBERMAP 142 R0C2 APOGEE 1 1 0 1 0 0 -281.86944042888064 15.441955965297726 143.1 -273.7210978567405 68.882151562205 183.32271 51.84458 208.65863916835605 41.672198059747984 -2.0616097 -4.603214 0.020896971 208.6586312159869 41.672184796521684 208.59455662064124 41.54221452615612 58.78379473840522 62.636249108587826 16000.0 16600.0 2016.0 2 295 {-999.0 14.161329 12.953769 12.454273 -999.0} sdss_psfmag_from_g3xp 13.712096 12.937772 12.080207 10.138 63050394850073610 1155548951 bright_1x1 mwm_galactic_core_dist_apogee_extra mwm_galactic science 0 0 0.0 0.0 -999 ""
FIBERMAP 142 R0C2 BOSS 0 0 0 1 0 0 -281.40220184728713 16.018452726544883 143.1 -273.1526049848313 69.35894524830489 183.32271 51.84458 -999.0 -999.0 -999.0 -999.0 -999.0 208.66215014310882 41.6743978542551 208.5978977950706 41.54442327136517 58.78115192296064 62.63231969886726 -999.0 5400.0 -999.0 1 423 {-999.0 -999.0 -999.0 -999.0 -999.0} "" -999.0 -999.0 -999.0 -999.0 -999 -999 "" "" "" "" 0 0 0.0 0.0 -999 ""
FIBERMAP 142 R0C2 METROLOGY 0 0 0 1 0 0 -281.13421463532245 15.321675094001662 143.1 -273.0223748432859 68.62395508453717 183.32271 51.84458 -999.0 -999.0 -999.0 -999.0 -999.0 208.66293700216278 41.671090572160146 208.59873695045394 41.54111981144455 58.78074602646778 62.63875993813207 -999.0 6231.0 -999.0 -1 -999 {-999.0 -999.0 -999.0 -999.0 -999.0} "" -999.0 -999.0 -999.0 -999.0 -999 -999 "" "" "" "" 0 0 0.0 0.0 -999 ""
FIBERMAP 144 R-4C4 APOGEE 0 0 0 1 0 0 -169.67981662192656 -75.09498033268304 143.1 -180.8598589537578 -41.36666810955515 348.0104 141.95958 -999.0 -999.0 -999.0 -999.0 -999.0 209.22232835619965 41.179009280796144 209.15809309587155 41.04981105692594 58.38877008990357 63.62518598449702 -999.0 16600.0 -999.0 2 -999 {-999.0 -999.0 -999.0 -999.0 -999.0} "" -999.0 -999.0 -999.0 -999.0 -999 -999 "" "" "" "" 0 0 0.0 0.0 -999 ""
FIBERMAP 144 R-4C4 BOSS 1 1 0 1 0 0 -169.19289045638533 -75.67017927200037 143.1 -180.49155947771712 -42.02405524069424 348.0104 141.95958 209.2246898746628 41.17602109476821 -1.8594266 4.301217 0.8940085 209.224682756782 41.176033487851804 209.16028223861065 41.04683313454584 58.38725669746213 63.63100504083485 5400.0 5400.0 2016.0 1 455 {-999.0 14.962579 14.631304 14.526672 -999.0} sdss_psfmag_from_g3xp 14.912973 14.637431 14.197764 13.457 63050394850068875 977633049 "" ops_std_boss ops_std standard_boss 0 0 0.0 0.0 -999 ""
FIBERMAP 144 R-4C4 METROLOGY 0 0 0 1 0 0 -169.92963983853718 -75.79800973530723 143.1 -181.23906887549336 -42.009098029872334 348.0104 141.95958 -999.0 -999.0 -999.0 -999.0 -999.0 209.22016721925752 41.176071096035415 209.15582387249106 41.046866512897296 58.39061406937132 63.63064894841307 -999.0 6231.0 -999.0 -1 -999 {-999.0 -999.0 -999.0 -999.0 -999.0} "" -999.0 -999.0 -999.0 -999.0 -999 -999 "" "" "" "" 0 0 0.0 0.0 -999 ""
FIBERMAP 146 R-8C5 APOGEE 0 0 0 1 0 0 -119.98642196404444 -155.09942925280924 143.1 -147.33325245055298 -129.36548456612394 108.29114 167.91336 -999.0 -999.0 -999.0 -999.0 -999.0 209.429449866763 40.78114166605702 209.36563962665218 40.65226365713679 58.247317080232975 64.39315496237953 -999.0 16600.0 -999.0 2 265 {-999.0 -999.0 -999.0 -999.0 -999.0} "" -999.0 -999.0 -999.0 -999.0 -999 -999 "" ops_sky_apogee_best_unassigned ops_sky sky_apogee 0 0 0.0 0.0 -999 ""
FIBERMAP 146 R-8C5 BOSS 1 1 0 1 0 0 -120.07618516570699 -154.3564067321449 143.1 -147.2797352514132 -128.61907363039944 108.29114 167.91336 209.42985128532248 40.78450707923893 -5.296608 -6.2309422 0.018094929 209.42983112992553 40.784489126042025 209.36584616312322 40.6556070447252 58.2470536123959 64.38681456142082 5400.0 5400.0 2016.0 1 480 {-999.0 17.791769 17.44884 17.318596 17.27644} sdss_psfmag_from_gaia 17.7552 17.4586 17.0058 15.957 63050394850067457 969525867 "" ops_std_boss_gdr2 ops_std standard_boss 0 0 0.0 0.0 -999 ""
FIBERMAP 146 R-8C5 METROLOGY 0 0 0 1 0 0 -119.3874376535036 -154.65316367561203 143.1 -146.66026923021053 -129.04162841208662 108.29114 167.91336 -999.0 -999.0 -999.0 -999.0 -999.0 209.43352182671643 40.78259547914757 209.36958024027888 40.653719479195914 58.244282528060424 64.39057136259464 -999.0 6231.0 -999.0 -1 -999 {-999.0 -999.0 -999.0 -999.0 -999.0} "" -999.0 -999.0 -999.0 -999.0 -999 -999 "" "" "" "" 0 0 0.0 0.0 -999 ""
FIBERMAP 147 R-3C3 APOGEE 0 0 0 1 0 0 -218.02055768007523 -67.07717004197995 143.1 -226.77970759565946 -24.28299348563428 213.07558 141.59761 -999.0 -999.0 -999.0 -999.0 -999.0 208.94634235522153 41.25420833785386 208.8825480878976 41.124655708650025 58.59258012229077 63.462891815902026 -999.0 16600.0 -999.0 2 278 {-999.0 -999.0 -999.0 -999.0 -999.0} "" -999.0 -999.0 -999.0 -999.0 -999 -999 "" ops_sky_apogee_best_unassigned ops_sky sky_apogee 0 0 0.0 0.0 -999 ""
FIBERMAP 147 R-3C3 BOSS 1 1 0 1 0 0 -218.76893384018504 -67.01105114866014 143.1 -227.5016616104523 -24.075452313521463 213.07558 141.59761 208.9421363766721 41.25510659915729 0.15957952 0.7243151 1.3984994 208.94213698828102 41.25510868612423 208.8781844660845 41.125544640159106 58.59581720444872 63.46086467052231 5400.0 5400.0 2016.0 1 442 {-999.0 18.949783 18.21047 17.816015 -999.0} sdss_psfmag 18.549894 19.875994 17.286777 15.094 63050394850072189 1117968936 bright_1x1 openfibertargets_bhm_lofarradio_boss open_fiber science 0 0 0.0 0.0 -999 ""
FIBERMAP 147 R-3C3 METROLOGY 0 0 0 1 0 0 -218.31355594266998 -66.3891393786455 143.1 -226.93615413393175 -23.551821570048073 213.07558 141.59761 -999.0 -999.0 -999.0 -999.0 -999.0 208.94542303948742 41.25751361082677 208.881505060167 41.127954752343975 58.59319552237942 63.45649207579521 -999.0 6231.0 -999.0 -1 -999 {-999.0 -999.0 -999.0 -999.0 -999.0} "" -999.0 -999.0 -999.0 -999.0 -999 -999 "" "" "" "" 0 0 0.0 0.0 -999 ""
FIBERMAP 148 R-10C10 APOGEE 0 0 0 1 0 0 4.124973450975958 -194.2045625049377 143.1 -32.96730106673648 -191.4045830344619 216.05681 75.93166 -999.0 -999.0 -999.0 -999.0 -999.0 210.11527002921883 40.501805437904444 210.05060410850353 40.37384254081077 57.73338652776338 64.94180777223568 -999.0 16600.0 -999.0 2 -999 {-999.0 -999.0 -999.0 -999.0 -999.0} "" -999.0 -999.0 -999.0 -999.0 -999 -999 "" "" "" "" 0 0 0.0 0.0 -999 ""
FIBERMAP 148 R-10C10 BOSS 1 1 0 1 0 0 3.849235211264192 -193.5045758532438 143.1 -33.10452745340739 -190.6649657355146 216.05681 75.93166 210.1146664771025 40.5050729235007 -17.251888 5.6588764 1.5483272 210.11460110204305 40.505089228385856 210.0497598290054 40.377123242683496 57.73397686378931 64.93564389284995 5400.0 5400.0 2016.0 1 370 {-999.0 17.484447 16.285212 15.7541485 -999.0} sdss_psfmag_ps1 -999.0 18.044014 -999.0 13.41 63050394850052860 1096223296 bright_1x1 mwm_bin_vis_boss mwm_filler science 0 0 0.0 0.0 -999 ""
FIBERMAP 148 R-10C10 METROLOGY 0 0 0 1 0 0 4.581492110223749 -193.6144331172011 143.1 -32.406731732639976 -190.91236520775098 216.05681 75.93166 -999.0 -999.0 -999.0 -999.0 -999.0 210.11872329427428 40.50398150667297 210.0539238714656 40.37602123552995 57.730822837433216 64.93780340480532 -999.0 6231.0 -999.0 -1 -999 {-999.0 -999.0 -999.0 -999.0 -999.0} "" -999.0 -999.0 -999.0 -999.0 -999 -999 "" "" "" "" 0 0 0.0 0.0 -999 ""
FIBERMAP 153 R-7C3 APOGEE 0 0 0 1 0 0 -187.15781307622385 -129.83163222020661 143.1 -208.44811039915612 -91.76117341404212 212.51154 55.31108 -999.0 -999.0 -999.0 -999.0 -999.0 209.06199947165473 40.94949210275164 208.99861837758306 40.82012920442231 58.519102124337536 64.053785824307 -999.0 16600.0 -999.0 2 300 {-999.0 -999.0 -999.0 -999.0 -999.0} "" -999.0 -999.0 -999.0 -999.0 -999 -999 "" ops_sky_apogee_best_unassigned ops_sky sky_apogee 0 0 0.0 0.0 -999 ""
FIBERMAP 153 R-7C3 BOSS 1 1 0 1 0 0 -187.1444872046327 -129.09818835197171 143.1 -208.29523351344767 -91.04381340526473 212.51154 55.31108 209.06295776367185 40.952733069984326 -999.0 -999.0 -999.0 209.06295776367182 40.95273306998433 208.99940235748736 40.82336571425887 58.518376091924665 64.04764025025528 5400.0 5400.0 2015.5 1 446 {-999.0 -999.0 -999.0 -999.0 -999.0} "" -999.0 -999.0 -999.0 -999.0 27021603104386803 807160669 "" ops_sky_boss_good ops_sky sky_boss 0 0 0.0 0.0 -999 ""
FIBERMAP 153 R-7C3 METROLOGY 0 0 0 1 0 0 -186.5053394921897 -129.46383788095264 143.1 -207.73758255318359 -91.52453468645088 212.51154 55.31108 -999.0 -999.0 -999.0 -999.0 -999.0 209.06628386538998 40.95058120318975 209.0027727120031 40.82121977577982 58.51591610863056 64.05194686142164 -999.0 6231.0 -999.0 -1 -999 {-999.0 -999.0 -999.0 -999.0 -999.0} "" -999.0 -999.0 -999.0 -999.0 -999 -999 "" "" "" "" 0 0 0.0 0.0 -999 ""
FIBERMAP 155 R-11C15 APOGEE 0 0 0 1 0 0 157.4486066068996 -216.81692121888923 143.1 113.2150332291421 -242.8234250283778 339.37967 122.84209 -999.0 -999.0 -999.0 -999.0 -999.0 210.98271253934854 40.26949577647544 210.91672971738637 40.1427003264769 57.07426133815151 65.3805629330393 -999.0 16600.0 -999.0 2 -999 {-999.0 -999.0 -999.0 -999.0 -999.0} "" -999.0 -999.0 -999.0 -999.0 -999 -999 "" "" "" "" 0 0 0.0 0.0 -999 ""
FIBERMAP 155 R-11C15 BOSS 1 1 0 1 0 0 157.62510009534554 -217.53836791225365 143.1 113.25075717236608 -243.56518967053768 339.37967 122.84209 210.9831679592495 40.266152388812685 -36.004517 9.809723 1.4936994 210.98303200523688 40.26618065345819 210.9168828085401 40.139386518259855 57.07414351374425 65.38665945718823 5400.0 5400.0 2016.0 1 267 {-999.0 20.284172 18.94661 17.804642 -999.0} sdss_psfmag 19.724726 18.485825 17.392982 15.273 63050394850049605 1094415183 bright_1x1 mwm_bin_vis_boss mwm_filler science 0 0 0.0 0.0 -999 ""
FIBERMAP 155 R-11C15 METROLOGY 0 0 0 1 0 0 156.90590783321824 -217.32891733367583 143.1 112.58476768574688 -243.22252615850678 339.37967 122.84209 -999.0 -999.0 -999.0 -999.0 -999.0 210.97907636521467 40.26772141307544 210.91298125967933 40.140921445831374 57.07712650766422 65.38383677558647 -999.0 6231.0 -999.0 -1 -999 {-999.0 -999.0 -999.0 -999.0 -999.0} "" -999.0 -999.0 -999.0 -999.0 -999 -999 "" "" "" "" 0 0 0.0 0.0 -999 ""
FIBERMAP 159 R-8C14 APOGEE 0 0 0 1 0 0 81.4747923330562 -137.0022431277123 143.1 53.85713480048784 -150.0017306714739 165.51605 53.0767 -999.0 -999.0 -999.0 -999.0 -999.0 210.63536107426214 40.68795476846856 210.56916542525516 40.56063793578911 57.33601508629018 64.60530988128323 -999.0 16600.0 -999.0 2 -999 {-999.0 -999.0 -999.0 -999.0 -999.0} "" -999.0 -999.0 -999.0 -999.0 -999 -999 "" "" "" "" 0 0 0.0 0.0 -999 ""
FIBERMAP 159 R-8C14 BOSS 1 1 0 1 0 0 82.05032310298138 -136.52928341465142 143.1 54.51218557751539 -149.6472029891534 165.51605 53.0767 210.6394983615956 40.68949588395256 -999.0 -999.0 -999.0 210.63949836159557 40.68949588395256 210.57311798800268 40.562182247359964 57.33298928481531 64.60253301992249 5400.0 5400.0 2016.0 1 327 {-999.0 19.930521 19.079874 18.930683 -999.0} sdss_psfmag -999.0 -999.0 -999.0 16.054 63050398663857773 1118065642 bright_1x1 openfibertargets_bhm_lofarradio_boss open_fiber science 0 0 0.0 0.0 -999 ""
FIBERMAP 159 R-8C14 METROLOGY 0 0 0 1 0 0 82.17511724119963 -137.2595503439844 143.1 54.49548369018957 -150.38777090548845 165.51605 53.0767 -999.0 -999.0 -999.0 -999.0 -999.0 210.6393134280532 40.686154422401486 210.5729899129201 40.55884162727746 57.333136904668635 64.60871874794157 -999.0 6231.0 -999.0 -1 -999 {-999.0 -999.0 -999.0 -999.0 -999.0} "" -999.0 -999.0 -999.0 -999.0 -999 -999 "" "" "" "" 0 0 0.0 0.0 -999 ""
FIBERMAP 160 R+8C5 APOGEE 0 0 0 1 0 0 -129.80711626059787 157.22148609556552 143.1 -97.44308391459093 179.0599199016909 205.46631 80.249344 -999.0 -999.0 -999.0 -999.0 -999.0 209.71922238198047 42.18238074042861 209.6516104164116 42.05365419752598 57.9631577385211 61.76414660177511 -999.0 16600.0 -999.0 2 92 {-999.0 -999.0 -999.0 -999.0 -999.0} "" -999.0 -999.0 -999.0 -999.0 -999 -999 "" ops_sky_apogee_best_unassigned ops_sky sky_apogee 0 0 0.0 0.0 -999 ""
FIBERMAP 160 R+8C5 BOSS 1 1 0 1 0 0 -130.03273128685376 157.9322766556804 143.1 -97.52905340702709 179.80058793388307 205.46631 80.249344 209.71885626722124 42.185790907797994 -6.457926 -8.664085 0.2668464 209.7188311553196 42.18576594399211 209.651040428887 42.057029803969506 57.96335185991777 61.75774372596893 5400.0 5400.0 2016.0 1 68 {-999.0 17.428944 17.06949 16.950377 -999.0} sdss_psfmag 17.37692 17.068947 16.59822 15.883 63050394850074927 976713975 "" ops_std_boss ops_std standard_boss 0 0 0.0 0.0 -999 ""
FIBERMAP 160 R+8C5 METROLOGY 0 0 0 1 0 0 -129.29997661077644 157.76978239595388 143.1 -96.84080190567202 179.50142859146567 205.46631 80.249344 -999.0 -999.0 -999.0 -999.0 -999.0 209.72299761952536 42.18443481898448 209.65524927689592 42.05570656212488 57.960323431888135 61.760630543557625 -999.0 6231.0 -999.0 -1 -999 {-999.0 -999.0 -999.0 -999.0 -999.0} "" -999.0 -999.0 -999.0 -999.0 -999 -999 "" "" "" "" 0 0 0.0 0.0 -999 ""
FIBERMAP 162 R-9C14 APOGEE 0 0 0 1 0 0 92.46079845296954 -188.73134226902883 143.1 54.7805153943036 -202.86956452240014 262.2879 92.84004 -999.0 -999.0 -999.0 -999.0 -999.0 210.63856295921994 40.44939911134637 210.57290081475776 40.32212319074155 57.33599724980558 65.04727221753535 -999.0 16600.0 -999.0 2 192 {-999.0 -999.0 -999.0 -999.0 -999.0} "" -999.0 -999.0 -999.0 -999.0 -999 -999 "" ops_sky_apogee_best_unassigned ops_sky sky_apogee 0 0 0.0 0.0 -999 ""
FIBERMAP 162 R-9C14 BOSS 1 1 0 1 0 0 91.72909088597356 -188.6945763255283 143.1 54.06932738762672 -202.69401135853005 262.2879 92.84004 210.63452673788996 40.450165072325134 -1.5295067 -3.3643277 0.19860241 210.63452094665095 40.45015537869781 210.56869392033786 40.32287296787769 57.33919806014267 65.04583182056462 5400.0 5400.0 2016.0 1 328 {-999.0 18.310297 18.017502 17.911394 17.887112} sdss_psfmag_from_gaia 18.2498 18.0223 17.5651 -999.0 63050394850051745 967797255 "" ops_std_boss_gdr2 ops_std standard_boss 0 0 0.0 0.0 -999 ""
FIBERMAP 162 R-9C14 METROLOGY 0 0 0 1 0 0 92.1307639729117 -188.06557615448318 143.1 54.58347285099378 -202.15318677573478 262.2879 92.84004 -999.0 -999.0 -999.0 -999.0 -999.0 210.6375575139852 40.452588784682376 210.5717672386843 40.32531024380801 57.33683396655454 65.04135345292099 -999.0 6231.0 -999.0 -1 -999 {-999.0 -999.0 -999.0 -999.0 -999.0} "" -999.0 -999.0 -999.0 -999.0 -999 -999 "" "" "" "" 0 0 0.0 0.0 -999 ""
FIBERMAP 167 R-6C5 APOGEE 0 0 0 1 0 0 -113.02009856691842 -114.2030575514016 143.1 -132.7005718932127 -90.5521190286294 76.66588 26.527716 -999.0 -999.0 -999.0 -999.0 -999.0 209.51443394193848 40.95731433764657 209.45005112054957 40.82851644908255 58.17742570442323 64.06287008708847 -999.0 16600.0 -999.0 2 251 {-999.0 -999.0 -999.0 -999.0 -999.0} "" -999.0 -999.0 -999.0 -999.0 -999 -999 "" ops_sky_apogee_best_unassigned ops_sky sky_apogee 0 0 0.0 0.0 -999 ""
FIBERMAP 167 R-6C5 BOSS 1 1 0 1 0 0 -112.82136577604167 -114.91497317660044 143.1 -132.64120266574886 -91.28876749758092 76.66588 26.527716 209.5149386148528 40.953944493237216 0.28968614 0.23043793 -0.3206735 209.51493972003195 40.95394515719734 209.45039584849346 40.82514389015722 58.177285739598005 64.06927970063558 5400.0 5400.0 2016.0 1 457 {-999.0 19.971775 20.023212 19.636143 -999.0} sdss_psfmag 19.912775 19.969746 19.162325 -999.0 63050394850067525 1117015633 bright_1x1 openfibertargets_bhm_quaia_boss open_fiber science 0 0 0.0 0.0 -999 ""
FIBERMAP 167 R-6C5 METROLOGY 0 0 0 1 0 0 -113.5417488075716 -114.72940471487583 143.1 -133.31291295190402 -90.96931812614753 76.66588 26.527716 -999.0 -999.0 -999.0 -999.0 -999.0 209.51085591867158 40.95538392875492 209.44636520247298 40.82657856903098 58.180282434824264 64.06635344278703 -999.0 6231.0 -999.0 -1 -999 {-999.0 -999.0 -999.0 -999.0 -999.0} "" -999.0 -999.0 -999.0 -999.0 -999 -999 "" "" "" "" 0 0 0.0 0.0 -999 ""
FIBERMAP 170 R-2C20 APOGEE 0 0 0 1 0 0 149.63961845910305 -34.17250067116204 143.1 140.36294377663117 -62.06332568388785 88.253426 160.551 -999.0 -999.0 -999.0 -999.0 -999.0 211.16006166931882 41.084264239099475 211.09182411224526 40.95757806371817 56.93326695906267 63.88665736675864 -999.0 16600.0 -999.0 2 -999 {-999.0 -999.0 -999.0 -999.0 -999.0} "" -999.0 -999.0 -999.0 -999.0 -999 -999 "" "" "" "" 0 0 0.0 0.0 -999 ""
FIBERMAP 170 R-2C20 BOSS 1 1 0 1 0 0 149.90282150916673 -33.46561076352387 143.1 140.7560222839533 -61.419656792640296 88.253426 160.551 211.16271972656247 41.08714950367025 -999.0 -999.0 -999.0 211.16271972656247 41.087149503670254 211.09429360322113 40.960463790363725 56.93134551290221 63.881436974572814 5400.0 5400.0 2015.5 1 298 {-999.0 -999.0 -999.0 -999.0 -999.0} "" -999.0 -999.0 -999.0 -999.0 27021603104373504 817513714 "" ops_sky_boss_good ops_sky sky_boss 0 0 0.0 0.0 -999 ""
FIBERMAP 170 R-2C20 METROLOGY 0 0 0 1 0 0 150.3749791076976 -34.04637891645511 143.1 141.10876439931306 -62.07969535229492 88.253426 160.551 -999.0 -999.0 -999.0 -999.0 -999.0 211.1647239347905 41.084139342013614 211.09635043195885 40.95745751218239 56.929851732451255 63.88700143538131 -999.0 6231.0 -999.0 -1 -999 {-999.0 -999.0 -999.0 -999.0 -999.0} "" -999.0 -999.0 -999.0 -999.0 -999 -999 "" "" "" "" 0 0 0.0 0.0 -999 ""
FIBERMAP 171 R-12C7 APOGEE 0 0 0 1 0 0 -17.537306691114104 -226.0001611475572 143.1 -60.28991959637298 -218.48412867132515 5.2516527 156.40062 -999.0 -999.0 -999.0 -999.0 -999.0 209.95304127782308 40.38010977368642 209.88899038900524 40.25195734596997 57.85846890004536 65.16695260134287 -999.0 16600.0 -999.0 2 -999 {-999.0 -999.0 -999.0 -999.0 -999.0} "" -999.0 -999.0 -999.0 -999.0 -999 -999 "" "" "" "" 0 0 0.0 0.0 -999 ""
FIBERMAP 171 R-12C7 BOSS 1 1 0 1 0 0 -16.8328388269294 -226.22601566933596 143.1 -59.64150925620718 -218.8400866842822 5.2516527 156.40062 209.9570635859064 40.37847727798008 -999.0 -999.0 -999.0 209.9570635859064 40.37847727798008 209.89283958647 40.2503283955565 57.85555500930394 65.17009400554497 5400.0 5400.0 2016.0 1 404 {-999.0 21.011091 20.951557 21.209288 -999.0} sdss_psfmag -999.0 -999.0 -999.0 -999.0 63050399895945866 1164994884 bright_1x1 openfibertargets_bhm_clu_boss open_fiber science 0 0 0.0 0.0 -999 ""
FIBERMAP 171 R-12C7 METROLOGY 0 0 0 1 0 0 -17.372361057680788 -226.72779767668632 143.1 -60.2667100689075 -219.2297677831589 5.2516527 156.40062 -999.0 -999.0 -999.0 -999.0 -999.0 209.95331286527372 40.37673726693578 209.8891483589697 40.24858437567442 57.85839719373252 65.17329523317682 -999.0 6231.0 -999.0 -1 -999 {-999.0 -999.0 -999.0 -999.0 -999.0} "" -999.0 -999.0 -999.0 -999.0 -999 -999 "" "" "" "" 0 0 0.0 0.0 -999 ""
FIBERMAP 177 R-4C3 APOGEE 1 1 0 1 0 0 -215.31281966830034 -82.25176738438007 143.1 -227.01430505704025 -39.693478926242946 207.3656 108.634964 208.94629583463617 41.18447781047743 24.748714 -36.020226 3.7932425 208.9463905847232 41.18437402547125 208.88274866925522 41.05483295577917 58.59593764173363 63.596729475774985 16000.0 16600.0 2016.0 2 286 {-999.0 13.185292 12.489822 12.238712 -999.0} sdss_psfmag_from_g3xp 13.000437 12.534491 11.891778 10.665 63050394850072166 1076191199 bright_1x1 mwm_snc_ext_main_apogee mwm_snc science 0 0 0.0 0.0 -999 ""
FIBERMAP 177 R-4C3 BOSS 0 0 0 1 0 0 -215.84574780505125 -81.74357665455467 143.1 -227.44052903460133 -39.09309447511009 207.3656 108.634964 -999.0 -999.0 -999.0 -999.0 -999.0 208.94391341638314 41.18707090825003 208.8801064664059 41.05751933969084 58.597795167816074 63.591391557868576 -999.0 5400.0 -999.0 1 443 {-999.0 -999.0 -999.0 -999.0 -999.0} "" -999.0 -999.0 -999.0 -999.0 -999 -999 "" "" "" "" 0 0 0.0 0.0 -999 ""
FIBERMAP 177 R-4C3 METROLOGY 0 0 0 1 0 0 -215.12924803325487 -81.52150668217513 143.1 -226.6949329182773 -39.011692769672145 207.3656 108.634964 -999.0 -999.0 -999.0 -999.0 -999.0 208.94830880259994 41.187479771230564 208.88453808511144 41.05793532438006 58.59443705904809 63.59091062023248 -999.0 6231.0 -999.0 -1 -999 {-999.0 -999.0 -999.0 -999.0 -999.0} "" -999.0 -999.0 -999.0 -999.0 -999 -999 "" "" "" "" 0 0 0.0 0.0 -999 ""
FIBERMAP 179 R-4C8 APOGEE 0 0 0 1 0 0 -99.16860365197628 -93.01010169444598 143.1 -115.06540591066258 -72.3906616508614 273.4088 77.10052 -999.0 -999.0 -999.0 -999.0 -999.0 209.61939901950225 41.04016897717456 209.5546038695959 40.911491003245935 58.09539745183367 63.91124287605953 -999.0 16600.0 -999.0 2 -999 {-999.0 -999.0 -999.0 -999.0 -999.0} "" -999.0 -999.0 -999.0 -999.0 -999 -999 "" "" "" "" 0 0 0.0 0.0 -999 ""
FIBERMAP 179 R-4C8 BOSS 1 1 0 1 0 0 -99.90317911442396 -92.89122239324738 143.1 -115.76375774653404 -72.13396481715422 273.4088 77.10052 209.61529190929596 41.041294975199975 -999.0 -999.0 -999.0 209.61529190929596 41.04129497519997 209.55033506084308 40.91260693135636 58.09858001953654 63.90890724434584 5400.0 5400.0 2016.0 1 461 {-999.0 19.497438 18.421785 18.02534 -999.0} sdss_psfmag 18.655237 20.842731 17.294947 15.031 63050394850068078 1117968751 bright_1x1 openfibertargets_bhm_lofarradio_boss open_fiber science 0 0 0.0 0.0 -999 ""
FIBERMAP 179 R-4C8 METROLOGY 0 0 0 1 0 0 -99.43575694329755 -92.31347331471399 143.1 -115.1948459790186 -71.65597693211095 273.4088 77.10052 -999.0 -999.0 -999.0 -999.0 -999.0 209.61865514981557 41.043483105045894 209.55373374593762 40.914800311632355 58.095932272080006 63.90493950781291 -999.0 6231.0 -999.0 -1 -999 {-999.0 -999.0 -999.0 -999.0 -999.0} "" -999.0 -999.0 -999.0 -999.0 -999 -999 "" "" "" "" 0 0 0.0 0.0 -999 ""
FIBERMAP 187 R-7C8 APOGEE 0 0 0 1 0 0 -62.11746555548701 -146.11622075404318 143.1 -88.82068155676161 -131.57819691058867 229.5252 127.54815 -999.0 -999.0 -999.0 -999.0 -999.0 209.77958458393562 40.772006518572574 209.7150384284597 40.643572784641606 57.9825939824939 64.42450349597362 -999.0 16600.0 -999.0 2 288 {-999.0 -999.0 -999.0 -999.0 -999.0} "" -999.0 -999.0 -999.0 -999.0 -999 -999 "" ops_sky_apogee_best_unassigned ops_sky sky_apogee 0 0 0.0 0.0 -999 ""
FIBERMAP 187 R-7C8 BOSS 1 1 0 1 0 0 -62.858766033518464 -146.08831637446912 143.1 -89.54297437673733 -131.40951322746056 229.5252 127.54815 209.77539257775874 40.772737132960685 -4.2558117 -6.279784 3.4944758 209.77537638581526 40.77271903903624 209.7106689832525 40.64427712732643 57.98588875123214 64.42300337931091 5400.0 5400.0 2016.0 1 400 {-999.0 17.48882 16.065485 15.356224 -999.0} sdss_psfmag 16.89715 15.942791 14.975305 13.141 63050394850067627 936439467 bright_1x1 openfibertargets_nov2020_34a open_fiber science 0 0 0.0 0.0 -999 ""
FIBERMAP 187 R-7C8 METROLOGY 0 0 0 1 0 0 -62.46657630250962 -145.45484067575177 143.1 -89.0372840960402 -130.8624882004197 229.5252 127.54815 -999.0 -999.0 -999.0 -999.0 -999.0 209.77834437697697 40.7752103075214 209.7136732162004 40.646771981587584 57.983541384271376 64.41841770865915 -999.0 6231.0 -999.0 -1 -999 {-999.0 -999.0 -999.0 -999.0 -999.0} "" -999.0 -999.0 -999.0 -999.0 -999 -999 "" "" "" "" 0 0 0.0 0.0 -999 ""
FIBERMAP 188 R-1C2 APOGEE 0 0 0 1 0 0 -260.0195030891641 -2.2553182921493935 143.1 -255.64781057918557 47.346999973032695 130.01839 80.890854 -999.0 -999.0 -999.0 -999.0 -999.0 208.76796386979214 41.57652383388102 208.7038560058661 41.44670222432714 58.70828748436512 62.83017649605006 -999.0 16600.0 -999.0 2 -999 {-999.0 -999.0 -999.0 -999.0 -999.0} "" -999.0 -999.0 -999.0 -999.0 -999 -999 "" "" "" "" 0 0 0.0 0.0 -999 ""
FIBERMAP 188 R-1C2 BOSS 1 1 0 1 0 0 -259.37343298726745 -1.8648050724271477 143.1 -254.93923766559652 47.60715857756094 130.01839 80.890854 208.77254596512665 41.577954555445544 -59.909214 -64.28856 1.3466066 208.77231521191854 41.5777693207835 208.70802937224846 41.44794539488403 58.705087466784164 62.82816547217737 5400.0 5400.0 2016.0 1 434 {-999.0 19.44725 18.121447 17.518137 -999.0} sdss_psfmag 18.873867 18.074362 17.191967 15.442 63050394850072672 1072675472 bright_1x1 mwm_halo_local_high_boss_single mwm_halo science 0 0 0.0 0.0 -999 ""
FIBERMAP 188 R-1C2 METROLOGY 0 0 0 1 0 0 -259.36616474841844 -2.615611218840339 143.1 -255.07521004913184 46.86883159239294 130.01839 80.890854 -999.0 -999.0 -999.0 -999.0 -999.0 208.77152234497797 41.57441649521048 208.7072927376645 41.44459400936725 58.70584853556876 62.83453814374053 -999.0 6231.0 -999.0 -1 -999 {-999.0 -999.0 -999.0 -999.0 -999.0} "" -999.0 -999.0 -999.0 -999.0 -999 -999 "" "" "" "" 0 0 0.0 0.0 -999 ""
FIBERMAP 189 R-5C5 APOGEE 0 0 0 1 0 0 -132.89883265783703 -83.89755807130916 143.1 -146.4358825161916 -57.01728642275683 85.676605 70.55247 -999.0 -999.0 -999.0 -999.0 -999.0 209.42997222844443 41.109195649738204 209.36543691332326 40.98026822214656 58.235487924234825 63.770379845239404 -999.0 16600.0 -999.0 2 263 {-999.0 -999.0 -999.0 -999.0 -999.0} "" -999.0 -999.0 -999.0 -999.0 -999 -999 "" ops_sky_apogee_best_unassigned ops_sky sky_apogee 0 0 0.0 0.0 -999 ""
FIBERMAP 189 R-5C5 BOSS 1 1 0 1 0 0 -132.22087015715223 -84.20097345807031 143.1 -145.8282714723655 -57.44432102902919 85.676605 70.55247 209.4337463378906 41.107258320244455 -999.0 -999.0 -999.0 209.4337463378906 41.107258320244455 209.3690396730395 40.97833074199706 58.23284995066909 63.77426936174423 5400.0 5400.0 2015.5 1 458 {-999.0 -999.0 -999.0 -999.0 -999.0} "" -999.0 -999.0 -999.0 -999.0 27021603104386719 807160661 "" ops_sky_boss_good ops_sky sky_boss 0 0 0.0 0.0 -999 ""
FIBERMAP 189 R-5C5 METROLOGY 0 0 0 1 0 0 -132.82928794857517 -84.64371485250562 143.1 -146.50984225116173 -57.76292002240103 85.676605 70.55247 -999.0 -999.0 -999.0 -999.0 -999.0 209.42963627341473 41.10579272023659 209.36498930855748 40.97686166912708 58.23596558453592 63.77681908945391 -999.0 6231.0 -999.0 -1 -999 {-999.0 -999.0 -999.0 -999.0 -999.0} "" -999.0 -999.0 -999.0 -999.0 -999 -999 "" "" "" "" 0 0 0.0 0.0 -999 ""
FIBERMAP 192 R+4C10 APOGEE 0 0 0 1 0 0 -36.56564289507524 57.63330950277066 143.1 -24.905295283083746 63.53858866633131 0.8050933 30.682049 -999.0 -999.0 -999.0 -999.0 -999.0 210.1629155549436 41.66006560928108 210.09552014898395 41.531986199550055 57.66271776646081 62.777560319500594 -999.0 16600.0 -999.0 2 -999 {-999.0 -999.0 -999.0 -999.0 -999.0} "" -999.0 -999.0 -999.0 -999.0 -999 -999 "" "" "" "" 0 0 0.0 0.0 -999 ""
FIBERMAP 192 R+4C10 BOSS 1 1 0 1 0 0 -37.22030663893355 57.23227445102011 143.1 -25.6243086467617 63.269740507401636 0.8050933 30.682049 210.15868703536347 41.658880854232535 -999.0 -999.0 -999.0 210.15868703536344 41.658880854232535 210.09113121049222 41.53079005009977 57.66605632679166 62.779502711352684 5400.0 5400.0 2016.0 1 74 {-999.0 22.211058 20.788599 20.042034 -999.0} sdss_psfmag -999.0 -999.0 -999.0 -999.0 63050398663859415 1118065501 bright_1x1 openfibertargets_bhm_lofarradio_boss open_fiber science 0 0 0.0 0.0 -999 ""
FIBERMAP 192 R+4C10 METROLOGY 0 0 0 1 0 0 -37.22724057462122 57.978201501708284 143.1 -25.488938106908407 64.00321477564869 0.8050933 30.682049 -999.0 -999.0 -999.0 -999.0 -999.0 210.15946775552192 41.66221116602645 210.09195139741735 41.53412258512351 57.66528479139492 62.77333357287387 -999.0 6231.0 -999.0 -1 -999 {-999.0 -999.0 -999.0 -999.0 -999.0} "" -999.0 -999.0 -999.0 -999.0 -999 -999 "" "" "" "" 0 0 0.0 0.0 -999 ""
FIBERMAP 194 R-10C1 APOGEE 1 1 0 1 0 0 -163.19692252160726 -182.81737366403982 143.1 -195.02896243033283 -148.3355047683667 82.14421 60.027885 209.14762282418195 40.69436855858666 -30.52002 18.914791 3.3294668 209.14750684225774 40.6944230576593 209.08449456438194 40.56520611223905 58.46346116233748 64.54583205980774 16000.0 16600.0 2016.0 2 291 {-999.0 11.162971 10.783552 10.669436 -999.0} sdss_psfmag_from_g3xp 11.099703 10.805344 10.340696 9.553 63050394850068350 974725141 "" ops_std_apogee ops_std standard_apogee 0 0 0.0 0.0 -999 ""
FIBERMAP 194 R-10C1 BOSS 0 0 0 1 0 0 -162.59954420251904 -183.26373450452218 143.1 -194.52769341475104 -148.8874855326183 82.14421 60.027885 -999.0 -999.0 -999.0 -999.0 -999.0 209.15067331668945 40.691936442507654 209.08749518087006 40.56271895703152 58.461264425560685 64.55072739498945 -999.0 5400.0 -999.0 1 420 {-999.0 -999.0 -999.0 -999.0 -999.0} "" -999.0 -999.0 -999.0 -999.0 -999 -999 "" "" "" "" 0 0 0.0 0.0 -999 ""
FIBERMAP 194 R-10C1 METROLOGY 0 0 0 1 0 0 -163.28421204444453 -183.5620161580562 143.1 -195.2565716410566 -149.04975886392964 82.14421 60.027885 -999.0 -999.0 -999.0 -999.0 -999.0 209.1463330496845 40.69119098330223 209.08321265513757 40.561969363970185 58.46454065591435 64.55195606924127 -999.0 6231.0 -999.0 -1 -999 {-999.0 -999.0 -999.0 -999.0 -999.0} "" -999.0 -999.0 -999.0 -999.0 -999 -999 "" "" "" "" 0 0 0.0 0.0 -999 ""
FIBERMAP 199 R+10C9 APOGEE 0 0 0 1 0 0 4.324285912331003 174.55955991000585 143.1 37.51612540441745 170.5118885740119 333.5334 56.1062 -999.0 -999.0 -999.0 -999.0 -999.0 210.5457525641418 42.144700265003365 210.4763676276624 42.01704186639724 57.354011907816485 61.903098501599175 -999.0 16600.0 -999.0 2 -999 {-999.0 -999.0 -999.0 -999.0 -999.0} "" -999.0 -999.0 -999.0 -999.0 -999 -999 "" "" "" "" 0 0 0.0 0.0 -999 ""
FIBERMAP 199 R+10C9 BOSS 1 1 0 1 0 0 3.6770523030156816 174.18012186888367 143.1 36.80852143860659 170.2628224007309 333.5334 56.1062 210.54238407754912 42.14308459801618 -199.84335 196.86534 12.563174 210.5416074958234 42.143651822912624 210.4720567467051 42.01598380878164 57.35726878910091 61.904725149780056 5400.0 5400.0 2016.0 1 121 {-999.0 17.65645 16.123161 14.950219 -999.0} sdss_psfmag 16.99618 15.639144 14.492397 12.443 63050394850070877 1132523356 bright_2x1 mwm_snc_100pc_boss mwm_snc science 0 0 0.0 0.0 -999 ""
FIBERMAP 199 R+10C9 METROLOGY 0 0 0 1 0 0 3.675171749738491 174.9274087708626 143.1 36.94911123689435 170.99666821579723 333.5334 56.1062 -999.0 -999.0 -999.0 -999.0 -999.0 210.54242793385637 42.14695343395844 210.47291910296485 42.01928511009916 57.3564444927251 61.89868089056114 -999.0 6231.0 -999.0 -1 -999 {-999.0 -999.0 -999.0 -999.0 -999.0} "" -999.0 -999.0 -999.0 -999.0 -999 -999 "" "" "" "" 0 0 0.0 0.0 -999 ""
FIBERMAP 200 R+7C19 APOGEE 0 0 0 1 0 0 212.13415574697123 137.05886378134468 143.1 234.34077251903048 94.09436314664448 78.93647 21.06481 -999.0 -999.0 -999.0 -999.0 -999.0 211.73797623197035 41.785999947149534 211.66680382909465 41.65997964791485 56.48352410313897 62.62753489023669 -999.0 16600.0 -999.0 2 -999 {-999.0 -999.0 -999.0 -999.0 -999.0} "" -999.0 -999.0 -999.0 -999.0 -999 -999 "" "" "" "" 0 0 0.0 0.0 -999 ""
FIBERMAP 200 R+7C19 BOSS 1 1 0 1 0 0 212.2584722003463 136.32061176786317 143.1 234.3220797815391 93.34604864856891 78.93647 21.06481 211.73804751214374 41.782643514229385 -9.967685 -4.0530934 0.8707866 211.738008997048 41.78263183605705 211.66666364058392 41.65660806965828 56.48373460508677 62.63363192196234 5400.0 5400.0 2016.0 1 238 {-999.0 15.9846735 15.644702 15.466921 -999.0} sdss_psfmag 16.021786 15.660474 15.132173 14.123 63050394850062510 943563219 bright_1x1 openfibertargets_nov2020_46 open_fiber science 0 0 0.0 0.0 -999 ""
FIBERMAP 200 R+7C19 METROLOGY 0 0 0 1 0 0 211.56217054716146 136.57980750937824 143.1 233.68803981252373 93.73317568684303 78.93647 21.06481 -999.0 -999.0 -999.0 -999.0 -999.0 211.73418103725652 41.78444370910956 211.6628911178119 41.65841547391612 56.48649506048071 62.63019991977467 -999.0 6231.0 -999.0 -1 -999 {-999.0 -999.0 -999.0 -999.0 -999.0} "" -999.0 -999.0 -999.0 -999.0 -999 -999 "" "" "" "" 0 0 0.0 0.0 -999 ""
FIBERMAP 202 R-10C6 APOGEE 0 0 0 1 0 0 -75.19727162015133 -191.10303405793812 143.1 -110.23360534425895 -173.24121703513367 106.82886 158.38475 -999.0 -999.0 -999.0 -999.0 -999.0 209.65364188371052 40.58349600095555 209.58978292359564 40.45493117905043 58.08256471393712 64.77609382294497 -999.0 16600.0 -999.0 2 -999 {-999.0 -999.0 -999.0 -999.0 -999.0} "" -999.0 -999.0 -999.0 -999.0 -999 -999 "" "" "" "" 0 0 0.0 0.0 -999 ""
FIBERMAP 202 R-10C6 BOSS 1 1 0 1 0 0 -75.1358009981567 -190.3583394927979 143.1 -110.03132833320815 -172.5219906527836 106.82886 158.38475 209.65493972458913 40.58670323387576 -999.0 -999.0 -999.0 209.65493972458913 40.58670323387576 209.59090376142197 40.458136542849914 58.08163603127741 64.77007112495866 5400.0 5400.0 2016.0 1 391 {-999.0 21.356173 20.298893 19.860064 -999.0} sdss_psfmag -999.0 -999.0 -999.0 -999.0 63050397945118678 1118043880 bright_1x1 openfibertargets_bhm_lofarradio_boss open_fiber science 0 0 0.0 0.0 -999 ""
FIBERMAP 202 R-10C6 METROLOGY 0 0 0 1 0 0 -74.52496058955771 -190.7795222982539 143.1 -109.51204679551246 -173.05182424754048 106.82886 158.38475 -999.0 -999.0 -999.0 -999.0 -999.0 209.65802459700024 40.58432541007151 209.59403462043645 40.45576385773851 58.07931073700692 64.77466426332938 -999.0 6231.0 -999.0 -1 -999 {-999.0 -999.0 -999.0 -999.0 -999.0} "" -999.0 -999.0 -999.0 -999.0 -999 -999 "" "" "" "" 0 0 0.0 0.0 -999 ""
FIBERMAP 204 R-3C18 APOGEE 0 0 0 1 0 0 135.92429163457865 -60.16098149817015 143.1 121.94738672960874 -84.95770718804467 350.54037 114.77524 -999.0 -999.0 -999.0 -999.0 -999.0 211.04769211579057 40.98104385869033 210.9799375999096 40.8542245451936 57.0197741192614 64.07332619272262 -999.0 16600.0 -999.0 2 224 {-999.0 -999.0 -999.0 -999.0 -999.0} "" -999.0 -999.0 -999.0 -999.0 -999 -999 "" ops_sky_apogee_best_unassigned ops_sky sky_apogee 0 0 0.0 0.0 -999 ""
FIBERMAP 204 R-3C18 BOSS 1 1 0 1 0 0 136.19066683424998 -60.84391217146005 143.1 122.0786739077859 -85.67879883741128 350.54037 114.77524 211.0487246319896 40.977753031089975 -15.752044 -6.469239 0.30900437 211.0486645148347 40.97773439127482 210.9807403513563 40.85091454494998 57.01922721451924 64.07942608277375 5400.0 5400.0 2016.0 1 293 {-999.0 18.248356 17.994543 17.886412 -999.0} sdss_psfmag 18.253923 17.983587 17.566866 -999.0 63050394850054313 975919423 "" ops_std_boss ops_std standard_boss 0 0 0.0 0.0 -999 ""
FIBERMAP 204 R-3C18 METROLOGY 0 0 0 1 0 0 135.44843328919023 -60.734663277550816 143.1 121.37096981380215 -85.43009491561186 350.54037 114.77524 -999.0 -999.0 -999.0 -999.0 -999.0 211.0443717043078 40.97889496400348 210.9765038079505 40.852069854401165 57.02241024656485 64.077196980866 -999.0 6231.0 -999.0 -1 -999 {-999.0 -999.0 -999.0 -999.0 -999.0} "" -999.0 -999.0 -999.0 -999.0 -999 -999 "" "" "" "" 0 0 0.0 0.0 -999 ""
FIBERMAP 208 R-7C5 APOGEE 0 0 0 1 0 0 -134.2581061962076 -126.36691283988937 143.1 -155.86487029599203 -98.4433123266818 148.6452 105.41003 -999.0 -999.0 -999.0 -999.0 -999.0 209.3762110413462 40.92095031884752 209.3122088516418 40.79198409094463 58.28300869217813 64.12504313808626 -999.0 16600.0 -999.0 2 253 {-999.0 -999.0 -999.0 -999.0 -999.0} "" -999.0 -999.0 -999.0 -999.0 -999 -999 "" ops_sky_apogee_best_unassigned ops_sky sky_apogee 0 0 0.0 0.0 -999 ""
FIBERMAP 208 R-7C5 BOSS 1 1 0 1 0 0 -134.08539212466246 -125.64284110169886 143.1 -155.5573348623572 -97.76553135622711 148.6452 105.41003 209.37815742534792 40.92402893949461 -12.8872795 -8.092639 0.28888342 209.37810828147857 40.924005622187885 209.31392855227213 40.79503676051811 58.28159610478478 64.11933099032005 5400.0 5400.0 2016.0 1 451 {-999.0 18.369919 18.036219 17.910524 17.871836} sdss_psfmag_from_gaia 18.3128 18.0452 17.5753 -999.0 63050394850068515 969525874 "" ops_std_boss_gdr2 ops_std standard_boss 0 0 0.0 0.0 -999 ""
FIBERMAP 208 R-7C5 METROLOGY 0 0 0 1 0 0 -133.54082579641295 -126.16414771444678 143.1 -155.12218754152565 -98.38100777214802 148.6452 105.41003 -999.0 -999.0 -999.0 -999.0 -999.0 209.38071953557076 40.9212319206833 209.31658751474208 40.792268011551805 58.27968552273458 64.12473344901883 -999.0 6231.0 -999.0 -1 -999 {-999.0 -999.0 -999.0 -999.0 -999.0} "" -999.0 -999.0 -999.0 -999.0 -999 -999 "" "" "" "" 0 0 0.0 0.0 -999 ""
FIBERMAP 214 R-11C5 APOGEE 0 0 0 1 0 0 -88.591033029345 -202.35186640813006 143.1 -125.52410398545382 -181.7294264706412 146.90968 101.40194 -999.0 -999.0 -999.0 -999.0 -999.0 209.56314802153187 40.5451156648198 209.4995672802221 40.416442202492924 58.1521233705821 64.8458647360718 -999.0 16600.0 -999.0 2 153 {-999.0 -999.0 -999.0 -999.0 -999.0} "" -999.0 -999.0 -999.0 -999.0 -999 -999 "" ops_sky_apogee_best_unassigned ops_sky sky_apogee 0 0 0.0 0.0 -999 ""
FIBERMAP 214 R-11C5 BOSS 1 1 0 1 0 0 -88.34120233731544 -201.65760449645796 143.1 -125.14655784228081 -181.0956035641365 146.90968 101.40194 209.56571717208033 40.54792582502224 -60.603706 5.09055 6.4946227 209.5654873708675 40.54794049218082 209.50172787351147 40.41926802909237 58.150411890747314 64.84058493903568 5400.0 5400.0 2016.0 1 392 {-999.0 18.17226 16.757912 15.442701 -999.0} sdss_psfmag 17.58965 16.133005 14.948108 12.802 63050394850066984 936439451 bright_1x1 openfibertargets_nov2020_34a open_fiber science 0 0 0.0 0.0 -999 ""
FIBERMAP 214 R-11C5 METROLOGY 0 0 0 1 0 0 -87.85455530112918 -202.2120120694811 143.1 -124.7745694304558 -181.73253006281507 146.90968 101.40194 -999.0 -999.0 -999.0 -999.0 -999.0 209.56770180835252 40.545083592411814 209.50399197628315 40.41641374042686 58.14875623318875 64.84606966242137 -999.0 6231.0 -999.0 -1 -999 {-999.0 -999.0 -999.0 -999.0 -999.0} "" -999.0 -999.0 -999.0 -999.0 -999 -999 "" "" "" "" 0 0 0.0 0.0 -999 ""
FIBERMAP 215 R-10C15 APOGEE 0 0 0 1 0 0 140.21086218114522 -200.27887870731757 143.1 99.44781550188571 -223.30519950341753 264.82187 156.16658 -999.0 -999.0 -999.0 -999.0 -999.0 210.90284915031455 40.35697796496639 210.83683638321168 40.23006351424669 57.13517002396245 65.2195426676663 -999.0 16600.0 -999.0 2 237 {-999.0 -999.0 -999.0 -999.0 -999.0} "" -999.0 -999.0 -999.0 -999.0 -999 -999 "" ops_sky_apogee_best_unassigned ops_sky sky_apogee 0 0 0.0 0.0 -999 ""
FIBERMAP 215 R-10C15 BOSS 1 1 0 1 0 0 139.88052284675678 -200.9430585485589 143.1 98.99698115564243 -223.89415059754936 264.82187 156.16658 210.9004092337173 40.35432198559266 -24.739706 0.80083615 0.5676669 210.9003156939272 40.35432429300177 210.8341413974172 40.22740664019931 57.137235649862916 65.22442725041599 5400.0 5400.0 2016.0 1 266 {-999.0 16.100325 15.711776 15.551916 -999.0} sdss_psfmag 16.02238 15.7187195 15.250293 14.437 63050394850053244 979447988 "" ops_std_boss ops_std standard_boss 0 0 0.0 0.0 -999 ""
FIBERMAP 215 R-10C15 METROLOGY 0 0 0 1 0 0 139.46762249411174 -200.32226847066528 143.1 98.71003035748758 -223.20612381307 264.82187 156.16658 -999.0 -999.0 -999.0 -999.0 -999.0 210.89861564752118 40.35741561022501 210.8324869967645 40.23049521090243 57.13848922980379 65.21872814528763 -999.0 6231.0 -999.0 -1 -999 {-999.0 -999.0 -999.0 -999.0 -999.0} "" -999.0 -999.0 -999.0 -999.0 -999 -999 "" "" "" "" 0 0 0.0 0.0 -999 ""
FIBERMAP 222 R-12C12 APOGEE 0 0 0 1 0 0 73.74768181374881 -227.3665638441607 143.1 29.048943389597614 -237.2245528319518 186.74332 88.68994 -999.0 -999.0 -999.0 -999.0 -999.0 210.48417871937156 40.29556702595616 210.41918913337213 40.16811326174167 57.45445307006765 65.33148043637595 -999.0 16600.0 -999.0 2 -999 {-999.0 -999.0 -999.0 -999.0 -999.0} "" -999.0 -999.0 -999.0 -999.0 -999 -999 "" "" "" "" 0 0 0.0 0.0 -999 ""
FIBERMAP 222 R-12C12 BOSS 1 1 0 1 0 0 73.66869658885774 -226.61198499500097 143.1 29.11524221615905 -236.4688532907748 186.74332 88.68994 210.48476856907467 40.29891810345293 0.642133 0.38740963 -0.87716967 210.48477099496048 40.298919219695094 210.41960206972593 40.1714649015187 57.45411683243237 65.32525404261068 5400.0 5400.0 2016.0 1 343 {-999.0 20.82607 20.586658 20.224154 -999.0} sdss_psfmag_ps1 20.529804 20.19009 19.649483 -999.0 63050394850051594 1116513171 bright_1x1 openfibertargets_bhm_quaia_boss open_fiber science 0 0 0.0 0.0 -999 ""
FIBERMAP 222 R-12C12 METROLOGY 0 0 0 1 0 0 74.35103974179299 -226.92767753635647 143.1 29.724812947660133 -236.90877330800225 186.74332 88.68994 -999.0 -999.0 -999.0 -999.0 -999.0 210.48832837400118 40.29695085720195 210.42320467363265 40.169501712013016 57.45137615710381 65.32893462878087 -999.0 6231.0 -999.0 -1 -999 {-999.0 -999.0 -999.0 -999.0 -999.0} "" -999.0 -999.0 -999.0 -999.0 -999 -999 "" "" "" "" 0 0 0.0 0.0 -999 ""
FIBERMAP 228 R+13C11 APOGEE 0 0 0 1 0 0 95.32874355818615 262.5031236103269 143.1 143.60244509190676 239.48568796369105 83.47239 53.120354 -999.0 -999.0 -999.0 -999.0 -999.0 211.1962621624381 42.44858097077595 211.12467974601986 42.321731434106766 56.85724831338819 61.39232784073556 -999.0 16600.0 -999.0 2 53 {-999.0 -999.0 -999.0 -999.0 -999.0} "" -999.0 -999.0 -999.0 -999.0 -999 -999 "" ops_sky_apogee_best_unassigned ops_sky sky_apogee 0 0 0.0 0.0 -999 ""
FIBERMAP 228 R+13C11 BOSS 1 1 0 1 0 0 95.89029385349095 262.0170055976974 143.1 144.06096982723636 238.9015131427762 83.47239 53.120354 211.19913219191042 42.445925673410315 22.149061 3.2730787 2.2567985 211.19921867621602 42.445935104089564 211.12745564942654 42.31908301701004 56.85534652020298 61.397373421996264 5400.0 5400.0 2016.0 1 163 {-999.0 17.208397 15.936432 15.383422 -999.0} sdss_psfmag 16.714645 15.905936 15.018897 13.25 63050394850078018 1118497947 bright_1x1 openfibertargets_mwm_snc_further_ext_boss open_fiber science 0 0 0.0 0.0 -999 ""
FIBERMAP 228 R+13C11 METROLOGY 0 0 0 1 0 0 95.1879618790651 261.76860094042536 143.1 143.32426039577288 238.79156261907067 83.47239 53.120354 -999.0 -999.0 -999.0 -999.0 -999.0 211.19467341440046 42.44550839086049 211.122973071836 42.318651898290554 56.858679851450965 61.39782326216073 -999.0 6231.0 -999.0 -1 -999 {-999.0 -999.0 -999.0 -999.0 -999.0} "" -999.0 -999.0 -999.0 -999.0 -999 -999 "" "" "" "" 0 0 0.0 0.0 -999 ""
FIBERMAP 233 R+4C4 APOGEE 0 0 0 1 0 0 -168.0848655305129 75.71974191935361 143.1 -150.54852117420543 106.35908025414902 338.67654 129.89589 -999.0 -999.0 -999.0 -999.0 -999.0 209.39727262555206 41.851172000233426 209.33114472138186 41.72209007525296 58.22277332419357 62.360807791150876 -999.0 16600.0 -999.0 2 -999 {-999.0 -999.0 -999.0 -999.0 -999.0} "" -999.0 -999.0 -999.0 -999.0 -999 -999 "" "" "" "" 0 0 0.0 0.0 -999 ""
FIBERMAP 233 R+4C4 BOSS 1 1 0 1 0 0 -167.83704479407248 75.02992553569501 143.1 -150.43675827103615 105.63476659587373 338.67654 129.89589 209.3980999198584 41.848077976149455 -3.5805032 -49.828728 0.6982955 209.39808607069423 41.84793440478546 209.33179439450612 41.71884627106407 58.222491695895364 62.367012904734054 5400.0 5400.0 2016.0 1 36 {-999.0 16.476774 16.08166 15.876189 -999.0} sdss_psfmag 16.406328 16.073273 15.55943 14.507 63050394850072990 1072593608 bright_1x1 mwm_halo_local_high_boss_single mwm_halo science 0 0 0.0 0.0 -999 ""
FIBERMAP 233 R+4C4 METROLOGY 0 0 0 1 0 0 -168.56824512877515 75.15140562410612 143.1 -151.13130158526295 105.89337287848369 338.67654 129.89589 -999.0 -999.0 -999.0 -999.0 -999.0 209.3938253934405 41.8490601828791 209.32758877854974 41.71996859630618 58.22555471509099 62.364513957722636 -999.0 6231.0 -999.0 -1 -999 {-999.0 -999.0 -999.0 -999.0 -999.0} "" -999.0 -999.0 -999.0 -999.0 -999 -999 "" "" "" "" 0 0 0.0 0.0 -999 ""
FIBERMAP 238 R-5C3 APOGEE 0 0 0 1 0 0 -205.8533186561145 -90.32546606186912 143.1 -219.26836138878411 -49.42110290344371 182.56926 86.964035 -999.0 -999.0 -999.0 -999.0 -999.0 208.99346012840962 41.14071084650397 208.92981104366675 41.01123382002799 58.56258597272499 63.6835557813136 -999.0 16600.0 -999.0 2 290 {-999.0 -999.0 -999.0 -999.0 -999.0} "" -999.0 -999.0 -999.0 -999.0 -999 -999 "" ops_sky_apogee_best_unassigned ops_sky sky_apogee 0 0 0.0 0.0 -999 ""
FIBERMAP 238 R-5C3 BOSS 1 1 0 1 0 0 -205.85901240186206 -89.58977965428178 143.1 -219.13372546469242 -48.69791655758926 182.56926 86.964035 208.99430979231144 41.14399079938376 -999.0 -999.0 -999.0 208.99430979231147 41.14399079938376 208.93048635733075 41.01450839484036 58.561921544223715 63.67733094852559 5400.0 5400.0 2016.0 1 444 {-999.0 19.637436 18.779953 18.383017 -999.0} sdss_psfmag 19.092232 21.864754 17.626476 15.443 63050394850068755 1117968758 bright_1x1 openfibertargets_bhm_lofarradio_boss open_fiber science 0 0 0.0 0.0 -999 ""
FIBERMAP 238 R-5C3 METROLOGY 0 0 0 1 0 0 -205.20708008622955 -89.94825566459215 143.1 -218.562158684925 -49.174033579791335 182.56926 86.964035 -999.0 -999.0 -999.0 -999.0 -999.0 208.99772347273898 41.141862382858825 208.9339440587878 41.01238622156546 58.55941617466593 63.68163235306275 -999.0 6231.0 -999.0 -1 -999 {-999.0 -999.0 -999.0 -999.0 -999.0} "" -999.0 -999.0 -999.0 -999.0 -999 -999 "" "" "" "" 0 0 0.0 0.0 -999 ""
FIBERMAP 240 R-13C13 APOGEE 0 0 0 1 0 0 123.4248279638761 -263.74078833278656 143.1 70.87568226737977 -282.3957309905678 260.48105 129.22858 -999.0 -999.0 -999.0 -999.0 -999.0 210.72962125232885 40.09391920255292 210.66456584262153 39.966817323114924 57.26707234039087 65.70539828829283 -999.0 16600.0 -999.0 2 176 {-999.0 -999.0 -999.0 -999.0 -999.0} "" -999.0 -999.0 -999.0 -999.0 -999 -999 "" ops_sky_apogee_best_unassigned ops_sky sky_apogee 0 0 0.0 0.0 -999 ""
FIBERMAP 240 R-13C13 BOSS 1 1 0 1 0 0 122.77298331186047 -264.10408631960627 143.1 70.16662876072884 -282.6280762728849 260.48105 129.22858 210.72557769706995 40.09294572734284 3.4413157 -11.005998 1.3507307 210.72559065842776 40.0929140157942 210.66037448077256 39.96580758684068 57.270282541734844 65.70727829293254 5400.0 5400.0 2016.0 1 345 {-999.0 21.06653 19.658796 18.512451 -999.0} sdss_psfmag 20.45266 19.173573 18.010595 16.339 63050394850051362 1096122107 bright_1x1 mwm_bin_vis_boss mwm_filler science 0 0 0.0 0.0 -999 ""
FIBERMAP 240 R-13C13 METROLOGY 0 0 0 1 0 0 122.78529842426838 -263.3618305557661 143.1 70.32019313173424 -281.9018744360597 260.48105 129.22858 -999.0 -999.0 -999.0 -999.0 -999.0 210.72649443098462 40.096131022730276 210.66131788508574 39.96902488959973 57.26956616131682 65.70132509226704 -999.0 6231.0 -999.0 -1 -999 {-999.0 -999.0 -999.0 -999.0 -999.0} "" -999.0 -999.0 -999.0 -999.0 -999 -999 "" "" "" "" 0 0 0.0 0.0 -999 ""
FIBERMAP 245 R-9C16 APOGEE 0 0 0 1 0 0 157.8232076867826 -169.15658169164504 143.1 122.66695241804497 -196.11458979199145 28.852144 113.21842 -999.0 -999.0 -999.0 -999.0 -999.0 211.04295175572582 40.47853662617415 210.97636566143956 40.351788661496855 57.02826496949736 64.99632253700298 -999.0 16600.0 -999.0 2 193 {-999.0 -999.0 -999.0 -999.0 -999.0} "" -999.0 -999.0 -999.0 -999.0 -999 -999 "" ops_sky_apogee_best_unassigned ops_sky sky_apogee 0 0 0.0 0.0 -999 ""
FIBERMAP 245 R-9C16 BOSS 1 1 0 1 0 0 158.40789891344306 -169.61332803748317 143.1 123.15378910778942 -196.67434607472785 28.852144 113.21842 211.04598999023438 40.475981810744784 -999.0 -999.0 -999.0 211.04598999023435 40.47598181074479 210.97922942715718 40.34923764880958 57.02609453905573 65.0010286742699 5400.0 5400.0 2015.5 1 308 {-999.0 -999.0 -999.0 -999.0 -999.0} "" -999.0 -999.0 -999.0 -999.0 27021603104372483 807158648 "" ops_sky_boss_good ops_sky sky_boss 0 0 0.0 0.0 -999 ""
FIBERMAP 245 R-9C16 METROLOGY 0 0 0 1 0 0 157.72054801466618 -169.89417872324262 143.1 122.42559977682096 -196.81899892100697 28.852144 113.21842 -999.0 -999.0 -999.0 -999.0 -999.0 211.0415982598417 40.475353586620095 210.9748977416324 40.34860387428759 57.02939872656558 65.00216480181757 -999.0 6231.0 -999.0 -1 -999 {-999.0 -999.0 -999.0 -999.0 -999.0} "" -999.0 -999.0 -999.0 -999.0 -999 -999 "" "" "" "" 0 0 0.0 0.0 -999 ""
FIBERMAP 251 R-9C13 APOGEE 0 0 0 1 0 0 67.74674351687204 -186.86825803113402 143.1 30.877945098301232 -196.33029478089068 249.31006 95.275246 -999.0 -999.0 -999.0 -999.0 -999.0 210.49630006848173 40.4791351423413 210.4308732171387 40.351668945914 57.44396342004864 64.99048294635554 -999.0 16600.0 -999.0 2 172 {-999.0 -999.0 -999.0 -999.0 -999.0} "" -999.0 -999.0 -999.0 -999.0 -999 -999 "" ops_sky_apogee_best_unassigned ops_sky sky_apogee 0 0 0.0 0.0 -999 ""
FIBERMAP 251 R-9C13 BOSS 1 1 0 1 0 0 67.03594927925832 -186.6703714468975 143.1 30.217994417099906 -196.00058241479164 249.31006 95.275246 210.4925537109375 40.480579256607626 -999.0 -999.0 -999.0 210.49255371093747 40.480579256607626 210.42696048772854 40.35310651240536 57.44692913031222 64.98775029024033 5400.0 5400.0 2015.5 1 397 {-999.0 -999.0 -999.0 -999.0 -999.0} "" -999.0 -999.0 -999.0 -999.0 27021603104371079 807158400 "" ops_sky_boss_good ops_sky sky_boss 0 0 0.0 0.0 -999 ""
FIBERMAP 251 R-9C13 METROLOGY 0 0 0 1 0 0 67.56981071752547 -186.14429164846712 143.1 30.842270218591143 -195.58597324417104 249.31006 95.275246 -999.0 -999.0 -999.0 -999.0 -999.0 210.49624049904108 40.48244790253939 210.43068371172205 40.35498008134588 57.44407120130564 64.98432723894302 -999.0 6231.0 -999.0 -1 -999 {-999.0 -999.0 -999.0 -999.0 -999.0} "" -999.0 -999.0 -999.0 -999.0 -999 -999 "" "" "" "" 0 0 0.0 0.0 -999 ""
FIBERMAP 256 R-3C17 APOGEE 0 0 0 1 0 0 95.50796627728175 -46.83825079609909 143.1 84.81675746951214 -64.1774964203968 109.53173 120.67134 -999.0 -999.0 -999.0 -999.0 -999.0 210.82552880587818 41.07671800135769 210.75803208006255 40.94959066513647 57.18547379350445 63.89134530992112 -999.0 16600.0 -999.0 2 -999 {-999.0 -999.0 -999.0 -999.0 -999.0} "" -999.0 -999.0 -999.0 -999.0 -999 -999 "" "" "" "" 0 0 0.0 0.0 -999 ""
FIBERMAP 256 R-3C17 BOSS 1 1 0 1 0 0 95.97010995138346 -46.249054252656165 143.1 85.38267014243526 -63.687266360384484 109.53173 120.67134 210.82920282158125 41.0789304884283 -2.1174555 -9.623918 0.21172823 210.82919472795638 41.07890275906327 210.7615106263322 40.95177686740242 57.182795986454344 63.88742606977457 5400.0 5400.0 2016.0 1 302 {-999.0 18.577044 18.339636 18.215555 -999.0} sdss_psfmag 18.544447 18.314817 17.91337 -999.0 63050394850054790 978129955 "" ops_std_boss ops_std standard_boss 0 0 0.0 0.0 -999 ""
FIBERMAP 256 R-3C17 METROLOGY 0 0 0 1 0 0 96.24783152299092 -46.93448695720046 143.1 85.52461727217516 -64.41297649818534 109.53173 120.67134 -999.0 -999.0 -999.0 -999.0 -999.0 210.82995333629998 41.075602823925614 210.76232468751414 40.94847927523115 57.18225851050103 63.89353547405193 -999.0 6231.0 -999.0 -1 -999 {-999.0 -999.0 -999.0 -999.0 -999.0} "" -999.0 -999.0 -999.0 -999.0 -999 -999 "" "" "" "" 0 0 0.0 0.0 -999 ""
FIBERMAP 260 R+3C9 APOGEE 0 0 0 1 0 0 -87.48457550666133 47.3685469622407 143.1 -76.84045160534525 63.16871233239382 236.14726 112.50378 -999.0 -999.0 -999.0 -999.0 -999.0 209.84654750901774 41.65780611043373 209.77985871540534 41.52932192106654 57.89886545112586 62.76066695170306 -999.0 16600.0 -999.0 2 121 {-999.0 -999.0 -999.0 -999.0 -999.0} "" -999.0 -999.0 -999.0 -999.0 -999 -999 "" "" "" "" 0 0 0.0 0.0 -999 ""
FIBERMAP 260 R+3C9 BOSS 1 1 0 1 0 0 -88.20097514845371 47.50491404191805 143.1 -77.51763002363053 63.43910963418742 236.14726 112.50378 209.84268951331467 41.65912765525789 -38.109287 -24.037899 1.6825501 209.8425425420743 41.65905839483821 209.77568860551153 41.53056271458618 57.90191936340272 62.758033274887666 5400.0 5400.0 2016.0 1 32 {-999.0 15.010183 14.305725 14.052621 -999.0} sdss_psfmag_from_g3xp 14.819261 14.344993 13.708258 12.432 63050394850070995 943345535 bright_1x1 openfibertargets_nov2020_46 open_fiber science 0 0 0.0 0.0 -999 ""
FIBERMAP 260 R+3C9 METROLOGY 0 0 0 1 0 0 -87.73133650074405 48.07945073869139 143.1 -76.94715500111423 63.91352198929166 236.14726 112.50378 -999.0 -999.0 -999.0 -999.0 -999.0 209.84596735140227 41.66122134086996 209.7791495391083 41.532731166508434 57.89922048038657 62.7542086601664 -999.0 6231.0 -999.0 -1 -999 {-999.0 -999.0 -999.0 -999.0 -999.0} "" -999.0 -999.0 -999.0 -999.0 -999 -999 "" "" "" "" 0 0 0.0 0.0 -999 ""
FIBERMAP 261 R+4C15 APOGEE 0 0 0 1 0 0 45.996985380629006 84.70138676032487 143.1 61.291992255444335 74.37008236568515 239.55246 14.4706335 -999.0 -999.0 -999.0 -999.0 -999.0 210.68862030431654 41.70806682099189 210.61994957041418 41.58066239174223 57.268498431003394 62.71984746906821 -999.0 16600.0 -999.0 2 65 {-999.0 -999.0 -999.0 -999.0 -999.0} "" -999.0 -999.0 -999.0 -999.0 -999 -999 "" "" "" "" 0 0 0.0 0.0 -999 ""
FIBERMAP 261 R+4C15 BOSS 1 1 0 1 0 0 46.1748912383306 85.41908754537882 143.1 61.6034092757881 75.04062045662192 239.55246 14.4706335 210.690755921358 41.71114813068656 -999.0 -999.0 -999.0 210.69075592135798 41.71114813068656 210.6218978390133 41.58374047195334 57.26691238871844 62.714273778591 5400.0 5400.0 2016.0 1 212 {-999.0 19.436108 18.923208 18.681202 -999.0} sdss_psfmag 18.879675 21.301022 17.671396 15.333 63050394850070412 1117968749 bright_1x1 openfibertargets_bhm_lofarradio_boss open_fiber science 0 0 0.0 0.0 -999 ""
FIBERMAP 261 R+4C15 METROLOGY 0 0 0 1 0 0 46.71860711299571 84.9125896922801 143.1 62.04054445157131 74.43984143884428 239.55246 14.4706335 -999.0 -999.0 -999.0 -999.0 -999.0 210.69334341269413 41.70839388913747 210.62453579737553 41.58099162508449 57.2650570053935 62.71950678775687 -999.0 6231.0 -999.0 -1 -999 {-999.0 -999.0 -999.0 -999.0 -999.0} "" -999.0 -999.0 -999.0 -999.0 -999 -999 "" "" "" "" 0 0 0.0 0.0 -999 ""
FIBERMAP 264 R+10C3 APOGEE 0 0 0 1 0 0 -145.12416558222588 205.63879571043972 143.1 -103.24876916144699 229.5026330186113 150.75008 95.95499 -999.0 -999.0 -999.0 -999.0 -999.0 209.68341987189686 42.408711468191456 209.61536265332597 42.27990478876812 57.973914418174836 61.33504973901307 -999.0 16600.0 -999.0 2 136 {-999.0 -999.0 -999.0 -999.0 -999.0} "" -999.0 -999.0 -999.0 -999.0 -999 -999 "" ops_sky_apogee_best_unassigned ops_sky sky_apogee 0 0 0.0 0.0 -999 ""
FIBERMAP 264 R+10C3 BOSS 1 1 0 1 0 0 -144.84242051582302 206.326285454433 143.1 -102.84118878017925 230.12372581660566 150.75008 95.95499 209.6861097760775 42.41154308120456 -9.269449 -2.0120504 0.53387684 209.68607360198953 42.411537283884144 209.61783143755784 42.28272415880671 57.97188342849886 61.33000401043809 5400.0 5400.0 2016.0 1 16 {-999.0 16.427982 15.963085 15.783812 -999.0} sdss_psfmag 16.325691 15.973665 15.434884 14.361 63050394850075424 943208520 bright_1x1 openfibertargets_nov2020_46 open_fiber science 0 0 0.0 0.0 -999 ""
FIBERMAP 264 R+10C3 METROLOGY 0 0 0 1 0 0 -144.3811835243367 205.7392120243808 143.1 -102.50036741902382 229.45957992191686 150.75008 95.95499 -999.0 -999.0 -999.0 -999.0 -999.0 209.68811324743774 42.40857572098051 209.61992224748542 42.27976821074423 57.970560374268445 61.335778884080526 -999.0 6231.0 -999.0 -1 -999 {-999.0 -999.0 -999.0 -999.0 -999.0} "" -999.0 -999.0 -999.0 -999.0 -999 -999 "" "" "" "" 0 0 0.0 0.0 -999 ""
FIBERMAP 285 R-8C18 APOGEE 0 0 0 1 0 0 188.392092253644 -170.5287512857857 143.1 152.4098061952401 -203.2879622093406 334.74686 79.3799 -999.0 -999.0 -999.0 -999.0 -999.0 211.2185696155855 40.44565096874824 211.15168708082172 40.31914142535179 56.89473257479134 65.0570195163487 -999.0 16600.0 -999.0 2 -999 {-999.0 -999.0 -999.0 -999.0 -999.0} "" -999.0 -999.0 -999.0 -999.0 -999 -999 "" "" "" "" 0 0 0.0 0.0 -999 ""
FIBERMAP 285 R-8C18 BOSS 1 1 0 1 0 0 187.9712576497392 -171.12803641626894 143.1 151.88251685048476 -203.79596821914822 334.74686 79.3799 211.2155716624264 40.44338532266116 2.604231 -5.1669083 2.4830844 211.21558152194683 40.44337043526352 211.14853556352315 40.316857587002616 56.897139782916256 65.06119283952127 5400.0 5400.0 2016.0 1 319 {-999.0 17.39501 16.049225 15.409676 -999.0} sdss_psfmag 16.834583 15.952272 15.020936 13.192 63050394850049778 1118540707 bright_1x1 openfibertargets_mwm_snc_further_ext_boss open_fiber science 0 0 0.0 0.0 -999 ""
FIBERMAP 285 R-8C18 METROLOGY 0 0 0 1 0 0 187.64937361234792 -170.45782174057996 143.1 151.69432215445198 -203.07677756349986 334.74686 79.3799 -999.0 -999.0 -999.0 -999.0 -999.0 211.21449475864765 40.446603868369074 211.1474935084384 40.32008856109243 56.89792811423483 65.05527401742927 -999.0 6231.0 -999.0 -1 -999 {-999.0 -999.0 -999.0 -999.0 -999.0} "" -999.0 -999.0 -999.0 -999.0 -999 -999 "" "" "" "" 0 0 0.0 0.0 -999 ""
FIBERMAP 288 R-1C7 APOGEE 1 1 0 1 0 0 -135.86149776113967 -14.510495539649277 143.1 -136.11840987510902 11.653157626230318 10.757433 132.48273 209.4884879807891 41.42173737489671 7.271351 -3.2651138 3.0036552 209.48851592055775 41.421727967130685 209.42315412803939 41.292827135390354 58.177939944405246 63.181459026532146 16000.0 16600.0 2016.0 2 247 {-999.0 12.511982 12.077574 11.931803 -999.0} sdss_psfmag_from_g3xp 12.436819 12.106567 11.608473 10.652 63050394850069322 1114083190 bright_2x1 openfibertargets_mwm_tess_ellipsoidals_repeat_apogee open_fiber science 0 0 0.0 0.0 -999 ""
FIBERMAP 288 R-1C7 BOSS 0 0 0 1 0 0 -135.2413645634162 -14.921321700324022 143.1 -135.58803313602746 11.131718188989602 10.757433 132.48273 -999.0 -999.0 -999.0 -999.0 -999.0 209.491838364638 41.41938686713166 209.42630645120914 41.29048366011234 58.17568950039902 63.18611877451576 -999.0 5400.0 -999.0 1 483 {-999.0 -999.0 -999.0 -999.0 -999.0} "" -999.0 -999.0 -999.0 -999.0 -999 -999 "" "" "" "" 0 0 0.0 0.0 -999 ""
FIBERMAP 288 R-1C7 METROLOGY 0 0 0 1 0 0 -135.91314589411076 -15.254491798815419 143.1 -136.31091268121185 10.932744452375381 10.757433 132.48273 -999.0 -999.0 -999.0 -999.0 -999.0 209.4874446096643 41.418452923614794 209.42197225685493 41.28954608821297 58.17898824897328 63.187591322044796 -999.0 6231.0 -999.0 -1 -999 {-999.0 -999.0 -999.0 -999.0 -999.0} "" -999.0 -999.0 -999.0 -999.0 -999 -999 "" "" "" "" 0 0 0.0 0.0 -999 ""
FIBERMAP 289 R-11C12 APOGEE 0 0 0 1 0 0 69.40980991274506 -207.7633448904244 143.1 28.527620817484582 -217.15651596184605 122.82643 137.98279 -999.0 -999.0 -999.0 -999.0 -999.0 210.48167691931417 40.38552358300342 210.4164912874727 40.258052735809024 57.45584986991187 65.16427040144458 -999.0 16600.0 -999.0 2 175 {-999.0 -999.0 -999.0 -999.0 -999.0} "" -999.0 -999.0 -999.0 -999.0 -999 -999 "" "" "" "" 0 0 0.0 0.0 -999 ""
FIBERMAP 289 R-11C12 BOSS 1 1 0 1 0 0 69.52679067401985 -207.03712158384297 143.1 28.780862218481598 -216.46600018083316 122.82643 137.98279 210.4833869652391 40.38858411650184 -1.0854777 -1.2344477 0.30944124 210.48338285900664 40.38858055969128 210.4180159021511 40.26111040250514 57.45465997065095 65.15860549242663 5400.0 5400.0 2016.0 1 394 {-999.0 15.498207 14.886246 14.655105 -999.0} sdss_psfmag_from_g3xp 15.350323 14.917064 14.314538 13.179 63050394850051756 936439051 bright_1x1 openfibertargets_nov2020_34a open_fiber science 0 0 0.0 0.0 -999 ""
FIBERMAP 289 R-11C12 METROLOGY 0 0 0 1 0 0 70.10488138367703 -207.49706757900753 143.1 29.260610412594872 -217.0276389448714 122.82643 137.98279 -999.0 -999.0 -999.0 -999.0 -999.0 210.4861721960671 40.38606211728315 210.42085342420262 40.25859623809365 57.45251640239872 65.16331339789349 -999.0 6231.0 -999.0 -1 -999 {-999.0 -999.0 -999.0 -999.0 -999.0} "" -999.0 -999.0 -999.0 -999.0 -999 -999 "" "" "" "" 0 0 0.0 0.0 -999 ""
FIBERMAP 293 R-11C16 APOGEE 0 0 0 1 0 0 182.99004484552228 -199.92789010808838 143.1 141.5039302044332 -231.11456147121768 95.201836 51.191704 -999.0 -999.0 -999.0 -999.0 -999.0 211.15102288268264 40.32132202596458 211.0845675993304 40.19474179437728 56.946030906952025 65.28488241075422 -999.0 16600.0 -999.0 2 218 {-999.0 -999.0 -999.0 -999.0 -999.0} "" -999.0 -999.0 -999.0 -999.0 -999 -999 "" "" "" "" 0 0 0.0 0.0 -999 ""
FIBERMAP 293 R-11C16 BOSS 1 1 0 1 0 0 183.60828826839193 -200.3267542173886 143.1 142.0347320764403 -231.62389955234303 95.201836 51.191704 211.15390223685895 40.31907819931702 -1.717369 -15.421 10.248723 211.1542776500044 40.31903376683733 211.08764534269744 40.1924606792138 56.94367824795339 65.28906138706668 5400.0 5400.0 2016.0 1 259 {-999.0 15.39291 13.96576 12.973433 -999.0} sdss_psfmag_from_g3xp 14.813406 13.676632 12.559977 10.559 63050394850049632 1150940220 bright_1x1 mwm_snc_100pc_boss_single mwm_snc science 0 0 1.0482591390609741 0.0 -999 ""
FIBERMAP 293 R-11C16 METROLOGY 0 0 0 1 0 0 182.94360591842576 -200.66973299601568 143.1 141.31695085057942 -231.8338539321037 95.201836 51.191704 -999.0 -999.0 -999.0 -999.0 -999.0 211.14996470294338 40.318112536766364 211.0833943009618 40.191531465718064 56.946924861504804 65.2907695360077 -999.0 6231.0 -999.0 -1 -999 {-999.0 -999.0 -999.0 -999.0 -999.0} "" -999.0 -999.0 -999.0 -999.0 -999 -999 "" "" "" "" 0 0 0.0 0.0 -999 ""
FIBERMAP 296 R+3C13 APOGEE 0 0 0 1 0 0 25.05756292519841 48.40948943386405 143.1 33.82187197539088 42.739488135735215 352.74246 86.57271 -999.0 -999.0 -999.0 -999.0 -999.0 210.52043055698607 41.56482809347437 210.4524664046006 41.43722619219046 57.39973575194796 62.9757746698466 -999.0 16600.0 -999.0 2 5 {-999.0 -999.0 -999.0 -999.0 -999.0} "" -999.0 -999.0 -999.0 -999.0 -999 -999 "" ops_sky_apogee_best_unassigned ops_sky sky_apogee 0 0 0.0 0.0 -999 ""
FIBERMAP 296 R+3C13 BOSS 1 1 0 1 0 0 24.91708464702322 47.69465187440573 143.1 33.547737131814806 42.0646265636211 352.74246 86.57271 210.51896729047866 41.56179865292298 -5.62025 -3.3943877 0.35103598 210.51894564823172 41.561788872681824 210.45081771202825 41.434180321037495 57.40109368072852 62.981330912082214 5400.0 5400.0 2016.0 1 106 {-999.0 16.691635 16.233725 16.061043 -999.0} sdss_psfmag 16.610586 16.260008 15.744395 14.7 63050394850070299 943208498 bright_1x1 openfibertargets_nov2020_46 open_fiber science 0 0 0.0 0.0 -999 ""
FIBERMAP 296 R+3C13 METROLOGY 0 0 0 1 0 0 24.332254519658143 48.14459337659093 143.1 33.05946707816593 42.61773013709084 352.74246 86.57271 -999.0 -999.0 -999.0 -999.0 -999.0 210.51593207846219 41.56431144439496 210.44785430503316 41.436699981850275 57.40321181055195 62.97649125010355 -999.0 6231.0 -999.0 -1 -999 {-999.0 -999.0 -999.0 -999.0 -999.0} "" -999.0 -999.0 -999.0 -999.0 -999 -999 "" "" "" "" 0 0 0.0 0.0 -999 ""
FIBERMAP 298 R-12C13 APOGEE 0 0 0 1 0 0 103.53638543394382 -235.50350896195724 143.1 56.73663214296174 -250.88907592491432 150.24707 154.9414 -999.0 -999.0 -999.0 -999.0 -999.0 210.64786099078714 40.23421248111434 210.58266321470865 40.10698184324295 57.329745532579786 65.44593272829985 -999.0 16600.0 -999.0 2 -999 {-999.0 -999.0 -999.0 -999.0 -999.0} "" -999.0 -999.0 -999.0 -999.0 -999 -999 "" "" "" "" 0 0 0.0 0.0 -999 ""
FIBERMAP 298 R-12C13 BOSS 1 1 0 1 0 0 103.10417987678548 -234.9055308361723 143.1 56.42638459173182 -250.21976020034737 150.24707 154.9414 210.6462329079944 40.237187781852825 -999.0 -999.0 -999.0 210.64623290799437 40.23718778185283 210.58086064361052 40.109954200514046 57.3311162659471 65.44041948342657 5400.0 5400.0 2016.0 1 344 {-999.0 -999.0 -999.0 -999.0 -999.0} "" -999.0 -999.0 -999.0 -999.0 63050397233838466 1117899193 bright_1x1 openfibertargets_bhm_lofarradio_boss open_fiber science 0 0 0.0 0.0 -999 ""
FIBERMAP 298 R-12C13 METROLOGY 0 0 0 1 0 0 103.84107558910199 -234.82246132055357 143.1 57.16550601667957 -250.27867968663654 150.24707 154.9414 -999.0 -999.0 -999.0 -999.0 -999.0 210.65055920425766 40.23692092954044 210.585226944209 40.109693157947866 57.327777595098965 65.44091965423877 -999.0 6231.0 -999.0 -1 -999 {-999.0 -999.0 -999.0 -999.0 -999.0} "" -999.0 -999.0 -999.0 -999.0 -999 -999 "" "" "" "" 0 0 0.0 0.0 -999 ""
FIBERMAP 302 R-2C21 APOGEE 0 0 0 1 0 0 176.43171226552096 -59.08735161907106 143.1 161.91142822248923 -91.62476611542603 314.92773 51.682297 -999.0 -999.0 -999.0 -999.0 -999.0 211.2866594190624 40.94916500167089 211.21846506629208 40.82266834370748 56.83985694061131 64.13657730589847 -999.0 16600.0 -999.0 2 228 {-999.0 -999.0 -999.0 -999.0 -999.0} "" -999.0 -999.0 -999.0 -999.0 -999 -999 "" ops_sky_apogee_best_unassigned ops_sky sky_apogee 0 0 0.0 0.0 -999 ""
FIBERMAP 302 R-2C21 BOSS 1 1 0 1 0 0 175.6965035718436 -59.17956918939167 143.1 161.17221901062106 -91.57514730624331 314.92773 51.682297 211.28248096156688 40.949397499813784 -0.010470232 0.029250277 -0.18380392 211.2824809216247 40.94939758409252 211.21411868750053 40.82289336003357 56.84314234583054 64.13607804316268 5400.0 5400.0 2016.0 1 284 {-999.0 19.32142 19.283983 19.074488 -999.0} sdss_psfmag 19.623278 19.350613 18.957867 -999.0 63050394850054035 1117968648 bright_1x1 openfibertargets_bhm_lofarradio_boss open_fiber science 0 0 0.0 0.0 -999 ""
FIBERMAP 302 R-2C21 METROLOGY 0 0 0 1 0 0 175.98214036301363 -58.490040174168854 143.1 161.5840079439807 -90.95279467156686 314.92773 51.682297 -999.0 -999.0 -999.0 -999.0 -999.0 211.28494166928843 40.95220489833079 211.2166175468726 40.82570407242014 56.84121039484385 64.13099040467353 -999.0 6231.0 -999.0 -1 -999 {-999.0 -999.0 -999.0 -999.0 -999.0} "" -999.0 -999.0 -999.0 -999.0 -999 -999 "" "" "" "" 0 0 0.0 0.0 -999 ""
FIBERMAP 307 R0C7 APOGEE 0 0 0 1 0 0 -147.00162261461892 15.70647493543267 143.1 -141.2933538609689 43.435485040440355 98.212326 70.54625 -999.0 -999.0 -999.0 -999.0 -999.0 209.4558118926105 41.56602443995445 209.39019837924172 41.43705968840225 58.19522080750751 62.90580165749549 -999.0 16600.0 -999.0 2 250 {-999.0 -999.0 -999.0 -999.0 -999.0} "" -999.0 -999.0 -999.0 -999.0 -999 -999 "" ops_sky_apogee_best_unassigned ops_sky sky_apogee 0 0 0.0 0.0 -999 ""
FIBERMAP 307 R0C7 BOSS 1 1 0 1 0 0 -146.2790079254634 15.560770096174528 143.1 -140.6118549746759 43.154737800898104 98.212326 70.54625 209.46007487786054 41.56481083653916 -7.508719 -3.772347 0.6444277 209.4600459622222 41.56479996728356 209.39425698235027 41.43583408902535 58.192248215111476 62.90843334934334 5400.0 5400.0 2016.0 1 493 {-999.0 18.447054 17.795107 17.557577 -999.0} sdss_psfmag 18.291481 17.843811 17.223188 15.818 63050394850069472 936439517 bright_1x1 openfibertargets_nov2020_34a open_fiber science 0 0 0.0 0.0 -999 ""
FIBERMAP 307 R0C7 METROLOGY 0 0 0 1 0 0 -146.76907389169688 14.996762277336593 143.1 -141.20037325861162 42.694553417523736 98.212326 70.54625 -999.0 -999.0 -999.0 -999.0 -999.0 209.45646792737273 41.562678692557206 209.39073960350458 41.433710414962434 58.1949952461607 62.91218881575975 -999.0 6231.0 -999.0 -1 -999 {-999.0 -999.0 -999.0 -999.0 -999.0} "" -999.0 -999.0 -999.0 -999.0 -999 -999 "" "" "" "" 0 0 0.0 0.0 -999 ""
FIBERMAP 310 R+1C8 APOGEE 0 0 0 1 0 0 -119.32347081309263 -2.439685252209685 143.1 -117.58503622799418 20.348857667855736 357.27005 19.031706 -999.0 -999.0 -999.0 -999.0 -999.0 209.60028909762025 41.461916979035614 209.53459054954408 41.33315032040486 58.092360212439274 63.11295129689972 -999.0 16600.0 -999.0 2 -999 {-999.0 -999.0 -999.0 -999.0 -999.0} "" -999.0 -999.0 -999.0 -999.0 -999 -999 "" "" "" "" 0 0 0.0 0.0 -999 ""
FIBERMAP 310 R+1C8 BOSS 1 1 0 1 0 0 -120.03644659040528 -2.657328725119282 143.1 -118.32632971747944 20.271129035117845 357.27005 19.031706 209.59592559115208 41.4615513976003 -6.178058 1.0519587 0.44653782 209.59590183772764 41.46155442860324 209.5300445847407 41.332776154327355 58.09578792217728 63.11334211679423 5400.0 5400.0 2016.0 1 46 {-999.0 16.31341 15.871398 15.727303 -999.0} sdss_psfmag 16.233059 15.894385 15.392043 14.615 63050394850069221 943208496 bright_1x1 openfibertargets_nov2020_46 open_fiber science 0 0 0.0 0.0 -999 ""
FIBERMAP 310 R+1C8 METROLOGY 0 0 0 1 0 0 -119.86435642674147 -1.9257740405597232 143.1 -118.01798039350744 20.956373689709864 357.27005 19.031706 -999.0 -999.0 -999.0 -999.0 -999.0 209.59770870092703 41.46467882568082 209.53188840700545 41.335904012796675 58.09425178543768 63.107559423503005 -999.0 6231.0 -999.0 -1 -999 {-999.0 -999.0 -999.0 -999.0 -999.0} "" -999.0 -999.0 -999.0 -999.0 -999 -999 "" "" "" "" 0 0 0.0 0.0 -999 ""
FIBERMAP 322 R+11C6 APOGEE 0 0 0 1 0 0 -38.961414660513206 210.35110452943525 143.1 1.8517456601799402 213.89291375506082 21.503859 81.51662 -999.0 -999.0 -999.0 -999.0 -999.0 210.32770693051256 42.34076222618308 210.25834748450097 42.21279056691631 57.50371796743865 61.522136570420685 -999.0 16600.0 -999.0 2 4 {-999.0 -999.0 -999.0 -999.0 -999.0} "" -999.0 -999.0 -999.0 -999.0 -999 -999 "" "" "" "" 0 0 0.0 0.0 -999 ""
FIBERMAP 322 R+11C6 BOSS 1 1 0 1 0 0 -38.79137821910282 209.63200618338516 143.1 1.8815793969122359 213.15468483208636 21.503859 81.51662 210.32801067573266 42.33754213446031 12.251172 -15.500222 1.3946611 210.32805842968256 42.33749747370683 210.2585304491283 42.20951878417521 57.503791966909645 61.52823017090225 5400.0 5400.0 2016.0 1 143 {-999.0 19.48796 18.079458 17.393337 -999.0} sdss_psfmag 18.765444 17.977394 16.756426 14.796 63050394850078702 1094203531 bright_1x1 mwm_bin_vis_boss mwm_filler science 0 0 0.0 0.0 -999 ""
FIBERMAP 322 R+11C6 METROLOGY 0 0 0 1 0 0 -39.51488524176509 209.83338937942054 143.1 1.209817154153465 213.4902523444222 21.503859 81.51662 -999.0 -999.0 -999.0 -999.0 -999.0 210.32388951967266 42.339000196370655 210.25441729966792 42.21101790626494 57.50673640559023 61.525082678057174 -999.0 6231.0 -999.0 -1 -999 {-999.0 -999.0 -999.0 -999.0 -999.0} "" -999.0 -999.0 -999.0 -999.0 -999 -999 "" "" "" "" 0 0 0.0 0.0 -999 ""
FIBERMAP 325 R+6C4 APOGEE 0 0 0 1 0 0 -171.42007224642515 120.89764639971028 143.1 -145.21106506498518 151.33842448756948 177.90584 101.11135 -999.0 -999.0 -999.0 -999.0 -999.0 209.42838612722335 42.05493263475553 209.3617240179002 41.92585857739364 58.186770585765196 61.97770064675342 -999.0 16600.0 -999.0 2 -999 {-999.0 -999.0 -999.0 -999.0 -999.0} "" -999.0 -999.0 -999.0 -999.0 -999 -999 "" "" "" "" 0 0 0.0 0.0 -999 ""
FIBERMAP 325 R+6C4 BOSS 1 1 0 1 0 0 -171.54446776794006 121.64265671042088 143.1 -145.19116177930312 152.09338755368344 177.90584 101.11135 209.42861676721907 42.05838316840427 -999.0 -999.0 -999.0 209.42861676721907 42.05838316840427 209.36177631429504 41.929300276452835 58.18649842445002 61.97119184335239 5400.0 5400.0 2016.0 1 38 {-999.0 18.929235 18.138987 17.812572 -999.0} sdss_psfmag 18.415495 20.10836 17.06656 14.795 63050394850074828 1117968993 bright_1x1 openfibertargets_bhm_lofarradio_boss open_fiber science 0 0 0.0 0.0 -999 ""
FIBERMAP 325 R+6C4 METROLOGY 0 0 0 1 0 0 -170.84473316535758 121.37266947526358 143.1 -144.55580915259557 151.6950139665785 177.90584 101.11135 -999.0 -999.0 -999.0 -999.0 -999.0 209.43245099741293 42.056613891247984 209.36565410606795 41.927538531043005 58.18373950731956 61.97489700705978 -999.0 6231.0 -999.0 -1 -999 {-999.0 -999.0 -999.0 -999.0 -999.0} "" -999.0 -999.0 -999.0 -999.0 -999 -999 "" "" "" "" 0 0 0.0 0.0 -999 ""
FIBERMAP 333 R+12C2 APOGEE 0 0 0 1 0 0 -150.3635150279509 238.32023634533206 143.1 -102.16216541029944 262.579211826947 186.05264 87.78814 -999.0 -999.0 -999.0 -999.0 -999.0 209.69009245023142 42.55635140407712 209.62167459986506 42.427530481745976 57.95800129030457 61.058214606867296 -999.0 16600.0 -999.0 2 132 {-999.0 -999.0 -999.0 -999.0 -999.0} "" -999.0 -999.0 -999.0 -999.0 -999 -999 "" ops_sky_apogee_best_unassigned ops_sky sky_apogee 0 0 0.0 0.0 -999 ""
FIBERMAP 333 R+12C2 BOSS 1 1 0 1 0 0 -150.413228398499 239.0555034827962 143.1 -102.07081615153955 263.3103769469653 186.05264 87.78814 209.69086604254335 42.55966791434468 -8.576541 -20.558897 0.48790315 209.69083249322028 42.55960867805171 209.62223255659302 42.43077828669567 57.95733629411979 61.05217259548936 5400.0 5400.0 2016.0 1 6 {-999.0 17.08196 16.735441 16.594204 -999.0} sdss_psfmag 17.04057 16.741947 16.282032 15.671 63050394850075481 976713980 "" ops_std_boss ops_std standard_boss 0 0 0.0 0.0 -999 ""
FIBERMAP 333 R+12C2 METROLOGY 0 0 0 1 0 0 -149.73977070407204 238.7390788709228 143.1 -101.4701063334822 262.87143197874695 186.05264 87.78814 -999.0 -999.0 -999.0 -999.0 -999.0 209.69445801397973 42.557685421603786 209.62590330419278 42.42886265218622 57.9547852763541 61.056171999713285 -999.0 6231.0 -999.0 -1 -999 {-999.0 -999.0 -999.0 -999.0 -999.0} "" -999.0 -999.0 -999.0 -999.0 -999 -999 "" "" "" "" 0 0 0.0 0.0 -999 ""
FIBERMAP 343 R+11C1 APOGEE 0 0 0 1 0 0 -179.69086566245815 213.17049409703097 143.1 -135.74158532539184 243.48378962305569 168.30087 130.04068 -999.0 -999.0 -999.0 -999.0 -999.0 209.48486393399804 42.46924892405993 209.41711853883805 42.34018233499236 58.11548210153072 61.20031867039904 -999.0 16600.0 -999.0 2 139 {-999.0 -999.0 -999.0 -999.0 -999.0} "" -999.0 -999.0 -999.0 -999.0 -999 -999 "" "" "" "" 0 0 0.0 0.0 -999 ""
FIBERMAP 343 R+11C1 BOSS 1 1 0 1 0 0 -180.03394976189648 213.81375448588835 143.1 -135.9557261854658 244.18056454392482 168.30087 130.04068 209.4833406880185 42.47244202870743 -24.167896 -33.83058 0.5342165 209.48373229874827 42.4723445527156 209.41581084094702 42.34326619066504 58.11620313419334 61.194354453869046 5400.0 5400.0 2016.0 1 9 {-999.0 12.966489 12.364579 12.116033 -999.0} sdss_psfmag_from_g3xp 12.81621 12.3788395 11.770702 10.523 63050394850075652 1068323904 bright_single_1x1 manual_mwm_validation_cool_boss mwm_validation science 0 0 1.290555715560913 0.0 -999 ""
FIBERMAP 343 R+11C1 METROLOGY 0 0 0 1 0 0 -179.29158628597727 213.79458407365783 143.1 -135.2307252708861 244.02025093391404 168.30087 130.04068 -999.0 -999.0 -999.0 -999.0 -999.0 209.48810770506122 42.471677289587106 209.42022644487997 42.34260724975957 58.1130013999949 61.19608406651878 -999.0 6231.0 -999.0 -1 -999 {-999.0 -999.0 -999.0 -999.0 -999.0} "" -999.0 -999.0 -999.0 -999.0 -999 -999 "" "" "" "" 0 0 0.0 0.0 -999 ""
FIBERMAP 361 R+13C14 APOGEE 1 1 0 1 0 0 161.3801444021831 254.94310888922791 143.1 206.9931629732344 219.47563845143992 32.319397 92.49693 211.58057754434665 42.35262931753129 -3.9195101 -1.6939274 0.050239585 211.58056226277756 42.35262443682233 211.50835068329738 42.22630365723249 56.57870689392367 61.59291058502556 16000.0 16600.0 2016.0 2 98 {-999.0 13.854807 12.541543 12.022383 -999.0} sdss_psfmag_from_g3xp 13.372249 12.53656 11.645148 9.678 63050394850064047 1151627164 bright_1x1 mwm_galactic_core_dist_apogee_sparse mwm_galactic science 0 0 0.0 0.0 -999 ""
FIBERMAP 361 R+13C14 BOSS 0 0 0 1 0 0 161.79939190749812 254.33839736660704 143.1 207.28940834807585 218.8021835223084 32.319397 92.49693 -999.0 -999.0 -999.0 -999.0 -999.0 211.5824813401394 42.34956689300198 211.51009123020071 42.223242658998345 56.57756728889723 61.598574453132414 -999.0 5400.0 -999.0 1 90 {-999.0 -999.0 -999.0 -999.0 -999.0} "" -999.0 -999.0 -999.0 -999.0 -999 -999 "" "" "" "" 0 0 0.0 0.0 -999 ""
FIBERMAP 361 R+13C14 METROLOGY 0 0 0 1 0 0 161.06015316366057 254.26604466657872 143.1 206.55002982279265 218.87206851604856 32.319397 92.49693 -999.0 -999.0 -999.0 -999.0 -999.0 211.57796534744224 42.34996802860163 211.5056359175138 42.2236394942712 56.5808435844957 61.597565711851246 -999.0 6231.0 -999.0 -1 -999 {-999.0 -999.0 -999.0 -999.0 -999.0} "" -999.0 -999.0 -999.0 -999.0 -999 -999 "" "" "" "" 0 0 0.0 0.0 -999 ""
FIBERMAP 368 R-8C2 APOGEE 0 0 0 1 0 0 -176.21288466512823 -137.88432764569714 143.1 -199.24016619056658 -101.75130990041416 114.254295 79.169975 -999.0 -999.0 -999.0 -999.0 -999.0 209.11774816619626 40.90463795079173 209.05434355694888 40.77535118738293 58.47874890556993 64.14265549236069 -999.0 16600.0 -999.0 2 -999 {-999.0 -999.0 -999.0 -999.0 -999.0} "" -999.0 -999.0 -999.0 -999.0 -999 -999 "" "" "" "" 0 0 0.0 0.0 -999 ""
FIBERMAP 368 R-8C2 BOSS 1 1 0 1 0 0 -175.3836366563446 -137.74844966838052 143.1 -198.40033237586658 -101.77599878155955 114.254295 79.169975 209.12289144153468 40.90481108101931 -6.5862713 -93.70919 2.1488543 209.12286633308784 40.904541077008524 209.0592851591879 40.77525628997816 58.475013316257794 64.14311700607615 5400.0 5400.0 2016.0 1 489 {-999.0 19.601255 18.964924 18.085918 -999.0} sdss_psfmag 19.710117 19.004753 17.744883 15.862 63050394850068476 1072729111 bright_1x1 mwm_halo_local_high_boss_single mwm_halo science 0 0 0.0 0.0 -999 ""
FIBERMAP 368 R-8C2 METROLOGY 0 0 0 1 0 0 -175.70256520227798 -138.42860333535086 143.1 -198.84301131700286 -102.3828036641728 114.254295 79.169975 -999.0 -999.0 -999.0 -999.0 -999.0 209.1202544678792 40.90178422560714 209.05673218198342 40.77249750892404 58.47705303269035 64.148244821253 -999.0 6231.0 -999.0 -1 -999 {-999.0 -999.0 -999.0 -999.0 -999.0} "" -999.0 -999.0 -999.0 -999.0 -999 -999 "" "" "" "" 0 0 0.0 0.0 -999 ""
FIBERMAP 372 R+12C4 APOGEE 0 0 0 1 0 0 -101.82402188247497 246.83224572749538 143.1 -52.8965906015014 261.6822315322424 169.13281 71.249825 -999.0 -999.0 -999.0 -999.0 -999.0 209.99204732194366 42.55421916307927 209.92294442165667 42.42578288543536 57.73640259001597 61.09335791856347 -999.0 16600.0 -999.0 2 -999 {-999.0 -999.0 -999.0 -999.0 -999.0} "" -999.0 -999.0 -999.0 -999.0 -999 -999 "" "" "" "" 0 0 0.0 0.0 -999 ""
FIBERMAP 372 R+12C4 BOSS 1 1 0 1 0 0 -101.48005220951703 247.48249172621053 143.1 -52.43503345834514 262.254908096024 169.13281 71.249825 209.99505606853072 42.55679115521043 0.1653444 1.3420849 -0.14842217 209.99505671528826 42.55679502215557 209.92576661687022 42.42835262059421 57.73413434775446 61.088847221711504 5400.0 5400.0 2016.0 1 93 {-999.0 21.37308 20.404568 19.916626 -999.0} sdss_psfmag 20.319315 20.49677 19.183199 -999.0 63050394850072117 1117015567 bright_1x1 openfibertargets_bhm_quaia_boss open_fiber science 0 0 0.0 0.0 -999 ""
FIBERMAP 372 R+12C4 METROLOGY 0 0 0 1 0 0 -101.07820832074086 246.85283969858514 143.1 -52.16062407364242 261.5602904106608 169.13281 71.249825 -999.0 -999.0 -999.0 -999.0 -999.0 209.99668700711487 42.55370307508369 209.92744989497407 42.42526595850379 57.733124377926465 61.09478583297425 -999.0 6231.0 -999.0 -1 -999 {-999.0 -999.0 -999.0 -999.0 -999.0} "" -999.0 -999.0 -999.0 -999.0 -999 -999 "" "" "" "" 0 0 0.0 0.0 -999 ""
FIBERMAP 373 R-8C13 APOGEE 0 0 0 1 0 0 75.20596876574018 -161.26674645921187 143.1 43.0791690477527 -172.62330078071773 295.07922 142.3049 -999.0 -999.0 -999.0 -999.0 -999.0 210.56996540637795 40.58587215373998 210.50414093362394 40.458485587987354 57.38688832367606 64.79340222442892 -999.0 16600.0 -999.0 2 -999 {-999.0 -999.0 -999.0 -999.0 -999.0} "" -999.0 -999.0 -999.0 -999.0 -999 -999 "" "" "" "" 0 0 0.0 0.0 -999 ""
FIBERMAP 373 R-8C13 BOSS 1 1 0 1 0 0 75.05067698918755 -161.99099419958534 143.1 42.78870063938059 -173.30457525660853 295.07922 142.3049 210.5683903125668 40.582775373562356 0.6883859 -9.31398 0.52755386 210.56839292419266 40.582748537219494 210.50240706167148 40.455358819798604 57.38824830201538 64.7991713356756 5400.0 5400.0 2016.0 1 353 {-999.0 15.890528 15.4741 15.341975 -999.0} sdss_psfmag 15.782543 15.479186 15.005096 14.203 63050394850051824 978130018 "" ops_std_boss ops_std standard_boss 0 0 0.0 0.0 -999 ""
FIBERMAP 373 R-8C13 METROLOGY 0 0 0 1 0 0 74.49957067993044 -161.50687918267153 143.1 42.340045251341344 -172.72435710580373 295.07922 142.3049 -999.0 -999.0 -999.0 -999.0 -999.0 210.56567935634797 40.58538402040664 210.49974207921355 40.457990706965205 57.39024151730439 64.79423902214097 -999.0 6231.0 -999.0 -1 -999 {-999.0 -999.0 -999.0 -999.0 -999.0} "" -999.0 -999.0 -999.0 -999.0 -999 -999 "" "" "" "" 0 0 0.0 0.0 -999 ""
FIBERMAP 375 R+2C25 APOGEE 1 1 0 1 0 0 271.2625484241501 26.20853119856267 143.1 271.2488101758514 -25.97907686375028 279.7542 119.689674 211.94513081974813 41.23951011900766 -6.3324385 -4.475146 0.095164195 211.94510655566503 41.23949722478095 211.87480508423997 41.113843042856224 56.34007258695828 63.62096809039719 16000.0 16600.0 2016.0 2 57 {-999.0 13.916019 13.060733 12.702318 -999.0} sdss_psfmag_from_g3xp 13.658599 13.075759 12.347164 10.786 63050394850057850 1105346607 bright_flexible_2x1 mwm_tess_rgb_apogee mwm_tessrgb science 0 0 0.0 0.0 -999 ""
FIBERMAP 375 R+2C25 BOSS 0 0 0 1 0 0 270.70208648106836 25.731044862953155 143.1 270.6076871712794 -26.340919752912637 279.7542 119.689674 -999.0 -999.0 -999.0 -999.0 -999.0 211.94145084959672 41.237917169997324 211.87098063443523 41.11225625109583 56.34297684167444 63.62375491257876 -999.0 5400.0 -999.0 1 176 {-999.0 -999.0 -999.0 -999.0 -999.0} "" -999.0 -999.0 -999.0 -999.0 -999 -999 "" "" "" "" 0 0 0.0 0.0 -999 ""
FIBERMAP 375 R+2C25 METROLOGY 0 0 0 1 0 0 270.5603574462891 26.458228433606383 143.1 270.60717918525404 -25.600150404020187 279.7542 119.689674 -999.0 -999.0 -999.0 -999.0 -999.0 211.94149141507054 41.24126512590776 211.8710641937389 41.11560429483594 56.34286488280156 63.61771623283596 -999.0 6231.0 -999.0 -1 -999 {-999.0 -999.0 -999.0 -999.0 -999.0} "" -999.0 -999.0 -999.0 -999.0 -999 -999 "" "" "" "" 0 0 0.0 0.0 -999 ""
FIBERMAP 380 R-1C10 APOGEE 0 0 0 1 0 0 -99.7494273647978 -15.899418454085476 143.1 -100.93792492680096 3.4067897039135175 236.08173 31.536463 -999.0 -999.0 -999.0 -999.0 -999.0 209.70168866840243 41.38528580695166 209.63593948329026 41.25665926080064 58.019913268945935 63.26416083302104 -999.0 16600.0 -999.0 2 -999 {-999.0 -999.0 -999.0 -999.0 -999.0} "" -999.0 -999.0 -999.0 -999.0 -999 -999 "" "" "" "" 0 0 0.0 0.0 -999 ""
FIBERMAP 380 R-1C10 BOSS 1 1 0 1 0 0 -99.75294358625378 -15.138216366268614 143.1 -100.79628830669596 4.154605508980371 236.08173 31.536463 209.70262745446348 41.38870043316666 -999.0 -999.0 -999.0 209.70262745446348 41.38870043316666 209.63669900385304 41.26006873581013 58.01918745974035 63.25777920350768 5400.0 5400.0 2016.0 1 441 {-999.0 22.824686 20.916384 20.233553 -999.0} sdss_psfmag -999.0 -999.0 -999.0 -999.0 63050397945151649 1118043889 bright_1x1 openfibertargets_bhm_lofarradio_boss open_fiber science 0 0 0.0 0.0 -999 ""
FIBERMAP 380 R-1C10 METROLOGY 0 0 0 1 0 0 -99.10251425918202 -15.52771236818651 143.1 -100.23210928524402 3.6483277907548715 236.08173 31.536463 -999.0 -999.0 -999.0 -999.0 -999.0 209.70602423714843 41.386407707596355 209.6401415196476 41.25778232791594 58.016706499283586 63.26231419874193 -999.0 6231.0 -999.0 -1 -999 {-999.0 -999.0 -999.0 -999.0 -999.0} "" -999.0 -999.0 -999.0 -999.0 -999 -999 "" "" "" "" 0 0 0.0 0.0 -999 ""
FIBERMAP 382 R+9C5 APOGEE 1 1 0 1 0 0 -104.69375018527414 183.196641986977 143.1 -67.84250553335318 199.76871443574314 78.21773 147.40442 209.90081368230182 42.276906658009764 -149.09357 -97.598145 4.81992 209.90023309087664 42.276625447305605 209.83199154607135 42.14811575271911 57.823236820995156 61.60386378264038 16000.0 16600.0 2016.0 2 112 {-999.0 12.834897 12.292627 12.094555 -999.0} sdss_psfmag_from_g3xp 12.712824 12.318717 11.754074 10.645 63050394850071919 1072419014 bright_1x1 mwm_halo_local_high_apogee_single mwm_halo science 0 0 0.0 0.0 -999 ""
FIBERMAP 382 R+9C5 BOSS 0 0 0 1 0 0 -104.12224030248655 183.67490069202432 143.1 -67.19039138576416 200.12920965380025 78.21773 147.40442 -999.0 -999.0 -999.0 -999.0 -999.0 209.90437988585066 42.27831729687952 209.8359527635406 42.149802798742094 57.820192377256475 61.601077032291755 -999.0 5400.0 -999.0 1 80 {-999.0 -999.0 -999.0 -999.0 -999.0} "" -999.0 -999.0 -999.0 -999.0 -999 -999 "" "" "" "" 0 0 0.0 0.0 -999 ""
FIBERMAP 382 R+9C5 METROLOGY 0 0 0 1 0 0 -103.98796473123673 182.92794937950518 143.1 -67.20096703045849 199.37045825502332 78.21773 147.40442 -999.0 -999.0 -999.0 -999.0 -999.0 209.90427079724373 42.27489287928859 209.83590095258228 42.1463812459577 57.82046245429358 61.60748192680467 -999.0 6231.0 -999.0 -1 -999 {-999.0 -999.0 -999.0 -999.0 -999.0} "" -999.0 -999.0 -999.0 -999.0 -999 -999 "" "" "" "" 0 0 0.0 0.0 -999 ""
FIBERMAP 383 R+6C1 APOGEE 0 0 0 1 0 0 -241.98850111081816 122.40126754868041 143.1 -214.18976959040083 166.26488093483135 202.58705 67.740105 -999.0 -999.0 -999.0 -999.0 -999.0 209.00996046011215 42.11682663372823 208.94410291825955 41.98722120168058 58.49216524138981 61.818873280315984 -999.0 16600.0 -999.0 2 119 {-999.0 -999.0 -999.0 -999.0 -999.0} "" -999.0 -999.0 -999.0 -999.0 -999 -999 "" ops_sky_apogee_best_unassigned ops_sky sky_apogee 0 0 0.0 0.0 -999 ""
FIBERMAP 383 R+6C1 BOSS 1 1 0 1 0 0 -242.01326485601393 123.12558727236221 143.1 -214.07601804754927 166.98054530775545 202.58705 67.740105 209.0108785873412 42.12006622792747 -22.694735 -1.0547569 1.6754256 209.010790429524 42.1200631888259 208.94475544382803 41.990449282231715 58.491439473959055 61.81278356536774 5400.0 5400.0 2016.0 1 83 {-999.0 17.130909 15.848892 15.288343 -999.0} sdss_psfmag 16.609276 15.803144 14.918385 13.208 63050394850073442 936439638 bright_1x1 openfibertargets_nov2020_34a open_fiber science 0 0 0.0 0.0 -999 ""
FIBERMAP 383 R+6C1 METROLOGY 0 0 0 1 0 0 -241.34916199512452 122.79297957252261 143.1 -213.48757487101358 166.52749915682142 202.58705 67.740105 -999.0 -999.0 -999.0 -999.0 -999.0 209.01430860928969 42.11808087122746 208.94831800058614 41.98847390870312 58.488947146844744 61.81693244031061 -999.0 6231.0 -999.0 -1 -999 {-999.0 -999.0 -999.0 -999.0 -999.0} "" -999.0 -999.0 -999.0 -999.0 -999 -999 "" "" "" "" 0 0 0.0 0.0 -999 ""
FIBERMAP 386 R-4C2 APOGEE 0 0 0 1 0 0 -231.1093226120554 -69.38219377094822 143.1 -240.06611914288996 -24.050685641339737 112.32235 134.32817 -999.0 -999.0 -999.0 -999.0 -999.0 208.8671818895596 41.25447134512079 208.8035614126469 41.1248209013625 58.65199090700074 63.45666199510748 -999.0 16600.0 -999.0 2 -999 {-999.0 -999.0 -999.0 -999.0 -999.0} "" -999.0 -999.0 -999.0 -999.0 -999 -999 "" "" "" "" 0 0 0.0 0.0 -999 ""
FIBERMAP 386 R-4C2 BOSS 1 1 0 1 0 0 -230.82231967546363 -68.68950480137046 143.1 -239.6523869926903 -23.425491796893024 112.32235 134.32817 208.87010050411092 41.257337552714304 -101.1749 -3.2466874 11.931211 208.86971272519148 41.25732819739311 208.80591366660735 41.12767667148762 58.65007218345057 63.45135828509086 5400.0 5400.0 2016.0 1 486 {-999.0 17.791298 16.350588 14.91795 -999.0} sdss_psfmag 17.217573 15.632853 14.415067 12.148 63050394850072186 1132517484 bright_2x1 mwm_snc_100pc_boss mwm_snc science 0 0 0.0 0.0 -999 ""
FIBERMAP 386 R-4C2 METROLOGY 0 0 0 1 0 0 -230.3686005037569 -69.29279165246312 143.1 -239.32203496350286 -24.104118788797454 112.32235 134.32817 -999.0 -999.0 -999.0 -999.0 -999.0 208.8717036562902 41.254276803421014 208.807955426484 41.12462731404796 58.64869560849661 63.45736576933109 -999.0 6231.0 -999.0 -1 -999 {-999.0 -999.0 -999.0 -999.0 -999.0} "" -999.0 -999.0 -999.0 -999.0 -999 -999 "" "" "" "" 0 0 0.0 0.0 -999 ""
FIBERMAP 388 R+2C3 APOGEE 1 1 0 1 0 0 -221.16459225365244 55.39290762609346 143.1 -206.5224378046627 96.52479538355601 107.572525 83.56052 209.05915627125407 41.802980676187644 2.5310113 -7.798071 0.25806698 209.05916605417403 41.802958207629004 208.99390423399774 41.67346176412859 58.47717213686366 62.42261381750526 16000.0 16600.0 2016.0 2 116 {-999.0 11.657286 10.297381 9.597687 -999.0} sdss_psfmag_from_g3xp 11.1081085 10.165166 9.207013 7.006 63050394850073190 1103502847 bright_1x1 mwm_tess_2min_apogee mwm_planet science 0 0 0.0 0.0 -999 ""
FIBERMAP 388 R+2C3 BOSS 0 0 0 1 0 0 -220.43506546402335 55.56106392045909 143.1 -205.77433137444942 96.55079599275622 107.572525 83.56052 -999.0 -999.0 -999.0 -999.0 -999.0 209.06379415774236 41.80315664629085 208.998354197323 41.673657666301885 58.47384257392605 62.422655676771 -999.0 5400.0 -999.0 1 60 {-999.0 -999.0 -999.0 -999.0 -999.0} "" -999.0 -999.0 -999.0 -999.0 -999 -999 "" "" "" "" 0 0 0.0 0.0 -999 ""
FIBERMAP 388 R+2C3 METROLOGY 0 0 0 1 0 0 -220.64281212261005 54.851529184456034 143.1 -206.113481671458 95.89396092133711 107.572525 83.56052 -999.0 -999.0 -999.0 -999.0 -999.0 209.0617468856245 41.80015378617039 208.99636569034476 41.670655050437446 58.475520931130916 62.42820029923854 -999.0 6231.0 -999.0 -1 -999 {-999.0 -999.0 -999.0 -999.0 -999.0} "" -999.0 -999.0 -999.0 -999.0 -999 -999 "" "" "" "" 0 0 0.0 0.0 -999 ""
FIBERMAP 394 R-1C26 APOGEE 0 0 0 1 0 0 288.81153692768646 -35.26240445713881 143.1 276.75715022461344 -89.65978133471867 335.37137 75.152275 -999.0 -999.0 -999.0 -999.0 -999.0 211.96833680595734 40.9516289834296 211.89867510179943 40.8260512362702 56.325124844902795 64.14041915798396 -999.0 16600.0 -999.0 2 240 {-999.0 -999.0 -999.0 -999.0 -999.0} "" -999.0 -999.0 -999.0 -999.0 -999 -999 "" ops_sky_apogee_best_unassigned ops_sky sky_apogee 0 0 0.0 0.0 -999 ""
FIBERMAP 394 R-1C26 BOSS 1 1 0 1 0 0 288.34447304737364 -35.84007759551072 143.1 276.18860460612575 -90.1377629734679 335.37137 75.152275 211.96507650706553 40.949522099266616 0.15178716 -0.76539457 -0.24571079 211.96507708610864 40.94951989393755 211.89524757160615 40.823937114505384 56.32773272441527 64.14420035478122 5400.0 5400.0 2016.0 1 262 {-999.0 20.374235 20.378946 20.022076 -999.0} sdss_psfmag 20.15954 19.934694 19.618568 -999.0 63050394850057412 1117015551 bright_1x1 openfibertargets_bhm_quaia_boss open_fiber science 0 0 0.0 0.0 -999 ""
FIBERMAP 394 R-1C26 METROLOGY 0 0 0 1 0 0 288.0649223281947 -35.14209202555176 143.1 276.04725472836344 -89.39938313136669 335.37137 75.152275 -999.0 -999.0 -999.0 -999.0 -999.0 211.96431358214718 40.9528559376067 211.89452870843957 40.82727184955128 56.32825399313894 64.13817919320263 -999.0 6231.0 -999.0 -1 -999 {-999.0 -999.0 -999.0 -999.0 -999.0} "" -999.0 -999.0 -999.0 -999.0 -999 -999 "" "" "" "" 0 0 0.0 0.0 -999 ""
FIBERMAP 396 R+11C2 APOGEE 0 0 0 1 0 0 -140.97836838606884 231.14749557050965 143.1 -94.31747719045283 253.75008072601307 113.61025 70.9938 -999.0 -999.0 -999.0 -999.0 -999.0 209.7380863295449 42.517427518835966 209.66965008164323 42.38867341361556 57.92569339280704 61.1363702107011 -999.0 16600.0 -999.0 2 -999 {-999.0 -999.0 -999.0 -999.0 -999.0} "" -999.0 -999.0 -999.0 -999.0 -999 -999 "" "" "" "" 0 0 0.0 0.0 -999 ""
FIBERMAP 396 R+11C2 BOSS 1 1 0 1 0 0 -140.23609118656964 231.22370653768536 143.1 -93.57438091827557 253.683403611206 113.61025 70.9938 209.7428220773802 42.517183976972056 -3.5515103 -2.4697316 0.031965185 209.74280819418067 42.51717686094109 209.67418892162323 42.38841899797078 57.92237034831515 61.13733109704195 5400.0 5400.0 2016.0 1 17 {-999.0 16.688976 16.36215 16.255184 -999.0} sdss_psfmag 16.644085 16.36607 15.918006 15.073 63050394850075464 943208521 bright_1x1 openfibertargets_nov2020_46 open_fiber science 0 0 0.0 0.0 -999 ""
FIBERMAP 396 R+11C2 METROLOGY 0 0 0 1 0 0 -140.5387364399328 230.54468072957718 143.1 -94.00086228286015 253.07460210492167 113.61025 70.9938 -999.0 -999.0 -999.0 -999.0 -999.0 209.7401468926916 42.51443921990394 209.6715891285097 42.385681174059144 57.92449437686866 61.14219488441711 -999.0 6231.0 -999.0 -1 -999 {-999.0 -999.0 -999.0 -999.0 -999.0} "" -999.0 -999.0 -999.0 -999.0 -999 -999 "" "" "" "" 0 0 0.0 0.0 -999 ""
FIBERMAP 402 R+12C13 APOGEE 0 0 0 1 0 0 128.3302935245393 230.17752466830515 143.1 169.83320506809778 201.46680254971108 17.7829 88.11161 -999.0 -999.0 -999.0 -999.0 -999.0 211.35470381703382 42.27609897413933 211.28318704244646 42.14948734742142 56.7490868334693 61.7177284234009 -999.0 16600.0 -999.0 2 -999 {-999.0 -999.0 -999.0 -999.0 -999.0} "" -999.0 -999.0 -999.0 -999.0 -999 -999 "" "" "" "" 0 0 0.0 0.0 -999 ""
FIBERMAP 402 R+12C13 BOSS 1 1 0 1 0 0 128.53755411101477 229.4507857740003 143.1 169.8981192459628 200.71397911154125 17.7829 88.11161 211.35535739251227 42.27297703285158 -24.982494 -85.80632 6.0478663 211.35526011316105 42.27272979931846 211.2835691029961 42.14611428985394 56.74896951764464 61.72389813427784 5400.0 5400.0 2016.0 1 100 {-999.0 17.39871 16.023993 15.108695 -999.0} sdss_psfmag 16.775211 15.934264 14.647816 12.763 63050394850063979 1095535438 bright_1x1 mwm_bin_vis_boss mwm_filler science 0 0 0.0 0.0 -999 ""
FIBERMAP 402 R+12C13 METROLOGY 0 0 0 1 0 0 127.81627390077841 229.63674208084458 143.1 169.22560227325872 201.03398017163298 17.7829 88.11161 -999.0 -999.0 -999.0 -999.0 -999.0 211.35113227963964 42.27422663052771 211.27949883884776 42.147605808999714 56.7519104617583 61.72091084293885 -999.0 6231.0 -999.0 -1 -999 {-999.0 -999.0 -999.0 -999.0 -999.0} "" -999.0 -999.0 -999.0 -999.0 -999 -999 "" "" "" "" 0 0 0.0 0.0 -999 ""
FIBERMAP 404 R+1C23 APOGEE 0 0 0 1 0 0 202.332207590141 36.754106919312065 143.1 205.6013741800227 -2.4898617064731376 173.71323 52.54824 -999.0 -999.0 -999.0 -999.0 -999.0 211.5569348882547 41.35101620597717 211.48720709579823 41.22481936849818 56.62975832951161 63.41031894407416 -999.0 16600.0 -999.0 2 -999 {-999.0 -999.0 -999.0 -999.0 -999.0} "" -999.0 -999.0 -999.0 -999.0 -999 -999 "" "" "" "" 0 0 0.0 0.0 -999 ""
FIBERMAP 404 R+1C23 BOSS 1 1 0 1 0 0 202.84082024969388 37.305701311974246 143.1 206.20573062631084 -2.0453965886170242 173.71323 52.54824 211.56072022016463 41.35287944885135 -97.16021 38.08349 6.181302 211.56084175112025 41.352989178090034 211.49092109080217 41.22679575471614 56.626921933538334 63.406839132528276 5400.0 5400.0 2016.0 1 182 {-999.0 13.013711 12.232019 11.964301 -999.0} sdss_psfmag_from_g3xp 12.78739 12.280419 11.620015 10.35 63050394850061756 996750272 bright_1x1 mwm_bin_gaia_sb_boss mwm_bin science 0 0 1.3362324237823486 0.0 -999 ""
FIBERMAP 404 R+1C23 METROLOGY 0 0 0 1 0 0 203.05898022391227 36.58539557021855 143.1 206.28256910444344 -2.7939831332171736 173.71323 52.54824 -999.0 -999.0 -999.0 -999.0 -999.0 211.56116498136552 41.34958844445036 211.49130326315571 41.22339539630561 56.626709619215774 63.41303061770259 -999.0 6231.0 -999.0 -1 -999 {-999.0 -999.0 -999.0 -999.0 -999.0} "" -999.0 -999.0 -999.0 -999.0 -999 -999 "" "" "" "" 0 0 0.0 0.0 -999 ""
FIBERMAP 409 R+9C6 APOGEE 0 0 0 1 0 0 -69.7842178376196 156.06598433874768 143.1 -38.748821435326754 166.48517120310015 350.2866 49.94652 -999.0 -999.0 -999.0 -999.0 -999.0 210.07844621754987 42.127091858731625 210.01015308305045 41.998832041312475 57.7009049499228 61.899140646646174 -999.0 16600.0 -999.0 2 17 {-999.0 -999.0 -999.0 -999.0 -999.0} "" -999.0 -999.0 -999.0 -999.0 -999 -999 "" ops_sky_apogee_best_unassigned ops_sky sky_apogee 0 0 0.0 0.0 -999 ""
FIBERMAP 409 R+9C6 BOSS 1 1 0 1 0 0 -70.35120280278095 155.58313429395784 143.1 -39.397369349387745 166.1193069638633 350.2866 49.94652 210.07463066897375 42.125494182454695 -0.18028358 -0.09458919 0.1697385 210.0746299686012 42.12549390991515 210.00617574121938 41.9972215600718 57.703954019775175 61.901809625373076 5400.0 5400.0 2016.0 1 147 {-999.0 19.826843 19.704489 19.391966 -999.0} sdss_psfmag 19.463234 19.25279 18.825304 -999.0 63050394850071627 1117015671 bright_1x1 openfibertargets_bhm_quaia_boss open_fiber science 0 0 0.0 0.0 -999 ""
FIBERMAP 409 R+9C6 METROLOGY 0 0 0 1 0 0 -70.50083739351543 156.32124162790151 143.1 -39.40355479666788 166.8723051839386 350.2866 49.94652 -999.0 -999.0 -999.0 -999.0 -999.0 210.0745472831815 42.12888394461044 210.0061344745876 42.00061316351501 57.70377636314883 61.89547027318537 -999.0 6231.0 -999.0 -1 -999 {-999.0 -999.0 -999.0 -999.0 -999.0} "" -999.0 -999.0 -999.0 -999.0 -999 -999 "" "" "" "" 0 0 0.0 0.0 -999 ""
FIBERMAP 410 R-2C2 APOGEE 0 0 0 1 0 0 -249.7209475753876 -47.20931510875482 143.1 -254.10782665384548 1.2601888602945344 203.14224 153.42929 -999.0 -999.0 -999.0 -999.0 -999.0 208.78121734753847 41.368127030920014 208.7175378744422 41.23835342212035 58.71046124778117 63.23179212847981 -999.0 16600.0 -999.0 2 -999 {-999.0 -999.0 -999.0 -999.0 -999.0} "" -999.0 -999.0 -999.0 -999.0 -999 -999 "" "" "" "" 0 0 0.0 0.0 -999 ""
FIBERMAP 410 R-2C2 BOSS 1 1 0 1 0 0 -250.47481734340775 -47.187711786987045 143.1 -254.84365766189256 1.4250835948059195 203.14224 153.42929 208.77692517490607 41.36881933128692 11.6552 2.5250654 2.5973802 208.77696992294196 41.36882660674165 208.71313311962115 41.23904123320203 58.71372922483494 63.23010876663892 5400.0 5400.0 2016.0 1 435 {-999.0 16.4069 15.263186 14.837631 -999.0} sdss_psfmag 15.969842 15.277645 14.468078 12.843 63050394850072471 1118495266 bright_1x1 openfibertargets_mwm_snc_further_ext_boss open_fiber science 0 0 0.0 0.0 -999 ""
FIBERMAP 410 R-2C2 METROLOGY 0 0 0 1 0 0 -250.07277412304202 -46.55137889537439 143.1 -254.32775125660453 1.9730349421121334 203.14224 153.42929 -999.0 -999.0 -999.0 -999.0 -999.0 208.77994257866573 41.371342165173076 208.71614077748552 41.241561457220925 58.71132843388999 63.22551054323378 -999.0 6231.0 -999.0 -1 -999 {-999.0 -999.0 -999.0 -999.0 -999.0} "" -999.0 -999.0 -999.0 -999.0 -999 -999 "" "" "" "" 0 0 0.0 0.0 -999 ""
FIBERMAP 415 R-2C4 APOGEE 0 0 0 1 0 0 -191.1476457258816 -36.46955239358161 143.1 -194.56911120444877 0.6373430778242747 355.65903 134.77658 -999.0 -999.0 -999.0 -999.0 -999.0 209.13702800811842 41.3690291453601 209.0725601109691 41.2396956114565 58.44381840504499 63.25705302704347 -999.0 16600.0 -999.0 2 -999 {-999.0 -999.0 -999.0 -999.0 -999.0} "" -999.0 -999.0 -999.0 -999.0 -999 -999 "" "" "" "" 0 0 0.0 0.0 -999 ""
FIBERMAP 415 R-2C4 BOSS 1 1 0 1 0 0 -190.65885599161544 -37.02195500233387 143.1 -194.19463750842644 0.001976113290156331 355.65903 134.77658 209.1396782019458 41.36622835751213 -67.119225 -20.342808 5.053639 209.13942052032516 41.366169743553954 209.07478632425847 41.236834261141716 58.44229559839444 63.26267958956491 5400.0 5400.0 2016.0 1 474 {-999.0 18.37983 17.005228 15.695778 -999.0} sdss_psfmag 17.850586 16.40226 15.219881 13.06 63050394850072315 936439605 bright_1x1 openfibertargets_nov2020_34a open_fiber science 0 0 0.0 0.0 -999 ""
FIBERMAP 415 R-2C4 METROLOGY 0 0 0 1 0 0 -191.39930269095578 -37.17192747318046 143.1 -194.94999629596728 -0.0040950831237660775 355.65903 134.77658 -999.0 -999.0 -999.0 -999.0 -999.0 209.13485258759692 41.36610134817151 209.07027661522318 41.23676087300429 58.44568609738968 63.262482386853094 -999.0 6231.0 -999.0 -1 -999 {-999.0 -999.0 -999.0 -999.0 -999.0} "" -999.0 -999.0 -999.0 -999.0 -999 -999 "" "" "" "" 0 0 0.0 0.0 -999 ""
FIBERMAP 417 R+13C12 APOGEE 0 0 0 1 0 0 106.30815208887512 273.3602388413315 143.1 156.44851198630977 248.04959831080484 153.68791 13.893804 -999.0 -999.0 -999.0 -999.0 -999.0 211.27473065064558 42.48554541328227 211.20288036140914 42.35879454775335 56.797469589967406 61.330585002316866 -999.0 16600.0 -999.0 2 93 {-999.0 -999.0 -999.0 -999.0 -999.0} "" -999.0 -999.0 -999.0 -999.0 -999 -999 "" ops_sky_apogee_best_unassigned ops_sky sky_apogee 0 0 0.0 0.0 -999 ""
FIBERMAP 417 R+13C12 BOSS 1 1 0 1 0 0 107.04036943510604 273.21230144915677 143.1 157.13901067260034 247.7648294433826 153.68791 13.893804 211.2790914924929 42.484197868028986 -999.0 -999.0 -999.0 211.27909149249288 42.484197868028986 211.20705403246967 42.35744558414849 56.794465361048836 61.33335812334842 5400.0 5400.0 2016.0 1 92 {-999.0 20.610477 19.628517 19.221756 -999.0} sdss_psfmag -999.0 -999.0 -999.0 16.266 63050397233951787 1118024112 bright_1x1 openfibertargets_bhm_lofarradio_boss open_fiber science 0 0 0.0 0.0 -999 ""
FIBERMAP 417 R+13C12 METROLOGY 0 0 0 1 0 0 106.55561355499393 272.65280604021103 143.1 156.55656449971013 247.3080620210756 153.68791 13.893804 -999.0 -999.0 -999.0 -999.0 -999.0 211.275485312583 42.48222135602987 211.20351207286546 42.35546668358971 56.797188818153984 61.33670019834295 -999.0 6231.0 -999.0 -1 -999 {-999.0 -999.0 -999.0 -999.0 -999.0} "" -999.0 -999.0 -999.0 -999.0 -999 -999 "" "" "" "" 0 0 0.0 0.0 -999 ""
FIBERMAP 422 R+8C8 APOGEE 0 0 0 1 0 0 -42.488957214853144 165.96970876025793 143.1 -10.06991353953634 171.00343495422175 61.650597 131.19688 -999.0 -999.0 -999.0 -999.0 -999.0 210.25417367943052 42.14760943986786 210.18543703332352 42.01957257847681 57.56964609389769 61.87518895447988 -999.0 16600.0 -999.0 2 -999 {-999.0 -999.0 -999.0 -999.0 -999.0} "" -999.0 -999.0 -999.0 -999.0 -999 -999 "" "" "" "" 0 0 0.0 0.0 -999 ""
FIBERMAP 422 R+8C8 BOSS 1 1 0 1 0 0 -41.755028496668956 166.15369476960106 143.1 -9.314469265784512 171.04413394045423 61.650597 131.19688 210.2590027042725 42.147877772628725 -7.2153487 -8.435509 2.5084467 210.25897466391106 42.14785346741942 210.19005188662885 42.019815612128475 57.566209248164746 61.87511784831529 5400.0 5400.0 2016.0 1 132 {-999.0 23.754313 20.777971 19.355175 -999.0} sdss_psfmag_ps1 21.21768 20.051737 18.769619 16.294 63050394850071666 1096333931 bright_1x1 mwm_bin_vis_boss mwm_filler science 0 0 0.0 0.0 -999 ""
FIBERMAP 422 R+8C8 METROLOGY 0 0 0 1 0 0 -41.965649707720885 165.43790876637786 143.1 -9.657632547747752 170.38171093902588 61.650597 131.19688 -999.0 -999.0 -999.0 -999.0 -999.0 210.25681675489835 42.144850681146856 210.18795571033604 42.01681211713423 57.56794276764733 61.880535156212886 -999.0 6231.0 -999.0 -1 -999 {-999.0 -999.0 -999.0 -999.0 -999.0} "" -999.0 -999.0 -999.0 -999.0 -999 -999 "" "" "" "" 0 0 0.0 0.0 -999 ""
FIBERMAP 423 R-11C2 APOGEE 0 0 0 1 0 0 -151.80291452203124 -198.96312664191265 143.1 -186.92279787242268 -166.35484724435844 133.15176 95.21254 -999.0 -999.0 -999.0 -999.0 -999.0 209.19742387177868 40.613458553612 209.13448001434938 40.48431541689112 58.428023636836905 64.70261121319305 -999.0 16600.0 -999.0 2 -999 {-999.0 -999.0 -999.0 -999.0 -999.0} "" -999.0 -999.0 -999.0 -999.0 -999 -999 "" "" "" "" 0 0 0.0 0.0 -999 ""
FIBERMAP 423 R-11C2 BOSS 1 1 0 1 0 0 -151.20566348471053 -198.36771957860054 143.1 -186.22308900400094 -165.88427330806752 133.15176 95.21254 209.20166015625 40.615578151403724 -999.0 -999.0 -999.0 209.20166015624997 40.61557815140372 209.13853759081567 40.48643621995274 58.42487542403683 64.69873904421746 5400.0 5400.0 2015.5 1 428 {-999.0 -999.0 -999.0 -999.0 -999.0} "" -999.0 -999.0 -999.0 -999.0 27021603104385592 807160525 "" ops_sky_boss_good ops_sky sky_boss 0 0 0.0 0.0 -999 ""
FIBERMAP 423 R-11C2 METROLOGY 0 0 0 1 0 0 -151.07006132637161 -199.10308440026589 143.1 -186.23015413092753 -166.6319050264708 133.15176 95.21254 -999.0 -999.0 -999.0 -999.0 -999.0 209.20165573340438 40.6122166918895 209.13858723800047 40.48307634063457 58.42493816160119 64.70515502109663 -999.0 6231.0 -999.0 -1 -999 {-999.0 -999.0 -999.0 -999.0 -999.0} "" -999.0 -999.0 -999.0 -999.0 -999 -999 "" "" "" "" 0 0 0.0 0.0 -999 ""
FIBERMAP 425 R-10C2 APOGEE 0 0 0 1 0 0 -155.93300558775186 -204.8646211345597 143.1 -192.10146847277423 -171.36015322570537 255.52428 136.15623 -999.0 -999.0 -999.0 -999.0 -999.0 209.16733384968683 40.59085139271144 209.10450371907268 40.46167416190796 58.45149148407218 64.74455226633535 -999.0 16600.0 -999.0 2 -999 {-999.0 -999.0 -999.0 -999.0 -999.0} "" -999.0 -999.0 -999.0 -999.0 -999 -999 "" "" "" "" 0 0 0.0 0.0 -999 ""
FIBERMAP 425 R-10C2 BOSS 1 1 0 1 0 0 -156.54512012788553 -205.25265854497448 143.1 -192.77624095545315 -171.6243537942811 255.52428 136.15623 209.16356431000924 40.58962088392443 -10.113581 8.395029 1.0252196 209.16352593674708 40.58964507249006 209.10054172282125 40.460459792169125 58.454540639527025 64.74670140050058 5400.0 5400.0 2016.0 1 427 {-999.0 14.1179905 13.741095 13.61681 -999.0} sdss_psfmag_from_g3xp 14.051138 13.7507715 13.284591 12.436 63050394850038359 977632984 "" ops_std_boss ops_std standard_boss 0 0 0.0 0.0 -999 ""
FIBERMAP 425 R-10C2 METROLOGY 0 0 0 1 0 0 -156.59142926407628 -204.5137076937125 143.1 -192.68084819614396 -170.89022184410862 255.52428 136.15623 -999.0 -999.0 -999.0 -999.0 -999.0 209.16396468315838 40.592948630291865 209.10101921579462 40.46376420613817 58.45407933702067 64.7404087828142 -999.0 6231.0 -999.0 -1 -999 {-999.0 -999.0 -999.0 -999.0 -999.0} "" -999.0 -999.0 -999.0 -999.0 -999 -999 "" "" "" "" 0 0 0.0 0.0 -999 ""
FIBERMAP 428 R+3C23 APOGEE 0 0 0 1 0 0 243.25642986281235 44.74849166063817 143.1 247.2936418501036 -2.4434095321320126 321.839 97.33257 -999.0 -999.0 -999.0 -999.0 -999.0 211.80591249541808 41.34797912574539 211.7356513963506 41.22211895950563 56.44298749010861 63.42219444164027 -999.0 16600.0 -999.0 2 -999 {-999.0 -999.0 -999.0 -999.0 -999.0} "" -999.0 -999.0 -999.0 -999.0 -999 -999 "" "" "" "" 0 0 0.0 0.0 -999 ""
FIBERMAP 428 R+3C23 BOSS 1 1 0 1 0 0 242.8831583127268 44.12875539637561 143.1 246.80913919058762 -2.98055471414137 321.839 97.33257 211.8031846816016 41.345616284390616 -1.3301479 -9.3887825 1.4736787 211.80317957656197 41.34558923251976 211.7327498895169 41.21972349709954 56.445215191114634 63.42645209380727 5400.0 5400.0 2016.0 1 186 {-999.0 18.005814 16.71973 16.177916 -999.0} sdss_psfmag 17.508446 16.688503 15.805546 14.073 63050394850061567 1095233595 bright_1x1 mwm_bin_vis_boss mwm_filler science 0 0 0.0 0.0 -999 ""
FIBERMAP 428 R+3C23 METROLOGY 0 0 0 1 0 0 242.51061613226128 44.769079517089985 143.1 246.56552456395048 -2.2810470214763163 321.839 97.33257 -999.0 -999.0 -999.0 -999.0 -999.0 211.80175177807754 41.348776434744664 211.73136875920886 41.22290864632343 56.4461930177095 63.420654635692244 -999.0 6231.0 -999.0 -1 -999 {-999.0 -999.0 -999.0 -999.0 -999.0} "" -999.0 -999.0 -999.0 -999.0 -999 -999 "" "" "" "" 0 0 0.0 0.0 -999 ""
FIBERMAP 432 R+11C15 APOGEE 0 0 0 1 0 0 130.74545500706716 206.56939239607698 143.1 167.7039711493685 177.83428343211733 227.2071 93.22802 -999.0 -999.0 -999.0 -999.0 -999.0 211.3408160361664 42.170175979760714 211.26958894384654 42.04356226403815 56.76423138552553 61.9098518995595 -999.0 16600.0 -999.0 2 -999 {-999.0 -999.0 -999.0 -999.0 -999.0} "" -999.0 -999.0 -999.0 -999.0 -999 -999 "" "" "" "" 0 0 0.0 0.0 -999 ""
FIBERMAP 432 R+11C15 BOSS 1 1 0 1 0 0 130.1763455775602 207.01589302249505 143.1 167.23047564894827 178.38101324693488 227.2071 93.22802 211.33817991114054 42.172688561743534 -2.8588977 4.5216227 2.2088356 211.3381687964996 42.17270158988076 211.26676114484314 42.046078227933144 56.76621194493176 61.90508791145021 5400.0 5400.0 2016.0 1 178 {-999.0 17.25777 15.939291 15.333288 -999.0} sdss_psfmag 16.713482 15.864356 14.949443 13.136 63050394850063896 1118493340 bright_1x1 openfibertargets_mwm_snc_further_ext_boss open_fiber science 0 0 0.0 0.0 -999 ""
FIBERMAP 432 R+11C15 METROLOGY 0 0 0 1 0 0 130.86456963640947 207.30592052560664 143.1 167.96127115111898 178.5345070223802 227.2071 93.22802 -999.0 -999.0 -999.0 -999.0 -999.0 211.34255619541312 42.1733198976006 211.27118854175876 42.0467035509533 56.762898595997505 61.90422769017334 -999.0 6231.0 -999.0 -1 -999 {-999.0 -999.0 -999.0 -999.0 -999.0} "" -999.0 -999.0 -999.0 -999.0 -999 -999 "" "" "" "" 0 0 0.0 0.0 -999 ""
FIBERMAP 436 R+4C3 APOGEE 1 1 0 1 0 0 -188.71159444138857 70.61331525043927 143.1 -171.76765705039648 105.2784799300164 346.00635 104.180565 209.26868720676478 41.84501862616603 -999.0 -999.0 -999.0 209.26868720676475 41.84501862616604 209.20286127819668 41.71577661138309 58.31873399755583 62.36128690272985 16000.0 16600.0 2016.0 2 149 {-999.0 18.472664 17.294231 17.45369 -999.0} sdss_psfmag_ps1 17.092628 21.294996 16.295624 12.464 63050394850073046 1055574206 bright_flexible_3x1 bhm_csc_apogee bhm_csc science 0 0 0.0 0.0 -999 ""
FIBERMAP 436 R+4C3 BOSS 0 0 0 1 0 0 -188.7116149619562 69.87703669181477 143.1 -171.90801458634795 104.55580152800925 346.00635 104.180565 -999.0 -999.0 -999.0 -999.0 -999.0 209.26797845341198 41.841770749977506 209.20199295828047 41.71252030027354 58.3195888486391 62.36739569998622 -999.0 5400.0 -999.0 1 29 {-999.0 -999.0 -999.0 -999.0 -999.0} "" -999.0 -999.0 -999.0 -999.0 -999 -999 "" "" "" "" 0 0 0.0 0.0 -999 ""
FIBERMAP 436 R+4C3 METROLOGY 0 0 0 1 0 0 -189.35604532115644 70.24838482227274 143.1 -172.46976446876718 105.04312307117793 346.00635 104.180565 -999.0 -999.0 -999.0 -999.0 -999.0 209.26452141910846 41.84393399408761 209.19858654414315 41.714681165047416 58.321988431639184 62.36298012653526 -999.0 6231.0 -999.0 -1 -999 {-999.0 -999.0 -999.0 -999.0 -999.0} "" -999.0 -999.0 -999.0 -999.0 -999 -999 "" "" "" "" 0 0 0.0 0.0 -999 ""
FIBERMAP 440 R+8C4 APOGEE 0 0 0 1 0 0 -118.23354077376794 154.46562056351576 143.1 -86.60850612511544 174.14897870655898 21.130732 91.70568 -999.0 -999.0 -999.0 -999.0 -999.0 209.78550002956703 42.1606354729243 209.71778885548747 42.0319964081004 57.915567070528056 61.811040753665 -999.0 16600.0 -999.0 2 -999 {-999.0 -999.0 -999.0 -999.0 -999.0} "" -999.0 -999.0 -999.0 -999.0 -999 -999 "" "" "" "" 0 0 0.0 0.0 -999 ""
FIBERMAP 440 R+8C4 BOSS 1 1 0 1 0 0 -117.93442703566966 153.75101561153784 143.1 -86.45112219765583 173.39055759560586 21.130732 91.70568 209.78660972162479 42.15727328793325 -999.0 -999.0 -999.0 209.78660972162476 42.15727328793325 209.71873182906285 42.02862770461567 57.915090523224286 61.81745598829438 5400.0 5400.0 2015.5 1 57 {-999.0 -999.0 -999.0 -999.0 -999.0} "" -999.0 -999.0 -999.0 -999.0 27021603104389602 794776589 "" ops_sky_boss_best ops_sky sky_boss 0 0 0.0 0.0 -999 ""
FIBERMAP 440 R+8C4 METROLOGY 0 0 0 1 0 0 -118.6735751966269 153.8630994541669 143.1 -87.15525753113957 173.6414560299503 21.130732 91.70568 -999.0 -999.0 -999.0 -999.0 -999.0 209.78225918462886 42.15837012718651 209.71443733670105 42.02972123260068 57.918201372059805 61.815005310824745 -999.0 6231.0 -999.0 -1 -999 {-999.0 -999.0 -999.0 -999.0 -999.0} "" -999.0 -999.0 -999.0 -999.0 -999 -999 "" "" "" "" 0 0 0.0 0.0 -999 ""
FIBERMAP 448 R+7C8 APOGEE 1 1 0 1 0 0 -67.9752860241227 124.28692185582807 143.1 -43.030499556028424 134.94815726325078 246.17697 92.89874 210.05218962182872 41.98435698087794 11.073101 -9.006107 5.4908886 210.0522325435292 41.98433103160001 209.98433071555607 41.856060835388114 57.72858555966057 62.16381853677709 16000.0 16600.0 2016.0 2 27 {-999.0 13.53084 12.437448 12.047286 -999.0} sdss_psfmag_from_g3xp 13.142891 12.47607 11.692841 10.189 63050394850071582 1093932896 bright_1x1 mwm_bin_vis_apogee mwm_filler science 0 0 0.0 0.0 -999 ""
FIBERMAP 448 R+7C8 BOSS 0 0 0 1 0 0 -68.6588775298687 124.56897812565687 143.1 -43.64770678479261 135.35530008269828 246.17697 92.89874 -999.0 -999.0 -999.0 -999.0 -999.0 210.04860596178594 41.98623204394547 209.98053578033227 41.85794816794854 57.73129825578909 62.1599834876414 -999.0 5400.0 -999.0 1 104 {-999.0 -999.0 -999.0 -999.0 -999.0} "" -999.0 -999.0 -999.0 -999.0 -999 -999 "" "" "" "" 0 0 0.0 0.0 -999 ""
FIBERMAP 448 R+7C8 METROLOGY 0 0 0 1 0 0 -68.06439691536217 125.03089075350704 143.1 -42.97616170921022 135.695372767271 246.17697 92.89874 -999.0 -999.0 -999.0 -999.0 -999.0 210.05266847744016 41.987768319575444 209.98463458606147 41.85949153053705 57.72816131995885 62.157428459953735 -999.0 6231.0 -999.0 -1 -999 {-999.0 -999.0 -999.0 -999.0 -999.0} "" -999.0 -999.0 -999.0 -999.0 -999 -999 "" "" "" "" 0 0 0.0 0.0 -999 ""
FIBERMAP 450 R+2C17 APOGEE 0 0 0 1 0 0 82.98397062321206 22.284305607458126 143.1 85.69904488062299 6.0557505945460335 281.36554 79.738884 -999.0 -999.0 -999.0 -999.0 -999.0 210.8343171900752 41.39633709102803 210.76605749636906 41.26917196960846 57.17057297145371 63.302278925846 -999.0 16600.0 -999.0 2 61 {-999.0 -999.0 -999.0 -999.0 -999.0} "" -999.0 -999.0 -999.0 -999.0 -999 -999 "" ops_sky_apogee_best_unassigned ops_sky sky_apogee 0 0 0.0 0.0 -999 ""
FIBERMAP 450 R+2C17 BOSS 1 1 0 1 0 0 82.2363919732678 22.24827001246849 143.1 84.9584026288104 6.16287167217394 281.36554 79.738884 210.83014727196385 41.39680135860872 -21.11109 19.536192 0.8724921 210.83006618480115 41.39685764815128 210.7616392292887 41.269682835287306 57.173875741871285 63.30114092425194 5400.0 5400.0 2016.0 1 199 {-999.0 18.637938 17.432404 16.972633 -999.0} sdss_psfmag 18.16456 17.424213 16.614397 14.906 63050394850055565 1072729119 bright_1x1 mwm_halo_local_high_boss_single mwm_halo science 0 0 0.0 0.0 -999 ""
FIBERMAP 450 R+2C17 METROLOGY 0 0 0 1 0 0 82.57404520949032 22.916758932478835 143.1 85.41723714335154 6.754658216371303 281.36554 79.738884 -999.0 -999.0 -999.0 -999.0 -999.0 210.83281444109713 41.39953446129896 210.76442498448205 41.27236383957522 57.171697081501485 63.29632181034469 -999.0 6231.0 -999.0 -1 -999 {-999.0 -999.0 -999.0 -999.0 -999.0} "" -999.0 -999.0 -999.0 -999.0 -999 -999 "" "" "" "" 0 0 0.0 0.0 -999 ""
FIBERMAP 452 R+12C9 APOGEE 0 0 0 1 0 0 26.844892420887078 215.9836105252609 143.1 67.51643856765217 206.87848539451346 315.09494 83.274216 -999.0 -999.0 -999.0 -999.0 -999.0 210.73030614047744 42.30753202850123 210.66011695166026 42.180089524740985 57.2086157788102 61.616284881369324 -999.0 16600.0 -999.0 2 -999 {-999.0 -999.0 -999.0 -999.0 -999.0} "" -999.0 -999.0 -999.0 -999.0 -999 -999 "" "" "" "" 0 0 0.0 0.0 -999 ""
FIBERMAP 452 R+12C9 BOSS 1 1 0 1 0 0 26.285716206498474 215.50478549755903 143.1 66.87632238966438 206.51508346916938 315.09494 83.274216 210.72657455450786 42.30597697537713 -0.5800013 -1.0957975 0.26423463 210.72657229484818 42.30597381805896 210.65621797727988 42.1785191053792 57.21159120463999 61.61887078772956 5400.0 5400.0 2016.0 1 154 {-999.0 20.374361 19.954304 19.858862 -999.0} sdss_psfmag 20.747551 20.379257 19.927042 -999.0 63050394850077793 1117015663 bright_1x1 openfibertargets_bhm_quaia_boss open_fiber science 0 0 0.0 0.0 -999 ""
FIBERMAP 452 R+12C9 METROLOGY 0 0 0 1 0 0 26.143911819721378 216.23912603809953 143.1 66.87710458781996 207.26289198849088 315.09494 83.274216 -999.0 -999.0 -999.0 -999.0 -999.0 210.72653935620926 42.30932425116856 210.65622733527607 42.181871066214335 57.21138997101646 61.61269225175084 -999.0 6231.0 -999.0 -1 -999 {-999.0 -999.0 -999.0 -999.0 -999.0} "" -999.0 -999.0 -999.0 -999.0 -999 -999 "" "" "" "" 0 0 0.0 0.0 -999 ""
FIBERMAP 455 R-2C17 APOGEE 0 0 0 1 0 0 70.31252209945936 -42.27469018245918 143.1 60.95640805149435 -54.89586320459032 236.59697 58.290348 -999.0 -999.0 -999.0 -999.0 -999.0 210.6819498141156 41.119591320449686 210.6146650602983 40.9922689515795 57.2926268957833 63.807525871912446 -999.0 16600.0 -999.0 2 238 {-999.0 -999.0 -999.0 -999.0 -999.0} "" -999.0 -999.0 -999.0 -999.0 -999 -999 "" ops_sky_apogee_best_unassigned ops_sky sky_apogee 0 0 0.0 0.0 -999 ""
FIBERMAP 455 R-2C17 BOSS 1 1 0 1 0 0 69.9366866215717 -41.64055740207433 143.1 60.70838084984661 -54.20180480733912 236.59697 58.290348 210.6806945800781 41.12273083204698 -999.0 -999.0 -999.0 210.68069458007807 41.12273083204698 210.61323158437168 40.99540287207892 57.29362585601866 63.8016752137473 5400.0 5400.0 2015.5 1 303 {-999.0 -999.0 -999.0 -999.0 -999.0} "" -999.0 -999.0 -999.0 -999.0 27021603104374198 807158928 "" ops_sky_boss_good ops_sky sky_boss 0 0 0.0 0.0 -999 ""
FIBERMAP 455 R-2C17 METROLOGY 0 0 0 1 0 0 70.69188337647111 -41.633900493447086 143.1 61.45090084399342 -54.339214098252626 236.59697 58.290348 -999.0 -999.0 -999.0 -999.0 -999.0 210.6851177361586 41.1220916977673 210.617695846704 40.99477061553464 57.29027424367606 63.80300934688398 -999.0 6231.0 -999.0 -1 -999 {-999.0 -999.0 -999.0 -999.0 -999.0} "" -999.0 -999.0 -999.0 -999.0 -999 -999 "" "" "" "" 0 0 0.0 0.0 -999 ""
FIBERMAP 463 R+8C11 APOGEE 0 0 0 1 0 0 5.48277649471277 162.97491260517216 143.1 36.4451468275918 158.92035278533987 192.6945 72.99488 -999.0 -999.0 -999.0 -999.0 -999.0 210.53896945018718 42.09234247440775 210.46972403495135 41.96468332750208 57.361832057291174 61.999515312502126 -999.0 16600.0 -999.0 2 -999 {-999.0 -999.0 -999.0 -999.0 -999.0} "" -999.0 -999.0 -999.0 -999.0 -999 -999 "" "" "" "" 0 0 0.0 0.0 -999 ""
FIBERMAP 463 R+8C11 BOSS 1 1 0 1 0 0 5.536296708788221 163.72757421638977 143.1 36.641138792520316 159.64891446985249 192.6945 72.99488 210.54038197938183 42.09571103166621 -1.138967 -6.134841 2.587504 210.54037755675878 42.095693355367324 210.470944981572 41.96802898627799 57.36074303357952 61.99341314499939 5400.0 5400.0 2016.0 1 134 {-999.0 19.724916 18.43168 17.07173 -999.0} sdss_psfmag 19.09374 17.987692 16.318808 13.988 63050394850070860 1094718748 bright_1x1 mwm_bin_vis_boss mwm_filler science 0 0 0.0 0.0 -999 ""
FIBERMAP 463 R+8C11 METROLOGY 0 0 0 1 0 0 6.152042528101045 163.30467760796128 143.1 37.164908499646074 159.11646373022324 192.6945 72.99488 -999.0 -999.0 -999.0 -999.0 -999.0 210.5435209720267 42.09326114586371 210.47413728017455 41.96560267619404 57.358505347308046 61.99814494966046 -999.0 6231.0 -999.0 -1 -999 {-999.0 -999.0 -999.0 -999.0 -999.0} "" -999.0 -999.0 -999.0 -999.0 -999 -999 "" "" "" "" 0 0 0.0 0.0 -999 ""
FIBERMAP 466 R+5C5 APOGEE 0 0 0 1 0 0 -153.2669265830005 94.47649679318641 143.1 -132.42910652388218 121.9451161732467 129.10489 166.96088 -999.0 -999.0 -999.0 -999.0 -999.0 209.50688936125536 41.92271491652496 209.4403528909254 41.79375985435784 58.136972342991754 62.23483778190132 -999.0 16600.0 -999.0 2 128 {-999.0 -999.0 -999.0 -999.0 -999.0} "" -999.0 -999.0 -999.0 -999.0 -999 -999 "" ops_sky_apogee_best_unassigned ops_sky sky_apogee 0 0 0.0 0.0 -999 ""
FIBERMAP 466 R+5C5 BOSS 1 1 0 1 0 0 -153.58434213964674 95.15045620754061 143.1 -132.61220149396962 122.66713070775533 129.10489 166.96088 209.50587263718114 41.92601971307346 -999.0 -999.0 -999.0 209.5058726371811 41.92601971307346 209.43916094730167 41.797054849447925 58.13765133236576 62.22850214661951 5400.0 5400.0 2015.5 1 42 {-999.0 -999.0 -999.0 -999.0 -999.0} "" -999.0 -999.0 -999.0 -999.0 27021603104392820 817514819 "" ops_sky_boss_good ops_sky sky_boss 0 0 0.0 0.0 -999 ""
FIBERMAP 466 R+5C5 METROLOGY 0 0 0 1 0 0 -152.83761860868142 95.09281772502409 143.1 -131.89025319318029 122.46822834291251 129.10489 166.96088 -999.0 -999.0 -999.0 -999.0 -999.0 209.51023139896913 41.92514576661931 209.44356008639102 41.79618880480566 58.1344328973039 62.23053139847042 -999.0 6231.0 -999.0 -1 -999 {-999.0 -999.0 -999.0 -999.0 -999.0} "" -999.0 -999.0 -999.0 -999.0 -999 -999 "" "" "" "" 0 0 0.0 0.0 -999 ""
FIBERMAP 469 R+1C6 APOGEE 0 0 0 1 0 0 -184.41401152345819 10.40045964803165 143.1 -179.02622520028177 45.35839010925575 247.36855 70.986435 -999.0 -999.0 -999.0 -999.0 -999.0 209.2277048931491 41.57289457111632 209.16258228747688 41.44364295106684 58.36522825617326 62.87537984332522 -999.0 16600.0 -999.0 2 -999 {-999.0 -999.0 -999.0 -999.0 -999.0} "" -999.0 -999.0 -999.0 -999.0 -999 -999 "" "" "" "" 0 0 0.0 0.0 -999 ""
FIBERMAP 469 R+1C6 BOSS 1 1 0 1 0 0 -184.98829957933341 10.885861147618288 143.1 -179.4973890485391 45.94428951227302 247.36855 70.986435 209.2249716507157 41.575543515091596 -10.987997 1.174835 0.26793435 209.22492932954077 41.57554690013229 209.15963932720143 41.44628431809578 58.36728064556446 62.870112941089026 5400.0 5400.0 2016.0 1 20 {-999.0 16.748446 15.99814 15.682665 -999.0} sdss_psfmag 16.570318 16.04694 15.356152 13.88 63050394850072811 1157962362 bright_1x1 openfibertargets_mwm_ztf_lomb_boss open_fiber science 0 0 0.0 0.0 -999 ""
FIBERMAP 469 R+1C6 METROLOGY 0 0 0 1 0 0 -184.2874621492285 11.135746827570282 143.1 -178.76186427453052 46.05597857547161 247.36855 70.986435 -999.0 -999.0 -999.0 -999.0 -999.0 209.2293241933274 41.57609119686621 209.16407073594814 41.446835986083066 58.3639330021407 62.86942284179827 -999.0 6231.0 -999.0 -1 -999 {-999.0 -999.0 -999.0 -999.0 -999.0} "" -999.0 -999.0 -999.0 -999.0 -999 -999 "" "" "" "" 0 0 0.0 0.0 -999 ""
FIBERMAP 481 R+7C10 APOGEE 1 1 0 1 0 0 -28.081546213422243 142.81367193791954 143.1 -0.3421778111342923 145.52889606289835 191.8119 75.28357 210.31347380803052 42.03233881515501 11.568247 -0.67264557 4.070756 210.31351868287297 42.03233687705462 210.2449194805879 41.90439538592828 57.53213586137302 62.09425086146138 16000.0 16600.0 2016.0 2 30 {-999.0 9.975297 9.773136 9.726483 -999.0} sdss_psfmag_from_g3xp 9.972595 9.764568 9.40427 8.865 63050394850071542 974725322 "" ops_std_apogee ops_std standard_apogee 0 0 0.0 0.0 -999 ""
FIBERMAP 481 R+7C10 BOSS 0 0 0 1 0 0 -28.079298862499 143.55501134205448 143.1 -0.1986699501359668 146.25611741394547 191.8119 75.28357 -999.0 -999.0 -999.0 -999.0 -999.0 210.31457918510432 42.035694261230844 210.24579595808427 41.9077454202172 57.53129767739067 62.08808800187069 -999.0 5400.0 -999.0 1 127 {-999.0 -999.0 -999.0 -999.0 -999.0} "" -999.0 -999.0 -999.0 -999.0 -999 -999 "" "" "" "" 0 0 0.0 0.0 -999 ""
FIBERMAP 481 R+7C10 METROLOGY 0 0 0 1 0 0 -27.42731784078065 143.19717056379605 143.1 0.37306571386185866 145.78061460993337 191.8119 75.28357 -999.0 -999.0 -999.0 -999.0 -999.0 210.3180251282321 42.033523669050275 210.2492886865357 41.90558168383292 57.52882300873765 62.09238218090479 -999.0 6231.0 -999.0 -1 -999 {-999.0 -999.0 -999.0 -999.0 -999.0} "" -999.0 -999.0 -999.0 -999.0 -999 -999 "" "" "" "" 0 0 0.0 0.0 -999 ""
FIBERMAP 483 R+13C1 APOGEE 0 0 0 1 0 0 -153.80048613507188 243.2096251462458 143.1 -104.60373338108022 268.03341164271956 217.2229 127.51084 -999.0 -999.0 -999.0 -999.0 -999.0 209.67517306913635 42.58046930424115 209.60673278483193 42.451625783549176 57.967097012217415 61.01129683810683 -999.0 16600.0 -999.0 2 135 {-999.0 -999.0 -999.0 -999.0 -999.0} "" -999.0 -999.0 -999.0 -999.0 -999 -999 "" ops_sky_apogee_best_unassigned ops_sky sky_apogee 0 0 0.0 0.0 -999 ""
FIBERMAP 483 R+13C1 BOSS 1 1 0 1 0 0 -154.50707310456554 243.44736514622898 143.1 -105.25195827904747 268.4014395638611 217.2229 127.51084 209.67138404390047 42.582053686275145 1.4892554 3.1929362 1.2712667 209.67138987159976 42.58206288607241 209.6027816770511 42.45320450135322 57.96987807046874 61.007894269693786 5400.0 5400.0 2016.0 1 7 {-999.0 20.020576 18.60966 17.758871 -999.0} sdss_psfmag 19.463196 18.39067 17.374252 15.6 63050394850075482 1094488653 bright_1x1 mwm_bin_vis_boss mwm_filler science 0 0 0.0 0.0 -999 ""
FIBERMAP 483 R+13C1 METROLOGY 0 0 0 1 0 0 -153.9675441310802 243.94947953936224 143.1 -104.6266874941761 268.79144562543837 217.2229 127.51084 -999.0 -999.0 -999.0 -999.0 -999.0 209.6751681849577 42.58382807587022 209.6065963036641 42.45497677482271 57.96693196938168 61.0049838813261 -999.0 6231.0 -999.0 -1 -999 {-999.0 -999.0 -999.0 -999.0 -999.0} "" -999.0 -999.0 -999.0 -999.0 -999 -999 "" "" "" "" 0 0 0.0 0.0 -999 ""
FIBERMAP 488 R+13C8 APOGEE 0 0 0 1 0 0 1.2311452843907595 242.3717806760262 143.1 47.40536128627696 237.66144126739619 228.75888 112.85026 -999.0 -999.0 -999.0 -999.0 -999.0 210.6075896711141 42.44635078309099 210.53734410563868 42.31872637133599 57.29092892251141 61.35030662871168 -999.0 16600.0 -999.0 2 37 {-999.0 -999.0 -999.0 -999.0 -999.0} "" -999.0 -999.0 -999.0 -999.0 -999 -999 "" "" "" "" 0 0 0.0 0.0 -999 ""
FIBERMAP 488 R+13C8 BOSS 1 1 0 1 0 0 0.5291441913801374 242.5971355006906 143.1 46.75927692136527 238.01643863509577 228.75888 112.85026 210.60334032338565 42.447847428498974 -9.5915575 49.710922 20.025208 210.60381895209696 42.44799066042346 210.5333981191361 42.320357455612886 57.293737476050744 61.34695232438496 5400.0 5400.0 2016.0 1 166 {-999.0 14.261125 12.843065 11.912253 -999.0} sdss_psfmag_from_g3xp 13.685444 12.562533 11.507613 9.533 63050394850078787 1151005665 bright_1x1 mwm_snc_100pc_boss_single mwm_snc science 0 0 1.3709248304367065 0.0 -999 ""
FIBERMAP 488 R+13C8 METROLOGY 0 0 0 1 0 0 1.078483487154461 243.10946616112236 143.1 47.396124127468205 238.4146024252213 228.75888 112.85026 -999.0 -999.0 -999.0 -999.0 -999.0 210.60767798535508 42.44974631451984 210.53729718152817 42.322115538601025 57.29074901043969 61.344043261003435 -999.0 6231.0 -999.0 -1 -999 {-999.0 -999.0 -999.0 -999.0 -999.0} "" -999.0 -999.0 -999.0 -999.0 -999 -999 "" "" "" "" 0 0 0.0 0.0 -999 ""
FIBERMAP 489 R-5C2 APOGEE 0 0 0 1 0 0 -196.88917760879718 -97.95198074564601 143.1 -211.92339537417718 -58.61538323622061 20.083893 93.21704 -999.0 -999.0 -999.0 -999.0 -999.0 209.03809735357666 41.09941061677591 208.9744408658836 40.96999522219215 58.53085509819138 63.76550674349386 -999.0 16600.0 -999.0 2 -999 {-999.0 -999.0 -999.0 -999.0 -999.0} "" -999.0 -999.0 -999.0 -999.0 -999 -999 "" "" "" "" 0 0 0.0 0.0 -999 ""
FIBERMAP 489 R-5C2 BOSS 1 1 0 1 0 0 -196.59304917999796 -98.62507880050397 143.1 -211.76103026192683 -59.33249491258453 20.083893 93.21704 209.03801659789994 41.09658689596468 185.15715 -148.34058 16.407793 209.0392483551039 41.09615948054278 208.97542864237923 40.9667440725455 58.53025840495903 63.77179319473518 5400.0 5400.0 2016.0 1 487 {-999.0 14.003075 12.662514 11.751642 -999.0} sdss_psfmag_from_g3xp 13.475016 12.389945 11.348638 9.358 63050394850068775 1150995766 bright_1x1 mwm_snc_100pc_boss_single mwm_snc science 0 0 1.421157956123352 0.0 -999 ""
FIBERMAP 489 R-5C2 METROLOGY 0 0 0 1 0 0 -197.334071127087 -98.55092292807727 143.1 -212.47423399014812 -59.11846691357124 20.083893 93.21704 -999.0 -999.0 -999.0 -999.0 -999.0 209.03493897445992 41.097100764469864 208.97117595332656 40.96767771220709 58.53342361383244 63.76972588980527 -999.0 6231.0 -999.0 -1 -999 {-999.0 -999.0 -999.0 -999.0 -999.0} "" -999.0 -999.0 -999.0 -999.0 -999 -999 "" "" "" "" 0 0 0.0 0.0 -999 ""
FIBERMAP 493 R+8C15 APOGEE 0 0 0 1 0 0 100.45910737612617 156.9616658046048 143.1 128.5214816995844 134.91531053707106 158.84521 129.73308 -999.0 -999.0 -999.0 -999.0 -999.0 211.1006285838678 41.97958272975369 211.03039832854074 41.852679023372 56.95062415819009 62.243837633286944 -999.0 16600.0 -999.0 2 78 {-999.0 -999.0 -999.0 -999.0 -999.0} "" -999.0 -999.0 -999.0 -999.0 -999 -999 "" ops_sky_apogee_best_unassigned ops_sky sky_apogee 0 0 0.0 0.0 -999 ""
FIBERMAP 493 R+8C15 BOSS 1 1 0 1 0 0 100.22533044087297 157.66845702144437 143.1 128.4267387278533 135.65360876833924 158.84521 129.73308 211.10031356225144 41.982976982085 -0.121018894 -1.4987203 0.1663587 211.1003130931664 41.98297266382674 211.02989712348548 41.85606213770656 56.95084666312714 62.23760987927603 5400.0 5400.0 2016.0 1 230 {-999.0 18.385593 18.115885 17.988688 -999.0} sdss_psfmag 18.367842 18.096779 17.68857 16.616 63050394850063421 975919412 "" ops_std_boss ops_std standard_boss 0 0 0.0 0.0 -999 ""
FIBERMAP 493 R+8C15 METROLOGY 0 0 0 1 0 0 100.95585176750487 157.5212433541567 143.1 129.11571065815022 135.36987352893436 158.84521 129.73308 -999.0 -999.0 -999.0 -999.0 -999.0 211.1044349578279 41.9816353377172 211.03406356668722 41.85473212845839 56.94780559392223 62.24029919087184 -999.0 6231.0 -999.0 -1 -999 {-999.0 -999.0 -999.0 -999.0 -999.0} "" -999.0 -999.0 -999.0 -999.0 -999 -999 "" "" "" "" 0 0 0.0 0.0 -999 ""
FIBERMAP 495 R+5C10 APOGEE 1 1 0 1 0 0 -27.15462355411255 112.83325367424408 143.1 -5.146749568157067 115.92542645210891 98.39359 83.06267 210.2843575761379 41.89831531818476 -135.37164 -58.339603 15.312992 210.28383355552697 41.89814722326992 210.21561371020377 41.77019065627258 57.561198577406124 62.34177959635503 16000.0 16600.0 2016.0 2 7 {-999.0 16.6238 15.239019 14.0900755 -999.0} sdss_psfmag_ps1 16.092022 14.508179 13.289246 10.918 63050394850071491 984737857 bright_1x1 mwm_snc_100pc_apogee mwm_snc science 0 0 0.0 0.0 -999 ""
FIBERMAP 495 R+5C10 BOSS 0 0 0 1 0 0 -26.40238443979122 112.84096328956844 143.1 -4.4069319485351 115.7896141655756 98.39359 83.06267 -999.0 -999.0 -999.0 -999.0 -999.0 210.2885247945946 41.89758963028 210.22012415245865 41.7696288490159 57.55786865510347 62.34315417948915 -999.0 5400.0 -999.0 1 129 {-999.0 -999.0 -999.0 -999.0 -999.0} "" -999.0 -999.0 -999.0 -999.0 -999 -999 "" "" "" "" 0 0 0.0 0.0 -999 ""
FIBERMAP 495 R+5C10 METROLOGY 0 0 0 1 0 0 -26.771990560220708 112.19222324109647 143.1 -4.8933650925146415 115.22330214383905 98.39359 83.06267 -999.0 -999.0 -999.0 -999.0 -999.0 210.2854965349447 41.89501007554923 210.21715795640955 41.76704770957458 57.56021309385421 62.34774332630195 -999.0 6231.0 -999.0 -1 -999 {-999.0 -999.0 -999.0 -999.0 -999.0} "" -999.0 -999.0 -999.0 -999.0 -999 -999 "" "" "" "" 0 0 0.0 0.0 -999 ""
FIBERMAP 501 R+6C19 APOGEE 0 0 0 1 0 0 187.71745654874903 105.172496937984 143.1 204.29729775284676 67.45072782681787 316.15826 109.79202 -999.0 -999.0 -999.0 -999.0 -999.0 211.55532780708762 41.668284406734664 211.4848421985629 41.54203612409617 56.62318179921572 62.83377402028219 -999.0 16600.0 -999.0 2 34 {-999.0 -999.0 -999.0 -999.0 -999.0} "" -999.0 -999.0 -999.0 -999.0 -999 -999 "" ops_sky_apogee_best_unassigned ops_sky sky_apogee 0 0 0.0 0.0 -999 ""
FIBERMAP 501 R+6C19 BOSS 1 1 0 1 0 0 187.40442553361507 104.50149506699067 143.1 203.86215180358792 66.85178165055218 316.15826 109.79202 211.55297836932786 41.66557080253157 -21.054375 18.552881 1.538219 211.5528971633194 41.66562425886385 211.48224342638946 41.53936937749474 56.62520740586215 62.83851135991959 5400.0 5400.0 2016.0 1 195 {-999.0 15.634191 14.996847 14.795168 -999.0} sdss_psfmag 15.484551 15.047524 14.440955 13.314 63050394850061983 943563208 bright_1x1 openfibertargets_nov2020_46 open_fiber science 0 0 0.0 0.0 -999 ""
FIBERMAP 501 R+6C19 METROLOGY 0 0 0 1 0 0 186.97396838129725 105.11548531966949 143.1 203.55667234098345 67.53648056697277 316.15826 109.79202 -999.0 -999.0 -999.0 -999.0 -999.0 211.55105137117854 41.66874935705008 211.48044528614946 41.542492301594 56.626457258553955 62.83276229774191 -999.0 6231.0 -999.0 -1 -999 {-999.0 -999.0 -999.0 -999.0 -999.0} "" -999.0 -999.0 -999.0 -999.0 -999 -999 "" "" "" "" 0 0 0.0 0.0 -999 ""
FIBERMAP 506 R+6C10 APOGEE 0 0 0 1 0 0 -41.948790218360614 110.2161511487811 143.1 -20.16655397215162 116.17647422659749 248.98773 52.05378 -999.0 -999.0 -999.0 -999.0 -999.0 210.19200919259742 41.89932907888983 210.1239936611313 41.77125031658883 57.629377908679025 62.3330410034925 -999.0 16600.0 -999.0 2 -999 {-999.0 -999.0 -999.0 -999.0 -999.0} "" -999.0 -999.0 -999.0 -999.0 -999 -999 "" "" "" "" 0 0 0.0 0.0 -999 ""
FIBERMAP 506 R+6C10 BOSS 1 1 0 1 0 0 -42.36304818444909 110.84911600364237 143.1 -20.45251675667539 116.87670973264126 248.98773 52.05378 210.19042763040957 41.90257198062288 -0.47243354 -2.1116948 0.9426577 210.19042580150335 41.902565896202965 210.1222327636307 41.774477856273194 57.630515949763904 62.32688954149899 5400.0 5400.0 2016.0 1 128 {-999.0 14.643 14.332655 14.192296 -999.0} sdss_psfmag_from_g3xp 14.597719 14.364071 13.859497 13.023 63050394850071504 977633065 "" ops_std_boss ops_std standard_boss 0 0 0.0 0.0 -999 ""
FIBERMAP 506 R+6C10 METROLOGY 0 0 0 1 0 0 -41.61527073768312 110.88355412788773 143.1 -19.71198386284128 116.76798279203253 248.98773 52.05378 -999.0 -999.0 -999.0 -999.0 -999.0 210.19490569295073 41.902061601916785 210.12675308950747 41.773981169080734 57.62717636092158 62.32815413160961 -999.0 6231.0 -999.0 -1 -999 {-999.0 -999.0 -999.0 -999.0 -999.0} "" -999.0 -999.0 -999.0 -999.0 -999 -999 "" "" "" "" 0 0 0.0 0.0 -999 ""
FIBERMAP 507 R+1C26 APOGEE 1 1 0 1 0 0 288.5904040011705 36.94504371361865 143.1 290.30310529159107 -18.743579458663326 112.466736 57.381466 212.05905731407503 41.27032899717812 -128.10605 62.774822 8.095943 212.0585662154362 41.27050986904099 211.98794385259885 41.14500743727568 56.254415588065044 63.56701161366933 16000.0 16600.0 2016.0 2 42 {-999.0 11.329019 10.812354 10.646393 -999.0} sdss_psfmag_from_g3xp 11.218344 10.850923 10.313931 9.34 63050394850057834 1103503117 bright_1x1 mwm_tess_2min_apogee mwm_planet science 0 0 0.0 0.0 -999 ""
FIBERMAP 507 R+1C26 BOSS 0 0 0 1 0 0 289.2998696551002 36.78822871841064 143.1 290.9695803185015 -19.032725437771134 112.466736 57.381466 -999.0 -999.0 -999.0 -999.0 -999.0 212.06260759277734 41.269149085493936 211.99179968152362 41.14364858752121 56.25153130931825 63.56953079313831 -999.0 5400.0 -999.0 1 175 {-999.0 -999.0 -999.0 -999.0 -999.0} "" -999.0 -999.0 -999.0 -999.0 -999 -999 "" "" "" "" 0 0 0.0 0.0 -999 ""
FIBERMAP 507 R+1C26 METROLOGY 0 0 0 1 0 0 288.82080156305676 36.22132573571952 143.1 290.39130499128566 -19.49784775757609 112.466736 57.381466 -999.0 -999.0 -999.0 -999.0 -999.0 212.0590858895679 41.267101496629415 211.9883418948101 41.14159704964869 56.25416372427965 63.57315780313422 -999.0 6231.0 -999.0 -1 -999 {-999.0 -999.0 -999.0 -999.0 -999.0} "" -999.0 -999.0 -999.0 -999.0 -999 -999 "" "" "" "" 0 0 0.0 0.0 -999 ""
FIBERMAP 514 R+11C3 APOGEE 0 0 0 1 0 0 -111.32679999794388 200.34733253927735 143.1 -71.08408378117011 217.86698104162278 345.29214 78.93006 -999.0 -999.0 -999.0 -999.0 -999.0 209.88036124206351 42.357841793938185 209.81197527429833 42.22929314589308 57.83242799989782 61.449848815400685 -999.0 16600.0 -999.0 2 133 {-999.0 -999.0 -999.0 -999.0 -999.0} "" -999.0 -999.0 -999.0 -999.0 -999 -999 "" ops_sky_apogee_best_unassigned ops_sky sky_apogee 0 0 0.0 0.0 -999 ""
FIBERMAP 514 R+11C3 BOSS 1 1 0 1 0 0 -111.61673449374037 199.66575582195335 143.1 -71.49857531985766 217.25325301462513 345.29214 78.93006 209.87788693103005 42.355187386153844 23.83444 -23.939972 1.3377688 209.87797986154598 42.3551184079473 209.80943244140295 42.2265584324917 57.83449840669937 61.4547243489089 5400.0 5400.0 2016.0 1 5 {-999.0 16.708376 15.835717 15.487524 -999.0} sdss_psfmag 16.412779 15.842937 15.126103 13.727 63050394850071939 943563225 bright_1x1 openfibertargets_nov2020_46 open_fiber science 0 0 0.0 0.0 -999 ""
FIBERMAP 514 R+11C3 METROLOGY 0 0 0 1 0 0 -112.0695389313226 200.25657525165033 143.1 -71.83040584281174 217.91946845898192 345.29214 78.93006 -999.0 -999.0 -999.0 -999.0 -999.0 209.87590068694772 42.35808785051074 209.8074002735283 42.22952700401562 57.83579077154127 61.44896315095133 -999.0 6231.0 -999.0 -1 -999 {-999.0 -999.0 -999.0 -999.0 -999.0} "" -999.0 -999.0 -999.0 -999.0 -999 -999 "" "" "" "" 0 0 0.0 0.0 -999 ""
FIBERMAP 515 R+3C19 APOGEE 0 0 0 1 0 0 159.71479884268743 58.084569501007955 143.1 167.83661018341823 26.56974336829457 9.58117 107.178246 -999.0 -999.0 -999.0 -999.0 -999.0 211.33242537335687 41.48553311843389 211.26286612320928 41.35901445592985 56.79487811708883 63.158140112403544 -999.0 16600.0 -999.0 2 -999 {-999.0 -999.0 -999.0 -999.0 -999.0} "" -999.0 -999.0 -999.0 -999.0 -999 -999 "" "" "" "" 0 0 0.0 0.0 -999 ""
FIBERMAP 515 R+3C19 BOSS 1 1 0 1 0 0 160.06419122297575 57.43727719830449 143.1 168.0561743369829 25.867808606115457 9.58117 107.178246 211.33398183706012 41.48232116026173 -8.690513 6.9962263 1.3722773 211.33394841302376 41.482341318462694 211.2642152174812 41.35582172630119 56.79395629553957 63.164020068046234 5400.0 5400.0 2016.0 1 217 {-999.0 15.354606 14.842308 14.651977 -999.0} sdss_psfmag_from_g3xp 15.240948 14.865994 14.316563 13.228 63050394850062782 943345504 bright_1x1 openfibertargets_nov2020_46 open_fiber science 0 0 0.0 0.0 -999 ""
FIBERMAP 515 R+3C19 METROLOGY 0 0 0 1 0 0 159.32018079164132 57.45137239559735 143.1 167.32858952536174 26.023454636716433 9.58117 107.178246 -999.0 -999.0 -999.0 -999.0 -999.0 211.3295079771353 41.48309346902646 211.25983335966737 41.356568573420255 56.797222943846734 63.16248682281969 -999.0 6231.0 -999.0 -1 -999 {-999.0 -999.0 -999.0 -999.0 -999.0} "" -999.0 -999.0 -999.0 -999.0 -999 -999 "" "" "" "" 0 0 0.0 0.0 -999 ""
FIBERMAP 533 R+1C3 APOGEE 0 0 0 1 0 0 -251.77124739629394 16.490619919829694 143.1 -243.97882398851215 64.17462470189024 215.07658 89.633606 -999.0 -999.0 -999.0 -999.0 -999.0 208.83633359588816 41.65360609170032 208.77190296764047 41.52385686516464 58.652524219624986 62.688262022188155 -999.0 16600.0 -999.0 2 104 {-999.0 -999.0 -999.0 -999.0 -999.0} "" -999.0 -999.0 -999.0 -999.0 -999 -999 "" "" "" "" 0 0 0.0 0.0 -999 ""
FIBERMAP 533 R+1C3 BOSS 1 1 0 1 0 0 -252.2074587061437 17.085345661080392 143.1 -244.29362323794535 64.84151161216809 215.07658 89.633606 208.83453515556425 41.65666873833408 2.6454735 -21.289042 1.2685691 208.83454535763704 41.6566073982824 208.76994603237162 41.52684782290353 58.65379456707034 62.682343892473234 5400.0 5400.0 2016.0 1 61 {-999.0 13.875769 13.46075 13.344284 -999.0} sdss_psfmag_from_g3xp 13.800457 13.487162 13.013436 12.154 63050394850072713 978951877 "" ops_std_boss ops_std standard_boss 0 0 0.0 0.0 -999 ""
FIBERMAP 533 R+1C3 METROLOGY 0 0 0 1 0 0 -251.4608875140875 17.170042112929124 143.1 -243.54469490230156 64.78234483689428 215.07658 89.633606 -999.0 -999.0 -999.0 -999.0 -999.0 208.83898559533836 41.65640009518207 208.77442400134407 41.52664799535211 58.650461875481724 62.6831404114144 -999.0 6231.0 -999.0 -1 -999 {-999.0 -999.0 -999.0 -999.0 -999.0} "" -999.0 -999.0 -999.0 -999.0 -999 -999 "" "" "" "" 0 0 0.0 0.0 -999 ""
FIBERMAP 544 R-6C19 APOGEE 1 1 0 1 0 0 192.08412694599696 -114.93573484606861 143.1 166.62989602288323 -149.425251240617 6.5550337 117.25801 211.30872738954466 40.68760783437508 39.184742 -20.400154 8.474233 211.30887628371408 40.68754905537681 211.2412425650523 40.56112452093157 56.82545564340517 64.6149626482103 16000.0 16600.0 2016.0 2 229 {-999.0 9.718538 9.401834 9.304538 -999.0} sdss_psfmag_from_g3xp 9.678351 9.411875 8.98062 8.291 63050394850053873 1103503066 bright_1x1 mwm_tess_2min_apogee mwm_planet science 0 0 0.0 0.0 -999 ""
FIBERMAP 544 R-6C19 BOSS 0 0 0 1 0 0 192.51267051361856 -115.5350953965133 143.1 166.9362857122876 -150.09522587311466 6.5550337 117.25801 -999.0 -999.0 -999.0 -999.0 -999.0 211.31083653794602 40.68449217386032 211.2430311413549 40.558067805285845 56.824119144848986 64.62056669800211 -999.0 5400.0 -999.0 1 277 {-999.0 -999.0 -999.0 -999.0 -999.0} "" -999.0 -999.0 -999.0 -999.0 -999 -999 "" "" "" "" 0 0 0.0 0.0 -999 ""
FIBERMAP 544 R-6C19 METROLOGY 0 0 0 1 0 0 191.7712699459825 -115.60841408977511 143.1 166.19460116195845 -150.02587698286567 6.5550337 117.25801 -999.0 -999.0 -999.0 -999.0 -999.0 211.30637827584502 40.68483617211136 211.23863139694254 40.55840606345084 56.82745928302759 64.61990412289435 -999.0 6231.0 -999.0 -1 -999 {-999.0 -999.0 -999.0 -999.0 -999.0} "" -999.0 -999.0 -999.0 -999.0 -999 -999 "" "" "" "" 0 0 0.0 0.0 -999 ""
FIBERMAP 546 R-12C1 APOGEE 1 1 0 1 0 0 -161.39081726413625 -215.0961072225559 143.1 -199.40865405145288 -180.3624240206412 143.49797 71.82923 209.12598974856405 40.54989986431689 -204.79428 131.44788 19.24178 209.12521316871258 40.55027860208643 209.06255848226544 40.42105945701075 58.484592187866355 64.82038961851293 16000.0 16600.0 2016.0 2 296 {-999.0 14.268303 12.862979 11.916297 -999.0} sdss_psfmag_from_g3xp 13.701322 12.569347 11.509682 9.509 63050394850038348 984825818 bright_1x1 mwm_snc_100pc_apogee mwm_snc science 0 0 0.0 0.0 -999 ""
FIBERMAP 546 R-12C1 BOSS 0 0 0 1 0 0 -160.80593258388404 -214.65457177072267 143.1 -198.75041167447048 -180.04052320340926 143.49797 71.82923 -999.0 -999.0 -999.0 -999.0 -999.0 209.12921533476745 40.55173867383038 209.06638725417588 40.4225162655464 58.4816363654233 64.81776567358952 -999.0 5400.0 -999.0 1 429 {-999.0 -999.0 -999.0 -999.0 -999.0} "" -999.0 -999.0 -999.0 -999.0 -999 -999 "" "" "" "" 0 0 0.0 0.0 -999 ""
FIBERMAP 546 R-12C1 METROLOGY 0 0 0 1 0 0 -160.70247421213128 -215.38907005911994 143.1 -198.7888618509232 -180.7811776664523 143.49797 71.82923 -999.0 -999.0 -999.0 -999.0 -999.0 209.12903228032198 40.54841477522405 209.06625837955028 40.41919368228639 58.48183063005552 64.82411329812476 -999.0 6231.0 -999.0 -1 -999 {-999.0 -999.0 -999.0 -999.0 -999.0} "" -999.0 -999.0 -999.0 -999.0 -999 -999 "" "" "" "" 0 0 0.0 0.0 -999 ""
FIBERMAP 548 R+1C14 APOGEE 0 0 0 1 1 0 14.762821840810785 31.38034491060271 143.1 20.47141791629786 27.98702211398434 67.98873 120.484634 -999.0 -999.0 -999.0 -999.0 -999.0 210.43888721320369 41.49787571437058 210.37125818596735 41.370178087964284 57.46327912216225 63.0957051958909 -999.0 16600.0 -999.0 2 13 {-999.0 -999.0 -999.0 -999.0 -999.0} "" -999.0 -999.0 -999.0 -999.0 -999 -999 "" ops_sky_apogee_best_unassigned ops_sky sky_apogee 0 0 0.0 0.0 -999 ""
FIBERMAP 548 R+1C14 BOSS 1 0 0 1 1 0 15.492997743626283 31.47905554589994 143.1 21.206924875682233 27.9447357361351 67.98873 120.484634 210.31421561729877 41.51440176313986 10.499995 -14.8345585 0.9676191 210.44354999774413 41.49769283690322 210.37573762688066 41.36999614737922 57.45992731836834 63.09629027439098 5400.0 5400.0 2016.0 1 96 {-999.0 16.615154 15.961883 15.739972 -999.0} sdss_psfmag 16.423182 15.991615 15.39988 14.279 63050394850070068 943563204 bright_1x1 openfibertargets_nov2020_46 open_fiber science 0 0 0.0 0.0 -999 ""
FIBERMAP 548 R+1C14 METROLOGY 0 0 0 1 1 0 15.224763560981506 30.79396899474416 143.1 20.813063941261884 27.32342652920068 67.98873 120.484634 -999.0 -999.0 -999.0 -999.0 -999.0 210.44109021225728 41.49486416563113 210.37333899737405 41.36716618024704 57.46183774715826 63.10141543003749 -999.0 6231.0 -999.0 -1 -999 {-999.0 -999.0 -999.0 -999.0 -999.0} "" -999.0 -999.0 -999.0 -999.0 -999 -999 "" "" "" "" 0 0 0.0 0.0 -999 ""
FIBERMAP 550 R+1C1 APOGEE 0 0 0 1 0 0 -291.663426741599 21.689871870666494 143.1 -282.1433510572459 76.88146210840473 156.94826 127.68909 -999.0 -999.0 -999.0 -999.0 -999.0 208.6079540485189 41.70743414482661 208.54391526791073 41.57739652000895 58.81921915204082 62.56353435118598 -999.0 16600.0 -999.0 2 141 {-999.0 -999.0 -999.0 -999.0 -999.0} "" -999.0 -999.0 -999.0 -999.0 -999 -999 "" "" "" "" 0 0 0.0 0.0 -999 ""
FIBERMAP 550 R+1C1 BOSS 1 1 0 1 0 0 -291.8616657077558 22.390125813657985 143.1 -282.20445833845093 77.60657011695642 156.94826 127.68909 208.60773222816206 41.710803961192184 -1.0004706 -36.25672 3.214014 208.6077283666762 41.710699494809624 208.54351755029123 41.580653353941365 58.819292590669484 62.55721926696708 5400.0 5400.0 2016.0 1 12 {-999.0 14.979741 14.09761 13.783373 -999.0} sdss_psfmag_from_g3xp 14.703131 14.141135 13.431725 11.973 63050394850073625 943345576 bright_1x1 openfibertargets_nov2020_46 open_fiber science 0 0 0.0 0.0 -999 ""
FIBERMAP 550 R+1C1 METROLOGY 0 0 0 1 0 0 -291.1288326640743 22.211301066624838 143.1 -281.51924256743047 77.29136691164081 156.94826 127.68909 -999.0 -999.0 -999.0 -999.0 -999.0 208.61177166054097 41.70934731133081 208.5476019715236 41.579307989826326 58.81633679836564 62.56021628827364 -999.0 6231.0 -999.0 -1 -999 {-999.0 -999.0 -999.0 -999.0 -999.0} "" -999.0 -999.0 -999.0 -999.0 -999 -999 "" "" "" "" 0 0 0.0 0.0 -999 ""
FIBERMAP 554 R-2C23 APOGEE 1 1 0 1 0 0 214.35618866931338 -42.607317534337774 143.1 202.27673973660296 -82.6775994771569 175.0517 140.66408 211.52856812068697 40.98772300891377 -9.299525 -9.708547 0.4602955 211.52853262399512 40.98769503570212 211.45972809719197 40.86151650036328 56.65682289605811 64.07029388840725 16000.0 16600.0 2016.0 2 197 {-999.0 16.763704 15.961799 15.550572 -999.0} sdss_psfmag 16.396423 15.848012 15.064649 13.424 63050394850054136 1157849301 bright_1x1 openfibertargets_mwm_ztf_lomb_apogee open_fiber science 0 0 0.0 0.0 -999 ""
FIBERMAP 554 R-2C23 BOSS 0 0 0 1 0 0 213.846262605744 -42.06843064745641 143.1 201.87894387216465 -82.05146998896653 175.0517 140.66408 -999.0 -999.0 -999.0 -999.0 -999.0 211.52646512189327 40.99053648006115 211.4574807546038 40.86435288350136 56.65848591797646 64.06509412885111 -999.0 5400.0 -999.0 1 310 {-999.0 -999.0 -999.0 -999.0 -999.0} "" -999.0 -999.0 -999.0 -999.0 -999 -999 "" "" "" "" 0 0 0.0 0.0 -999 ""
FIBERMAP 554 R-2C23 METROLOGY 0 0 0 1 0 0 214.56293443906975 -41.86381370922176 143.1 202.62138226036586 -81.98723182252974 175.0517 140.66408 -999.0 -999.0 -999.0 -999.0 -999.0 211.5308331227347 40.990789855090384 211.46188910471642 40.86461258732954 56.655148993437386 64.06469982539488 -999.0 6231.0 -999.0 -1 -999 {-999.0 -999.0 -999.0 -999.0 -999.0} "" -999.0 -999.0 -999.0 -999.0 -999 -999 "" "" "" "" 0 0 0.0 0.0 -999 ""
FIBERMAP 565 R+8C3 APOGEE 0 0 0 1 0 0 -168.2748901815791 141.35057140906298 143.1 -138.22555992950151 170.81417905892306 264.1451 79.05881 -999.0 -999.0 -999.0 -999.0 -999.0 209.4704900112928 42.143196839296124 209.40353054014236 42.014162178741955 58.14969375423422 61.81472219200822 -999.0 16600.0 -999.0 2 137 {-999.0 -999.0 -999.0 -999.0 -999.0} "" -999.0 -999.0 -999.0 -999.0 -999 -999 "" ops_sky_apogee_best_unassigned ops_sky sky_apogee 0 0 0.0 0.0 -999 ""
FIBERMAP 565 R+8C3 BOSS 1 1 0 1 0 0 -168.99235622155413 141.54035186880728 143.1 -138.89360426749056 171.13720665961165 264.1451 79.05881 209.46657230956941 42.144668856436915 -5.451432 -5.5573115 0.32678935 209.4665511252292 42.144652844169975 209.39942680112594 42.0156042313456 58.15263474464552 61.81159318834367 5400.0 5400.0 2016.0 1 25 {-999.0 16.722107 16.353657 16.23055 -999.0} sdss_psfmag 16.683712 16.385214 15.904586 15.032 63050394850074841 943208515 bright_1x1 openfibertargets_nov2020_46 open_fiber science 0 0 0.0 0.0 -999 ""
FIBERMAP 565 R+8C3 METROLOGY 0 0 0 1 0 0 -168.46932891220402 142.0794248002848 143.1 -138.27748599122145 171.5666340545873 264.1451 79.05881 -999.0 -999.0 -999.0 -999.0 -999.0 209.47025428821757 42.14661594811498 209.40316540500044 42.01757412292787 58.14972648758561 61.80823641378794 -999.0 6231.0 -999.0 -1 -999 {-999.0 -999.0 -999.0 -999.0 -999.0} "" -999.0 -999.0 -999.0 -999.0 -999 -999 "" "" "" "" 0 0 0.0 0.0 -999 ""
FIBERMAP 566 R+8C7 APOGEE 0 0 0 1 0 0 -49.702248570452824 148.7256550252811 143.1 -20.43678292974735 155.452692648238 22.222437 68.22232 -999.0 -999.0 -999.0 -999.0 -999.0 210.1905557549058 42.07731959753627 210.1221272634608 41.94921155628544 57.62078259082135 62.001064561896214 -999.0 16600.0 -999.0 2 -999 {-999.0 -999.0 -999.0 -999.0 -999.0} "" -999.0 -999.0 -999.0 -999.0 -999 -999 "" "" "" "" 0 0 0.0 0.0 -999 ""
FIBERMAP 566 R+8C7 BOSS 1 1 0 1 0 0 -49.69668727299341 148.00793990611731 143.1 -20.568123462813144 154.7471709750625 22.222437 68.22232 210.18991361037507 42.07419135169861 -0.4800541 -0.089993685 0.5066845 210.1899117469507 42.074191092400056 210.12131812682443 41.946075248818644 57.621566863436904 62.00684539526612 5400.0 5400.0 2016.0 1 103 {-999.0 20.350977 20.183746 20.006031 -999.0} sdss_psfmag 20.033365 19.813437 19.425606 -999.0 63050394850071607 1117968923 bright_1x1 openfibertargets_bhm_lofarradio_boss open_fiber science 0 0 0.0 0.0 -999 ""
FIBERMAP 566 R+8C7 METROLOGY 0 0 0 1 0 0 -50.34155852532422 148.34101914277124 143.1 -21.13760028830423 155.19701434018904 22.222437 68.22232 -999.0 -999.0 -999.0 -999.0 -999.0 210.1863790580584 42.076213057359794 210.11783798315685 41.94809437252809 57.62403266863586 62.002798359612086 -999.0 6231.0 -999.0 -1 -999 {-999.0 -999.0 -999.0 -999.0 -999.0} "" -999.0 -999.0 -999.0 -999.0 -999 -999 "" "" "" "" 0 0 0.0 0.0 -999 ""
FIBERMAP 572 R+10C5 APOGEE 0 0 0 1 0 0 -75.36601878621262 185.35244844586538 143.1 -38.64544039994706 196.29473821144472 355.0182 88.503975 -999.0 -999.0 -999.0 -999.0 -999.0 210.07915656587824 42.261553236797624 210.01054637104812 42.13327362861421 57.692116627660745 61.648104955718566 -999.0 16600.0 -999.0 2 -999 {-999.0 -999.0 -999.0 -999.0 -999.0} "" -999.0 -999.0 -999.0 -999.0 -999 -999 "" "" "" "" 0 0 0.0 0.0 -999 ""
FIBERMAP 572 R+10C5 BOSS 1 1 0 1 0 0 -75.44222447299157 184.60626424171184 143.1 -38.86246430622578 195.57685825541282 355.0182 88.503975 210.07798467601938 42.25837516985353 -999.0 -999.0 -999.0 210.07798467601938 42.25837516985354 210.00921081113515 42.13008615615578 57.69331220295438 61.65393577448282 5400.0 5400.0 2016.0 1 146 {-999.0 22.781012 20.76973 20.088457 -999.0} sdss_psfmag -999.0 -999.0 -999.0 -999.0 63050397233833140 1118024055 bright_1x1 openfibertargets_bhm_lofarradio_boss open_fiber science 0 0 0.0 0.0 -999 ""
FIBERMAP 572 R+10C5 METROLOGY 0 0 0 1 0 0 -76.04497181396283 185.04311890214115 143.1 -39.370815111209296 196.1205317376193 355.0182 88.503975 -999.0 -999.0 -999.0 -999.0 -999.0 210.0748230839836 42.26080533949196 210.0060999189725 42.13251426415191 57.69545649688978 61.64912134822271 -999.0 6231.0 -999.0 -1 -999 {-999.0 -999.0 -999.0 -999.0 -999.0} "" -999.0 -999.0 -999.0 -999.0 -999 -999 "" "" "" "" 0 0 0.0 0.0 -999 ""
FIBERMAP 575 R+3C14 APOGEE 0 0 0 1 0 0 21.297288237369195 63.086836075963284 143.1 32.92859127467739 57.862522543902614 157.37514 117.69275 -999.0 -999.0 -999.0 -999.0 -999.0 210.51533948830385 41.633691411864 210.44722595229587 41.50607226589105 57.40081155050363 62.847798000509215 -999.0 16600.0 -999.0 2 24 {-999.0 -999.0 -999.0 -999.0 -999.0} "" -999.0 -999.0 -999.0 -999.0 -999 -999 "" ops_sky_apogee_best_unassigned ops_sky sky_apogee 0 0 0.0 0.0 -999 ""
FIBERMAP 575 R+3C14 BOSS 1 1 0 1 0 0 21.226256653732445 63.8176592357151 143.1 32.9981689476493 58.593389079079024 157.37514 117.69275 210.51611321838408 41.63704531504415 -34.89853 2.6189704 1.2591107 210.51597867562992 41.63705286099722 210.44768142406105 41.50942878145346 57.40032853407467 62.84160037464568 5400.0 5400.0 2016.0 1 97 {-999.0 16.619528 15.762482 15.459144 -999.0} sdss_psfmag 16.329844 15.793009 15.095547 13.686 63050394850070317 943208499 bright_1x1 openfibertargets_nov2020_46 open_fiber science 0 0 0.0 0.0 -999 ""
FIBERMAP 575 R+3C14 METROLOGY 0 0 0 1 0 0 21.91149343793395 63.52149787399825 143.1 33.61430259061811 58.172088038664356 157.37514 117.69275 -999.0 -999.0 -999.0 -999.0 -999.0 210.51966919150996 41.63511567397104 210.45141788068258 41.507497984070596 57.39761478286207 62.84540078270743 -999.0 6231.0 -999.0 -1 -999 {-999.0 -999.0 -999.0 -999.0 -999.0} "" -999.0 -999.0 -999.0 -999.0 -999 -999 "" "" "" "" 0 0 0.0 0.0 -999 ""
FIBERMAP 577 R+6C15 APOGEE 1 1 0 1 0 0 73.36534095522987 115.43215406850764 143.1 94.01235609767744 99.31686111473626 202.92538 94.9434 210.88898668634153 41.82030422812365 -19.317251 -52.70748 3.8715782 210.8889120008383 41.820152362192054 210.81953232466665 41.69299449266325 57.114697929590385 62.5244118739437 16000.0 16600.0 2016.0 2 36 {-999.0 12.246142 11.662817 11.518226 -999.0} sdss_psfmag_from_g3xp 12.112197 11.726094 11.181673 10.263 63050394850070448 1103502995 bright_1x1 mwm_tess_2min_apogee mwm_planet science 0 0 0.0 0.0 -999 ""
FIBERMAP 577 R+6C15 BOSS 0 0 0 1 0 0 73.00113043225613 116.08082618897153 143.1 93.77851043410216 100.02297460708229 202.92538 94.9434 -999.0 -999.0 -999.0 -999.0 -999.0 210.88774469865248 41.82341583235904 210.81818372334544 41.69624935777228 57.11556466292334 62.51834321364959 -999.0 5400.0 -999.0 1 188 {-999.0 -999.0 -999.0 -999.0 -999.0} "" -999.0 -999.0 -999.0 -999.0 -999 -999 "" "" "" "" 0 0 0.0 0.0 -999 ""
FIBERMAP 577 R+6C15 METROLOGY 0 0 0 1 0 0 73.75431908250584 116.08027154152393 143.1 94.51768485655836 99.87886968203023 202.92538 94.9434 -999.0 -999.0 -999.0 -999.0 -999.0 210.8921827585134 41.82271810658858 210.82266366008992 41.69555919591383 57.11225218705119 62.51987699568417 -999.0 6231.0 -999.0 -1 -999 {-999.0 -999.0 -999.0 -999.0 -999.0} "" -999.0 -999.0 -999.0 -999.0 -999 -999 "" "" "" "" 0 0 0.0 0.0 -999 ""
FIBERMAP 580 R+9C7 APOGEE 0 0 0 1 0 0 -38.949406960816916 172.1909912883855 143.1 -5.4099259509066275 176.43518295580841 24.424301 81.26303 -999.0 -999.0 -999.0 -999.0 -999.0 210.2827826771576 42.172117284974675 210.21392389036328 42.044113578834256 57.547056752664304 61.831882417135375 -999.0 16600.0 -999.0 2 29 {-999.0 -999.0 -999.0 -999.0 -999.0} "" -999.0 -999.0 -999.0 -999.0 -999 -999 "" ops_sky_apogee_best_unassigned ops_sky sky_apogee 0 0 0.0 0.0 -999 ""
FIBERMAP 580 R+9C7 BOSS 1 1 0 1 0 0 -38.741950495151 171.48201236810758 143.1 -5.3414343947875045 175.69975419766664 24.424301 81.26303 210.2833646703772 42.168859875158056 0.93770486 -0.074278235 -0.8101409 210.28336831570522 42.16885966114034 210.2143413121145 42.04084943764212 57.546942893718374 61.8379890248494 5400.0 5400.0 2016.0 1 118 {-999.0 21.31547 21.167398 20.958971 -999.0} sdss_psfmag 20.526707 20.4482 19.990856 -999.0 63050394850071674 1117015672 bright_1x1 openfibertargets_bhm_quaia_boss open_fiber science 0 0 0.0 0.0 -999 ""
FIBERMAP 580 R+9C7 METROLOGY 0 0 0 1 0 0 -39.46808886413347 171.65863420349066 143.1 -6.02049899915461 176.01151914111696 24.424301 81.26303 -999.0 -999.0 -999.0 -999.0 -999.0 210.2791595902553 42.17025827245405 210.2101882576403 42.04224459329601 57.549938070038344 61.8350492152594 -999.0 6231.0 -999.0 -1 -999 {-999.0 -999.0 -999.0 -999.0 -999.0} "" -999.0 -999.0 -999.0 -999.0 -999 -999 "" "" "" "" 0 0 0.0 0.0 -999 ""
FIBERMAP 581 R-1C19 APOGEE 0 0 0 1 0 0 105.80591558897939 -29.74813996597303 143.1 98.18198091398699 -49.36580140588685 261.20856 55.07149 -999.0 -999.0 -999.0 -999.0 -999.0 210.9069478395769 41.143652238725664 210.83911945319892 41.016621793848685 57.12267864903978 63.770486859386324 -999.0 16600.0 -999.0 2 -999 {-999.0 -999.0 -999.0 -999.0 -999.0} "" -999.0 -999.0 -999.0 -999.0 -999 -999 "" "" "" "" 0 0 0.0 0.0 -999 ""
FIBERMAP 581 R-1C19 BOSS 1 1 0 1 0 0 105.253316830892 -29.23285079461104 143.1 97.73780254513242 -48.754700301659746 261.20856 55.07149 210.90445162813936 41.14648077778788 22.798925 -18.728186 1.649953 210.90453886295577 41.14642681629004 210.83653410058827 41.019389929631636 57.12456135220447 63.76530145051748 5400.0 5400.0 2016.0 1 296 {-999.0 17.875692 16.60075 16.115541 -999.0} sdss_psfmag 17.368593 16.593426 15.728292 14.023 63050394850055239 1095223559 bright_1x1 mwm_bin_vis_boss mwm_filler science 0 0 0.0 0.0 -999 ""
FIBERMAP 581 R-1C19 METROLOGY 0 0 0 1 0 0 105.96304109397494 -29.018774792557345 143.1 98.47522459037133 -48.67985351171264 261.20856 55.07149 -999.0 -999.0 -999.0 -999.0 -999.0 210.9089313534166 41.14674547503855 210.84096611786129 41.01971486489717 57.12121054556023 63.76485314082424 -999.0 6231.0 -999.0 -1 -999 {-999.0 -999.0 -999.0 -999.0 -999.0} "" -999.0 -999.0 -999.0 -999.0 -999 -999 "" "" "" "" 0 0 0.0 0.0 -999 ""
FIBERMAP 587 R-10C13 APOGEE 0 0 0 1 0 0 107.30283016761877 -206.62765149163195 143.1 65.93736943165656 -223.2643431424278 38.561043 22.06427 -999.0 -999.0 -999.0 -999.0 -999.0 210.70391558657295 40.35766518933744 210.63832186518414 40.23048898397488 57.28672373720491 65.21758086161412 -999.0 16600.0 -999.0 2 -999 {-999.0 -999.0 -999.0 -999.0 -999.0} "" -999.0 -999.0 -999.0 -999.0 -999 -999 "" "" "" "" 0 0 0.0 0.0 -999 ""
FIBERMAP 587 R-10C13 BOSS 1 1 0 1 0 0 106.95554277532221 -207.28858775749634 143.1 65.4705182305963 -223.8468801955869 38.561043 22.06427 210.7012939453125 40.35502873756586 -999.0 -999.0 -999.0 210.70129394531247 40.35502873756587 210.6355398908287 40.22784880650699 57.28886167698885 65.22244532165357 5400.0 5400.0 2015.5 1 396 {-999.0 -999.0 -999.0 -999.0 -999.0} "" -999.0 -999.0 -999.0 -999.0 27021603104370823 807158412 "" ops_sky_boss_good ops_sky sky_boss 0 0 0.0 0.0 -999 ""
FIBERMAP 587 R-10C13 METROLOGY 0 0 0 1 0 0 106.55731782654635 -206.65720364587688 143.1 65.19999109949462 -223.151252194428 38.561043 22.06427 -999.0 -999.0 -999.0 -999.0 -999.0 210.6996734892195 40.358156913315995 210.6339645149028 40.2309745632671 57.29004770084736 65.2166492975382 -999.0 6231.0 -999.0 -1 -999 {-999.0 -999.0 -999.0 -999.0 -999.0} "" -999.0 -999.0 -999.0 -999.0 -999 -999 "" "" "" "" 0 0 0.0 0.0 -999 ""
FIBERMAP 588 R+8C1 APOGEE 0 0 0 1 0 0 -214.7039532760543 152.19453091313878 143.1 -181.73035757091824 190.30744191039165 192.61465 117.198296 -999.0 -999.0 -999.0 -999.0 -999.0 209.20566136420123 42.22774357855012 209.1391080601037 42.09836435726142 58.339393613964205 61.62807317851923 -999.0 16600.0 -999.0 2 94 {-999.0 -999.0 -999.0 -999.0 -999.0} "" -999.0 -999.0 -999.0 -999.0 -999 -999 "" ops_sky_apogee_best_unassigned ops_sky sky_apogee 0 0 0.0 0.0 -999 ""
FIBERMAP 588 R+8C1 BOSS 1 1 0 1 0 0 -215.1505030712046 152.77465818601502 143.1 -182.05808691504762 190.96197048332473 192.61465 117.198296 209.20382165605096 42.23066858147552 -999.0 -999.0 -999.0 209.20382165605093 42.23066858147553 209.1370965726861 42.101277094769394 58.34066169249486 61.62232479147593 5400.0 5400.0 2015.5 1 81 {-999.0 -999.0 -999.0 -999.0 -999.0} "" -999.0 -999.0 -999.0 -999.0 27021603104393185 817514829 "" ops_sky_boss_good ops_sky sky_boss 0 0 0.0 0.0 -999 ""
FIBERMAP 588 R+8C1 METROLOGY 0 0 0 1 0 0 -214.4058686462036 152.87838333447706 143.1 -181.30743264240706 190.92185017241593 192.61465 117.198296 -999.0 -999.0 -999.0 -999.0 -999.0 209.20832914428888 42.23054781736076 209.14164206950772 42.10116467207813 58.337307268664105 61.623024076249294 -999.0 6231.0 -999.0 -1 -999 {-999.0 -999.0 -999.0 -999.0 -999.0} "" -999.0 -999.0 -999.0 -999.0 -999 -999 "" "" "" "" 0 0 0.0 0.0 -999 ""
FIBERMAP 589 R-2C25 APOGEE 0 0 0 1 0 0 282.4379244941703 -47.85998230844812 143.1 268.10008945151026 -100.80989625536075 352.47693 89.38142 -999.0 -999.0 -999.0 -999.0 -999.0 211.91570630587947 40.90194256669774 211.84627546967658 40.77630089305778 56.36510919497847 64.22972892380346 -999.0 16600.0 -999.0 2 216 {-999.0 -999.0 -999.0 -999.0 -999.0} "" -999.0 -999.0 -999.0 -999.0 -999 -999 "" ops_sky_apogee_best_unassigned ops_sky sky_apogee 0 0 0.0 0.0 -999 ""
FIBERMAP 589 R-2C25 BOSS 1 1 0 1 0 0 282.3576605184141 -48.592485689393655 143.1 267.88168981240165 -101.51357449583023 352.47693 89.38142 211.91447370338503 40.898791767953284 -999.0 -999.0 -999.0 211.91447370338503 40.89879176795329 211.8448735762745 40.773148091671565 56.366189839862066 64.23540934090636 5400.0 5400.0 2016.0 1 254 {-999.0 19.486513 18.460823 18.041159 -999.0} sdss_psfmag 18.860735 20.436985 17.301933 15.139 63050394850057367 1117968773 bright_1x1 openfibertargets_bhm_lofarradio_boss open_fiber science 0 0 0.0 0.0 -999 ""
FIBERMAP 589 R-2C25 METROLOGY 0 0 0 1 0 0 281.7566638409629 -48.14386948815573 143.1 267.3772991357129 -100.95869034632108 352.47693 89.38142 -999.0 -999.0 -999.0 -999.0 -999.0 211.91154547410858 40.901322165644046 211.84199644796217 40.77567433361215 56.368353320732986 64.23082449990409 -999.0 6231.0 -999.0 -1 -999 {-999.0 -999.0 -999.0 -999.0 -999.0} "" -999.0 -999.0 -999.0 -999.0 -999 -999 "" "" "" "" 0 0 0.0 0.0 -999 ""
FIBERMAP 592 R0C5 APOGEE 0 0 0 1 0 0 -211.2589531078486 -11.115016005786451 143.1 -209.47637210851056 29.356967241953935 239.02498 106.4792 -999.0 -999.0 -999.0 -999.0 -999.0 209.04551912065216 41.498460918329734 208.98096679073512 41.36899393285917 58.50547057449944 63.00296111186526 -999.0 16600.0 -999.0 2 243 {-999.0 -999.0 -999.0 -999.0 -999.0} "" -999.0 -999.0 -999.0 -999.0 -999 -999 "" ops_sky_apogee_best_unassigned ops_sky sky_apogee 0 0 0.0 0.0 -999 ""
FIBERMAP 592 R0C5 BOSS 1 1 0 1 0 0 -211.98054562340417 -10.950074044566053 143.1 -210.15320103081788 29.656401537448367 239.02498 106.4792 209.04162143993668 41.499807106399565 -19.920929 -6.801304 2.2371035 209.04154480266334 41.49978750979779 208.97683154468916 41.370308769331295 58.50849391730781 63.00010966322297 5400.0 5400.0 2016.0 1 495 {-999.0 16.781954 15.567302 15.070529 -999.0} sdss_psfmag 16.306955 15.561486 14.723459 13.082 63050394850072402 1122400632 bright_1x1 openfibertargets_mwm_snc_further_ext_boss open_fiber science 0 0 0.0 0.0 -999 ""
FIBERMAP 592 R0C5 METROLOGY 0 0 0 1 0 0 -211.50025164717815 -10.38617820114139 143.1 -209.57429562858158 30.1183385903106 239.02498 106.4792 -999.0 -999.0 -999.0 -999.0 -999.0 209.04494968544026 41.50191701266187 208.9802716513301 41.372443677186375 58.505794736451236 62.99631146674972 -999.0 6231.0 -999.0 -1 -999 {-999.0 -999.0 -999.0 -999.0 -999.0} "" -999.0 -999.0 -999.0 -999.0 -999 -999 "" "" "" "" 0 0 0.0 0.0 -999 ""
FIBERMAP 594 R+1C22 APOGEE 0 0 0 1 0 0 189.92669923612726 10.035910579037413 143.1 188.33236181864942 -26.3501398784518 230.51561 149.12729 -999.0 -999.0 -999.0 -999.0 -999.0 211.45113229562241 41.243895837373735 211.38188900144416 41.117573524585424 56.71130405209881 63.60238596860552 -999.0 16600.0 -999.0 2 86 {-999.0 -999.0 -999.0 -999.0 -999.0} "" -999.0 -999.0 -999.0 -999.0 -999 -999 "" ops_sky_apogee_best_unassigned ops_sky sky_apogee 0 0 0.0 0.0 -999 ""
FIBERMAP 594 R+1C22 BOSS 1 1 0 1 0 0 189.22585680175365 9.811436877711312 143.1 187.60167574913208 -26.436885271119902 230.51561 149.12729 211.44699096679685 41.24354193824439 -999.0 -999.0 -999.0 211.44699096679682 41.24354193824439 211.3775795323682 41.11721137082572 56.71455739225985 63.602924188207524 5400.0 5400.0 2015.5 1 235 {-999.0 -999.0 -999.0 -999.0 -999.0} "" -999.0 -999.0 -999.0 -999.0 27021603104380385 807159749 "" ops_sky_boss_good ops_sky sky_boss 0 0 0.0 0.0 -999 ""
FIBERMAP 594 R+1C22 METROLOGY 0 0 0 1 0 0 189.36579416483207 10.538199605844865 143.1 187.87755264713883 -25.750215642125507 230.51561 149.12729 -999.0 -999.0 -999.0 -999.0 -999.0 211.44864686630896 41.24664258451 211.37927491891185 41.120314531357096 56.71321655904617 63.59731906904534 -999.0 6231.0 -999.0 -1 -999 {-999.0 -999.0 -999.0 -999.0 -999.0} "" -999.0 -999.0 -999.0 -999.0 -999 -999 "" "" "" "" 0 0 0.0 0.0 -999 ""
FIBERMAP 597 R+1C2 APOGEE 0 0 0 1 0 0 -262.54023622824207 11.810426014630474 143.1 -255.441012965381 61.63346483235457 191.25436 154.62349 -999.0 -999.0 -999.0 -999.0 -999.0 208.76806861247164 41.641131151883705 208.7038179839427 41.51129983688381 58.7042049596742 62.70606161169235 -999.0 16600.0 -999.0 2 -999 {-999.0 -999.0 -999.0 -999.0 -999.0} "" -999.0 -999.0 -999.0 -999.0 -999 -999 "" "" "" "" 0 0 0.0 0.0 -999 ""
FIBERMAP 597 R+1C2 BOSS 1 1 0 1 0 0 -263.28638447125047 11.992569959057505 143.1 -256.138665403789 61.95446386803808 191.25436 154.62349 208.76405308303683 41.6425506650707 -4.3139663 -7.1017222 0.9978627 208.76403645018 41.64253020289859 208.69962612059717 41.51268592272959 58.70724777310154 62.70300829388224 5400.0 5400.0 2016.0 1 11 {-999.0 14.136648 13.785159 13.692675 -999.0} sdss_psfmag_from_g3xp 14.084277 13.802434 13.363738 12.593 63050394850072698 978951876 "" ops_std_boss ops_std standard_boss 0 0 0.0 0.0 -999 ""
FIBERMAP 597 R+1C2 METROLOGY 0 0 0 1 0 0 -262.7509888221706 12.526139172721207 143.1 -255.51145621246482 62.37613172686497 191.25436 154.62349 -999.0 -999.0 -999.0 -999.0 -999.0 208.76770196728674 41.644488697193374 208.70332616268126 41.514650666837156 58.70435595713121 62.699578620787804 -999.0 6231.0 -999.0 -1 -999 {-999.0 -999.0 -999.0 -999.0 -999.0} "" -999.0 -999.0 -999.0 -999.0 -999 -999 "" "" "" "" 0 0 0.0 0.0 -999 ""
FIBERMAP 598 R+11C9 APOGEE 0 0 0 1 0 0 -2.4848020668065143 202.329558596667 143.1 36.12583882837283 199.06691888109077 248.89705 83.05454 -999.0 -999.0 -999.0 -999.0 -999.0 210.53775233961744 42.27348735087905 210.46807872152283 42.14579863894046 57.35272917162244 61.66415911046829 -999.0 16600.0 -999.0 2 21 {-999.0 -999.0 -999.0 -999.0 -999.0} "" -999.0 -999.0 -999.0 -999.0 -999 -999 "" ops_sky_apogee_best_unassigned ops_sky sky_apogee 0 0 0.0 0.0 -999 ""
FIBERMAP 598 R+11C9 BOSS 1 1 0 1 0 0 -3.133004015898762 202.67376935593 143.1 35.55521452037965 199.5283230552546 248.89705 83.05454 210.53457639029443 42.27568107208738 -32.487507 -16.33404 0.5253251 210.53444988134055 42.275634008798484 210.4646023355353 42.14793299467876 57.355175051976175 61.65992520327553 5400.0 5400.0 2016.0 1 110 {-999.0 15.953995 15.62665 15.572988 -999.0} sdss_psfmag 15.883265 15.633756 15.220538 14.518 63050394850077711 979448097 "" ops_std_boss ops_std standard_boss 0 0 0.0 0.0 -999 ""
FIBERMAP 598 R+11C9 METROLOGY 0 0 0 1 0 0 -2.5087920794859357 203.07705258259728 143.1 36.24476691526384 199.8051821001318 248.89705 83.05454 -999.0 -999.0 -999.0 -999.0 -999.0 210.53863050512567 42.276850618476466 210.46882062479415 42.14915694657579 57.351980249479716 61.6580056293264 -999.0 6231.0 -999.0 -1 -999 {-999.0 -999.0 -999.0 -999.0 -999.0} "" -999.0 -999.0 -999.0 -999.0 -999 -999 "" "" "" "" 0 0 0.0 0.0 -999 ""
FIBERMAP 599 R+2C11 APOGEE 0 0 0 1 0 0 -48.206733631271106 20.990369194220463 143.1 -43.315698502012495 29.79113773709332 293.3537 77.13309 -999.0 -999.0 -999.0 -999.0 -999.0 210.05090898343812 41.50634436316982 209.9841149275819 41.37814466263367 57.75320237943755 63.05803165076287 -999.0 16600.0 -999.0 2 142 {-999.0 -999.0 -999.0 -999.0 -999.0} "" -999.0 -999.0 -999.0 -999.0 -999 -999 "" ops_sky_apogee_best_unassigned ops_sky sky_apogee 0 0 0.0 0.0 -999 ""
FIBERMAP 599 R+2C11 BOSS 1 1 0 1 0 0 -48.93558654064888 20.85114697537311 143.1 -44.05762855502325 29.7934084577946 293.3537 77.13309 210.0465368781353 41.50637140489289 -999.0 -999.0 -999.0 210.04653687813527 41.506371404892896 209.97958086359714 41.37816034224187 57.756600476506875 63.05771784266131 5400.0 5400.0 2016.0 1 23 {-999.0 20.17015 19.278734 18.929918 -999.0} sdss_psfmag 19.553896 21.095448 18.201527 16.103 63050394850070029 1117968730 bright_1x1 openfibertargets_bhm_lofarradio_boss open_fiber science 0 0 0.0 0.0 -999 ""
FIBERMAP 599 R+2C11 METROLOGY 0 0 0 1 0 0 -48.69617360431784 21.558857543758336 143.1 -43.68774442819081 30.442417338279753 293.3537 77.13309 -999.0 -999.0 -999.0 -999.0 -999.0 210.04873932546775 41.50932532296689 209.9818202936076 41.381118255553275 57.75478970601646 63.05232000358404 -999.0 6231.0 -999.0 -1 -999 {-999.0 -999.0 -999.0 -999.0 -999.0} "" -999.0 -999.0 -999.0 -999.0 -999 -999 "" "" "" "" 0 0 0.0 0.0 -999 ""
FIBERMAP 600 R+1C17 APOGEE 0 0 0 1 0 0 62.11350179507248 4.126764768262936 143.1 61.753079790995805 -7.788502079358495 301.28275 14.4465885 -999.0 -999.0 -999.0 -999.0 -999.0 210.68858178434928 41.33404549660363 210.6207858519839 41.20669873970938 57.28175858342236 63.411165967153124 -999.0 16600.0 -999.0 2 -999 {-999.0 -999.0 -999.0 -999.0 -999.0} "" -999.0 -999.0 -999.0 -999.0 -999 -999 "" "" "" "" 0 0 0.0 0.0 -999 ""
FIBERMAP 600 R+1C17 BOSS 1 1 0 1 0 0 61.5374358426889 4.645939231965004 143.1 61.286608128026856 -7.169114495939173 301.28275 14.4465885 210.68599650798356 41.336878682864175 -0.0865192 0.054900076 0.082807295 210.6859961759717 41.3368788410476 210.61802497166642 41.20952406080771 57.283743843329496 63.40581796143892 5400.0 5400.0 2016.0 1 191 {-999.0 20.165962 20.026375 19.657778 -999.0} sdss_psfmag 19.797813 19.867222 18.998365 -999.0 63050394850055581 1117015550 bright_1x1 openfibertargets_bhm_quaia_boss open_fiber science 0 0 0.0 0.0 -999 ""
FIBERMAP 600 R+1C17 METROLOGY 0 0 0 1 0 0 62.27763278260937 4.854585487562657 143.1 62.05290520686683 -7.105405389819458 301.28275 14.4465885 -999.0 -999.0 -999.0 -999.0 -999.0 210.69058636534092 41.33714789223841 210.6226539147258 41.20980026141416 57.28025440476725 63.40551431114369 -999.0 6231.0 -999.0 -1 -999 {-999.0 -999.0 -999.0 -999.0 -999.0} "" -999.0 -999.0 -999.0 -999.0 -999 -999 "" "" "" "" 0 0 0.0 0.0 -999 ""
FIBERMAP 604 R+7C14 APOGEE 1 1 0 1 0 0 61.069479423644474 134.4093642988657 143.1 85.56067792830841 120.28727126278305 212.5913 84.34465 210.83820877190252 41.91565864258988 -9.160355 5.3284087 2.058528 210.8381733026379 41.91567399531242 210.76867937424524 41.78843415835368 57.148370958009586 62.34562617193637 16000.0 16600.0 2016.0 2 43 {-999.0 11.77483 11.61476 11.606891 -999.0} sdss_psfmag_from_g3xp 11.787803 11.601639 11.285949 10.789 63050394850077302 974725433 "" ops_std_apogee ops_std standard_apogee 0 0 0.0 0.0 -999 ""
FIBERMAP 604 R+7C14 BOSS 0 0 0 1 0 0 60.75958664919129 135.0710812022457 143.1 85.38263335593274 120.99583548872778 212.5913 84.34465 -999.0 -999.0 -999.0 -999.0 -999.0 210.837333899926 41.918947491680164 210.7676576540606 41.79169948869726 57.148981672697865 62.339548444755394 -999.0 5400.0 -999.0 1 160 {-999.0 -999.0 -999.0 -999.0 -999.0} "" -999.0 -999.0 -999.0 -999.0 -999 -999 "" "" "" "" 0 0 0.0 0.0 -999 ""
FIBERMAP 604 R+7C14 METROLOGY 0 0 0 1 0 0 61.50380738254529 135.0244332524303 143.1 86.10421991204963 120.80819774594275 212.5913 84.34465 -999.0 -999.0 -999.0 -999.0 -999.0 210.84167176985306 41.91805401688097 210.772038062447 41.790813584707415 57.14575998036093 62.34145690957138 -999.0 6231.0 -999.0 -1 -999 {-999.0 -999.0 -999.0 -999.0 -999.0} "" -999.0 -999.0 -999.0 -999.0 -999 -999 "" "" "" "" 0 0 0.0 0.0 -999 ""
FIBERMAP 605 R+13C13 APOGEE 1 1 0 1 0 0 136.8918184090858 255.34445326223397 143.1 183.03354029045047 224.53713630085412 23.3859 107.47574 211.43565230542032 42.37811136732738 -2.7254376 -51.5212 7.601105 211.43564167507012 42.37796291945343 211.36369220051725 42.25144548610341 56.68442636271075 61.537602127893 16000.0 16600.0 2016.0 2 103 {-999.0 8.777771 8.525913 8.454551 -999.0} sdss_psfmag_from_g3xp 8.76221 8.528379 8.132218 7.53 63050394850064111 974725109 "" ops_std_apogee ops_std standard_apogee 0 0 0.0 0.0 -999 ""
FIBERMAP 605 R+13C13 BOSS 0 0 0 1 0 0 137.35023713269413 254.76503283104518 143.1 183.3730541160013 223.88103925564405 23.3859 107.47574 -999.0 -999.0 -999.0 -999.0 -999.0 211.4378456659191 42.374992101117115 211.36571848120502 42.248469485885295 56.68307953311692 61.5431520002042 -999.0 5400.0 -999.0 1 91 {-999.0 -999.0 -999.0 -999.0 -999.0} "" -999.0 -999.0 -999.0 -999.0 -999 -999 "" "" "" "" 0 0 0.0 0.0 -999 ""
FIBERMAP 605 R+13C13 METROLOGY 0 0 0 1 0 0 136.6172419027507 254.64619029814835 143.1 182.6309426781275 223.9041028690385 23.3859 107.47574 -999.0 -999.0 -999.0 -999.0 -999.0 211.43329373725567 42.37517408858011 211.36122768293353 42.24864727432148 56.686390470706115 61.542521523835546 -999.0 6231.0 -999.0 -1 -999 {-999.0 -999.0 -999.0 -999.0 -999.0} "" -999.0 -999.0 -999.0 -999.0 -999 -999 "" "" "" "" 0 0 0.0 0.0 -999 ""
FIBERMAP 610 R-4C21 APOGEE 0 0 0 1 0 0 186.06068072958783 -73.06128848334446 143.1 168.69910288429145 -107.17597459370346 185.95511 92.98892 -999.0 -999.0 -999.0 -999.0 -999.0 211.32567272970104 40.878421454631834 211.2575599605633 40.751987848650266 56.81120777403168 64.26646146496762 -999.0 16600.0 -999.0 2 232 {-999.0 -999.0 -999.0 -999.0 -999.0} "" -999.0 -999.0 -999.0 -999.0 -999 -999 "" ops_sky_apogee_best_unassigned ops_sky sky_apogee 0 0 0.0 0.0 -999 ""
FIBERMAP 610 R-4C21 BOSS 1 1 0 1 0 0 185.94486242331595 -72.3235401203573 143.1 168.7260408430217 -106.42977422363981 185.95511 92.98892 211.32614135742185 40.88177284193134 -999.0 -999.0 -999.0 211.32614135742185 40.88177284193133 211.2578433980642 40.75533769570273 56.81095189597172 64.26034720416379 5400.0 5400.0 2015.5 1 279 {-999.0 -999.0 -999.0 -999.0 -999.0} "" -999.0 -999.0 -999.0 -999.0 27021603104373182 807158751 "" ops_sky_boss_good ops_sky sky_boss 0 0 0.0 0.0 -999 ""
FIBERMAP 610 R-4C21 METROLOGY 0 0 0 1 0 0 186.65468027868621 -72.6124825741657 143.1 169.36767758924057 -106.84867490407024 185.95511 92.98892 -999.0 -999.0 -999.0 -999.0 -999.0 211.32986673837888 40.87985337597676 211.26161525661462 40.75342398101415 56.808118396026885 64.26390692243888 -999.0 6231.0 -999.0 -1 -999 {-999.0 -999.0 -999.0 -999.0 -999.0} "" -999.0 -999.0 -999.0 -999.0 -999 -999 "" "" "" "" 0 0 0.0 0.0 -999 ""
FIBERMAP 613 R0C25 APOGEE 0 0 0 1 0 0 232.9900778402872 12.372498431704598 143.1 231.04588695222893 -32.26473779566321 173.47865 74.931465 -999.0 -999.0 -999.0 -999.0 -999.0 211.70573492730804 41.21419936913377 211.63601128174184 41.08822441899106 56.52039516016472 63.662196133405644 -999.0 16600.0 -999.0 2 35 {-999.0 -999.0 -999.0 -999.0 -999.0} "" -999.0 -999.0 -999.0 -999.0 -999 -999 "" ops_sky_apogee_best_unassigned ops_sky sky_apogee 0 0 0.0 0.0 -999 ""
FIBERMAP 613 R0C25 BOSS 1 1 0 1 0 0 233.26413149831424 13.065225263342484 143.1 231.44691616409585 -31.637038608324602 173.47865 74.931465 211.70841877225556 41.21701041291042 0.048652686 0.012004974 -0.0360518 211.70841895861454 41.21701044750032 211.6385035758408 41.09103642200479 56.518469900443804 63.657156496663944 5400.0 5400.0 2016.0 1 172 {-999.0 18.720222 18.586382 18.46175 18.403713} sdss_psfmag_from_gaiadr2 18.624674 18.577208 18.178932 -999.0 63050394850061452 1057598210 bright_flexible_2x1 bhm_gua_bright bhm_filler science 0 0 0.0 0.0 -999 ""
FIBERMAP 613 R0C25 METROLOGY 0 0 0 1 0 0 233.73449626999428 12.480613444185613 143.1 231.79716594236774 -32.300508137034605 173.47865 74.931465 -999.0 -999.0 -999.0 -999.0 -999.0 211.71036665519628 41.213980387153626 211.64050509751894 41.08801011715166 56.51701222444437 63.6626870912541 -999.0 6231.0 -999.0 -1 -999 {-999.0 -999.0 -999.0 -999.0 -999.0} "" -999.0 -999.0 -999.0 -999.0 -999 -999 "" "" "" "" 0 0 0.0 0.0 -999 ""
FIBERMAP 614 R+1C11 APOGEE 0 0 0 1 0 0 -50.910277490698064 8.84453109483548 143.1 -48.284359558748555 18.38489213123247 284.83212 128.84004 -999.0 -999.0 -999.0 -999.0 -999.0 210.02079881269327 41.454357850399106 209.95419009628495 41.32612753031618 57.77793528163703 63.153604677332055 -999.0 16600.0 -999.0 2 134 {-999.0 -999.0 -999.0 -999.0 -999.0} "" -999.0 -999.0 -999.0 -999.0 -999 -999 "" "" "" "" 0 0 0.0 0.0 -999 ""
FIBERMAP 614 R+1C11 BOSS 1 1 0 1 0 0 -51.349738917455674 8.242423489762011 143.1 -48.83046973428314 17.877666107899792 284.83212 128.84004 210.01766783032596 41.45206787129251 -12.112089 -3.3585222 0.62976396 210.0176212685314 41.4520581943833 209.9508534690546 41.32381870334944 57.78053906908629 63.15772640140275 5400.0 5400.0 2016.0 1 31 {-999.0 15.177503 14.473208 14.238359 -999.0} sdss_psfmag_from_g3xp 14.98942 14.520459 13.89153 12.663 63050394850069979 943345569 bright_1x1 openfibertargets_nov2020_46 open_fiber science 0 0 0.0 0.0 -999 ""
FIBERMAP 614 R+1C11 METROLOGY 0 0 0 1 0 0 -51.66062169568686 8.932515517029353 143.1 -49.00407762615095 18.614270176211114 284.83212 128.84004 -999.0 -999.0 -999.0 -999.0 -999.0 210.0165177327556 41.455408722453384 209.94979333371327 41.327168734123966 57.78118857665296 63.15138397378348 -999.0 6231.0 -999.0 -1 -999 {-999.0 -999.0 -999.0 -999.0 -999.0} "" -999.0 -999.0 -999.0 -999.0 -999 -999 "" "" "" "" 0 0 0.0 0.0 -999 ""
FIBERMAP 615 R-10C5 APOGEE 0 0 0 1 0 0 -91.45150686010535 -210.92606317191803 143.1 -129.9660291767608 -189.6000738501632 291.06943 86.82747 -999.0 -999.0 -999.0 -999.0 -999.0 209.5373093906214 40.5096610396011 209.47386152336492 40.380960356781046 58.172522261749734 64.91224280659003 -999.0 16600.0 -999.0 2 -999 {-999.0 -999.0 -999.0 -999.0 -999.0} "" -999.0 -999.0 -999.0 -999.0 -999 -999 "" "" "" "" 0 0 0.0 0.0 -999 ""
FIBERMAP 615 R-10C5 BOSS 1 1 0 1 0 0 -92.14957243081744 -211.17887272964816 143.1 -130.6993905788352 -189.71516112488354 291.06943 86.82747 209.53273465768495 40.50915097441464 -11.651794 -13.911318 0.3876044 209.5331028137416 40.50911089176807 209.46949873073243 40.38040215337131 58.175857598949804 64.91315607497533 5400.0 5400.0 2016.0 1 348 {-999.0 13.568008 13.058181 12.73222 -999.0} sdss_psfmag_from_g3xp 13.3367405 13.244557 12.309882 11.101 63050394850066975 1093146294 bright_3x1 mwm_astar_core_boss mwm_ob science 0 0 1.1285356283187866 0.0 -999 ""
FIBERMAP 615 R-10C5 METROLOGY 0 0 0 1 0 0 -92.01700057810872 -210.4393611733496 143.1 -130.42831320501114 -189.01457419646044 291.06943 86.82747 -999.0 -999.0 -999.0 -999.0 -999.0 209.53461883491386 40.51226881797962 209.47105181135225 40.38356224310883 58.174602012687274 64.90721669811882 -999.0 6231.0 -999.0 -1 -999 {-999.0 -999.0 -999.0 -999.0 -999.0} "" -999.0 -999.0 -999.0 -999.0 -999 -999 "" "" "" "" 0 0 0.0 0.0 -999 ""
FIBERMAP 619 R+7C12 APOGEE 0 0 0 1 0 0 47.317915873541565 118.4457058516015 143.1 69.02032123101087 107.23949891295415 28.363605 13.454804 -999.0 -999.0 -999.0 -999.0 -999.0 210.73679993374552 41.85715012586557 210.66767053356136 41.72978577429728 57.22632638534802 62.447371117607986 -999.0 16600.0 -999.0 2 6 {-999.0 -999.0 -999.0 -999.0 -999.0} "" -999.0 -999.0 -999.0 -999.0 -999 -999 "" ops_sky_apogee_best_unassigned ops_sky sky_apogee 0 0 0.0 0.0 -999 ""
FIBERMAP 619 R+7C12 BOSS 1 1 0 1 0 0 46.76156265618364 117.96250784650675 143.1 68.38214241457615 106.87126668877264 28.363605 13.454804 210.73299598937172 41.85569181090135 29.607267 -48.274258 3.2171168 210.7331105220835 41.85555271837121 210.66381665308427 41.72817852500523 57.22927291169037 62.4500946733008 5400.0 5400.0 2016.0 1 138 {-999.0 19.783237 18.256414 17.206385 -999.0} sdss_psfmag 19.141273 17.867342 16.75801 14.713 63050394850070527 936439552 bright_1x1 openfibertargets_nov2020_34a open_fiber science 0 0 0.0 0.0 -999 ""
FIBERMAP 619 R+7C12 METROLOGY 0 0 0 1 0 0 46.60960240169833 118.69805333783958 143.1 68.37318595304852 107.62219365370191 28.363605 13.454804 -999.0 -999.0 -999.0 -999.0 -999.0 210.73302184971985 41.8589525846413 210.66377045659 41.73157869245689 57.22915196129897 62.44381660421618 -999.0 6231.0 -999.0 -1 -999 {-999.0 -999.0 -999.0 -999.0 -999.0} "" -999.0 -999.0 -999.0 -999.0 -999 -999 "" "" "" "" 0 0 0.0 0.0 -999 ""
FIBERMAP 623 R+6C11 APOGEE 0 0 0 1 0 0 -14.626024817271187 129.38967411107913 143.1 10.306208402274274 129.78811632747343 183.3807 60.944725 -999.0 -999.0 -999.0 -999.0 -999.0 210.37849590819397 41.960902015138956 210.3099198535433 41.83305469232032 57.48768141481001 62.23176558182257 -999.0 16600.0 -999.0 2 -999 {-999.0 -999.0 -999.0 -999.0 -999.0} "" -999.0 -999.0 -999.0 -999.0 -999 -999 "" "" "" "" 0 0 0.0 0.0 -999 ""
FIBERMAP 623 R+6C11 BOSS 1 1 0 1 0 0 -14.306148805328473 130.08701600401858 143.1 10.753093452276056 130.4116114448491 183.3807 60.944725 210.38141950822222 41.96378527213059 -999.0 -999.0 -999.0 210.38141950822225 41.9637852721306 210.3126556426334 41.83593439133924 57.485493291195596 62.22661647704497 5400.0 5400.0 2016.0 1 136 {-999.0 22.473589 20.76565 19.847593 -999.0} sdss_psfmag -999.0 -999.0 -999.0 -999.0 63050397948751193 1118044881 bright_1x1 openfibertargets_bhm_lofarradio_boss open_fiber science 0 0 0.0 0.0 -999 ""
FIBERMAP 623 R+6C11 METROLOGY 0 0 0 1 0 0 -13.884512279875157 129.47226428843882 143.1 11.049770033592328 129.72784637067016 183.3807 60.944725 -999.0 -999.0 -999.0 -999.0 -999.0 210.38317453225437 41.96066917323733 210.31446353354102 41.83282301289536 57.48431296504045 62.23252945184362 -999.0 6231.0 -999.0 -1 -999 {-999.0 -999.0 -999.0 -999.0 -999.0} "" -999.0 -999.0 -999.0 -999.0 -999 -999 "" "" "" "" 0 0 0.0 0.0 -999 ""
FIBERMAP 624 R-5C1 APOGEE 0 0 0 1 1 0 -223.81130583906517 -96.09551022930867 143.1 -237.9945249062461 -51.661738215948475 352.4393 129.56146 -999.0 -999.0 -999.0 -999.0 -999.0 208.882287870379 41.129591464487646 208.8189069588933 40.99997865643556 58.646722659518915 63.697432384883086 -999.0 16600.0 -999.0 2 241 {-999.0 -999.0 -999.0 -999.0 -999.0} "" -999.0 -999.0 -999.0 -999.0 -999 -999 "" ops_sky_apogee_best_unassigned ops_sky sky_apogee 0 0 0.0 0.0 -999 ""
FIBERMAP 624 R-5C1 BOSS 1 0 0 1 1 0 -223.3942486999812 -96.71004328204046 143.1 -237.7023014696292 -52.34441581730329 352.4393 129.56146 208.89538594129237 41.05830686320555 -20.551302 -14.182989 0.5426067 208.88422533754613 41.12651735159828 208.8206821801582 40.99690138249448 58.64553345214418 63.70346431668264 5400.0 5400.0 2016.0 1 498 {-999.0 15.68834 15.292427 15.202745 -999.0} sdss_psfmag 15.592721 15.328267 14.899001 14.145 63050394850068761 1072729115 bright_1x1 mwm_halo_local_high_boss_single mwm_halo science 0 0 0.0 0.0 -999 ""
FIBERMAP 624 R-5C1 METROLOGY 0 0 0 1 1 0 -224.1292874387267 -96.77787220239807 143.1 -238.43669529882928 -52.27089111715698 352.4393 129.56146 -999.0 -999.0 -999.0 -999.0 -999.0 208.87981843347356 41.12681052528323 208.81633099383941 40.99719077334412 58.64879962375218 63.70260325691555 -999.0 6231.0 -999.0 -1 -999 {-999.0 -999.0 -999.0 -999.0 -999.0} "" -999.0 -999.0 -999.0 -999.0 -999 -999 "" "" "" "" 0 0 0.0 0.0 -999 ""
FIBERMAP 627 R+5C4 APOGEE 0 0 0 1 0 0 -183.70880616635355 91.62695046437909 143.1 -162.85197515556237 124.95052397746532 220.92166 92.76588 -999.0 -999.0 -999.0 -999.0 -999.0 209.32198875340075 41.9346050946698 209.25584030508764 41.80541604288316 58.27348696559737 62.19595097017623 -999.0 16600.0 -999.0 2 -999 {-999.0 -999.0 -999.0 -999.0 -999.0} "" -999.0 -999.0 -999.0 -999.0 -999 -999 "" "" "" "" 0 0 0.0 0.0 -999 ""
FIBERMAP 627 R+5C4 BOSS 1 1 0 1 0 0 -184.24256104885248 92.16222479269564 143.1 -163.27384837881468 125.57764947751714 220.92166 92.76588 209.31956093131555 41.93748345645519 -8.625432 -11.313121 0.5560467 209.3195275218908 41.93745085998932 209.25320901379826 41.80825010483498 58.275257566238395 62.19032774828108 5400.0 5400.0 2016.0 1 37 {-999.0 16.179878 15.797567 15.669931 -999.0} sdss_psfmag 16.096558 15.791849 15.32304 14.498 63050394850073105 943563234 bright_1x1 openfibertargets_nov2020_46 open_fiber science 0 0 0.0 0.0 -999 ""
FIBERMAP 627 R+5C4 METROLOGY 0 0 0 1 0 0 -183.51429212155236 92.34724642222342 143.1 -162.52376198827764 125.620443736901 220.92166 92.76588 -999.0 -999.0 -999.0 -999.0 -999.0 209.32403750335578 41.93768449766295 209.2577563134106 41.80849158407569 58.271859573300375 62.19029387599943 -999.0 6231.0 -999.0 -1 -999 {-999.0 -999.0 -999.0 -999.0 -999.0} "" -999.0 -999.0 -999.0 -999.0 -999 -999 "" "" "" "" 0 0 0.0 0.0 -999 ""
FIBERMAP 630 R+11C4 APOGEE 0 0 0 1 0 0 -103.08093539624014 192.654533946519 143.1 -64.45676435315629 208.74454693536143 321.19876 46.02569 -999.0 -999.0 -999.0 -999.0 -999.0 209.92096883896434 42.31706901122521 209.85258633602473 42.18857843011701 57.805248114881834 61.53003273529822 -999.0 16600.0 -999.0 2 26 {-999.0 -999.0 -999.0 -999.0 -999.0} "" -999.0 -999.0 -999.0 -999.0 -999 -999 "" ops_sky_apogee_best_unassigned ops_sky sky_apogee 0 0 0.0 0.0 -999 ""
FIBERMAP 630 R+11C4 BOSS 1 1 0 1 0 0 -103.82003071031069 192.5748164446109 143.1 -65.19740585552718 208.80717578866845 321.19876 46.02569 209.9168102287525 42.317230094846316 -57.061687 51.42783 4.6427817 209.91658787863045 42.31737827348253 209.84804077005657 42.18887430243091 57.80858781456008 61.52904462519499 5400.0 5400.0 2016.0 1 145 {-999.0 18.904068 17.426592 16.22518 -999.0} sdss_psfmag 18.269493 16.901602 15.751148 13.647 63050394850071926 936439594 bright_1x1 openfibertargets_nov2020_34a open_fiber science 0 0 0.0 0.0 -999 ""
FIBERMAP 630 R+11C4 METROLOGY 0 0 0 1 0 0 -103.53596978382406 193.25369822914558 143.1 -64.78919308789378 209.41937817182261 321.19876 46.02569 -999.0 -999.0 -999.0 -999.0 -999.0 209.91904292611216 42.3201300575843 209.8505335385098 42.19163021313601 57.80655586199659 61.524122241177565 -999.0 6231.0 -999.0 -1 -999 {-999.0 -999.0 -999.0 -999.0 -999.0} "" -999.0 -999.0 -999.0 -999.0 -999 -999 "" "" "" "" 0 0 0.0 0.0 -999 ""
FIBERMAP 631 R-5C16 APOGEE 0 0 0 1 0 0 89.40520474739104 -100.4213997468996 143.1 68.61354581349883 -115.6079610767124 185.17325 127.54524 -999.0 -999.0 -999.0 -999.0 -999.0 210.72543195558146 40.84350462738784 210.65868818184867 40.71628179450472 57.26549179634123 64.31934318423225 -999.0 16600.0 -999.0 2 202 {-999.0 -999.0 -999.0 -999.0 -999.0} "" -999.0 -999.0 -999.0 -999.0 -999 -999 "" ops_sky_apogee_best_unassigned ops_sky sky_apogee 0 0 0.0 0.0 -999 ""
FIBERMAP 631 R-5C16 BOSS 1 1 0 1 0 0 88.89208595357734 -99.8802287901375 143.1 68.21305152841536 -114.97898115056776 185.17325 127.54524 210.7232666015625 40.846321248736785 -999.0 -999.0 -999.0 210.7232666015625 40.846321248736785 210.65634782731144 40.71909272712756 57.26721375104594 64.31408551867248 5400.0 5400.0 2015.5 1 304 {-999.0 -999.0 -999.0 -999.0 -999.0} "" -999.0 -999.0 -999.0 -999.0 27021603104373740 807158842 "" ops_sky_boss_good ops_sky sky_boss 0 0 0.0 0.0 -999 ""
FIBERMAP 631 R-5C16 METROLOGY 0 0 0 1 0 0 89.61060804159055 -99.70194281229004 143.1 68.95228722654045 -114.94094037784811 185.17325 127.54524 -999.0 -999.0 -999.0 -999.0 -999.0 210.72765389821006 40.84648541874494 210.66077439646108 40.71926331399498 57.26385622700782 64.31388410054933 -999.0 6231.0 -999.0 -1 -999 {-999.0 -999.0 -999.0 -999.0 -999.0} "" -999.0 -999.0 -999.0 -999.0 -999 -999 "" "" "" "" 0 0 0.0 0.0 -999 ""
FIBERMAP 635 R+9C12 APOGEE 0 0 0 1 0 0 43.47529603895969 161.9435013557551 143.1 73.53949926430839 150.66647415067789 257.96664 78.893715 -999.0 -999.0 -999.0 -999.0 -999.0 210.76573222960172 42.053777747849395 210.6960710544463 41.926420936023014 57.1957237113433 62.086573112563656 -999.0 16600.0 -999.0 2 25 {-999.0 -999.0 -999.0 -999.0 -999.0} "" -999.0 -999.0 -999.0 -999.0 -999 -999 "" ops_sky_apogee_best_unassigned ops_sky sky_apogee 0 0 0.0 0.0 -999 ""
FIBERMAP 635 R+9C12 BOSS 1 1 0 1 0 0 42.7878494504623 162.23219515138274 143.1 72.91977327817492 151.08086671915666 257.96664 78.893715 210.7621661402594 42.055734777656106 -999.0 -999.0 -999.0 210.76216614025938 42.055734777656106 210.69233155356935 41.928366311052756 57.19840373318379 62.08272665735504 5400.0 5400.0 2015.5 1 140 {-999.0 -999.0 -999.0 -999.0 -999.0} "" -999.0 -999.0 -999.0 -999.0 27021603104395444 807161849 "" ops_sky_boss_good ops_sky sky_boss 0 0 0.0 0.0 -999 ""
FIBERMAP 635 R+9C12 METROLOGY 0 0 0 1 0 0 43.37679795783838 162.68655220820975 143.1 73.58444828390505 151.41457779508184 257.96664 78.893715 -999.0 -999.0 -999.0 -999.0 -999.0 210.76618309671267 42.05720546230583 210.6963860951331 41.92984392899783 57.19531623619901 62.08028501769752 -999.0 6231.0 -999.0 -1 -999 {-999.0 -999.0 -999.0 -999.0 -999.0} "" -999.0 -999.0 -999.0 -999.0 -999 -999 "" "" "" "" 0 0 0.0 0.0 -999 ""
FIBERMAP 637 R-13C10 APOGEE 0 0 0 1 0 0 53.62795334677361 -263.34490066174976 143.1 2.4431462724280446 -268.7036134960723 242.95026 131.93172 -999.0 -999.0 -999.0 -999.0 -999.0 210.32577985036724 40.1553167483555 210.261436594609 40.02767878001638 57.5758401331356 65.5918103205583 -999.0 16600.0 -999.0 2 181 {-999.0 -999.0 -999.0 -999.0 -999.0} "" -999.0 -999.0 -999.0 -999.0 -999 -999 "" ops_sky_apogee_best_unassigned ops_sky sky_apogee 0 0 0.0 0.0 -999 ""
FIBERMAP 637 R-13C10 BOSS 1 1 0 1 0 0 52.90040593052917 -263.51053999398874 143.1 1.6974624063680424 -268.7275208976259 242.95026 131.93172 210.32187177752226 40.155368894484916 -88.81699 -54.460724 1.2442557 210.32153695085748 40.155211976482995 210.25703327575036 40.02756827774382 57.57921231857508 65.59199067024724 5400.0 5400.0 2016.0 1 335 {-999.0 19.025295 17.818525 17.39948 -999.0} sdss_psfmag 18.60145 17.853045 17.046381 15.555 63050394850051600 1072729086 bright_1x1 mwm_halo_local_high_boss_single mwm_halo science 0 0 0.0 0.0 -999 ""
FIBERMAP 637 R-13C10 METROLOGY 0 0 0 1 0 0 53.11576455069829 -262.80172564333253 143.1 2.04394679308964 -268.0728437765972 242.95026 131.93172 -999.0 -999.0 -999.0 -999.0 -999.0 210.3235464570554 40.15812447023724 210.25908028076822 40.03048278935437 57.57763282931904 65.5865667847678 -999.0 6231.0 -999.0 -1 -999 {-999.0 -999.0 -999.0 -999.0 -999.0} "" -999.0 -999.0 -999.0 -999.0 -999 -999 "" "" "" "" 0 0 0.0 0.0 -999 ""
FIBERMAP 640 R-5C17 APOGEE 0 0 0 1 0 0 113.81853627459606 -89.72206470136801 143.1 94.61538911111847 -109.75947232491717 130.17035 127.61195 -999.0 -999.0 -999.0 -999.0 -999.0 210.88190317850533 40.869376496645785 210.8147637234366 40.74235538044117 57.14677399282586 64.27508223455692 -999.0 16600.0 -999.0 2 -999 {-999.0 -999.0 -999.0 -999.0 -999.0} "" -999.0 -999.0 -999.0 -999.0 -999 -999 "" "" "" "" 0 0 0.0 0.0 -999 ""
FIBERMAP 640 R-5C17 BOSS 1 1 0 1 0 0 113.97403048831097 -88.97416529021167 143.1 94.91056431363138 -109.05502151929208 130.17035 127.61195 210.8839416503906 40.8725227703391 -999.0 -999.0 -999.0 210.8839416503906 40.8725227703391 210.81661648153064 40.74550158296738 57.145316370512155 64.26932813309736 5400.0 5400.0 2015.5 1 300 {-999.0 -999.0 -999.0 -999.0 -999.0} "" -999.0 -999.0 -999.0 -999.0 27021603104373017 817513707 "" ops_sky_boss_good ops_sky sky_boss 0 0 0.0 0.0 -999 ""
FIBERMAP 640 R-5C17 METROLOGY 0 0 0 1 0 0 114.52249828265356 -89.47488162807323 143.1 95.35346563734734 -109.65103151760107 130.17035 127.61195 -999.0 -999.0 -999.0 -999.0 -999.0 210.8865053462432 40.869813648971444 210.81923025108006 40.74279691219399 57.14338285740756 64.27437543876397 -999.0 6231.0 -999.0 -1 -999 {-999.0 -999.0 -999.0 -999.0 -999.0} "" -999.0 -999.0 -999.0 -999.0 -999 -999 "" "" "" "" 0 0 0.0 0.0 -999 ""
FIBERMAP 641 R-8C16 APOGEE 0 0 0 1 0 0 123.01260141076911 -149.63923175201316 143.1 92.21924322719943 -170.32262130269393 150.27274 120.17461 -999.0 -999.0 -999.0 -999.0 -999.0 210.8636776424689 40.59536698989155 210.7972055288193 40.46836413083038 57.163819871335185 64.77988326888249 -999.0 16600.0 -999.0 2 -999 {-999.0 -999.0 -999.0 -999.0 -999.0} "" -999.0 -999.0 -999.0 -999.0 -999 -999 "" "" "" "" 0 0 0.0 0.0 -999 ""
FIBERMAP 641 R-8C16 BOSS 1 1 0 1 0 0 122.9989902740118 -148.88133478704586 143.1 92.35034137788917 -169.5761254596252 150.27274 120.17461 210.86471557617188 40.59868839112253 -999.0 -999.0 -999.0 210.86471557617188 40.59868839112253 210.79806039806033 40.47168506371837 57.163136333220045 64.77377114675744 5400.0 5400.0 2015.5 1 307 {-999.0 -999.0 -999.0 -999.0 -999.0} "" -999.0 -999.0 -999.0 -999.0 27021603104372777 807158654 "" ops_sky_boss_good ops_sky sky_boss 0 0 0.0 0.0 -999 ""
FIBERMAP 641 R-8C16 METROLOGY 0 0 0 1 0 0 123.65016180871376 -149.25170276021456 143.1 92.91889477368973 -170.0637698380368 150.27274 120.17461 -999.0 -999.0 -999.0 -999.0 -999.0 210.86802109753148 40.59648381227521 210.8014130179498 40.46948556429632 57.160607985285395 64.77787406663111 -999.0 6231.0 -999.0 -1 -999 {-999.0 -999.0 -999.0 -999.0 -999.0} "" -999.0 -999.0 -999.0 -999.0 -999 -999 "" "" "" "" 0 0 0.0 0.0 -999 ""
FIBERMAP 647 R-6C1 APOGEE 0 0 1 1 0 0 -223.541490404166 -108.75846565286902 143.1 -240.1432976870699 -64.14228515866314 10.0053835 170.06009 -999.0 -999.0 -999.0 -999.0 -999.0 208.8708714382689 41.073012885698866 208.80763878706284 40.94339459371051 58.657922435422954 63.805294930010575 -999.0 16600.0 -999.0 2 261 {-999.0 -999.0 -999.0 -999.0 -999.0} "" -999.0 -999.0 -999.0 -999.0 -999 -999 "" ops_sky_apogee_best_unassigned ops_sky sky_apogee 0 0 0.0 0.0 -999 ""
FIBERMAP 647 R-6C1 BOSS 1 0 1 1 0 0 -222.80396835051303 -108.71577285419268 143.1 -239.41125743728318 -64.24095514151614 10.0053835 170.06009 208.7755158094554 40.99187041578078 -21.803331 2.3878636 0.40699503 208.87535887019362 41.072603339460734 208.81195276645133 40.942984807276055 58.654686675686015 63.80637612156113 5400.0 5400.0 2016.0 1 499 {-999.0 17.77074 17.419275 17.284784 17.239351} sdss_psfmag_from_gaia 17.7107 17.4297 16.9503 16.005 63050394850043205 969525632 "" ops_std_boss_gdr2 ops_std standard_boss 0 0 0.0 0.0 -999 ""
FIBERMAP 647 R-6C1 METROLOGY 0 0 1 1 0 0 -223.10241391457907 -109.3945869428705 143.1 -239.83357631024867 -64.85034931420381 10.0053835 170.06009 -999.0 -999.0 -999.0 -999.0 -999.0 208.8728819945941 41.06982558777962 208.80953399508996 40.940206081185956 58.656642118877 63.81154730193032 -999.0 6231.0 -999.0 -1 -999 {-999.0 -999.0 -999.0 -999.0 -999.0} "" -999.0 -999.0 -999.0 -999.0 -999 -999 "" "" "" "" 0 0 0.0 0.0 -999 ""
FIBERMAP 648 R+10C6 APOGEE 0 0 0 1 0 0 -72.89965782397498 211.11076034198393 143.1 -31.314994937433386 221.10729528372073 143.91806 75.42386 -999.0 -999.0 -999.0 -999.0 -999.0 210.12423660515162 42.37315395019483 210.05526126706513 42.244915025819196 57.651658216662376 61.44390443791923 -999.0 16600.0 -999.0 2 -999 {-999.0 -999.0 -999.0 -999.0 -999.0} "" -999.0 -999.0 -999.0 -999.0 -999 -999 "" "" "" "" 0 0 0.0 0.0 -999 ""
FIBERMAP 648 R+10C6 BOSS 1 1 0 1 0 0 -72.29474768325984 211.59533607980606 143.1 -30.628893257149983 221.4676246714588 143.91806 75.42386 210.12861620857086 42.37482363911493 -999.0 -999.0 -999.0 210.12861620857083 42.37482363911493 210.05945260871945 42.24658134947413 57.64845005307509 61.44118898249356 5400.0 5400.0 2016.0 1 119 {-999.0 22.218433 21.545656 20.814726 -999.0} sdss_psfmag -999.0 -999.0 -999.0 -999.0 63050397233833251 1118024056 bright_1x1 openfibertargets_bhm_lofarradio_boss open_fiber science 0 0 0.0 0.0 -999 ""
FIBERMAP 648 R+10C6 METROLOGY 0 0 0 1 0 0 -72.19973004438256 210.8523748085913 143.1 -30.677241374038193 220.72027233913204 143.91806 75.42386 -999.0 -999.0 -999.0 -999.0 -999.0 210.12826674957944 42.37146026221618 210.05916132996083 42.243220525498415 57.648891974374564 61.44742810699438 -999.0 6231.0 -999.0 -1 -999 {-999.0 -999.0 -999.0 -999.0 -999.0} "" -999.0 -999.0 -999.0 -999.0 -999 -999 "" "" "" "" 0 0 0.0 0.0 -999 ""
FIBERMAP 650 R-2C1 APOGEE 1 1 0 1 0 0 -256.8951279804794 -44.45200136556708 143.1 -260.62397330644234 5.334010681840548 335.21976 118.04171 208.7421497237389 41.38609231397419 -12.182374 -2.7693024 0.7740601 208.74210293930165 41.38608433478214 208.678470603539 41.256260104111384 58.738764703128325 63.19412641658725 16000.0 16600.0 2016.0 2 275 {-999.0 16.61076 15.956205 15.700927 -999.0} sdss_psfmag 16.067785 15.659669 15.050651 13.743 63050394850072477 1157849306 bright_1x1 openfibertargets_mwm_ztf_lomb_apogee open_fiber science 0 0 0.0 0.0 -999 ""
FIBERMAP 650 R-2C1 BOSS 0 0 0 1 0 0 -256.8423358974998 -45.19828357174211 143.1 -260.71440021730433 4.591447085363394 335.21976 118.04171 -999.0 -999.0 -999.0 -999.0 -999.0 208.7417860696658 41.3827254159259 208.67799726232488 41.25289399994512 58.73931367346394 63.200562747683875 -999.0 5400.0 -999.0 1 426 {-999.0 -999.0 -999.0 -999.0 -999.0} "" -999.0 -999.0 -999.0 -999.0 -999 -999 "" "" "" "" 0 0 0.0 0.0 -999 ""
FIBERMAP 650 R-2C1 METROLOGY 0 0 0 1 0 0 -257.5105360292271 -44.874467932639185 143.1 -261.30854080280665 5.0366444861050255 335.21976 118.04171 -999.0 -999.0 -999.0 -999.0 -999.0 208.73817361159723 41.38469320080467 208.67443516818764 41.2548590613073 58.74187411338559 63.19648515443117 -999.0 6231.0 -999.0 -1 -999 {-999.0 -999.0 -999.0 -999.0 -999.0} "" -999.0 -999.0 -999.0 -999.0 -999 -999 "" "" "" "" 0 0 0.0 0.0 -999 ""
FIBERMAP 654 R+12C14 APOGEE 0 0 0 1 0 0 148.9161024940627 216.02872930197668 143.1 187.34206067962748 183.65555054063833 32.45731 11.363695 -999.0 -999.0 -999.0 -999.0 -999.0 211.46018671457415 42.194443336528145 211.3886335795421 42.06798554065859 56.67481002388231 61.87281368355724 -999.0 16600.0 -999.0 2 91 {-999.0 -999.0 -999.0 -999.0 -999.0} "" -999.0 -999.0 -999.0 -999.0 -999 -999 "" "" "" "" 0 0 0.0 0.0 -999 ""
FIBERMAP 654 R+12C14 BOSS 1 1 0 1 0 0 148.37302995797464 215.523560323024 143.1 186.71272955292125 183.26322171577553 32.45731 11.363695 211.45656680085213 42.19278301424928 -4.747415 -8.307838 0.3615396 211.45654833829718 42.19275907689792 211.3848267144894 42.06629062139992 56.67771051521235 61.87566081037178 5400.0 5400.0 2016.0 1 89 {-999.0 15.2406025 14.56249 14.313875 -999.0} sdss_psfmag_from_g3xp 15.067993 14.599677 13.966846 12.682 63050394850063906 943345524 bright_1x1 openfibertargets_nov2020_46 open_fiber science 0 0 0.0 0.0 -999 ""
FIBERMAP 654 R+12C14 METROLOGY 0 0 0 1 0 0 148.196231901384 216.2527238392707 143.1 186.67817752051047 184.01261873245713 32.45731 11.363695 -999.0 -999.0 -999.0 -999.0 -999.0 211.4563173749297 42.19612356110745 211.384639294963 42.069655916584075 56.677695704774294 61.86952965545663 -999.0 6231.0 -999.0 -1 -999 {-999.0 -999.0 -999.0 -999.0 -999.0} "" -999.0 -999.0 -999.0 -999.0 -999 -999 "" "" "" "" 0 0 0.0 0.0 -999 ""
FIBERMAP 660 R+8C18 APOGEE 0 0 0 1 0 0 179.38319890837357 139.936291771552 143.1 202.7430487608315 103.16110858197965 286.76288 101.51671 -999.0 -999.0 -999.0 -999.0 -999.0 211.54865135018738 41.83007240453856 211.4777892179775 41.70379000019275 56.623158627339684 62.53959618742101 -999.0 16600.0 -999.0 2 -999 {-999.0 -999.0 -999.0 -999.0 -999.0} "" -999.0 -999.0 -999.0 -999.0 -999 -999 "" "" "" "" 0 0 0.0 0.0 -999 ""
FIBERMAP 660 R+8C18 BOSS 1 1 0 1 0 0 178.72012290069347 139.57147929314405 143.1 202.0226826309909 102.929417512526 286.76288 101.51671 211.5445096800125 41.82915225293008 1.9204259 -14.141828 0.9624399 211.54451710591607 41.829111506124605 211.47348620328734 41.70281921981227 56.62640318416156 62.541155868983864 5400.0 5400.0 2016.0 1 239 {-999.0 15.621599 15.051726 14.884804 -999.0} sdss_psfmag 15.480841 15.100486 14.553285 13.611 63050394850063030 943208480 bright_1x1 openfibertargets_nov2020_46 open_fiber science 0 0 0.0 0.0 -999 ""
FIBERMAP 660 R+8C18 METROLOGY 0 0 0 1 0 0 178.7459268405934 140.32429472532814 143.1 202.19149945402606 103.66341300105626 286.76288 101.51671 -999.0 -999.0 -999.0 -999.0 -999.0 211.5455257748343 41.83241089081759 211.47453581497655 41.706120546688695 56.625504606831804 62.53520805747081 -999.0 6231.0 -999.0 -1 -999 {-999.0 -999.0 -999.0 -999.0 -999.0} "" -999.0 -999.0 -999.0 -999.0 -999 -999 "" "" "" "" 0 0 0.0 0.0 -999 ""
FIBERMAP 661 R-11C8 APOGEE 0 0 0 1 0 0 -4.363294574238421 -199.99984088930174 143.1 -42.403424608341574 -195.47494979577877 79.09653 100.44505 -999.0 -999.0 -999.0 -999.0 -999.0 210.05902139980708 40.48349904641321 209.99451613058056 40.35546665613061 57.77641244333406 64.97495483858654 -999.0 16600.0 -999.0 2 158 {-999.0 -999.0 -999.0 -999.0 -999.0} "" -999.0 -999.0 -999.0 -999.0 -999 -999 "" ops_sky_apogee_best_unassigned ops_sky sky_apogee 0 0 0.0 0.0 -999 ""
FIBERMAP 661 R-11C8 BOSS 1 1 0 1 0 0 -3.6178843485204957 -199.97295335893742 143.1 -41.66665439294144 -195.5906366986994 79.09653 100.44505 210.06352195286834 40.482948577962695 13.848197 -6.638042 2.227302 210.06357441250327 40.48292945178049 209.99889143595644 40.3549014329377 57.77308780985843 64.97611558678709 5400.0 5400.0 2016.0 1 360 {-999.0 16.608118 15.464873 15.026813 -999.0} sdss_psfmag 16.18868 15.4695015 14.649627 13.012 63050394850052855 1118512409 bright_1x1 openfibertargets_mwm_snc_further_ext_boss open_fiber science 0 0 0.0 0.0 -999 ""
FIBERMAP 661 R-11C8 METROLOGY 0 0 0 1 0 0 -3.9713490817623986 -200.63548100719478 143.1 -42.13987218643867 -196.17355832366718 79.09653 100.44505 -999.0 -999.0 -999.0 -999.0 -999.0 210.06071580393345 40.480315401815936 209.99609294064715 40.35228419297956 57.77526228177768 64.9809586323475 -999.0 6231.0 -999.0 -1 -999 {-999.0 -999.0 -999.0 -999.0 -999.0} "" -999.0 -999.0 -999.0 -999.0 -999 -999 "" "" "" "" 0 0 0.0 0.0 -999 ""
FIBERMAP 663 R0C1 APOGEE 0 0 0 1 0 0 -296.07210400073546 -13.934501564203993 143.1 -293.26075319600375 42.75524448247942 260.80283 106.317924 -999.0 -999.0 -999.0 -999.0 -999.0 208.54505348402077 41.55239621553264 208.48149533932553 41.422305365730764 58.876210942312426 62.856638801380086 -999.0 16600.0 -999.0 2 277 {-999.0 -999.0 -999.0 -999.0 -999.0} "" -999.0 -999.0 -999.0 -999.0 -999 -999 "" "" "" "" 0 0 0.0 0.0 -999 ""
FIBERMAP 663 R0C1 BOSS 1 1 0 1 0 0 -296.80694053519517 -14.04334706352584 143.1 -294.00276646527715 42.78847148191902 260.80283 106.317924 208.54082443013405 41.552550065967445 10.376491 -24.754824 2.6088433 208.54086438177595 41.55247873996158 208.47715088512516 41.42237535984426 58.87945721922793 62.85609453083598 5400.0 5400.0 2016.0 1 424 {-999.0 17.304176 15.873662 14.839231 -999.0} sdss_psfmag 16.725258 15.508853 14.405997 12.243 63050394850073504 1035012998 bright_1x1 mwm_yso_pms_boss_sagitta_edr3_single mwm_yso science 0 0 0.0 0.0 -999 ""
FIBERMAP 663 R0C1 METROLOGY 0 0 0 1 0 0 -296.5468893730377 -13.345285903765555 143.1 -293.6144644342959 43.424075419849025 260.80283 106.317924 -999.0 -999.0 -999.0 -999.0 -999.0 208.54304877193346 41.55538234234185 208.47937096007195 41.42528284998252 58.87760715628201 62.850690311458095 -999.0 6231.0 -999.0 -1 -999 {-999.0 -999.0 -999.0 -999.0 -999.0} "" -999.0 -999.0 -999.0 -999.0 -999 -999 "" "" "" "" 0 0 0.0 0.0 -999 ""
FIBERMAP 664 R+7C5 APOGEE 1 1 0 1 0 0 -133.0749258181813 131.6185419448341 143.1 -105.53056462388662 154.552620569938 179.81676 139.15134 209.67029338485875 42.07174639479864 -43.46653 -105.33886 5.456783 209.6701246682869 42.0714428821362 209.60287918911203 41.94267242290611 58.00665182100425 61.96849998515342 16000.0 16600.0 2016.0 2 117 {-999.0 13.480863 12.699719 12.353545 -999.0} sdss_psfmag_from_g3xp 13.260828 12.70837 11.994259 10.594 63050394850074878 1114124994 bright_1x1 openfibertargets_mwm_tessperiodic_apogee open_fiber science 0 0 0.0 0.0 -999 ""
FIBERMAP 664 R+7C5 BOSS 0 0 0 1 0 0 -133.6283076994737 132.11020619926643 143.1 -105.98001465049472 155.14068228513284 179.81676 139.15134 -999.0 -999.0 -999.0 -999.0 -999.0 209.66750255248104 42.07413495338214 209.60008641346144 41.94535117780202 58.008550209466165 61.96319925084157 -999.0 5400.0 -999.0 1 56 {-999.0 -999.0 -999.0 -999.0 -999.0} "" -999.0 -999.0 -999.0 -999.0 -999 -999 "" "" "" "" 0 0 0.0 0.0 -999 ""
FIBERMAP 664 R+7C5 METROLOGY 0 0 0 1 0 0 -132.92365948030363 132.34689546919822 143.1 -105.24326474226224 155.2386922750915 179.81676 139.15134 -999.0 -999.0 -999.0 -999.0 -999.0 209.6719573234444 42.07459744129569 209.6045785750481 41.94582159533572 58.00518547654491 61.96272420270088 -999.0 6231.0 -999.0 -1 -999 {-999.0 -999.0 -999.0 -999.0 -999.0} "" -999.0 -999.0 -999.0 -999.0 -999 -999 "" "" "" "" 0 0 0.0 0.0 -999 ""
FIBERMAP 665 R-5C18 APOGEE 0 0 0 1 0 0 157.04913978195967 -102.02733884469168 143.1 134.70225853407135 -130.07742679961535 333.5434 121.5067 -999.0 -999.0 -999.0 -999.0 -999.0 211.12049577832087 40.77607220541675 211.0530602254796 40.649381129921075 56.96747114562161 64.45085940200153 -999.0 16600.0 -999.0 2 220 {-999.0 -999.0 -999.0 -999.0 -999.0} "" -999.0 -999.0 -999.0 -999.0 -999 -999 "" ops_sky_apogee_best_unassigned ops_sky sky_apogee 0 0 0.0 0.0 -999 ""
FIBERMAP 665 R-5C18 BOSS 1 1 0 1 0 0 157.13585637693512 -102.76161650919977 143.1 134.64741778906668 -130.81467366877638 333.5434 121.5067 211.12031164411704 40.77271558519517 4.592028 -4.6082354 0.5133575 211.12032911524747 40.77270230749919 211.05272662421783 40.64601008438576 56.9677641297795 64.4570375961705 5400.0 5400.0 2016.0 1 292 {-999.0 16.38675 15.930203 15.826848 -999.0} sdss_psfmag 16.278784 15.972377 15.499395 14.674 63050394850053539 979447989 "" ops_std_boss ops_std standard_boss 0 0 0.0 0.0 -999 ""
FIBERMAP 665 R-5C18 METROLOGY 0 0 0 1 0 0 156.44909224596856 -102.45914227684113 143.1 134.03098825988158 -130.38688521436836 333.5434 121.5067 -999.0 -999.0 -999.0 -999.0 -999.0 211.11662454399703 40.77466501933501 211.04907512532498 40.64796789008699 56.9705112945547 64.4533859603934 -999.0 6231.0 -999.0 -1 -999 {-999.0 -999.0 -999.0 -999.0 -999.0} "" -999.0 -999.0 -999.0 -999.0 -999 -999 "" "" "" "" 0 0 0.0 0.0 -999 ""
FIBERMAP 667 R0C9 APOGEE 0 0 0 1 0 0 -96.36499109160607 -9.770180241914161 143.1 -96.44773094210167 8.77775838935266 6.8324494 72.67661 -999.0 -999.0 -999.0 -999.0 -999.0 209.72872325792113 41.40984146690911 209.662859051934 41.28124546089469 57.9985770389299 63.2195473384088 -999.0 16600.0 -999.0 2 246 {-999.0 -999.0 -999.0 -999.0 -999.0} "" -999.0 -999.0 -999.0 -999.0 -999 -999 "" ops_sky_apogee_best_unassigned ops_sky sky_apogee 0 0 0.0 0.0 -999 ""
FIBERMAP 667 R0C9 BOSS 1 1 0 1 0 0 -96.48139478402267 -10.503179014481724 143.1 -96.7016973591652 8.08048226782169 6.8324494 72.67661 209.72732744668593 41.406828943632874 -4.0321736 -54.91381 0.64833385 209.72731195686993 41.406670720634324 209.66128827514527 41.27806771015881 57.99990195184883 63.22543541924453 5400.0 5400.0 2016.0 1 492 {-999.0 19.279974 18.213612 17.780712 -999.0} sdss_psfmag 18.923912 18.229322 17.453856 15.898 63050394850069184 1073416521 bright_1x1 mwm_halo_local_low_boss_single mwm_halo science 0 0 0.0 0.0 -999 ""
FIBERMAP 667 R0C9 METROLOGY 0 0 0 1 0 0 -97.06292751169899 -10.036631713216295 143.1 -97.18356577724657 8.649256498379065 6.8324494 72.67661 -999.0 -999.0 -999.0 -999.0 -999.0 209.72433850302977 41.40924641159388 209.6583637377115 41.28064073085038 58.0019793966705 63.22039462334857 -999.0 6231.0 -999.0 -1 -999 {-999.0 -999.0 -999.0 -999.0 -999.0} "" -999.0 -999.0 -999.0 -999.0 -999 -999 "" "" "" "" 0 0 0.0 0.0 -999 ""
FIBERMAP 669 R+3C3 APOGEE 0 0 0 1 0 0 -212.20290046048703 70.7427339846632 143.1 -194.80050092422303 109.88303790120573 84.581116 120.20142 -999.0 -999.0 -999.0 -999.0 -999.0 209.12921848350854 41.86426061092436 209.06366192570624 41.734841777475054 58.42116356340797 62.312117100684645 -999.0 16600.0 -999.0 2 107 {-999.0 -999.0 -999.0 -999.0 -999.0} "" -999.0 -999.0 -999.0 -999.0 -999 -999 "" ops_sky_apogee_best_unassigned ops_sky sky_apogee 0 0 0.0 0.0 -999 ""
FIBERMAP 669 R+3C3 BOSS 1 1 0 1 0 0 -211.5232227110792 71.03450543925815 143.1 -194.07776151033684 110.03987238196096 84.581116 120.20142 209.13369784772019 41.865050623591145 -999.0 -999.0 -999.0 209.13369784772016 41.865050623591145 209.06796154570762 41.735628926501775 58.41790995860709 62.311023150840455 5400.0 5400.0 2016.0 1 59 {-999.0 21.598536 20.247229 19.660666 -999.0} sdss_psfmag -999.0 -999.0 -999.0 -999.0 63050398660212361 1118064626 bright_1x1 openfibertargets_bhm_lofarradio_boss open_fiber science 0 0 0.0 0.0 -999 ""
FIBERMAP 669 R+3C3 METROLOGY 0 0 0 1 0 0 -211.59726130554117 70.29529989607394 143.1 -194.29132818381257 109.32842916201015 84.581116 120.20142 -999.0 -999.0 -999.0 -999.0 -999.0 209.13240172202222 41.86181146724825 209.0667232280041 41.73239101589752 58.419046324587725 62.31707544078097 -999.0 6231.0 -999.0 -1 -999 {-999.0 -999.0 -999.0 -999.0 -999.0} "" -999.0 -999.0 -999.0 -999.0 -999 -999 "" "" "" "" 0 0 0.0 0.0 -999 ""
FIBERMAP 671 R+1C15 APOGEE 0 0 0 1 0 0 22.348815203607828 3.791253055802766 143.1 22.658744914617916 -0.5385230338278759 276.39972 66.13981 -999.0 -999.0 -999.0 -999.0 -999.0 210.45162472307632 41.36789635851584 210.38426859010247 41.24023529822004 57.45841252371823 63.33780379024381 -999.0 16600.0 -999.0 2 -999 {-999.0 -999.0 -999.0 -999.0 -999.0} "" -999.0 -999.0 -999.0 -999.0 -999 -999 "" "" "" "" 0 0 0.0 0.0 -999 ""
FIBERMAP 671 R+1C15 BOSS 1 1 0 1 0 0 21.61215048534486 4.00507255853691 143.1 21.976438354186943 -0.188240960701207 276.39972 66.13981 210.4478242705931 41.36955634984291 -37.454052 -17.308847 0.8495778 210.4476804710208 41.36950647782343 210.38015593738263 41.241835557142316 57.461445548645386 63.33462423469541 5400.0 5400.0 2016.0 1 189 {-999.0 17.391659 16.686344 16.426834 -999.0} sdss_psfmag 17.19012 16.72026 16.0846 14.804 63050394850069766 1072729134 bright_1x1 mwm_halo_local_high_boss_single mwm_halo science 0 0 0.0 0.0 -999 ""
FIBERMAP 671 R+1C15 METROLOGY 0 0 0 1 0 0 22.16310013854191 4.513867680010836 143.1 22.614192293882503 0.20614563829889188 276.39972 66.13981 -999.0 -999.0 -999.0 -999.0 -999.0 210.45150776044022 41.37129280073523 210.38401991335763 41.24362770816116 57.45847759878177 63.331488739703104 -999.0 6231.0 -999.0 -1 -999 {-999.0 -999.0 -999.0 -999.0 -999.0} "" -999.0 -999.0 -999.0 -999.0 -999 -999 "" "" "" "" 0 0 0.0 0.0 -999 ""
FIBERMAP 673 R-11C1 APOGEE 0 0 0 1 0 0 -175.0916331962686 -229.72626649548172 143.1 -215.64503041035465 -192.11099450126034 279.89124 78.37852 -999.0 -999.0 -999.0 -999.0 -999.0 209.03106999492906 40.49734727669099 208.96873433642247 40.368014753164275 58.55754707494938 64.91798773783893 -999.0 16600.0 -999.0 2 271 {-999.0 -999.0 -999.0 -999.0 -999.0} "" -999.0 -999.0 -999.0 -999.0 -999 -999 "" ops_sky_apogee_best_unassigned ops_sky sky_apogee 0 0 0.0 0.0 -999 ""
FIBERMAP 673 R-11C1 BOSS 1 1 0 1 0 0 -175.83929519487873 -229.71331280972515 143.1 -216.37641693507445 -191.95577290073055 279.89124 78.37852 209.02693289058328 40.498045510316075 -0.05434002 0.3636139 0.014893391 209.02693268468644 40.49804655799573 208.96444056993244 40.368705215406614 58.56079734560839 64.9164849289107 5400.0 5400.0 2016.0 1 421 {-999.0 20.788738 20.227535 19.822338 -999.0} sdss_psfmag_ps1 20.922997 20.332348 19.64107 -999.0 63050394850039252 1116513134 bright_1x1 openfibertargets_bhm_quaia_boss open_fiber science 0 0 0.0 0.0 -999 ""
FIBERMAP 673 R-11C1 METROLOGY 0 0 0 1 0 0 -175.4552826804186 -229.06930277474143 143.1 -215.8767449859142 -191.39684945879944 279.89124 78.37852 -999.0 -999.0 -999.0 -999.0 -999.0 209.02974713959472 40.50055495404029 208.96729002217762 40.37121773105545 58.55855520621023 64.91178951834115 -999.0 6231.0 -999.0 -1 -999 {-999.0 -999.0 -999.0 -999.0 -999.0} "" -999.0 -999.0 -999.0 -999.0 -999 -999 "" "" "" "" 0 0 0.0 0.0 -999 ""
FIBERMAP 674 R+4C1 APOGEE 0 0 0 1 0 0 -256.6371733985018 64.15347139066424 143.1 -239.67018062997806 111.8847891826684 257.0964 89.889084 -999.0 -999.0 -999.0 -999.0 -999.0 208.85908507171888 41.86950762886238 208.79412352413988 41.739753534400826 58.62149332623464 62.276509655093946 -999.0 16600.0 -999.0 2 144 {-999.0 -999.0 -999.0 -999.0 -999.0} "" -999.0 -999.0 -999.0 -999.0 -999 -999 "" ops_sky_apogee_best_unassigned ops_sky sky_apogee 0 0 0.0 0.0 -999 ""
FIBERMAP 674 R+4C1 BOSS 1 1 0 1 0 0 -257.35132407148336 64.3239552368133 143.1 -240.33864882844657 112.188244583205 257.0964 89.889084 208.85521970881638 41.870848174423124 -0.5148098 -8.148625 0.076233536 208.8552177168512 41.87082469581335 208.79009538143114 41.74105693371898 58.624400450648466 62.273608649607056 5400.0 5400.0 2016.0 1 2 {-999.0 15.141179 14.527628 14.261315 -999.0} sdss_psfmag_from_g3xp 14.982315 14.536589 13.914297 12.665 63050394850074084 1076123568 bright_1x1 mwm_halo_mp_xp_boss_single mwm_halo science 0 0 0.0 0.0 -999 ""
FIBERMAP 674 R+4C1 METROLOGY 0 0 0 1 0 0 -256.8387408412646 64.87208612009388 143.1 -239.7310552903211 112.62855334409895 257.0964 89.889084 -999.0 -999.0 -999.0 -999.0 -999.0 208.85879231171944 41.872864949636366 208.79370458492315 41.74310373315941 58.62157078155928 62.27004925326486 -999.0 6231.0 -999.0 -1 -999 {-999.0 -999.0 -999.0 -999.0 -999.0} "" -999.0 -999.0 -999.0 -999.0 -999 -999 "" "" "" "" 0 0 0.0 0.0 -999 ""
FIBERMAP 675 R-1C20 APOGEE 1 1 0 1 0 0 125.10166668063276 -15.04931222554868 143.1 119.92306386822018 -38.616245667878886 226.77635 42.600357 211.03873535564162 41.19182793804748 0.2063818 -39.8868 2.024584 211.03873614585984 41.19171301233403 210.97050960231724 41.06484974141618 57.02244283168364 63.68619178552909 16000.0 16600.0 2016.0 2 227 {-999.0 12.56539 12.31624 12.229456 -999.0} sdss_psfmag_from_g3xp 12.540145 12.300128 11.901286 11.166 63050394850055256 1103503019 bright_flexible_3x1 mwm_tess_2min_apogee mwm_planet science 0 0 0.0 0.0 -999 ""
FIBERMAP 675 R-1C20 BOSS 0 0 0 1 0 0 125.07692598279806 -14.3020272316231 143.1 120.04121529759311 -37.87804449821609 226.77635 42.600357 -999.0 -999.0 -999.0 -999.0 -999.0 211.03974287976706 41.19505154561455 210.97133091098 41.06818542925722 57.021743568069546 63.68009269634797 -999.0 5400.0 -999.0 1 271 {-999.0 -999.0 -999.0 -999.0 -999.0} "" -999.0 -999.0 -999.0 -999.0 -999 -999 "" "" "" "" 0 0 0.0 0.0 -999 ""
FIBERMAP 675 R-1C20 METROLOGY 0 0 0 1 0 0 125.7459753698055 -14.665033016861583 143.1 120.62871967025994 -38.36187022434883 226.77635 42.600357 -999.0 -999.0 -999.0 -999.0 -999.0 211.04319020368627 41.19282886431618 210.97482574558308 41.06596857036678 57.019162727103925 63.68428045879352 -999.0 6231.0 -999.0 -1 -999 {-999.0 -999.0 -999.0 -999.0 -999.0} "" -999.0 -999.0 -999.0 -999.0 -999 -999 "" "" "" "" 0 0 0.0 0.0 -999 ""
FIBERMAP 676 R-9C12 APOGEE 0 0 0 1 0 0 47.23209082982242 -169.8394484271542 143.1 13.987873064269849 -175.70577401629683 122.73301 141.67935 -999.0 -999.0 -999.0 -999.0 -999.0 210.3959106356693 40.57230768307323 210.33048816769326 40.44469663689758 57.51920909037409 64.81561508098406 -999.0 16600.0 -999.0 2 152 {-999.0 -999.0 -999.0 -999.0 -999.0} "" -999.0 -999.0 -999.0 -999.0 -999 -999 "" ops_sky_apogee_best_unassigned ops_sky sky_apogee 0 0 0.0 0.0 -999 ""
FIBERMAP 676 R-9C12 BOSS 1 1 0 1 0 0 47.30476028462782 -169.09058744270808 143.1 14.20193624338077 -174.98459269106644 122.73301 141.67935 210.39739204838415 40.575505268027875 -2.8040009 0.93471944 0.423508 210.39738141160532 40.5755079612317 210.33177769269747 40.447896506168185 57.51818060839135 64.80968418503423 5400.0 5400.0 2016.0 1 368 {-999.0 15.9415655 15.63623 15.539095 -999.0} sdss_psfmag 15.892933 15.629263 15.202517 14.463 63050394850052727 981743444 "" ops_std_boss_tic ops_std standard_boss 0 0 0.0 0.0 -999 ""
FIBERMAP 676 R-9C12 METROLOGY 0 0 0 1 0 0 47.91650829480673 -169.5246358578467 143.1 14.719656390327813 -175.52722730915602 122.73301 141.67935 -999.0 -999.0 -999.0 -999.0 -999.0 210.40041791814593 40.573062843170796 210.33486169791865 40.445456163076 57.515869899084144 64.81429211413706 -999.0 6231.0 -999.0 -1 -999 {-999.0 -999.0 -999.0 -999.0 -999.0} "" -999.0 -999.0 -999.0 -999.0 -999 -999 "" "" "" "" 0 0 0.0 0.0 -999 ""
FIBERMAP 677 R-11C3 APOGEE 1 1 0 1 0 0 -137.73875331542914 -220.02298624099228 143.1 -177.13243436104682 -189.70649260809617 223.28188 96.167305 209.25770579332462 40.508851188250674 25.361294 -61.892376 3.507024 209.257801903655 40.50867285789441 209.19495471955182 40.37962191153747 58.38495110387572 64.9048398393205 16000.0 16600.0 2016.0 2 206 {-999.0 11.068338 10.629735 10.489242 -999.0} sdss_psfmag_from_g3xp 10.98504 10.656062 10.1597805 9.264 63050394850038288 974724875 "" ops_std_apogee ops_std standard_apogee 0 0 0.0 0.0 -999 ""
FIBERMAP 677 R-11C3 BOSS 0 0 0 1 0 0 -138.3227104416867 -219.5681326097355 143.1 -177.61891126475416 -189.14873401098097 223.28188 96.167305 -999.0 -999.0 -999.0 -999.0 -999.0 209.25502021981129 40.51116369703683 209.1920091537072 40.3821047787114 58.387128832875604 64.89999234319566 -999.0 5400.0 -999.0 1 338 {-999.0 -999.0 -999.0 -999.0 -999.0} "" -999.0 -999.0 -999.0 -999.0 -999 -999 "" "" "" "" 0 0 0.0 0.0 -999 ""
FIBERMAP 677 R-11C3 METROLOGY 0 0 0 1 0 0 -137.6405378848618 -219.2866838132074 143.1 -176.89569064948614 -189.0025070877757 223.28188 96.167305 -999.0 -999.0 -999.0 -999.0 -999.0 209.2592364635913 40.51183151412789 209.19626164491933 40.38277870866242 58.3838729264742 64.89886991980228 -999.0 6231.0 -999.0 -1 -999 {-999.0 -999.0 -999.0 -999.0 -999.0} "" -999.0 -999.0 -999.0 -999.0 -999 -999 "" "" "" "" 0 0 0.0 0.0 -999 ""
FIBERMAP 678 R+11C16 APOGEE 0 0 0 1 0 0 173.781310884778 198.75236790713103 143.1 208.45516603490123 161.9588174415486 310.9588 97.418564 -999.0 -999.0 -999.0 -999.0 -999.0 211.58679451997773 42.094721063713045 211.51520309531008 41.96844879992592 56.585201000892134 62.06104799130617 -999.0 16600.0 -999.0 2 58 {-999.0 -999.0 -999.0 -999.0 -999.0} "" -999.0 -999.0 -999.0 -999.0 -999 -999 "" ops_sky_apogee_best_unassigned ops_sky sky_apogee 0 0 0.0 0.0 -999 ""
FIBERMAP 678 R+11C16 BOSS 1 1 0 1 0 0 173.28544158026952 198.1891757448461 143.1 207.86110704525518 161.50053979023917 310.9588 97.418564 211.58340092089966 42.09275232651232 -6.6182027 -6.078161 0.7006657 211.58337522353594 42.09273481352315 211.5116151192725 41.966452841036464 56.58794914637497 62.06446871719671 5400.0 5400.0 2016.0 1 171 {-999.0 15.699405 15.363735 15.21992 -999.0} sdss_psfmag 15.63728 15.344105 14.881382 14.068 63050394850063655 978129944 "" ops_std_boss ops_std standard_boss 0 0 0.0 0.0 -999 ""
FIBERMAP 678 R+11C16 METROLOGY 0 0 0 1 0 0 173.04803715371244 198.89571174894334 143.1 207.7627549236078 162.23927893471705 310.9588 97.418564 -999.0 -999.0 -999.0 -999.0 -999.0 211.5827663700273 42.09606445771037 211.51105088090424 41.96978255624679 56.588230212896335 62.05839548613085 -999.0 6231.0 -999.0 -1 -999 {-999.0 -999.0 -999.0 -999.0 -999.0} "" -999.0 -999.0 -999.0 -999.0 -999 -999 "" "" "" "" 0 0 0.0 0.0 -999 ""
FIBERMAP 681 R+6C17 APOGEE 0 0 0 1 0 0 146.2448093816496 114.62313078495401 143.1 165.3918170360659 84.63168335175469 343.42572 125.914246 -999.0 -999.0 -999.0 -999.0 -999.0 211.3217410202849 41.749249933192196 211.25157449056542 41.622676098204956 56.794907608097525 62.67643886490174 -999.0 16600.0 -999.0 2 71 {-999.0 -999.0 -999.0 -999.0 -999.0} "" -999.0 -999.0 -999.0 -999.0 -999 -999 "" ops_sky_apogee_best_unassigned ops_sky sky_apogee 0 0 0.0 0.0 -999 ""
FIBERMAP 681 R+6C17 BOSS 1 1 0 1 0 0 146.47576786123076 113.92401339430363 143.1 165.48525625763085 83.90145444848433 343.42572 125.914246 211.32226134105764 41.746143250033434 62.87797 -64.272995 8.827825 211.32250416246848 41.74595806019086 211.25216394290868 41.61938307911189 56.79458407699662 62.682476740177655 5400.0 5400.0 2016.0 1 207 {-999.0 21.80268 20.165691 18.23536 -999.0} sdss_psfmag 20.780142 19.31138 17.628494 15.024 63050394850062932 1081363984 bright_flexible_2x1 mwm_snc_ext_filler_boss mwm_snc science 0 0 0.0 0.0 -999 ""
FIBERMAP 681 R+6C17 METROLOGY 0 0 0 1 0 0 145.7473797693281 114.05735437738556 143.1 164.79573398488543 84.17116657666867 343.42572 125.914246 -999.0 -999.0 -999.0 -999.0 -999.0 211.31828422416731 41.747227989443125 211.24800212741195 41.62064645126171 56.79764853841451 62.67996959760109 -999.0 6231.0 -999.0 -1 -999 {-999.0 -999.0 -999.0 -999.0 -999.0} "" -999.0 -999.0 -999.0 -999.0 -999 -999 "" "" "" "" 0 0 0.0 0.0 -999 ""
FIBERMAP 683 R-1C25 APOGEE 0 0 0 1 0 0 248.4913169246956 -31.49549777691363 143.1 237.89947650676123 -78.27725314735694 247.91629 102.45346 -999.0 -999.0 -999.0 -999.0 -999.0 211.74070746082577 41.00551471281677 211.67140528191612 40.87961948887992 56.496552198147896 64.04086277197882 -999.0 16600.0 -999.0 2 -999 {-999.0 -999.0 -999.0 -999.0 -999.0} "" -999.0 -999.0 -999.0 -999.0 -999 -999 "" "" "" "" 0 0 0.0 0.0 -999 ""
FIBERMAP 683 R-1C25 BOSS 1 1 0 1 0 0 247.74485409044559 -31.364916690340003 143.1 237.1916872165413 -78.00680483876292 247.91629 102.45346 211.73675537109378 41.006775676034785 -999.0 -999.0 -999.0 211.73675537109378 41.006775676034785 211.66727988547348 40.88087343581209 56.499657515655656 64.03852976809712 5400.0 5400.0 2015.5 1 261 {-999.0 -999.0 -999.0 -999.0 -999.0} "" -999.0 -999.0 -999.0 -999.0 27021603104376676 817514017 "" ops_sky_boss_good ops_sky sky_boss 0 0 0.0 0.0 -999 ""
FIBERMAP 683 R-1C25 METROLOGY 0 0 0 1 0 0 248.2300940061665 -30.79662399192315 143.1 237.77628528240245 -77.54149483819396 247.91629 102.45346 -999.0 -999.0 -999.0 -999.0 -999.0 211.74022377162575 41.00884383148585 211.6707865947202 40.88294637871062 56.49698379856167 64.03482677289708 -999.0 6231.0 -999.0 -1 -999 {-999.0 -999.0 -999.0 -999.0 -999.0} "" -999.0 -999.0 -999.0 -999.0 -999 -999 "" "" "" "" 0 0 0.0 0.0 -999 ""
FIBERMAP 685 R+6C6 APOGEE 0 0 0 1 0 0 -131.93261923378097 115.0465569376791 143.1 -107.56803320439693 138.0689288361606 230.26274 59.845234 -999.0 -999.0 -999.0 -999.0 -999.0 209.6579613803942 41.9968199182336 209.5909159461496 41.86804424322938 58.020322027594005 62.10801487052663 -999.0 16600.0 -999.0 2 -999 {-999.0 -999.0 -999.0 -999.0 -999.0} "" -999.0 -999.0 -999.0 -999.0 -999 -999 "" "" "" "" 0 0 0.0 0.0 -999 ""
FIBERMAP 685 R+6C6 BOSS 1 1 0 1 0 0 -132.17945058713332 115.85406629778252 143.1 -107.65639228152638 138.90857355227723 230.26274 59.845234 209.65753308510537 42.00066727756715 -999.0 -999.0 -999.0 209.65753308510537 42.00066727756716 209.59030883616919 41.87188240212609 58.02053058373395 62.1007283581844 5400.0 5400.0 2016.0 1 55 {-999.0 19.731487 19.066343 18.820795 -999.0} sdss_psfmag 19.096674 21.737354 17.836903 15.866 63050394850071331 1117968761 bright_1x1 openfibertargets_bhm_lofarradio_boss open_fiber science 0 0 0.0 0.0 -999 ""
FIBERMAP 685 R+6C6 METROLOGY 0 0 0 1 0 0 -131.4713132125527 115.63295163009226 143.1 -107.0034767591914 138.55656844431232 230.26274 59.845234 -999.0 -999.0 -999.0 -999.0 -999.0 209.6614812774195 41.99909044247393 209.59430022382696 41.87031310092017 58.01766357558961 62.10404019320231 -999.0 6231.0 -999.0 -1 -999 {-999.0 -999.0 -999.0 -999.0 -999.0} "" -999.0 -999.0 -999.0 -999.0 -999 -999 "" "" "" "" 0 0 0.0 0.0 -999 ""
FIBERMAP 687 R-7C16 APOGEE 0 0 0 1 0 0 112.70353984930723 -133.53839111580106 143.1 85.16942984452555 -152.5541565806519 146.77696 136.15492 -999.0 -999.0 -999.0 -999.0 -999.0 210.8226854269664 40.67578372731783 210.75611706895404 40.548714498206316 57.19415082508843 64.63099867468975 -999.0 16600.0 -999.0 2 186 {-999.0 -999.0 -999.0 -999.0 -999.0} "" -999.0 -999.0 -999.0 -999.0 -999 -999 "" ops_sky_apogee_best_unassigned ops_sky sky_apogee 0 0 0.0 0.0 -999 ""
FIBERMAP 687 R-7C16 BOSS 1 1 0 1 0 0 112.57156475648189 -132.8221860485182 143.1 85.17640313948282 -151.82602214133476 146.77696 136.15492 210.82298013397687 40.67902876936 -999.0 -999.0 -999.0 210.82298013397684 40.67902876936 210.7562304603008 40.55195775596053 57.19402361449714 64.62501503198496 5400.0 5400.0 2016.0 1 306 {-999.0 22.507288 21.474257 20.90035 -999.0} sdss_psfmag -999.0 -999.0 -999.0 -999.0 63050397233853249 1118024063 bright_1x1 openfibertargets_bhm_lofarradio_boss open_fiber science 0 0 0.0 0.0 -999 ""
FIBERMAP 687 R-7C16 METROLOGY 0 0 0 1 0 0 113.2713641359943 -133.05440638008517 143.1 85.81901785731108 -152.18733858164683 146.77696 136.15492 -999.0 -999.0 -999.0 -999.0 -999.0 210.82674656829138 40.677389140817006 210.76004169973237 40.55032381778904 57.19114865701027 64.62809809338046 -999.0 6231.0 -999.0 -1 -999 {-999.0 -999.0 -999.0 -999.0 -999.0} "" -999.0 -999.0 -999.0 -999.0 -999 -999 "" "" "" "" 0 0 0.0 0.0 -999 ""
FIBERMAP 688 R-7C2 APOGEE 0 0 0 1 0 0 -204.39935470283802 -141.44892633242281 143.1 -227.58556565618127 -99.8776395088263 215.07526 100.25922 -999.0 -999.0 -999.0 -999.0 -999.0 208.9492835071311 40.91205057846723 208.88622938282515 40.78255364812033 58.60565707863902 64.1190334124887 -999.0 16600.0 -999.0 2 -999 {-999.0 -999.0 -999.0 -999.0 -999.0} "" -999.0 -999.0 -999.0 -999.0 -999 -999 "" "" "" "" 0 0 0.0 0.0 -999 ""
FIBERMAP 688 R-7C2 BOSS 1 1 0 1 0 0 -204.9741478482018 -140.93872148669683 143.1 -228.05249765809307 -99.26729851057642 215.07526 100.25922 208.94681009905943 40.914748557033136 -58.56886 12.48296 0.7737793 208.94658678591966 40.91478452393209 208.88336800493482 40.78527883959047 58.60770869049904 64.11363373278809 5400.0 5400.0 2016.0 1 488 {-999.0 17.372408 16.851452 16.671661 -999.0} sdss_psfmag 17.249914 16.864445 16.316319 15.189 63050394850068675 1072729108 bright_1x1 mwm_halo_local_high_boss_single mwm_halo science 0 0 0.0 0.0 -999 ""
FIBERMAP 688 R-7C2 METROLOGY 0 0 0 1 0 0 -204.2612787924807 -140.7157162510063 143.1 -227.31028694780457 -99.18428678475588 215.07526 100.25922 -999.0 -999.0 -999.0 -999.0 -999.0 208.95093316305534 40.91518999289253 208.88775075804062 40.785690918384674 58.60437600320944 64.11310792359905 -999.0 6231.0 -999.0 -1 -999 {-999.0 -999.0 -999.0 -999.0 -999.0} "" -999.0 -999.0 -999.0 -999.0 -999 -999 "" "" "" "" 0 0 0.0 0.0 -999 ""
FIBERMAP 689 R+5C20 APOGEE 0 0 0 1 0 0 190.23413948102643 76.34265266970381 143.1 201.27243310911965 38.67357137589111 327.73914 48.128197 -999.0 -999.0 -999.0 -999.0 -999.0 211.53474169370423 41.53807802504144 211.46461448583295 41.411822294892296 56.64209837809893 63.06962793300772 -999.0 16600.0 -999.0 2 45 {-999.0 -999.0 -999.0 -999.0 -999.0} "" -999.0 -999.0 -999.0 -999.0 -999 -999 "" ops_sky_apogee_best_unassigned ops_sky sky_apogee 0 0 0.0 0.0 -999 ""
FIBERMAP 689 R+5C20 BOSS 1 1 0 1 0 0 189.51394849412026 76.15123064662052 143.1 200.52905555186126 38.62295522863661 327.73914 48.128197 211.530523536907 41.53793350075791 -3.0386088 -5.41726 2.494273 211.530511840267 41.537917892021895 211.46021473223146 41.41165340279669 56.64540145990459 63.06977079853735 5400.0 5400.0 2016.0 1 194 {-999.0 16.912218 15.636277 15.136253 -999.0} sdss_psfmag 16.405237 15.626941 14.763275 13.053 63050394850061959 1118496547 bright_1x1 openfibertargets_mwm_snc_further_ext_boss open_fiber science 0 0 0.0 0.0 -999 ""
FIBERMAP 689 R+5C20 METROLOGY 0 0 0 1 0 0 189.71666346243165 76.87562940616282 143.1 200.86610021206002 39.295338900628806 327.73914 48.128197 -999.0 -999.0 -999.0 -999.0 -999.0 211.532532170515 41.54093923029432 211.46227450797608 41.4146774427211 56.643774413437946 63.064349929031266 -999.0 6231.0 -999.0 -1 -999 {-999.0 -999.0 -999.0 -999.0 -999.0} "" -999.0 -999.0 -999.0 -999.0 -999 -999 "" "" "" "" 0 0 0.0 0.0 -999 ""
FIBERMAP 690 R-4C17 APOGEE 0 0 0 1 0 0 94.00492776694107 -75.18844965831974 143.1 77.93782241824722 -91.71769102570468 208.39388 75.98528 -999.0 -999.0 -999.0 -999.0 -999.0 210.78267401154042 40.95173369177067 210.7155584349848 40.82456930557578 57.22032657452161 64.12079451967804 -999.0 16600.0 -999.0 2 201 {-999.0 -999.0 -999.0 -999.0 -999.0} "" -999.0 -999.0 -999.0 -999.0 -999 -999 "" ops_sky_apogee_best_unassigned ops_sky sky_apogee 0 0 0.0 0.0 -999 ""
FIBERMAP 690 R-4C17 BOSS 1 1 0 1 0 0 93.82085925603937 -74.47327126682539 143.1 77.89346857289114 -90.98063510681536 208.39388 75.98528 210.78266555479587 40.9550593910163 -0.3132232 -5.119192 0.17308779 210.78266435980078 40.95504464110345 210.71536736623594 40.82787705573779 57.220402957453835 64.114680797455 5400.0 5400.0 2016.0 1 301 {-999.0 18.57225 18.317299 18.177904 -999.0} sdss_psfmag 18.532911 18.288794 17.87058 -999.0 63050394850054742 978129954 "" ops_std_boss ops_std standard_boss 0 0 0.0 0.0 -999 ""
FIBERMAP 690 R-4C17 METROLOGY 0 0 0 1 0 0 94.54255869248654 -74.67350676738495 143.1 78.56367536359788 -91.31473158465184 208.39388 75.98528 -999.0 -999.0 -999.0 -999.0 -999.0 210.7866231592383 40.95351606495235 210.71937042406876 40.826354653991906 57.217405926819524 64.11760729591464 -999.0 6231.0 -999.0 -1 -999 {-999.0 -999.0 -999.0 -999.0 -999.0} "" -999.0 -999.0 -999.0 -999.0 -999 -999 "" "" "" "" 0 0 0.0 0.0 -999 ""
FIBERMAP 691 R+10C2 APOGEE 0 0 0 1 0 0 -172.30154539570046 201.41668325480387 143.1 -130.72903697130238 230.53859510398468 181.8341 85.83217 -999.0 -999.0 -999.0 -999.0 -999.0 209.51549950191523 42.411787384230614 209.44781764842116 42.2827681746467 58.09730343498016 61.31199320339459 -999.0 16600.0 -999.0 2 -999 {-999.0 -999.0 -999.0 -999.0 -999.0} "" -999.0 -999.0 -999.0 -999.0 -999 -999 "" "" "" "" 0 0 0.0 0.0 -999 ""
FIBERMAP 691 R+10C2 BOSS 1 1 0 1 0 0 -172.25807813302322 202.1797956666627 143.1 -130.54092035731748 231.27933073228897 181.8341 85.83217 209.51727897707266 42.41509171222229 -294.6859 10.819456 14.697982 209.51681319789208 42.41512288054077 209.4489470541916 42.286098485816304 58.09621514689817 61.30583127374417 5400.0 5400.0 2016.0 1 18 {-999.0 12.008838 11.020418 10.6245 -999.0} sdss_psfmag_from_g3xp 11.671426 11.061658 10.264042 8.728 63050394850075242 1132637922 bright_2x1 mwm_snc_100pc_boss mwm_snc science 0 0 1.8187330961227417 0.0 -999 ""
FIBERMAP 691 R+10C2 METROLOGY 0 0 0 1 0 0 -171.64358556576659 201.7684656345576 143.1 -130.0161761276025 230.7584718530533 181.8341 85.83217 -999.0 -999.0 -999.0 -999.0 -999.0 209.51996915272179 42.41282726968186 209.45215188846248 42.283806553620785 58.09402674980429 61.31049879620235 -999.0 6231.0 -999.0 -1 -999 {-999.0 -999.0 -999.0 -999.0 -999.0} "" -999.0 -999.0 -999.0 -999.0 -999 -999 "" "" "" "" 0 0 0.0 0.0 -999 ""
FIBERMAP 692 R+8C17 APOGEE 0 0 0 1 0 0 151.33204423718502 137.12894110637873 143.1 174.67480015600367 105.75225191885757 294.416 69.52473 -999.0 -999.0 -999.0 -999.0 -999.0 211.3792632968238 41.84422364472332 211.30874112527215 41.717711928254246 56.74876987522387 62.50596292001552 -999.0 16600.0 -999.0 2 81 {-999.0 -999.0 -999.0 -999.0 -999.0} "" -999.0 -999.0 -999.0 -999.0 -999 -999 "" ops_sky_apogee_best_unassigned ops_sky sky_apogee 0 0 0.0 0.0 -999 ""
FIBERMAP 692 R+8C17 BOSS 1 1 0 1 0 0 150.599130575386 137.1232917708919 143.1 173.95434381869993 105.88640293760349 294.416 69.52473 211.37514827853394 41.84491675463705 -0.48445156 0.49893805 -1.0194664 211.37514640479372 41.84491819222575 211.30445239293152 41.718395852025225 56.75194328430016 62.50449809780849 5400.0 5400.0 2016.0 1 226 {-999.0 19.610664 19.170925 18.761913 18.415869} sdss_psfmag_from_gaiadr2 18.870516 19.313498 17.660957 15.689 63050394850063075 1057598212 bright_flexible_2x1 bhm_gua_bright bhm_filler science 0 0 0.0 0.0 -999 ""
FIBERMAP 692 R+8C17 METROLOGY 0 0 0 1 0 0 150.93606280219944 137.78073928535042 143.1 174.41036610571092 106.46748939576374 294.416 69.52473 -999.0 -999.0 -999.0 -999.0 -999.0 211.37788076266597 41.84750578269997 211.30722525849978 41.720988113244154 56.749777987825965 62.49991477929956 -999.0 6231.0 -999.0 -1 -999 {-999.0 -999.0 -999.0 -999.0 -999.0} "" -999.0 -999.0 -999.0 -999.0 -999 -999 "" "" "" "" 0 0 0.0 0.0 -999 ""
FIBERMAP 693 R+2C15 APOGEE 0 0 0 1 0 0 46.47366365659705 52.762221987790845 143.1 55.67214613430986 42.929855024022324 88.91979 108.997444 -999.0 -999.0 -999.0 -999.0 -999.0 210.65340071630055 41.56517547201226 210.5851429317787 41.43774702299525 57.300328371544374 62.982106540756604 -999.0 16600.0 -999.0 2 54 {-999.0 -999.0 -999.0 -999.0 -999.0} "" -999.0 -999.0 -999.0 -999.0 -999 -999 "" ops_sky_apogee_best_unassigned ops_sky sky_apogee 0 0 0.0 0.0 -999 ""
FIBERMAP 693 R+2C15 BOSS 1 1 0 1 0 0 47.17473857199466 52.99801492241526 143.1 56.405217879208415 43.02766631536188 88.91979 108.997444 210.65819291825983 41.56569085360371 -29.547943 -21.947496 1.432209 210.65807912939863 41.565627616292275 210.58963498362792 41.438200470592946 57.29694575223892 62.98150935379619 5400.0 5400.0 2016.0 1 198 {-999.0 15.206568 14.62822 14.438248 -999.0} sdss_psfmag_from_g3xp 15.069244 14.668622 14.097854 12.957 63050394850070256 1095918575 bright_1x1 mwm_bin_vis_boss mwm_filler science 0 0 0.0 0.0 -999 ""
FIBERMAP 693 R+2C15 METROLOGY 0 0 0 1 0 0 47.038434654600614 52.26379690889021 143.1 56.131486326313485 42.33298652346959 88.91979 108.997444 -999.0 -999.0 -999.0 -999.0 -999.0 210.65633417701443 41.56246722977496 210.58795102747774 41.43503940229354 57.29832955954468 62.98726541931023 -999.0 6231.0 -999.0 -1 -999 {-999.0 -999.0 -999.0 -999.0 -999.0} "" -999.0 -999.0 -999.0 -999.0 -999 -999 "" "" "" "" 0 0 0.0 0.0 -999 ""
FIBERMAP 694 R+3C15 APOGEE 0 0 0 1 0 0 68.63620402722549 67.65805441716715 143.1 80.26462956463358 53.32635697540564 56.99652 96.9471 -999.0 -999.0 -999.0 -999.0 -999.0 210.80336514929976 41.61169513846675 210.73466800312906 41.48445606265237 57.18655927807421 62.90381170707508 -999.0 16600.0 -999.0 2 -999 {-999.0 -999.0 -999.0 -999.0 -999.0} "" -999.0 -999.0 -999.0 -999.0 -999 -999 "" "" "" "" 0 0 0.0 0.0 -999 ""
FIBERMAP 694 R+3C15 BOSS 1 1 0 1 0 0 69.33612991192884 67.30202475100438 143.1 80.88376993821646 52.84349337241345 56.99652 96.9471 210.80734036747492 41.60950566155032 -999.0 -999.0 -999.0 210.80734036747492 41.60950566155032 210.738463931541 41.482267131770655 57.18380109388774 62.908048044589044 5400.0 5400.0 2016.0 1 197 {-999.0 18.250473 18.248495 18.30147 -999.0} sdss_psfmag 17.673513 21.805893 17.088902 15.282 63050394850055764 1117968677 bright_1x1 openfibertargets_bhm_lofarradio_boss open_fiber science 0 0 0.0 0.0 -999 ""
FIBERMAP 694 R+3C15 METROLOGY 0 0 0 1 0 0 68.6942578509932 66.91421859250033 143.1 80.1798335196478 52.58519167804194 56.99652 96.9471 -999.0 -999.0 -999.0 -999.0 -999.0 210.8029890869293 41.60835050989041 210.73417476983377 41.48110786121878 57.18705623177521 62.90995981466148 -999.0 6231.0 -999.0 -1 -999 {-999.0 -999.0 -999.0 -999.0 -999.0} "" -999.0 -999.0 -999.0 -999.0 -999 -999 "" "" "" "" 0 0 0.0 0.0 -999 ""
FIBERMAP 695 R-4C1 APOGEE 0 0 0 1 0 0 -235.99309270459642 -88.39715308434049 143.1 -248.48402570645848 -41.78364698018834 328.50888 103.20244 -999.0 -999.0 -999.0 -999.0 -999.0 208.81898031123507 41.17369872413511 208.7556422818792 41.04400115627089 58.69221514526352 63.608328739774265 -999.0 16600.0 -999.0 2 248 {-999.0 -999.0 -999.0 -999.0 -999.0} "" -999.0 -999.0 -999.0 -999.0 -999 -999 "" ops_sky_apogee_best_unassigned ops_sky sky_apogee 0 0 0.0 0.0 -999 ""
FIBERMAP 695 R-4C1 BOSS 1 1 0 1 0 0 -236.2078102702687 -89.10588215020915 143.1 -248.82986462091145 -42.43836257865166 328.50888 103.20244 208.817138671875 41.170718822892304 -999.0 -999.0 -999.0 208.81713867187497 41.170718822892304 208.75364668887755 41.04101317073004 58.69386924027359 63.61392541036273 5400.0 5400.0 2015.5 1 497 {-999.0 -999.0 -999.0 -999.0 -999.0} "" -999.0 -999.0 -999.0 -999.0 27021603104390291 817514699 "" ops_sky_boss_good ops_sky sky_boss 0 0 0.0 0.0 -999 ""
FIBERMAP 695 R-4C1 METROLOGY 0 0 0 1 0 0 -236.7244665566445 -88.55978126374481 143.1 -249.23289141192984 -41.803869500667034 328.50888 103.20244 -999.0 -999.0 -999.0 -999.0 -999.0 208.81463967515822 41.173564869009205 208.7511936147406 41.04385747368272 58.69557333162243 63.60827842948015 -999.0 6231.0 -999.0 -1 -999 {-999.0 -999.0 -999.0 -999.0 -999.0} "" -999.0 -999.0 -999.0 -999.0 -999 -999 "" "" "" "" 0 0 0.0 0.0 -999 ""
FIBERMAP 698 R+7C18 APOGEE 0 0 0 1 0 0 160.54266554008257 152.9385188310396 143.1 186.72870006841245 119.51430907777706 153.58128 69.69767 -999.0 -999.0 -999.0 -999.0 -999.0 211.45303828000544 41.905456268616355 211.38220480273822 41.77903381012426 56.69168651393538 62.39805687120975 -999.0 16600.0 -999.0 2 40 {-999.0 -999.0 -999.0 -999.0 -999.0} "" -999.0 -999.0 -999.0 -999.0 -999 -999 "" ops_sky_apogee_best_unassigned ops_sky sky_apogee 0 0 0.0 0.0 -999 ""
FIBERMAP 698 R+7C18 BOSS 1 1 0 1 0 0 161.0796189649721 153.45615524719463 143.1 187.35440141973794 119.9200414390649 153.58128 69.69767 211.45707209686296 41.90726031279582 -999.0 -999.0 -999.0 211.45707209686293 41.90726031279582 211.38604544816695 41.78083787059423 56.68875588197846 62.39497273578185 5400.0 5400.0 2015.5 1 196 {-999.0 -999.0 -999.0 -999.0 -999.0} "" -999.0 -999.0 -999.0 -999.0 27021603104381609 817514259 "" ops_sky_boss_good ops_sky sky_boss 0 0 0.0 0.0 -999 ""
FIBERMAP 698 R+7C18 METROLOGY 0 0 0 1 0 0 161.26076759108363 152.73698510523073 143.1 187.39512845711064 119.179624022803 153.58128 69.69767 -999.0 -999.0 -999.0 -999.0 -999.0 211.45721242525124 41.903904526756186 211.38624458920685 41.7774842508812 56.688735038849714 62.40108511818727 -999.0 6231.0 -999.0 -1 -999 {-999.0 -999.0 -999.0 -999.0 -999.0} "" -999.0 -999.0 -999.0 -999.0 -999 -999 "" "" "" "" 0 0 0.0 0.0 -999 ""
FIBERMAP 704 R+5C16 APOGEE 0 0 0 1 0 0 82.37244903628137 106.6790766466344 143.1 101.18476871876287 89.00863166909082 209.93332 46.583294 -999.0 -999.0 -999.0 -999.0 -999.0 210.93215784877876 41.77301186019893 210.86279496384407 41.64591737818375 57.084380008553715 62.61349562848022 -999.0 16600.0 -999.0 2 79 {-999.0 -999.0 -999.0 -999.0 -999.0} "" -999.0 -999.0 -999.0 -999.0 -999 -999 "" ops_sky_apogee_best_unassigned ops_sky sky_apogee 0 0 0.0 0.0 -999 ""
FIBERMAP 704 R+5C16 BOSS 1 1 0 1 0 0 82.53190524084559 107.40149376276901 143.1 101.4789757304137 89.68731557010561 209.93332 46.583294 210.9343322961372 41.77608080110462 -31.049692 14.018877 1.5656009 210.9342123324254 41.7761211935904 210.86466049576933 41.64902388242146 57.08285982822672 62.60788893728817 5400.0 5400.0 2016.0 1 214 {-999.0 14.269034 13.93941 13.822027 -999.0} sdss_psfmag_from_g3xp 14.218366 13.939078 13.490541 12.691 63050394850055827 943345494 bright_1x1 openfibertargets_nov2020_46 open_fiber science 0 0 0.0 0.0 -999 ""
FIBERMAP 704 R+5C16 METROLOGY 0 0 0 1 0 0 83.08108880014278 106.90647742640041 143.1 101.92366604284175 89.09676388866463 209.93332 46.583294 -999.0 -999.0 -999.0 -999.0 -999.0 210.93683271421926 41.77340991949837 210.8673318495819 41.64631766573994 57.08097621585459 62.61301502012992 -999.0 6231.0 -999.0 -1 -999 {-999.0 -999.0 -999.0 -999.0 -999.0} "" -999.0 -999.0 -999.0 -999.0 -999 -999 "" "" "" "" 0 0 0.0 0.0 -999 ""
FIBERMAP 706 R+6C21 APOGEE 0 0 0 1 0 0 218.57899217479033 104.18926159499597 143.1 234.40153073997607 60.603327168993566 247.96066 116.966675 -999.0 -999.0 -999.0 -999.0 -999.0 211.73545099162948 41.63455921041349 211.66465186576556 41.508559064024155 56.489592531638415 62.90157702493474 -999.0 16600.0 -999.0 2 67 {-999.0 -999.0 -999.0 -999.0 -999.0} "" -999.0 -999.0 -999.0 -999.0 -999 -999 "" ops_sky_apogee_best_unassigned ops_sky sky_apogee 0 0 0.0 0.0 -999 ""
FIBERMAP 706 R+6C21 BOSS 1 1 0 1 0 0 217.8397473277932 104.11442376026181 143.1 233.66167254844356 60.67077408223342 247.96066 116.966675 211.73124437455715 41.63494298438034 -0.07208233 0.60227704 -0.7799057 211.7312440966704 41.634944719719364 211.66027274453091 41.5089351026188 56.492860262949 62.90073276989209 5400.0 5400.0 2016.0 1 249 {-999.0 20.101923 19.948133 19.630484 -999.0} sdss_psfmag 20.22018 20.467014 19.270151 -999.0 63050394850061946 1117015593 bright_1x1 openfibertargets_bhm_quaia_boss open_fiber science 0 0 0.0 0.0 -999 ""
FIBERMAP 706 R+6C21 METROLOGY 0 0 0 1 0 0 218.1387651062631 104.79387690303926 143.1 234.08467487526002 61.28068644197428 247.96066 116.966675 -999.0 -999.0 -999.0 -999.0 -999.0 211.73377294457975 41.63766204544214 211.66284062103193 41.51165647535959 56.49086310095567 62.89590108737622 -999.0 6231.0 -999.0 -1 -999 {-999.0 -999.0 -999.0 -999.0 -999.0} "" -999.0 -999.0 -999.0 -999.0 -999 -999 "" "" "" "" 0 0 0.0 0.0 -999 ""
FIBERMAP 709 R+2C18 APOGEE 0 0 0 1 0 0 117.0527996009527 30.17696943549187 143.1 120.6431237372457 7.309023362414601 271.8719 142.46777 -999.0 -999.0 -999.0 -999.0 -999.0 211.0459987292188 41.400600234522294 210.97726644812815 41.27371380407899 57.01176525390553 63.3029118735526 -999.0 16600.0 -999.0 2 -999 {-999.0 -999.0 -999.0 -999.0 -999.0} "" -999.0 -999.0 -999.0 -999.0 -999 -999 "" "" "" "" 0 0 0.0 0.0 -999 ""
FIBERMAP 709 R+2C18 BOSS 1 1 0 1 0 0 116.64844073045165 29.56991380217052 143.1 120.13052479584661 6.790250005970159 271.8719 142.46777 211.043124811689 41.39829515668574 -2.6943772 -8.680423 0.11202072 211.04311446242934 41.39827014580925 210.97421764119633 41.27137637030592 57.014124693304794 63.30707891980168 5400.0 5400.0 2016.0 1 200 {-999.0 18.321293 17.956861 17.815838 17.7653} sdss_psfmag_from_gaia 18.2548 17.9682 17.4777 16.316 63050394850055448 969525742 "" ops_std_boss_gdr2 ops_std standard_boss 0 0 0.0 0.0 -999 ""
FIBERMAP 709 R+2C18 METROLOGY 0 0 0 1 0 0 116.30872411906702 30.231866227460046 143.1 119.92325200993406 7.504729937364934 271.8719 142.46777 -999.0 -999.0 -999.0 -999.0 -999.0 211.04184064534712 41.40152924380614 210.97298892087974 41.27463435089847 57.014951440044044 63.30104713293082 -999.0 6231.0 -999.0 -1 -999 {-999.0 -999.0 -999.0 -999.0 -999.0} "" -999.0 -999.0 -999.0 -999.0 -999 -999 "" "" "" "" 0 0 0.0 0.0 -999 ""
FIBERMAP 710 R+8C6 APOGEE 0 0 0 1 0 0 -107.45806689564188 142.32094916866575 143.1 -78.3468329044358 160.17472803196065 287.6464 27.072073 -999.0 -999.0 -999.0 -999.0 -999.0 209.8361281853354 42.09779937266399 209.7684487486174 41.96923435875307 57.8820700862344 61.9334906702569 -999.0 16600.0 -999.0 2 -999 {-999.0 -999.0 -999.0 -999.0 -999.0} "" -999.0 -999.0 -999.0 -999.0 -999 -999 "" "" "" "" 0 0 0.0 0.0 -999 ""
FIBERMAP 710 R+8C6 BOSS 1 1 0 1 0 0 -107.98737585005141 142.85705353079777 143.1 -78.76418409137416 160.8018208280783 287.6464 27.072073 209.83374271102377 42.10070932316707 -8.101462 -10.921546 0.29750422 209.83371125047296 42.10067785494522 209.76585843183798 41.97210121473877 57.88380934555084 61.92787843422147 5400.0 5400.0 2016.0 1 77 {-999.0 18.022144 17.64232 17.55214 -999.0} sdss_psfmag 17.9385 17.645718 17.19817 16.402 63050394850071450 975917024 "" ops_std_boss ops_std standard_boss 0 0 0.0 0.0 -999 ""
FIBERMAP 710 R+8C6 METROLOGY 0 0 0 1 0 0 -107.25999490188195 143.04027487083394 143.1 -78.01531242417536 160.84301729450294 287.6464 27.072073 -999.0 -999.0 -999.0 -999.0 -999.0 209.838247195938 42.10087445883677 209.7704325159649 41.97230581497983 57.88040253959184 61.927902164155114 -999.0 6231.0 -999.0 -1 -999 {-999.0 -999.0 -999.0 -999.0 -999.0} "" -999.0 -999.0 -999.0 -999.0 -999 -999 "" "" "" "" 0 0 0.0 0.0 -999 ""
FIBERMAP 714 R-3C22 APOGEE 1 1 0 1 0 0 204.10668256487452 -44.03561090989929 143.1 191.94426480126288 -82.12592427993499 146.55453 88.38242 211.46718429412672 40.99064242913804 -44.816284 35.792572 4.9317904 211.467013220509 40.99074555804159 211.39833308880057 40.86448495512725 56.703211235660795 64.0637744677922 16000.0 16600.0 2016.0 2 209 {-999.0 11.295164 10.872162 10.736556 -999.0} sdss_psfmag_gaia 10.626222 10.899178 9.812866 8.898 63050394850054104 1093885137 bright_1x1 mwm_bin_vis_apogee mwm_filler science 0 0 0.0 0.0 -999 ""
FIBERMAP 714 R-3C22 BOSS 0 0 0 1 0 0 204.50819532798283 -43.4212799794382 143.1 192.45545689029768 -81.59946749471743 146.55453 88.38242 -999.0 -999.0 -999.0 -999.0 -999.0 211.4703533066431 40.993087176660794 211.40148377990306 40.86682772068058 56.7007968783723 64.05956656382358 -999.0 5400.0 -999.0 1 309 {-999.0 -999.0 -999.0 -999.0 -999.0} "" -999.0 -999.0 -999.0 -999.0 -999 -999 "" "" "" "" 0 0 0.0 0.0 -999 ""
FIBERMAP 714 R-3C22 METROLOGY 0 0 0 1 0 0 204.84848647402106 -44.09402955919173 143.1 192.66123562415865 -82.32465470689476 146.55453 88.38242 -999.0 -999.0 -999.0 -999.0 -999.0 211.47143892139127 40.989794932280724 211.40262508109163 40.86353797141363 56.69997850790777 64.06557942388156 -999.0 6231.0 -999.0 -1 -999 {-999.0 -999.0 -999.0 -999.0 -999.0} "" -999.0 -999.0 -999.0 -999.0 -999 -999 "" "" "" "" 0 0 0.0 0.0 -999 ""
FIBERMAP 715 R-6C17 APOGEE 1 1 0 1 0 0 122.7847016461489 -116.61717030977897 143.1 98.28967795116414 -137.86691234266374 167.15042 129.36531 210.90211947548696 40.74192985279181 2.4574943 -7.5530486 1.2862673 210.90212882110015 40.74190809021521 210.8352389641546 40.61493360672285 57.13320052462031 64.51033394371512 16000.0 16600.0 2016.0 2 205 {-999.0 13.035736 12.754984 12.688559 -999.0} sdss_psfmag_from_g3xp 13.003729 12.757705 12.362342 11.721 63050394850053727 946006184 bright_1x1 openfibertargets_nov2020_9 open_fiber science 0 0 0.0 0.0 -999 ""
FIBERMAP 715 R-6C17 BOSS 0 0 0 1 0 0 122.47905649127438 -115.94024999427441 143.1 98.11870038722505 -137.14423506526745 167.15042 129.36531 -999.0 -999.0 -999.0 -999.0 -999.0 210.90137065831692 40.74513899805819 210.83430137266566 40.61816092708578 57.13386850567036 64.50436976767742 -999.0 5400.0 -999.0 1 299 {-999.0 -999.0 -999.0 -999.0 -999.0} "" -999.0 -999.0 -999.0 -999.0 -999 -999 "" "" "" "" 0 0 0.0 0.0 -999 ""
FIBERMAP 715 R-6C17 METROLOGY 0 0 0 1 0 0 123.22249385269957 -115.98591982229654 143.1 98.83970447089472 -137.33076343485948 167.15042 129.36531 -999.0 -999.0 -999.0 -999.0 -999.0 210.90561674828447 40.74428425270427 210.8385895856103 40.61731242849708 57.13062524477714 64.5060143403685 -999.0 6231.0 -999.0 -1 -999 {-999.0 -999.0 -999.0 -999.0 -999.0} "" -999.0 -999.0 -999.0 -999.0 -999 -999 "" "" "" "" 0 0 0.0 0.0 -999 ""
FIBERMAP 717 R+6C9 APOGEE 0 0 0 1 0 0 -60.90526440214797 126.93304538661774 143.1 -35.586673305720105 136.19784496843084 189.75385 64.52482 -999.0 -999.0 -999.0 -999.0 -999.0 210.09776309808208 41.99006558517985 210.0297467253573 41.86185165114131 57.69448300435126 62.15663994751668 -999.0 16600.0 -999.0 2 -999 {-999.0 -999.0 -999.0 -999.0 -999.0} "" -999.0 -999.0 -999.0 -999.0 -999 -999 "" "" "" "" 0 0 0.0 0.0 -999 ""
FIBERMAP 717 R+6C9 BOSS 1 1 0 1 0 0 -60.714849552117826 127.66554978743112 143.1 -35.26015666276062 136.88052904920877 189.75385 64.52482 210.09986806283803 41.99324575913351 12.526987 -8.247623 5.917399 210.09991662689305 41.99322199527067 210.03171406918833 41.86500430412346 57.692839394133934 62.15090801107501 5400.0 5400.0 2016.0 1 130 {-999.0 23.564112 22.268105 19.990349 -999.0} sdss_psfmag 21.647161 20.668104 19.203236 16.23 63050394850071574 1094497698 bright_1x1 mwm_bin_vis_boss mwm_filler science 0 0 0.0 0.0 -999 ""
FIBERMAP 717 R+6C9 METROLOGY 0 0 0 1 0 0 -60.18652392709839 127.13323057597324 143.1 -34.843049183279916 136.25733893271706 189.75385 64.52482 -999.0 -999.0 -999.0 -999.0 -999.0 210.10242117261845 41.99039066923119 210.034269533258 41.862177364616336 57.69110149381744 62.156392721516 -999.0 6231.0 -999.0 -1 -999 {-999.0 -999.0 -999.0 -999.0 -999.0} "" -999.0 -999.0 -999.0 -999.0 -999 -999 "" "" "" "" 0 0 0.0 0.0 -999 ""
FIBERMAP 719 R+3C18 APOGEE 0 0 0 1 0 0 115.99801303595743 43.323129730868885 143.1 122.11352141982788 20.413470610519028 268.17505 91.74096 -999.0 -999.0 -999.0 -999.0 -999.0 211.05568566422966 41.46014580259964 210.98679182276828 41.3332629871259 57.002809335784214 63.19400162482265 -999.0 16600.0 -999.0 2 87 {-999.0 -999.0 -999.0 -999.0 -999.0} "" -999.0 -999.0 -999.0 -999.0 -999 -999 "" ops_sky_apogee_best_unassigned ops_sky sky_apogee 0 0 0.0 0.0 -999 ""
FIBERMAP 719 R+3C18 BOSS 1 1 0 1 0 0 115.24318792277288 43.34469443631048 143.1 121.37674534776951 20.578509534092927 268.17505 91.74096 211.05148315429688 41.460944817682105 -999.0 -999.0 -999.0 211.05148315429688 41.460944817682105 210.982420096542 41.33405218930137 57.0060658489529 63.19236585835296 5400.0 5400.0 2015.5 1 218 {-999.0 -999.0 -999.0 -999.0 -999.0} "" -999.0 -999.0 -999.0 -999.0 27021603104374591 817513967 "" ops_sky_boss_good ops_sky sky_boss 0 0 0.0 0.0 -999 ""
FIBERMAP 719 R+3C18 METROLOGY 0 0 0 1 0 0 115.6398186626704 43.980854952079966 143.1 121.88730636490787 21.12732332731065 268.17505 91.74096 -999.0 -999.0 -999.0 -999.0 -999.0 211.05454380786375 41.46341402524164 210.9855182454155 41.33652623347938 57.003663734637875 63.18795784760323 -999.0 6231.0 -999.0 -1 -999 {-999.0 -999.0 -999.0 -999.0 -999.0} "" -999.0 -999.0 -999.0 -999.0 -999 -999 "" "" "" "" 0 0 0.0 0.0 -999 ""
FIBERMAP 721 R+9C9 APOGEE 0 0 0 1 0 0 -19.05277494034519 168.70558320890237 143.1 13.4549599061755 169.22176596169476 184.23967 145.82564 -999.0 -999.0 -999.0 -999.0 -999.0 210.39831531064377 42.13935564629414 210.32927413678703 42.01150648784785 57.46343715893579 61.901848634565 -999.0 16600.0 -999.0 2 9 {-999.0 -999.0 -999.0 -999.0 -999.0} "" -999.0 -999.0 -999.0 -999.0 -999 -999 "" ops_sky_apogee_best_unassigned ops_sky sky_apogee 0 0 0.0 0.0 -999 ""
FIBERMAP 721 R+9C9 BOSS 1 1 0 1 0 0 -19.700885836715646 169.06667153458173 143.1 12.887641895583535 169.6997186832748 184.23967 145.82564 210.39500713294066 42.141607993531075 5.14498 -7.749363 1.4113922 210.39502712543458 42.14158566531322 210.3258127864907 42.0137247120822 57.46587676948127 61.897455356393635 5400.0 5400.0 2016.0 1 125 {-999.0 17.643589 16.54147 16.092896 -999.0} sdss_psfmag 17.22286 16.535824 15.738314 14.171 63050394850071677 943208511 bright_1x1 openfibertargets_nov2020_46 open_fiber science 0 0 0.0 0.0 -999 ""
FIBERMAP 721 R+9C9 METROLOGY 0 0 0 1 0 0 -19.071530147281674 169.45438781821147 143.1 13.579275941618656 169.9603178287414 184.23967 145.82564 -999.0 -999.0 -999.0 -999.0 -999.0 210.39921807779984 42.14274103063639 210.33004139872867 42.014887134606695 57.46267318941132 61.89563461277879 -999.0 6231.0 -999.0 -1 -999 {-999.0 -999.0 -999.0 -999.0 -999.0} "" -999.0 -999.0 -999.0 -999.0 -999 -999 "" "" "" "" 0 0 0.0 0.0 -999 ""
FIBERMAP 723 R-2C19 APOGEE 0 0 0 1 0 0 142.95509114010403 -24.404492975404324 143.1 135.66367217897516 -51.20160025339591 87.851425 85.77049 -999.0 -999.0 -999.0 -999.0 -999.0 211.1326485042074 41.13382028653392 211.06435424693075 41.00709002456645 56.9529840978984 63.795127329781565 -999.0 16600.0 -999.0 2 212 {-999.0 -999.0 -999.0 -999.0 -999.0} "" -999.0 -999.0 -999.0 -999.0 -999 -999 "" ops_sky_apogee_best_unassigned ops_sky sky_apogee 0 0 0.0 0.0 -999 ""
FIBERMAP 723 R-2C19 BOSS 1 1 0 1 0 0 143.69064175065088 -24.496591244680662 143.1 136.3680857186257 -51.43219646508471 87.851425 85.77049 211.1371702428002 41.132748685527574 -14.358262 -8.9476 0.5193115 211.137115315708 41.13272290482054 211.0686378246195 41.005996039721786 56.94977558917971 63.7972591700813 5400.0 5400.0 2016.0 1 297 {-999.0 17.54979 17.019388 16.859713 -999.0} sdss_psfmag 17.444921 17.060337 16.519407 15.383 63050394850054376 1073558112 bright_1x1 mwm_halo_local_low_boss_single mwm_halo science 0 0 0.0 0.0 -999 ""
FIBERMAP 723 R-2C19 METROLOGY 0 0 0 1 0 0 143.25079464158767 -25.087526014235834 143.1 135.82372656629815 -51.928382459921245 87.851425 85.77049 -999.0 -999.0 -999.0 -999.0 -999.0 211.13374021202085 41.130495266192796 211.06532523195528 41.00376494576943 56.95232231348608 63.80125190720764 -999.0 6231.0 -999.0 -1 -999 {-999.0 -999.0 -999.0 -999.0 -999.0} "" -999.0 -999.0 -999.0 -999.0 -999 -999 "" "" "" "" 0 0 0.0 0.0 -999 ""
FIBERMAP 724 R+1C21 APOGEE 0 0 0 1 0 0 162.27071265932784 30.16568694969062 143.1 165.02388462498533 -1.3207508904368217 109.280846 124.262596 -999.0 -999.0 -999.0 -999.0 -999.0 211.31328459614423 41.35899253519735 211.24406780113281 41.232467928792744 56.81238758285548 63.38849688424102 -999.0 16600.0 -999.0 2 -999 {-999.0 -999.0 -999.0 -999.0 -999.0} "" -999.0 -999.0 -999.0 -999.0 -999 -999 "" "" "" "" 0 0 0.0 0.0 -999 ""
FIBERMAP 724 R+1C21 BOSS 1 1 0 1 0 0 162.68845775752143 30.77758843638939 143.1 165.55054623914626 -0.7997726290748621 109.280846 124.262596 211.31681961210174 41.361281914522735 -17.809015 16.74216 0.8891325 211.31675124548008 41.36133015364 211.24734363030845 41.234806647781106 56.8098658223327 63.38433940595372 5400.0 5400.0 2016.0 1 234 {-999.0 15.011397 14.627726 14.49449 -999.0} sdss_psfmag_from_g3xp 14.943635 14.637145 14.162065 13.314 63050394850054550 977632994 "" ops_std_boss ops_std standard_boss 0 0 0.0 0.0 -999 ""
FIBERMAP 724 R+1C21 METROLOGY 0 0 0 1 0 0 163.0142636802661 30.104092633609728 143.1 165.74196500346895 -1.5229313476978166 109.280846 124.262596 -999.0 -999.0 -999.0 -999.0 -999.0 211.3177811191272 41.358032142772984 211.2484295482543 41.231511281747274 56.80913247725646 63.39039484569366 -999.0 6231.0 -999.0 -1 -999 {-999.0 -999.0 -999.0 -999.0 -999.0} "" -999.0 -999.0 -999.0 -999.0 -999 -999 "" "" "" "" 0 0 0.0 0.0 -999 ""
FIBERMAP 730 R+6C13 APOGEE 0 0 0 1 0 0 64.28880221745302 109.18705207066026 143.1 83.9130869198136 94.91710381532265 40.630676 42.08628 -999.0 -999.0 -999.0 -999.0 -999.0 210.8271983219725 41.80062006147986 210.75800230301616 41.67338310722533 57.16144930749259 62.556889385307784 -999.0 16600.0 -999.0 2 -999 {-999.0 -999.0 -999.0 -999.0 -999.0} "" -999.0 -999.0 -999.0 -999.0 -999 -999 "" "" "" "" 0 0 0.0 0.0 -999 ""
FIBERMAP 730 R+6C13 BOSS 1 1 0 1 0 0 64.18605857798254 108.44055979846142 143.1 83.6699563963001 94.20397971122023 40.630676 42.08628 210.82631463434694 41.797425696699165 -102.908676 3.253802 10.316967 210.82591690378075 41.79743507118332 210.75655353089235 41.67019367025971 57.162667517850345 62.56267990539743 5400.0 5400.0 2016.0 1 149 {-999.0 18.696901 17.22206 15.577819 -999.0} sdss_psfmag 18.0009 16.45496 14.94525 12.514 63050394850070455 1157660863 bright_1x1 mwm_snc_100pc_bright_boss_single mwm_snc science 0 0 0.0 0.0 -999 ""
FIBERMAP 730 R+6C13 METROLOGY 0 0 0 1 0 0 63.60280645764223 108.89367211559616 143.1 83.18383957889094 94.7598947729025 40.630676 42.08628 -999.0 -999.0 -999.0 -999.0 -999.0 210.82291434960882 41.79997360882321 210.75360302701768 41.67272705871942 57.16476053126387 62.557837435215674 -999.0 6231.0 -999.0 -1 -999 {-999.0 -999.0 -999.0 -999.0 -999.0} "" -999.0 -999.0 -999.0 -999.0 -999 -999 "" "" "" "" 0 0 0.0 0.0 -999 ""
FIBERMAP 733 R+2C2 APOGEE 0 0 0 1 0 0 -260.17395627078423 47.4442228103962 143.1 -246.32649674455791 96.15822022404485 170.18724 92.266335 -999.0 -999.0 -999.0 -999.0 -999.0 208.82013511278063 41.79791539808084 208.75542052210903 41.66812424118471 58.655271990443886 62.40997438056053 -999.0 16600.0 -999.0 2 -999 {-999.0 -999.0 -999.0 -999.0 -999.0} "" -999.0 -999.0 -999.0 -999.0 -999 -999 "" "" "" "" 0 0 0.0 0.0 -999 ""
FIBERMAP 733 R+2C2 BOSS 1 1 0 1 0 0 -260.1004990100432 48.15451571976561 143.1 -246.1190115238671 96.84139552014331 170.18724 92.266335 208.82153687878915 41.801038971175444 -11.962588 -3.188459 0.3903899 208.8214906421248 41.80102978426909 208.75659985076155 41.67123139637452 58.65418054102496 62.40413115487266 5400.0 5400.0 2016.0 1 10 {-999.0 15.833576 15.395607 15.173045 -999.0} sdss_psfmag 15.76994 15.43016 14.877767 13.928 63050394850072742 943563228 bright_1x1 openfibertargets_nov2020_46 open_fiber science 0 0 0.0 0.0 -999 ""
FIBERMAP 733 R+2C2 METROLOGY 0 0 0 1 0 0 -259.4872058216362 47.7358317970663 143.1 -245.5968462035927 96.31354715451887 170.18724 92.266335 -999.0 -999.0 -999.0 -999.0 -999.0 208.82460485196225 41.79869258771257 208.75975942665696 41.66890072178353 58.6519853178299 62.4089111265655 -999.0 6231.0 -999.0 -1 -999 {-999.0 -999.0 -999.0 -999.0 -999.0} "" -999.0 -999.0 -999.0 -999.0 -999 -999 "" "" "" "" 0 0 0.0 0.0 -999 ""
FIBERMAP 741 R+5C9 APOGEE 1 1 0 1 0 0 -42.10311562138079 91.93494859012308 143.1 -23.802493848463367 98.26227045737721 354.8256 102.712555 210.1697089758703 41.81802366051293 4.025907 -17.92816 1.1756291 210.1697245405411 41.81797200415927 210.1019478759266 41.68987734104832 57.65009304156685 62.48324169541699 16000.0 16600.0 2016.0 2 101 {-999.0 11.462045 11.321832 11.326969 -999.0} sdss_psfmag_from_g3xp 11.483627 11.308138 11.0021305 10.531 63050394850071079 974725294 "" ops_std_apogee ops_std standard_apogee 0 0 0.0 0.0 -999 ""
FIBERMAP 741 R+5C9 BOSS 0 0 0 1 0 0 -41.98452560388394 91.20494444866094 143.1 -23.825235201827986 97.52314300439679 354.8256 102.712555 -999.0 -999.0 -999.0 -999.0 -999.0 210.16974112538776 41.81466777506125 210.10179929056517 41.68656669385503 57.65037483743943 62.489409856264444 -999.0 5400.0 -999.0 1 75 {-999.0 -999.0 -999.0 -999.0 -999.0} "" -999.0 -999.0 -999.0 -999.0 -999 -999 "" "" "" "" 0 0 0.0 0.0 -999 ""
FIBERMAP 741 R+5C9 METROLOGY 0 0 0 1 0 0 -42.68078238062848 91.45332107872723 143.1 -24.46129328543121 97.89964216516351 354.8256 102.712555 -999.0 -999.0 -999.0 -999.0 -999.0 210.16581116159554 41.81636667601458 210.09792316389667 41.68826215811589 57.6531780399327 62.48596596788076 -999.0 6231.0 -999.0 -1 -999 {-999.0 -999.0 -999.0 -999.0 -999.0} "" -999.0 -999.0 -999.0 -999.0 -999 -999 "" "" "" "" 0 0 0.0 0.0 -999 ""
FIBERMAP 742 R-5C19 APOGEE 0 0 0 1 0 0 158.7598642655791 -82.87860891756317 143.1 140.03121065932157 -111.60837094456322 150.22153 86.01387 -999.0 -999.0 -999.0 -999.0 -999.0 211.15395870460085 40.85950282988971 211.08625810943863 40.73284331042455 56.94123257765126 64.29840766267336 -999.0 16600.0 -999.0 2 -999 {-999.0 -999.0 -999.0 -999.0 -999.0} "" -999.0 -999.0 -999.0 -999.0 -999 -999 "" "" "" "" 0 0 0.0 0.0 -999 ""
FIBERMAP 742 R-5C19 BOSS 1 1 0 1 0 0 159.15924023389317 -82.25352356068935 143.1 140.54235524510594 -111.07095104507694 150.22153 86.01387 211.1573021536592 40.861897999741295 -1.7685305 -4.385732 1.1648935 211.15729541594047 40.86188536314419 211.08940653036532 40.735228350955 56.938814301745374 64.29409611293194 5400.0 5400.0 2016.0 1 287 {-999.0 16.448183 15.687369 15.407408 -999.0} sdss_psfmag 16.241974 15.736236 15.071675 13.798 63050394850053992 1095321012 bright_1x1 mwm_bin_vis_boss mwm_filler science 0 0 0.0 0.0 -999 ""
FIBERMAP 742 R-5C19 METROLOGY 0 0 0 1 0 0 159.5048579584734 -82.91918450208772 143.1 140.7547133164772 -111.79019578431357 150.22153 86.01387 -999.0 -999.0 -999.0 -999.0 -999.0 211.15844243236828 40.85862526002738 211.09060854788868 40.731970535139965 56.937948227708105 64.30009015855734 -999.0 6231.0 -999.0 -1 -999 {-999.0 -999.0 -999.0 -999.0 -999.0} "" -999.0 -999.0 -999.0 -999.0 -999 -999 "" "" "" "" 0 0 0.0 0.0 -999 ""
FIBERMAP 743 R-1C3 APOGEE 0 0 0 1 0 0 -230.84555259984762 -3.8156597177778924 143.1 -227.30999803056142 40.25481008981113 97.95908 89.865555 -999.0 -999.0 -999.0 -999.0 -999.0 208.93782593770484 41.546640509571695 208.8734060188807 41.41703281316641 58.583222709059385 62.90204254913931 -999.0 16600.0 -999.0 2 281 {-999.0 -999.0 -999.0 -999.0 -999.0} "" -999.0 -999.0 -999.0 -999.0 -999 -999 "" ops_sky_apogee_best_unassigned ops_sky sky_apogee 0 0 0.0 0.0 -999 ""
FIBERMAP 743 R-1C3 BOSS 1 1 0 1 0 0 -230.10744616249232 -3.7027471157555247 143.1 -226.56400003628147 40.22495183377299 97.95908 89.865555 208.94241906943446 41.546593716434614 -0.8623446 -7.5846186 0.87190205 208.94241574953207 41.546571862895924 208.87781954772456 41.416962611191934 58.579923011262174 62.90255579519714 5400.0 5400.0 2016.0 1 433 {-999.0 14.624671 14.258952 14.15833 -999.0} sdss_psfmag_from_g3xp 14.568384 14.277917 13.826004 13.043 63050394850072627 977633079 "" ops_std_boss ops_std standard_boss 0 0 0.0 0.0 -999 ""
FIBERMAP 743 R-1C3 METROLOGY 0 0 0 1 0 0 -230.37262254477946 -4.399444576132879 143.1 -226.957072718099 39.591663298679386 97.95908 89.865555 -999.0 -999.0 -999.0 -999.0 -999.0 208.94007097667148 41.54367149163712 208.87553363568236 41.4140616961312 58.581807167035606 62.9079147105835 -999.0 6231.0 -999.0 -1 -999 {-999.0 -999.0 -999.0 -999.0 -999.0} "" -999.0 -999.0 -999.0 -999.0 -999 -999 "" "" "" "" 0 0 0.0 0.0 -999 ""
FIBERMAP 748 R-1C24 APOGEE 0 0 0 1 0 0 244.0439699273508 -39.29377706504846 143.1 232.04787433648113 -85.08384742853059 4.0045733 26.739128 -999.0 -999.0 -999.0 -999.0 -999.0 211.70512930806632 40.97510714664962 211.63597557137325 40.8491685292796 56.52366816945768 64.09552974436042 -999.0 16600.0 -999.0 2 210 {-999.0 -999.0 -999.0 -999.0 -999.0} "" -999.0 -999.0 -999.0 -999.0 -999 -999 "" ops_sky_apogee_best_unassigned ops_sky sky_apogee 0 0 0.0 0.0 -999 ""
FIBERMAP 748 R-1C24 BOSS 1 1 0 1 0 0 243.40743572854075 -39.682479435774354 143.1 231.34900638882925 -85.34404620161948 4.0045733 26.739128 211.70137528107318 40.97404834612499 -56.133083 -28.966545 1.9267883 211.70116106325483 40.973964884707534 211.63183976375376 40.84802011849185 56.52680846252174 64.09755252944413 5400.0 5400.0 2016.0 1 311 {-999.0 18.30815 16.966215 16.192415 -999.0} sdss_psfmag 17.765245 16.793892 15.814215 13.855 63050394850057678 1072675485 bright_1x1 mwm_halo_local_high_boss_single mwm_halo science 0 0 0.0 0.0 -999 ""
FIBERMAP 748 R-1C24 METROLOGY 0 0 0 1 0 0 243.38289004401992 -38.94073029655667 143.1 231.4662940761513 -84.6113158308813 4.0045733 26.739128 -999.0 -999.0 -999.0 -999.0 -999.0 211.70189516841947 40.9772719490386 211.63261530892532 40.851327605782146 56.52618719399735 64.09156730767143 -999.0 6231.0 -999.0 -1 -999 {-999.0 -999.0 -999.0 -999.0 -999.0} "" -999.0 -999.0 -999.0 -999.0 -999 -999 "" "" "" "" 0 0 0.0 0.0 -999 ""
FIBERMAP 751 R-10C16 APOGEE 0 0 0 1 0 0 168.6923749884227 -195.1674259829975 143.1 128.37764548122854 -223.71681656189307 346.72626 125.30076 -999.0 -999.0 -999.0 -999.0 -999.0 211.07420184590083 40.3546336899883 211.0078325659233 40.22794628809524 57.00462439942427 65.22393532722486 -999.0 16600.0 -999.0 2 -999 {-999.0 -999.0 -999.0 -999.0 -999.0} "" -999.0 -999.0 -999.0 -999.0 -999 -999 "" "" "" "" 0 0 0.0 0.0 -999 ""
FIBERMAP 751 R-10C16 BOSS 1 1 0 1 0 0 168.98374882218042 -195.8603300764786 143.1 128.5315686939793 -224.45246229193887 346.72626 125.30076 211.07537884937844 40.35099804035227 -263.73898 111.86881 29.503668 211.07522667162053 40.35132036334367 211.00868511620467 40.22464149431808 57.00397686474808 65.2300051153366 5400.0 5400.0 2016.0 1 268 {-999.0 11.371851 10.121601 9.610838 -999.0} sdss_psfmag_from_g3xp 10.889803 10.110046 9.251711 7.563 63050394850049652 1132665340 bright_2x1 mwm_snc_100pc_boss mwm_snc science 0 0 2.318185567855835 0.0 -999 ""
FIBERMAP 751 R-10C16 METROLOGY 0 0 0 1 0 0 168.24329620207698 -195.76323654363406 143.1 127.8232957816772 -224.21602871906555 346.72626 125.30076 -999.0 -999.0 -999.0 -999.0 -999.0 211.0710036960489 40.35240090760058 211.00452180461764 40.22570950827789 57.00715452838029 65.22803792898696 -999.0 6231.0 -999.0 -1 -999 {-999.0 -999.0 -999.0 -999.0 -999.0} "" -999.0 -999.0 -999.0 -999.0 -999 -999 "" "" "" "" 0 0 0.0 0.0 -999 ""
FIBERMAP 753 R-2C22 APOGEE 0 0 0 1 0 0 204.19201536550653 -53.779729579389624 143.1 190.17075706704293 -91.70637113856816 293.92538 101.89444 -999.0 -999.0 -999.0 -999.0 -999.0 211.45538253599113 40.94745289069072 211.3868298652369 40.82118225102034 56.712479701362625 64.14244891303792 -999.0 16600.0 -999.0 2 -999 {-999.0 -999.0 -999.0 -999.0 -999.0} "" -999.0 -999.0 -999.0 -999.0 -999 -999 "" "" "" "" 0 0 0.0 0.0 -999 ""
FIBERMAP 753 R-2C22 BOSS 1 1 0 1 0 0 203.58419312229344 -54.226283569107615 143.1 189.48904414431436 -92.02882583686211 293.92538 101.89444 211.45152113910646 40.9460044987963 -1.6590393 1.0812012 2.9098616 211.45151481048083 40.946007614057876 211.38279627741775 40.819730996887834 56.71555018177746 64.14502301341102 5400.0 5400.0 2016.0 1 285 {-999.0 17.54045 16.179962 15.337309 -999.0} sdss_psfmag 16.992178 15.94974 14.934236 12.948 63050394850054098 1118491116 bright_1x1 openfibertargets_mwm_snc_further_ext_boss open_fiber science 0 0 0.0 0.0 -999 ""
FIBERMAP 753 R-2C22 METROLOGY 0 0 0 1 0 0 203.50459469157846 -53.489704067463336 143.1 189.55131034694784 -91.2906763849028 293.92538 101.89444 -999.0 -999.0 -999.0 -999.0 -999.0 211.45190661166646 40.94935080175563 211.3832299829911 40.82307398726294 56.71517977521103 64.13893958578058 -999.0 6231.0 -999.0 -1 -999 {-999.0 -999.0 -999.0 -999.0 -999.0} "" -999.0 -999.0 -999.0 -999.0 -999 -999 "" "" "" "" 0 0 0.0 0.0 -999 ""
FIBERMAP 756 R-13C9 APOGEE 0 0 0 1 0 0 19.42303035691789 -267.2539287420808 143.1 -31.875217873567014 -266.0208729947762 282.50317 46.323536 -999.0 -999.0 -999.0 -999.0 -999.0 210.1226841454762 40.16750121034845 210.05874219422788 40.03959908596472 57.73097006538958 65.56796950165403 -999.0 16600.0 -999.0 2 207 {-999.0 -999.0 -999.0 -999.0 -999.0} "" -999.0 -999.0 -999.0 -999.0 -999 -999 "" ops_sky_apogee_best_unassigned ops_sky sky_apogee 0 0 0.0 0.0 -999 ""
FIBERMAP 756 R-13C9 BOSS 1 1 0 1 0 0 18.775082408986602 -266.89483627130306 143.1 -32.442756362019516 -265.54491033087135 282.50317 46.323536 210.11951883660808 40.1696377519362 -8.469955 -6.5374494 -0.035577934 210.11948689937745 40.16961891559866 210.05537858624186 40.041711479241144 57.73353088239881 65.56398034281223 5400.0 5400.0 2016.0 1 334 {-999.0 18.365768 18.079205 17.985394 17.968565} sdss_psfmag_from_lsdr8 18.332722 18.094498 17.662561 17.91 63050394850052049 908405924 "" ops_std_boss_lsdr10 ops_std standard_boss 0 0 0.0 0.0 -999 ""
FIBERMAP 756 R-13C9 METROLOGY 0 0 0 1 0 0 19.412902431932977 -266.50940839232476 143.1 -31.743250464618516 -265.2881706650049 282.50317 46.323536 -999.0 -999.0 -999.0 -999.0 -999.0 210.12357549685808 40.17075938005332 210.05950377671957 40.04285727738602 57.73036506867617 65.5618743728055 -999.0 6231.0 -999.0 -1 -999 {-999.0 -999.0 -999.0 -999.0 -999.0} "" -999.0 -999.0 -999.0 -999.0 -999 -999 "" "" "" "" 0 0 0.0 0.0 -999 ""
FIBERMAP 758 R+4C17 APOGEE 0 0 0 1 0 0 128.08326056529523 74.3723784646778 143.1 139.89370142220727 48.58586611260606 13.459889 89.9534 -999.0 -999.0 -999.0 -999.0 -999.0 211.16506784946841 41.58729023941952 211.09563306264386 41.46053284185206 56.91712259074817 62.96549795439381 -999.0 16600.0 -999.0 2 83 {-999.0 -999.0 -999.0 -999.0 -999.0} "" -999.0 -999.0 -999.0 -999.0 -999 -999 "" ops_sky_apogee_best_unassigned ops_sky sky_apogee 0 0 0.0 0.0 -999 ""
FIBERMAP 758 R+4C17 BOSS 1 1 0 1 0 0 128.25604731294356 73.6512885542766 143.1 139.92585507808246 47.84515818338868 13.459889 89.9534 211.16546630859372 41.58394423252591 -999.0 -999.0 -999.0 211.1654663085937 41.58394423252591 211.09586115159595 41.45718348941344 56.91706249120094 62.97164096280938 5400.0 5400.0 2015.5 1 210 {-999.0 -999.0 -999.0 -999.0 -999.0} "" -999.0 -999.0 -999.0 -999.0 27021603104381419 807159924 "" ops_sky_boss_good ops_sky sky_boss 0 0 0.0 0.0 -999 ""
FIBERMAP 758 R+4C17 METROLOGY 0 0 0 1 0 0 127.5446983203076 73.84977973927509 143.1 139.2654751251829 48.17556972393134 13.459889 89.9534 -999.0 -999.0 -999.0 -999.0 -999.0 211.16142413019276 41.585479917383346 211.0918745066674 41.45871480232351 56.91999799239018 62.968656027691736 -999.0 6231.0 -999.0 -1 -999 {-999.0 -999.0 -999.0 -999.0 -999.0} "" -999.0 -999.0 -999.0 -999.0 -999 -999 "" "" "" "" 0 0 0.0 0.0 -999 ""
FIBERMAP 760 R+10C10 APOGEE 0 0 0 1 0 0 10.944306755607865 183.03579753947704 143.1 45.629501802134016 177.56980229675654 242.71167 97.50892 -999.0 -999.0 -999.0 -999.0 -999.0 210.59559224373186 42.176336179780115 210.52602010924534 42.0487378600049 57.31541567048134 61.848289671078874 -999.0 16600.0 -999.0 2 -999 {-999.0 -999.0 -999.0 -999.0 -999.0} "" -999.0 -999.0 -999.0 -999.0 -999 -999 "" "" "" "" 0 0 0.0 0.0 -999 ""
FIBERMAP 760 R+10C10 BOSS 1 1 0 1 0 0 10.225281655044867 183.29149490679785 143.1 44.972491197836504 177.9578267348419 242.71167 97.50892 210.59177016368278 42.17816602155667 -999.0 -999.0 -999.0 210.59177016368275 42.17816602155667 210.52202606563594 42.05055507170496 57.31827480667755 61.844621406481245 5400.0 5400.0 2016.0 1 122 {-999.0 19.91742 19.207804 18.768948 -999.0} sdss_psfmag 19.195961 21.701365 17.978104 16.186 63050394850077684 1117969010 bright_1x1 openfibertargets_bhm_lofarradio_boss open_fiber science 0 0 0.0 0.0 -999 ""
FIBERMAP 760 R+10C10 METROLOGY 0 0 0 1 0 0 10.80653546929051 183.76906492125414 143.1 45.63403807683182 178.3157887507041 242.71167 97.50892 -999.0 -999.0 -999.0 -999.0 -999.0 210.59577677858292 42.17974955217959 210.52606982959207 42.052145670324386 57.31518752119504 61.84199288033875 -999.0 6231.0 -999.0 -1 -999 {-999.0 -999.0 -999.0 -999.0 -999.0} "" -999.0 -999.0 -999.0 -999.0 -999 -999 "" "" "" "" 0 0 0.0 0.0 -999 ""
FIBERMAP 761 R+4C9 APOGEE 0 0 0 1 0 0 -75.32743323405032 80.2780824635885 143.1 -58.635126997896336 93.15333882777186 108.29669 158.02756 -999.0 -999.0 -999.0 -999.0 -999.0 209.95710622039704 41.79445678187147 209.88985767188808 41.66609270744128 57.80953525063018 62.51209045993005 -999.0 16600.0 -999.0 2 118 {-999.0 -999.0 -999.0 -999.0 -999.0} "" -999.0 -999.0 -999.0 -999.0 -999 -999 "" ops_sky_apogee_best_unassigned ops_sky sky_apogee 0 0 0.0 0.0 -999 ""
FIBERMAP 761 R+4C9 BOSS 1 1 0 1 0 0 -75.28743048077152 81.02466041173936 143.1 -58.45356244652861 93.87850566879335 108.29669 158.02756 209.95834350585935 41.797804666303506 -999.0 -999.0 -999.0 209.95834350585932 41.797804666303506 209.89091258887913 41.66943474230823 57.808568674416456 62.50590579137442 5400.0 5400.0 2015.5 1 64 {-999.0 -999.0 -999.0 -999.0 -999.0} "" -999.0 -999.0 -999.0 -999.0 27021603104389227 817514638 "" ops_sky_boss_good ops_sky sky_boss 0 0 0.0 0.0 -999 ""
FIBERMAP 761 R+4C9 METROLOGY 0 0 0 1 0 0 -74.64230628501569 80.65201967549605 143.1 -57.89137791546244 93.38978314152519 108.29669 158.02756 -999.0 -999.0 -999.0 -999.0 -999.0 209.96173551549757 41.795582862217564 209.89435088232597 41.66721958568973 57.806123031657656 62.51031671858175 -999.0 6231.0 -999.0 -1 -999 {-999.0 -999.0 -999.0 -999.0 -999.0} "" -999.0 -999.0 -999.0 -999.0 -999 -999 "" "" "" "" 0 0 0.0 0.0 -999 ""
FIBERMAP 762 R+2C22 APOGEE 0 0 0 1 0 0 210.00702411624783 22.264489994567107 143.1 210.37269209522532 -18.174759081152214 337.03598 71.97832 -999.0 -999.0 -999.0 -999.0 -999.0 211.58391580899215 41.27953233980177 211.51429998761228 41.15338291361146 56.6108746529932 63.54090947984372 -999.0 16600.0 -999.0 2 -999 {-999.0 -999.0 -999.0 -999.0 -999.0} "" -999.0 -999.0 -999.0 -999.0 -999 -999 "" "" "" "" 0 0 0.0 0.0 -999 ""
FIBERMAP 762 R+2C22 BOSS 1 1 0 1 0 0 209.5374934080105 21.70673635840473 143.1 209.80552193187395 -18.632718868161884 337.03598 71.97832 211.58074025038755 41.2775538634383 -6.4036236 -21.313429 0.9765297 211.5807156992655 41.27749245311723 211.51093281251437 41.15133658681338 56.61345019361221 63.54453565854669 5400.0 5400.0 2016.0 1 224 {-999.0 14.99806 14.6115055 14.484434 -999.0} sdss_psfmag_from_g3xp 14.928384 14.626128 14.15318 13.292 63050394850061502 943345542 bright_1x1 openfibertargets_nov2020_46 open_fiber science 0 0 0.0 0.0 -999 ""
FIBERMAP 762 R+2C22 METROLOGY 0 0 0 1 0 0 209.27452255464 22.406276604491485 143.1 209.68074208026624 -17.895973242093685 337.03598 71.97832 -999.0 -999.0 -999.0 -999.0 -999.0 211.57998315796772 41.28084307535396 211.51024466155116 41.15468622423099 56.61390149240448 63.53843096664821 -999.0 6231.0 -999.0 -1 -999 {-999.0 -999.0 -999.0 -999.0 -999.0} "" -999.0 -999.0 -999.0 -999.0 -999 -999 "" "" "" "" 0 0 0.0 0.0 -999 ""
FIBERMAP 765 R+2C19 APOGEE 0 0 0 1 0 0 125.51819284228051 38.081098137450304 143.1 130.45874951149614 13.453658069748352 141.54228 152.01103 -999.0 -999.0 -999.0 -999.0 -999.0 211.10574942916648 41.42807262379571 211.0368218400156 41.30126112782477 56.966220272707034 63.25479740449589 -999.0 16600.0 -999.0 2 72 {-999.0 -999.0 -999.0 -999.0 -999.0} "" -999.0 -999.0 -999.0 -999.0 -999 -999 "" ops_sky_apogee_best_unassigned ops_sky sky_apogee 0 0 0.0 0.0 -999 ""
FIBERMAP 765 R+2C19 BOSS 1 1 0 1 0 0 125.2164125665783 38.76333445324244 143.1 130.29257870636863 14.180816521116501 141.54228 152.01103 211.10504150390622 41.4313974863957 -999.0 -999.0 -999.0 211.10504150390622 41.4313974863957 211.03593089171395 41.30458059788694 56.96679097816972 63.24867439069284 5400.0 5400.0 2015.5 1 221 {-999.0 -999.0 -999.0 -999.0 -999.0} "" -999.0 -999.0 -999.0 -999.0 27021603104374607 807158919 "" ops_sky_boss_good ops_sky sky_boss 0 0 0.0 0.0 -999 ""
FIBERMAP 765 R+2C19 METROLOGY 0 0 0 1 0 0 125.96194222023655 38.68498992436094 143.1 131.00940852779513 13.961818028683567 141.54228 152.01103 -999.0 -999.0 -999.0 -999.0 -999.0 211.10929903674972 41.430362807682755 211.0402316420666 41.30355285047063 56.96359205373231 63.25073437991506 -999.0 6231.0 -999.0 -1 -999 {-999.0 -999.0 -999.0 -999.0 -999.0} "" -999.0 -999.0 -999.0 -999.0 -999 -999 "" "" "" "" 0 0 0.0 0.0 -999 ""
FIBERMAP 766 R+7C3 APOGEE 0 0 0 1 0 0 -156.68072622911126 147.74711831441905 143.1 -125.6262904782039 174.88271605652096 73.087234 86.61471 -999.0 -999.0 -999.0 -999.0 -999.0 209.54720760749504 42.16223970186166 209.48003092782164 42.03329873540705 58.09167246165471 61.78604709997478 -999.0 16600.0 -999.0 2 123 {-999.0 -999.0 -999.0 -999.0 -999.0} "" -999.0 -999.0 -999.0 -999.0 -999 -999 "" ops_sky_apogee_best_unassigned ops_sky sky_apogee 0 0 0.0 0.0 -999 ""
FIBERMAP 766 R+7C3 BOSS 1 1 0 1 0 0 -155.97073171597728 147.49833135620514 143.1 -124.97682655164247 174.50319568184324 73.087234 86.61471 209.55137331148802 42.16057174768118 -16.030123 12.44105 0.6463813 209.55131100250713 42.16060759402301 209.48395787817006 42.031663413187616 58.088875722338145 61.78951509439029 5400.0 5400.0 2016.0 1 26 {-999.0 14.651509 14.018345 13.787896 -999.0} sdss_psfmag_from_g3xp 14.492657 14.051544 13.445297 12.234 63050394850074972 943345530 bright_1x1 openfibertargets_nov2020_46 open_fiber science 0 0 0.0 0.0 -999 ""
FIBERMAP 766 R+7C3 METROLOGY 0 0 0 1 0 0 -156.54029629115124 147.01346189572098 143.1 -125.62829134823764 174.1358410009181 73.087234 86.61471 -999.0 -999.0 -999.0 -999.0 -999.0 209.54730186402398 42.15890819631728 209.48001025385156 42.02996156150746 58.09191857211504 61.79234368408879 -999.0 6231.0 -999.0 -1 -999 {-999.0 -999.0 -999.0 -999.0 -999.0} "" -999.0 -999.0 -999.0 -999.0 -999 -999 "" "" "" "" 0 0 0.0 0.0 -999 ""
FIBERMAP 776 R+1C5 APOGEE 0 0 0 1 0 0 -204.68495261741904 35.10298273414108 143.1 -194.2144481202304 73.46846793155267 192.95323 39.93015 -999.0 -999.0 -999.0 -999.0 -999.0 209.1345706508179 41.69945203666394 209.06937216265146 41.57006502851647 58.427432848612995 62.62667994678884 -999.0 16600.0 -999.0 2 110 {-999.0 -999.0 -999.0 -999.0 -999.0} "" -999.0 -999.0 -999.0 -999.0 -999 -999 "" ops_sky_apogee_best_unassigned ops_sky sky_apogee 0 0 0.0 0.0 -999 ""
FIBERMAP 776 R+1C5 BOSS 1 1 0 1 0 0 -204.20319721058098 35.681562077068094 143.1 -193.63130954553702 73.94453878187751 192.95323 39.93015 209.13816968616334 41.70167213860018 -999.0 -999.0 -999.0 209.13816968616334 41.70167213860018 209.07279069889344 41.572281544810565 58.42474378483588 62.6227552712562 5400.0 5400.0 2016.0 1 63 {-999.0 22.592106 20.916828 20.002014 -999.0} sdss_psfmag -999.0 -999.0 -999.0 -999.0 63050399374973276 1118085435 bright_1x1 openfibertargets_bhm_lofarradio_boss open_fiber science 0 0 0.0 0.0 -999 ""
FIBERMAP 776 R+1C5 METROLOGY 0 0 0 1 0 0 -203.9451503359608 34.97505663607671 143.1 -193.51269033734977 73.20189510979411 192.95323 39.93015 -999.0 -999.0 -999.0 -999.0 -999.0 209.13888855602661 41.69830934239235 209.07356297702745 41.56892235493597 58.42437366371121 62.62922628731599 -999.0 6231.0 -999.0 -1 -999 {-999.0 -999.0 -999.0 -999.0 -999.0} "" -999.0 -999.0 -999.0 -999.0 -999 -999 "" "" "" "" 0 0 0.0 0.0 -999 ""
FIBERMAP 779 R+1C20 APOGEE 0 0 0 1 0 0 153.88281527562438 4.0163596677304145 143.1 151.8067218745803 -25.388436226657184 327.87097 82.591446 -999.0 -999.0 -999.0 -999.0 -999.0 211.23178774796565 41.25035627040174 211.16300490800347 41.12373981766609 56.87602052542346 63.58453393715752 -999.0 16600.0 -999.0 2 85 {-999.0 -999.0 -999.0 -999.0 -999.0} "" -999.0 -999.0 -999.0 -999.0 -999 -999 "" ops_sky_apogee_best_unassigned ops_sky sky_apogee 0 0 0.0 0.0 -999 ""
FIBERMAP 779 R+1C20 BOSS 1 1 0 1 0 0 153.4258246854878 3.437808149417502 143.1 151.24789610873688 -25.869200031095303 327.87097 82.591446 211.22863769531247 41.24819297646317 -999.0 -999.0 -999.0 211.22863769531244 41.24819297646317 211.15968994228646 41.121569562586636 56.87856754016667 63.588398132803924 5400.0 5400.0 2015.5 1 233 {-999.0 -999.0 -999.0 -999.0 -999.0} "" -999.0 -999.0 -999.0 -999.0 27021603104373637 807158817 "" ops_sky_boss_good ops_sky sky_boss 0 0 0.0 0.0 -999 ""
FIBERMAP 779 R+1C20 METROLOGY 0 0 0 1 0 0 153.14347295119416 4.130893387630813 143.1 151.10286291867462 -25.135096146622324 327.87097 82.591446 -999.0 -999.0 -999.0 -999.0 -999.0 211.22775864721032 41.25153827560157 211.15885504388075 41.1249140421789 56.879118304762414 63.582252142445554 -999.0 6231.0 -999.0 -1 -999 {-999.0 -999.0 -999.0 -999.0 -999.0} "" -999.0 -999.0 -999.0 -999.0 -999 -999 "" "" "" "" 0 0 0.0 0.0 -999 ""
FIBERMAP 781 R+8C12 APOGEE 0 0 0 1 0 0 59.439650241367445 155.86290049495344 143.1 88.05006815094264 141.65529422508288 16.577753 103.6421 -999.0 -999.0 -999.0 -999.0 -999.0 210.85410827502557 42.01235864190301 210.78434864207986 41.88512432407329 57.132148140741954 62.16863656987232 -999.0 16600.0 -999.0 2 -999 {-999.0 -999.0 -999.0 -999.0 -999.0} "" -999.0 -999.0 -999.0 -999.0 -999 -999 "" "" "" "" 0 0 0.0 0.0 -999 ""
FIBERMAP 781 R+8C12 BOSS 1 1 0 1 0 0 59.817828349914684 155.21384668038073 143.1 88.29755071997883 140.94614381400592 16.577753 103.6421 210.8555748735564 42.00934043862075 61.84667 -52.438828 6.582047 210.8558146980868 42.00918934653532 210.78588085177424 41.88195292983301 57.13116199540266 62.17457494582379 5400.0 5400.0 2016.0 1 139 {-999.0 15.710666 14.361113 13.614794 -999.0} sdss_psfmag_from_g3xp 15.175767 14.216923 13.227114 11.34 63050394850077361 943345562 bright_1x1 openfibertargets_nov2020_46 open_fiber science 0 0 0.0 0.0 -999 ""
FIBERMAP 781 R+8C12 METROLOGY 0 0 0 1 0 0 59.07884927730524 155.20984257650855 143.1 87.57145456395556 141.08306577279063 16.577753 103.6421 -999.0 -999.0 -999.0 -999.0 -999.0 210.85132658230094 42.00983466478355 210.78145232423367 41.882592506854685 57.13442437609743 62.173104276928655 -999.0 6231.0 -999.0 -1 -999 {-999.0 -999.0 -999.0 -999.0 -999.0} "" -999.0 -999.0 -999.0 -999.0 -999 -999 "" "" "" "" 0 0 0.0 0.0 -999 ""
FIBERMAP 784 R0C21 APOGEE 0 0 0 1 0 0 145.09377276881753 -17.054986838109127 143.1 139.16370337982718 -44.39545191296338 290.41782 49.18361 -999.0 -999.0 -999.0 -999.0 -999.0 211.1542223905901 41.16459285913455 211.0858093346477 41.03788649395775 56.93613496553062 63.73932175322739 -999.0 16600.0 -999.0 2 73 {-999.0 -999.0 -999.0 -999.0 -999.0} "" -999.0 -999.0 -999.0 -999.0 -999 -999 "" ops_sky_apogee_best_unassigned ops_sky sky_apogee 0 0 0.0 0.0 -999 ""
FIBERMAP 784 R0C21 BOSS 1 1 0 1 0 0 144.39871965743217 -16.804123949952363 143.1 138.5293006244064 -44.01674182880485 290.41782 49.18361 211.15070103967562 41.1663213634112 -5.052906 2.29759 1.1263872 211.15068170002826 41.16632798344879 211.08209586380846 41.03961398143525 56.93889728843022 63.73604328985286 5400.0 5400.0 2016.0 1 243 {-999.0 20.056606 18.640558 17.720156 -999.0} sdss_psfmag 19.517452 18.36725 17.305534 15.415 63050394850054393 1094230343 bright_1x1 mwm_bin_vis_boss mwm_filler science 0 0 0.0 0.0 -999 ""
FIBERMAP 784 R0C21 METROLOGY 0 0 0 1 0 0 144.96181797852674 -16.31748418767161 143.1 139.1747559998886 -43.646417045028684 290.41782 49.18361 -999.0 -999.0 -999.0 -999.0 -999.0 211.15453095810213 41.16798413631761 211.08598298871345 41.04127556010388 56.935929599912626 63.73311660676859 -999.0 6231.0 -999.0 -1 -999 {-999.0 -999.0 -999.0 -999.0 -999.0} "" -999.0 -999.0 -999.0 -999.0 -999 -999 "" "" "" "" 0 0 0.0 0.0 -999 ""
FIBERMAP 786 R+11C5 APOGEE 0 0 0 1 0 0 -81.59998274000522 199.43852801470746 143.1 -42.07942847236665 211.3089182337287 265.21054 109.857994 -999.0 -999.0 -999.0 -999.0 -999.0 210.05815486123416 42.3290374620281 209.98943338298557 42.20072052579949 57.703272134005104 61.5202313435139 -999.0 16600.0 -999.0 2 22 {-999.0 -999.0 -999.0 -999.0 -999.0} "" -999.0 -999.0 -999.0 -999.0 -999 -999 "" ops_sky_apogee_best_unassigned ops_sky sky_apogee 0 0 0.0 0.0 -999 ""
FIBERMAP 786 R+11C5 BOSS 1 1 0 1 0 0 -82.31636746013616 199.24375043359794 143.1 -42.81970963169039 211.2542830043436 265.21054 109.857994 210.0538013447267 42.328857702112686 -6.125873 -8.977007 0.7895771 210.05377746992255 42.32883183668722 209.98489240976468 42.200500826613634 57.70664322369888 61.520218497624086 5400.0 5400.0 2016.0 1 144 {-999.0 14.288545 13.686732 13.462697 -999.0} sdss_psfmag_from_g3xp 14.141251 13.71487 13.120047 11.923 63050394850071977 1068323884 bright_single_1x1 manual_mwm_validation_cool_boss mwm_validation science 0 0 0.0 0.0 -999 ""
FIBERMAP 786 R+11C5 METROLOGY 0 0 0 1 0 0 -82.1362163608813 199.97060054286072 143.1 -42.50434493604787 211.93337351523257 265.21054 109.857994 -999.0 -999.0 -999.0 -999.0 -999.0 210.05566703703283 42.33187656147017 209.98681991022067 42.2035497740287 57.705013544148244 61.51470437900201 -999.0 6231.0 -999.0 -1 -999 {-999.0 -999.0 -999.0 -999.0 -999.0} "" -999.0 -999.0 -999.0 -999.0 -999 -999 "" "" "" "" 0 0 0.0 0.0 -999 ""
FIBERMAP 787 R+9C16 APOGEE 0 0 0 1 0 0 147.8072920424774 160.65783170863884 143.1 175.69982950071838 129.51848471695087 286.25818 109.6002 -999.0 -999.0 -999.0 -999.0 -999.0 211.38688742246018 41.95162861521217 211.3160886848284 41.82511041689145 56.73913373589003 62.3106506523572 -999.0 16600.0 -999.0 2 88 {-999.0 -999.0 -999.0 -999.0 -999.0} "" -999.0 -999.0 -999.0 -999.0 -999 -999 "" ops_sky_apogee_best_unassigned ops_sky sky_apogee 0 0 0.0 0.0 -999 ""
FIBERMAP 787 R+9C16 BOSS 1 1 0 1 0 0 147.2142402794632 160.20316919312847 143.1 175.0310687892223 129.1852559185719 286.25818 109.6002 211.38315803631866 41.95029560682681 -29.487131 -30.027458 2.2631195 211.38304379911472 41.95020908874532 211.31207711037968 41.82368112489602 56.74217806124445 62.31303599345009 5400.0 5400.0 2016.0 1 227 {-999.0 14.534183 13.963371 13.7698965 -999.0} sdss_psfmag_from_g3xp 14.403521 14.000187 13.430819 12.354 63050394850063119 943345506 bright_1x1 openfibertargets_nov2020_46 open_fiber science 0 0 0.0 0.0 -999 ""
FIBERMAP 787 R+9C16 METROLOGY 0 0 0 1 0 0 147.10858818104896 160.93634167306408 143.1 175.0671130447873 129.9250271881076 286.25818 109.6002 -999.0 -999.0 -999.0 -999.0 -999.0 211.3832435010801 41.95354295770255 211.3123195046187 41.82701572857433 56.74186362706427 62.30697363586245 -999.0 6231.0 -999.0 -1 -999 {-999.0 -999.0 -999.0 -999.0 -999.0} "" -999.0 -999.0 -999.0 -999.0 -999 -999 "" "" "" "" 0 0 0.0 0.0 -999 ""
FIBERMAP 789 R+2C9 APOGEE 0 0 0 1 0 0 -99.01328561563436 27.68677460792762 143.1 -91.90768860254714 46.047801380029895 239.00534 106.79571 -999.0 -999.0 -999.0 -999.0 -999.0 209.75527316930572 41.57957339248394 209.68896526105425 41.450985089919456 57.97084335201128 62.90151947298307 -999.0 16600.0 -999.0 2 109 {-999.0 -999.0 -999.0 -999.0 -999.0} "" -999.0 -999.0 -999.0 -999.0 -999 -999 "" ops_sky_apogee_best_unassigned ops_sky sky_apogee 0 0 0.0 0.0 -999 ""
FIBERMAP 789 R+2C9 BOSS 1 1 0 1 0 0 -99.74818563437748 27.844898215444424 143.1 -92.59887889264975 46.34307968962832 239.00534 106.79571 209.75118379380413 41.58093363763551 -1.4813598 -2.1797984 0.9459518 209.75117808774945 41.58092735698891 209.68470578196704 41.45232742738888 57.97396426161233 62.89868849383205 5400.0 5400.0 2016.0 1 53 {-999.0 14.777892 14.409974 14.300691 -999.0} sdss_psfmag_from_g3xp 14.716771 14.425239 13.97056 13.191 63050394850070969 978951861 "" ops_std_boss ops_std standard_boss 0 0 0.0 0.0 -999 ""
FIBERMAP 789 R+2C9 METROLOGY 0 0 0 1 0 0 -99.24665751535224 28.39850501933958 143.1 -92.00109258959311 46.79087039660297 239.00534 106.79571 -999.0 -999.0 -999.0 -999.0 -999.0 209.75476192728487 41.5829743713846 209.6883254022406 41.45438028381838 57.9711513871383 62.89508024861135 -999.0 6231.0 -999.0 -1 -999 {-999.0 -999.0 -999.0 -999.0 -999.0} "" -999.0 -999.0 -999.0 -999.0 -999 -999 "" "" "" "" 0 0 0.0 0.0 -999 ""
FIBERMAP 790 R+6C16 APOGEE 0 0 0 1 0 0 104.94781091185894 120.785024842297 143.1 126.03189558913738 98.55115023032897 90.553535 160.51369 -999.0 -999.0 -999.0 -999.0 -999.0 211.08375846548688 41.81499119193985 211.01396012856526 41.688090629770706 56.969837859563484 62.54449058718512 -999.0 16600.0 -999.0 2 -999 {-999.0 -999.0 -999.0 -999.0 -999.0} "" -999.0 -999.0 -999.0 -999.0 -999 -999 "" "" "" "" 0 0 0.0 0.0 -999 ""
FIBERMAP 790 R+6C16 BOSS 1 1 0 1 0 0 105.19067144156654 121.5155993108086 143.1 126.40952158874018 99.22194367831975 90.553535 160.51369 211.08632614121916 41.81805119438791 -999.0 -999.0 -999.0 211.08632614121916 41.81805119438791 211.01633710606492 41.69114821398565 56.96794122047041 62.53901689179548 5400.0 5400.0 2016.0 1 215 {-999.0 21.879923 20.97213 20.723923 -999.0} sdss_psfmag_ps1 -999.0 -999.0 -999.0 -999.0 63050398663946676 1117908565 bright_1x1 openfibertargets_bhm_lofarradio_boss open_fiber science 0 0 0.0 0.0 -999 ""
FIBERMAP 790 R+6C16 METROLOGY 0 0 0 1 0 0 105.67851047242691 120.9358231602504 143.1 126.77784463971945 98.5598898640238 90.553535 160.51369 -999.0 -999.0 -999.0 -999.0 -999.0 211.0884706975032 41.815018227538395 211.0185345334985 41.68812008432636 56.966423378254525 62.54468843100409 -999.0 6231.0 -999.0 -1 -999 {-999.0 -999.0 -999.0 -999.0 -999.0} "" -999.0 -999.0 -999.0 -999.0 -999 -999 "" "" "" "" 0 0 0.0 0.0 -999 ""
FIBERMAP 791 R+7C20 APOGEE 0 0 0 1 0 0 229.95104913991406 124.79664452803456 143.1 249.49143214889395 78.66261488131818 23.705917 48.3174 -999.0 -999.0 -999.0 -999.0 -999.0 211.82735810727522 41.71470126252144 211.7561628178148 41.588813087793795 56.41888838046467 62.759871305295405 -999.0 16600.0 -999.0 2 76 {-999.0 -999.0 -999.0 -999.0 -999.0} "" -999.0 -999.0 -999.0 -999.0 -999 -999 "" ops_sky_apogee_best_unassigned ops_sky sky_apogee 0 0 0.0 0.0 -999 ""
FIBERMAP 791 R+7C20 BOSS 1 1 0 1 0 0 229.7904819731069 124.07098832982756 143.1 249.19551730929263 77.98096346515152 23.705917 48.3174 211.82572721410912 41.71167956019446 -0.7021095 -6.922624 0.39094284 211.82572450415805 41.71165961405842 211.754358938897 41.58576593717693 56.420323695694826 62.76530885295633 5400.0 5400.0 2016.0 1 250 {-999.0 16.870182 16.434177 16.26173 -999.0} sdss_psfmag 16.794136 16.460665 15.970212 15.014 63050394850062415 943563216 bright_1x1 openfibertargets_nov2020_46 open_fiber science 0 0 0.0 0.0 -999 ""
FIBERMAP 791 R+7C20 METROLOGY 0 0 0 1 0 0 229.23749362672532 124.56845246043285 143.1 248.74755902818814 78.57464294581993 23.705917 48.3174 -999.0 -999.0 -999.0 -999.0 -999.0 211.82304490703146 41.714387105663306 211.75173000433438 41.588490361489264 56.42221166248403 62.76028375576351 -999.0 6231.0 -999.0 -1 -999 {-999.0 -999.0 -999.0 -999.0 -999.0} "" -999.0 -999.0 -999.0 -999.0 -999 -999 "" "" "" "" 0 0 0.0 0.0 -999 ""
FIBERMAP 792 R-7C14 APOGEE 0 0 0 1 0 0 79.91444221043847 -144.34134324820218 143.1 50.92673896257279 -156.90789726105817 231.05933 156.89186 -999.0 -999.0 -999.0 -999.0 -999.0 210.61752635336134 40.65676394344829 210.55143969859103 40.529428593293225 57.349944887449524 64.66277134264442 -999.0 16600.0 -999.0 2 184 {-999.0 -999.0 -999.0 -999.0 -999.0} "" -999.0 -999.0 -999.0 -999.0 -999 -999 "" ops_sky_apogee_best_unassigned ops_sky sky_apogee 0 0 0.0 0.0 -999 ""
FIBERMAP 792 R-7C14 BOSS 1 1 0 1 0 0 79.27173761956949 -144.7098729356943 143.1 50.22565955380124 -157.14711976375662 231.05933 156.89186 210.61342393459802 40.655886693442284 23.820147 -85.44041 4.179766 210.61351440308005 40.65564051422012 210.54726614825893 40.52829916003365 57.35313312092386 64.66477954382314 5400.0 5400.0 2016.0 1 326 {-999.0 17.79188 18.072395 18.311766 -999.0} sdss_psfmag 17.849072 17.909233 18.053915 -999.0 63050394850054563 936439117 bright_1x1 openfibertargets_nov2020_34a open_fiber science 0 0 0.0 0.0 -999 ""
FIBERMAP 792 R-7C14 METROLOGY 0 0 0 1 0 0 79.27931532878604 -143.95481131773272 143.1 50.3770148460838 -156.4074455814668 231.05933 156.89186 -999.0 -999.0 -999.0 -999.0 -999.0 210.61439691367622 40.658993352607496 210.54818852465087 40.53165220283691 57.35238343244401 64.65858358310459 -999.0 6231.0 -999.0 -1 -999 {-999.0 -999.0 -999.0 -999.0 -999.0} "" -999.0 -999.0 -999.0 -999.0 -999 -999 "" "" "" "" 0 0 0.0 0.0 -999 ""
FIBERMAP 793 R+7C1 APOGEE 0 0 0 1 0 0 -231.069121699779 133.5298388190696 143.1 -201.35088279074924 175.10667633827447 223.05655 74.59654 -999.0 -999.0 -999.0 -999.0 -999.0 209.08722745778223 42.15775899885978 209.02110213868195 42.02824313192542 58.43203391921968 61.74887527210399 -999.0 16600.0 -999.0 2 97 {-999.0 -999.0 -999.0 -999.0 -999.0} "" -999.0 -999.0 -999.0 -999.0 -999 -999 "" ops_sky_apogee_best_unassigned ops_sky sky_apogee 0 0 0.0 0.0 -999 ""
FIBERMAP 793 R+7C1 BOSS 1 1 0 1 0 0 -231.41708516395377 134.18346116038458 143.1 -201.5678378862276 175.81455189084025 223.05655 74.59654 209.08612316668777 42.1610164790743 -16.387432 -29.546204 0.78083974 209.0860594685219 42.16093134766917 209.01976099218058 42.03140428809983 58.43278970702312 61.74271087651827 5400.0 5400.0 2016.0 1 82 {-999.0 18.542576 17.782423 17.494404 -999.0} sdss_psfmag 18.311642 17.80613 17.142239 15.785 63050394850073448 936439639 bright_1x1 openfibertargets_nov2020_34a open_fiber science 0 0 0.0 0.0 -999 ""
FIBERMAP 793 R+7C1 METROLOGY 0 0 0 1 0 0 -230.6689235612138 134.166185270112 143.1 -200.83678481118972 175.6549926739796 223.05655 74.59654 -999.0 -999.0 -999.0 -999.0 -999.0 209.09043781465357 42.1602780137015 209.02417875800757 42.03075899077235 58.42956607536665 61.74441117156795 -999.0 6231.0 -999.0 -1 -999 {-999.0 -999.0 -999.0 -999.0 -999.0} "" -999.0 -999.0 -999.0 -999.0 -999 -999 "" "" "" "" 0 0 0.0 0.0 -999 ""
FIBERMAP 795 R+5C3 APOGEE 1 1 0 1 0 0 -195.46884436006488 79.5174738864346 143.1 -176.7029611396434 115.30616947896144 289.22192 77.20036 209.23848647169322 41.88998062915081 -20.19616 32.645824 3.1828403 209.2384083026911 41.89007469143995 209.17254795696482 41.76078870628241 58.33839197552632 62.27294802222101 16000.0 16600.0 2016.0 2 130 {-999.0 12.476317 11.980823 11.822466 -999.0} sdss_psfmag_from_g3xp 12.37209 12.012903 11.4875 10.514 63050394850073076 1076191200 bright_1x1 mwm_snc_ext_main_apogee mwm_snc science 0 0 0.0 0.0 -999 ""
FIBERMAP 795 R+5C3 BOSS 0 0 0 1 0 0 -196.19180024252148 79.41992381845697 143.1 -177.43116019640638 115.34821883052926 289.22192 77.20036 -999.0 -999.0 -999.0 -999.0 -999.0 209.23411549886328 41.89024859747669 209.1680964104769 41.76094822529546 58.34169491535319 62.27222972780402 -999.0 5400.0 -999.0 1 28 {-999.0 -999.0 -999.0 -999.0 -999.0} "" -999.0 -999.0 -999.0 -999.0 -999 -999 "" "" "" "" 0 0 0.0 0.0 -999 ""
FIBERMAP 795 R+5C3 METROLOGY 0 0 0 1 0 0 -195.9173314222079 80.11282413799226 143.1 -177.02969042128075 115.97600917065336 289.22192 77.20036 -999.0 -999.0 -999.0 -999.0 -999.0 209.23648362028914 41.89310850059314 209.17050047888586 41.76381298460479 58.339717459120045 62.26700776756144 -999.0 6231.0 -999.0 -1 -999 {-999.0 -999.0 -999.0 -999.0 -999.0} "" -999.0 -999.0 -999.0 -999.0 -999 -999 "" "" "" "" 0 0 0.0 0.0 -999 ""
FIBERMAP 796 R-1C17 APOGEE 0 0 0 1 0 0 86.60208091290554 -4.60655744661344 143.1 84.12484538165484 -21.02816629458911 90.71331 83.678764 -999.0 -999.0 -999.0 -999.0 -999.0 210.82350591538224 41.27308603598884 210.75555755478524 41.14592572860445 57.182213157359705 63.529100046326334 -999.0 16600.0 -999.0 2 -999 {-999.0 -999.0 -999.0 -999.0 -999.0} "" -999.0 -999.0 -999.0 -999.0 -999 -999 "" "" "" "" 0 0 0.0 0.0 -999 ""
FIBERMAP 796 R-1C17 BOSS 1 1 0 1 0 0 87.34177478814075 -4.661466051677429 143.1 84.84041416219162 -21.223049314191062 90.71331 83.678764 210.8281282161321 41.27217195750417 -18.249096 -1.5548797 0.5059475 210.8280582558623 41.27216747741291 210.7599271814168 41.14500963521242 57.17895032397636 63.53096406677586 5400.0 5400.0 2016.0 1 280 {-999.0 15.331748 15.080842 15.028213 -999.0} sdss_psfmag 15.3158865 15.096319 14.722117 13.961 63050394850055318 980549294 "" ops_std_boss_tic ops_std standard_boss 0 0 0.0 0.0 -999 ""
FIBERMAP 796 R-1C17 METROLOGY 0 0 0 1 0 0 86.92721207413912 -5.278086826839424 143.1 84.31597665208002 -21.749266290932937 90.71331 83.678764 -999.0 -999.0 -999.0 -999.0 -999.0 210.8247994704011 41.269790320880944 210.75673068409685 41.14262951676739 57.18142478310191 63.53522621599666 -999.0 6231.0 -999.0 -1 -999 {-999.0 -999.0 -999.0 -999.0 -999.0} "" -999.0 -999.0 -999.0 -999.0 -999 -999 "" "" "" "" 0 0 0.0 0.0 -999 ""
FIBERMAP 800 R+11C7 APOGEE 0 0 0 1 0 0 -29.475431700198982 233.51930142601776 143.1 15.578502164065789 234.82521962832874 135.44138 46.800003 -999.0 -999.0 -999.0 -999.0 -999.0 210.41221059084705 42.43446614355174 210.3424364514591 42.306589443922086 57.43554197917188 61.35556453072161 -999.0 16600.0 -999.0 2 16 {-999.0 -999.0 -999.0 -999.0 -999.0} "" -999.0 -999.0 -999.0 -999.0 -999 -999 "" ops_sky_apogee_best_unassigned ops_sky sky_apogee 0 0 0.0 0.0 -999 ""
FIBERMAP 800 R+11C7 BOSS 1 1 0 1 0 0 -28.729687205655534 233.54262966493133 143.1 16.314922061618546 234.70597544757538 135.44138 46.800003 210.41697483382623 42.43397259824434 -16.589926 -4.6463504 3.5168152 210.41691006837186 42.43395921071074 210.3469499485372 42.30608097544267 57.43224440041744 61.356912868643924 5400.0 5400.0 2016.0 1 112 {-999.0 14.578744 13.663921 13.3629055 -999.0} sdss_psfmag_from_g3xp 14.285887 13.719417 13.013893 11.629 63050394850078740 943345589 bright_1x1 openfibertargets_nov2020_46 open_fiber science 0 0 0.0 0.0 -999 ""
FIBERMAP 800 R+11C7 METROLOGY 0 0 0 1 0 0 -29.076227854807847 232.88462754779403 143.1 15.849363073727712 234.1261760286703 135.44138 46.800003 -999.0 -999.0 -999.0 -999.0 -999.0 210.4139934258427 42.43136311811628 210.34409653873172 42.30348310026911 57.43452004008763 61.36147250193977 -999.0 6231.0 -999.0 -1 -999 {-999.0 -999.0 -999.0 -999.0 -999.0} "" -999.0 -999.0 -999.0 -999.0 -999 -999 "" "" "" "" 0 0 0.0 0.0 -999 ""
FIBERMAP 804 R-6C16 APOGEE 0 0 0 1 0 0 108.40340582809405 -101.8050503837839 143.1 86.9971939885148 -120.58718780626762 117.03851 102.0898 -999.0 -999.0 -999.0 -999.0 -999.0 210.83553523327646 40.82047943958652 210.76860782815834 40.693404803120316 57.182573169915436 64.36426430973734 -999.0 16600.0 -999.0 2 -999 {-999.0 -999.0 -999.0 -999.0 -999.0} "" -999.0 -999.0 -999.0 -999.0 -999 -999 "" "" "" "" 0 0 0.0 0.0 -999 ""
FIBERMAP 804 R-6C16 BOSS 1 1 0 1 0 0 108.99676613244662 -101.32489578555099 143.1 87.67111642825725 -120.22899647542037 117.03851 102.0898 210.83993136959526 40.82207619288784 -29.939217 -12.051999 0.85045385 210.83981737620152 40.82204146744304 210.77270334916798 40.69497026497432 57.17944270601197 64.36147017029941 5400.0 5400.0 2016.0 1 305 {-999.0 18.78454 17.696907 17.296173 -999.0} sdss_psfmag 18.44841 17.740452 16.951797 15.313 63050394850053803 1072675443 bright_1x1 mwm_halo_local_high_boss_single mwm_halo science 0 0 0.0 0.0 -999 ""
FIBERMAP 804 R-6C16 METROLOGY 0 0 0 1 0 0 109.10481389782828 -102.05939011765082 143.1 87.63717165099348 -120.97052181048554 117.03851 102.0898 -999.0 -999.0 -999.0 -999.0 -999.0 210.83951260631355 40.818688591184646 210.77245630296466 40.69161792802206 57.17968476177362 64.36764873242038 -999.0 6231.0 -999.0 -1 -999 {-999.0 -999.0 -999.0 -999.0 -999.0} "" -999.0 -999.0 -999.0 -999.0 -999 -999 "" "" "" "" 0 0 0.0 0.0 -999 ""
FIBERMAP 805 R0C18 APOGEE 0 0 0 1 0 0 77.68343650580125 13.245643508210923 143.1 78.77358917485854 -1.8057007823834261 165.83014 77.434975 -999.0 -999.0 -999.0 -999.0 -999.0 210.7919871494241 41.36078029326447 210.72390306183217 41.23356502223385 57.20338052632481 63.366096094294335 -999.0 16600.0 -999.0 2 -999 {-999.0 -999.0 -999.0 -999.0 -999.0} "" -999.0 -999.0 -999.0 -999.0 -999 -999 "" "" "" "" 0 0 0.0 0.0 -999 ""
FIBERMAP 805 R0C18 BOSS 1 1 0 1 0 0 78.01206947176102 13.924357218339521 143.1 79.2255188714909 -1.202158964181345 165.83014 77.434975 210.7951461814528 41.36356500043005 -42.531296 -16.87158 0.5642658 210.79498290354832 41.363516388281646 210.72671085731596 41.23630060573008 57.201183751268196 63.361171373143236 5400.0 5400.0 2016.0 1 241 {-999.0 19.225107 18.31476 17.972904 -999.0} sdss_psfmag 18.878397 18.321886 17.642906 16.391 63050394850055535 1073558116 bright_1x1 mwm_halo_local_low_boss_single mwm_halo science 0 0 0.0 0.0 -999 ""
FIBERMAP 805 R0C18 METROLOGY 0 0 0 1 0 0 78.42726878937412 13.303742685714191 143.1 79.5147596411071 -1.8904516361979529 165.83014 77.434975 -999.0 -999.0 -999.0 -999.0 -999.0 210.79664536234816 41.360371765213365 210.72842669234183 41.23315970870212 57.19999307046866 63.36704179932383 -999.0 6231.0 -999.0 -1 -999 {-999.0 -999.0 -999.0 -999.0 -999.0} "" -999.0 -999.0 -999.0 -999.0 -999 -999 "" "" "" "" 0 0 0.0 0.0 -999 ""
FIBERMAP 806 R+4C22 APOGEE 0 0 0 1 0 0 234.85211011143727 60.870074851010095 143.1 242.11735059760974 14.98236393196074 354.51068 55.337475 -999.0 -999.0 -999.0 -999.0 -999.0 211.7770173596272 41.427320991806546 211.70662807324413 41.301409334685644 56.46319073286186 63.27794177631398 -999.0 16600.0 -999.0 2 -999 {-999.0 -999.0 -999.0 -999.0 -999.0} "" -999.0 -999.0 -999.0 -999.0 -999 -999 "" "" "" "" 0 0 0.0 0.0 -999 ""
FIBERMAP 806 R+4C22 BOSS 1 1 0 1 0 0 234.40199746423644 60.295886578291245 143.1 241.56610741605272 14.504571839524704 354.51068 55.337475 211.77391164702294 41.42521520305874 -4.209395 -2.185965 0.23314697 211.7738954717857 41.42520890464306 211.70333789399788 41.29929049388732 56.46570749214986 63.28168000397203 5400.0 5400.0 2016.0 1 236 {-999.0 17.884838 17.628311 17.538786 17.52597} sdss_psfmag_from_gaia 17.8539 17.6284 17.2161 16.489 63050394850061646 969525808 "" ops_std_boss_gdr2 ops_std standard_boss 0 0 0.0 0.0 -999 ""
FIBERMAP 806 R+4C22 METROLOGY 0 0 0 1 0 0 234.11570915720253 60.989973204268054 143.1 241.41740121485452 15.240408945169769 354.51068 55.337475 -999.0 -999.0 -999.0 -999.0 -999.0 211.77302865025092 41.428553047226 211.70251599131325 41.30263370312934 56.46625279150159 63.27560552625715 -999.0 6231.0 -999.0 -1 -999 {-999.0 -999.0 -999.0 -999.0 -999.0} "" -999.0 -999.0 -999.0 -999.0 -999 -999 "" "" "" "" 0 0 0.0 0.0 -999 ""
FIBERMAP 808 R-9C5 APOGEE 0 0 0 1 0 0 -115.25634967279144 -182.3818029197366 143.1 -147.8906469868269 -157.04562640316882 230.47118 92.82435 -999.0 -999.0 -999.0 -999.0 -999.0 209.42824231730964 40.656086434918876 209.36470866586012 40.52722598502408 58.251794292107206 64.63062109946657 -999.0 16600.0 -999.0 2 287 {-999.0 -999.0 -999.0 -999.0 -999.0} "" -999.0 -999.0 -999.0 -999.0 -999 -999 "" "" "" "" 0 0 0.0 0.0 -999 ""
FIBERMAP 808 R-9C5 BOSS 1 1 0 1 0 0 -115.86228160359653 -181.93006060973164 143.1 -148.39928593384107 -156.48673319475552 230.47118 92.82435 209.42529890789538 40.65857165493787 -999.0 -999.0 -999.0 209.42529890789538 40.65857165493787 209.36159995099416 40.5297035222376 58.25408571304183 64.62578661061195 5400.0 5400.0 2016.0 1 412 {-999.0 19.51069 18.39759 17.858862 -999.0} sdss_psfmag 18.788795 20.762817 17.17587 13.917 63050394850067264 1117968741 bright_1x1 openfibertargets_bhm_lofarradio_boss open_fiber science 0 0 0.0 0.0 -999 ""
FIBERMAP 808 R-9C5 METROLOGY 0 0 0 1 0 0 -115.1610694471787 -181.6375204442081 143.1 -147.65526325185115 -156.333248735194 230.47118 92.82435 -999.0 -999.0 -999.0 -999.0 -999.0 209.42967502964947 40.6592810495458 209.36601219407964 40.53041933546844 58.250713100380736 64.6246083424308 -999.0 6231.0 -999.0 -1 -999 {-999.0 -999.0 -999.0 -999.0 -999.0} "" -999.0 -999.0 -999.0 -999.0 -999 -999 "" "" "" "" 0 0 0.0 0.0 -999 ""
FIBERMAP 809 R+9C1 APOGEE 0 0 0 1 0 0 -207.88739321029675 165.48699327650843 143.1 -172.5060811748363 202.05518204362573 253.3627 60.15723 -999.0 -999.0 -999.0 -999.0 -999.0 209.26142183975418 42.28120395992152 209.19461954747464 42.15188612877589 58.29427809781656 61.532413855157984 -999.0 16600.0 -999.0 2 120 {-999.0 -999.0 -999.0 -999.0 -999.0} "" -999.0 -999.0 -999.0 -999.0 -999 -999 "" ops_sky_apogee_best_unassigned ops_sky sky_apogee 0 0 0.0 0.0 -999 ""
FIBERMAP 809 R+9C1 BOSS 1 1 0 1 0 0 -208.42315751108953 166.01181529817458 143.1 -172.93191895811384 202.6724312536012 253.3627 60.15723 209.25904799989175 42.28391764840736 -14.794277 10.978908 1.5098761 209.25899038218844 42.283949281886315 209.19201739685266 42.15461870581604 58.29599295694445 61.52694928033194 5400.0 5400.0 2016.0 1 78 {-999.0 16.050375 15.20383 14.88204 -999.0} sdss_psfmag 15.7967415 15.353948 14.532992 13.068 63050394850075162 1094312724 bright_1x1 mwm_bin_vis_boss mwm_filler science 0 0 0.0 0.0 -999 ""
FIBERMAP 809 R+9C1 METROLOGY 0 0 0 1 0 0 -207.69710280561432 166.21746733232774 143.1 -172.18007367039976 202.73589699184603 253.3627 60.15723 -999.0 -999.0 -999.0 -999.0 -999.0 209.26350888819832 42.28429170887996 209.19657315616496 42.15496910801566 58.29259873029963 61.52677528531257 -999.0 6231.0 -999.0 -1 -999 {-999.0 -999.0 -999.0 -999.0 -999.0} "" -999.0 -999.0 -999.0 -999.0 -999 -999 "" "" "" "" 0 0 0.0 0.0 -999 ""
FIBERMAP 816 R+4C16 APOGEE 0 0 0 1 0 0 81.50676294284503 69.30504561077232 143.1 93.21144110974276 52.48975880388119 213.30164 129.75536 -999.0 -999.0 -999.0 -999.0 -999.0 210.88203953928334 41.60737835904068 210.81317934604 41.48024343813988 57.12794202000778 62.91565657781064 -999.0 16600.0 -999.0 2 -999 {-999.0 -999.0 -999.0 -999.0 -999.0} "" -999.0 -999.0 -999.0 -999.0 -999 -999 "" "" "" "" 0 0 0.0 0.0 -999 ""
FIBERMAP 816 R+4C16 BOSS 1 1 0 1 0 0 80.80791238128559 69.50798453604818 143.1 92.56417654537522 52.822153705157554 213.30164 129.75536 210.87846163291442 41.608922678257976 -27.383324 8.200744 1.2711136 210.87835610920507 41.60894630698779 210.80932409894925 41.48180168006056 57.13077038049345 62.91258981784216 5400.0 5400.0 2016.0 1 211 {-999.0 16.956358 15.917768 15.507755 -999.0} sdss_psfmag 16.582726 15.926543 15.139272 13.597 63050394850055755 943563172 bright_1x1 openfibertargets_nov2020_46 open_fiber science 0 0 0.0 0.0 -999 ""
FIBERMAP 816 R+4C16 METROLOGY 0 0 0 1 0 0 81.33357378385556 70.03076421720344 143.1 93.17977471996655 53.235086655916774 213.30164 129.75536 -999.0 -999.0 -999.0 -999.0 -999.0 210.88205521247735 41.61079349701757 210.81306076196006 41.48365455051003 57.127904066052054 62.90937014314608 -999.0 6231.0 -999.0 -1 -999 {-999.0 -999.0 -999.0 -999.0 -999.0} "" -999.0 -999.0 -999.0 -999.0 -999 -999 "" "" "" "" 0 0 0.0 0.0 -999 ""
FIBERMAP 818 R+7C11 APOGEE 0 0 0 1 0 0 17.417506770721438 126.37218482839167 143.1 41.18287414892461 120.71873384331376 289.31656 131.65593 -999.0 -999.0 -999.0 -999.0 -999.0 210.56714747712553 41.91918190934903 210.49824882180724 41.791586211392236 57.349621740959435 62.32202259647528 -999.0 16600.0 -999.0 2 19 {-999.0 -999.0 -999.0 -999.0 -999.0} "" -999.0 -999.0 -999.0 -999.0 -999 -999 "" ops_sky_apogee_best_unassigned ops_sky sky_apogee 0 0 0.0 0.0 -999 ""
FIBERMAP 818 R+7C11 BOSS 1 1 0 1 0 0 17.075775712542846 125.69920242749232 143.1 40.719180640240666 120.12331404343553 289.31656 131.65593 210.5645413350876 41.916555783131436 -10.796095 -1.8942631 0.3542335 210.56449953159625 41.91655032518916 210.4954376310513 41.788945196992024 57.35184573367504 62.3267198739392 5400.0 5400.0 2016.0 1 135 {-999.0 16.909197 16.597572 16.503569 -999.0} sdss_psfmag 16.883738 16.621874 16.184813 15.471 63050394850070741 975919341 "" ops_std_boss ops_std standard_boss 0 0 0.0 0.0 -999 ""
FIBERMAP 818 R+7C11 METROLOGY 0 0 0 1 0 0 16.670738864552916 126.31180132281744 143.1 40.438386868477046 120.80180209228482 289.31656 131.65593 -999.0 -999.0 -999.0 -999.0 -999.0 210.56274420577466 41.91962450988369 210.49372870152672 41.79201835965615 57.352966294543386 62.32091336677786 -999.0 6231.0 -999.0 -1 -999 {-999.0 -999.0 -999.0 -999.0 -999.0} "" -999.0 -999.0 -999.0 -999.0 -999 -999 "" "" "" "" 0 0 0.0 0.0 -999 ""
FIBERMAP 819 R+10C16 APOGEE 0 0 0 1 0 0 167.22914187333816 193.65972777470304 143.1 201.05331460123574 158.2090863198546 337.66714 136.65533 -999.0 -999.0 -999.0 -999.0 -999.0 211.54188717479227 42.07863250183541 211.47043504637008 41.95230235683761 56.61913229361679 62.08784593892051 -999.0 16600.0 -999.0 2 -999 {-999.0 -999.0 -999.0 -999.0 -999.0} "" -999.0 -999.0 -999.0 -999.0 -999 -999 "" "" "" "" 0 0 0.0 0.0 -999 ""
FIBERMAP 819 R+10C16 BOSS 1 1 0 1 0 0 167.53627960255233 192.9725642675904 143.1 201.2238047874846 157.47607051322723 337.66714 136.65533 211.543116883648 42.07536090473931 -10.371126 -10.623542 2.3661761 211.54307662536112 42.07533029515318 211.4714488010892 41.94899723651297 56.61851620608759 62.09390470844846 5400.0 5400.0 2016.0 1 177 {-999.0 19.13315 17.769833 16.541435 -999.0} sdss_psfmag 18.53 17.458288 15.962128 13.779 63050394850063645 1095497222 bright_1x1 mwm_bin_vis_boss mwm_filler science 0 0 0.0 0.0 -999 ""
FIBERMAP 819 R+10C16 METROLOGY 0 0 0 1 0 0 166.80280844396253 193.04743553442182 143.1 200.5181487704135 157.68936148806213 337.66714 136.65533 -999.0 -999.0 -999.0 -999.0 -999.0 211.53876833903155 42.07635983581987 211.4671991668979 41.95002184744334 56.62163156140708 62.09180557091554 -999.0 6231.0 -999.0 -1 -999 {-999.0 -999.0 -999.0 -999.0 -999.0} "" -999.0 -999.0 -999.0 -999.0 -999 -999 "" "" "" "" 0 0 0.0 0.0 -999 ""
FIBERMAP 820 R+4C5 APOGEE 0 0 0 1 0 0 -144.12977256678596 92.14393847824516 143.1 -123.90527492250295 117.91405620236183 96.18754 60.51434 -999.0 -999.0 -999.0 -999.0 -999.0 209.55885744549724 41.90485789895034 209.49224524545525 41.775971084028846 58.09946504985865 62.273026936736926 -999.0 16600.0 -999.0 2 127 {-999.0 -999.0 -999.0 -999.0 -999.0} "" -999.0 -999.0 -999.0 -999.0 -999 -999 "" ops_sky_apogee_best_unassigned ops_sky sky_apogee 0 0 0.0 0.0 -999 ""
FIBERMAP 820 R+4C5 BOSS 1 1 0 1 0 0 -143.4417788798316 91.87389681307316 143.1 -123.28145677623539 117.51786705194652 96.18754 60.51434 209.56270256901894 41.903231812387524 20.06655 -33.216934 2.8452399 209.56278025225262 41.90313610450884 209.49599260170987 41.774247309130594 58.096782286932324 62.276609431700486 5400.0 5400.0 2016.0 1 41 {-999.0 17.205395 15.860711 15.215809 -999.0} sdss_psfmag 16.652193 15.771397 14.841821 13.024 63050394850074717 1118496552 bright_1x1 openfibertargets_mwm_snc_further_ext_boss open_fiber science 0 0 0.0 0.0 -999 ""
FIBERMAP 820 R+4C5 METROLOGY 0 0 0 1 0 0 -144.01922891894571 91.40375320769077 143.1 -123.93785462044556 117.16646929432854 96.18754 60.51434 -999.0 -999.0 -999.0 -999.0 -999.0 209.5587553218976 41.901505802239406 209.49202908925247 41.772613744635514 58.0998334847728 62.279349189332265 -999.0 6231.0 -999.0 -1 -999 {-999.0 -999.0 -999.0 -999.0 -999.0} "" -999.0 -999.0 -999.0 -999.0 -999 -999 "" "" "" "" 0 0 0.0 0.0 -999 ""
FIBERMAP 824 R-6C7 APOGEE 0 0 0 1 0 0 -98.97646876528857 -115.4103454912147 143.1 -119.14638766274497 -94.41388034303638 131.90752 150.55424 -999.0 -999.0 -999.0 -999.0 -999.0 209.5959732416047 40.94008051872614 209.53145148573878 40.81138821684057 58.11646396385565 64.09940430584447 -999.0 16600.0 -999.0 2 280 {-999.0 -999.0 -999.0 -999.0 -999.0} "" -999.0 -999.0 -999.0 -999.0 -999 -999 "" ops_sky_apogee_best_unassigned ops_sky sky_apogee 0 0 0.0 0.0 -999 ""
FIBERMAP 824 R-6C7 BOSS 1 1 0 1 0 0 -99.16096997888312 -114.6773481182146 143.1 -119.18776985718813 -93.6592520162694 131.90752 150.55424 209.59579467773438 40.943473065735844 -999.0 -999.0 -999.0 209.59579467773435 40.943473065735844 209.53109799830676 40.814775639524186 58.116614707620684 64.09297744430559 5400.0 5400.0 2015.5 1 438 {-999.0 -999.0 -999.0 -999.0 -999.0} "" -999.0 -999.0 -999.0 -999.0 27021603104386200 807160595 "" ops_sky_boss_good ops_sky sky_boss 0 0 0.0 0.0 -999 ""
FIBERMAP 824 R-6C7 METROLOGY 0 0 0 1 0 0 -98.4472800853101 -114.88323740017908 143.1 -118.52650233524878 -93.99737122356512 131.90752 150.55424 -999.0 -999.0 -999.0 -999.0 -999.0 209.59974476401192 40.94195671009566 209.53509042027179 40.81326575922408 58.113646893923885 64.09603117693428 -999.0 6231.0 -999.0 -1 -999 {-999.0 -999.0 -999.0 -999.0 -999.0} "" -999.0 -999.0 -999.0 -999.0 -999 -999 "" "" "" "" 0 0 0.0 0.0 -999 ""
FIBERMAP 825 R+3C17 APOGEE 0 0 0 1 0 0 88.01051764439119 41.53308060107189 143.1 94.30165795614259 23.990996127046863 291.2165 42.45407 -999.0 -999.0 -999.0 -999.0 -999.0 210.8873310819504 41.47765713882104 210.81876467230472 41.35054923830041 57.128337133374444 63.15473241501576 -999.0 16600.0 -999.0 2 -999 {-999.0 -999.0 -999.0 -999.0 -999.0} "" -999.0 -999.0 -999.0 -999.0 -999 -999 "" "" "" "" 0 0 0.0 0.0 -999 ""
FIBERMAP 825 R+3C17 BOSS 1 1 0 1 0 0 87.33995513610772 41.83184149435318 143.1 93.70042309166489 24.41205172481043 291.2165 42.45407 210.8839416503906 41.479613227931374 -999.0 -999.0 -999.0 210.8839416503906 41.479613227931374 210.8152023526314 41.352496121588004 57.13094435083111 63.15098181548467 5400.0 5400.0 2015.5 1 219 {-999.0 -999.0 -999.0 -999.0 -999.0} "" -999.0 -999.0 -999.0 -999.0 27021603104374829 807158944 "" ops_sky_boss_good ops_sky sky_boss 0 0 0.0 0.0 -999 ""
FIBERMAP 825 R+3C17 METROLOGY 0 0 0 1 0 0 87.9361338769687 42.27546125522165 143.1 94.37014824815681 24.73384567248741 291.2165 42.45407 -999.0 -999.0 -999.0 -999.0 -999.0 210.88795896034134 41.48104797686981 210.81925727689327 41.35393719929306 57.127853788837925 63.14851674755516 -999.0 6231.0 -999.0 -1 -999 {-999.0 -999.0 -999.0 -999.0 -999.0} "" -999.0 -999.0 -999.0 -999.0 -999 -999 "" "" "" "" 0 0 0.0 0.0 -999 ""
FIBERMAP 827 R+5C13 APOGEE 0 0 0 1 0 0 34.522703699192384 108.06864192476166 143.1 54.48348117208321 99.49287399660192 68.48598 132.1765 -999.0 -999.0 -999.0 -999.0 -999.0 210.64784865668597 41.82245780647338 210.57899875983094 41.69498238520594 57.294041907377405 62.50605828242283 -999.0 16600.0 -999.0 2 3 {-999.0 -999.0 -999.0 -999.0 -999.0} "" -999.0 -999.0 -999.0 -999.0 -999 -999 "" ops_sky_apogee_best_unassigned ops_sky sky_apogee 0 0 0.0 0.0 -999 ""
FIBERMAP 827 R+5C13 BOSS 1 1 0 1 0 0 35.22033878505069 108.31862062223897 143.1 55.215880466361256 99.60526473820958 68.48598 132.1765 210.65255261762272 41.8229872431386 -5.27646 3.4769788 0.9398759 210.65253221655283 41.82299726134529 210.58349502593663 41.695522093372446 57.290663368542354 62.50534509149254 5400.0 5400.0 2016.0 1 148 {-999.0 16.812176 15.887072 15.525862 -999.0} sdss_psfmag 16.511019 15.931738 15.176353 13.657 63050394850070499 936439549 bright_1x1 openfibertargets_nov2020_34a open_fiber science 0 0 0.0 0.0 -999 ""
FIBERMAP 827 R+5C13 METROLOGY 0 0 0 1 0 0 35.100160271656016 107.58383449435321 143.1 54.957868258326464 98.90695376169467 68.48598 132.1765 -999.0 -999.0 -999.0 -999.0 -999.0 210.65088153227612 41.81982331563361 210.5819053807137 41.69234796908566 57.29199434356275 62.51111246052045 -999.0 6231.0 -999.0 -1 -999 {-999.0 -999.0 -999.0 -999.0 -999.0} "" -999.0 -999.0 -999.0 -999.0 -999 -999 "" "" "" "" 0 0 0.0 0.0 -999 ""
FIBERMAP 828 R-2C18 APOGEE 0 0 0 1 0 0 125.60507966838041 -25.638116576713056 143.1 118.39891579147559 -49.10546771585406 88.17622 65.10521 -999.0 -999.0 -999.0 -999.0 -999.0 211.02885266978274 41.14407882227551 210.96075914071662 41.017209362219894 57.03091122425455 63.77338540431481 -999.0 16600.0 -999.0 2 -999 {-999.0 -999.0 -999.0 -999.0 -999.0} "" -999.0 -999.0 -999.0 -999.0 -999 -999 "" "" "" "" 0 0 0.0 0.0 -999 ""
FIBERMAP 828 R-2C18 BOSS 1 1 0 1 0 0 126.27470563119486 -25.953037171848813 143.1 118.996151306437 -49.54220609866199 88.17622 65.10521 211.0327395493553 41.141948842822295 -19.379383 34.8321 4.4449625 211.03266540357663 41.14204920442313 210.96439218904223 41.015183121870486 57.02821689854951 63.77722257192771 5400.0 5400.0 2016.0 1 294 {-999.0 19.76916 18.29346 17.106176 -999.0} sdss_psfmag 19.13422 17.79512 16.649214 14.603 63050394850055251 936439135 bright_1x1 openfibertargets_nov2020_34a open_fiber science 0 0 0.0 0.0 -999 ""
FIBERMAP 828 R-2C18 METROLOGY 0 0 0 1 0 0 125.65406412155087 -26.382604658457414 143.1 118.30509352984362 -49.845544570298046 88.17622 65.10521 -999.0 -999.0 -999.0 -999.0 -999.0 211.02841882217658 41.1407018426122 210.9602083366143 41.01383016945402 57.0314037796131 63.77957603627243 -999.0 6231.0 -999.0 -1 -999 {-999.0 -999.0 -999.0 -999.0 -999.0} "" -999.0 -999.0 -999.0 -999.0 -999 -999 "" "" "" "" 0 0 0.0 0.0 -999 ""
FIBERMAP 830 R+9C18 APOGEE 0 0 0 1 0 0 196.16302468574688 190.21163687938406 143.1 228.79568062942687 149.30976425022297 95.71656 86.89471 -999.0 -999.0 -999.0 -999.0 -999.0 211.70862414660633 42.035562009555065 211.636906879457 41.90946319212381 56.49709647874864 62.17450104081439 -999.0 16600.0 -999.0 2 52 {-999.0 -999.0 -999.0 -999.0 -999.0} "" -999.0 -999.0 -999.0 -999.0 -999 -999 "" ops_sky_apogee_best_unassigned ops_sky sky_apogee 0 0 0.0 0.0 -999 ""
FIBERMAP 830 R+9C18 BOSS 1 1 0 1 0 0 196.89955020517186 190.252994128761 143.1 229.52648818656056 149.2099733236312 95.71656 86.89471 211.7131943291408 42.03503367626304 -0.06425546 -0.023764258 0.16052598 211.71319407987434 42.035033607791156 211.64128637977953 41.90893590475224 56.49385983276339 62.17568190220498 5400.0 5400.0 2016.0 1 169 {-999.0 18.852913 18.667547 18.50933 18.395027} sdss_psfmag_from_gaiadr2 18.802185 18.66839 18.17001 -999.0 63050394850063550 1057598213 bright_flexible_2x1 bhm_gua_bright bhm_filler science 0 0 0.0 0.0 -999 ""
FIBERMAP 830 R+9C18 METROLOGY 0 0 0 1 0 0 196.57102512099144 189.58422974532647 143.1 229.07656075771126 148.6161765434982 95.71656 86.89471 -999.0 -999.0 -999.0 -999.0 -999.0 211.7103986609811 42.03241220334032 211.63855509549285 41.90631256603947 56.49599146424202 62.18028978329812 -999.0 6231.0 -999.0 -1 -999 {-999.0 -999.0 -999.0 -999.0 -999.0} "" -999.0 -999.0 -999.0 -999.0 -999 -999 "" "" "" "" 0 0 0.0 0.0 -999 ""
FIBERMAP 831 R-6C18 APOGEE 0 0 0 1 0 0 141.27985252523067 -131.8173328787183 143.1 113.54608747501823 -156.3116297267948 292.44507 29.232906 -999.0 -999.0 -999.0 -999.0 -999.0 210.99198842103021 40.65810596311187 210.9250992174915 40.53126280348602 57.06593970764194 64.66584887566677 -999.0 16600.0 -999.0 2 -999 {-999.0 -999.0 -999.0 -999.0 -999.0} "" -999.0 -999.0 -999.0 -999.0 -999 -999 "" "" "" "" 0 0 0.0 0.0 -999 ""
FIBERMAP 831 R-6C18 BOSS 1 1 0 1 0 0 140.6759602300631 -131.3645619570345 143.1 113.03964655654183 -155.75211566325612 292.44507 29.232906 210.9893668446705 40.660685294435886 -37.559452 -28.353062 8.747616 210.98922418394375 40.66060360075686 210.9221598926485 40.53375705736739 57.068148044983396 64.66121913961062 5400.0 5400.0 2016.0 1 288 {-999.0 16.467802 15.010798 13.825756 -999.0} sdss_psfmag 15.902513 14.521212 13.357614 11.139 63050394850053497 1077860091 bright_flexible_2x1 mwm_snc_ext_main_boss mwm_snc science 0 0 0.0 0.0 -999 ""
FIBERMAP 831 R-6C18 METROLOGY 0 0 0 1 0 0 141.36048330069502 -131.07560472193862 143.1 113.76660541656416 -155.59896697014355 292.44507 29.232906 -999.0 -999.0 -999.0 -999.0 -999.0 210.9935175781919 40.661285770597566 210.92649307095166 40.534443170483044 57.064847884345696 64.66001940707372 -999.0 6231.0 -999.0 -1 -999 {-999.0 -999.0 -999.0 -999.0 -999.0} "" -999.0 -999.0 -999.0 -999.0 -999 -999 "" "" "" "" 0 0 0.0 0.0 -999 ""
FIBERMAP 835 R+3C22 APOGEE 1 1 0 1 0 0 207.60785200678902 38.87192704563085 143.1 211.18326193325197 -1.4167067870481294 304.9405 56.523857 211.59052726639223 41.355473834901595 -14.869778 1.3967646 2.231816 211.5904701882752 41.35547785938123 211.52065855179768 41.229325983425426 56.60450642285796 63.4031350518348 16000.0 16600.0 2016.0 2 31 {-999.0 11.697073 11.1478 10.970753 -999.0} sdss_psfmag_from_g3xp 11.572429 11.188021 10.636628 9.622 63050394850061755 1107998033 bright_1x1 mwm_tess_rgb_apogee mwm_tessrgb science 0 0 0.0 0.0 -999 ""
FIBERMAP 835 R+3C22 BOSS 0 0 0 1 0 0 206.85411845436323 38.83383953637207 143.1 210.4361873340487 -1.3104265856985247 304.9405 56.523857 -999.0 -999.0 -999.0 -999.0 -999.0 211.5862482548185 41.356017019847194 211.51626585284907 41.22985590781296 56.60779769661788 63.402041240567826 -999.0 5400.0 -999.0 1 192 {-999.0 -999.0 -999.0 -999.0 -999.0} "" -999.0 -999.0 -999.0 -999.0 -999 -999 "" "" "" "" 0 0 0.0 0.0 -999 ""
FIBERMAP 835 R+3C22 METROLOGY 0 0 0 1 0 0 207.19551674489247 39.49919901641813 143.1 210.89810126334797 -0.7224255137834519 304.9405 56.523857 -999.0 -999.0 -999.0 -999.0 -999.0 211.58900900819654 41.35864953298104 211.5190650162897 41.232492560884914 56.60563529378139 63.397335628716974 -999.0 6231.0 -999.0 -1 -999 {-999.0 -999.0 -999.0 -999.0 -999.0} "" -999.0 -999.0 -999.0 -999.0 -999 -999 "" "" "" "" 0 0 0.0 0.0 -999 ""
FIBERMAP 837 R+1C18 APOGEE 0 0 0 1 0 0 102.92423021002466 33.45892821924026 143.1 107.40100830021676 13.223334092760876 90.16634 107.47507 -999.0 -999.0 -999.0 -999.0 -999.0 210.96618192432192 41.42810818730971 210.89755934814912 41.301111954457575 57.07079743903316 63.249227856038715 -999.0 16600.0 -999.0 2 69 {-999.0 -999.0 -999.0 -999.0 -999.0} "" -999.0 -999.0 -999.0 -999.0 -999 -999 "" ops_sky_apogee_best_unassigned ops_sky sky_apogee 0 0 0.0 0.0 -999 ""
FIBERMAP 837 R+1C18 BOSS 1 1 0 1 0 0 103.62048542052523 33.67935872326805 143.1 108.12642120608118 13.306985292199407 90.16634 107.47507 210.9708918651115 41.428473087522704 -17.566805 -2.1239564 0.47372562 210.97082435861708 41.42846696775367 210.9020146966653 41.30147279356872 57.06744071520527 63.24875666936772 5400.0 5400.0 2016.0 1 231 {-999.0 15.139656 14.591519 14.376497 -999.0} sdss_psfmag_from_g3xp 15.011248 14.6113405 14.034805 12.902 63050394850055465 936439142 bright_1x1 openfibertargets_nov2020_34a open_fiber science 0 0 0.0 0.0 -999 ""
FIBERMAP 837 R+1C18 METROLOGY 0 0 0 1 0 0 103.47508429241952 32.95501063005658 143.1 107.84564167613739 12.623727122725267 90.16634 107.47507 -999.0 -999.0 -999.0 -999.0 -999.0 210.96902373746514 41.42536753523499 210.90027527383177 41.29837252759737 57.068843500052694 63.25438174823768 -999.0 6231.0 -999.0 -1 -999 {-999.0 -999.0 -999.0 -999.0 -999.0} "" -999.0 -999.0 -999.0 -999.0 -999 -999 "" "" "" "" 0 0 0.0 0.0 -999 ""
FIBERMAP 838 R-8C6 APOGEE 0 0 0 1 0 0 -72.00735242613844 -155.65978220363175 143.1 -100.34697791422568 -139.06047660956315 34.112274 76.787094 -999.0 -999.0 -999.0 -999.0 -999.0 209.7108837505282 40.7380101358232 209.64656104335063 40.609494297424476 58.03548080898139 64.4861154929689 -999.0 16600.0 -999.0 2 -999 {-999.0 -999.0 -999.0 -999.0 -999.0} "" -999.0 -999.0 -999.0 -999.0 -999 -999 "" "" "" "" 0 0 0.0 0.0 -999 ""
FIBERMAP 838 R-8C6 BOSS 1 1 0 1 0 0 -71.7298476717826 -156.3329563360811 143.1 -100.20290706914108 -139.7741132179866 34.112274 76.787094 209.71190549839116 40.73473989232428 -999.0 -999.0 -999.0 209.71190549839116 40.73473989232428 209.64741999315234 40.60622237922897 58.03491823759347 64.49232725742468 5400.0 5400.0 2016.0 1 411 {-999.0 20.167316 19.152662 18.586287 -999.0} sdss_psfmag 19.595894 21.257442 18.001936 15.477 63050394850067181 1117968739 bright_1x1 openfibertargets_bhm_lofarradio_boss open_fiber science 0 0 0.0 0.0 -999 ""
FIBERMAP 838 R-8C6 METROLOGY 0 0 0 1 0 0 -72.46548025860815 -156.24866323544413 143.1 -100.90888876505844 -139.55116241838365 34.112274 76.787094 -999.0 -999.0 -999.0 -999.0 -999.0 209.7076301404341 40.735748701716716 209.64319920332468 40.60722658444227 58.03809406390513 64.49026588204856 -999.0 6231.0 -999.0 -1 -999 {-999.0 -999.0 -999.0 -999.0 -999.0} "" -999.0 -999.0 -999.0 -999.0 -999 -999 "" "" "" "" 0 0 0.0 0.0 -999 ""
FIBERMAP 839 R+3C1 APOGEE 0 0 0 1 0 0 -268.78958753829187 50.76215349845918 143.1 -254.15062053600616 101.05705236479096 214.59705 116.73079 -999.0 -999.0 -999.0 -999.0 -999.0 208.77302854555143 41.81927242292658 208.70837222036675 41.689420075173445 58.688858897935745 62.3644512009908 -999.0 16600.0 -999.0 2 143 {-999.0 -999.0 -999.0 -999.0 -999.0} "" -999.0 -999.0 -999.0 -999.0 -999 -999 "" ops_sky_apogee_best_unassigned ops_sky sky_apogee 0 0 0.0 0.0 -999 ""
FIBERMAP 839 R+3C1 BOSS 1 1 0 1 0 0 -269.4411065243565 51.09604429436749 143.1 -254.72646765087606 101.50895938521738 214.59705 116.73079 208.76972619883398 41.82126218152968 -999.0 -999.0 -999.0 208.76972619883395 41.82126218152968 208.7049068986631 41.6913968147987 58.69130266212926 62.360309781084844 5400.0 5400.0 2015.5 1 3 {-999.0 -999.0 -999.0 -999.0 -999.0} "" -999.0 -999.0 -999.0 -999.0 27021603104391725 807161620 "" ops_sky_boss_good ops_sky sky_boss 0 0 0.0 0.0 -999 ""
FIBERMAP 839 R+3C1 METROLOGY 0 0 0 1 0 0 -268.8066755641125 51.5102229822418 143.1 -254.0248082235198 101.79456491042762 214.59705 116.73079 -999.0 -999.0 -999.0 -999.0 -999.0 208.77385670808317 41.82261647599675 208.7090721502194 41.69275843280545 58.68810502859172 62.358113092940584 -999.0 6231.0 -999.0 -1 -999 {-999.0 -999.0 -999.0 -999.0 -999.0} "" -999.0 -999.0 -999.0 -999.0 -999 -999 "" "" "" "" 0 0 0.0 0.0 -999 ""
FIBERMAP 840 R+10C12 APOGEE 0 0 0 1 0 0 51.69285341157493 182.2636569492414 143.1 85.47840602308925 169.04509770709433 261.36514 64.2214 -999.0 -999.0 -999.0 -999.0 -999.0 210.8392640320774 42.136287884634044 210.76924102689077 42.00901486774925 57.137157918667434 61.93958578455346 -999.0 16600.0 -999.0 2 -999 {-999.0 -999.0 -999.0 -999.0 -999.0} "" -999.0 -999.0 -999.0 -999.0 -999 -999 "" "" "" "" 0 0 0.0 0.0 -999 ""
FIBERMAP 840 R+10C12 BOSS 1 1 0 1 0 0 51.06380336053951 182.66463574716596 143.1 84.93740014736308 169.55857120961616 261.36514 64.2214 210.8361928650489 42.138692085734924 -2.9188547 -2.375469 0.061785616 210.83618152340856 42.138685241302774 210.76598233549348 42.01140095339151 57.13945193842454 61.93496245321859 5400.0 5400.0 2016.0 1 141 {-999.0 15.906323 16.14597 16.350748 -999.0} sdss_psfmag 16.036354 16.02504 16.017395 15.912 63050394850077433 1061101945 bright_1x1 manual_mwm_halo_distant_bhb_boss_single mwm_halo science 0 0 0.0 0.0 -999 ""
FIBERMAP 840 R+10C12 METROLOGY 0 0 0 1 0 0 51.73221630579795 183.0087157006632 143.1 85.65905296667782 169.7688953646158 261.36514 64.2214 -999.0 -999.0 -999.0 -999.0 -999.0 210.84054358776538 42.13958860037642 210.77038271818287 42.01231183962978 57.13613949445332 61.93359936728643 -999.0 6231.0 -999.0 -1 -999 {-999.0 -999.0 -999.0 -999.0 -999.0} "" -999.0 -999.0 -999.0 -999.0 -999 -999 "" "" "" "" 0 0 0.0 0.0 -999 ""
FIBERMAP 842 R-4C20 APOGEE 0 0 0 1 0 0 189.77340673619926 -76.41361410159743 143.1 171.7043034989503 -111.17405479290733 348.29065 135.32611 -999.0 -999.0 -999.0 -999.0 -999.0 211.34318612891232 40.86019585480391 211.2750784006945 40.73378847976741 56.79815256750359 64.29998884275028 -999.0 16600.0 -999.0 2 -999 {-999.0 -999.0 -999.0 -999.0 -999.0} "" -999.0 -999.0 -999.0 -999.0 -999 -999 "" "" "" "" 0 0 0.0 0.0 -999 ""
FIBERMAP 842 R-4C20 BOSS 1 1 0 1 0 0 190.18544382298697 -77.00552161423198 143.1 171.99591209535666 -111.83356782085984 348.29065 135.32611 211.3450037795452 40.857247702484045 21.278072 -25.696936 0.68733007 211.34508483863362 40.857173661952345 211.27680362021877 40.730767921348914 56.79688008972813 64.30553195129781 5400.0 5400.0 2016.0 1 286 {-999.0 16.932547 16.2525 16.071648 -999.0} sdss_psfmag 16.756464 16.337742 15.758818 14.667 63050394850053944 1072593589 bright_1x1 mwm_halo_local_high_boss_single mwm_halo science 0 0 0.0 0.0 -999 ""
FIBERMAP 842 R-4C20 METROLOGY 0 0 0 1 0 0 189.45198436272025 -77.0869265389836 143.1 171.26048074516862 -111.77366944456877 348.29065 135.32611 -999.0 -999.0 -999.0 -999.0 -999.0 211.34064581864186 40.85748103473706 211.27242349424876 40.731069581058165 56.80019559906381 64.3049114647904 -999.0 6231.0 -999.0 -1 -999 {-999.0 -999.0 -999.0 -999.0 -999.0} "" -999.0 -999.0 -999.0 -999.0 -999 -999 "" "" "" "" 0 0 0.0 0.0 -999 ""
FIBERMAP 846 R+1C13 APOGEE 0 0 0 1 0 0 -1.7740393911821517 8.93657342509708 143.1 -0.037935998751846355 9.109687553522942 320.8482 109.48233 -999.0 -999.0 -999.0 -999.0 -999.0 210.3139359504747 41.41211301750109 210.24677969306947 41.284266626889554 57.560048509561376 63.24871439161518 -999.0 16600.0 -999.0 2 131 {-999.0 -999.0 -999.0 -999.0 -999.0} "" -999.0 -999.0 -999.0 -999.0 -999 -999 "" ops_sky_apogee_best_unassigned ops_sky sky_apogee 0 0 0.0 0.0 -999 ""
FIBERMAP 846 R+1C13 BOSS 1 1 0 1 0 0 -1.9871100910362394 8.22519527873143 143.1 -0.3826633831523279 8.45205789426799 320.8482 109.48233 210.31201547885 41.40914114549087 -2.0667734 -4.095858 0.074803755 210.31200753892617 41.409129344107 210.24468975700194 41.28127591317096 57.56173362239984 63.25417235040974 5400.0 5400.0 2016.0 1 13 {-999.0 15.849752 15.4309435 15.254832 -999.0} sdss_psfmag 15.754494 15.426046 14.920797 13.939 63050394850069802 943563200 bright_1x1 openfibertargets_nov2020_46 open_fiber science 0 0 0.0 0.0 -999 ""
FIBERMAP 846 R+1C13 METROLOGY 0 0 0 1 0 0 -2.5024744127541805 8.763178311947255 143.1 -0.7859693597619901 9.078336771462043 320.8482 109.48233 -999.0 -999.0 -999.0 -999.0 -999.0 210.30951459429207 41.41198369544014 210.24224465334214 41.28412799658801 57.563459160217484 63.24872632009408 -999.0 6231.0 -999.0 -1 -999 {-999.0 -999.0 -999.0 -999.0 -999.0} "" -999.0 -999.0 -999.0 -999.0 -999 -999 "" "" "" "" 0 0 0.0 0.0 -999 ""
FIBERMAP 847 R+5C22 APOGEE 0 0 0 1 0 0 224.71959017829207 81.48073462710407 143.1 236.10040686784654 37.14371922319389 274.50232 71.61847 -999.0 -999.0 -999.0 -999.0 -999.0 211.7433821852058 41.528205922410756 211.67282290240985 41.40223304869342 56.48623733160687 63.09438071834603 -999.0 16600.0 -999.0 2 74 {-999.0 -999.0 -999.0 -999.0 -999.0} "" -999.0 -999.0 -999.0 -999.0 -999 -999 "" ops_sky_apogee_best_unassigned ops_sky sky_apogee 0 0 0.0 0.0 -999 ""
FIBERMAP 847 R+5C22 BOSS 1 1 0 1 0 0 223.9802904027711 81.64712809929912 143.1 235.4064743341702 37.44795329452268 274.50232 71.61847 211.7395488647016 41.52965479332198 -16.829098 -0.603798 1.0600097 211.73948409205002 41.52965305358253 211.66874943033355 41.40367159538707 56.489256402740764 63.09163977162135 5400.0 5400.0 2016.0 1 248 {-999.0 15.788315 15.271372 15.128785 -999.0} sdss_psfmag 15.673073 15.30074 14.760255 13.784 63050394850061921 943563206 bright_1x1 openfibertargets_nov2020_46 open_fiber science 0 0 0.0 0.0 -999 ""
FIBERMAP 847 R+5C22 METROLOGY 0 0 0 1 0 0 224.48215751463593 82.19241092597369 143.1 236.00300678957205 37.88750912297963 274.50232 71.61847 -999.0 -999.0 -999.0 -999.0 -999.0 211.7430333552028 41.531588069335555 211.6723374900048 41.40561180709526 56.486518132050044 63.0882468989339 -999.0 6231.0 -999.0 -1 -999 {-999.0 -999.0 -999.0 -999.0 -999.0} "" -999.0 -999.0 -999.0 -999.0 -999 -999 "" "" "" "" 0 0 0.0 0.0 -999 ""
FIBERMAP 849 R+6C12 APOGEE 0 0 0 1 0 0 28.758539910525833 108.55551391121338 143.1 48.91855900083722 101.06942608601153 282.9984 140.89227 -999.0 -999.0 -999.0 -999.0 -999.0 210.61392205738292 41.82977960473262 210.54513022578783 41.70225873221302 57.318967394606844 62.490441744123075 -999.0 16600.0 -999.0 2 -999 {-999.0 -999.0 -999.0 -999.0 -999.0} "" -999.0 -999.0 -999.0 -999.0 -999 -999 "" "" "" "" 0 0 0.0 0.0 -999 ""
FIBERMAP 849 R+6C12 BOSS 1 1 0 1 0 0 28.445056727095036 107.88305310798548 143.1 48.48269115526233 100.46913410333867 282.9984 140.89227 210.61145161448073 41.82711733567314 -999.0 -999.0 -999.0 210.6114516144807 41.827117335673144 210.54249624876113 41.69958756951081 57.32105586670837 62.49521441679155 5400.0 5400.0 2016.0 1 117 {-999.0 19.914232 18.917814 18.43197 -999.0} sdss_psfmag 19.542425 21.259912 17.880714 15.387 63050394850070506 1117968750 bright_1x1 openfibertargets_bhm_lofarradio_boss open_fiber science 0 0 0.0 0.0 -999 ""
FIBERMAP 849 R+6C12 METROLOGY 0 0 0 1 0 0 28.015639784805206 108.48651113071803 143.1 48.17622521232487 101.14329701191848 282.9984 140.89227 -999.0 -999.0 -999.0 -999.0 -999.0 210.6095425950287 41.83017795482441 210.54063394477612 41.70264693679898 57.32230269165065 62.48943458039065 -999.0 6231.0 -999.0 -1 -999 {-999.0 -999.0 -999.0 -999.0 -999.0} "" -999.0 -999.0 -999.0 -999.0 -999 -999 "" "" "" "" 0 0 0.0 0.0 -999 ""
FIBERMAP 852 R0C15 APOGEE 0 0 0 1 0 0 29.030287342138855 10.53769276199354 143.1 30.50273200753884 4.809822666526682 54.083878 120.38747 -999.0 -999.0 -999.0 -999.0 -999.0 210.4993631253701 41.39213296926134 210.43184636834826 41.26453025677871 57.4217939629205 63.29507581355722 -999.0 16600.0 -999.0 2 32 {-999.0 -999.0 -999.0 -999.0 -999.0} "" -999.0 -999.0 -999.0 -999.0 -999 -999 "" ops_sky_apogee_best_unassigned ops_sky sky_apogee 0 0 0.0 0.0 -999 ""
FIBERMAP 852 R0C15 BOSS 1 1 0 1 0 0 29.76671325153984 10.45906383798266 143.1 31.2105719892458 4.592280237705914 54.083878 120.38747 210.5039470518578 41.39107058245936 -24.240486 22.685831 1.7537637 210.5038539529575 41.391135947038606 210.4361558764678 41.263534959831965 57.418592401022934 63.29713892531392 5400.0 5400.0 2016.0 1 180 {-999.0 20.709059 19.219044 18.220133 -999.0} sdss_psfmag 20.217258 18.87594 17.802107 15.902 63050394850069758 1094861834 bright_1x1 mwm_bin_vis_boss mwm_filler science 0 0 0.0 0.0 -999 ""
FIBERMAP 852 R0C15 METROLOGY 0 0 0 1 0 0 29.340127255630474 9.855127426998475 143.1 30.67675090754392 4.080805075150748 54.083878 120.38747 -999.0 -999.0 -999.0 -999.0 -999.0 210.50054629387319 41.388813851573694 210.43291029369414 41.261209839244295 57.42111387990413 63.30129169859873 -999.0 6231.0 -999.0 -1 -999 {-999.0 -999.0 -999.0 -999.0 -999.0} "" -999.0 -999.0 -999.0 -999.0 -999 -999 "" "" "" "" 0 0 0.0 0.0 -999 ""
FIBERMAP 857 R+13C3 APOGEE 0 0 0 1 0 0 -115.45021621428455 262.06990474582443 143.1 -63.36680759852231 279.2357119702068 177.0097 80.06209 -999.0 -999.0 -999.0 -999.0 -999.0 209.92793170526448 42.63197684226715 209.8587912230314 42.50344666628042 57.77771043737134 60.94148672006634 -999.0 16600.0 -999.0 2 106 {-999.0 -999.0 -999.0 -999.0 -999.0} "" -999.0 -999.0 -999.0 -999.0 -999 -999 "" ops_sky_apogee_best_unassigned ops_sky sky_apogee 0 0 0.0 0.0 -999 ""
FIBERMAP 857 R+13C3 BOSS 1 1 0 1 0 0 -115.2841130711391 262.79696948470985 143.1 -63.065190537844515 279.9176907393009 177.0097 80.06209 209.93011546190556 42.63496580181808 -37.880497 14.042191 2.9287033 209.92996710330112 42.63500626144373 209.86064023284231 42.50646895151099 57.77611788237434 60.9360331442957 5400.0 5400.0 2016.0 1 87 {-999.0 19.673763 18.29387 17.096764 -999.0} sdss_psfmag 18.976875 17.75842 16.596947 14.435 63050394850075537 1094764334 bright_1x1 mwm_bin_vis_boss mwm_filler science 0 0 0.0 0.0 -999 ""
FIBERMAP 857 R+13C3 METROLOGY 0 0 0 1 0 0 -114.72968702169668 262.29747104941526 143.1 -62.6162088484855 279.32174048828256 177.0097 80.06209 -999.0 -999.0 -999.0 -999.0 -999.0 209.93266656020072 42.632374784224915 209.86338952218136 42.503843470134214 57.77429989674916 60.941235607711235 -999.0 6231.0 -999.0 -1 -999 {-999.0 -999.0 -999.0 -999.0 -999.0} "" -999.0 -999.0 -999.0 -999.0 -999 -999 "" "" "" "" 0 0 0.0 0.0 -999 ""
FIBERMAP 859 R-9C1 APOGEE 0 0 0 1 0 0 -201.53832335477074 -186.76212935959282 143.1 -233.41422932947353 -144.89940427841142 250.81815 91.257645 -999.0 -999.0 -999.0 -999.0 -999.0 208.92031206089618 40.70887446124321 208.8577601271959 40.57937258499279 58.63509599444023 64.50733944540269 -999.0 16600.0 -999.0 2 272 {-999.0 -999.0 -999.0 -999.0 -999.0} "" -999.0 -999.0 -999.0 -999.0 -999 -999 "" ops_sky_apogee_best_unassigned ops_sky sky_apogee 0 0 0.0 0.0 -999 ""
FIBERMAP 859 R-9C1 BOSS 1 1 0 1 0 0 -202.26037706386953 -186.5428146978206 143.1 -234.0811472926535 -144.54651343273716 250.81815 91.257645 208.9166317709749 40.71071666607431 -33.480583 -93.52042 2.8503978 208.9165045077282 40.710447205910654 208.85379318612223 40.58093654355739 58.63805055936868 64.50412791099028 5400.0 5400.0 2016.0 1 419 {-999.0 17.840618 16.500238 15.508203 -999.0} sdss_psfmag 17.324432 16.172398 15.083748 13.169 63050394850039381 1072593576 bright_1x1 mwm_halo_local_high_boss_single mwm_halo science 0 0 0.0 0.0 -999 ""
FIBERMAP 859 R-9C1 METROLOGY 0 0 0 1 0 0 -201.71520123144492 -186.03054197885928 143.1 -233.44839771053347 -144.14761294273688 250.81815 91.257645 -999.0 -999.0 -999.0 -999.0 -999.0 208.92013421112063 40.71226015964772 208.8574579692879 40.58275432991257 58.63520348061539 64.50083049347865 -999.0 6231.0 -999.0 -1 -999 {-999.0 -999.0 -999.0 -999.0 -999.0} "" -999.0 -999.0 -999.0 -999.0 -999 -999 "" "" "" "" 0 0 0.0 0.0 -999 ""
FIBERMAP 865 R-9C11 APOGEE 0 0 0 1 0 0 51.83443204482364 -184.04903717325712 143.1 15.796826919132542 -190.53018919468875 29.505207 49.225857 -999.0 -999.0 -999.0 -999.0 -999.0 210.4064321086972 40.505424222406454 210.34113745953846 40.377837113247786 57.512020397013245 64.94030032756046 -999.0 16600.0 -999.0 2 179 {-999.0 -999.0 -999.0 -999.0 -999.0} "" -999.0 -999.0 -999.0 -999.0 -999 -999 "" ops_sky_apogee_best_unassigned ops_sky sky_apogee 0 0 0.0 0.0 -999 ""
FIBERMAP 865 R-9C11 BOSS 1 1 0 1 0 0 51.69722140786849 -184.77695204870886 143.1 15.523406791554326 -191.21850941925476 29.505207 49.225857 210.40499551176765 40.502348715940876 -8.781013 -25.664019 0.73958987 210.40496223801114 40.502274770276486 210.3395069777675 40.374684754601596 57.51330253867931 64.9461394804781 5400.0 5400.0 2016.0 1 374 {-999.0 16.514292 16.016605 15.846624 -999.0} sdss_psfmag 16.409557 16.037308 15.494365 14.459 63050394850052708 1073271549 bright_1x1 mwm_halo_local_high_boss_single mwm_halo science 0 0 0.0 0.0 -999 ""
FIBERMAP 865 R-9C11 METROLOGY 0 0 0 1 0 0 51.130190213108705 -184.29027024097442 143.1 15.059609829408323 -190.63273653482855 29.505207 49.225857 -999.0 -999.0 -999.0 -999.0 -999.0 210.40215492239332 40.50492823692162 210.3367481814172 40.377334456806864 57.51537026680552 64.94115652490945 -999.0 6231.0 -999.0 -1 -999 {-999.0 -999.0 -999.0 -999.0 -999.0} "" -999.0 -999.0 -999.0 -999.0 -999 -999 "" "" "" "" 0 0 0.0 0.0 -999 ""
FIBERMAP 866 R+11C13 APOGEE 0 0 0 1 0 0 122.04912959523787 208.1247732130719 143.1 159.46469485405774 181.01849384797973 64.34597 16.701796 -999.0 -999.0 -999.0 -999.0 -999.0 211.29089242060783 42.18523034224747 211.21974028836053 42.058547675320334 56.80050087945572 61.879350586598775 -999.0 16600.0 -999.0 2 12 {-999.0 -999.0 -999.0 -999.0 -999.0} "" -999.0 -999.0 -999.0 -999.0 -999 -999 "" ops_sky_apogee_best_unassigned ops_sky sky_apogee 0 0 0.0 0.0 -999 ""
FIBERMAP 866 R+11C13 BOSS 1 1 0 1 0 0 121.93745698262114 207.38078450114014 143.1 159.2132774291088 180.3095289680116 64.34597 16.701796 211.2895251041172 42.182096390268235 4.0286174 -2.0689669 1.0205561 211.28954076864562 42.18209042895918 211.21821936607188 42.055400343438734 56.801778345785834 61.88499419755146 5400.0 5400.0 2016.0 1 99 {-999.0 14.0108795 13.742557 13.673259 -999.0} sdss_psfmag_from_g3xp 13.985278 13.741513 13.346011 12.682 63050394850063953 936439358 bright_1x1 openfibertargets_nov2020_34a open_fiber science 0 0 0.0 0.0 -999 ""
FIBERMAP 866 R+11C13 METROLOGY 0 0 0 1 0 0 121.35052483299137 207.84744857515537 143.1 158.7261315530343 180.87944696460545 64.34597 16.701796 -999.0 -999.0 -999.0 -999.0 -999.0 211.28654607015835 42.18469003122085 211.215276147674 42.05799709822526 56.80383777496074 61.88006714805948 -999.0 6231.0 -999.0 -1 -999 {-999.0 -999.0 -999.0 -999.0 -999.0} "" -999.0 -999.0 -999.0 -999.0 -999 -999 "" "" "" "" 0 0 0.0 0.0 -999 ""
FIBERMAP 868 R+9C15 APOGEE 0 0 0 1 0 0 125.48836549983517 183.92055425267668 143.1 158.2270083151071 156.60570313889784 43.57342 144.90259 -999.0 -999.0 -999.0 -999.0 -999.0 211.2822942687478 42.075381931936775 211.21142819797342 41.94870485911422 56.81173732640286 62.079252494144725 -999.0 16600.0 -999.0 2 -999 {-999.0 -999.0 -999.0 -999.0 -999.0} "" -999.0 -999.0 -999.0 -999.0 -999 -999 "" "" "" "" 0 0 0.0 0.0 -999 ""
FIBERMAP 868 R+9C15 BOSS 1 1 0 1 0 0 126.22891236387991 184.0426068154598 143.1 158.97714378079243 156.5843509092679 43.57342 144.90259 211.28712068482062 42.075393011749355 -13.478559 -47.371597 0.60841185 211.28706836426863 42.075256520096836 211.21601240036148 41.948580007974996 56.80833682458385 62.07975863766127 5400.0 5400.0 2016.0 1 229 {-999.0 15.625787 15.321096 15.223361 -999.0} sdss_psfmag 15.570266 15.316761 14.899479 14.163 63050394850063388 1072625169 bright_1x1 mwm_halo_local_high_boss_single mwm_halo science 0 0 0.0 0.0 -999 ""
FIBERMAP 868 R+9C15 METROLOGY 0 0 0 1 0 0 125.96058807761999 183.34291438429668 143.1 158.5804104723144 155.9487227110747 43.57342 144.90259 -999.0 -999.0 -999.0 -999.0 -999.0 211.284570035773 42.072415718872215 211.2135774984423 41.94573786992147 56.810272861794346 62.0847976295704 -999.0 6231.0 -999.0 -1 -999 {-999.0 -999.0 -999.0 -999.0 -999.0} "" -999.0 -999.0 -999.0 -999.0 -999 -999 "" "" "" "" 0 0 0.0 0.0 -999 ""
FIBERMAP 869 R+10C1 APOGEE 0 0 0 1 0 0 -179.6796061613767 202.26046050703292 143.1 -137.8100261700121 232.77307647013632 39.445667 159.16957 -999.0 -999.0 -999.0 -999.0 -999.0 209.47228448795576 42.421300554768116 209.40467909371296 42.29222550194777 58.12839337424434 61.28949111735585 -999.0 16600.0 -999.0 2 115 {-999.0 -999.0 -999.0 -999.0 -999.0} "" -999.0 -999.0 -999.0 -999.0 -999 -999 "" ops_sky_apogee_best_unassigned ops_sky sky_apogee 0 0 0.0 0.0 -999 ""
FIBERMAP 869 R+10C1 BOSS 1 1 0 1 0 0 -178.9685698733274 202.4526312997063 143.1 -137.0754915411508 232.8261724792603 39.445667 159.16957 209.47694050380537 42.42160800466587 -1.5656468 -2.7690265 0.4734462 209.47693439287784 42.421600026277936 209.40914643303907 42.29252105886993 58.125075817067085 61.289417443252496 5400.0 5400.0 2016.0 1 79 {-999.0 16.084806 15.725919 15.615911 -999.0} sdss_psfmag 16.021267 15.743653 15.298333 14.489 63050394850075248 979448074 "" ops_std_boss ops_std standard_boss 0 0 0.0 0.0 -999 ""
FIBERMAP 869 R+10C1 METROLOGY 0 0 0 1 0 0 -179.1567402726498 201.7247454699104 143.1 -137.39892486323254 232.14759388164177 39.445667 159.16957 -999.0 -999.0 -999.0 -999.0 -999.0 209.47491740725536 42.418542170040666 209.40718974779986 42.289463815570585 58.12675537902709 61.29497773735409 -999.0 6231.0 -999.0 -1 -999 {-999.0 -999.0 -999.0 -999.0 -999.0} "" -999.0 -999.0 -999.0 -999.0 -999 -999 "" "" "" "" 0 0 0.0 0.0 -999 ""
FIBERMAP 870 R0C26 APOGEE 0 0 0 1 0 0 284.5811029546609 -0.33616958383162543 143.1 279.2619046603223 -54.57216403119131 20.72833 93.909706 -999.0 -999.0 -999.0 -999.0 -999.0 211.98840569299213 41.1097005701325 211.91832279068694 40.984125563436784 56.30889580433339 63.85563819675946 -999.0 16600.0 -999.0 2 38 {-999.0 -999.0 -999.0 -999.0 -999.0} "" -999.0 -999.0 -999.0 -999.0 -999 -999 "" ops_sky_apogee_best_unassigned ops_sky sky_apogee 0 0 0.0 0.0 -999 ""
FIBERMAP 870 R0C26 BOSS 1 1 0 1 0 0 284.9180348751175 -0.995094722851847 143.1 279.4670211897525 -55.283141806394305 20.72833 93.909706 211.98954789271613 41.10659262003734 32.876694 -39.31055 1.5267857 211.98967361122385 41.10647935459767 211.919415141773 40.98090549196834 56.30810546387925 63.86145852948453 5400.0 5400.0 2016.0 1 173 {-999.0 19.720354 18.510038 18.066574 -999.0} sdss_psfmag 19.345482 18.51809 17.706814 16.326 63050394850057766 1072675483 bright_1x1 mwm_halo_local_high_boss_single mwm_halo science 0 0 0.0 0.0 -999 ""
FIBERMAP 870 R0C26 METROLOGY 0 0 0 1 0 0 284.15410795826233 -0.9480108631861437 143.1 278.72617543389345 -55.09132013247687 20.72833 93.909706 -999.0 -999.0 -999.0 -999.0 -999.0 211.98528814035362 41.107402233106214 211.91508822462413 40.981822294368925 56.3113620385975 63.85974327217724 -999.0 6231.0 -999.0 -1 -999 {-999.0 -999.0 -999.0 -999.0 -999.0} "" -999.0 -999.0 -999.0 -999.0 -999 -999 "" "" "" "" 0 0 0.0 0.0 -999 ""
FIBERMAP 871 R-7C18 APOGEE 1 1 0 1 0 0 157.4570643478715 -116.91402569381928 143.1 132.26519317001666 -144.7669654715055 188.07172 28.583435 211.10460924274514 40.70979147429312 13.993076 -23.009466 2.556474 211.1046624313352 40.70972517717531 211.0374136527183 40.583023927166096 56.98008272861853 64.57236173818768 16000.0 16600.0 2016.0 2 234 {-999.0 11.76173 11.329928 11.197637 -999.0} sdss_psfmag_from_g3xp 11.681567 11.363745 10.86444 9.989 63050394850053530 1113899897 bright_1x1 openfibertargets_mwm_subgiant_nataf24_apogee open_fiber science 0 0 0.0 0.0 -999 ""
FIBERMAP 871 R-7C18 BOSS 0 0 0 1 0 0 158.08405490073767 -116.49548860079139 143.1 132.96038031383665 -144.47566385525246 188.07172 28.583435 -999.0 -999.0 -999.0 -999.0 -999.0 211.10905613392842 40.71098370505236 211.041620645159 40.58428613967778 56.97687491374032 64.57010590278401 -999.0 5400.0 -999.0 1 276 {-999.0 -999.0 -999.0 -999.0 -999.0} "" -999.0 -999.0 -999.0 -999.0 -999 -999 "" "" "" "" 0 0 0.0 0.0 -999 ""
FIBERMAP 871 R-7C18 METROLOGY 0 0 0 1 0 0 158.14893902830974 -117.23823750633429 143.1 132.88249561387372 -145.21706418568814 188.07172 28.583435 -999.0 -999.0 -999.0 -999.0 -999.0 211.10846731293097 40.70764289047671 211.04109033255327 40.580945453852884 56.977311799973194 64.57622801533222 -999.0 6231.0 -999.0 -1 -999 {-999.0 -999.0 -999.0 -999.0 -999.0} "" -999.0 -999.0 -999.0 -999.0 -999 -999 "" "" "" "" 0 0 0.0 0.0 -999 ""
FIBERMAP 872 R+4C23 APOGEE 0 0 0 1 0 0 261.1002121105525 89.75881808789829 143.1 273.3870511122929 38.33465818124046 83.53543 63.803562 -999.0 -999.0 -999.0 -999.0 -999.0 211.9656369330513 41.52998818611844 211.89458851007805 41.40431668468433 56.31989347536542 63.097610836100216 -999.0 16600.0 -999.0 2 77 {-999.0 -999.0 -999.0 -999.0 -999.0} "" -999.0 -999.0 -999.0 -999.0 -999 -999 "" ops_sky_apogee_best_unassigned ops_sky sky_apogee 0 0 0.0 0.0 -999 ""
FIBERMAP 872 R+4C23 BOSS 1 1 0 1 0 0 261.70573767732543 89.3307874133051 143.1 273.8998107239583 37.79911619961433 83.53543 63.803562 211.96850266300785 41.52782255592017 76.7195 -106.01642 3.8364158 211.9687979350008 41.52751709075524 211.89756668845934 41.40184819991401 56.317714238734 63.10214920116701 5400.0 5400.0 2016.0 1 247 {-999.0 16.848303 15.552588 14.80039 -999.0} sdss_psfmag 16.33055 15.408805 14.446994 12.57 63050394850062060 1072593606 bright_1x1 mwm_halo_local_high_boss_single mwm_halo science 0 0 0.0 0.0 -999 ""
FIBERMAP 872 R+4C23 METROLOGY 0 0 0 1 0 0 261.02642522833474 89.0122743015396 143.1 273.1723328068308 37.61596425008687 83.53543 63.803562 -999.0 -999.0 -999.0 -999.0 -999.0 211.9644069612351 41.52676458647117 211.89323906407333 41.40108977695292 56.32097619355933 63.10338839748789 -999.0 6231.0 -999.0 -1 -999 {-999.0 -999.0 -999.0 -999.0 -999.0} "" -999.0 -999.0 -999.0 -999.0 -999 -999 "" "" "" "" 0 0 0.0 0.0 -999 ""
FIBERMAP 875 R+1C7 APOGEE 0 0 0 1 0 0 -152.44950209519553 7.427460503409538 143.1 -148.21864239316696 36.34773811422922 245.06505 113.14918 -999.0 -999.0 -999.0 -999.0 -999.0 209.4142254112994 41.533512377010375 209.34877726197044 41.40450032626645 58.22797821728655 62.964367563524206 -999.0 16600.0 -999.0 2 138 {-999.0 -999.0 -999.0 -999.0 -999.0} "" -999.0 -999.0 -999.0 -999.0 -999 -999 "" ops_sky_apogee_best_unassigned ops_sky sky_apogee 0 0 0.0 0.0 -999 ""
FIBERMAP 875 R+1C7 BOSS 1 1 0 1 0 0 -153.1963334697484 7.465207654155614 143.1 -148.94448790689282 36.52713701940687 245.06505 113.14918 209.4099364955923 41.534325393963314 -3.5874918 -3.5309486 0.08788373 209.40992268688404 41.5343152202508 209.34431384836407 41.40529091310195 58.23127908646521 62.962529083956305 5400.0 5400.0 2016.0 1 21 {-999.0 16.977455 16.456926 16.229948 -999.0} sdss_psfmag 16.848667 16.46 15.883871 14.651 63050394850069384 943563186 bright_1x1 openfibertargets_nov2020_46 open_fiber science 0 0 0.0 0.0 -999 ""
FIBERMAP 875 R+1C7 METROLOGY 0 0 0 1 0 0 -152.79208981112745 8.10012606835669 143.1 -148.42669130160098 37.07328059767863 245.06505 113.14918 -999.0 -999.0 -999.0 -999.0 -999.0 209.41299425949535 41.536816112832014 209.34742072504105 41.4077971703265 58.228818363999736 62.95801199893225 -999.0 6231.0 -999.0 -1 -999 {-999.0 -999.0 -999.0 -999.0 -999.0} "" -999.0 -999.0 -999.0 -999.0 -999 -999 "" "" "" "" 0 0 0.0 0.0 -999 ""
FIBERMAP 877 R+13C4 APOGEE 0 0 0 1 0 0 -83.61315684468072 262.7920767570972 143.1 -31.980008157475226 273.8762879196034 105.77279 126.031525 -999.0 -999.0 -999.0 -999.0 -999.0 210.1205486761455 42.60883427614558 210.05102254840313 42.480554278006665 57.63810203871534 61.00428275497933 -999.0 16600.0 -999.0 2 114 {-999.0 -999.0 -999.0 -999.0 -999.0} "" -999.0 -999.0 -999.0 -999.0 -999 -999 "" ops_sky_apogee_best_unassigned ops_sky sky_apogee 0 0 0.0 0.0 -999 ""
FIBERMAP 877 R+13C4 BOSS 1 1 0 1 0 0 -83.17366291518286 263.38375699637106 143.1 -31.435853573575855 274.3732729355085 105.77279 126.031525 210.12409184315723 42.61106732027681 -5.3647146 -4.3232636 0.28069556 210.12407084038517 42.611054863668365 210.0543562868181 42.4827695264478 57.635486122976126 61.00049579799013 5400.0 5400.0 2016.0 1 86 {-999.0 18.50277 18.187197 18.063229 -999.0} sdss_psfmag 18.457804 18.179775 17.754665 -999.0 63050394850079078 978130089 "" ops_std_boss ops_std standard_boss 0 0 0.0 0.0 -999 ""
FIBERMAP 877 R+13C4 METROLOGY 0 0 0 1 0 0 -82.86953957263478 262.71916826489866 143.1 -31.2640192747624 273.6629895880246 105.77279 126.031525 -999.0 -999.0 -999.0 -999.0 -999.0 210.12507004553595 42.60789704373238 210.05541039191144 42.47961613718489 57.63494424860697 61.00647791947563 -999.0 6231.0 -999.0 -1 -999 {-999.0 -999.0 -999.0 -999.0 -999.0} "" -999.0 -999.0 -999.0 -999.0 -999 -999 "" "" "" "" 0 0 0.0 0.0 -999 ""
FIBERMAP 880 R-8C1 APOGEE 0 0 0 1 0 0 -208.21964138631125 -169.44790369455714 143.1 -236.67201407458913 -126.63142232746452 263.45508 98.29201 -999.0 -999.0 -999.0 -999.0 -999.0 208.89876738496056 40.791013139404406 208.83608501603499 40.66147215537438 58.64847555623523 64.3485038946377 -999.0 16600.0 -999.0 2 276 {-999.0 -999.0 -999.0 -999.0 -999.0} "" -999.0 -999.0 -999.0 -999.0 -999 -999 "" ops_sky_apogee_best_unassigned ops_sky sky_apogee 0 0 0.0 0.0 -999 ""
FIBERMAP 880 R-8C1 BOSS 1 1 0 1 0 0 -208.97351887510627 -169.4942531461543 143.1 -237.42080470872682 -126.5332240672183 263.45508 98.29201 208.89447676670397 40.7914435074753 5.5970354 -4.0571594 2.3152397 208.8944980675565 40.791431817592105 208.83165980406474 40.6618812154767 58.65181407375124 64.34746900255908 5400.0 5400.0 2016.0 1 418 {-999.0 19.11442 17.514826 16.537512 -999.0} sdss_psfmag_ps1 18.391884 17.239319 16.073854 14.037 63050394850039632 1096404431 bright_1x1 mwm_bin_vis_boss mwm_filler science 0 0 0.0 0.0 -999 ""
FIBERMAP 880 R-8C1 METROLOGY 0 0 0 1 0 0 -208.63567372694763 -168.82548592607168 143.1 -236.96172878111338 -125.94120094120426 263.45508 98.29201 -999.0 -999.0 -999.0 -999.0 -999.0 208.89708634974255 40.794115123823495 208.83428346863172 40.66456814074261 58.64972145319747 64.34245618917726 -999.0 6231.0 -999.0 -1 -999 {-999.0 -999.0 -999.0 -999.0 -999.0} "" -999.0 -999.0 -999.0 -999.0 -999 -999 "" "" "" "" 0 0 0.0 0.0 -999 ""
FIBERMAP 885 R+12C10 APOGEE 0 0 0 1 0 0 59.803330607994894 238.68359575083824 143.1 104.1929610783862 222.87728959807777 44.454414 91.24309 -999.0 -999.0 -999.0 -999.0 -999.0 210.95519528870895 42.377351435480115 210.88433044793237 42.25019375016266 57.03880563925699 61.504917881653796 -999.0 16600.0 -999.0 2 -999 {-999.0 -999.0 -999.0 -999.0 -999.0} "" -999.0 -999.0 -999.0 -999.0 -999 -999 "" "" "" "" 0 0 0.0 0.0 -999 ""
FIBERMAP 885 R+12C10 BOSS 1 1 0 1 0 0 60.354192889877304 238.17275151549822 143.1 104.63628225821337 222.2708823276616 44.454414 91.24309 210.9581176520427 42.37465559707468 -8.427776 -6.966221 0.9103287 210.95808478192097 42.37463552531881 210.88704123712438 42.24747476141107 57.03695689337324 61.510116901827175 5400.0 5400.0 2016.0 1 153 {-999.0 15.60522 15.116853 14.981633 -999.0} sdss_psfmag 15.528161 15.156281 14.619508 13.659 63050394850077588 943208533 bright_1x1 openfibertargets_nov2020_46 open_fiber science 0 0 0.0 0.0 -999 ""
FIBERMAP 885 R+12C10 METROLOGY 0 0 0 1 0 0 59.63898565885313 237.9558233151117 143.1 103.89293485498794 222.19428108236605 44.454414 91.24309 -999.0 -999.0 -999.0 -999.0 -999.0 210.9534830245593 42.374333621110296 210.88250137329533 42.247168748371784 57.04032949768274 61.51032733990439 -999.0 6231.0 -999.0 -1 -999 {-999.0 -999.0 -999.0 -999.0 -999.0} "" -999.0 -999.0 -999.0 -999.0 -999 -999 "" "" "" "" 0 0 0.0 0.0 -999 ""
FIBERMAP 886 R+3C2 APOGEE 0 0 0 1 0 0 -213.50289797293894 62.25747134724779 143.1 -197.69381464807066 101.80224986442997 93.071175 10.100048 -999.0 -999.0 -999.0 -999.0 -999.0 209.11213204637946 41.82749776039691 209.04669649918833 41.698063295533736 58.436221535430235 62.380619043723186 -999.0 16600.0 -999.0 2 -999 {-999.0 -999.0 -999.0 -999.0 -999.0} "" -999.0 -999.0 -999.0 -999.0 -999 -999 "" "" "" "" 0 0 0.0 0.0 -999 ""
FIBERMAP 886 R+3C2 BOSS 1 1 0 1 0 0 -213.31810171041516 61.56797974753745 143.1 -197.64385049313162 101.09026768852172 93.071175 10.100048 209.11258807431474 41.82430625655438 -999.0 -999.0 -999.0 209.11258807431474 41.82430625655439 209.0469909800792 41.69486464762048 58.43621126292861 62.38674416879397 5400.0 5400.0 2016.0 1 73 {-999.0 19.558167 18.86754 18.62644 -999.0} sdss_psfmag -999.0 -999.0 -999.0 15.788 63050398660212309 1118064625 bright_1x1 openfibertargets_bhm_lofarradio_boss open_fiber science 0 0 0.0 0.0 -999 ""
FIBERMAP 886 R+3C2 METROLOGY 0 0 0 1 0 0 -214.04046659672713 61.74009145275028 143.1 -198.3200709439581 101.39688654699395 93.071175 10.100048 -999.0 -999.0 -999.0 -999.0 -999.0 209.10845569018713 41.82563724530354 209.04291241483645 41.69619261213011 58.43916335210472 62.383832102582176 -999.0 6231.0 -999.0 -1 -999 {-999.0 -999.0 -999.0 -999.0 -999.0} "" -999.0 -999.0 -999.0 -999.0 -999 -999 "" "" "" "" 0 0 0.0 0.0 -999 ""
FIBERMAP 891 R+9C3 APOGEE 0 0 0 1 0 0 -135.8694864243533 160.9559291478327 143.1 -102.6817067722946 183.88091208530952 332.90503 87.75132 -999.0 -999.0 -999.0 -999.0 -999.0 209.68716207778596 42.203886613363224 209.6195727252923 42.075116134701695 57.98542702432757 61.7207176294113 -999.0 16600.0 -999.0 2 99 {-999.0 -999.0 -999.0 -999.0 -999.0} "" -999.0 -999.0 -999.0 -999.0 -999 -999 "" ops_sky_apogee_best_unassigned ops_sky sky_apogee 0 0 0.0 0.0 -999 ""
FIBERMAP 891 R+9C3 BOSS 1 1 0 1 0 0 -136.23346189707075 160.29242069739902 143.1 -103.16542815665414 183.29903115532832 332.90503 87.75132 209.68438891646886 42.20127972449724 -9.019502 4.426809 0.849731 209.6843538351603 42.201292479442856 209.61660509608961 42.07251029214427 57.9878032183665 61.72533692773883 5400.0 5400.0 2016.0 1 58 {-999.0 17.576872 16.7315 16.404366 -999.0} sdss_psfmag 17.30419 16.748312 16.032019 14.707 63050394850074923 943208516 bright_1x1 openfibertargets_nov2020_46 open_fiber science 0 0 0.0 0.0 -999 ""
FIBERMAP 891 R+9C3 METROLOGY 0 0 0 1 0 0 -136.62247579007402 160.9291968945114 143.1 -103.42588657363278 183.9981960097895 332.90503 87.75132 -999.0 -999.0 -999.0 -999.0 -999.0 209.68271269059474 42.20442040276379 209.61500918529111 42.07563792830205 57.988770616500695 61.719297423842136 -999.0 6231.0 -999.0 -1 -999 {-999.0 -999.0 -999.0 -999.0 -999.0} "" -999.0 -999.0 -999.0 -999.0 -999 -999 "" "" "" "" 0 0 0.0 0.0 -999 ""
FIBERMAP 894 R+13C9 APOGEE 0 0 0 1 0 0 46.0861951571174 263.19555920264446 143.1 95.40119874441025 249.55114729446663 69.00545 85.929665 -999.0 -999.0 -999.0 -999.0 -999.0 210.90199020632292 42.49714261805506 210.83095479047063 42.369896237135244 57.07116173807373 61.28091788356795 -999.0 16600.0 -999.0 2 56 {-999.0 -999.0 -999.0 -999.0 -999.0} "" -999.0 -999.0 -999.0 -999.0 -999 -999 "" ops_sky_apogee_best_unassigned ops_sky sky_apogee 0 0 0.0 0.0 -999 ""
FIBERMAP 894 R+13C9 BOSS 1 1 0 1 0 0 46.76764555482079 262.89203425549294 143.1 96.01221239454196 249.12334034499762 69.00545 85.929665 210.90595555073466 42.49520578120141 -13.07483 1.186981 0.7151841 210.90590445790906 42.49520920123474 210.83468604397726 42.36796040971455 57.068527745276974 61.28478051792763 5400.0 5400.0 2016.0 1 165 {-999.0 15.673111 15.09384 14.857445 -999.0} sdss_psfmag 15.518094 15.124917 14.5211 13.532 63050394850078272 936439771 bright_1x1 openfibertargets_nov2020_34a open_fiber science 0 0 0.0 0.0 -999 ""
FIBERMAP 894 R+13C9 METROLOGY 0 0 0 1 0 0 46.16777519201339 262.44152048686834 143.1 95.33754976305445 248.79548333217215 69.00545 85.929665 -999.0 -999.0 -999.0 -999.0 -999.0 210.9017160520997 42.49378510608029 210.8305613674978 42.366533127414975 57.071656292715765 61.28706075375851 -999.0 6231.0 -999.0 -1 -999 {-999.0 -999.0 -999.0 -999.0 -999.0} "" -999.0 -999.0 -999.0 -999.0 -999 -999 "" "" "" "" 0 0 0.0 0.0 -999 ""
FIBERMAP 895 R+11C14 APOGEE 0 0 0 1 0 0 102.59489905183516 218.02492921089691 143.1 142.25671549879775 194.4438795878486 227.64046 41.59506 -999.0 -999.0 -999.0 -999.0 -999.0 211.18669075919226 42.24702252146478 211.11562168962666 42.120191560712115 56.87465315110867 61.75987140601069 -999.0 16600.0 -999.0 2 96 {-999.0 -999.0 -999.0 -999.0 -999.0} "" -999.0 -999.0 -999.0 -999.0 -999 -999 "" ops_sky_apogee_best_unassigned ops_sky sky_apogee 0 0 0.0 0.0 -999 ""
FIBERMAP 895 R+11C14 BOSS 1 1 0 1 0 0 102.60422804026516 218.7746633543716 143.1 142.4087742946923 195.17799087346054 227.64046 41.59506 211.187890459063 42.250336824050756 -11.540543 -0.2613467 2.2365513 211.1878455372939 42.250336071024535 211.11658604281882 42.123499915568836 56.873771599565075 61.75389133261922 5400.0 5400.0 2016.0 1 88 {-999.0 16.271606 15.139905 14.663727 -999.0} sdss_psfmag 15.84377 15.121801 14.292435 12.638 63050394850077947 936439765 bright_1x1 openfibertargets_nov2020_34a open_fiber science 0 0 0.0 0.0 -999 ""
FIBERMAP 895 R+11C14 METROLOGY 0 0 0 1 0 0 103.2485946736273 218.3974291077334 143.1 142.96933971270843 194.6849040545145 227.64046 41.59506 -999.0 -999.0 -999.0 -999.0 -999.0 211.1911867375097 42.24806951635786 211.11997643194115 42.121239548146875 56.87137430975978 61.758254559540546 -999.0 6231.0 -999.0 -1 -999 {-999.0 -999.0 -999.0 -999.0 -999.0} "" -999.0 -999.0 -999.0 -999.0 -999 -999 "" "" "" "" 0 0 0.0 0.0 -999 ""
FIBERMAP 896 R-8C17 APOGEE 0 0 0 1 0 0 149.37078940825185 -152.74398997973077 143.1 117.4989181257677 -178.3940138635757 88.91801 168.1371 -999.0 -999.0 -999.0 -999.0 -999.0 211.0137626730496 40.55839272843874 210.94705577749517 40.43159377621512 57.050108582983796 64.84939573689576 -999.0 16600.0 -999.0 2 230 {-999.0 -999.0 -999.0 -999.0 -999.0} "" -999.0 -999.0 -999.0 -999.0 -999 -999 "" ops_sky_apogee_best_unassigned ops_sky sky_apogee 0 0 0.0 0.0 -999 ""
FIBERMAP 896 R-8C17 BOSS 1 1 0 1 0 0 149.50256618881923 -152.02279651252647 143.1 117.76572361440658 -177.7112552156255 88.91801 168.1371 211.01564519042304 40.561426748485374 -8.145913 -0.29403588 0.11389024 211.01561429597956 40.561425901276564 210.9487225633171 40.43462799040332 57.0488178209866 64.8438343910556 5400.0 5400.0 2016.0 1 275 {-999.0 15.048201 14.424654 14.214571 -999.0} sdss_psfmag_from_g3xp 14.896386 14.467275 13.874635 12.766 63050394850053464 936439095 bright_1x1 openfibertargets_nov2020_34a open_fiber science 0 0 0.0 0.0 -999 ""
FIBERMAP 896 R-8C17 METROLOGY 0 0 0 1 0 0 150.07961207297197 -152.49548671800457 143.1 118.24201718370315 -178.285203705644 88.91801 168.1371 -999.0 -999.0 -999.0 -999.0 -999.0 211.01834569083786 40.55883589564582 210.9515033994204 40.43204225816284 57.046719996358426 64.84861622844807 -999.0 6231.0 -999.0 -1 -999 {-999.0 -999.0 -999.0 -999.0 -999.0} "" -999.0 -999.0 -999.0 -999.0 -999 -999 "" "" "" "" 0 0 0.0 0.0 -999 ""
FIBERMAP 897 R-6C3 APOGEE 0 0 0 1 0 0 -186.4782850584957 -121.87220435635966 143.1 -206.26403451149062 -84.07824623441262 171.9928 153.24483 -999.0 -999.0 -999.0 -999.0 -999.0 209.0742344095939 40.984343449554245 209.01075058131846 40.85499044414419 58.508482719234266 63.98782719968034 -999.0 16600.0 -999.0 2 298 {-999.0 -999.0 -999.0 -999.0 -999.0} "" -999.0 -999.0 -999.0 -999.0 -999 -999 "" ops_sky_apogee_best_unassigned ops_sky sky_apogee 0 0 0.0 0.0 -999 ""
FIBERMAP 897 R-6C3 BOSS 1 1 0 1 0 0 -187.09065452604273 -121.45431075209144 143.1 -206.78544380608412 -83.55134965764907 171.9928 153.24483 209.07119750976562 40.9866975383305 -999.0 -999.0 -999.0 209.07119750976562 40.9866975383305 209.00754988075124 40.857335137314806 58.510802896446116 63.98314770411415 5400.0 5400.0 2015.5 1 445 {-999.0 -999.0 -999.0 -999.0 -999.0} "" -999.0 -999.0 -999.0 -999.0 27021603104386810 817514515 "" ops_sky_boss_good ops_sky sky_boss 0 0 0.0 0.0 -999 ""
FIBERMAP 897 R-6C3 METROLOGY 0 0 0 1 0 0 -186.42169419620234 -121.12974378137963 143.1 -206.06697295638693 -83.36028248887924 171.9928 153.24483 -999.0 -999.0 -999.0 -999.0 -999.0 209.0754177014152 40.98759245328695 209.01180574592047 40.85823665290834 58.50754897245035 63.9816825944996 -999.0 6231.0 -999.0 -1 -999 {-999.0 -999.0 -999.0 -999.0 -999.0} "" -999.0 -999.0 -999.0 -999.0 -999 -999 "" "" "" "" 0 0 0.0 0.0 -999 ""
FIBERMAP 898 R+4C19 APOGEE 1 1 0 1 0 0 175.0477134316219 77.61815357730147 143.1 186.60955734301547 42.820107182983286 38.15653 74.24533 211.44702011072772 41.55811715369703 -42.73415 -37.79514 3.5617216 211.44685556130665 41.558008254558644 211.3768723631252 41.431632296802064 56.7073094489082 63.030215587649636 16000.0 16600.0 2016.0 2 90 {-999.0 12.0201235 11.602816 11.471442 -999.0} sdss_psfmag_from_g3xp 11.945182 11.625219 11.139816 10.268 63050394850061874 1103503070 bright_1x1 mwm_tess_2min_apogee mwm_planet science 0 0 0.0 0.0 -999 ""
FIBERMAP 898 R+4C19 BOSS 0 0 0 1 0 0 175.30206242672006 76.93454733444486 143.1 186.72891162852451 42.1006446779426 38.15653 74.24533 -999.0 -999.0 -999.0 -999.0 -999.0 211.4477643874056 41.55474987599957 211.3776086952074 41.428370945527284 56.70685178247859 63.03618355120443 -999.0 5400.0 -999.0 1 208 {-999.0 -999.0 -999.0 -999.0 -999.0} "" -999.0 -999.0 -999.0 -999.0 -999 -999 "" "" "" "" 0 0 0.0 0.0 -999 ""
FIBERMAP 898 R+4C19 METROLOGY 0 0 0 1 0 0 174.56696348174958 77.04342734408391 143.1 186.028140075194 42.34762664640125 38.15653 74.24533 -999.0 -999.0 -999.0 -999.0 -999.0 211.44349884787636 41.555919489022045 211.37340037715478 41.42953574765676 56.70997214235802 63.03389643035831 -999.0 6231.0 -999.0 -1 -999 {-999.0 -999.0 -999.0 -999.0 -999.0} "" -999.0 -999.0 -999.0 -999.0 -999 -999 "" "" "" "" 0 0 0.0 0.0 -999 ""
FIBERMAP 899 R+4C21 APOGEE 0 0 0 1 0 0 218.22935234675393 75.87007959002803 143.1 228.66060744119244 32.87373463826384 22.3682 87.01841 -999.0 -999.0 -999.0 -999.0 -999.0 211.69846818315486 41.50952438318464 211.6280519901935 41.38349370287467 56.520274882905454 63.126828623146594 -999.0 16600.0 -999.0 2 33 {-999.0 -999.0 -999.0 -999.0 -999.0} "" -999.0 -999.0 -999.0 -999.0 -999 -999 "" ops_sky_apogee_best_unassigned ops_sky sky_apogee 0 0 0.0 0.0 -999 ""
FIBERMAP 899 R+4C21 BOSS 1 1 0 1 0 0 218.47505382197284 75.16720863120288 143.1 228.76780196786143 32.137011411794816 22.3682 87.01841 211.69929137699515 41.50629865061668 -7.1093397 -39.579094 0.95758975 211.69926402414228 41.50618461148926 211.62867403423135 41.38015243710954 56.519890367356474 63.13290449832225 5400.0 5400.0 2016.0 1 193 {-999.0 15.953193 15.464504 15.296765 -999.0} sdss_psfmag 15.843861 15.478885 14.94041 13.909 63050394850061892 1072729133 bright_1x1 mwm_halo_local_high_boss_single mwm_halo science 0 0 0.0 0.0 -999 ""
FIBERMAP 899 R+4C21 METROLOGY 0 0 0 1 0 0 217.73842297687477 75.31229632104947 143.1 228.0724281194079 32.419824429052795 22.3682 87.01841 -999.0 -999.0 -999.0 -999.0 -999.0 211.69507050228145 41.50752454843266 211.62453759042035 41.381487208321815 56.52296036495054 63.130347320404724 -999.0 6231.0 -999.0 -1 -999 {-999.0 -999.0 -999.0 -999.0 -999.0} "" -999.0 -999.0 -999.0 -999.0 -999 -999 "" "" "" "" 0 0 0.0 0.0 -999 ""
FIBERMAP 901 R+8C13 APOGEE 0 0 0 1 0 0 62.445874761609275 162.75153823265987 143.1 92.31377884080027 147.84372778260695 77.41886 152.58954 -999.0 -999.0 -999.0 -999.0 -999.0 210.88035435346973 42.040150334394234 210.81046971428657 41.91294625381419 57.11137670795672 62.119186320255494 -999.0 16600.0 -999.0 2 -999 {-999.0 -999.0 -999.0 -999.0 -999.0} "" -999.0 -999.0 -999.0 -999.0 -999 -999 "" "" "" "" 0 0 0.0 0.0 -999 ""
FIBERMAP 901 R+8C13 BOSS 1 1 0 1 0 0 62.92648678630446 163.3244575929606 143.1 92.89471633378797 148.31446110134007 77.41886 152.58954 210.88413566222937 42.042303136213036 -999.0 -999.0 -999.0 210.88413566222934 42.042303136213036 210.81406012878924 41.915097253542804 57.10860309694801 62.115470060534626 5400.0 5400.0 2016.0 1 151 {-999.0 22.169165 20.564447 19.746803 -999.0} sdss_psfmag -999.0 -999.0 -999.0 -999.0 63050397233922177 1118024053 bright_1x1 openfibertargets_bhm_lofarradio_boss open_fiber science 0 0 0.0 0.0 -999 ""
FIBERMAP 901 R+8C13 METROLOGY 0 0 0 1 0 0 63.18187651869484 162.62921327985484 143.1 93.0128738792732 147.58337706829263 77.41886 152.58954 -999.0 -999.0 -999.0 -999.0 -999.0 210.88477466638767 42.03898021169783 210.81475591914887 41.91177752084867 57.10824783247153 62.12162239571819 -999.0 6231.0 -999.0 -1 -999 {-999.0 -999.0 -999.0 -999.0 -999.0} "" -999.0 -999.0 -999.0 -999.0 -999 -999 "" "" "" "" 0 0 0.0 0.0 -999 ""
FIBERMAP 903 R+10C13 APOGEE 0 0 0 1 0 0 72.03768063036051 182.697044194734 143.1 105.53014739466852 165.59268324673357 269.2682 47.521023 -999.0 -999.0 -999.0 -999.0 -999.0 210.9616636986251 42.11963265080792 210.89140670807342 41.992523436964106 57.0473296136464 61.97840918414374 -999.0 16600.0 -999.0 2 -999 {-999.0 -999.0 -999.0 -999.0 -999.0} "" -999.0 -999.0 -999.0 -999.0 -999 -999 "" "" "" "" 0 0 0.0 0.0 -999 ""
FIBERMAP 903 R+10C13 BOSS 1 1 0 1 0 0 71.49205718456054 183.1886862603065 143.1 105.08830830568294 166.17924439654507 269.2682 47.521023 210.95920500884284 42.12236733628844 -0.9321675 -4.4816723 0.06862185 210.9592013877024 42.12235442325951 210.88876543237802 41.99523493222928 57.04915469410799 61.97325008746533 5400.0 5400.0 2016.0 1 98 {-999.0 15.853941 15.989628 16.100218 -999.0} sdss_psfmag 15.950435 15.884128 15.76317 15.73 63050394850077462 1061101946 bright_1x1 manual_mwm_halo_distant_bhb_boss_single mwm_halo science 0 0 0.0 0.0 -999 ""
FIBERMAP 903 R+10C13 METROLOGY 0 0 0 1 0 0 72.19751602403997 183.42582031086235 143.1 105.82593864199065 166.2775364465283 269.2682 47.521023 -999.0 -999.0 -999.0 -999.0 -999.0 210.96365097247218 42.12274514865317 210.8932545465358 41.99563333366651 57.04580265689947 61.97282525217133 -999.0 6231.0 -999.0 -1 -999 {-999.0 -999.0 -999.0 -999.0 -999.0} "" -999.0 -999.0 -999.0 -999.0 -999 -999 "" "" "" "" 0 0 0.0 0.0 -999 ""
FIBERMAP 904 R+7C9 APOGEE 0 0 0 1 0 0 -36.603853035721315 144.71846717735505 143.1 -8.34404930309306 149.02289997338434 72.3815 146.70096 -999.0 -999.0 -999.0 -999.0 -999.0 210.26455976738248 42.048205452233695 210.19603358375628 41.92019731495752 57.5675682226557 62.06103164547733 -999.0 16600.0 -999.0 2 23 {-999.0 -999.0 -999.0 -999.0 -999.0} "" -999.0 -999.0 -999.0 -999.0 -999 -999 "" ops_sky_apogee_best_unassigned ops_sky sky_apogee 0 0 0.0 0.0 -999 ""
FIBERMAP 904 R+7C9 BOSS 1 1 0 1 0 0 -36.0427811781976 145.19375170563657 143.1 -7.702747319417172 149.3824654622379 72.3815 146.70096 210.26866024412635 42.049894332078544 -999.0 -999.0 -999.0 210.26866024412632 42.049894332078544 210.19994673008608 41.92188385585727 57.56456546695894 62.05820050224489 5400.0 5400.0 2016.0 1 131 {-999.0 18.883213 18.475052 18.249216 -999.0} sdss_psfmag -999.0 -999.0 -999.0 -999.0 63050399378581856 1118086246 bright_1x1 openfibertargets_bhm_lofarradio_boss open_fiber science 0 0 0.0 0.0 -999 ""
FIBERMAP 904 R+7C9 METROLOGY 0 0 0 1 0 0 -35.895388319454824 144.46203803925852 143.1 -7.697543551430553 148.63617012551492 72.3815 146.70096 -999.0 -999.0 -999.0 -999.0 -999.0 210.26863683177737 42.046503475609306 210.1999807105226 41.91849558954982 57.56473254482931 62.064510288241706 -999.0 6231.0 -999.0 -1 -999 {-999.0 -999.0 -999.0 -999.0 -999.0} "" -999.0 -999.0 -999.0 -999.0 -999 -999 "" "" "" "" 0 0 0.0 0.0 -999 ""
FIBERMAP 905 R-1C5 APOGEE 0 0 0 1 0 0 -208.41355144558435 -16.711287739729443 143.1 -207.75018404066063 23.32169322021187 205.48637 76.87198 -999.0 -999.0 -999.0 -999.0 -999.0 209.05630488843678 41.47119780532011 208.99178910642854 41.341748360769145 58.49889933252124 63.05590428325422 -999.0 16600.0 -999.0 2 266 {-999.0 -999.0 -999.0 -999.0 -999.0} "" -999.0 -999.0 -999.0 -999.0 -999 -999 "" ops_sky_apogee_best_unassigned ops_sky sky_apogee 0 0 0.0 0.0 -999 ""
FIBERMAP 905 R-1C5 BOSS 1 1 0 1 0 0 -208.5878630434787 -15.99214890559054 143.1 -207.78420627093053 24.06077674412449 205.48637 76.87198 209.05627462526002 41.474568645427766 -31.2097 -3.5239286 4.16072 209.0561546060027 41.4745584918804 208.99146461156266 41.34510227909608 58.498954431506434 63.04946943389225 5400.0 5400.0 2016.0 1 485 {-999.0 17.267138 15.8783655 14.990427 -999.0} sdss_psfmag 16.713066 15.633516 14.59799 12.642 63050394850072401 1080388082 bright_flexible_2x1 mwm_snc_ext_filler_boss mwm_snc science 0 0 0.0 0.0 -999 ""
FIBERMAP 905 R-1C5 METROLOGY 0 0 0 1 0 0 -207.874107759232 -16.19009637500894 143.1 -207.1213608272269 23.730440230808867 205.48637 76.87198 -999.0 -999.0 -999.0 -999.0 -999.0 209.0601190402618 41.473099452470834 208.99547128771792 41.34364942442173 58.49603265359191 63.052568361054284 -999.0 6231.0 -999.0 -1 -999 {-999.0 -999.0 -999.0 -999.0 -999.0} "" -999.0 -999.0 -999.0 -999.0 -999 -999 "" "" "" "" 0 0 0.0 0.0 -999 ""
FIBERMAP 906 R+11C11 APOGEE 1 1 0 1 0 0 60.73246497744652 222.27730079510386 143.1 101.97783788900858 206.5968596611926 35.128044 139.53264 210.94134107510587 42.304428261290894 -29.434006 14.218751 6.0043545 210.9412264042479 42.304469229678084 210.8705686813846 42.17730582325879 57.05306642544193 61.637650849114074 16000.0 16600.0 2016.0 2 1 {-999.0 9.858061 9.26366 9.055541 -999.0} sdss_psfmag_from_g3xp 9.717904 9.304173 8.720214 7.65 63050394850077571 1103612734 bright_1x1 mwm_tess_2min_apogee mwm_planet science 0 0 0.0 0.0 -999 ""
FIBERMAP 906 R+11C11 BOSS 0 0 0 1 0 0 61.47140816364701 222.21946803889395 143.1 102.69211248892657 206.39924957240197 35.128044 139.53264 -999.0 -999.0 -999.0 -999.0 -999.0 210.94578779793883 42.303578050914396 210.87494445656898 42.17641210236064 57.04987783081174 61.63962011453765 -999.0 5400.0 -999.0 1 108 {-999.0 -999.0 -999.0 -999.0 -999.0} "" -999.0 -999.0 -999.0 -999.0 -999 -999 "" "" "" "" 0 0 0.0 0.0 -999 ""
FIBERMAP 906 R+11C11 METROLOGY 0 0 0 1 0 0 61.059580895216754 221.60268990810212 143.1 102.17032991862202 205.8723567598252 35.128044 139.53264 -999.0 -999.0 -999.0 -999.0 -999.0 210.94252800415808 42.30123535127143 210.87174822627344 42.17406753501448 57.052372025067584 61.64368454587134 -999.0 6231.0 -999.0 -1 -999 {-999.0 -999.0 -999.0 -999.0 -999.0} "" -999.0 -999.0 -999.0 -999.0 -999 -999 "" "" "" "" 0 0 0.0 0.0 -999 ""
FIBERMAP 907 R-6C6 APOGEE 0 0 0 1 0 0 -105.34058049246639 -107.463624689323 143.1 -123.87830448087821 -85.40088199953914 38.109844 132.54158 -999.0 -999.0 -999.0 -999.0 -999.0 209.56708886998817 40.980891622959035 209.5025393276668 40.85215658263931 58.13689434861617 64.02079023534463 -999.0 16600.0 -999.0 2 -999 {-999.0 -999.0 -999.0 -999.0 -999.0} "" -999.0 -999.0 -999.0 -999.0 -999 -999 "" "" "" "" 0 0 0.0 0.0 -999 ""
FIBERMAP 907 R-6C6 BOSS 1 1 0 1 0 0 -104.59357623210647 -107.58990118565373 143.1 -123.16916329192345 -85.66720840498995 38.109844 132.54158 209.57146790458393 40.979669515611256 -999.0 -999.0 -999.0 209.57146790458393 40.979669515611256 209.5067437955256 40.85093565012795 58.13375983626251 64.02331734358935 5400.0 5400.0 2016.0 1 465 {-999.0 23.032349 21.314796 20.34445 -999.0} sdss_psfmag -999.0 -999.0 -999.0 -999.0 63050398660198742 1118064622 bright_1x1 openfibertargets_bhm_lofarradio_boss open_fiber science 0 0 0.0 0.0 -999 ""
FIBERMAP 907 R-6C6 METROLOGY 0 0 0 1 0 0 -105.06694899170833 -108.15773403395445 143.1 -123.74202569347345 -86.13432897060447 38.109844 132.54158 -999.0 -999.0 -999.0 -999.0 -999.0 209.5680165804752 40.97754127962878 209.5033522658522 40.848804669144315 58.13639988841092 64.02717746728194 -999.0 6231.0 -999.0 -1 -999 {-999.0 -999.0 -999.0 -999.0 -999.0} "" -999.0 -999.0 -999.0 -999.0 -999 -999 "" "" "" "" 0 0 0.0 0.0 -999 ""
FIBERMAP 908 R+6C18 APOGEE 0 0 0 1 0 0 155.52806599329983 104.64294263073651 143.1 172.60138697467514 73.0663682866561 253.27321 128.07784 -999.0 -999.0 -999.0 -999.0 -999.0 211.3645776992668 41.69627179651502 211.29444402114325 41.56976340928809 56.76469602749905 62.77498480865063 -999.0 16600.0 -999.0 2 -999 {-999.0 -999.0 -999.0 -999.0 -999.0} "" -999.0 -999.0 -999.0 -999.0 -999 -999 "" "" "" "" 0 0 0.0 0.0 -999 ""
FIBERMAP 908 R+6C18 BOSS 1 1 0 1 0 0 154.83787411053552 104.35450089476008 143.1 171.86896223979446 72.91480606975695 253.27321 128.07784 211.36038516201117 41.69566476993538 0.041537724 -0.620085 -0.09671779 211.36038532229557 41.69566298328633 211.29008356402005 41.56914458607891 56.76797725903585 62.77591320042548 5400.0 5400.0 2016.0 1 203 {-999.0 21.128073 20.818264 20.762167 -999.0} sdss_psfmag 20.350185 20.28716 19.835032 -999.0 63050394850062924 1117015594 bright_1x1 openfibertargets_bhm_quaia_boss open_fiber science 0 0 0.0 0.0 -999 ""
FIBERMAP 908 R+6C18 METROLOGY 0 0 0 1 0 0 154.93549363946906 105.09628575243048 143.1 172.10616602499098 73.62428636151593 253.27321 128.07784 -999.0 -999.0 -999.0 -999.0 -999.0 211.36180455647036 41.69885838775436 211.29154266479702 41.57234266032738 56.7667786096393 62.770148088355484 -999.0 6231.0 -999.0 -1 -999 {-999.0 -999.0 -999.0 -999.0 -999.0} "" -999.0 -999.0 -999.0 -999.0 -999 -999 "" "" "" "" 0 0 0.0 0.0 -999 ""
FIBERMAP 910 R+11C8 APOGEE 0 0 0 1 0 0 -9.91633650894489 232.86083290857596 143.1 34.65090925571833 230.4508752065134 132.71956 58.266693 -999.0 -999.0 -999.0 -999.0 -999.0 210.5292151220892 42.41446064258667 210.45922367423702 42.28673903104056 57.350616469155476 61.40265386250189 -999.0 16600.0 -999.0 2 15 {-999.0 -999.0 -999.0 -999.0 -999.0} "" -999.0 -999.0 -999.0 -999.0 -999 -999 "" ops_sky_apogee_best_unassigned ops_sky sky_apogee 0 0 0.0 0.0 -999 ""
FIBERMAP 910 R+11C8 BOSS 1 1 0 1 0 0 -9.183804105966603 233.0198321943075 143.1 35.40022043767433 230.46731502103074 132.71956 58.266693 210.53401857503388 42.41455671412809 -5.3704996 -0.6887194 0.6352451 210.53399761561468 42.414554729721075 210.4638184435729 42.28683118652839 57.34721830308554 61.40288267654246 5400.0 5400.0 2016.0 1 111 {-999.0 14.710684 14.3903475 14.290237 -999.0} sdss_psfmag_from_g3xp 14.666126 14.395274 13.959452 13.205 63050394850078663 981591997 "" ops_std_boss_tic ops_std standard_boss 0 0 0.0 0.0 -999 ""
FIBERMAP 910 R+11C8 METROLOGY 0 0 0 1 0 0 -9.40545081586255 232.3104832394764 143.1 35.04746218064533 229.8133117008889 132.71956 58.266693 -999.0 -999.0 -999.0 -999.0 -999.0 210.5317712373664 42.41162576768128 210.4616542831077 42.28390198531617 57.34900163179045 61.40811301531943 -999.0 6231.0 -999.0 -1 -999 {-999.0 -999.0 -999.0 -999.0 -999.0} "" -999.0 -999.0 -999.0 -999.0 -999 -999 "" "" "" "" 0 0 0.0 0.0 -999 ""
FIBERMAP 912 R+3C20 APOGEE 0 0 0 1 0 0 181.6604426127434 71.07143672674066 143.1 191.85234649187876 35.13387268052004 84.71437 68.52522 -999.0 -999.0 -999.0 -999.0 -999.0 211.47779010467437 41.52274096885797 211.40782419745915 41.39641114055829 56.685102018731364 63.09553091508633 -999.0 16600.0 -999.0 2 62 {-999.0 -999.0 -999.0 -999.0 -999.0} "" -999.0 -999.0 -999.0 -999.0 -999 -999 "" ops_sky_apogee_best_unassigned ops_sky sky_apogee 0 0 0.0 0.0 -999 ""
FIBERMAP 912 R+3C20 BOSS 1 1 0 1 0 0 182.3297116241474 70.74248030612662 143.1 192.4465563671285 34.68342569642708 84.71437 68.52522 211.48159662204776 41.52076301521415 -5.9239264 -34.290943 0.59727234 211.48157382491857 41.52066421282067 211.41142564026026 41.39433622975654 56.68245854952449 63.09944270675564 5400.0 5400.0 2016.0 1 216 {-999.0 17.192024 16.774538 16.603413 -999.0} sdss_psfmag 17.081194 16.803608 16.248549 15.341 63050394850061853 1072625172 bright_1x1 mwm_halo_local_high_boss_single mwm_halo science 0 0 0.0 0.0 -999 ""
FIBERMAP 912 R+3C20 METROLOGY 0 0 0 1 0 0 181.70541869072443 70.3277717961378 143.1 191.75474677002387 34.3953677877842 84.71437 68.52522 -999.0 -999.0 -999.0 -999.0 -999.0 211.47732405318231 41.51940628800667 211.40723897951477 41.39307370401758 56.68563288322359 63.10158307129234 -999.0 6231.0 -999.0 -1 -999 {-999.0 -999.0 -999.0 -999.0 -999.0} "" -999.0 -999.0 -999.0 -999.0 -999 -999 "" "" "" "" 0 0 0.0 0.0 -999 ""
FIBERMAP 914 R+3C11 APOGEE 1 1 0 1 0 0 -29.740039188221523 77.11990013823402 143.1 -14.491518675431935 81.36435149236718 123.35276 60.88194 210.2264816762611 41.7411616727536 3.2895093 -1.9483885 0.6081635 210.22649437869936 41.741156058867105 210.15877002634372 41.613146230675504 57.61154685163807 62.63037039106403 16000.0 16600.0 2016.0 2 124 {-999.0 13.677363 13.08539 12.871693 -999.0} sdss_psfmag_from_g3xp 13.53518 13.117398 12.531911 11.354 63050394850070194 1109053726 bright_flexible_4x1 mwm_tess_rgb_apogee mwm_tessrgb science 0 0 0.0 0.0 -999 ""
FIBERMAP 914 R+3C11 BOSS 0 0 0 1 0 0 -29.001919217258624 77.19783075257678 143.1 -13.75217509264187 81.30015465243943 123.35276 60.88194 -999.0 -999.0 -999.0 -999.0 -999.0 210.23116970930104 41.74091047305481 210.16326254820046 41.61290024853362 57.6082040606036 62.631135221728016 -999.0 5400.0 -999.0 1 14 {-999.0 -999.0 -999.0 -999.0 -999.0} "" -999.0 -999.0 -999.0 -999.0 -999 -999 "" "" "" "" 0 0 0.0 0.0 -999 ""
FIBERMAP 914 R+3C11 METROLOGY 0 0 0 1 0 0 -29.30176980975909 76.51963996494402 143.1 -14.175754245081551 80.69164007438746 123.35276 60.88194 -999.0 -999.0 -999.0 -999.0 -999.0 210.22853370048057 41.738134342691026 210.16068790784334 41.61012294173506 57.610262209034445 62.636138302959864 -999.0 6231.0 -999.0 -1 -999 {-999.0 -999.0 -999.0 -999.0 -999.0} "" -999.0 -999.0 -999.0 -999.0 -999 -999 "" "" "" "" 0 0 0.0 0.0 -999 ""
FIBERMAP 916 R-13C3 APOGEE 0 0 0 1 0 0 -105.1524747781077 -231.2835102812674 143.1 -147.2941967871786 -206.97014212505167 167.17625 34.886868 -999.0 -999.0 -999.0 -999.0 -999.0 209.43597138927169 40.43152710256447 209.37291049501243 40.30271061950699 58.251206405161014 65.05746518782257 -999.0 16600.0 -999.0 2 198 {-999.0 -999.0 -999.0 -999.0 -999.0} "" -999.0 -999.0 -999.0 -999.0 -999 -999 "" ops_sky_apogee_best_unassigned ops_sky sky_apogee 0 0 0.0 0.0 -999 ""
FIBERMAP 916 R-13C3 BOSS 1 1 0 1 0 0 -104.4552578445396 -231.02695088892833 143.1 -146.5609536189373 -206.85121250745436 167.17625 34.886868 209.44045337299798 40.43205310281299 -0.019839453 0.020364294 0.09531415 209.44045329789918 40.43205316148857 209.3772159497996 40.303239486938416 58.24791208400144 65.05659739806006 5400.0 5400.0 2016.0 1 342 {-999.0 19.976198 19.99628 19.673002 -999.0} sdss_psfmag 19.668276 19.747578 18.892351 -999.0 63050394850066952 1117015629 bright_1x1 openfibertargets_bhm_quaia_boss open_fiber science 0 0 0.0 0.0 -999 ""
FIBERMAP 916 R-13C3 METROLOGY 0 0 0 1 0 0 -104.58039386550695 -231.76869199506785 143.1 -146.82515743273478 -207.55540511127947 167.17625 34.886868 -999.0 -999.0 -999.0 -999.0 -999.0 209.4389084670657 40.42889764726805 209.37572827257748 40.300083280364 58.249115527109524 65.06254643964132 -999.0 6231.0 -999.0 -1 -999 {-999.0 -999.0 -999.0 -999.0 -999.0} "" -999.0 -999.0 -999.0 -999.0 -999 -999 "" "" "" "" 0 0 0.0 0.0 -999 ""
FIBERMAP 918 R-4C10 APOGEE 0 0 0 1 0 0 -33.9853235647171 -71.98554255478048 143.1 -47.07845327955865 -64.17851791299034 22.175547 122.996605 -999.0 -999.0 -999.0 -999.0 -999.0 210.02900216467765 41.078397806698106 209.9632297630443 40.95023569737024 57.785514916302304 63.858624802116026 -999.0 16600.0 -999.0 2 -999 {-999.0 -999.0 -999.0 -999.0 -999.0} "" -999.0 -999.0 -999.0 -999.0 -999 -999 "" "" "" "" 0 0 0.0 0.0 -999 ""
FIBERMAP 918 R-4C10 BOSS 1 1 0 1 0 0 -33.3835945555872 -72.38538979955263 143.1 -46.564048252540836 -64.68567326699835 22.175547 122.996605 210.03225338796156 41.07606300338405 -999.0 -999.0 -999.0 210.03225338796153 41.07606300338406 209.96630887010977 40.9479011863422 57.783267482077214 63.863145267279215 5400.0 5400.0 2016.0 1 408 {-999.0 22.862421 21.177624 20.118467 -999.0} sdss_psfmag -999.0 -999.0 -999.0 -999.0 63050398663869148 1118065507 bright_1x1 openfibertargets_bhm_lofarradio_boss open_fiber science 0 0 0.0 0.0 -999 ""
FIBERMAP 918 R-4C10 METROLOGY 0 0 0 1 0 0 -34.036345262558356 -72.72989379368668 143.1 -47.27040887883024 -64.89939891230279 22.175547 122.996605 -999.0 -999.0 -999.0 -999.0 -999.0 210.02794814866493 41.07509247004272 209.96206348130204 40.94692647949263 57.786504432670334 63.86477464474734 -999.0 6231.0 -999.0 -1 -999 {-999.0 -999.0 -999.0 -999.0 -999.0} "" -999.0 -999.0 -999.0 -999.0 -999 -999 "" "" "" "" 0 0 0.0 0.0 -999 ""
FIBERMAP 919 R-12C2 APOGEE 1 1 0 1 0 0 -156.34247830322653 -233.51931056500933 143.1 -197.96506872081108 -199.40765327678562 254.3702 23.326115 209.13604041984811 40.46486286935771 -9.621722 19.377893 2.0800295 209.13600398068823 40.46491870281804 209.07351262082193 40.335722063864004 58.47861656449986 64.98400953065597 16000.0 16600.0 2016.0 2 204 {-999.0 12.018602 11.499905 11.320917 -999.0} sdss_psfmag_from_g3xp 11.904844 11.529586 10.985713 9.98 63050394850038309 1113899858 bright_1x1 openfibertargets_mwm_subgiant_nataf24_apogee open_fiber science 0 0 0.0 0.0 -999 ""
FIBERMAP 919 R-12C2 BOSS 0 0 0 1 0 0 -156.4494375475974 -232.7835467047647 143.1 -197.9298135466293 -198.66508933299662 254.3702 23.326115 -999.0 -999.0 -999.0 -999.0 -999.0 209.1362916589796 40.46825271294077 209.0736285345222 40.339052126400965 58.47844003413672 64.97764679425597 -999.0 5400.0 -999.0 1 339 {-999.0 -999.0 -999.0 -999.0 -999.0} "" -999.0 -999.0 -999.0 -999.0 -999 -999 "" "" "" "" 0 0 0.0 0.0 -999 ""
FIBERMAP 919 R-12C2 METROLOGY 0 0 0 1 0 0 -155.7491451776805 -233.05107421604458 143.1 -197.29344462001944 -199.0611549304045 254.3702 23.326115 -999.0 -999.0 -999.0 -999.0 -999.0 209.1400414398229 40.466486982771166 209.07742062645048 40.33729228641323 58.47559719401757 64.98115798501112 -999.0 6231.0 -999.0 -1 -999 {-999.0 -999.0 -999.0 -999.0 -999.0} "" -999.0 -999.0 -999.0 -999.0 -999 -999 "" "" "" "" 0 0 0.0 0.0 -999 ""
FIBERMAP 920 R+5C2 APOGEE 0 0 0 1 0 0 -207.85294889137762 102.52645116999282 143.1 -184.47278320754728 140.25071482227867 334.562 169.4783 -999.0 -999.0 -999.0 -999.0 -999.0 209.19044265429406 42.00222340808146 209.12443681897298 41.87285971496932 58.36660567969497 62.05523018478476 -999.0 16600.0 -999.0 2 -999 {-999.0 -999.0 -999.0 -999.0 -999.0} "" -999.0 -999.0 -999.0 -999.0 -999 -999 "" "" "" "" 0 0 0.0 0.0 -999 ""
FIBERMAP 920 R+5C2 BOSS 1 1 0 1 0 0 -207.26550373744112 102.14817178828346 143.1 -183.96828735379725 139.7674516106994 334.562 169.4783 209.19372382366257 42.00009319121251 -20.261847 5.7538342 0.7256473 209.1936452649535 42.000109769691015 209.1274683103985 41.870741844416024 58.36450051379146 62.05955667356171 5400.0 5400.0 2016.0 1 71 {-999.0 17.493555 16.792763 16.532568 -999.0} sdss_psfmag 17.310303 16.835146 16.194275 15.001 63050394850073358 943563235 bright_1x1 openfibertargets_nov2020_46 open_fiber science 0 0 0.0 0.0 -999 ""
FIBERMAP 920 R+5C2 METROLOGY 0 0 0 1 0 0 -207.92030889541294 101.78340028992594 143.1 -184.68052755390167 139.53422431025547 334.562 169.4783 -999.0 -999.0 -999.0 -999.0 -999.0 209.18930179670957 41.998996556940206 209.12318506310294 41.86962568907595 58.367759739612424 62.06125838216087 -999.0 6231.0 -999.0 -1 -999 {-999.0 -999.0 -999.0 -999.0 -999.0} "" -999.0 -999.0 -999.0 -999.0 -999 -999 "" "" "" "" 0 0 0.0 0.0 -999 ""
FIBERMAP 921 R+2C21 APOGEE 0 0 0 1 0 0 191.5948617517859 45.32142773464699 143.1 196.69526877622783 7.965831009721358 34.45585 110.29856 -999.0 -999.0 -999.0 -999.0 -999.0 211.5045154180866 41.39909514531166 211.4347868650391 41.27282038694458 56.66805333044873 63.32137766269864 -999.0 16600.0 -999.0 2 80 {-999.0 -999.0 -999.0 -999.0 -999.0} "" -999.0 -999.0 -999.0 -999.0 -999 -999 "" ops_sky_apogee_best_unassigned ops_sky sky_apogee 0 0 0.0 0.0 -999 ""
FIBERMAP 921 R+2C21 BOSS 1 1 0 1 0 0 192.22476251275273 44.92741755644214 143.1 197.2384378970139 7.459035294766299 34.45585 110.29856 211.5079752094947 41.39676063386781 -999.0 -999.0 -999.0 211.50797520949467 41.39676063386781 211.43806600768647 41.2704876733034 56.665645341265616 63.3257290066564 5400.0 5400.0 2016.0 1 223 {-999.0 21.64148 20.437414 19.92572 -999.0} sdss_psfmag -999.0 -999.0 -999.0 -999.0 63050397948859856 1118044983 bright_1x1 openfibertargets_bhm_lofarradio_boss open_fiber science 0 0 0.0 0.0 -999 ""
FIBERMAP 921 R+2C21 METROLOGY 0 0 0 1 0 0 191.57425079001035 44.56527762991578 143.1 196.5309134360774 7.227572626594438 34.45585 110.29856 -999.0 -999.0 -999.0 -999.0 -999.0 211.5036439815435 41.395759346971566 211.43379726699686 41.26948163272857 56.66887692632249 63.327419647097315 -999.0 6231.0 -999.0 -1 -999 {-999.0 -999.0 -999.0 -999.0 -999.0} "" -999.0 -999.0 -999.0 -999.0 -999 -999 "" "" "" "" 0 0 0.0 0.0 -999 ""
FIBERMAP 925 R-13C12 APOGEE 0 0 0 1 0 0 97.59314723930592 -271.43172876881033 143.1 44.05509229925551 -285.0210361000824 308.07483 60.658432 -999.0 -999.0 -999.0 -999.0 -999.0 210.57125517737518 40.08250334345406 210.50655747437224 39.95519587975327 57.388166503407845 65.72723937687294 -999.0 16600.0 -999.0 2 182 {-999.0 -999.0 -999.0 -999.0 -999.0} "" -999.0 -999.0 -999.0 -999.0 -999 -999 "" ops_sky_apogee_best_unassigned ops_sky sky_apogee 0 0 0.0 0.0 -999 ""
FIBERMAP 925 R-13C12 BOSS 1 1 0 1 0 0 96.86140435303217 -271.56379755891857 143.1 43.31168910591469 -285.0111932068777 308.07483 60.658432 210.5671063146313 40.08257982454904 -18.611797 -3.650473 0.36154908 210.5670362258828 40.08256930643071 210.50217671414498 39.95525648716299 57.3915245866507 65.72713094243142 5400.0 5400.0 2016.0 1 337 {-999.0 18.44747 18.168993 18.039995 -999.0} sdss_psfmag 18.420893 18.149744 17.72722 -999.0 63050394850051283 978130015 "" ops_std_boss ops_std standard_boss 0 0 0.0 0.0 -999 ""
FIBERMAP 925 R-13C12 METROLOGY 0 0 0 1 0 0 97.10291753874584 -270.86686625646496 143.1 43.681580130936354 -284.3731648557999 308.07483 60.658432 -999.0 -999.0 -999.0 -999.0 -999.0 210.5691986333061 40.0853937884506 210.50437665127072 39.958083247964844 57.38983996087378 65.72188373120719 -999.0 6231.0 -999.0 -1 -999 {-999.0 -999.0 -999.0 -999.0 -999.0} "" -999.0 -999.0 -999.0 -999.0 -999 -999 "" "" "" "" 0 0 0.0 0.0 -999 ""
FIBERMAP 932 R0C19 APOGEE 0 0 0 1 0 0 95.80480728974479 -1.2656715422122573 143.1 93.79441775457572 -19.50304716630167 203.98103 92.66463 -999.0 -999.0 -999.0 -999.0 -999.0 210.88207535505006 41.27969413367354 210.8139840310281 41.15260989483857 57.13804542620579 63.51909285060185 -999.0 16600.0 -999.0 2 64 {-999.0 -999.0 -999.0 -999.0 -999.0} "" -999.0 -999.0 -999.0 -999.0 -999 -999 "" ops_sky_apogee_best_unassigned ops_sky sky_apogee 0 0 0.0 0.0 -999 ""
FIBERMAP 932 R0C19 BOSS 1 1 0 1 0 0 95.41485484127212 -0.6257965033877062 143.1 93.5336287642514 -18.800661801751808 203.98103 92.66463 210.88077144670126 41.282894443793225 -999.0 -999.0 -999.0 210.88077144670123 41.28289444379323 210.81250032485076 41.155804251735795 57.139071686992644 63.51314990079417 5400.0 5400.0 2016.0 1 242 {-999.0 22.071194 20.324297 19.763485 -999.0} sdss_psfmag -999.0 -999.0 -999.0 -999.0 63050397233823730 1118024010 bright_1x1 openfibertargets_bhm_lofarradio_boss open_fiber science 0 0 0.0 0.0 -999 ""
FIBERMAP 932 R0C19 METROLOGY 0 0 0 1 0 0 96.1602173113344 -0.5756846899878985 143.1 94.27477873940508 -18.89354418280164 203.98103 92.66463 -999.0 -999.0 -999.0 -999.0 -999.0 210.8851884950412 41.282445634902416 210.81695843744262 41.15536239733396 57.13572893578451 63.514139086437694 -999.0 6231.0 -999.0 -1 -999 {-999.0 -999.0 -999.0 -999.0 -999.0} "" -999.0 -999.0 -999.0 -999.0 -999 -999 "" "" "" "" 0 0 0.0 0.0 -999 ""
FIBERMAP 934 R+3C10 APOGEE 0 0 0 1 0 0 -71.66462612335235 67.83623973530786 143.1 -57.41141877448139 80.24310481499343 184.19797 74.330956 -999.0 -999.0 -999.0 -999.0 -999.0 209.9646817377084 41.7357968256913 209.8975515183779 41.60745144834124 57.806892979677414 62.622578851430035 -999.0 16600.0 -999.0 2 -999 {-999.0 -999.0 -999.0 -999.0 -999.0} "" -999.0 -999.0 -999.0 -999.0 -999 -999 "" "" "" "" 0 0 0.0 0.0 -999 ""
FIBERMAP 934 R+3C10 BOSS 1 1 0 1 0 0 -71.46900863570293 68.63912280262703 143.1 -57.06638113467449 80.9938762960131 184.19797 74.330956 209.9669946195805 41.739301066562426 -20.967602 -13.974912 0.69062823 209.96691365558777 41.73926080066303 209.89959862588393 41.610911209732 57.805184401748804 62.61624343969123 5400.0 5400.0 2016.0 1 24 {-999.0 16.639097 16.169888 15.975553 -999.0} sdss_psfmag 16.53627 16.194857 15.6312685 14.6 63050394850071101 1072625170 bright_1x1 mwm_halo_local_high_boss_single mwm_halo science 0 0 0.0 0.0 -999 ""
FIBERMAP 934 R+3C10 METROLOGY 0 0 0 1 0 0 -70.96266069738284 68.08903712701759 143.1 -56.6742318514294 80.35743682163444 184.19797 74.330956 -999.0 -999.0 -999.0 -999.0 -999.0 209.969268253759 41.736363723035005 209.90200344679226 41.60801933580887 57.80353921580004 62.62183919920915 -999.0 6231.0 -999.0 -1 -999 {-999.0 -999.0 -999.0 -999.0 -999.0} "" -999.0 -999.0 -999.0 -999.0 -999 -999 "" "" "" "" 0 0 0.0 0.0 -999 ""
FIBERMAP 936 R+2C20 APOGEE 0 0 0 1 0 0 159.9733594598896 24.73557615772156 143.1 161.73395570381328 -6.212704383577186 292.12857 108.13228 -999.0 -999.0 -999.0 -999.0 -999.0 211.2930806480327 41.3369567457679 211.22396003504002 41.210408587677406 56.828059853010366 63.428100070482856 -999.0 16600.0 -999.0 2 -999 {-999.0 -999.0 -999.0 -999.0 -999.0} "" -999.0 -999.0 -999.0 -999.0 -999 -999 "" "" "" "" 0 0 0.0 0.0 -999 ""
FIBERMAP 936 R+2C20 BOSS 1 1 0 1 0 0 159.42123687681462 24.233985067455603 143.1 161.0964236085391 -6.599796417499498 292.12857 108.13228 211.28924506346382 41.335299532674256 -41.737762 -22.615046 0.85978216 211.28946383371394 41.3352343719006 211.22017765350802 41.2086785343783 56.830947503258024 63.431131755992396 5400.0 5400.0 2016.0 1 222 {-999.0 13.216628 13.002533 12.955244 -999.0} sdss_psfmag_from_g3xp 13.209792 12.990866 12.629773 12.039 63050394850054548 946006055 bright_1x1 openfibertargets_nov2020_9 open_fiber science 0 0 1.0242865085601807 0.0 -999 ""
FIBERMAP 936 R+2C20 METROLOGY 0 0 0 1 0 0 159.26283830778544 24.963219898958528 143.1 161.07994488856673 -5.853836412309314 292.12857 108.13228 -999.0 -999.0 -999.0 -999.0 -999.0 211.2893598163871 41.33862534535495 211.22011622848572 41.21206957590685 56.83090920076712 63.42493349387462 -999.0 6231.0 -999.0 -1 -999 {-999.0 -999.0 -999.0 -999.0 -999.0} "" -999.0 -999.0 -999.0 -999.0 -999 -999 "" "" "" "" 0 0 0.0 0.0 -999 ""
FIBERMAP 938 R+12C15 APOGEE 0 0 0 1 0 0 142.41460303591984 231.6215598415164 143.1 183.9326697216158 200.19965086203808 191.45465 110.01157 -999.0 -999.0 -999.0 -999.0 -999.0 211.44022030121042 42.26900713358572 211.36852920491117 42.14251099219182 56.68622394130495 61.73602039985417 -999.0 16600.0 -999.0 2 44 {-999.0 -999.0 -999.0 -999.0 -999.0} "" -999.0 -999.0 -999.0 -999.0 -999 -999 "" ops_sky_apogee_best_unassigned ops_sky sky_apogee 0 0 0.0 0.0 -999 ""
FIBERMAP 938 R+12C15 BOSS 1 1 0 1 0 0 142.0241815788712 232.25266177086917 143.1 183.66974819665825 200.89351451760572 191.45465 110.01157 211.43878795279846 42.27218334425707 12.215801 -11.584735 1.1060354 211.43883551947735 42.272149965185406 211.36695883626626 42.145645299473834 56.68723671527589 61.73021846597024 5400.0 5400.0 2016.0 1 179 {-999.0 17.820023 16.837727 16.410345 -999.0} sdss_psfmag 17.441822 16.923182 16.185026 14.768 63050394850063941 936439357 bright_1x1 openfibertargets_nov2020_34a open_fiber science 0 0 0.0 0.0 -999 ""
FIBERMAP 938 R+12C15 METROLOGY 0 0 0 1 0 0 142.7676618228672 232.28085218339766 143.1 184.40487240382794 200.77947429920155 191.45465 110.01157 -999.0 -999.0 -999.0 -999.0 -999.0 211.44323464046215 42.27155948524205 211.37140094020106 42.14506237517901 56.68397489104191 61.73156612913277 -999.0 6231.0 -999.0 -1 -999 {-999.0 -999.0 -999.0 -999.0 -999.0} "" -999.0 -999.0 -999.0 -999.0 -999 -999 "" "" "" "" 0 0 0.0 0.0 -999 ""
FIBERMAP 940 R+12C5 APOGEE 0 0 0 1 0 0 -74.41870327096888 215.08608244634664 143.1 -32.04827845575907 225.298744047561 289.65698 69.74078 -999.0 -999.0 -999.0 -999.0 -999.0 210.11976287972587 42.391946599679976 210.05075326380893 42.26369903197965 57.653713352669065 61.40845534516046 -999.0 16600.0 -999.0 2 -999 {-999.0 -999.0 -999.0 -999.0 -999.0} "" -999.0 -999.0 -999.0 -999.0 -999 -999 "" "" "" "" 0 0 0.0 0.0 -999 ""
FIBERMAP 940 R+12C5 BOSS 1 1 0 1 0 0 -75.1538692916896 215.09912122888983 143.1 -32.76738353568674 225.4516673942383 289.65698 69.74078 210.11617260779903 42.39224640523207 -167.16652 146.1283 11.329457 210.11552043550594 42.392667442402896 210.04634273969762 42.26440814129517 57.65692145692872 61.40671729382792 5400.0 5400.0 2016.0 1 157 {-999.0 16.913849 15.5257435 14.479546 -999.0} sdss_psfmag_ps1 16.377874 14.903765 13.719578 11.507 63050394850072019 1132510846 bright_2x1 mwm_snc_100pc_boss mwm_snc science 0 0 0.0 0.0 -999 ""
FIBERMAP 940 R+12C5 METROLOGY 0 0 0 1 0 0 -74.78590381048355 215.73556358101638 143.1 -32.28490472064486 226.00622152284032 289.65698 69.74078 -999.0 -999.0 -999.0 -999.0 -999.0 210.1184349564019 42.395151002248944 210.0492958178652 42.26689491279602 57.65457159003482 61.402358549271526 -999.0 6231.0 -999.0 -1 -999 {-999.0 -999.0 -999.0 -999.0 -999.0} "" -999.0 -999.0 -999.0 -999.0 -999 -999 "" "" "" "" 0 0 0.0 0.0 -999 ""
FIBERMAP 941 R-13C14 APOGEE 0 0 0 1 0 0 139.49844255846975 -266.07023837669374 143.1 86.20847703201994 -287.7458549210048 261.5988 102.23409 -999.0 -999.0 -999.0 -999.0 -999.0 210.81959299318754 40.070088962328555 210.75440240912894 39.943109011981115 57.19813866753478 65.74882802193588 -999.0 16600.0 -999.0 2 -999 {-999.0 -999.0 -999.0 -999.0 -999.0} "" -999.0 -999.0 -999.0 -999.0 -999 -999 "" "" "" "" 0 0 0.0 0.0 -999 ""
FIBERMAP 941 R-13C14 BOSS 1 1 0 1 0 0 138.7597823961715 -266.1228537097393 143.1 85.47342841864442 -287.65670731362763 261.5988 102.23409 210.8154089306285 40.0705562385259 6.300136 -13.137448 0.46967024 210.81543265163248 40.070518385633214 210.75007807233231 39.94353348889652 57.20145560091823 65.74806730916484 5400.0 5400.0 2016.0 1 257 {-999.0 16.35384 15.942439 15.848168 -999.0} sdss_psfmag 16.242222 15.958222 15.48069 14.734 63050394850047709 979448009 "" ops_std_boss ops_std standard_boss 0 0 0.0 0.0 -999 ""
FIBERMAP 941 R-13C14 METROLOGY 0 0 0 1 0 0 139.08374981377312 -265.45000301168477 143.1 85.91966121011978 -287.058030969487 261.5988 102.23409 -999.0 -999.0 -999.0 -999.0 -999.0 210.81805835604217 40.0731624575573 210.7527410611815 39.94618035949004 57.1994237672549 65.74316723841025 -999.0 6231.0 -999.0 -1 -999 {-999.0 -999.0 -999.0 -999.0 -999.0} "" -999.0 -999.0 -999.0 -999.0 -999 -999 "" "" "" "" 0 0 0.0 0.0 -999 ""
FIBERMAP 942 R+1C24 APOGEE 0 0 0 1 0 0 219.4469347094872 19.110701772925477 143.1 219.03716008618144 -23.06959050159357 198.68419 97.95418 -999.0 -999.0 -999.0 -999.0 -999.0 211.6351686921513 41.256727213256774 211.56549621406714 41.13065039023969 56.57276544273211 63.583539429019766 -999.0 16600.0 -999.0 2 59 {-999.0 -999.0 -999.0 -999.0 -999.0} "" -999.0 -999.0 -999.0 -999.0 -999 -999 "" "" "" "" 0 0 0.0 0.0 -999 ""
FIBERMAP 942 R+1C24 BOSS 1 1 0 1 0 0 219.0988840283023 19.76216651295184 143.1 218.8197081375363 -22.36381608380128 198.68419 97.95418 211.63397893378172 41.25991517289789 -81.393745 8.058348 4.5877304 211.63418094260103 41.2599383909698 211.56432337110232 41.133858273157074 56.57358855135478 63.57768711990113 5400.0 5400.0 2016.0 1 183 {-999.0 12.729535 12.052373 11.764994 -999.0} sdss_psfmag_from_g3xp 12.574544 12.116206 11.443744 10.169 63050394850061509 1114256858 bright_1x1 openfibertargets_mwm_tessperiodic_boss open_fiber science 0 0 1.3909494876861572 0.0 -999 ""
FIBERMAP 942 R+1C24 METROLOGY 0 0 0 1 0 0 219.8499971748208 19.739493181135728 143.1 219.5526294804836 -22.529235647202203 198.68419 97.95418 -999.0 -999.0 -999.0 -999.0 -999.0 211.63847621282068 41.259137603411936 211.56866257341244 41.13306305865067 56.57033584911493 63.57924160599248 -999.0 6231.0 -999.0 -1 -999 {-999.0 -999.0 -999.0 -999.0 -999.0} "" -999.0 -999.0 -999.0 -999.0 -999 -999 "" "" "" "" 0 0 0.0 0.0 -999 ""
FIBERMAP 943 R-4C19 APOGEE 0 0 0 1 0 0 144.5628509110088 -66.83033673641583 143.1 129.15522132345592 -93.15044606477538 162.76051 90.541725 -999.0 -999.0 -999.0 -999.0 -999.0 211.09033204234547 40.94359290481962 211.02257276173543 40.81683590037417 56.988175441379006 64.14300717982837 -999.0 16600.0 -999.0 2 223 {-999.0 -999.0 -999.0 -999.0 -999.0} "" -999.0 -999.0 -999.0 -999.0 -999 -999 "" ops_sky_apogee_best_unassigned ops_sky sky_apogee 0 0 0.0 0.0 -999 ""
FIBERMAP 943 R-4C19 BOSS 1 1 0 1 0 0 144.7737745579429 -66.11322293419815 143.1 129.49893453982816 -92.48677742910365 162.76051 90.541725 211.09268188476562 40.94655958953704 -999.0 -999.0 -999.0 211.0926818847656 40.946559589537046 211.02473531322337 40.819803016234786 56.98648934649209 64.13761228184968 5400.0 5400.0 2015.5 1 291 {-999.0 -999.0 -999.0 -999.0 -999.0} "" -999.0 -999.0 -999.0 -999.0 27021603104373424 817513756 "" ops_sky_boss_good ops_sky sky_boss 0 0 0.0 0.0 -999 ""
FIBERMAP 943 R-4C19 METROLOGY 0 0 0 1 0 0 145.28598111095022 -66.65289814295939 143.1 129.89881852475557 -93.1141153515406 162.76051 90.541725 -999.0 -999.0 -999.0 -999.0 -999.0 211.09497018127598 40.94370376401541 211.0270750227195 40.816951308649685 56.984766667104445 64.14289986695906 -999.0 6231.0 -999.0 -1 -999 {-999.0 -999.0 -999.0 -999.0 -999.0} "" -999.0 -999.0 -999.0 -999.0 -999 -999 "" "" "" "" 0 0 0.0 0.0 -999 ""
FIBERMAP 944 R-1C11 APOGEE 0 0 0 1 0 0 -67.05574620666103 -0.8016332085472797 143.1 -65.97027760158035 11.994241108634643 190.5087 27.858925 -999.0 -999.0 -999.0 -999.0 -999.0 209.91348520293676 41.42505683321038 209.847179597901 41.29669373013813 57.85952571015186 63.202210044398555 -999.0 16600.0 -999.0 2 282 {-999.0 -999.0 -999.0 -999.0 -999.0} "" -999.0 -999.0 -999.0 -999.0 -999 -999 "" ops_sky_apogee_best_unassigned ops_sky sky_apogee 0 0 0.0 0.0 -999 ""
FIBERMAP 944 R-1C11 BOSS 1 1 0 1 0 0 -66.4595882533478 -0.37101354686180976 143.1 -65.30305071536509 12.303278981358158 190.5087 27.858925 209.9175089761474 41.42652441314529 37.872982 -13.904066 4.1526275 209.91765451167282 41.426484351309846 209.85116521151807 41.29812166444965 57.8564713701248 63.19977644224903 5400.0 5400.0 2016.0 1 440 {-999.0 -999.0 -999.0 -999.0 -999.0} "" -999.0 16.356777 -999.0 11.899 63050394850069995 1095481478 bright_1x1 mwm_bin_vis_boss mwm_filler science 0 0 0.0 0.0 -999 ""
FIBERMAP 944 R-1C11 METROLOGY 0 0 0 1 0 0 -66.36784012799066 -1.1024151033405651 143.1 -65.35240464634401 11.567896081376547 190.5087 27.858925 -999.0 -999.0 -999.0 -999.0 -999.0 209.9173267622142 41.423132597340576 209.85089479247767 41.29477065549844 57.856821712281345 63.20605197842633 -999.0 6231.0 -999.0 -1 -999 {-999.0 -999.0 -999.0 -999.0 -999.0} "" -999.0 -999.0 -999.0 -999.0 -999 -999 "" "" "" "" 0 0 0.0 0.0 -999 ""
FIBERMAP 948 R-8C9 APOGEE 0 0 0 1 0 0 -18.455986591925413 -166.67818613323806 143.1 -49.88464893652691 -160.08249959651866 281.62424 125.19231 -999.0 -999.0 -999.0 -999.0 -999.0 210.01366302629768 40.64320077238992 209.94889978587332 40.51508571177965 57.80814962691613 64.6743132854109 -999.0 16600.0 -999.0 2 -999 {-999.0 -999.0 -999.0 -999.0 -999.0} "" -999.0 -999.0 -999.0 -999.0 -999 -999 "" "" "" "" 0 0 0.0 0.0 -999 ""
FIBERMAP 948 R-8C9 BOSS 1 1 0 1 0 0 -18.964410618004 -167.22696037560135 143.1 -50.488282701685904 -160.52423259568405 281.62424 125.19231 210.01020598785334 40.641152323004945 -999.0 -999.0 -999.0 210.0102059878533 40.64115232300494 209.9452856400053 40.513030429766395 57.81094005755361 64.67806146198367 5400.0 5400.0 2016.0 1 384 {-999.0 19.940277 18.565142 18.148138 -999.0} sdss_psfmag 18.881655 21.113771 17.253965 15.017 63050394850052954 1117968610 bright_1x1 openfibertargets_bhm_lofarradio_boss open_fiber science 0 0 0.0 0.0 -999 ""
FIBERMAP 948 R-8C9 METROLOGY 0 0 0 1 0 0 -19.18355838216803 -166.51295517199006 143.1 -50.56729163475062 -159.78164196602998 281.62424 125.19231 -999.0 -999.0 -999.0 -999.0 -999.0 210.00967410207144 40.64451843829937 209.9447953231753 40.5163961075194 57.81124150889601 64.6717300661067 -999.0 6231.0 -999.0 -1 -999 {-999.0 -999.0 -999.0 -999.0 -999.0} "" -999.0 -999.0 -999.0 -999.0 -999 -999 "" "" "" "" 0 0 0.0 0.0 -999 ""
FIBERMAP 950 R-5C15 APOGEE 0 0 0 1 0 0 83.43892914224524 -90.95483533539192 143.1 64.56180637533521 -105.17901383899407 348.848 163.60422 -999.0 -999.0 -999.0 -999.0 -999.0 210.7015604617165 40.890925328787475 210.634759353498 40.76366389385556 57.28271494792405 64.23107544374665 -999.0 16600.0 -999.0 2 -999 {-999.0 -999.0 -999.0 -999.0 -999.0} "" -999.0 -999.0 -999.0 -999.0 -999 -999 "" "" "" "" 0 0 0.0 0.0 -999 ""
FIBERMAP 950 R-5C15 BOSS 1 1 0 1 0 0 84.09778232120468 -91.28550443041618 143.1 65.14546631665158 -105.62915657508523 348.848 163.60422 210.70535597570372 40.88890241557678 -24.850891 -27.04612 0.9423723 210.70526126064814 40.888824487634814 210.63828365089256 40.7615658506731 57.28008764966922 64.23505410169139 5400.0 5400.0 2016.0 1 315 {-999.0 17.181585 16.651957 16.437237 -999.0} sdss_psfmag 17.040846 16.721813 16.060781 15.008 63050394850054730 936439123 bright_1x1 openfibertargets_nov2020_34a open_fiber science 0 0 0.0 0.0 -999 ""
FIBERMAP 950 R-5C15 METROLOGY 0 0 0 1 0 0 83.48929476221502 -91.69923125480366 143.1 64.46935734211978 -105.91926348844954 348.848 163.60422 -999.0 -999.0 -999.0 -999.0 -999.0 210.70112592135627 40.88753039920002 210.63420942725793 40.760267058785 57.28319871690822 64.2373436614323 -999.0 6231.0 -999.0 -1 -999 {-999.0 -999.0 -999.0 -999.0 -999.0} "" -999.0 -999.0 -999.0 -999.0 -999 -999 "" "" "" "" 0 0 0.0 0.0 -999 ""
FIBERMAP 951 R+2C24 APOGEE 0 0 0 1 0 0 252.21483591096825 17.758398437919563 143.1 250.94220966399013 -30.642604151210374 356.62082 26.881021 -999.0 -999.0 -999.0 -999.0 -999.0 211.82420863203166 41.220050603047255 211.75421500498624 41.09423514662525 56.43122398266562 63.65391356955445 -999.0 16600.0 -999.0 2 -999 {-999.0 -999.0 -999.0 -999.0 -999.0} "" -999.0 -999.0 -999.0 -999.0 -999 -999 "" "" "" "" 0 0 0.0 0.0 -999 ""
FIBERMAP 951 R+2C24 BOSS 1 1 0 1 0 0 251.53724560600878 17.45314763542765 143.1 250.21894993428918 -30.813066942497173 356.62082 26.881021 211.82010052429186 41.21933455429923 -999.0 -999.0 -999.0 211.82010052429183 41.21933455429923 211.74993768089738 41.09351153355924 56.434458343852924 63.65513169915858 5400.0 5400.0 2016.0 1 185 {-999.0 19.152187 18.364424 18.01455 -999.0} sdss_psfmag 18.654768 21.240509 17.447517 15.196 63050394850061535 1117968685 bright_1x1 openfibertargets_bhm_lofarradio_boss open_fiber science 0 0 0.0 0.0 -999 ""
FIBERMAP 951 R+2C24 METROLOGY 0 0 0 1 0 0 251.6088401398363 18.193635276757927 143.1 250.43036205218058 -30.099899452920138 356.62082 26.881021 -999.0 -999.0 -999.0 -999.0 -999.0 211.82138699400588 41.2225453471866 211.75126463372192 41.09672416109285 56.43340846211159 63.6493500272353 -999.0 6231.0 -999.0 -1 -999 {-999.0 -999.0 -999.0 -999.0 -999.0} "" -999.0 -999.0 -999.0 -999.0 -999 -999 "" "" "" "" 0 0 0.0 0.0 -999 ""
FIBERMAP 954 R+12C12 APOGEE 0 0 0 1 0 0 84.7832041131792 245.78334386062522 143.1 130.06479001820512 225.08467702046767 115.428406 111.687004 -999.0 -999.0 -999.0 -999.0 -999.0 211.11331197488144 42.385378651258556 211.04207107509148 42.25842882108377 56.92177317781511 61.5018326597737 -999.0 16600.0 -999.0 2 -999 {-999.0 -999.0 -999.0 -999.0 -999.0} "" -999.0 -999.0 -999.0 -999.0 -999 -999 "" "" "" "" 0 0 0.0 0.0 -999 ""
FIBERMAP 954 R+12C12 BOSS 1 1 0 1 0 0 85.28377043061978 246.32856477560088 143.1 130.66003389927724 225.52442001668695 115.428406 111.687004 211.11710269558935 42.387359160069515 10.831557 -15.106937 2.4435244 211.11714494950067 42.387315632488495 211.0457108447146 42.260363822644145 56.91897677596865 61.498564883322885 5400.0 5400.0 2016.0 1 101 {-999.0 17.296804 15.966643 15.333202 -999.0} sdss_psfmag 16.775358 15.897223 14.971595 13.189 63050394850077979 1122407519 bright_1x1 openfibertargets_mwm_snc_further_ext_boss open_fiber science 0 0 0.0 0.0 -999 ""
FIBERMAP 954 R+12C12 METROLOGY 0 0 0 1 0 0 85.51252572303684 245.62601627275055 143.1 130.75065663553528 224.79124329627507 115.428406 111.687004 -999.0 -999.0 -999.0 -999.0 -999.0 211.11762448769775 42.38402410804675 211.04624854994154 42.257074958971266 56.9187605739206 61.50462137322353 -999.0 6231.0 -999.0 -1 -999 {-999.0 -999.0 -999.0 -999.0 -999.0} "" -999.0 -999.0 -999.0 -999.0 -999 -999 "" "" "" "" 0 0 0.0 0.0 -999 ""
FIBERMAP 956 R+10C8 APOGEE 0 0 0 1 0 0 -7.329738674070869 205.06140508291207 143.1 31.891069608140487 202.671781315677 77.742676 67.841415 -999.0 -999.0 -999.0 -999.0 -999.0 210.5118449533021 42.28981570703111 210.44219080373568 42.162090754754324 57.370911510714365 61.63187551147058 -999.0 16600.0 -999.0 2 -999 {-999.0 -999.0 -999.0 -999.0 -999.0} "" -999.0 -999.0 -999.0 -999.0 -999 -999 "" "" "" "" 0 0 0.0 0.0 -999 ""
FIBERMAP 956 R+10C8 BOSS 1 1 0 1 0 0 -6.706793550383227 204.65329438465292 143.1 32.4247239247803 202.15247123325585 77.742676 67.841415 210.5154093598894 42.28745862855549 -29.052814 21.59187 0.6864908 210.51529620455733 42.28752084108803 210.4454635342776 42.15979302989189 57.368628240712724 61.63639981404481 5400.0 5400.0 2016.0 1 120 {-999.0 18.261293 17.297155 16.99708 -999.0} sdss_psfmag 17.96996 17.352154 16.606869 14.969 63050394850078616 1072625184 bright_1x1 mwm_halo_local_high_boss_single mwm_halo science 0 0 0.0 0.0 -999 ""
FIBERMAP 956 R+10C8 METROLOGY 0 0 0 1 0 0 -7.374046524729492 204.31662404469895 143.1 31.70562195568083 201.94919876990204 77.742676 67.841415 -999.0 -999.0 -999.0 -999.0 -999.0 210.51083064337274 42.28661294149967 210.44106024665678 42.15888152677183 57.37194124395385 61.637723075792735 -999.0 6231.0 -999.0 -1 -999 {-999.0 -999.0 -999.0 -999.0 -999.0} "" -999.0 -999.0 -999.0 -999.0 -999 -999 "" "" "" "" 0 0 0.0 0.0 -999 ""
FIBERMAP 962 R-1C12 APOGEE 0 0 0 1 0 0 -45.880363351808825 -11.602371894503202 143.1 -47.24458339088582 -2.6431549506203074 155.78168 107.50134 -999.0 -999.0 -999.0 -999.0 -999.0 210.0273091798633 41.35858504266714 209.96090474447828 41.23037776952396 57.77692947799567 63.333416524690506 -999.0 16600.0 -999.0 2 -999 {-999.0 -999.0 -999.0 -999.0 -999.0} "" -999.0 -999.0 -999.0 -999.0 -999 -999 "" "" "" "" 0 0 0.0 0.0 -999 ""
FIBERMAP 962 R-1C12 BOSS 1 1 0 1 0 0 -45.81132574070049 -10.866233856450002 143.1 -47.03651002948418 -1.9337693849547057 155.78168 107.50134 210.02870056521337 41.36182166719694 0.107995644 0.01712053 -0.14028496 210.02870097979851 41.36182171652628 209.9621150521647 41.23361047071116 57.77588805029134 63.32742871241934 5400.0 5400.0 2016.0 1 439 {-999.0 18.06796 17.755178 17.464022 17.222736} sdss_psfmag_from_gaiadr2 18.20513 17.825018 17.249142 15.907 63050394850069911 1057598223 bright_flexible_2x1 bhm_gua_bright bhm_filler science 0 0 0.0 0.0 -999 ""
FIBERMAP 962 R-1C12 METROLOGY 0 0 0 1 0 0 -45.20065384397274 -11.294708173097813 143.1 -46.518783680672946 -2.4707277256344446 155.78168 107.50134 -999.0 -999.0 -999.0 -999.0 -999.0 210.03180549106696 41.35937798383527 209.96526679965325 41.231172592977416 57.77361926951202 63.33217802801437 -999.0 6231.0 -999.0 -1 -999 {-999.0 -999.0 -999.0 -999.0 -999.0} "" -999.0 -999.0 -999.0 -999.0 -999 -999 "" "" "" "" 0 0 0.0 0.0 -999 ""
FIBERMAP 963 R+9C11 APOGEE 1 1 0 1 0 0 19.67796758906918 167.76474113431416 143.1 51.291165993602206 160.9160760268943 222.99342 100.04683 210.6298620178466 42.10096570915351 9.7168865 -7.6447864 1.2188345 210.62989975176055 42.10094368224742 210.56042997064745 41.973402077448085 57.29401888025194 61.99014221861872 16000.0 16600.0 2016.0 2 28 {-999.0 12.193492 11.509675 11.268096 -999.0} sdss_psfmag_from_g3xp 12.015449 11.551568 10.924471 9.665 63050394850077621 1108122461 bright_1x1 mwm_tess_rgb_apogee mwm_tessrgb science 0 0 0.0 0.0 -999 ""
FIBERMAP 963 R+9C11 BOSS 0 0 0 1 0 0 19.072360698285273 168.19340600099218 143.1 50.77844743900681 161.452255990161 222.99342 100.04683 -999.0 -999.0 -999.0 -999.0 -999.0 210.62697336427888 42.1034448662616 210.55732823391872 41.97589172528607 57.29618793795594 61.985312058258955 -999.0 5400.0 -999.0 1 133 {-999.0 -999.0 -999.0 -999.0 -999.0} "" -999.0 -999.0 -999.0 -999.0 -999 -999 "" "" "" "" 0 0 0.0 0.0 -999 ""
FIBERMAP 963 R+9C11 METROLOGY 0 0 0 1 0 0 19.776441579280693 168.5086987454077 143.1 51.52962259622238 161.62752608618732 222.99342 100.04683 -999.0 -999.0 -999.0 -999.0 -999.0 210.63152115737597 42.104200807202346 210.56191393714528 41.97665548770465 57.29274273520272 61.984239332873756 -999.0 6231.0 -999.0 -1 -999 {-999.0 -999.0 -999.0 -999.0 -999.0} "" -999.0 -999.0 -999.0 -999.0 -999 -999 "" "" "" "" 0 0 0.0 0.0 -999 ""
FIBERMAP 964 R+8C14 APOGEE 0 0 0 1 0 0 107.8928228174986 144.5758004538252 143.1 133.45713351140017 121.34127125255576 34.096474 35.45641 -999.0 -999.0 -999.0 -999.0 -999.0 211.1300301325746 41.91782231073568 211.05988291907397 41.79096717179727 56.931351052851426 62.35860788856661 -999.0 16600.0 -999.0 2 -999 {-999.0 -999.0 -999.0 -999.0 -999.0} "" -999.0 -999.0 -999.0 -999.0 -999 -999 "" "" "" "" 0 0 0.0 0.0 -999 ""
FIBERMAP 964 R+8C14 BOSS 1 1 0 1 0 0 107.63562873481497 143.84675242069946 143.1 133.06572958883726 120.67470808031494 34.096474 35.45641 211.1278082320402 41.91517922284141 -90.10259 -108.385086 17.358078 211.1278533320008 41.914866932691275 211.05753747006813 41.78800778781791 56.93322363024636 62.36389100734906 5400.0 5400.0 2016.0 1 161 {-999.0 15.51217 14.082904 12.97184 -999.0} sdss_psfmag_from_g3xp 14.935482 13.656718 12.538666 10.454 63050394850063282 1150999015 bright_1x1 mwm_snc_100pc_boss_single mwm_snc science 0 0 1.0554174184799194 0.0 -999 ""
FIBERMAP 964 R+8C14 METROLOGY 0 0 0 1 0 0 107.16051370868014 144.43302318093725 143.1 132.71113347537462 121.34071133174265 34.096474 35.45641 -999.0 -999.0 -999.0 -999.0 -999.0 211.1256654309137 41.91790192973581 211.05540003409624 41.79103694207394 56.934687435643156 62.35822023458002 -999.0 6231.0 -999.0 -1 -999 {-999.0 -999.0 -999.0 -999.0 -999.0} "" -999.0 -999.0 -999.0 -999.0 -999 -999 "" "" "" "" 0 0 0.0 0.0 -999 ""
FIBERMAP 965 R+5C15 APOGEE 0 0 0 1 0 0 62.212000504938736 97.83698517725088 143.1 79.71127139386616 84.17247521633999 197.65903 92.68936 -999.0 -999.0 -999.0 -999.0 -999.0 210.8011919578808 41.751978551461626 210.73216866663063 41.62471494330579 57.182804110361126 62.64506905483546 -999.0 16600.0 -999.0 2 -999 {-999.0 -999.0 -999.0 -999.0 -999.0} "" -999.0 -999.0 -999.0 -999.0 -999 -999 "" "" "" "" 0 0 0.0 0.0 -999 ""
FIBERMAP 965 R+5C15 BOSS 1 1 0 1 0 0 61.93295510418864 98.53007691613261 143.1 79.5694847210801 84.90595528213622 197.65903 92.68936 210.80059443486724 41.75534116521693 -3.5334716 6.6634326 1.4239162 210.80058078734947 41.7553603645444 210.7313745936156 41.62809021677407 57.183255179489066 62.638800569301694 5400.0 5400.0 2016.0 1 213 {-999.0 19.940441 18.525314 17.734848 -999.0} sdss_psfmag 19.233696 18.71477 17.026123 15.186 63050394850070420 1096118045 bright_1x1 mwm_bin_vis_boss mwm_filler science 0 0 0.0 0.0 -999 ""
FIBERMAP 965 R+5C15 METROLOGY 0 0 0 1 0 0 62.66770947987181 98.427740042383 143.1 80.2711652137026 84.66546129907496 197.65903 92.68936 -999.0 -999.0 -999.0 -999.0 -999.0 210.8047880589766 41.75423167069875 210.73562531396226 41.62696847124961 57.18012786780033 62.641115082998795 -999.0 6231.0 -999.0 -1 -999 {-999.0 -999.0 -999.0 -999.0 -999.0} "" -999.0 -999.0 -999.0 -999.0 -999 -999 "" "" "" "" 0 0 0.0 0.0 -999 ""
FIBERMAP 971 R+4C2 APOGEE 0 0 0 1 0 0 -238.43316723020806 79.13524454962152 143.1 -218.94675181656083 123.12015600836916 183.22685 107.10724 -999.0 -999.0 -999.0 -999.0 -999.0 208.9830196822983 41.92208975241646 208.91766167825062 41.792480700886 58.52589201785056 62.1879747259336 -999.0 16600.0 -999.0 2 -999 {-999.0 -999.0 -999.0 -999.0 -999.0} "" -999.0 -999.0 -999.0 -999.0 -999 -999 "" "" "" "" 0 0 0.0 0.0 -999 ""
FIBERMAP 971 R+4C2 BOSS 1 1 0 1 0 0 -238.69515323835876 79.83639415665066 143.1 -219.07025825916875 123.85829356153455 183.22685 107.10724 208.98243846020722 41.92539195797042 -13.511847 12.076811 1.7779905 208.98238613379252 41.92542675483725 208.91685448083388 41.79580808150102 58.526259944943845 62.18153684339443 5400.0 5400.0 2016.0 1 72 {-999.0 21.309765 19.93686 18.646257 -999.0} sdss_psfmag 20.725492 19.368275 18.209595 15.862 63050394850073272 1094951118 bright_1x1 mwm_bin_vis_boss mwm_filler science 0 0 0.0 0.0 -999 ""
FIBERMAP 971 R+4C2 METROLOGY 0 0 0 1 0 0 -237.96561838650183 79.71667387401165 143.1 -218.37701424726168 123.60173203496367 183.22685 107.10724 -999.0 -999.0 -999.0 -999.0 -999.0 208.98652888471807 41.92432628930478 208.92103805896193 41.794714984038514 58.52322494260261 62.18404253028757 -999.0 6231.0 -999.0 -1 -999 {-999.0 -999.0 -999.0 -999.0 -999.0} "" -999.0 -999.0 -999.0 -999.0 -999 -999 "" "" "" "" 0 0 0.0 0.0 -999 ""
FIBERMAP 973 R+9C14 APOGEE 0 0 0 1 0 0 95.83539621390861 154.32660617787462 143.1 123.48090074394555 133.21020668006537 314.7531 45.051586 -999.0 -999.0 -999.0 -999.0 -999.0 211.06986178875735 41.97218914041995 210.99971774055848 41.84524581373699 56.97378651963502 62.25559239014075 -999.0 16600.0 -999.0 2 39 {-999.0 -999.0 -999.0 -999.0 -999.0} "" -999.0 -999.0 -999.0 -999.0 -999 -999 "" ops_sky_apogee_best_unassigned ops_sky sky_apogee 0 0 0.0 0.0 -999 ""
FIBERMAP 973 R+9C14 BOSS 1 1 0 1 0 0 95.08585417541998 154.29844615522833 143.1 122.73983247283628 133.32543212743505 314.7531 45.051586 211.0655190330247 41.97287408896031 16.33077 -25.130337 1.5542557 211.06558232311338 41.97280168097928 210.99526807419744 41.8458470249845 56.9770711276718 62.25421884966655 5400.0 5400.0 2016.0 1 162 {-999.0 16.709475 15.753712 15.421858 -999.0} sdss_psfmag 16.381767 15.788859 15.05225 13.522 63050394850063318 1095015017 bright_1x1 mwm_bin_vis_boss mwm_filler science 0 0 0.0 0.0 -999 ""
FIBERMAP 973 R+9C14 METROLOGY 0 0 0 1 0 0 95.4466474282609 154.95930816960433 143.1 123.2199259803127 133.90532203368022 314.7531 45.051586 -999.0 -999.0 -999.0 -999.0 -999.0 211.06847129528668 41.97538720623478 210.9981950739617 41.84843728926699 56.97477715422406 62.249649543310056 -999.0 6231.0 -999.0 -1 -999 {-999.0 -999.0 -999.0 -999.0 -999.0} "" -999.0 -999.0 -999.0 -999.0 -999 -999 "" "" "" "" 0 0 0.0 0.0 -999 ""
FIBERMAP 975 R-1C21 APOGEE 0 0 0 1 0 0 180.33268747942324 -6.046856703758214 143.1 175.85008027390253 -40.30726620360756 86.27768 71.84052 -999.0 -999.0 -999.0 -999.0 -999.0 211.37497421008746 41.18127942658364 211.30604402052177 41.05486481554602 56.769721127014606 63.71460585950922 -999.0 16600.0 -999.0 2 -999 {-999.0 -999.0 -999.0 -999.0 -999.0} "" -999.0 -999.0 -999.0 -999.0 -999 -999 "" "" "" "" 0 0 0.0 0.0 -999 ""
FIBERMAP 975 R-1C21 BOSS 1 1 0 1 0 0 181.0105560940031 -6.287816212527466 143.1 176.46950348480593 -40.672980357737195 86.27768 71.84052 211.37890276374813 41.17957363671637 -999.0 -999.0 -999.0 211.3789027637481 41.17957363671637 211.30979067215182 41.05316191565816 56.7669299067422 63.71781418737887 5400.0 5400.0 2016.0 1 270 {-999.0 20.055101 19.153528 18.673727 -999.0} sdss_psfmag 19.515709 21.090124 17.958908 15.697 63050394850054453 1117968651 bright_1x1 openfibertargets_bhm_lofarradio_boss open_fiber science 0 0 0.0 0.0 -999 ""
FIBERMAP 975 R-1C21 METROLOGY 0 0 0 1 0 0 180.44518124030444 -6.784425096705341 143.1 175.81991346435314 -41.052656256441004 86.27768 71.84052 -999.0 -999.0 -999.0 -999.0 -999.0 211.37490872740923 41.17788828203341 211.30585956791185 41.05147222378611 56.769927054270646 63.72079047252106 -999.0 6231.0 -999.0 -1 -999 {-999.0 -999.0 -999.0 -999.0 -999.0} "" -999.0 -999.0 -999.0 -999.0 -999 -999 "" "" "" "" 0 0 0.0 0.0 -999 ""
FIBERMAP 979 R+3C7 APOGEE 0 0 0 1 0 0 -134.3880872059953 39.181929441742966 143.1 -124.43823439761196 64.07325168195005 312.39844 23.721981 -999.0 -999.0 -999.0 -999.0 -999.0 209.55719825886604 41.66050028957191 209.49114606017372 41.53164881049994 58.114566864498556 62.73458494702777 -999.0 16600.0 -999.0 2 125 {-999.0 -999.0 -999.0 -999.0 -999.0} "" -999.0 -999.0 -999.0 -999.0 -999 -999 "" ops_sky_apogee_best_unassigned ops_sky sky_apogee 0 0 0.0 0.0 -999 ""
FIBERMAP 979 R+3C7 BOSS 1 1 0 1 0 0 -135.06405291815787 39.483131668793945 143.1 -125.04430736231271 64.497733401879 312.39844 23.721981 209.55364416585826 41.66244984767026 -9.299941 -4.2667656 0.97983974 209.55360829807648 41.66243755384583 209.4873900714171 41.533574468524776 58.11726813491872 62.73065151600246 5400.0 5400.0 2016.0 1 43 {-999.0 15.4802685 14.936942 14.776783 -999.0} sdss_psfmag_from_g3xp 15.3586645 14.9809675 14.441507 13.528 63050394850069512 943345557 bright_1x1 openfibertargets_nov2020_46 open_fiber science 0 0 0.0 0.0 -999 ""
FIBERMAP 979 R+3C7 METROLOGY 0 0 0 1 0 0 -134.46991226219902 39.92466091315127 143.1 -124.37698111521595 64.81786390333804 312.39844 23.721981 -999.0 -999.0 -999.0 -999.0 -999.0 209.55761198923423 41.663912035112034 209.49142968036153 41.53505553528601 58.114167191475175 62.728167508885576 -999.0 6231.0 -999.0 -1 -999 {-999.0 -999.0 -999.0 -999.0 -999.0} "" -999.0 -999.0 -999.0 -999.0 -999 -999 "" "" "" "" 0 0 0.0 0.0 -999 ""
FIBERMAP 983 R+6C5 APOGEE 0 0 0 1 0 0 -150.83427362300503 109.71949219199625 143.1 -127.13600450584299 136.44295924329842 231.89558 83.55892 -999.0 -999.0 -999.0 -999.0 -999.0 209.53874530207364 41.98859241086712 209.471986644116 41.85966739743718 58.109246581215444 62.11313474877517 -999.0 16600.0 -999.0 2 150 {-999.0 -999.0 -999.0 -999.0 -999.0} "" -999.0 -999.0 -999.0 -999.0 -999 -999 "" ops_sky_apogee_best_unassigned ops_sky sky_apogee 0 0 0.0 0.0 -999 ""
FIBERMAP 983 R+6C5 BOSS 1 1 0 1 0 0 -151.38394646017372 110.23064934229878 143.1 -127.57809856270542 137.04944693781016 231.89558 83.55892 209.53620100722222 41.99137424222064 -10.250898 -4.7566514 0.88808244 209.53616126816678 41.99136053688843 209.4692316597914 41.86242384162125 58.111116270905754 62.10767734079481 5400.0 5400.0 2016.0 1 49 {-999.0 18.745983 17.37456 16.67051 -999.0} sdss_psfmag 18.190168 17.263771 16.264393 14.436 63050394850074764 936439679 bright_1x1 openfibertargets_nov2020_34a open_fiber science 0 0 0.0 0.0 -999 ""
FIBERMAP 983 R+6C5 METROLOGY 0 0 0 1 0 0 -150.66606901695195 110.45026650833425 143.1 -126.83161772915861 137.12817854161625 231.89558 83.55892 -999.0 -999.0 -999.0 -999.0 -999.0 209.54066582383535 41.9917441245135 209.47377359297104 41.86281517270103 58.107715484681506 62.10735145122146 -999.0 6231.0 -999.0 -1 -999 {-999.0 -999.0 -999.0 -999.0 -999.0} "" -999.0 -999.0 -999.0 -999.0 -999 -999 "" "" "" "" 0 0 0.0 0.0 -999 ""
FIBERMAP 985 R+9C10 APOGEE 0 0 0 1 1 0 18.313742617063696 180.77917554249845 143.1 52.43273197418799 173.95020995603886 8.437977 145.34787 -999.0 -999.0 -999.0 -999.0 -999.0 210.6371828529986 42.15978489841779 210.56755677890953 42.032243428447295 57.285532311756796 61.88194916493774 -999.0 16600.0 -999.0 2 10 {-999.0 -999.0 -999.0 -999.0 -999.0} "" -999.0 -999.0 -999.0 -999.0 -999 -999 "" ops_sky_apogee_best_unassigned ops_sky sky_apogee 0 0 0.0 0.0 -999 ""
FIBERMAP 985 R+9C10 BOSS 0 0 0 1 1 0 18.976133689733498 180.45694116548043 143.1 53.021472166061486 173.50767184549397 8.437977 145.34787 -999.0 -999.0 -999.0 -999.0 -999.0 210.64097694958107 42.1578269290224 210.57117065958175 42.03028350085411 57.28295997673564 61.885843445519754 -999.0 5400.0 -999.0 1 126 {-999.0 -999.0 -999.0 -999.0 -999.0} "" -999.0 -999.0 -999.0 -999.0 -999 -999 "" "" "" "" 0 0 0.0 0.0 -999 ""
FIBERMAP 985 R+9C10 METROLOGY 0 0 0 1 1 0 18.35488409999381 180.03395998615804 143.1 52.33107291261376 173.21091395956847 8.437977 145.34787 -999.0 -999.0 -999.0 -999.0 -999.0 210.6366881604523 42.15649829641757 210.56694466345573 42.028951515240735 57.28616756984939 61.88798467617596 -999.0 6231.0 -999.0 -1 -999 {-999.0 -999.0 -999.0 -999.0 -999.0} "" -999.0 -999.0 -999.0 -999.0 -999 -999 "" "" "" "" 0 0 0.0 0.0 -999 ""
FIBERMAP 986 R+2C13 APOGEE 0 0 1 1 0 0 0.5913855604370196 46.38991112316343 143.1 9.422552175901085 45.42054686242036 9.999181 169.95726 -999.0 -999.0 -999.0 -999.0 -999.0 210.37192965894656 41.577415940400556 210.3042636210422 41.449619196598036 57.51022036591438 62.944192299482154 -999.0 16600.0 -999.0 2 -999 {-999.0 -999.0 -999.0 -999.0 -999.0} "" -999.0 -999.0 -999.0 -999.0 -999 -999 "" "" "" "" 0 0 0.0 0.0 -999 ""
FIBERMAP 986 R+2C13 BOSS 1 0 1 1 0 0 1.3445078342414631 46.38973696405317 143.1 10.161733970103706 45.27682805113714 9.999181 169.95726 210.2829192098129 41.52007818627588 -0.14540727 0.5613171 0.10235002 210.37661034968065 41.57678373761562 210.30876206413927 41.448987630324545 57.506878504290086 62.94563389453407 5400.0 5400.0 2016.0 1 105 {-999.0 20.56275 19.708532 19.485092 -999.0} sdss_psfmag 20.694738 20.225416 19.50252 -999.0 63050394850070073 1117015655 bright_1x1 openfibertargets_bhm_quaia_boss open_fiber science 0 0 0.0 0.0 -999 ""
FIBERMAP 986 R+2C13 METROLOGY 0 0 1 1 0 0 0.9746696467679882 45.74978981459978 143.1 9.676749003279548 44.719190790077526 9.999181 169.95726 -999.0 -999.0 -999.0 -999.0 -999.0 210.37359809412354 41.57424362733134 210.30581149967452 41.446445576889474 57.50919610547551 62.950186961332804 -999.0 6231.0 -999.0 -1 -999 {-999.0 -999.0 -999.0 -999.0 -999.0} "" -999.0 -999.0 -999.0 -999.0 -999 -999 "" "" "" "" 0 0 0.0 0.0 -999 ""
FIBERMAP 988 R+7C6 APOGEE 0 0 0 1 0 0 -108.37526503337509 115.3944225986442 143.1 -84.37938864958701 133.9202526195361 317.07794 32.302597 -999.0 -999.0 -999.0 -999.0 -999.0 209.79953301903907 41.978841820433466 209.73221119672655 41.850248515781004 57.916392780619795 62.153803311336844 -999.0 16600.0 -999.0 2 -999 {-999.0 -999.0 -999.0 -999.0 -999.0} "" -999.0 -999.0 -999.0 -999.0 -999 -999 "" "" "" "" 0 0 0.0 0.0 -999 ""
FIBERMAP 988 R+7C6 BOSS 1 1 0 1 0 0 -109.20452591265366 115.60446407841738 143.1 -85.15330157958242 134.28447560329718 317.07794 32.302597 209.79500027876915 41.980595175987155 -17.072609 -24.860147 2.116677 209.794934105654 41.98052354650008 209.72744684261764 41.85191682504567 57.91983347916213 62.15026123513757 5400.0 5400.0 2016.0 1 67 {-999.0 21.634655 20.04951 18.727331 -999.0} sdss_psfmag 20.83373 19.44916 18.264952 15.893 63050394850071414 1095581531 bright_1x1 mwm_bin_vis_boss mwm_filler science 0 0 0.0 0.0 -999 ""
FIBERMAP 988 R+7C6 METROLOGY 0 0 0 1 0 0 -108.63349658569047 116.09440720268961 143.1 -84.49943202062337 134.65653106980588 317.07794 32.302597 -999.0 -999.0 -999.0 -999.0 -999.0 209.79888078272984 41.982217660618744 209.73142967453532 41.853617416848266 57.91676870744303 62.14740573309524 -999.0 6231.0 -999.0 -1 -999 {-999.0 -999.0 -999.0 -999.0 -999.0} "" -999.0 -999.0 -999.0 -999.0 -999 -999 "" "" "" "" 0 0 0.0 0.0 -999 ""
FIBERMAP 990 R+4C7 APOGEE 1 1 0 1 0 0 -96.62862131350643 84.72180572176387 143.1 -78.69597375379914 101.57508812666805 54.655098 82.53672 209.83469102817136 41.832314878562 -11.833801 -2.3621542 1.2172269 209.83464526693885 41.832308072485 209.76758240368895 41.70378222571908 57.898639987512446 62.431920287127355 16000.0 16600.0 2016.0 2 95 {-999.0 13.213833 12.886066 12.80961 -999.0} sdss_psfmag_from_g3xp 13.177595 12.899614 12.473513 11.665 63050394850071237 932211072 bright_1x1 openfibertargets_nov2020_22 open_fiber science 0 0 0.0 0.0 -999 ""
FIBERMAP 990 R+4C7 BOSS 0 0 0 1 0 0 -96.06443104941343 84.23707371661435 143.1 -78.23459362168457 100.99177053124708 54.655098 82.53672 -999.0 -999.0 -999.0 -999.0 -999.0 209.8375929202736 41.82972181743276 209.7703582678921 41.70119263587845 57.89671650491135 62.437004841351495 -999.0 5400.0 -999.0 1 51 {-999.0 -999.0 -999.0 -999.0 -999.0} "" -999.0 -999.0 -999.0 -999.0 -999 -999 "" "" "" "" 0 0 0.0 0.0 -999 ""
FIBERMAP 990 R+4C7 METROLOGY 0 0 0 1 0 0 -96.76196002628014 83.98367407382786 143.1 -78.96754081112344 100.87600179132617 54.655098 82.53672 -999.0 -999.0 -999.0 -999.0 -999.0 209.833084454723 41.829168165020334 209.76590971468522 41.70063536586453 57.90006399920756 62.43770035483982 -999.0 6231.0 -999.0 -1 -999 {-999.0 -999.0 -999.0 -999.0 -999.0} "" -999.0 -999.0 -999.0 -999.0 -999 -999 "" "" "" "" 0 0 0.0 0.0 -999 ""
FIBERMAP 991 R-3C20 APOGEE 0 0 0 1 0 0 186.71527697290023 -67.82057769111732 143.1 170.3405099444405 -102.15680810532673 33.07601 41.818436 -999.0 -999.0 -999.0 -999.0 -999.0 211.33598185299752 40.90107419891731 211.2677940505754 40.77465086197452 56.803173872992474 64.22524475282103 -999.0 16600.0 -999.0 2 226 {-999.0 -999.0 -999.0 -999.0 -999.0} "" -999.0 -999.0 -999.0 -999.0 -999 -999 "" ops_sky_apogee_best_unassigned ops_sky sky_apogee 0 0 0.0 0.0 -999 ""
FIBERMAP 991 R-3C20 BOSS 1 1 0 1 0 0 186.533743770417 -68.53636472737612 143.1 170.0258973300229 -102.82477640185739 33.07601 41.818436 211.33436019117852 40.898058019495714 -23.983337 -6.927058 2.4950912 211.33426876992948 40.89803806054763 211.26591496104916 40.77161178883513 56.80463539053623 64.23076204291979 5400.0 5400.0 2016.0 1 290 {-999.0 19.808767 18.32435 17.372934 -999.0} sdss_psfmag 19.21048 18.072239 16.98218 15.01 63050394850054016 1095553703 bright_1x1 mwm_bin_vis_boss mwm_filler science 0 0 0.0 0.0 -999 ""
FIBERMAP 991 R-3C20 METROLOGY 0 0 0 1 0 0 185.99726162243442 -68.02550324147 143.1 169.59669402611382 -102.22109310570201 33.07601 41.818436 -999.0 -999.0 -999.0 -999.0 -999.0 211.33170743182973 40.90079582125909 211.26340302146082 40.774365591252604 56.80650250462522 64.2256882917793 -999.0 6231.0 -999.0 -1 -999 {-999.0 -999.0 -999.0 -999.0 -999.0} "" -999.0 -999.0 -999.0 -999.0 -999 -999 "" "" "" "" 0 0 0.0 0.0 -999 ""
FIBERMAP 994 R+7C2 APOGEE 0 0 0 1 0 0 -171.2317926541187 131.21970305149992 143.1 -143.05884041129866 161.43398550139872 36.69239 56.654537 -999.0 -999.0 -999.0 -999.0 -999.0 209.441251156438 42.10061871431421 209.37445542270234 41.97155382065961 58.174202624328984 61.892461822374685 -999.0 16600.0 -999.0 2 -999 {-999.0 -999.0 -999.0 -999.0 -999.0} "" -999.0 -999.0 -999.0 -999.0 -999 -999 "" "" "" "" 0 0 0.0 0.0 -999 ""
FIBERMAP 994 R+7C2 BOSS 1 1 0 1 0 0 -171.15795189236076 130.46830007197184 143.1 -143.1295833700579 160.68238373724932 36.69239 56.654537 209.44096802483196 42.09726553980063 0.05084582 -0.24230258 -0.87756974 209.4409682222718 42.097264841654926 209.37401071248308 41.96819138891822 58.174763860191 61.89877984151277 5400.0 5400.0 2016.0 1 70 {-999.0 20.602072 20.720106 20.546173 -999.0} sdss_psfmag 20.526758 20.460297 19.962097 -999.0 63050394850074832 1117015592 bright_1x1 openfibertargets_bhm_quaia_boss open_fiber science 0 0 0.0 0.0 -999 ""
FIBERMAP 994 R+7C2 METROLOGY 0 0 0 1 0 0 -171.84600950078183 130.79614709795067 143.1 -143.74244634357802 161.1353229884951 36.69239 56.654537 -999.0 -999.0 -999.0 -999.0 -999.0 209.43718821427927 42.0992621392929 209.37028288502063 41.97018609246559 58.177391671376114 61.894644266541604 -999.0 6231.0 -999.0 -1 -999 {-999.0 -999.0 -999.0 -999.0 -999.0} "" -999.0 -999.0 -999.0 -999.0 -999 -999 "" "" "" "" 0 0 0.0 0.0 -999 ""
FIBERMAP 996 R-6C15 APOGEE 1 1 0 1 0 0 85.0259490285118 -102.59120515563097 143.1 63.901585306068576 -116.90299628367382 120.46115 104.296364 210.69717616570756 40.83787250195202 -29.25016 -48.78761 4.4745626 210.69706476953547 40.83773193030724 210.63039454649535 40.710473834532806 57.28704098469365 64.32935593678152 16000.0 16600.0 2016.0 2 183 {-999.0 12.574367 12.027035 11.85345 -999.0} sdss_psfmag_from_g3xp 12.452168 12.066978 11.516929 10.509 63050394850054609 1103502992 bright_flexible_2x1 mwm_tess_2min_apogee mwm_planet science 0 0 0.0 0.0 -999 ""
FIBERMAP 996 R-6C15 BOSS 0 0 0 1 0 0 85.5682884916163 -102.0790068464636 143.1 64.53153671296796 -116.50362820700589 120.46115 104.296364 -999.0 -999.0 -999.0 -999.0 -999.0 210.7010759878432 40.83948401923668 210.63422070858337 40.71222745369198 57.28410885171463 64.32621087845564 -999.0 5400.0 -999.0 1 316 {-999.0 -999.0 -999.0 -999.0 -999.0} "" -999.0 -999.0 -999.0 -999.0 -999 -999 "" "" "" "" 0 0 0.0 0.0 -999 ""
FIBERMAP 996 R-6C15 METROLOGY 0 0 0 1 0 0 85.74601710565095 -102.81401510779358 143.1 64.56588808913607 -117.25893940637471 120.46115 104.296364 -999.0 -999.0 -999.0 -999.0 -999.0 210.7011919714544 40.83606534822332 210.63439331607242 40.708810157087115 57.28404099368013 64.33253704010497 -999.0 6231.0 -999.0 -1 -999 {-999.0 -999.0 -999.0 -999.0 -999.0} "" -999.0 -999.0 -999.0 -999.0 -999 -999 "" "" "" "" 0 0 0.0 0.0 -999 ""
FIBERMAP 999 R0C27 APOGEE 0 0 0 1 0 0 281.5152843329616 17.41932537028075 143.1 279.63696244218147 -36.5601887960665 168.2061 56.48153 -999.0 -999.0 -999.0 -999.0 -999.0 211.99319937787945 41.190992162701214 211.92291086359307 41.06541103024487 56.30448183741419 63.709194360727565 -999.0 16600.0 -999.0 2 -999 {-999.0 -999.0 -999.0 -999.0 -999.0} "" -999.0 -999.0 -999.0 -999.0 -999 -999 "" "" "" "" 0 0 0.0 0.0 -999 ""
FIBERMAP 999 R0C27 BOSS 1 1 0 1 0 0 282.022667025547 17.94960190416252 143.1 280.23604837219335 -36.136413441561935 168.2061 56.48153 211.99702405173372 41.19296120036819 -16.819832 -35.488853 0.7834355 211.99695964891092 41.19285894642364 211.92647779024657 41.06728109394558 56.301768895798546 63.70588579541913 5400.0 5400.0 2016.0 1 174 {-999.0 17.561115 16.864424 16.634998 -999.0} sdss_psfmag 17.399033 16.91659 16.272585 14.957 63050394850057805 1072729132 bright_1x1 mwm_halo_local_high_boss_single mwm_halo science 0 0 0.0 0.0 -999 ""
FIBERMAP 999 R0C27 METROLOGY 0 0 0 1 0 0 282.2382170258018 17.23485233123563 143.1 280.31138409874796 -36.87904894788146 168.2061 56.48153 -999.0 -999.0 -999.0 -999.0 -999.0 211.99724777787722 41.18949885343539 211.92682469424722 41.063922236307754 56.30155010294782 63.71194525746296 -999.0 6231.0 -999.0 -1 -999 {-999.0 -999.0 -999.0 -999.0 -999.0} "" -999.0 -999.0 -999.0 -999.0 -999 -999 "" "" "" "" 0 0 0.0 0.0 -999 ""
FIBERMAP 1004 R-13C1 APOGEE 1 1 0 1 0 0 -141.27345792483962 -266.3577726937086 143.1 -189.43344679042286 -234.51192533329305 298.42862 104.908646 209.19062889248258 40.30820922769206 -33.44837 -6.939359 2.900057 209.19050251201847 40.30818923326856 209.1282314372986 40.17908457619668 58.44061281943671 65.28527301172616 16000.0 16600.0 2016.0 2 199 {-999.0 11.299725 10.99437 10.912113 -999.0} sdss_psfmag_from_g3xp 11.26518 11.006199 10.586681 9.882 63050394850038220 974724873 "" ops_std_apogee ops_std standard_apogee 0 0 0.0 0.0 -999 ""
FIBERMAP 1004 R-13C1 BOSS 0 0 0 1 0 0 -141.7984253046912 -266.8742412980798 143.1 -190.0471608438503 -234.91879603196367 298.42862 104.908646 -999.0 -999.0 -999.0 -999.0 -999.0 209.18714180037122 40.30640295749922 209.12471801800962 40.17729104059239 58.443334897799964 65.2885897112094 -999.0 5400.0 -999.0 1 340 {-999.0 -999.0 -999.0 -999.0 -999.0} "" -999.0 -999.0 -999.0 -999.0 -999 -999 "" "" "" "" 0 0 0.0 0.0 -999 ""
FIBERMAP 1004 R-13C1 METROLOGY 0 0 0 1 0 0 -141.99850502108555 -266.1579639351247 143.1 -190.10702076105815 -234.17760964090365 298.42862 104.908646 -999.0 -999.0 -999.0 -999.0 -999.0 209.18664838355372 40.309701530169995 209.12426508624776 40.18058924530848 58.44361033299525 65.28227478283486 -999.0 6231.0 -999.0 -1 -999 {-999.0 -999.0 -999.0 -999.0 -999.0} "" -999.0 -999.0 -999.0 -999.0 -999 -999 "" "" "" "" 0 0 0.0 0.0 -999 ""
FIBERMAP 1009 R-13C2 APOGEE 0 0 0 1 0 0 -102.3338066661538 -253.78735991021924 143.1 -148.81689497577452 -229.5956803146615 56.403706 42.06375 -999.0 -999.0 -999.0 -999.0 -999.0 209.4290448427031 40.33026119147842 209.3662182763809 40.20145143058531 58.25839731992205 65.24968040986806 -999.0 16600.0 -999.0 2 190 {-999.0 -999.0 -999.0 -999.0 -999.0} "" -999.0 -999.0 -999.0 -999.0 -999 -999 "" ops_sky_apogee_best_unassigned ops_sky sky_apogee 0 0 0.0 0.0 -999 ""
FIBERMAP 1009 R-13C2 BOSS 1 1 0 1 0 0 -102.22954476011037 -254.51999625279984 143.1 -148.85420156243447 -230.33466037148017 56.403706 42.06375 209.42906133848476 40.326963552143695 -999.0 -999.0 -999.0 209.42906133848473 40.326963552143695 209.3660764717125 40.19815190094431 58.2585687875543 65.25594713787022 5400.0 5400.0 2016.0 1 341 {-999.0 22.21307 20.628311 20.130905 -999.0} sdss_psfmag -999.0 -999.0 -999.0 -999.0 63050397230186600 1118023183 bright_1x1 openfibertargets_bhm_lofarradio_boss open_fiber science 0 0 0.0 0.0 -999 ""
FIBERMAP 1009 R-13C2 METROLOGY 0 0 0 1 0 0 -102.92619940552596 -254.24068382282937 143.1 -149.48475369064798 -229.92772084133333 56.403706 42.06375 -999.0 -999.0 -999.0 -999.0 -999.0 209.4252557985084 40.3287799560627 209.36232200197935 40.199963916138636 58.26140125716649 65.25239889875752 -999.0 6231.0 -999.0 -1 -999 {-999.0 -999.0 -999.0 -999.0 -999.0} "" -999.0 -999.0 -999.0 -999.0 -999 -999 "" "" "" "" 0 0 0.0 0.0 -999 ""
FIBERMAP 1011 R+6C3 APOGEE 0 0 0 1 0 0 -186.10039491848605 109.24392626062854 143.1 -161.84154020744114 142.6980272865399 192.86601 145.32277 -999.0 -999.0 -999.0 -999.0 -999.0 209.32755853056744 42.01487636923037 209.26121503265767 41.885682006693166 58.26412707854441 62.04418525690568 -999.0 16600.0 -999.0 2 126 {-999.0 -999.0 -999.0 -999.0 -999.0} "" -999.0 -999.0 -999.0 -999.0 -999 -999 "" ops_sky_apogee_best_unassigned ops_sky sky_apogee 0 0 0.0 0.0 -999 ""
FIBERMAP 1011 R+6C3 BOSS 1 1 0 1 0 0 -186.7856086811353 109.51680284487952 143.1 -162.46208941798307 143.0964691421647 192.86601 145.32277 209.3239061159456 42.01667085477128 -999.0 -999.0 -999.0 209.3239061159456 42.016670854771284 209.25739747334546 41.8874630526015 58.266841463527214 62.04043964209562 5400.0 5400.0 2015.5 1 27 {-999.0 -999.0 -999.0 -999.0 -999.0} "" -999.0 -999.0 -999.0 -999.0 27021603104392888 817514822 "" ops_sky_boss_good ops_sky sky_boss 0 0 0.0 0.0 -999 ""
FIBERMAP 1011 R+6C3 METROLOGY 0 0 0 1 0 0 -186.20837617579102 109.99012946942501 143.1 -161.80529839539764 143.4510326035061 192.86601 145.32277 -999.0 -999.0 -999.0 -999.0 -999.0 209.32784310374686 42.01830759300424 209.26136983262495 41.88910690361287 58.26377928041746 62.03770408605345 -999.0 6231.0 -999.0 -1 -999 {-999.0 -999.0 -999.0 -999.0 -999.0} "" -999.0 -999.0 -999.0 -999.0 -999 -999 "" "" "" "" 0 0 0.0 0.0 -999 ""
FIBERMAP 1012 R+1C12 APOGEE 0 0 0 1 0 0 -32.481300855452524 39.4880082017709 143.1 -24.35493639373211 44.9498710148209 140.16136 51.114548 -999.0 -999.0 -999.0 -999.0 -999.0 210.16624108426134 41.575448826956354 210.09903364136164 41.44738670975653 57.66400077101613 62.93578027501678 -999.0 16600.0 -999.0 2 -999 {-999.0 -999.0 -999.0 -999.0 -999.0} "" -999.0 -999.0 -999.0 -999.0 -999 -999 "" "" "" "" 0 0 0.0 0.0 -999 ""
FIBERMAP 1012 R+1C12 BOSS 1 1 0 1 0 0 -31.73586715806759 39.6483848054701 143.1 -23.59269963301296 44.9652036794752 140.16136 51.114548 210.17091908518472 41.57508210492019 -77.00672 161.17136 14.299224 210.17103928977826 41.575546487082434 210.10364663412835 41.4474880276145 57.660541974562086 62.93588213106231 5400.0 5400.0 2016.0 1 22 {-999.0 15.317706 13.954412 12.771861 -999.0} sdss_psfmag_from_g3xp 14.7837105 13.46415 12.329305 10.108 63050394850070119 1150985823 bright_1x1 mwm_snc_100pc_boss_single mwm_snc science 0 0 1.122495412826538 0.0 -999 ""
FIBERMAP 1012 R+1C12 METROLOGY 0 0 0 1 0 0 -31.97793983892778 38.93729079006598 143.1 -23.96583928649288 44.313380788344894 140.16136 51.114548 -999.0 -999.0 -999.0 -999.0 -999.0 210.16871851930426 41.57257500895662 210.10138874121765 41.44451235832083 57.66236657472792 62.94129702380803 -999.0 6231.0 -999.0 -1 -999 {-999.0 -999.0 -999.0 -999.0 -999.0} "" -999.0 -999.0 -999.0 -999.0 -999 -999 "" "" "" "" 0 0 0.0 0.0 -999 ""
FIBERMAP 1013 R+10C15 APOGEE 0 0 0 1 0 0 148.21537052138862 188.94627817562133 143.1 181.49225400599838 157.2067706561372 353.20096 102.99066 -999.0 -999.0 -999.0 -999.0 -999.0 211.42347648986362 42.076045663232485 211.35229426541775 41.949557097911516 56.707033179013415 62.08607871762081 -999.0 16600.0 -999.0 2 68 {-999.0 -999.0 -999.0 -999.0 -999.0} "" -999.0 -999.0 -999.0 -999.0 -999 -999 "" ops_sky_apogee_best_unassigned ops_sky sky_apogee 0 0 0.0 0.0 -999 ""
FIBERMAP 1013 R+10C15 BOSS 1 1 0 1 0 0 148.32332964753599 188.2131673822136 143.1 181.45848593387782 156.46662020606612 353.20096 102.99066 211.42346015253455 42.07273980520817 -4.038865 -0.62144184 0.102978975 211.42344447524493 42.0727380146486 211.3520901905067 41.94624419292607 56.70732702861585 62.092096620373475 5400.0 5400.0 2016.0 1 228 {-999.0 17.066637 16.483294 16.249086 -999.0} sdss_psfmag 16.909904 16.498346 15.909722 14.752 63050394850063854 943208485 bright_1x1 openfibertargets_nov2020_46 open_fiber science 0 0 0.0 0.0 -999 ""
FIBERMAP 1013 R+10C15 METROLOGY 0 0 0 1 0 0 147.62879649213906 188.4748193229908 143.1 180.82664996585882 156.85582100484217 353.20096 102.99066 -999.0 -999.0 -999.0 -999.0 -999.0 211.41957871441082 42.07454526542486 211.34827973183894 41.94804758456071 56.71008107328982 62.088592481161754 -999.0 6231.0 -999.0 -1 -999 {-999.0 -999.0 -999.0 -999.0 -999.0} "" -999.0 -999.0 -999.0 -999.0 -999 -999 "" "" "" "" 0 0 0.0 0.0 -999 ""
FIBERMAP 1016 R+1C16 APOGEE 1 1 0 1 0 0 47.60768684484496 7.262124043178184 143.1 48.11274267126067 -1.946179338803288 246.44344 106.452835 210.606094758139 41.36109617448828 -8.230471 -34.61195 5.7101793 210.60606316253532 41.36099644717686 210.53838418942172 41.233538956158405 57.3428224890758 63.357715826263146 16000.0 16600.0 2016.0 2 51 {-999.0 8.719474 8.387442 8.271852 -999.0} sdss_psfmag_from_g3xp 8.678075 8.398718 7.9468846 7.165 63050394850055202 974725045 "" ops_std_apogee ops_std standard_apogee 0 0 0.0 0.0 -999 ""
FIBERMAP 1016 R+1C16 BOSS 0 0 0 1 0 0 46.86997025166121 7.3374570461119575 143.1 47.403007625109176 -1.7316259589555216 246.44344 106.452835 -999.0 -999.0 -999.0 -999.0 -999.0 210.60197258228945 41.36199449433053 210.53412710237922 41.23452575156378 57.34598871614445 63.35568737059526 -999.0 5400.0 -999.0 1 190 {-999.0 -999.0 -999.0 -999.0 -999.0} "" -999.0 -999.0 -999.0 -999.0 -999 -999 "" "" "" "" 0 0 0.0 0.0 -999 ""
FIBERMAP 1016 R+1C16 METROLOGY 0 0 0 1 0 0 47.30112365539772 7.951118178916957 143.1 47.9431653397613 -1.2114762176371696 246.44344 106.452835 -999.0 -999.0 -999.0 -999.0 -999.0 210.60521008254253 41.364350597339275 210.53740133165445 41.23688697235298 57.34344789728707 63.35146847686792 -999.0 6231.0 -999.0 -1 -999 {-999.0 -999.0 -999.0 -999.0 -999.0} "" -999.0 -999.0 -999.0 -999.0 -999 -999 "" "" "" "" 0 0 0.0 0.0 -999 ""
FIBERMAP 1017 R+5C18 APOGEE 0 0 0 1 0 0 127.08355551185731 90.72738364017926 143.1 142.02978107760447 64.82940442633678 243.1914 62.85243 -999.0 -999.0 -999.0 -999.0 -999.0 211.17900585049006 41.660957079051066 211.10936501546507 41.53420679180344 56.904337442343596 62.83126929116173 -999.0 16600.0 -999.0 2 70 {-999.0 -999.0 -999.0 -999.0 -999.0} "" -999.0 -999.0 -999.0 -999.0 -999 -999 "" ops_sky_apogee_best_unassigned ops_sky sky_apogee 0 0 0.0 0.0 -999 ""
FIBERMAP 1017 R+5C18 BOSS 1 1 0 1 0 0 126.78507602915548 91.38470895737836 143.1 141.86210198475322 65.53148274660175 243.1914 62.85243 211.17846897703845 41.664190141085314 -49.023693 -2.471691 2.180038 211.17827989855084 41.66418301925485 211.1084549293938 41.537427114758174 56.90490565117591 62.82533161898204 5400.0 5400.0 2016.0 1 209 {-999.0 16.676579 15.547615 15.010205 -999.0} sdss_psfmag 16.269356 15.501865 14.628798 12.917 63050394850062905 1125989249 bright_1x1 openfibertargets_mwm_snc_further_ext_boss open_fiber science 0 0 0.0 0.0 -999 ""
FIBERMAP 1017 R+5C18 METROLOGY 0 0 0 1 0 0 127.5239559584275 91.32931784897481 143.1 142.5767798828851 65.33628127473567 243.1914 62.85243 -999.0 -999.0 -999.0 -999.0 -999.0 211.18253601105638 41.66324750338233 211.11275457118734 41.536498220947955 56.90172171741943 62.8272378239181 -999.0 6231.0 -999.0 -1 -999 {-999.0 -999.0 -999.0 -999.0 -999.0} "" -999.0 -999.0 -999.0 -999.0 -999 -999 "" "" "" "" 0 0 0.0 0.0 -999 ""
FIBERMAP 1018 R-1C8 APOGEE 0 0 0 1 0 0 -110.4386965594418 -19.350660421804932 143.1 -112.08762363506416 2.0566928806500324 0.4744949 118.753395 -999.0 -999.0 -999.0 -999.0 -999.0 209.63424194551186 41.378848444550655 209.5686557763662 41.25013744007609 58.070743126195566 63.272086355103056 -999.0 16600.0 -999.0 2 -999 {-999.0 -999.0 -999.0 -999.0 -999.0} "" -999.0 -999.0 -999.0 -999.0 -999 -999 "" "" "" "" 0 0 0.0 0.0 -999 ""
FIBERMAP 1018 R-1C8 BOSS 1 1 0 1 0 0 -110.07133639778809 -19.993895045976487 143.1 -111.84965008783261 1.3553161421763995 0.4744949 118.753395 209.63586605166105 41.37566629315026 -15.010582 0.97824425 0.99647874 209.63580841517987 41.37566911174808 209.57005669528564 41.246954939424874 58.06983780941758 63.278189301183524 5400.0 5400.0 2016.0 1 482 {-999.0 14.767166 14.260117 14.119209 -999.0} sdss_psfmag_from_g3xp 14.662705 14.302476 13.782079 12.862 63050394850069200 943345553 bright_1x1 openfibertargets_nov2020_46 open_fiber science 0 0 0.0 0.0 -999 ""
FIBERMAP 1018 R-1C8 METROLOGY 0 0 0 1 0 0 -110.81712419433248 -19.993664703021505 143.1 -112.58162213563512 1.4976921215315107 0.4744949 118.753395 -999.0 -999.0 -999.0 -999.0 -999.0 209.63133849657197 41.37629517373195 209.565643304751 41.2475766759182 58.073123909281776 63.27672549809506 -999.0 6231.0 -999.0 -1 -999 {-999.0 -999.0 -999.0 -999.0 -999.0} "" -999.0 -999.0 -999.0 -999.0 -999 -999 "" "" "" "" 0 0 0.0 0.0 -999 ""
FIBERMAP 1019 R+3C24 APOGEE 1 1 0 1 0 0 248.0148929443957 48.50039035774085 143.1 252.679359997154 0.3322254444985785 227.79688 114.19796 211.83838002558235 41.36003762905954 -28.732033 16.087275 2.7561474 211.83826972895054 41.36008398122262 211.76790892359975 41.23426645413181 56.41849991181705 63.40106541062639 16000.0 16600.0 2016.0 2 84 {-999.0 11.811663 11.542919 11.4785795 -999.0} sdss_psfmag_from_g3xp 11.785354 11.546923 11.153964 10.486 63050394850061569 1076191195 bright_1x1 mwm_snc_ext_main_apogee mwm_snc science 0 0 0.0 0.0 -999 ""
FIBERMAP 1019 R+3C24 BOSS 0 0 0 1 0 0 247.31277174908107 48.731115694290224 143.1 252.03418138703495 0.6925170432353164 227.79688 114.19796 -999.0 -999.0 -999.0 -999.0 -999.0 211.83468228244408 41.36177289239663 211.76414531327123 41.23594700237049 56.42129765452646 63.397930024895345 -999.0 5400.0 -999.0 1 246 {-999.0 -999.0 -999.0 -999.0 -999.0} "" -999.0 -999.0 -999.0 -999.0 -999 -999 "" "" "" "" 0 0 0.0 0.0 -999 ""
FIBERMAP 1019 R+3C24 METROLOGY 0 0 0 1 0 0 247.86177683824658 49.229886499321154 143.1 252.66811599986139 1.0774350775660153 227.79688 114.19796 -999.0 -999.0 -999.0 -999.0 -999.0 211.8384377746273 41.3634597338211 211.76793966129617 41.23763941014593 56.41841252442339 63.39496929526763 -999.0 6231.0 -999.0 -1 -999 {-999.0 -999.0 -999.0 -999.0 -999.0} "" -999.0 -999.0 -999.0 -999.0 -999 -999 "" "" "" "" 0 0 0.0 0.0 -999 ""
FIBERMAP 1025 R-7C7 APOGEE 0 0 0 1 0 0 -95.7073187312101 -133.17125538479718 143.1 -119.32290089206039 -112.46992623755945 202.56854 81.96365 -999.0 -999.0 -999.0 -999.0 -999.0 209.5958821140905 40.858182774215095 209.53154198557866 40.72950287250367 58.11911652612309 64.2543576120147 -999.0 16600.0 -999.0 2 294 {-999.0 -999.0 -999.0 -999.0 -999.0} "" -999.0 -999.0 -999.0 -999.0 -999 -999 "" "" "" "" 0 0 0.0 0.0 -999 ""
FIBERMAP 1025 R-7C7 BOSS 1 1 0 1 0 0 -95.90601095289688 -132.46032553948382 143.1 -119.38241819275434 -111.7342530775505 202.56854 81.96365 209.59552418496597 40.86159842715727 19.619684 -40.661785 1.043336 209.59559893126428 40.861481268454085 209.53108439444551 40.73279665619041 58.11935725644662 64.24810332115858 5400.0 5400.0 2016.0 1 410 {-999.0 19.038063 17.98026 17.5601 -999.0} sdss_psfmag 18.676168 17.967909 17.173925 15.858 63050394850067432 1072675478 bright_1x1 mwm_halo_local_high_boss_single mwm_halo science 0 0 0.0 0.0 -999 ""
FIBERMAP 1025 R-7C7 METROLOGY 0 0 0 1 0 0 -95.17917610327517 -132.64179574525846 143.1 -118.7035940862611 -112.05090961232348 202.56854 81.96365 -999.0 -999.0 -999.0 -999.0 -999.0 209.59964646826452 40.860063853514696 209.53517394063613 40.731385502747884 58.11630528528316 64.2509622452817 -999.0 6231.0 -999.0 -1 -999 {-999.0 -999.0 -999.0 -999.0 -999.0} "" -999.0 -999.0 -999.0 -999.0 -999 -999 "" "" "" "" 0 0 0.0 0.0 -999 ""
FIBERMAP 1028 R+9C8 APOGEE 0 0 0 1 0 0 -34.0860304008943 187.16735139662498 143.1 2.2181918463424846 190.20800963271552 89.28063 122.79856 -999.0 -999.0 -999.0 -999.0 -999.0 210.32969303673812 42.234185621934486 210.26058188372838 42.10623297473176 57.50872829260549 61.72029567935124 -999.0 16600.0 -999.0 2 2 {-999.0 -999.0 -999.0 -999.0 -999.0} "" -999.0 -999.0 -999.0 -999.0 -999 -999 "" ops_sky_apogee_best_unassigned ops_sky sky_apogee 0 0 0.0 0.0 -999 ""
FIBERMAP 1028 R+9C8 BOSS 1 1 0 1 0 0 -33.449305206431326 187.54222191311132 143.1 2.914610860528635 190.45459556847 89.28063 122.79856 210.33415612669296 42.2353857382114 -3.2168102 -12.506798 3.0165977 210.33414360817525 42.2353497024119 210.26484420085114 42.10739539586677 57.50550101478621 61.71849523174176 5400.0 5400.0 2016.0 1 124 {-999.0 18.82464 17.311876 16.268646 -999.0} sdss_psfmag 18.053436 17.341082 15.704758 13.67 63050394850071703 1094862924 bright_1x1 mwm_bin_vis_boss mwm_filler science 0 0 0.0 0.0 -999 ""
FIBERMAP 1028 R+9C8 METROLOGY 0 0 0 1 0 0 -33.44045280247136 186.79924211072364 143.1 2.7816851185237073 189.7236484570435 89.28063 122.79856 -999.0 -999.0 -999.0 -999.0 -999.0 210.33326981646226 42.23204559248694 210.2640302568184 42.104092219296064 57.50630527147999 61.72456394032423 -999.0 6231.0 -999.0 -1 -999 {-999.0 -999.0 -999.0 -999.0 -999.0} "" -999.0 -999.0 -999.0 -999.0 -999 -999 "" "" "" "" 0 0 0.0 0.0 -999 ""
FIBERMAP 1032 R+2C8 APOGEE 0 0 0 1 0 0 -119.99082665849909 18.872471627347398 143.1 -114.17789328151123 41.394661099322406 312.1114 36.857605 -999.0 -999.0 -999.0 -999.0 -999.0 209.62020699936735 41.557763563872 209.55424776507232 41.42900741322692 58.07282090136743 62.9332704992795 -999.0 16600.0 -999.0 2 -999 {-999.0 -999.0 -999.0 -999.0 -999.0} "" -999.0 -999.0 -999.0 -999.0 -999 -999 "" "" "" "" 0 0 0.0 0.0 -999 ""
FIBERMAP 1032 R+2C8 BOSS 1 1 0 1 0 0 -120.72977921858279 19.012670296721186 143.1 -114.8764778370034 41.67311790498619 312.1114 36.857605 209.616091193321 41.55903157055482 -7.324377 -0.28500888 3.5323143 209.61606299009068 41.55903074935616 209.54994004325565 41.4302634312312 58.07598182366367 62.93058442505379 5400.0 5400.0 2016.0 1 44 {-999.0 19.540161 19.72315 19.900938 -999.0} sdss_psfmag 19.608253 19.606802 19.598785 -999.0 63050394850069440 1158182345 bright_1x1 openfibertargets_mwm_ztf_scope_boss open_fiber science 0 0 0.0 0.0 -999 ""
FIBERMAP 1032 R+2C8 METROLOGY 0 0 0 1 0 0 -120.24183323577216 19.57507939749904 143.1 -114.29034511004255 42.13213716911816 312.1114 36.857605 -999.0 -999.0 -999.0 -999.0 -999.0 209.6195671099612 41.561133584518586 209.55348018322013 41.43237141356258 58.0732226265092 62.92686183251794 -999.0 6231.0 -999.0 -1 -999 {-999.0 -999.0 -999.0 -999.0 -999.0} "" -999.0 -999.0 -999.0 -999.0 -999 -999 "" "" "" "" 0 0 0.0 0.0 -999 ""
FIBERMAP 1034 R+13C2 APOGEE 0 0 0 1 0 0 -113.61150602797635 256.29341954260354 143.1 -62.66307061865757 273.2154314201944 3.723929 136.34845 -999.0 -999.0 -999.0 -999.0 -999.0 209.93220331060286 42.60526652792788 209.86311631301487 42.47674591886002 57.7765820275006 60.991873382215545 -999.0 16600.0 -999.0 2 113 {-999.0 -999.0 -999.0 -999.0 -999.0} "" -999.0 -999.0 -999.0 -999.0 -999 -999 "" ops_sky_apogee_best_unassigned ops_sky sky_apogee 0 0 0.0 0.0 -999 ""
FIBERMAP 1034 R+13C2 BOSS 1 1 0 1 0 0 -113.04425131690171 255.80613801155198 143.1 -62.19916857715138 272.6290272840145 3.723929 136.34845 209.93523580013482 42.60263528691334 -3.537479 14.433758 1.9943793 209.9352219528238 42.60267687485535 209.86595983575342 42.47415115777102 57.774689044472225 60.99702564817537 5400.0 5400.0 2016.0 1 95 {-999.0 15.9591055 15.043538 14.791378 -999.0} sdss_psfmag_ps1 15.683589 15.129456 14.427982 13.044 63050394850075532 1096287358 bright_1x1 mwm_bin_vis_boss mwm_filler science 0 0 0.0 0.0 -999 ""
FIBERMAP 1034 R+13C2 METROLOGY 0 0 0 1 0 0 -113.7372987201851 255.55350618703005 143.1 -62.92757060153039 272.5131579793296 3.723929 136.34845 -999.0 -999.0 -999.0 -999.0 -999.0 209.93070301070952 42.602137501330745 209.8615021522885 42.47360841429475 57.77800881801561 60.99756975531972 -999.0 6231.0 -999.0 -1 -999 {-999.0 -999.0 -999.0 -999.0 -999.0} "" -999.0 -999.0 -999.0 -999.0 -999 -999 "" "" "" "" 0 0 0.0 0.0 -999 ""
FIBERMAP 1036 R0C17 APOGEE 1 1 0 1 0 0 82.78483405711796 -7.479733634311892 143.1 79.83045053509191 -23.120704666903364 5.3133664 82.362915 210.79742431640622 41.263698829090615 -999.0 -999.0 -999.0 210.7974243164062 41.26369882909061 210.72955459866247 41.13650568786333 57.20205897146367 63.545437436049724 16000.0 16600.0 2015.5 2 47 {-999.0 -999.0 -999.0 -999.0 -999.0} "" -999.0 -999.0 -999.0 -999.0 27021603104374649 829267488 "" ops_sky_apogee_best ops_sky sky_apogee 0 0 0.0 0.0 -999 ""
FIBERMAP 1036 R0C17 BOSS 0 0 0 1 0 0 82.76888911200751 -8.232729078118062 143.1 79.67127633809301 -23.85675600350513 5.3133664 82.362915 -999.0 -999.0 -999.0 -999.0 -999.0 210.79665664906034 41.260343955866205 210.72862176196145 41.13314653902546 57.20285800808092 63.551598953211624 -999.0 5400.0 -999.0 1 181 {-999.0 -999.0 -999.0 -999.0 -999.0} "" -999.0 -999.0 -999.0 -999.0 -999 -999 "" "" "" "" 0 0 0.0 0.0 -999 ""
FIBERMAP 1036 R0C17 METROLOGY 0 0 0 1 0 0 82.1181260844673 -7.82949311670595 143.1 79.10938866502713 -23.336928445685185 5.3133664 82.362915 -999.0 -999.0 -999.0 -999.0 -999.0 210.79322086577005 41.262729746615236 210.72523741493 41.135528510367244 57.205337308904824 63.54706755779972 -999.0 6231.0 -999.0 -1 -999 {-999.0 -999.0 -999.0 -999.0 -999.0} "" -999.0 -999.0 -999.0 -999.0 -999 -999 "" "" "" "" 0 0 0.0 0.0 -999 ""
FIBERMAP 1037 R+4C11 APOGEE 0 0 0 1 0 0 -25.709181650353486 86.12382653384576 143.1 -8.818914237686846 89.43371361496715 69.31275 149.56882 -999.0 -999.0 -999.0 -999.0 -999.0 210.2611729660707 41.77782750143622 210.193286442518 41.64985663608757 57.58397502594714 62.5643119929357 -999.0 16600.0 -999.0 2 -999 {-999.0 -999.0 -999.0 -999.0 -999.0} "" -999.0 -999.0 -999.0 -999.0 -999 -999 "" "" "" "" 0 0 0.0 0.0 -999 ""
FIBERMAP 1037 R+4C11 BOSS 1 1 0 1 0 0 -25.146580101125867 86.60809510550474 143.1 -8.1743984182289 89.80180568147185 69.31275 149.56882 210.26528423811484 41.779553756172824 -1.2875025 -1.6253648 0.5567487 210.26527926344917 41.779549073014074 210.19720613171395 41.651576961976254 57.58096472003034 62.56137694475646 5400.0 5400.0 2016.0 1 113 {-999.0 15.2009945 14.748308 14.591222 -999.0} sdss_psfmag_from_g3xp 15.11163 14.770702 14.255842 13.318 63050394850070680 943345526 bright_1x1 openfibertargets_nov2020_46 open_fiber science 0 0 0.0 0.0 -999 ""
FIBERMAP 1037 R+4C11 METROLOGY 0 0 0 1 0 0 -25.00618490480935 85.87391143573011 143.1 -8.176533884350436 89.05441973298535 69.31275 149.56882 -999.0 -999.0 -999.0 -999.0 -999.0 210.26521197364764 41.77614127201128 210.19719615957627 41.64817129516038 57.5811403698307 62.5677211051904 -999.0 6231.0 -999.0 -1 -999 {-999.0 -999.0 -999.0 -999.0 -999.0} "" -999.0 -999.0 -999.0 -999.0 -999 -999 "" "" "" "" 0 0 0.0 0.0 -999 ""
FIBERMAP 1039 R-1C4 APOGEE 0 0 0 1 0 0 -194.84420273990406 -25.208959945581356 143.1 -196.05109673657415 12.394572834662908 26.442726 66.51852 -999.0 -999.0 -999.0 -999.0 -999.0 209.12730202857313 41.42231143525501 209.06273748030287 41.29295767212158 58.4483714912071 63.15466778793797 -999.0 16600.0 -999.0 2 -999 {-999.0 -999.0 -999.0 -999.0 -999.0} "" -999.0 -999.0 -999.0 -999.0 -999 -999 "" "" "" "" 0 0 0.0 0.0 -999 ""
FIBERMAP 1039 R-1C4 BOSS 1 1 0 1 0 0 -194.79802329579837 -25.956728705552106 143.1 -196.14829751880072 11.651810528573641 26.442726 66.51852 209.1268837906676 41.418957356668095 -3.6456084 -4.7120385 0.3052457 209.1268697832168 41.418943779884856 209.0621469344553 41.2895833320502 58.448995803535475 63.16106159371545 5400.0 5400.0 2016.0 1 432 {-999.0 16.872368 16.570684 16.432333 -999.0} sdss_psfmag 16.834856 16.565844 16.127205 15.284 63050394850072318 943563227 bright_1x1 openfibertargets_nov2020_46 open_fiber science 0 0 0.0 0.0 -999 ""
FIBERMAP 1039 R-1C4 METROLOGY 0 0 0 1 0 0 -195.4705064949758 -25.614429533707053 143.1 -196.74311905075214 12.115966510360753 26.442726 66.51852 -999.0 -999.0 -999.0 -999.0 -999.0 209.12323108571513 41.42101475908277 209.0585589918063 41.291651296799266 58.45157670749402 63.156838265137424 -999.0 6231.0 -999.0 -1 -999 {-999.0 -999.0 -999.0 -999.0 -999.0} "" -999.0 -999.0 -999.0 -999.0 -999 -999 "" "" "" "" 0 0 0.0 0.0 -999 ""
FIBERMAP 1040 R+5C11 APOGEE 0 0 0 1 0 0 -19.18012218813199 108.67568579674207 143.1 1.888045607245439 110.32466371655752 130.82454 109.02538 -999.0 -999.0 -999.0 -999.0 -999.0 210.32677767493473 41.87267391896351 210.2585238635595 41.74477323312156 57.53054932916548 62.392173088480774 -999.0 16600.0 -999.0 2 20 {-999.0 -999.0 -999.0 -999.0 -999.0} "" -999.0 -999.0 -999.0 -999.0 -999 -999 "" ops_sky_apogee_best_unassigned ops_sky sky_apogee 0 0 0.0 0.0 -999 ""
FIBERMAP 1040 R+5C11 BOSS 1 1 0 1 0 0 -18.79390718463462 109.31914411105073 143.1 2.389774213920424 110.88262582349121 130.82454 109.02538 210.32994026460815 41.87525731095654 22.451113 0.9323526 3.6412735 210.33002714123612 41.87525999730855 210.26158552940097 41.7473573037691 57.52813562250474 62.38758414232243 5400.0 5400.0 2016.0 1 137 {-999.0 17.440218 15.996506 15.294089 -999.0} sdss_psfmag 16.840694 15.870255 14.896254 13.077 63050394850070691 936439558 bright_1x1 openfibertargets_nov2020_34a open_fiber science 0 0 0.0 0.0 -999 ""
FIBERMAP 1040 R+5C11 METROLOGY 0 0 0 1 0 0 -18.428085134832155 108.67128571590669 143.1 2.625356744626555 110.17700386714917 130.82454 109.02538 -999.0 -999.0 -999.0 -999.0 -999.0 210.33140889199137 41.87204342952389 210.26302156404904 41.74414406961353 57.527230091294854 62.3936633312436 -999.0 6231.0 -999.0 -1 -999 {-999.0 -999.0 -999.0 -999.0 -999.0} "" -999.0 -999.0 -999.0 -999.0 -999 -999 "" "" "" "" 0 0 0.0 0.0 -999 ""
FIBERMAP 1044 R+13C10 APOGEE 0 0 0 1 0 0 50.86280361081347 261.8893234968236 143.1 99.84062821501912 247.35859366544872 98.0996 132.75406 -999.0 -999.0 -999.0 -999.0 -999.0 210.92911950786234 42.487078646012755 210.85804711833828 42.35986956594695 57.05178752865146 61.30155219428377 -999.0 16600.0 -999.0 2 50 {-999.0 -999.0 -999.0 -999.0 -999.0} "" -999.0 -999.0 -999.0 -999.0 -999 -999 "" ops_sky_apogee_best_unassigned ops_sky sky_apogee 0 0 0.0 0.0 -999 ""
FIBERMAP 1044 R+13C10 BOSS 1 1 0 1 0 0 51.31652060535169 262.48338476020245 143.1 100.39919705034552 247.85520476868788 98.0996 132.75406 210.93280445512798 42.489288890972176 -19.071129 -6.434128 0.52822894 210.9327299374985 42.48927035231496 210.8614651158817 42.36205784306023 57.049134728929005 61.29781578940776 5400.0 5400.0 2016.0 1 164 {-999.0 18.461933 17.70758 17.394974 -999.0} sdss_psfmag 18.24858 17.729212 17.07407 15.679 63050394850078260 1073511037 bright_1x1 mwm_halo_local_low_boss_single mwm_halo science 0 0 0.0 0.0 -999 ""
FIBERMAP 1044 R+13C10 METROLOGY 0 0 0 1 0 0 51.607740588651076 261.7921036234765 143.1 100.55327859517813 247.12118135006307 98.0996 132.75406 -999.0 -999.0 -999.0 -999.0 -999.0 210.93360609587103 42.485981718533786 210.86239806302024 42.3587730187585 57.04864426352916 61.30392023882132 -999.0 6231.0 -999.0 -1 -999 {-999.0 -999.0 -999.0 -999.0 -999.0} "" -999.0 -999.0 -999.0 -999.0 -999 -999 "" "" "" "" 0 0 0.0 0.0 -999 ""
FIBERMAP 1046 R+5C21 APOGEE 0 0 0 1 0 0 193.43209374335214 89.99350018657269 143.1 207.013235018126 51.46279820234349 254.59227 48.886967 -999.0 -999.0 -999.0 -999.0 -999.0 211.57034153445804 41.59560249260457 211.49999813940576 41.46938569891039 56.613978599566046 62.96636611732697 -999.0 16600.0 -999.0 2 -999 {-999.0 -999.0 -999.0 -999.0 -999.0} "" -999.0 -999.0 -999.0 -999.0 -999 -999 "" "" "" "" 0 0 0.0 0.0 -999 ""
FIBERMAP 1046 R+5C21 BOSS 1 1 0 1 0 0 193.00766215626678 90.59403032049214 143.1 206.71110430362555 52.133137062013105 254.59227 48.886967 211.5684898994338 41.598694106720146 -17.953136 -5.8914223 11.297166 211.5688214661789 41.59867713176216 211.49829291589293 41.47245661285509 56.61516831663533 62.96072149242033 5400.0 5400.0 2016.0 1 237 {-999.0 15.146754 13.722663 12.860942 -999.0} sdss_psfmag_from_g3xp 14.566143 13.494601 12.467392 10.506 63050394850061967 1150958727 bright_1x1 mwm_snc_100pc_boss_single mwm_snc science 0 0 1.0788418054580688 0.0 -999 ""
FIBERMAP 1046 R+5C21 METROLOGY 0 0 0 1 0 0 193.75043565968718 90.66827452278882 143.1 207.45431284229022 52.06443490359434 254.59227 48.886967 -999.0 -999.0 -999.0 -999.0 -999.0 211.57321848774228 41.59830336592894 211.50273360442668 41.472087277536296 56.61185290318758 62.96156471969681 -999.0 6231.0 -999.0 -1 -999 {-999.0 -999.0 -999.0 -999.0 -999.0} "" -999.0 -999.0 -999.0 -999.0 -999 -999 "" "" "" "" 0 0 0.0 0.0 -999 ""
FIBERMAP 1051 R-5C20 APOGEE 0 0 0 1 0 0 207.41109685727864 -101.34411964432726 143.1 184.26444721458796 -139.0059978133912 18.807081 80.207504 -999.0 -999.0 -999.0 -999.0 -999.0 211.4148280799854 40.73390083883329 211.3468619229502 40.60760892209683 56.7449034210817 64.531182293445 -999.0 16600.0 -999.0 2 233 {-999.0 -999.0 -999.0 -999.0 -999.0} "" -999.0 -999.0 -999.0 -999.0 -999 -999 "" ops_sky_apogee_best_unassigned ops_sky sky_apogee 0 0 0.0 0.0 -999 ""
FIBERMAP 1051 R-5C20 BOSS 1 1 0 1 0 0 207.5676560982956 -102.07240904062168 143.1 184.27930077531173 -139.7506792592738 18.807081 80.207504 211.41517171119818 40.730577099820806 -34.39246 -20.030283 0.9920758 211.41504094238473 40.73051938655299 211.34690567029887 40.604227534123794 56.74489495465991 64.53734885054423 5400.0 5400.0 2016.0 1 278 {-999.0 16.63185 16.107826 15.8813715 -999.0} sdss_psfmag 16.52378 16.127089 15.556313 14.416 63050394850050266 1072593585 bright_1x1 mwm_halo_local_high_boss_single mwm_halo science 0 0 0.0 0.0 -999 ""
FIBERMAP 1051 R-5C20 METROLOGY 0 0 0 1 0 0 206.85652571766747 -101.84894765919512 143.1 183.623894808536 -139.39580029445577 18.807081 80.207504 -999.0 -999.0 -999.0 -999.0 -999.0 211.41113406085765 40.73215077011124 211.34305346265933 40.605853467915146 56.74780763585425 64.53434472908845 -999.0 6231.0 -999.0 -1 -999 {-999.0 -999.0 -999.0 -999.0 -999.0} "" -999.0 -999.0 -999.0 -999.0 -999 -999 "" "" "" "" 0 0 0.0 0.0 -999 ""
FIBERMAP 1054 R-2C7 APOGEE 0 0 0 1 0 0 -131.36671254387352 -23.33718136361113 143.1 -133.3890248263994 2.1327443351370428 98.8964 95.03117 -999.0 -999.0 -999.0 -999.0 -999.0 209.50544247200514 41.37852663486123 209.44014074785116 41.24965303882154 58.16728199239063 63.26440494447655 -999.0 16600.0 -999.0 2 255 {-999.0 -999.0 -999.0 -999.0 -999.0} "" -999.0 -999.0 -999.0 -999.0 -999 -999 "" ops_sky_apogee_best_unassigned ops_sky sky_apogee 0 0 0.0 0.0 -999 ""
FIBERMAP 1054 R-2C7 BOSS 1 1 0 1 0 0 -130.64199185733213 -23.171952127458827 143.1 -132.64619365698863 2.1567879985593996 98.8964 95.03117 209.510118172709 41.37866256177099 -24.459095 1.843229 0.65575373 209.5100242522221 41.378667872623126 209.44454352430256 41.24979412587653 58.16396882355805 63.26443753052046 5400.0 5400.0 2016.0 1 471 {-999.0 19.28429 18.31488 17.94747 -999.0} sdss_psfmag 18.926512 18.35045 17.600342 16.261 63050394850069109 1073463778 bright_1x1 mwm_halo_local_low_boss_single mwm_halo science 0 0 0.0 0.0 -999 ""
FIBERMAP 1054 R-2C7 METROLOGY 0 0 0 1 0 0 -130.86183662265944 -23.884131394727834 143.1 -132.99772271239814 1.4996631737661348 98.8964 95.03117 -999.0 -999.0 -999.0 -999.0 -999.0 209.50789582085724 41.37566507151481 209.4424743883236 41.24679067174816 58.165666060206576 63.26998432455298 -999.0 6231.0 -999.0 -1 -999 {-999.0 -999.0 -999.0 -999.0 -999.0} "" -999.0 -999.0 -999.0 -999.0 -999 -999 "" "" "" "" 0 0 0.0 0.0 -999 ""
FIBERMAP 1056 R-6C9 APOGEE 0 0 0 1 0 0 -26.819998444866997 -110.03504942422681 143.1 -47.29781986867467 -102.89113335905192 67.71208 59.5459 -999.0 -999.0 -999.0 -999.0 -999.0 210.02821014852714 40.9024039222635 209.96283588784092 40.77426778703507 57.7911930855872 64.18856997462291 -999.0 16600.0 -999.0 2 -999 {-999.0 -999.0 -999.0 -999.0 -999.0} "" -999.0 -999.0 -999.0 -999.0 -999 -999 "" "" "" "" 0 0 0.0 0.0 -999 ""
FIBERMAP 1056 R-6C9 BOSS 1 1 0 1 0 0 -26.363826504940462 -110.62144724938992 143.1 -46.96184125420352 -103.55365070727812 67.71208 59.5459 210.0303852464162 40.899354112972745 -0.38084534 -0.7637151 -0.06389559 210.03038379465625 40.89935191248275 209.9648418406951 40.77121542604337 57.78976029122285 64.19437434463734 5400.0 5400.0 2016.0 1 399 {-999.0 18.374796 18.002277 17.65142 17.357983} sdss_psfmag_from_gaiadr2 17.763308 18.1075 16.682878 -999.0 63050394850067740 1057598219 bright_flexible_2x1 bhm_gua_bright bhm_filler science 0 0 0.0 0.0 -999 ""
FIBERMAP 1056 R-6C9 METROLOGY 0 0 0 1 0 0 -27.104866958496267 -110.72462314070276 143.1 -47.708863231860384 -103.51367630603823 67.71208 59.5459 -999.0 -999.0 -999.0 -999.0 -999.0 210.02584398860768 40.89953904715966 209.96035959159644 40.77139772696364 57.793148356382645 64.19385372219239 -999.0 6231.0 -999.0 -1 -999 {-999.0 -999.0 -999.0 -999.0 -999.0} "" -999.0 -999.0 -999.0 -999.0 -999 -999 "" "" "" "" 0 0 0.0 0.0 -999 ""
FIBERMAP 1058 R-4C23 APOGEE 0 0 0 1 0 0 264.79855033334655 -81.07811712676975 143.1 244.45494862212703 -130.05248991061805 32.010098 67.51943 -999.0 -999.0 -999.0 -999.0 -999.0 211.77204965610312 40.77155801790825 211.7032340414179 40.64574158522244 56.47421087027263 64.46475798379868 -999.0 16600.0 -999.0 2 221 {-999.0 -999.0 -999.0 -999.0 -999.0} "" -999.0 -999.0 -999.0 -999.0 -999 -999 "" "" "" "" 0 0 0.0 0.0 -999 ""
FIBERMAP 1058 R-4C23 BOSS 1 1 0 1 0 0 264.9337193444289 -81.80030726112173 143.1 244.44996949024832 -130.78710766827268 32.010098 67.51943 211.77101478113568 40.76822212515338 13.583063 10.392012 8.378591 211.7720828596487 40.7682520676137 211.70309553481897 40.64243756854912 56.474329969032794 64.4707392855677 5400.0 5400.0 2016.0 1 252 {-999.0 9.184695 8.925797 8.859311 -999.0} sdss_psfmag_from_g3xp 9.167878 8.933232 8.540179 7.951 63050394850050334 1068323827 bright_single_1x1 manual_mwm_validation_cool_boss mwm_validation science 0 0 2.7712087631225586 0.0 -999 ""
FIBERMAP 1058 R-4C23 METROLOGY 0 0 0 1 0 0 264.2248196990229 -81.562675254216 143.1 243.7994540387595 -130.41874494147703 32.010098 67.51943 -999.0 -999.0 -999.0 -999.0 -999.0 211.76825621578442 40.769944584236576 211.69932470879075 40.64412284778484 56.47718402913701 64.46766588930404 -999.0 6231.0 -999.0 -1 -999 {-999.0 -999.0 -999.0 -999.0 -999.0} "" -999.0 -999.0 -999.0 -999.0 -999 -999 "" "" "" "" 0 0 0.0 0.0 -999 ""
FIBERMAP 1063 R0C13 APOGEE 0 0 0 1 0 0 -16.313394868207617 5.840562581131776 143.1 -14.898916284712827 8.842102665059976 356.5982 155.4247 -999.0 -999.0 -999.0 -999.0 -999.0 210.22365171650628 41.41097451562841 210.15669630625894 41.28301166922717 57.62773894602747 63.2460922848436 -999.0 16600.0 -999.0 2 292 {-999.0 -999.0 -999.0 -999.0 -999.0} "" -999.0 -999.0 -999.0 -999.0 -999 -999 "" ops_sky_apogee_best_unassigned ops_sky sky_apogee 0 0 0.0 0.0 -999 ""
FIBERMAP 1063 R0C13 BOSS 1 1 0 1 0 0 -15.648833476772008 5.514089727545756 143.1 -14.308853720732426 8.394990675659026 356.5982 155.4247 210.22740369591676 41.408946878340274 -2.0765028 -0.47409752 0.16012728 210.22739571863815 41.408945512324244 210.16026453401832 41.28098270147944 57.62514032873142 63.250077824247775 5400.0 5400.0 2016.0 1 430 {-999.0 19.533327 19.276033 19.044174 18.855679} sdss_psfmag_from_gaiadr2 18.73056 19.313133 17.902378 16.032 63050394850069928 1057598224 bright_flexible_2x1 bhm_gua_bright bhm_filler science 0 0 0.0 0.0 -999 ""
FIBERMAP 1063 R0C13 METROLOGY 0 0 0 1 0 0 -16.25884784073814 5.090373865657183 143.1 -14.98836525319246 8.095370198691828 356.5982 155.4247 -999.0 -999.0 -999.0 -999.0 -999.0 210.2232194024577 41.40758016148716 210.15614937341252 41.27961359275879 57.62828479661289 63.252403361059635 -999.0 6231.0 -999.0 -1 -999 {-999.0 -999.0 -999.0 -999.0 -999.0} "" -999.0 -999.0 -999.0 -999.0 -999 -999 "" "" "" "" 0 0 0.0 0.0 -999 ""
FIBERMAP 1068 R-2C8 APOGEE 0 0 0 1 0 0 -102.57301869015552 -26.07660501634097 143.1 -105.64918442750891 -6.044276332149375 75.14 93.18973 -999.0 -999.0 -999.0 -999.0 -999.0 209.6734885798754 41.342152675016436 209.60789870920075 41.213496984751494 58.042926095803125 63.34380317512375 -999.0 16600.0 -999.0 2 -999 {-999.0 -999.0 -999.0 -999.0 -999.0} "" -999.0 -999.0 -999.0 -999.0 -999 -999 "" "" "" "" 0 0 0.0 0.0 -999 ""
FIBERMAP 1068 R-2C8 BOSS 1 1 0 1 0 0 -101.8371698391054 -26.22478789145754 143.1 -104.95516808633518 -6.329978327524441 75.14 93.18973 209.67781831879248 41.3408885409941 -4.5967607 -5.8204155 0.82073987 209.67780067793728 41.340871770647105 209.61203485640755 41.21221624679313 58.039874877212135 63.346482856543524 5400.0 5400.0 2016.0 1 450 {-999.0 16.44123 15.836665 15.604555 -999.0} sdss_psfmag 16.293951 15.878141 15.298675 14.162 63050394850069150 943208494 bright_1x1 openfibertargets_nov2020_46 open_fiber science 0 0 0.0 0.0 -999 ""
FIBERMAP 1068 R-2C8 METROLOGY 0 0 0 1 0 0 -102.32772900470563 -26.781228994590144 143.1 -105.54272821836213 -6.782641717846399 75.14 93.18973 -999.0 -999.0 -999.0 -999.0 -999.0 209.67422561086357 41.338795974320355 209.6085204313705 41.210137660878296 58.04260880473474 63.35018318911551 -999.0 6231.0 -999.0 -1 -999 {-999.0 -999.0 -999.0 -999.0 -999.0} "" -999.0 -999.0 -999.0 -999.0 -999 -999 "" "" "" "" 0 0 0.0 0.0 -999 ""
FIBERMAP 1069 R+11C10 APOGEE 0 0 0 1 0 0 24.814607807577858 232.55480515342697 143.1 68.68217602370783 223.5306532144425 174.6097 40.227257 -999.0 -999.0 -999.0 -999.0 -999.0 210.73780105616268 42.38222250331377 210.66741523205928 42.25477825914949 57.198822317281774 61.4792214508268 -999.0 16600.0 -999.0 2 18 {-999.0 -999.0 -999.0 -999.0 -999.0} "" -999.0 -999.0 -999.0 -999.0 -999 -999 "" ops_sky_apogee_best_unassigned ops_sky sky_apogee 0 0 0.0 0.0 -999 ""
FIBERMAP 1069 R+11C10 BOSS 1 1 0 1 0 0 25.41285845668558 232.9909775145578 143.1 69.3525153265249 223.8447423740218 174.6097 40.227257 210.74210672510108 42.38363869677267 -999.0 -999.0 -999.0 210.74210672510105 42.383638696772664 210.67153020213138 42.25619199947226 57.19569746238298 61.47695292701638 5400.0 5400.0 2015.5 1 109 {-999.0 -999.0 -999.0 -999.0 -999.0} "" -999.0 -999.0 -999.0 -999.0 27021603104395897 807162131 "" ops_sky_boss_good ops_sky sky_boss 0 0 0.0 0.0 -999 ""
FIBERMAP 1069 R+11C10 METROLOGY 0 0 0 1 0 0 25.50641709900235 232.25336157268478 143.1 69.3037539945372 223.1029147533711 174.6097 40.227257 -999.0 -999.0 -999.0 -999.0 -999.0 210.74173975213196 42.380307270485325 210.67122242357323 42.25286284791467 57.196123902245255 61.48306177032629 -999.0 6231.0 -999.0 -1 -999 {-999.0 -999.0 -999.0 -999.0 -999.0} "" -999.0 -999.0 -999.0 -999.0 -999 -999 "" "" "" "" 0 0 0.0 0.0 -999 ""
FIBERMAP 1070 R+9C13 APOGEE 1 1 0 1 0 0 59.25312068263845 170.7287283101337 143.1 90.70046439586092 156.2821603489417 236.46764 62.91079 210.87082707937637 42.07840961492868 -11.864543 -9.300936 0.679337 210.87078102177938 42.078382816161316 210.80082613514256 41.951160375928495 57.11665530547579 62.048239831537224 16000.0 16600.0 2016.0 2 55 {-999.0 16.924501 16.21703 15.899964 -999.0} sdss_psfmag 16.733799 16.266695 15.611745 14.2 63050394850077406 1157849311 bright_1x1 openfibertargets_mwm_ztf_lomb_apogee open_fiber science 0 0 0.0 0.0 -999 ""
FIBERMAP 1070 R+9C13 BOSS 0 0 0 1 0 0 58.90385539836277 171.37693261847357 143.1 90.48119882295228 156.98496605053944 236.46764 62.91079 -999.0 -999.0 -999.0 -999.0 -999.0 210.86967947266257 42.08162394953467 210.79954207022854 41.95439279026297 57.1174474452144 62.04220561909102 -999.0 5400.0 -999.0 1 152 {-999.0 -999.0 -999.0 -999.0 -999.0} "" -999.0 -999.0 -999.0 -999.0 -999 -999 "" "" "" "" 0 0 0.0 0.0 -999 ""
FIBERMAP 1070 R+9C13 METROLOGY 0 0 0 1 0 0 59.65079746751064 171.35950172629873 143.1 91.21102534058195 156.82548714164457 236.46764 62.91079 -999.0 -999.0 -999.0 -999.0 -999.0 210.87407555119657 42.08085554431832 210.80398039991246 41.95363216907716 57.11418891567431 62.04390885415489 -999.0 6231.0 -999.0 -1 -999 {-999.0 -999.0 -999.0 -999.0 -999.0} "" -999.0 -999.0 -999.0 -999.0 -999 -999 "" "" "" "" 0 0 0.0 0.0 -999 ""
FIBERMAP 1078 R-3C9 APOGEE 1 1 0 1 0 0 -86.80938792792601 -59.316533100512046 143.1 -96.51229979087978 -41.674996092733494 127.71936 161.97284 209.7300918805962 41.180177255908326 -36.07922 10.488214 3.212141 209.7299537606248 41.180207475483925 209.66460377365414 41.051648936551445 58.00706459480128 63.65256013581343 16000.0 16600.0 2016.0 2 245 {-999.0 11.4872465 11.119625 11.013318 -999.0} sdss_psfmag_from_g3xp 11.429782 11.13873 10.685094 9.909 63050394850068148 974725136 "" ops_std_apogee ops_std standard_apogee 0 0 0.0 0.0 -999 ""
FIBERMAP 1078 R-3C9 BOSS 0 0 0 1 0 0 -87.07161285356739 -58.62642481000663 143.1 -96.63814525452194 -40.94765042670933 127.71936 161.97284 -999.0 -999.0 -999.0 -999.0 -999.0 209.72927639944018 41.18350009201557 209.6637519144947 41.05493440014814 58.00757664401404 63.646315860283266 -999.0 5400.0 -999.0 1 470 {-999.0 -999.0 -999.0 -999.0 -999.0} "" -999.0 -999.0 -999.0 -999.0 -999 -999 "" "" "" "" 0 0 0.0 0.0 -999 ""
FIBERMAP 1078 R-3C9 METROLOGY 0 0 0 1 0 0 -86.3375770771055 -58.76369173510755 143.1 -95.9438278872739 -41.22229246919396 127.71936 161.97284 -999.0 -999.0 -999.0 -999.0 -999.0 209.73344160419444 41.18226612612738 209.6679586805626 41.0537073499492 58.00445535968424 63.6488666581447 -999.0 6231.0 -999.0 -1 -999 {-999.0 -999.0 -999.0 -999.0 -999.0} "" -999.0 -999.0 -999.0 -999.0 -999 -999 "" "" "" "" 0 0 0.0 0.0 -999 ""
FIBERMAP 1081 R-1C22 APOGEE 0 0 0 1 0 0 190.49016647928988 -29.806376424999883 143.1 181.29133791483446 -65.56409134537037 245.79724 139.87848 -999.0 -999.0 -999.0 -999.0 -999.0 211.40512437113009 41.06637564085314 211.33640004991423 40.940019199863556 56.7488861472687 63.92483807455318 -999.0 16600.0 -999.0 2 196 {-999.0 -999.0 -999.0 -999.0 -999.0} "" -999.0 -999.0 -999.0 -999.0 -999 -999 "" ops_sky_apogee_best_unassigned ops_sky sky_apogee 0 0 0.0 0.0 -999 ""
FIBERMAP 1081 R-1C22 BOSS 1 1 0 1 0 0 189.8201651989307 -30.130140204522498 143.1 180.57199842817525 -65.75417174582873 245.79724 139.87848 211.4010486503656 41.065699421220046 -1.0114548 -57.014565 1.4571432 211.40104478503213 41.06553514532691 211.3321538060887 40.939171518706054 56.75210718189174 63.92628827839739 5400.0 5400.0 2016.0 1 313 {-999.0 14.574395 14.20598 14.075709 -999.0} sdss_psfmag_from_g3xp 14.51139 14.211424 13.742265 12.891 63050394850054187 1072556814 bright_1x1 mwm_halo_local_high_boss_single mwm_halo science 0 0 0.0 0.0 -999 ""
FIBERMAP 1081 R-1C22 METROLOGY 0 0 0 1 0 0 189.86949559339334 -29.381902696738887 143.1 180.76303469306944 -65.02915387351364 245.79724 139.87848 -999.0 -999.0 -999.0 -999.0 -999.0 211.40219757599306 41.06881646286836 211.33334680729945 40.94245414693939 56.75115230382633 63.92032878492938 -999.0 6231.0 -999.0 -1 -999 {-999.0 -999.0 -999.0 -999.0 -999.0} "" -999.0 -999.0 -999.0 -999.0 -999 -999 "" "" "" "" 0 0 0.0 0.0 -999 ""
FIBERMAP 1083 R-3C10 APOGEE 0 0 0 1 0 0 -40.564767184286374 -51.07579816215636 143.1 -49.550925783273605 -42.40083033258699 56.713566 82.088234 -999.0 -999.0 -999.0 -999.0 -999.0 210.0137831579759 41.17750457723774 209.94781974655848 41.04930775630563 57.79372281005154 63.6721170846385 -999.0 16600.0 -999.0 2 -999 {-999.0 -999.0 -999.0 -999.0 -999.0} "" -999.0 -999.0 -999.0 -999.0 -999 -999 "" "" "" "" 0 0 0.0 0.0 -999 ""
FIBERMAP 1083 R-3C10 BOSS 1 1 0 1 0 0 -39.998944992833664 -51.56388462702773 143.1 -49.0885832315769 -42.987751495046496 56.713566 82.088234 210.01669710870038 41.174817889834614 6.735719 -0.59341735 1.1491798 210.01672289253872 41.17481618002012 209.9505884906643 41.04661919440992 57.79173254202911 63.67729877875236 5400.0 5400.0 2016.0 1 447 {-999.0 13.84888 13.448455 13.332411 -999.0} sdss_psfmag_from_g3xp 13.781907 13.472403 13.001097 12.195 63050394850068207 977633044 "" ops_std_boss ops_std standard_boss 0 0 0.0 0.0 -999 ""
FIBERMAP 1083 R-3C10 METROLOGY 0 0 0 1 0 0 -40.710998862027886 -51.807425305540676 143.1 -49.83390793944832 -43.091074830245695 56.713566 82.088234 -999.0 -999.0 -999.0 -999.0 -999.0 210.01217391262855 41.1743445938447 209.946099015041 41.046142888774206 57.79513331756659 63.67796413102258 -999.0 6231.0 -999.0 -1 -999 {-999.0 -999.0 -999.0 -999.0 -999.0} "" -999.0 -999.0 -999.0 -999.0 -999 -999 "" "" "" "" 0 0 0.0 0.0 -999 ""
FIBERMAP 1085 R-2C13 APOGEE 0 0 0 1 0 0 10.872211353866557 -40.79919645828391 143.1 2.8949667291674 -42.11807491337565 332.7117 133.47603 -999.0 -999.0 -999.0 -999.0 -999.0 210.33115196010036 41.17872762967648 210.26449381904672 41.05093941818572 57.55499064703388 63.684267493136815 -999.0 16600.0 -999.0 2 -999 {-999.0 -999.0 -999.0 -999.0 -999.0} "" -999.0 -999.0 -999.0 -999.0 -999 -999 "" "" "" "" 0 0 0.0 0.0 -999 ""
FIBERMAP 1085 R-2C13 BOSS 1 1 0 1 0 0 11.103083505212096 -41.50204152650793 143.1 2.987610707628043 -42.85194620381199 332.7117 133.47603 210.33187866210935 41.17536468696962 -999.0 -999.0 -999.0 210.33187866210932 41.17536468696962 210.26505453871877 41.04757377468818 57.55467596360373 63.690562975881264 5400.0 5400.0 2015.5 1 355 {-999.0 -999.0 -999.0 -999.0 -999.0} "" -999.0 -999.0 -999.0 -999.0 27021603104387750 817514567 "" ops_sky_boss_good ops_sky sky_boss 0 0 0.0 0.0 -999 ""
FIBERMAP 1085 R-2C13 METROLOGY 0 0 0 1 0 0 10.365502291031046 -41.346834939539704 143.1 2.293232738681645 -42.559020002877176 332.7117 133.47603 -999.0 -999.0 -999.0 -999.0 -999.0 210.32762971590432 41.17670817676723 210.26086056648865 41.04891272776501 57.55779431301371 63.6878792980454 -999.0 6231.0 -999.0 -1 -999 {-999.0 -999.0 -999.0 -999.0 -999.0} "" -999.0 -999.0 -999.0 -999.0 -999 -999 "" "" "" "" 0 0 0.0 0.0 -999 ""
FIBERMAP 1086 R-3C15 APOGEE 0 0 0 1 0 0 63.180312038372676 -54.718013062695775 143.1 51.58415960724531 -65.74998016200084 327.17084 161.633 -999.0 -999.0 -999.0 -999.0 -999.0 210.62494471789233 41.07041841887416 210.5578968460784 40.9430290574632 57.33675622199995 63.896613783556916 -999.0 16600.0 -999.0 2 -999 {-999.0 -999.0 -999.0 -999.0 -999.0} "" -999.0 -999.0 -999.0 -999.0 -999 -999 "" "" "" "" 0 0 0.0 0.0 -999 ""
FIBERMAP 1086 R-3C15 BOSS 1 1 0 1 0 0 63.65858503832912 -55.2959594804444 143.1 51.94344202906323 -66.40841471106165 327.17084 161.633 210.6273141933071 41.06739001611461 -4.051744 -2.0044746 0.093118675 210.6272987088962 41.06738424062683 210.56007940489718 40.939995100712025 57.33518574921512 63.902311568321586 5400.0 5400.0 2016.0 1 274 {-999.0 16.980658 16.848684 16.863413 -999.0} sdss_psfmag 17.098482 16.928434 16.587828 16.111 63050394850055028 1070817064 bright_1x1 mwm_halo_distant_rrl_boss_single mwm_halo science 0 0 0.0 0.0 -999 ""
FIBERMAP 1086 R-3C15 METROLOGY 0 0 0 1 0 0 62.92828195089603 -55.420254342825565 143.1 51.202933786135844 -66.3912158757449 327.17084 161.633 -999.0 -999.0 -999.0 -999.0 -999.0 210.6227730918274 41.067483704217445 210.55561251382846 40.94008955521662 57.33855651264746 63.901976745850334 -999.0 6231.0 -999.0 -1 -999 {-999.0 -999.0 -999.0 -999.0 -999.0} "" -999.0 -999.0 -999.0 -999.0 -999 -999 "" "" "" "" 0 0 0.0 0.0 -999 ""
FIBERMAP 1091 R+10C17 APOGEE 0 0 0 1 0 0 197.01866171026546 200.68388816446677 143.1 231.63156682736414 159.42554560286646 64.92618 62.66557 -999.0 -999.0 -999.0 -999.0 -999.0 211.7262910212997 42.080708812327785 211.654423689066 41.95462683144347 56.482320139747955 62.09367456769013 -999.0 16600.0 -999.0 2 49 {-999.0 -999.0 -999.0 -999.0 -999.0} "" -999.0 -999.0 -999.0 -999.0 -999 -999 "" ops_sky_apogee_best_unassigned ops_sky sky_apogee 0 0 0.0 0.0 -999 ""
FIBERMAP 1091 R+10C17 BOSS 1 1 0 1 0 0 197.4909557399905 200.11207729696727 143.1 231.98615014601958 158.7742729175984 64.92618 62.66557 211.7285355163005 42.07777316726724 5.568588 -11.354707 1.5952725 211.72855713307717 42.0777404509828 211.65651007596168 41.951657061765744 56.480886370336414 62.099158830986646 5400.0 5400.0 2016.0 1 170 {-999.0 20.577055 19.120266 17.947973 -999.0} sdss_psfmag 19.89082 18.60231 17.429775 15.339 63050394850063685 1094613466 bright_1x1 mwm_bin_vis_boss mwm_filler science 0 0 0.0 0.0 -999 ""
FIBERMAP 1091 R+10C17 METROLOGY 0 0 0 1 0 0 196.7487369765385 199.98309777020182 143.1 231.23305334975964 158.78914476790365 64.92618 62.66557 -999.0 -999.0 -999.0 -999.0 -999.0 211.72397789294408 42.07789553114263 211.65199238499338 41.95180705411302 56.48423774536515 62.0986484984013 -999.0 6231.0 -999.0 -1 -999 {-999.0 -999.0 -999.0 -999.0 -999.0} "" -999.0 -999.0 -999.0 -999.0 -999 -999 "" "" "" "" 0 0 0.0 0.0 -999 ""
FIBERMAP 1092 R-7C20 APOGEE 1 1 0 1 0 0 219.36710913916107 -125.11719193497387 143.1 191.46844294604216 -164.61893230199505 54.221004 121.255806 211.45447474158712 40.61819908791974 -29.041636 8.346346 2.883608 211.45436450378736 40.61822313616865 211.38658312873403 40.49200282670523 56.715369629299 64.74222304195918 16000.0 16600.0 2016.0 2 200 {-999.0 12.2609625 11.864914 11.74022 -999.0} sdss_psfmag_gaia 11.459361 11.888804 10.6749325 9.872 63050394850050210 1093905806 bright_1x1 mwm_bin_vis_apogee mwm_filler science 0 0 0.0 0.0 -999 ""
FIBERMAP 1092 R-7C20 BOSS 0 0 0 1 0 0 220.09348646724328 -125.2572921523098 143.1 192.15470325122928 -164.8948955883012 54.221004 121.255806 -999.0 -999.0 -999.0 -999.0 -999.0 211.45858384113717 40.61694578585535 211.39062055679847 40.490730166059194 56.71230401549852 64.74456316600822 -999.0 5400.0 -999.0 1 332 {-999.0 -999.0 -999.0 -999.0 -999.0} "" -999.0 -999.0 -999.0 -999.0 -999 -999 "" "" "" "" 0 0 0.0 0.0 -999 ""
FIBERMAP 1092 R-7C20 METROLOGY 0 0 0 1 0 0 219.60815476645556 -125.82364304268941 143.1 191.57038521095546 -165.3582821440206 54.221004 121.255806 -999.0 -999.0 -999.0 -999.0 -999.0 211.45501233480758 40.614884975808245 211.38711140911687 40.48866502670833 56.714980526185734 64.74830775347664 -999.0 6231.0 -999.0 -1 -999 {-999.0 -999.0 -999.0 -999.0 -999.0} "" -999.0 -999.0 -999.0 -999.0 -999 -999 "" "" "" "" 0 0 0.0 0.0 -999 ""
FIBERMAP 1094 R+1C19 APOGEE 0 0 0 1 0 0 137.34797588449672 17.448720263038034 143.1 138.13747485134013 -9.052518844716863 2.0085924 107.79088 -999.0 -999.0 -999.0 -999.0 -999.0 211.15062434116433 41.32532585628606 211.08184125793616 41.19858983421169 56.935252039079714 63.44471996044149 -999.0 16600.0 -999.0 2 -999 {-999.0 -999.0 -999.0 -999.0 -999.0} "" -999.0 -999.0 -999.0 -999.0 -999 -999 "" "" "" "" 0 0 0.0 0.0 -999 ""
FIBERMAP 1094 R+1C19 BOSS 1 1 0 1 0 0 137.59930123735657 16.752272439817595 143.1 138.25141367737683 -9.784009478007336 2.0085924 107.79088 211.15160949310794 41.32205134269114 -25.360281 -20.63291 1.9113388 211.15151219689568 41.32199189310937 211.08255812205786 41.195254531376 56.934800253871046 63.45085698710611 5400.0 5400.0 2016.0 1 232 {-999.0 17.360123 16.124775 15.617722 -999.0} sdss_psfmag 16.889177 16.126356 15.275346 13.615 63050394850055373 1095288389 bright_1x1 mwm_bin_vis_boss mwm_filler science 0 0 0.0 0.0 -999 ""
FIBERMAP 1094 R+1C19 METROLOGY 0 0 0 1 0 0 136.87444372972587 16.8721534595279 143.1 137.56279127413598 -9.528181701531722 2.0085924 107.79088 -999.0 -999.0 -999.0 -999.0 -999.0 211.14731105722794 41.32319034235615 211.078413650147 41.19644774862845 56.937886479832706 63.44852081730102 -999.0 6231.0 -999.0 -1 -999 {-999.0 -999.0 -999.0 -999.0 -999.0} "" -999.0 -999.0 -999.0 -999.0 -999 -999 "" "" "" "" 0 0 0.0 0.0 -999 ""
FIBERMAP 1095 R+5C8 APOGEE 0 0 0 1 0 0 -78.23856944697384 115.96745566166845 143.1 -54.68998021504217 128.7385392207973 132.44708 65.82484 -999.0 -999.0 -999.0 -999.0 -999.0 209.98096236238348 41.95603089468437 209.91328672956672 41.82767249801432 57.783065457987135 62.21120214123198 -999.0 16600.0 -999.0 2 -999 {-999.0 -999.0 -999.0 -999.0 -999.0} "" -999.0 -999.0 -999.0 -999.0 -999 -999 "" "" "" "" 0 0 0.0 0.0 -999 ""
FIBERMAP 1095 R+5C8 BOSS 1 1 0 1 0 0 -77.53468622511753 116.2106873368201 143.1 -53.952734171116916 128.84311661410067 132.44708 65.82484 209.98562509744727 41.956572372906464 -3.4649577 1.1014628 0.42261356 209.98561167238336 41.956575546547256 209.917751836328 41.828215666969854 57.77971241330631 62.21054616768586 5400.0 5400.0 2016.0 1 65 {-999.0 16.74054 16.334541 16.222073 -999.0} sdss_psfmag 16.666754 16.363026 15.88612 15.136 63050394850071183 976713947 "" ops_std_boss ops_std standard_boss 0 0 0.0 0.0 -999 ""
FIBERMAP 1095 R+5C8 METROLOGY 0 0 0 1 0 0 -77.67500205644895 115.47852440182845 143.1 -54.2300118477553 128.15121863682563 132.44708 65.82484 -999.0 -999.0 -999.0 -999.0 -999.0 209.98387616827225 41.95342310225968 209.91607649398804 41.82506350499985 57.78114097310724 62.216313081447765 -999.0 6231.0 -999.0 -1 -999 {-999.0 -999.0 -999.0 -999.0 -999.0} "" -999.0 -999.0 -999.0 -999.0 -999 -999 "" "" "" "" 0 0 0.0 0.0 -999 ""
FIBERMAP 1096 R+1C25 APOGEE 0 0 0 1 0 0 257.4769301991474 29.39875404550388 143.1 258.3258277039908 -20.220175809116366 62.18143 140.84361 -999.0 -999.0 -999.0 -999.0 -999.0 211.8693189091145 41.266612658349985 211.79911605823997 41.140851182857446 56.39666285552674 63.57062517295043 -999.0 16600.0 -999.0 2 -999 {-999.0 -999.0 -999.0 -999.0 -999.0} "" -999.0 -999.0 -999.0 -999.0 -999 -999 "" "" "" "" 0 0 0.0 0.0 -999 ""
FIBERMAP 1096 R+1C25 BOSS 1 1 0 1 0 0 258.15267486508213 29.705467932223613 143.1 259.0475547457729 -20.047925165595547 62.18143 140.84361 211.87381268173527 41.26733512509944 1.4504025 -0.84595835 1.432226 211.87381824162912 41.26733268764207 211.80342352608247 41.14157535190017 56.3934076415346 63.56941172581969 5400.0 5400.0 2016.0 1 184 {-999.0 14.650452 14.186366 14.045073 -999.0} sdss_psfmag_from_g3xp 14.558238 14.217583 13.711935 12.83 63050394850057866 943345520 bright_1x1 openfibertargets_nov2020_46 open_fiber science 0 0 0.0 0.0 -999 ""
FIBERMAP 1096 R+1C25 METROLOGY 0 0 0 1 0 0 258.08574944521905 28.967475590066375 143.1 258.84120113436825 -20.75953338486957 62.18143 140.84361 -999.0 -999.0 -999.0 -999.0 -999.0 211.87244912077662 41.26413089995196 211.80211634210468 41.138372497222925 56.39444362129441 63.57516904936864 -999.0 6231.0 -999.0 -1 -999 {-999.0 -999.0 -999.0 -999.0 -999.0} "" -999.0 -999.0 -999.0 -999.0 -999 -999 "" "" "" "" 0 0 0.0 0.0 -999 ""
FIBERMAP 1098 R+5C1 APOGEE 0 0 0 1 0 0 -252.52685005297002 85.2644396952314 143.1 -231.6119312110461 131.82247604088911 272.10037 44.725964 -999.0 -999.0 -999.0 -999.0 -999.0 208.9064339446982 41.96016026143078 208.8411630356395 41.830450742216144 58.58007706941045 62.107636437269946 -999.0 16600.0 -999.0 2 122 {-999.0 -999.0 -999.0 -999.0 -999.0} "" -999.0 -999.0 -999.0 -999.0 -999 -999 "" ops_sky_apogee_best_unassigned ops_sky sky_apogee 0 0 0.0 0.0 -999 ""
FIBERMAP 1098 R+5C1 BOSS 1 1 0 1 0 0 -253.07707359872663 85.7633260426716 143.1 -232.05690466705897 132.4170244943522 272.10037 44.725964 208.90386105527267 41.96289691843805 8.291487 -31.187296 2.371459 208.9038931839838 41.96280705857176 208.83845468716544 41.83308556668503 58.581900324994734 62.10231668701648 5400.0 5400.0 2016.0 1 1 {-999.0 14.718948 14.0288105 13.805061 -999.0} sdss_psfmag_from_g3xp 14.537002 14.078843 13.461411 12.306 63050394850074111 943345580 bright_1x1 openfibertargets_nov2020_46 open_fiber science 0 0 0.0 0.0 -999 ""
FIBERMAP 1098 R+5C1 METROLOGY 0 0 0 1 0 0 -252.3623509104743 86.00082456216924 143.1 -231.31011208067096 132.51390855937098 272.10037 44.725964 -999.0 -999.0 -999.0 -999.0 -999.0 208.9083308615201 41.963312460689174 208.84292891027678 41.83359836970765 58.57853838770352 62.10179571847834 -999.0 6231.0 -999.0 -1 -999 {-999.0 -999.0 -999.0 -999.0 -999.0} "" -999.0 -999.0 -999.0 -999.0 -999 -999 "" "" "" "" 0 0 0.0 0.0 -999 ""
FIBERMAP 1100 R-9C17 APOGEE 0 0 0 1 0 0 179.90069289143 -187.3179776877935 143.1 140.87512231685156 -218.14866402657185 344.85028 82.25043 -999.0 -999.0 -999.0 -999.0 -999.0 211.14870714783277 40.3793162661827 211.0821242418874 40.25272399446956 56.94788996168426 65.1785736420511 -999.0 16600.0 -999.0 2 -999 {-999.0 -999.0 -999.0 -999.0 -999.0} "" -999.0 -999.0 -999.0 -999.0 -999 -999 "" "" "" "" 0 0 0.0 0.0 -999 ""
FIBERMAP 1100 R-9C17 BOSS 1 1 0 1 0 0 179.6122218592489 -188.01836577475896 143.1 140.45848170114752 -218.78113499078762 344.85028 82.25043 211.14587100981564 40.37637914918263 34.77312 34.792984 14.077979 211.14636076591964 40.3764793980282 211.07961328871326 40.249887574107724 56.94980884915296 65.18377129102099 5400.0 5400.0 2016.0 1 269 {-999.0 15.803618 14.383671 13.196719 -999.0} sdss_psfmag_from_g3xp 15.239954 13.891011 12.744184 10.571 63050394850049656 1068323924 bright_single_1x1 manual_mwm_validation_cool_boss mwm_validation science 0 0 0.9824652671813965 0.0 -999 ""
FIBERMAP 1100 R-9C17 METROLOGY 0 0 0 1 0 0 179.1607281913367 -187.4134461282731 143.1 140.13062529601416 -218.10132954415548 344.85028 82.25043 -999.0 -999.0 -999.0 -999.0 -999.0 211.14444036484863 40.37953497214684 211.07774119973715 40.25293690297244 56.95123490210906 65.17817754167146 -999.0 6231.0 -999.0 -1 -999 {-999.0 -999.0 -999.0 -999.0 -999.0} "" -999.0 -999.0 -999.0 -999.0 -999 -999 "" "" "" "" 0 0 0.0 0.0 -999 ""
FIBERMAP 1101 R-12C14 APOGEE 0 0 0 1 0 0 137.8521164222365 -220.2010179287367 143.1 93.33539392388283 -242.40986751260309 74.79281 117.2003 -999.0 -999.0 -999.0 -999.0 -999.0 210.86515189571764 40.27162103805029 210.7994119280837 40.1446700381168 57.16394158680128 65.3768526420348 -999.0 16600.0 -999.0 2 213 {-999.0 -999.0 -999.0 -999.0 -999.0} "" -999.0 -999.0 -999.0 -999.0 -999 -999 "" ops_sky_apogee_best_unassigned ops_sky sky_apogee 0 0 0.0 0.0 -999 ""
FIBERMAP 1101 R-12C14 BOSS 1 1 0 1 0 0 138.56334183457992 -220.01238596596892 143.1 94.06943967067454 -242.36028103253292 74.79281 117.2003 210.86971559827 40.27185931526495 -9.568028 -13.423444 0.3651714 210.8696794661271 40.27182063833114 210.8037569955439 40.14487550863819 57.16061989144251 65.37648084981461 5400.0 5400.0 2016.0 1 256 {-999.0 16.886097 16.493176 16.345673 -999.0} sdss_psfmag 16.805819 16.49323 16.009367 15.092 63050394850051424 978130016 "" ops_std_boss ops_std standard_boss 0 0 0.0 0.0 -999 ""
FIBERMAP 1101 R-12C14 METROLOGY 0 0 0 1 0 0 138.38184797089346 -220.7367619398787 143.1 93.75322858559188 -243.0366871600474 74.79281 117.2003 -999.0 -999.0 -999.0 -999.0 -999.0 210.86770476663014 40.26880834726551 210.80184221134277 40.14186104348126 57.162086976713454 65.38203677028605 -999.0 6231.0 -999.0 -1 -999 {-999.0 -999.0 -999.0 -999.0 -999.0} "" -999.0 -999.0 -999.0 -999.0 -999 -999 "" "" "" "" 0 0 0.0 0.0 -999 ""
FIBERMAP 1103 R-2C9 APOGEE 0 0 0 1 0 0 -82.74093902921331 -29.760149617625537 143.1 -86.88542444300725 -13.439867108753996 41.279625 128.05858 -999.0 -999.0 -999.0 -999.0 -999.0 209.78727189324832 41.308900950117874 209.72150705781985 41.18039480058996 57.958963169975824 63.41323312952079 -999.0 16600.0 -999.0 2 258 {-999.0 -999.0 -999.0 -999.0 -999.0} "" -999.0 -999.0 -999.0 -999.0 -999 -999 "" ops_sky_apogee_best_unassigned ops_sky sky_apogee 0 0 0.0 0.0 -999 ""
FIBERMAP 1103 R-2C9 BOSS 1 1 0 1 0 0 -82.02778247673534 -29.898330368432152 143.1 -86.21177491896722 -13.711426445396109 41.279625 128.05858 209.79149183299612 41.30772267423677 -5.936776 -16.503025 0.7336404 209.7914690612066 41.30767512411813 209.725527957059 41.17916926618122 57.95599140831154 63.41578236885291 5400.0 5400.0 2016.0 1 449 {-999.0 17.096956 16.715437 16.504309 -999.0} sdss_psfmag 17.031378 16.701128 16.16653 15.254 63050394850068289 943208492 bright_1x1 openfibertargets_nov2020_46 open_fiber science 0 0 0.0 0.0 -999 ""
FIBERMAP 1103 R-2C9 METROLOGY 0 0 0 1 0 0 -82.50724682160225 -30.4657649029257 143.1 -86.79054049745791 -14.176994974035528 41.279625 128.05858 -999.0 -999.0 -999.0 -999.0 -999.0 209.78794085665828 41.30554462991854 209.72206053688308 41.17703597467384 57.95868906178679 63.41959177464099 -999.0 6231.0 -999.0 -1 -999 {-999.0 -999.0 -999.0 -999.0 -999.0} "" -999.0 -999.0 -999.0 -999.0 -999 -999 "" "" "" "" 0 0 0.0 0.0 -999 ""
FIBERMAP 1104 R-13C7 APOGEE 0 0 0 1 0 0 -16.466851497972 -268.2784013995693 143.1 -67.29761930146736 -260.1856844216238 278.7971 87.68383 -999.0 -999.0 -999.0 -999.0 -999.0 209.9129463241583 40.19368500652915 209.8493899472909 40.06550981544789 57.891000419019065 65.51685003134588 -999.0 16600.0 -999.0 2 299 {-999.0 -999.0 -999.0 -999.0 -999.0} "" -999.0 -999.0 -999.0 -999.0 -999 -999 "" ops_sky_apogee_best_unassigned ops_sky sky_apogee 0 0 0.0 0.0 -999 ""
FIBERMAP 1104 R-13C7 BOSS 1 1 0 1 0 0 -17.206290796672665 -268.3594190846914 143.1 -68.03884625607988 -260.12426617739357 278.7971 87.68383 209.90872616403428 40.19395916802354 -0.009265892 0.013657123 0.13647135 209.9087261290833 40.193959207373766 209.84501060227413 40.065777346943726 57.894349160226675 65.5162847056746 5400.0 5400.0 2016.0 1 416 {-999.0 19.255507 18.781658 18.347748 17.977575} sdss_psfmag_from_gaiadr2 19.056644 18.941566 17.784813 16.116 63050394850052011 1057598203 bright_flexible_2x1 bhm_gua_bright bhm_filler science 0 0 0.0 0.0 -999 ""
FIBERMAP 1104 R-13C7 METROLOGY 0 0 0 1 0 0 -16.908451979815045 -267.6764040401856 143.1 -67.61632220843339 -259.5106329762003 278.7971 87.68383 -999.0 -999.0 -999.0 -999.0 -999.0 209.91115378444067 40.1966918956349 209.84747461440088 40.06851304298262 57.89243653409882 65.51117287114528 -999.0 6231.0 -999.0 -1 -999 {-999.0 -999.0 -999.0 -999.0 -999.0} "" -999.0 -999.0 -999.0 -999.0 -999 -999 "" "" "" "" 0 0 0.0 0.0 -999 ""
FIBERMAP 1105 R-7C6 APOGEE 0 0 0 1 0 0 -90.09975074323874 -145.86463036297886 143.1 -116.2382870466898 -125.99772622043808 331.48752 103.40455 -999.0 -999.0 -999.0 -999.0 -999.0 209.6150993879949 40.79694058948084 209.55085309734602 40.668294352888566 58.10638702470517 64.37103422119617 -999.0 16600.0 -999.0 2 -999 {-999.0 -999.0 -999.0 -999.0 -999.0} "" -999.0 -999.0 -999.0 -999.0 -999 -999 "" "" "" "" 0 0 0.0 0.0 -999 ""
FIBERMAP 1105 R-7C6 BOSS 1 1 0 1 0 0 -90.28631631877636 -146.5889331477096 143.1 -116.55946223840235 -126.67309382341286 331.48752 103.40455 209.61327980575743 40.793882074246454 13.973938 -14.972257 2.6801276 209.61333298883778 40.79383893471621 209.54892949378916 40.66518773034026 58.10793894562167 64.37682848051358 5400.0 5400.0 2016.0 1 437 {-999.0 17.201824 15.852367 15.260399 -999.0} sdss_psfmag 16.659971 15.789832 14.870054 13.092 63050394850067407 1122450066 bright_1x1 openfibertargets_mwm_snc_further_ext_boss open_fiber science 0 0 0.0 0.0 -999 ""
FIBERMAP 1105 R-7C6 METROLOGY 0 0 0 1 0 0 -90.81882826037975 -146.0636014786066 143.1 -116.98201058043837 -126.05596428882978 331.48752 103.40455 -999.0 -999.0 -999.0 -999.0 -999.0 209.61073065582 40.79663446142819 209.54637447190453 40.667979995949366 58.10979198295106 64.37143506153944 -999.0 6231.0 -999.0 -1 -999 {-999.0 -999.0 -999.0 -999.0 -999.0} "" -999.0 -999.0 -999.0 -999.0 -999 -999 "" "" "" "" 0 0 0.0 0.0 -999 ""
FIBERMAP 1106 R-10C9 APOGEE 0 0 0 1 0 0 -15.00355894445549 -202.24010069589545 143.1 -53.274205781203484 -195.64576716015995 235.21521 86.258316 -999.0 -999.0 -999.0 -999.0 -999.0 209.994190793204 40.48274801810934 209.92982548963232 40.35463257602769 57.82571677365646 64.97498973294216 -999.0 16600.0 -999.0 2 -999 {-999.0 -999.0 -999.0 -999.0 -999.0} "" -999.0 -999.0 -999.0 -999.0 -999 -999 "" "" "" "" 0 0 0.0 0.0 -999 ""
FIBERMAP 1106 R-10C9 BOSS 1 1 0 1 0 0 -15.606676705730946 -201.79749970510602 143.1 -53.78182489459961 -195.09638285684002 235.21521 86.258316 209.99130249023438 40.48517701734763 -999.0 -999.0 -999.0 209.99130249023438 40.48517701734763 209.92676937883158 40.35705531723645 57.828004217093294 64.97036630194127 5400.0 5400.0 2015.5 1 371 {-999.0 -999.0 -999.0 -999.0 -999.0} "" -999.0 -999.0 -999.0 -999.0 27021603104371698 807158481 "" ops_sky_boss_good ops_sky sky_boss 0 0 0.0 0.0 -999 ""
FIBERMAP 1106 R-10C9 METROLOGY 0 0 0 1 0 0 -14.911329062080313 -201.49972536587097 143.1 -53.04256077757378 -194.9366430810632 235.21521 86.258316 -999.0 -999.0 -999.0 -999.0 -999.0 209.99566261541085 40.48590375622133 209.93116636218463 40.35778815382255 57.82464167168579 64.96909717135634 -999.0 6231.0 -999.0 -1 -999 {-999.0 -999.0 -999.0 -999.0 -999.0} "" -999.0 -999.0 -999.0 -999.0 -999 -999 "" "" "" "" 0 0 0.0 0.0 -999 ""
FIBERMAP 1107 R-13C5 APOGEE 0 0 0 1 0 0 -69.50758763178678 -267.25319240162014 143.1 -119.16348756794761 -249.06964822007168 279.1563 53.883392 -999.0 -999.0 -999.0 -999.0 -999.0 209.60575920729679 40.24338309742014 209.54274522892592 40.11480956868663 58.12497156392426 65.41837699718991 -999.0 16600.0 -999.0 2 283 {-999.0 -999.0 -999.0 -999.0 -999.0} "" -999.0 -999.0 -999.0 -999.0 -999 -999 "" ops_sky_apogee_best_unassigned ops_sky sky_apogee 0 0 0.0 0.0 -999 ""
FIBERMAP 1107 R-13C5 BOSS 1 1 0 1 0 0 -70.18091125834718 -266.9428862408887 143.1 -119.76523199309172 -248.63673427246118 279.1563 53.883392 209.60235044824842 40.245327493701254 -2.3293955 -3.2516382 0.058633216 209.60234165510036 40.245318124765646 209.5391646604655 40.11673810935939 58.127681015023356 65.41464867157501 5400.0 5400.0 2016.0 1 414 {-999.0 16.398676 16.14548 16.044704 -999.0} sdss_psfmag 16.219122 15.92843 15.589296 14.885 63050394850052294 1068382431 bright_3x1 mwm_ob_core_boss mwm_ob science 0 0 0.0 0.0 -999 ""
FIBERMAP 1107 R-13C5 METROLOGY 0 0 0 1 0 0 -69.58302041827255 -266.5107354832951 143.1 -119.09601238740035 -248.3265238718813 279.1563 53.883392 -999.0 -999.0 -999.0 -999.0 -999.0 209.60622216426125 40.24670006761798 209.54308099691468 40.11812527187793 58.12466590203079 65.41210595197384 -999.0 6231.0 -999.0 -1 -999 {-999.0 -999.0 -999.0 -999.0 -999.0} "" -999.0 -999.0 -999.0 -999.0 -999 -999 "" "" "" "" 0 0 0.0 0.0 -999 ""
FIBERMAP 1108 R-9C7 APOGEE 0 0 0 1 0 0 -38.781084528285135 -182.05375585565076 143.1 -72.76506014563896 -171.30010319899034 20.748663 67.1631 -999.0 -999.0 -999.0 -999.0 -999.0 209.87713956572497 40.59247831897699 209.81278161199577 40.46419637232355 57.91272750832692 64.7658210474284 -999.0 16600.0 -999.0 2 178 {-999.0 -999.0 -999.0 -999.0 -999.0} "" -999.0 -999.0 -999.0 -999.0 -999 -999 "" ops_sky_apogee_best_unassigned ops_sky sky_apogee 0 0 0.0 0.0 -999 ""
FIBERMAP 1108 R-9C7 BOSS 1 1 0 1 0 0 -38.792412602571694 -182.79749267669592 143.1 -72.91793800027371 -172.0279468766527 20.748663 67.1631 209.8764259365645 40.58916473899832 -8.641078 -6.5214667 0.67601895 209.87639315056256 40.58914594871122 209.81187579552162 40.46086099476061 57.91348748709331 64.77207091162123 5400.0 5400.0 2016.0 1 390 {-999.0 15.152434 14.814188 14.693025 -999.0} sdss_psfmag_from_g3xp 15.102243 14.815423 14.363395 13.549 63050394850052529 977632976 "" ops_std_boss ops_std standard_boss 0 0 0.0 0.0 -999 ""
FIBERMAP 1108 R-9C7 METROLOGY 0 0 0 1 0 0 -39.431053008976846 -182.40579168870903 143.1 -73.47012551884308 -171.52175190153352 20.748663 67.1631 -999.0 -999.0 -999.0 -999.0 -999.0 209.87303397221876 40.59143739812444 209.80856654693343 40.463148412369236 57.915956027666404 64.76766468865725 -999.0 6231.0 -999.0 -1 -999 {-999.0 -999.0 -999.0 -999.0 -999.0} "" -999.0 -999.0 -999.0 -999.0 -999 -999 "" "" "" "" 0 0 0.0 0.0 -999 ""
FIBERMAP 1109 R+8C19 APOGEE 0 0 0 1 0 0 217.20738696617053 158.452242384618 143.1 243.3979770297187 114.12571149371453 34.995556 92.21008 -999.0 -999.0 -999.0 -999.0 -999.0 211.79385170819768 41.87543285204583 211.72233794020747 41.74947424036285 56.439196943751455 62.4680593526507 -999.0 16600.0 -999.0 2 60 {-999.0 -999.0 -999.0 -999.0 -999.0} "" -999.0 -999.0 -999.0 -999.0 -999 -999 "" ops_sky_apogee_best_unassigned ops_sky sky_apogee 0 0 0.0 0.0 -999 ""
FIBERMAP 1109 R+8C19 BOSS 1 1 0 1 0 0 217.6812453247631 157.8695747364225 143.1 243.75202644784937 113.46348434409187 34.995556 92.21008 211.79610958720195 41.87241150326303 -0.12874065 0.5043328 0.0775426 211.79610908905042 41.87241295639555 211.72441619126045 41.74645341921374 56.43774708410172 62.47361333782503 5400.0 5400.0 2016.0 1 168 {-999.0 20.082092 19.709194 19.357979 19.064226} sdss_psfmag_from_gaiadr2 19.425278 19.814636 18.344091 -999.0 63050394850062554 1057598211 bright_flexible_2x1 bhm_gua_bright bhm_filler science 0 0 0.0 0.0 -999 ""
FIBERMAP 1109 R+8C19 METROLOGY 0 0 0 1 0 0 216.9369149963195 157.75644941499144 143.1 242.99987894881482 113.49432010530802 34.995556 92.21008 -999.0 -999.0 -999.0 -999.0 -999.0 211.79155092998576 41.87263443641907 211.71991902860964 41.74666993493882 56.441093433811275 62.47302140988927 -999.0 6231.0 -999.0 -1 -999 {-999.0 -999.0 -999.0 -999.0 -999.0} "" -999.0 -999.0 -999.0 -999.0 -999 -999 "" "" "" "" 0 0 0.0 0.0 -999 ""
FIBERMAP 1111 R+8C16 APOGEE 0 0 0 1 0 0 144.19794521439724 150.97343853782382 143.1 170.31125262051697 120.7008799469644 319.44077 134.3805 -999.0 -999.0 -999.0 -999.0 -999.0 211.3537366246393 41.91221756356364 211.28310674836803 41.78566116845984 56.76526950088721 62.38076234270261 -999.0 16600.0 -999.0 2 -999 {-999.0 -999.0 -999.0 -999.0 -999.0} "" -999.0 -999.0 -999.0 -999.0 -999 -999 "" "" "" "" 0 0 0.0 0.0 -999 ""
FIBERMAP 1111 R+8C16 BOSS 1 1 0 1 0 0 144.27233608589663 150.2366536737758 143.1 170.24383587951618 119.96352150474897 319.44077 134.3805 211.35351655230886 41.90891926100623 -999.0 -999.0 -999.0 211.35351655230886 41.90891926100623 211.28271579714487 41.78235781203859 56.76569105966386 62.38676395979974 5400.0 5400.0 2016.0 1 202 {-999.0 22.190783 20.395992 19.695673 -999.0} sdss_psfmag -999.0 -999.0 -999.0 -999.0 63050397948863217 1118044984 bright_1x1 openfibertargets_bhm_lofarradio_boss open_fiber science 0 0 0.0 0.0 -999 ""
FIBERMAP 1111 R+8C16 METROLOGY 0 0 0 1 0 0 143.58597991952522 150.54663593897513 143.1 169.62923783998525 120.39860158783543 319.44077 134.3805 -999.0 -999.0 -999.0 -999.0 -999.0 211.34975689397697 41.910930750786044 211.27901045237888 41.784365451090125 56.76837268851203 62.38290466327402 -999.0 6231.0 -999.0 -1 -999 {-999.0 -999.0 -999.0 -999.0 -999.0} "" -999.0 -999.0 -999.0 -999.0 -999 -999 "" "" "" "" 0 0 0.0 0.0 -999 ""
FIBERMAP 1112 R-6C10 APOGEE 0 0 0 1 0 0 -9.161996691950765 -103.59744104657153 143.1 -28.73886201174599 -99.93808286732248 83.47905 70.54794 -999.0 -999.0 -999.0 -999.0 -999.0 210.1399199586507 40.915834823121024 210.07427391085582 40.78784014351303 57.70646781817829 64.16752016566483 -999.0 16600.0 -999.0 2 -999 {-999.0 -999.0 -999.0 -999.0 -999.0} "" -999.0 -999.0 -999.0 -999.0 -999 -999 "" "" "" "" 0 0 0.0 0.0 -999 ""
FIBERMAP 1112 R-6C10 BOSS 1 1 0 1 0 0 -8.480952259158876 -103.91919322783741 143.1 -28.131721007597566 -100.38370308529348 83.47905 70.54794 210.14373163500707 40.91376500102678 -999.0 -999.0 -999.0 210.14373163500707 40.91376500102678 210.07791155922223 40.78577204900306 57.70377070642869 64.17152944594744 5400.0 5400.0 2016.0 1 367 {-999.0 21.055447 20.173435 19.46243 -999.0} sdss_psfmag 20.548595 21.140385 19.132841 -999.0 63050394850067724 1117968744 bright_1x1 openfibertargets_bhm_lofarradio_boss open_fiber science 0 0 0.0 0.0 -999 ""
FIBERMAP 1112 R-6C10 METROLOGY 0 0 0 1 0 0 -9.092163713199135 -104.3402635930727 143.1 -28.81190328309529 -100.68049874803971 83.47905 70.54794 -999.0 -999.0 -999.0 -999.0 -999.0 210.13959125943097 40.91242533995971 210.07383148895974 40.78442825426928 57.70689527278234 64.17388706739791 -999.0 6231.0 -999.0 -1 -999 {-999.0 -999.0 -999.0 -999.0 -999.0} "" -999.0 -999.0 -999.0 -999.0 -999 -999 "" "" "" "" 0 0 0.0 0.0 -999 ""
FIBERMAP 1113 R-3C16 APOGEE 1 1 0 1 0 0 85.64251752868654 -62.02327627684504 143.1 72.2391642154646 -77.20172191016628 270.70596 163.42392 210.74902297001503 41.01790763686733 10.700717 -20.877993 6.285807 210.74906383380798 41.01784748116281 210.68186759024132 40.89063022408216 57.24437178159496 63.99774742749401 16000.0 16600.0 2016.0 2 235 {-999.0 11.124109 10.677697 10.562073 -999.0} sdss_psfmag_from_g3xp 11.044552 10.718269 10.231944 9.425 63050394850054800 1103502993 bright_1x1 mwm_tess_2min_apogee mwm_planet science 0 0 0.0 0.0 -999 ""
FIBERMAP 1113 R-3C16 BOSS 0 0 0 1 0 0 85.44806295016926 -62.73715020732304 143.1 71.91223347832458 -77.86534956697915 270.70596 163.42392 -999.0 -999.0 -999.0 -999.0 -999.0 210.7472809441184 41.014805849968184 210.67992269163324 40.88758228782515 57.24591096064683 64.00331764973333 -999.0 5400.0 -999.0 1 282 {-999.0 -999.0 -999.0 -999.0 -999.0} "" -999.0 -999.0 -999.0 -999.0 -999 -999 "" "" "" "" 0 0 0.0 0.0 -999 ""
FIBERMAP 1113 R-3C16 METROLOGY 0 0 0 1 0 0 84.92342547318933 -62.21728994858691 143.1 71.49637131881866 -77.2550913086116 270.70596 163.42392 -999.0 -999.0 -999.0 -999.0 -999.0 210.74474513093338 41.01759725337566 210.67743516774976 40.89037076859236 57.24772757554429 63.99808582796959 -999.0 6231.0 -999.0 -1 -999 {-999.0 -999.0 -999.0 -999.0 -999.0} "" -999.0 -999.0 -999.0 -999.0 -999 -999 "" "" "" "" 0 0 0.0 0.0 -999 ""
FIBERMAP 1114 R-8C15 APOGEE 0 0 0 1 0 0 108.3750085799129 -148.32412295298496 143.1 78.10261524131994 -166.2418186350996 52.43555 164.79929 -999.0 -999.0 -999.0 -999.0 -999.0 210.77962727914803 40.61408426072218 210.71329160543723 40.48696792987715 57.22744704422722 64.7442858262051 -999.0 16600.0 -999.0 2 203 {-999.0 -999.0 -999.0 -999.0 -999.0} "" -999.0 -999.0 -999.0 -999.0 -999 -999 "" ops_sky_apogee_best_unassigned ops_sky sky_apogee 0 0 0.0 0.0 -999 ""
FIBERMAP 1114 R-8C15 BOSS 1 1 0 1 0 0 108.94048140238333 -147.863631525723 143.1 78.74541730165095 -165.89761191540535 52.43555 164.79929 210.78369140625 40.615578151403724 -999.0 -999.0 -999.0 210.78369140624997 40.615578151403724 210.7171707569205 40.48846542768364 57.224479832740066 64.74158198003002 5400.0 5400.0 2015.5 1 318 {-999.0 -999.0 -999.0 -999.0 -999.0} "" -999.0 -999.0 -999.0 -999.0 27021603104372799 807158686 "" ops_sky_boss_good ops_sky sky_boss 0 0 0.0 0.0 -999 ""
FIBERMAP 1114 R-8C15 METROLOGY 0 0 0 1 0 0 109.06846808403976 -148.59835463137628 143.1 78.73099964015799 -166.64316223004064 52.43555 164.79929 -999.0 -999.0 -999.0 -999.0 -999.0 210.78350715707668 40.612220540895244 210.71704356812938 40.48510852684679 57.22461479848965 64.7477805459884 -999.0 6231.0 -999.0 -1 -999 {-999.0 -999.0 -999.0 -999.0 -999.0} "" -999.0 -999.0 -999.0 -999.0 -999 -999 "" "" "" "" 0 0 0.0 0.0 -999 ""
FIBERMAP 1115 R-5C21 APOGEE 0 0 0 1 0 0 206.50188202191904 -84.76130279908425 143.1 186.5327678202598 -122.5561024065605 121.18839 111.973335 -999.0 -999.0 -999.0 -999.0 -999.0 211.43023000791007 40.8080852214745 211.36205781557112 40.6818024536351 56.73276041154901 64.39608364297146 -999.0 16600.0 -999.0 2 -999 {-999.0 -999.0 -999.0 -999.0 -999.0} "" -999.0 -999.0 -999.0 -999.0 -999 -999 "" "" "" "" 0 0 0.0 0.0 -999 ""
FIBERMAP 1115 R-5C21 BOSS 1 1 0 1 0 0 206.9114331180428 -84.16065287517603 143.1 187.049242155045 -122.0446061278591 121.18839 111.973335 211.4335859927228 40.81040272396141 -1.4806297 -17.434443 2.4162347 211.4335803562271 40.810352490154536 211.36521866553718 40.68407319102483 56.73034269821992 64.39198448709784 5400.0 5400.0 2016.0 1 321 {-999.0 19.329323 17.854952 16.796835 -999.0} sdss_psfmag 18.686998 17.811815 16.295036 14.152 63050394850053923 1095206505 bright_1x1 mwm_bin_vis_boss mwm_filler science 0 0 0.0 0.0 -999 ""
FIBERMAP 1115 R-5C21 METROLOGY 0 0 0 1 0 0 207.2448558178501 -84.82950777743363 143.1 187.2490216163919 -122.76466143127018 121.18839 111.973335 -999.0 -999.0 -999.0 -999.0 -999.0 211.4346251286751 40.80709508141731 211.36631923555876 40.68081748675826 56.72953790186905 64.39793286429506 -999.0 6231.0 -999.0 -1 -999 {-999.0 -999.0 -999.0 -999.0 -999.0} "" -999.0 -999.0 -999.0 -999.0 -999 -999 "" "" "" "" 0 0 0.0 0.0 -999 ""
FIBERMAP 1118 R-13C4 APOGEE 0 0 0 1 0 0 -90.82192283281061 -256.79721961903147 143.1 -138.091281853072 -234.74416673133734 200.32503 116.21125 -999.0 -999.0 -999.0 -999.0 -999.0 209.4928282871915 40.307292018932756 209.42991566432988 40.17856609025006 58.21017011071792 65.29485445862326 -999.0 16600.0 -999.0 2 279 {-999.0 -999.0 -999.0 -999.0 -999.0} "" -999.0 -999.0 -999.0 -999.0 -999 -999 "" ops_sky_apogee_best_unassigned ops_sky sky_apogee 0 0 0.0 0.0 -999 ""
FIBERMAP 1118 R-13C4 BOSS 1 1 0 1 0 0 -91.37443245145181 -256.3129539834684 143.1 -138.54128592827806 -234.16353326731624 200.32503 116.21125 209.49036560803177 40.30993389135974 -21.107492 -16.92566 1.0667596 209.49028585402513 40.309885123481536 209.42720720544446 40.181153570173905 58.21219287776622 65.2898732932634 5400.0 5400.0 2016.0 1 413 {-999.0 20.055128 18.710014 17.975895 -999.0} sdss_psfmag 19.48931 18.556013 17.580662 15.81 63050394850066854 1094784091 bright_1x1 mwm_bin_vis_boss mwm_filler science 0 0 0.0 0.0 -999 ""
FIBERMAP 1118 R-13C4 METROLOGY 0 0 0 1 0 0 -90.67250433037351 -256.0681463208972 143.1 -137.80565849292302 -234.05703633966502 200.32503 116.21125 -999.0 -999.0 -999.0 -999.0 -999.0 209.49457392132769 40.310362845627665 209.43153220665215 40.18163702790867 58.20888044199077 65.2890679596793 -999.0 6231.0 -999.0 -1 -999 {-999.0 -999.0 -999.0 -999.0 -999.0} "" -999.0 -999.0 -999.0 -999.0 -999 -999 "" "" "" "" 0 0 0.0 0.0 -999 ""
FIBERMAP 1121 R-3C7 APOGEE 0 0 0 1 0 0 -118.82183268816863 -70.14279805819778 143.1 -129.99712310862367 -46.19965198764637 288.1869 121.231384 -999.0 -999.0 -999.0 -999.0 -999.0 209.52824285847927 41.15883647140428 209.463382295031 41.030025205361106 58.15958400849669 63.681828297575066 -999.0 16600.0 -999.0 2 254 {-999.0 -999.0 -999.0 -999.0 -999.0} "" -999.0 -999.0 -999.0 -999.0 -999 -999 "" ops_sky_apogee_best_unassigned ops_sky sky_apogee 0 0 0.0 0.0 -999 ""
FIBERMAP 1121 R-3C7 BOSS 1 1 0 1 0 0 -119.3180904496386 -70.69240963772918 143.1 -130.58897487302542 -46.644525796235534 288.1869 121.231384 209.52482277084763 41.15683020383216 -5.877924 -16.307196 0.35565498 209.52480027677763 41.1567832179562 209.4597837842649 41.02796276461602 58.162381562538094 63.685521839126146 5400.0 5400.0 2016.0 1 468 {-999.0 17.261168 16.959583 16.831474 -999.0} sdss_psfmag 17.205019 16.96787 16.514362 15.682 63050394850068992 975917037 "" ops_std_boss ops_std standard_boss 0 0 0.0 0.0 -999 ""
FIBERMAP 1121 R-3C7 METROLOGY 0 0 0 1 0 0 -119.55585986481331 -69.98960797538801 143.1 -130.6883970225866 -45.90938246635308 288.1869 121.231384 -999.0 -999.0 -999.0 -999.0 -999.0 209.52412874330048 41.16012463332285 209.4591539367134 41.03130421671469 58.162718040876456 63.679155621111136 -999.0 6231.0 -999.0 -1 -999 {-999.0 -999.0 -999.0 -999.0 -999.0} "" -999.0 -999.0 -999.0 -999.0 -999 -999 "" "" "" "" 0 0 0.0 0.0 -999 ""
FIBERMAP 1125 R0C22 APOGEE 0 0 0 1 0 0 165.88030254832285 -7.178540083315324 143.1 161.44887254182012 -38.66337413843785 223.34831 101.80899 -999.0 -999.0 -999.0 -999.0 -999.0 211.28867884451807 41.18953239152505 211.21991598684428 41.06300120179113 56.834485400711415 63.69733262486443 -999.0 16600.0 -999.0 2 -999 {-999.0 -999.0 -999.0 -999.0 -999.0} "" -999.0 -999.0 -999.0 -999.0 -999 -999 "" "" "" "" 0 0 0.0 0.0 -999 ""
FIBERMAP 1125 R0C22 BOSS 1 1 0 1 0 0 165.27232259440802 -6.753102524255105 143.1 160.93320960881059 -38.12990957223821 223.34831 101.80899 211.28587655073076 41.19197172885988 -999.0 -999.0 -999.0 211.28587655073076 41.19197172885988 211.21693702640596 41.06543360770143 56.83667977022971 63.69280076171954 5400.0 5400.0 2016.0 1 244 {-999.0 21.734623 20.613293 20.154121 -999.0} sdss_psfmag -999.0 -999.0 -999.0 -999.0 63050397948857095 1118044976 bright_1x1 openfibertargets_bhm_lofarradio_boss open_fiber science 0 0 0.0 0.0 -999 ""
FIBERMAP 1125 R0C22 METROLOGY 0 0 0 1 0 0 165.94354494150141 -6.435127425219674 143.1 161.65264427004087 -37.94574369730582 223.34831 101.80899 -999.0 -999.0 -999.0 -999.0 -999.0 211.29015093526868 41.192772031930325 211.22125041813092 41.06624029016186 56.833411398156635 63.69145178083545 -999.0 6231.0 -999.0 -1 -999 {-999.0 -999.0 -999.0 -999.0 -999.0} "" -999.0 -999.0 -999.0 -999.0 -999 -999 "" "" "" "" 0 0 0.0 0.0 -999 ""
FIBERMAP 1126 R+3C12 APOGEE 0 0 0 1 0 0 -28.83819944553871 50.27332232473749 143.1 -18.72338867733565 54.8416331959383 247.97095 64.21656 -999.0 -999.0 -999.0 -999.0 -999.0 210.2005657301538 41.62048274910218 210.13317847829387 41.49245791847764 57.636393302311724 62.85380957846343 -999.0 16600.0 -999.0 2 14 {-999.0 -999.0 -999.0 -999.0 -999.0} "" -999.0 -999.0 -999.0 -999.0 -999 -999 "" ops_sky_apogee_best_unassigned ops_sky sky_apogee 0 0 0.0 0.0 -999 ""
FIBERMAP 1126 R+3C12 BOSS 1 1 0 1 0 0 -29.338497452273618 50.80769644374742 143.1 -19.112594428388974 55.4614981068444 247.97095 64.21656 210.19835561122278 41.62334094661904 -999.0 -999.0 -999.0 210.19835561122275 41.62334094661904 210.13079401514287 41.49530687780118 57.63804659811761 62.84833957472048 5400.0 5400.0 2016.0 1 114 {-999.0 20.642756 19.823078 19.320763 -999.0} sdss_psfmag -999.0 -999.0 -999.0 16.019 63050398663861384 1118065503 bright_1x1 openfibertargets_bhm_lofarradio_boss open_fiber science 0 0 0.0 0.0 -999 ""
FIBERMAP 1126 R+3C12 METROLOGY 0 0 0 1 0 0 -28.61690742615863 50.98452783181284 143.1 -18.370624695378478 55.49752639022784 247.97095 64.21656 -999.0 -999.0 -999.0 -999.0 -999.0 210.2028305895449 41.62349685209983 210.13530765038934 41.495470216830114 57.63466192141125 62.8483249738465 -999.0 6231.0 -999.0 -1 -999 {-999.0 -999.0 -999.0 -999.0 -999.0} "" -999.0 -999.0 -999.0 -999.0 -999 -999 "" "" "" "" 0 0 0.0 0.0 -999 ""
FIBERMAP 1127 R-13C6 APOGEE 0 0 0 1 0 0 -35.679123781295665 -268.9515696787633 143.1 -86.28342283466783 -257.1844922830283 290.1554 87.71183 -999.0 -999.0 -999.0 -999.0 -999.0 209.80053905639375 40.207135201113225 209.7371911229867 40.078814511301005 57.976712483558174 65.49007118003237 -999.0 16600.0 -999.0 2 274 {-999.0 -999.0 -999.0 -999.0 -999.0} "" -999.0 -999.0 -999.0 -999.0 -999 -999 "" ops_sky_apogee_best_unassigned ops_sky sky_apogee 0 0 0.0 0.0 -999 ""
FIBERMAP 1127 R-13C6 BOSS 1 1 0 1 0 0 -36.398418423588396 -269.1656376865006 143.1 -87.03023700711726 -257.25750707689696 290.1554 87.71183 209.79629516601562 40.206812775407684 -999.0 -999.0 -999.0 209.7962951660156 40.206812775407684 209.73278999266873 40.07848526074691 57.98008360510596 65.49061916672916 5400.0 5400.0 2015.5 1 415 {-999.0 -999.0 -999.0 -999.0 -999.0} "" -999.0 -999.0 -999.0 -999.0 27021603104371509 817513699 "" ops_sky_boss_good ops_sky sky_boss 0 0 0.0 0.0 -999 ""
FIBERMAP 1127 R-13C6 METROLOGY 0 0 0 1 0 0 -36.230394724954635 -268.4353023567136 143.1 -86.72611146963204 -256.5726841771119 290.1554 87.71183 -999.0 -999.0 -999.0 -999.0 -999.0 209.79800916995563 40.20986322244601 209.73454101771017 40.08153783470534 57.97870870519591 65.4848915578068 -999.0 6231.0 -999.0 -1 -999 {-999.0 -999.0 -999.0 -999.0 -999.0} "" -999.0 -999.0 -999.0 -999.0 -999 -999 "" "" "" "" 0 0 0.0 0.0 -999 ""
FIBERMAP 1129 R-8C8 APOGEE 0 0 0 1 0 0 -34.288235834941474 -170.5352527221637 143.1 -66.1597082088239 -160.85065615008196 344.78806 71.17198 -999.0 -999.0 -999.0 -999.0 -999.0 209.91629185500844 40.63969710994047 209.8517452791716 40.51145794335595 57.88207310579468 64.67812309693642 -999.0 16600.0 -999.0 2 -999 {-999.0 -999.0 -999.0 -999.0 -999.0} "" -999.0 -999.0 -999.0 -999.0 -999 -999 "" "" "" "" 0 0 0.0 0.0 -999 ""
FIBERMAP 1129 R-8C8 BOSS 1 1 0 1 0 0 -34.697303890166374 -171.1556173579764 143.1 -66.67946611903842 -161.3815951548259 344.78806 71.17198 209.9133398050424 40.63724732114016 -999.0 -999.0 -999.0 209.91333980504237 40.63724732114016 209.84863641252764 40.509001918425376 57.88449057745426 64.68264311035048 5400.0 5400.0 2016.0 1 389 {-999.0 21.081903 19.933989 19.50973 -999.0} sdss_psfmag -999.0 -999.0 -999.0 16.027 63050397230178436 1118023132 bright_1x1 openfibertargets_bhm_lofarradio_boss open_fiber science 0 0 0.0 0.0 -999 ""
FIBERMAP 1129 R-8C8 METROLOGY 0 0 0 1 0 0 -35.03257060258883 -170.4839912923829 143.1 -66.88052734725144 -160.65846838528404 344.78806 71.17198 -999.0 -999.0 -999.0 -999.0 -999.0 209.9120725339746 40.640523373277354 209.84741237528772 40.512276644241325 57.88534829122918 64.67644589069329 -999.0 6231.0 -999.0 -1 -999 {-999.0 -999.0 -999.0 -999.0 -999.0} "" -999.0 -999.0 -999.0 -999.0 -999 -999 "" "" "" "" 0 0 0.0 0.0 -999 ""
FIBERMAP 1130 R-3C13 APOGEE 0 0 0 1 0 0 23.390873172137667 -53.75195061346499 143.1 12.713614345878582 -57.21774417065582 22.54977 115.646416 -999.0 -999.0 -999.0 -999.0 -999.0 210.39033143085732 41.109882399360814 210.32370201988738 40.982181469918146 57.51245796456395 63.814860255740825 -999.0 16600.0 -999.0 2 174 {-999.0 -999.0 -999.0 -999.0 -999.0} "" -999.0 -999.0 -999.0 -999.0 -999 -999 "" ops_sky_apogee_best_unassigned ops_sky sky_apogee 0 0 0.0 0.0 -999 ""
FIBERMAP 1130 R-3C13 BOSS 1 1 0 1 0 0 23.936596958053787 -54.25075042463803 143.1 13.154187629512885 -57.811350015112176 22.54977 115.646416 210.39322860104548 41.10717578027639 -16.11091 -9.92696 0.76447856 210.39316699326238 41.10714717774005 210.3263653497939 40.979446697339085 57.51052881533689 63.820059835896615 5400.0 5400.0 2016.0 1 364 {-999.0 15.341068 14.9833355 14.861264 -999.0} sdss_psfmag_from_g3xp 15.285454 14.991429 14.530255 13.77 63050394850055011 977633001 "" ops_std_boss ops_std standard_boss 0 0 0.0 0.0 -999 ""
FIBERMAP 1130 R-3C13 METROLOGY 0 0 0 1 0 0 23.22572292831196 -54.47824675572254 143.1 12.413079085456213 -57.89915016226432 22.54977 115.646416 -999.0 -999.0 -999.0 -999.0 -999.0 210.38863434556447 41.10676097432977 210.3218923715832 40.97905557757565 57.51391574133532 63.82060257569242 -999.0 6231.0 -999.0 -1 -999 {-999.0 -999.0 -999.0 -999.0 -999.0} "" -999.0 -999.0 -999.0 -999.0 -999 -999 "" "" "" "" 0 0 0.0 0.0 -999 ""
FIBERMAP 1131 R-8C19 APOGEE 0 0 0 1 0 0 208.82345364298354 -141.53992588232032 143.1 177.9892550514947 -178.72874182882282 80.32552 96.91214 -999.0 -999.0 -999.0 -999.0 -999.0 211.37283198645616 40.55522058024469 211.30537017480412 40.42890009236907 56.77737881656316 64.85691077202722 -999.0 16600.0 -999.0 2 185 {-999.0 -999.0 -999.0 -999.0 -999.0} "" -999.0 -999.0 -999.0 -999.0 -999 -999 "" ops_sky_apogee_best_unassigned ops_sky sky_apogee 0 0 0.0 0.0 -999 ""
FIBERMAP 1131 R-8C19 BOSS 1 1 0 1 0 0 209.57126777397846 -141.56228973315712 143.1 178.71899728731117 -178.89322882171166 80.32552 96.91214 211.37740589950144 40.554389337509875 -21.867115 19.381727 2.33045 211.3773229742481 40.55444518199251 211.30967736951953 40.428130961472476 56.77410246029153 64.85833273834572 5400.0 5400.0 2016.0 1 331 {-999.0 17.004307 15.686081 15.108858 -999.0} sdss_psfmag 16.4931 15.632264 14.7204485 12.931 63050394850050201 1126616771 bright_1x1 openfibertargets_mwm_snc_further_ext_boss open_fiber science 0 0 0.0 0.0 -999 ""
FIBERMAP 1131 R-8C19 METROLOGY 0 0 0 1 0 0 209.19679288029158 -142.19699731490343 143.1 178.230459917307 -179.44483949660017 80.32552 96.91214 -999.0 -999.0 -999.0 -999.0 -999.0 211.3743096939804 40.55198508013223 211.3067263168474 40.42566678561447 56.77635628844315 64.86281771801669 -999.0 6231.0 -999.0 -1 -999 {-999.0 -999.0 -999.0 -999.0 -999.0} "" -999.0 -999.0 -999.0 -999.0 -999 -999 "" "" "" "" 0 0 0.0 0.0 -999 ""
FIBERMAP 1132 R+2C1 APOGEE 0 0 0 1 0 0 -282.1385992738735 45.93664297207148 143.1 -268.17288715504066 98.86502114583091 166.87277 102.362366 -999.0 -999.0 -999.0 -999.0 -999.0 208.6894672379507 41.807978926481084 208.62502362820942 41.67802575491555 58.75175062365274 62.37795352570413 -999.0 16600.0 -999.0 2 145 {-999.0 -999.0 -999.0 -999.0 -999.0} "" -999.0 -999.0 -999.0 -999.0 -999 -999 "" ops_sky_apogee_best_unassigned ops_sky sky_apogee 0 0 0.0 0.0 -999 ""
FIBERMAP 1132 R+2C1 BOSS 1 1 0 1 0 0 -282.10184941049835 46.66059682453453 143.1 -267.99882766079213 99.5686016843195 166.87277 102.362366 208.69067797513122 41.8111866322505 -9.368987 -5.180316 0.8965119 208.6906417572761 41.811171706216 208.62602275404166 41.68121096492383 58.75078201395064 62.371929912678915 5400.0 5400.0 2016.0 1 4 {-999.0 15.013803 14.672758 14.5546665 -999.0} sdss_psfmag_from_g3xp 14.962981 14.678061 14.224517 13.441 63050394850073656 943345577 bright_1x1 openfibertargets_nov2020_46 open_fiber science 0 0 0.0 0.0 -999 ""
FIBERMAP 1132 R+2C1 METROLOGY 0 0 0 1 0 0 -281.4649505525753 46.27890458048472 143.1 -267.44644182766234 99.07256257549601 166.87277 102.362366 -999.0 -999.0 -999.0 -999.0 -999.0 208.69391921538585 41.808991031158115 208.62934473447558 41.67903691462646 58.74846010997953 62.37644683385605 -999.0 6231.0 -999.0 -1 -999 {-999.0 -999.0 -999.0 -999.0 -999.0} "" -999.0 -999.0 -999.0 -999.0 -999 -999 "" "" "" "" 0 0 0.0 0.0 -999 ""
FIBERMAP 1135 R-2C11 APOGEE 0 0 0 1 0 0 -55.625806392957706 -53.279070847227764 143.1 -64.75379713209419 -41.692727684062085 267.23276 78.36445 -999.0 -999.0 -999.0 -999.0 -999.0 209.92183508456236 41.18060151101091 209.85606540154333 41.05228656154418 57.86276224329481 63.66177799331905 -999.0 16600.0 -999.0 2 268 {-999.0 -999.0 -999.0 -999.0 -999.0} "" -999.0 -999.0 -999.0 -999.0 -999 -999 "" ops_sky_apogee_best_unassigned ops_sky sky_apogee 0 0 0.0 0.0 -999 ""
FIBERMAP 1135 R-2C11 BOSS 1 1 0 1 0 0 -56.34554781917214 -53.118365775518335 143.1 -65.42961671427545 -41.39780486337412 267.23276 78.36445 209.91785926184875 41.181935763273664 2.3629854 -5.611166 0.391219 209.9178683081642 41.181919595837606 209.85193423322013 41.053594690805085 57.86582676160039 63.65910268598433 5400.0 5400.0 2016.0 1 448 {-999.0 14.208383 13.675691 13.474009 -999.0} sdss_psfmag_from_g3xp 14.087677 13.696328 13.134206 12.063 63050394850068222 936439486 bright_1x1 openfibertargets_nov2020_34a open_fiber science 0 0 0.0 0.0 -999 ""
FIBERMAP 1135 R-2C11 METROLOGY 0 0 0 1 0 0 -55.842383432938355 -52.562916732487835 143.1 -64.8298732220619 -40.94851781489852 267.23276 78.36445 -999.0 -999.0 -999.0 -999.0 -999.0 209.9214458703804 41.18397417689059 209.8555475738333 41.05565478906174 57.863027194231556 63.65542318810759 -999.0 6231.0 -999.0 -1 -999 {-999.0 -999.0 -999.0 -999.0 -999.0} "" -999.0 -999.0 -999.0 -999.0 -999 -999 "" "" "" "" 0 0 0.0 0.0 -999 ""
FIBERMAP 1137 R-1C6 APOGEE 0 0 0 1 0 0 -164.24324596749534 -28.364896917846195 143.1 -166.6167556106857 3.4642593115048466 259.71927 146.85057 -999.0 -999.0 -999.0 -999.0 -999.0 209.30491722211522 41.38324965983205 209.24004713520674 41.2541235096587 58.317314918454485 63.241885564963184 -999.0 16600.0 -999.0 2 -999 {-999.0 -999.0 -999.0 -999.0 -999.0} "" -999.0 -999.0 -999.0 -999.0 -999 -999 "" "" "" "" 0 0 0.0 0.0 -999 ""
FIBERMAP 1137 R-1C6 BOSS 1 1 0 1 0 0 -164.7454236272435 -28.907426974152184 143.1 -167.21306819120989 3.027464611855592 259.71927 146.85057 209.301507859127 41.38123230779495 -16.467987 4.189138 0.6397849 209.30144462119287 41.38124437792816 209.236419115851 41.25210798069344 58.32014061861135 63.24545652416906 5400.0 5400.0 2016.0 1 484 {-999.0 17.259298 16.670876 16.435719 -999.0} sdss_psfmag 17.11588 16.676907 16.073685 14.928 63050394850069352 943563175 bright_1x1 openfibertargets_nov2020_46 open_fiber science 0 0 0.0 0.0 -999 ""
FIBERMAP 1137 R-1C6 METROLOGY 0 0 0 1 0 0 -164.9700723661081 -28.196417344035545 143.1 -167.2980474843364 3.7681634907439125 259.71927 146.85057 -999.0 -999.0 -999.0 -999.0 -999.0 209.30085476839238 41.38460451638973 209.2358706321146 41.25546851213046 58.32038286536827 63.239026121898746 -999.0 6231.0 -999.0 -1 -999 {-999.0 -999.0 -999.0 -999.0 -999.0} "" -999.0 -999.0 -999.0 -999.0 -999 -999 "" "" "" "" 0 0 0.0 0.0 -999 ""
FIBERMAP 1140 R-5C12 APOGEE 0 0 0 1 0 0 0.31025801556848087 -88.03847401917642 143.1 -16.475927380013356 -86.47187687255621 149.00479 108.349174 -999.0 -999.0 -999.0 -999.0 -999.0 210.21380510145931 40.97700712654632 210.14786094562464 40.84909825992846 57.64910951949223 64.05586745730648 -999.0 16600.0 -999.0 2 159 {-999.0 -999.0 -999.0 -999.0 -999.0} "" -999.0 -999.0 -999.0 -999.0 -999 -999 "" "" "" "" 0 0 0.0 0.0 -999 ""
FIBERMAP 1140 R-5C12 BOSS 1 1 0 1 0 0 0.474182322144925 -87.31367199434423 143.1 -16.176880202736573 -85.79170373960903 149.00479 108.349174 210.2157703829923 40.98005840336273 -999.0 -999.0 -999.0 210.21577038299228 40.98005840336274 210.14964407034503 40.852147974318925 57.64767579152774 64.05024113552483 5400.0 5400.0 2016.0 1 387 {-999.0 21.735163 20.247261 19.562548 -999.0} sdss_psfmag_ps1 -999.0 -999.0 -999.0 16.43 63050398663823396 1117908560 bright_1x1 openfibertargets_bhm_lofarradio_boss open_fiber science 0 0 0.0 0.0 -999 ""
FIBERMAP 1140 R-5C12 METROLOGY 0 0 0 1 0 0 1.031521681731066 -87.80942700582656 143.1 -15.724325490603947 -86.38453498111795 149.00479 108.349174 -999.0 -999.0 -999.0 -999.0 -999.0 210.2184520622641 40.977368132783546 210.15237449901463 40.84946261478525 57.64568646490778 64.05536529471107 -999.0 6231.0 -999.0 -1 -999 {-999.0 -999.0 -999.0 -999.0 -999.0} "" -999.0 -999.0 -999.0 -999.0 -999 -999 "" "" "" "" 0 0 0.0 0.0 -999 ""
FIBERMAP 1143 R-2C5 APOGEE 0 0 0 1 0 0 -180.2818594743607 -53.19160157505203 143.1 -187.09125833234256 -17.84697261490451 274.4761 109.27879 -999.0 -999.0 -999.0 -999.0 -999.0 209.1832323616079 41.285498348269066 209.1188475783989 41.15623510893448 58.41326202801004 63.41962703466163 -999.0 16600.0 -999.0 2 249 {-999.0 -999.0 -999.0 -999.0 -999.0} "" -999.0 -999.0 -999.0 -999.0 -999 -999 "" ops_sky_apogee_best_unassigned ops_sky sky_apogee 0 0 0.0 0.0 -999 ""
FIBERMAP 1143 R-2C5 BOSS 1 1 0 1 0 0 -180.95769808358693 -53.50236141464002 143.1 -187.81384875610266 -18.02317659210252 274.4761 109.27879 209.17902024823724 41.2847108292574 -3.3806808 -16.238161 0.12805943 209.1790072854784 41.28466404229203 209.11446703941454 41.15538951340975 58.41659782866191 63.42092975860646 5400.0 5400.0 2016.0 1 473 {-999.0 17.779697 17.542864 17.462034 17.454927} sdss_psfmag_from_gaia 17.7579 17.54 17.1456 16.191 63050394850068926 969525878 "" ops_std_boss_gdr2 ops_std standard_boss 0 0 0.0 0.0 -999 ""
FIBERMAP 1143 R-2C5 METROLOGY 0 0 0 1 0 0 -180.89185764803412 -52.75271244024475 143.1 -187.60633829663615 -17.29992019195778 274.4761 109.27879 -999.0 -999.0 -999.0 -999.0 -999.0 209.18016531119073 41.28795700082471 209.11566245822564 41.15868512772479 58.41553658625864 63.41472964740649 -999.0 6231.0 -999.0 -1 -999 {-999.0 -999.0 -999.0 -999.0 -999.0} "" -999.0 -999.0 -999.0 -999.0 -999 -999 "" "" "" "" 0 0 0.0 0.0 -999 ""
FIBERMAP 1144 R+12C1 APOGEE 0 0 0 1 0 0 -171.28009565735974 246.74826702372945 143.1 -121.0860833320913 274.83838605542064 187.53664 52.368793 -999.0 -999.0 -999.0 -999.0 -999.0 209.57440871055468 42.60968775085017 209.5061308451593 42.4807124022915 58.03873552894959 60.945342856127695 -999.0 16600.0 -999.0 2 129 {-999.0 -999.0 -999.0 -999.0 -999.0} "" -999.0 -999.0 -999.0 -999.0 -999 -999 "" ops_sky_apogee_best_unassigned ops_sky sky_apogee 0 0 0.0 0.0 -999 ""
FIBERMAP 1144 R+12C1 BOSS 1 1 0 1 0 0 -170.8781617821875 247.35246223069214 143.1 -120.57640981340151 275.3548140196328 187.53664 52.368793 209.5777164408298 42.61199271871184 -999.0 -999.0 -999.0 209.57771644082976 42.61199271871184 209.509253337337 42.48301082330927 58.036253412663015 60.941369170322005 5400.0 5400.0 2016.0 1 8 {-999.0 21.00046 19.710403 19.161797 -999.0} sdss_psfmag -999.0 -999.0 -999.0 15.709 63050399374971470 1118085429 bright_1x1 openfibertargets_bhm_lofarradio_boss open_fiber science 0 0 0.0 0.0 -999 ""
FIBERMAP 1144 R+12C1 METROLOGY 0 0 0 1 0 0 -170.5385709716843 246.7004680460578 143.1 -120.36736242810909 274.6501324164339 187.53664 52.368793 -999.0 -999.0 -999.0 -999.0 -999.0 209.57893937077537 42.60888167312001 209.51052957540776 42.47990474555418 58.03556779825044 60.94736157730239 -999.0 6231.0 -999.0 -1 -999 {-999.0 -999.0 -999.0 -999.0 -999.0} "" -999.0 -999.0 -999.0 -999.0 -999 -999 "" "" "" "" 0 0 0.0 0.0 -999 ""
FIBERMAP 1148 R0C11 APOGEE 0 0 0 1 0 0 -76.87965362633938 18.692084262961377 143.1 -71.89720100990596 33.000457064985255 178.07733 39.577114 -999.0 -999.0 -999.0 -999.0 -999.0 209.8771312622948 41.52061338179773 209.81068813959178 41.3921892248865 57.88254049102313 63.02048732342206 -999.0 16600.0 -999.0 2 285 {-999.0 -999.0 -999.0 -999.0 -999.0} "" -999.0 -999.0 -999.0 -999.0 -999 -999 "" ops_sky_apogee_best_unassigned ops_sky sky_apogee 0 0 0.0 0.0 -999 ""
FIBERMAP 1148 R0C11 BOSS 1 1 0 1 0 0 -76.29610983180227 19.14996879187855 143.1 -71.23715856354562 33.33866063219428 178.07733 39.577114 209.8815443563011 41.52241251061344 -74.47733 -78.24039 1.021087 209.8812577373868 41.522187076466246 209.8146310170454 41.39376213471212 57.87951171945255 63.01779443109346 5400.0 5400.0 2016.0 1 431 {-999.0 15.454798 15.108205 14.952352 -999.0} sdss_psfmag 15.3984165 15.099191 14.627755 13.757 63050394850070917 1072675494 bright_1x1 mwm_halo_local_high_boss_single mwm_halo science 0 0 0.0 0.0 -999 ""
FIBERMAP 1148 R0C11 METROLOGY 0 0 0 1 0 0 -76.18937744379309 18.412223862633425 143.1 -71.2730140039399 32.59419544181727 178.07733 39.577114 -999.0 -999.0 -999.0 -999.0 -999.0 209.88101330944787 41.5187923443513 209.81444342405166 41.39036909650709 57.87981205650107 63.024156390626786 -999.0 6231.0 -999.0 -1 -999 {-999.0 -999.0 -999.0 -999.0 -999.0} "" -999.0 -999.0 -999.0 -999.0 -999 -999 "" "" "" "" 0 0 0.0 0.0 -999 ""
FIBERMAP 1149 R-5C9 APOGEE 0 0 0 1 0 0 -40.628700142551445 -107.30530502157242 143.1 -60.33122843062865 -97.57980768071418 6.084206 71.14965 -999.0 -999.0 -999.0 -999.0 -999.0 209.94966698734993 40.92646840740626 209.88440869089482 40.79822798914556 57.849855954351874 64.14037188690918 -999.0 16600.0 -999.0 2 284 {-999.0 -999.0 -999.0 -999.0 -999.0} "" -999.0 -999.0 -999.0 -999.0 -999 -999 "" "" "" "" 0 0 0.0 0.0 -999 ""
FIBERMAP 1149 R-5C9 BOSS 1 1 0 1 0 0 -40.786792044163384 -108.0341039243339 143.1 -60.625312724720736 -98.26501556234425 6.084206 71.14965 209.94804512974233 40.92331299163478 -999.0 -999.0 -999.0 209.9480451297423 40.92331299163479 209.88262792327416 40.79506717256007 57.85129737323084 64.14623392584812 5400.0 5400.0 2016.0 1 409 {-999.0 19.483976 18.355627 17.883429 -999.0} sdss_psfmag 18.819843 20.95217 17.164436 14.565 63050394850067675 1117968743 bright_1x1 openfibertargets_bhm_lofarradio_boss open_fiber science 0 0 0.0 0.0 -999 ""
FIBERMAP 1149 R-5C9 METROLOGY 0 0 0 1 0 0 -41.34253179621812 -107.53927118054067 143.1 -61.07647315555209 -97.6733944488358 6.084206 71.14965 -999.0 -999.0 -999.0 -999.0 -999.0 209.94527512862035 40.926004781479755 209.87990593469362 40.7977560770592 57.85327715936876 64.14106765744827 -999.0 6231.0 -999.0 -1 -999 {-999.0 -999.0 -999.0 -999.0 -999.0} "" -999.0 -999.0 -999.0 -999.0 -999 -999 "" "" "" "" 0 0 0.0 0.0 -999 ""
FIBERMAP 1150 R-9C10 APOGEE 0 0 0 1 0 0 8.539290208766268 -164.79285671759013 143.1 -23.028520814127795 -163.3773837858035 81.66702 138.66492 -999.0 -999.0 -999.0 -999.0 -999.0 210.17448454595902 40.62826099094795 210.10941000314608 40.50035495030061 57.68642949181195 64.70648109968408 -999.0 16600.0 -999.0 2 180 {-999.0 -999.0 -999.0 -999.0 -999.0} "" -999.0 -999.0 -999.0 -999.0 -999 -999 "" ops_sky_apogee_best_unassigned ops_sky sky_apogee 0 0 0.0 0.0 -999 ""
FIBERMAP 1150 R-9C10 BOSS 1 1 0 1 0 0 9.097047447606707 -164.3188896779587 143.1 -22.390723358991718 -163.0184796781494 81.66702 138.66492 210.17846449880986 40.629829365598724 -0.46316427 -1.0749341 3.679402 210.1784627404006 40.629826268394254 210.1132057652015 40.501923527124056 57.68351417654124 64.70364906051252 5400.0 5400.0 2016.0 1 375 {-999.0 17.328802 15.917298 15.112863 -999.0} sdss_psfmag 16.740778 15.710123 14.699665 12.791 63050394850052898 1078153866 bright_flexible_2x1 mwm_snc_ext_filler_boss mwm_snc science 0 0 0.0 0.0 -999 ""
FIBERMAP 1150 R-9C10 METROLOGY 0 0 0 1 0 0 9.233883724449814 -165.06026910008333 143.1 -22.39772356176885 -163.7722501578893 81.66702 138.66492 -999.0 -999.0 -999.0 -999.0 -999.0 210.17837643224345 40.62642947923234 210.11317592070566 40.498527000704954 57.68360069191124 64.7100005994485 -999.0 6231.0 -999.0 -1 -999 {-999.0 -999.0 -999.0 -999.0 -999.0} "" -999.0 -999.0 -999.0 -999.0 -999 -999 "" "" "" "" 0 0 0.0 0.0 -999 ""
FIBERMAP 1151 R-9C4 APOGEE 0 0 0 1 0 0 -106.77045114088821 -162.90406539638187 143.1 -135.84892227691688 -139.5450114906298 90.493904 51.01131 -999.0 -999.0 -999.0 -999.0 -999.0 209.49871760367256 40.735322472918 209.43485837417472 40.606538667238816 58.19622009422497 64.48301634675948 -999.0 16600.0 -999.0 2 -999 {-999.0 -999.0 -999.0 -999.0 -999.0} "" -999.0 -999.0 -999.0 -999.0 -999 -999 "" "" "" "" 0 0 0.0 0.0 -999 ""
FIBERMAP 1151 R-9C4 BOSS 1 1 0 1 0 0 -106.20380851465853 -163.35272805005593 143.1 -135.37826011769067 -140.09339322658548 90.493904 51.01131 209.50168489232775 40.7328176395669 0.03941798 0.064469025 -0.044724446 209.50168504221003 40.73281782532131 209.43765813519613 40.60403438235784 58.19416989158258 64.48788591495513 5400.0 5400.0 2016.0 1 479 {-999.0 18.356312 18.228542 18.104725 18.053368} sdss_psfmag_from_gaiadr2 18.270094 18.220491 17.851864 16.472 63050394850067385 1057598218 bright_flexible_2x1 bhm_gua_bright bhm_filler science 0 0 0.0 0.0 -999 ""
FIBERMAP 1151 R-9C4 METROLOGY 0 0 0 1 0 0 -106.88150331183337 -163.64185221914312 143.1 -136.09854861454826 -140.2480072650283 90.493904 51.01131 -999.0 -999.0 -999.0 -999.0 -999.0 209.49735829037135 40.7321129037052 209.43338955819934 40.603325177283004 58.197430369070446 64.4890483525744 -999.0 6231.0 -999.0 -1 -999 {-999.0 -999.0 -999.0 -999.0 -999.0} "" -999.0 -999.0 -999.0 -999.0 -999 -999 "" "" "" "" 0 0 0.0 0.0 -999 ""
FIBERMAP 1152 R-9C3 APOGEE 0 0 0 1 0 0 -136.49065756714106 -181.68471017973877 143.1 -168.5999700998388 -152.31406931352564 310.20877 129.52933 -999.0 -999.0 -999.0 -999.0 -999.0 209.3046962945179 40.67706134223491 209.2413830665157 40.54804263619599 58.344865921519585 64.58577575682682 -999.0 16600.0 -999.0 2 256 {-999.0 -999.0 -999.0 -999.0 -999.0} "" -999.0 -999.0 -999.0 -999.0 -999 -999 "" ops_sky_apogee_best_unassigned ops_sky sky_apogee 0 0 0.0 0.0 -999 ""
FIBERMAP 1152 R-9C3 BOSS 1 1 0 1 0 0 -136.62589269545717 -182.40621139478753 143.1 -168.87022873165571 -152.9964708526283 310.20877 129.52933 209.30328369140622 40.673957485932156 -999.0 -999.0 -999.0 209.30328369140622 40.67395748593216 209.23981463056901 40.54493365676894 58.34615178153184 64.5916280808801 5400.0 5400.0 2015.5 1 477 {-999.0 -999.0 -999.0 -999.0 -999.0} "" -999.0 -999.0 -999.0 -999.0 27021603104385603 807160535 "" ops_sky_boss_good ops_sky sky_boss 0 0 0.0 0.0 -999 ""
FIBERMAP 1152 R-9C3 METROLOGY 0 0 0 1 0 0 -137.20906688262951 -181.89304557485974 143.1 -169.34482263708475 -152.3816261007161 310.20877 129.52933 -999.0 -999.0 -999.0 -999.0 -999.0 209.30036814162543 40.67672498674093 209.23694629469048 40.547698159019745 58.34824619514299 64.58623602894937 -999.0 6231.0 -999.0 -1 -999 {-999.0 -999.0 -999.0 -999.0 -999.0} "" -999.0 -999.0 -999.0 -999.0 -999 -999 "" "" "" "" 0 0 0.0 0.0 -999 ""
FIBERMAP 1153 R-6C11 APOGEE 0 0 0 1 0 0 3.952246788840442 -132.07524351272994 143.1 -21.29476200686793 -130.38963229785 306.19406 94.23301 -999.0 -999.0 -999.0 -999.0 -999.0 210.18479451184578 40.77760533626206 210.11936291465008 40.64968967020547 57.67575972995603 64.4275133198426 -999.0 16600.0 -999.0 2 -999 {-999.0 -999.0 -999.0 -999.0 -999.0} "" -999.0 -999.0 -999.0 -999.0 -999 -999 "" "" "" "" 0 0 0.0 0.0 -999 ""
FIBERMAP 1153 R-6C11 BOSS 1 1 0 1 0 0 3.397348498169179 -132.5643332407056 143.1 -21.932635747535045 -130.76392476171767 306.19406 94.23301 210.18079857790488 40.77609139631522 85.55425 -81.86355 12.914873 210.18112409865668 40.77585552266272 210.11553223649847 40.64793541446037 57.678705418427526 64.43066923468338 5400.0 5400.0 2016.0 1 386 {-999.0 17.700195 16.158792 14.920313 -999.0} sdss_psfmag 17.051493 15.624892 14.454005 12.325 63050394850053112 1132526251 bright_2x1 mwm_snc_100pc_boss mwm_snc science 0 0 0.0 0.0 -999 ""
FIBERMAP 1153 R-6C11 METROLOGY 0 0 0 1 0 0 3.2476430543709127 -131.82989568232708 143.1 -21.939590212179546 -130.01451504565276 306.19406 94.23301 -999.0 -999.0 -999.0 -999.0 -999.0 210.18103279782846 40.77926556663327 210.11548353982118 40.651342673867205 57.678664405498466 64.42429664294343 -999.0 6231.0 -999.0 -1 -999 {-999.0 -999.0 -999.0 -999.0 -999.0} "" -999.0 -999.0 -999.0 -999.0 -999 -999 "" "" "" "" 0 0 0.0 0.0 -999 ""
FIBERMAP 1156 R-11C14 APOGEE 0 0 0 1 0 0 139.94451241748283 -205.1782374798387 143.1 98.25254844294783 -228.06331863995683 68.67162 67.92054 -999.0 -999.0 -999.0 -999.0 -999.0 210.89538973575026 40.335691812103036 210.82944098716996 40.20877080308969 57.14087708176288 65.25875389083018 -999.0 16600.0 -999.0 2 239 {-999.0 -999.0 -999.0 -999.0 -999.0} "" -999.0 -999.0 -999.0 -999.0 -999 -999 "" ops_sky_apogee_best_unassigned ops_sky sky_apogee 0 0 0.0 0.0 -999 ""
FIBERMAP 1156 R-11C14 BOSS 1 1 0 1 0 0 140.48785458041186 -205.68765749989197 143.1 98.68875983227804 -228.6668946326282 68.67162 67.92054 210.89811335061094 40.33305630126387 -0.21002905 -32.32609 1.5178374 210.89811255675133 40.33296316019298 210.83199127883069 40.20604618622429 57.138936270786154 65.26378445131058 5400.0 5400.0 2016.0 1 255 {-999.0 20.681637 19.232683 18.298061 -999.0} sdss_psfmag 20.10577 18.945135 17.894022 15.869 63050394850053239 1094322402 bright_1x1 mwm_bin_vis_boss mwm_filler science 0 0 0.0 0.0 -999 ""
FIBERMAP 1156 R-11C14 METROLOGY 0 0 0 1 0 0 139.77290860843868 -205.90710947461426 143.1 97.94518782300254 -228.7460228447462 68.67162 67.92054 -999.0 -999.0 -999.0 -999.0 -999.0 210.8936470604788 40.3326254842117 210.82758516713375 40.20570241154783 57.14230220895976 65.26440256441316 -999.0 6231.0 -999.0 -1 -999 {-999.0 -999.0 -999.0 -999.0 -999.0} "" -999.0 -999.0 -999.0 -999.0 -999 -999 "" "" "" "" 0 0 0.0 0.0 -999 ""
FIBERMAP 1158 R-5C22 APOGEE 1 1 0 1 0 0 241.2724064357105 -109.4253653482648 143.1 215.96015300322708 -153.39210368340326 302.74304 112.156784 211.60067959309987 40.66781482192445 -16.962753 -2.9301543 4.3372526 211.60061515712093 40.66780637926172 211.53240730823694 40.54177540236106 56.604330294161386 64.65240282983596 16000.0 16600.0 2016.0 2 211 {-999.0 9.87818 9.583723 9.505462 -999.0} sdss_psfmag_from_g3xp 9.852066 9.597958 9.182251 8.538 63050394850050288 974724718 "" ops_std_apogee ops_std standard_apogee 0 0 0.0 0.0 -999 ""
FIBERMAP 1158 R-5C22 BOSS 0 0 0 1 0 0 240.8450267227577 -110.02920627994357 143.1 215.4255710601018 -153.9033338444099 302.74304 112.156784 -999.0 -999.0 -999.0 -999.0 -999.0 211.59757403879195 40.66552399882604 211.52920142205664 40.539487806438736 56.606774551616624 64.6565436408091 -999.0 5400.0 -999.0 1 251 {-999.0 -999.0 -999.0 -999.0 -999.0} "" -999.0 -999.0 -999.0 -999.0 -999 -999 "" "" "" "" 0 0 0.0 0.0 -999 ""
FIBERMAP 1158 R-5C22 METROLOGY 0 0 0 1 0 0 240.53242160304225 -109.35458929722044 143.1 215.24732303154056 -153.18159077122803 302.74304 112.156784 -999.0 -999.0 -999.0 -999.0 -999.0 211.59657011606947 40.66877995683718 211.52824221970138 40.54274202927397 56.607492036671346 64.65062630075874 -999.0 6231.0 -999.0 -1 -999 {-999.0 -999.0 -999.0 -999.0 -999.0} "" -999.0 -999.0 -999.0 -999.0 -999 -999 "" "" "" "" 0 0 0.0 0.0 -999 ""
FIBERMAP 1162 R-2C6 APOGEE 0 0 0 1 0 0 -166.1777364400125 -35.84886422880223 143.1 -169.941995076997 -3.5127868030927623 132.37692 142.57901 -999.0 -999.0 -999.0 -999.0 -999.0 209.28532062869144 41.35139883101601 209.22056470055168 41.222253022910145 58.333543474955775 63.30110643665034 -999.0 16600.0 -999.0 2 -999 {-999.0 -999.0 -999.0 -999.0 -999.0} "" -999.0 -999.0 -999.0 -999.0 -999 -999 "" "" "" "" 0 0 0.0 0.0 -999 ""
FIBERMAP 1162 R-2C6 BOSS 1 1 0 1 0 0 -166.25361386984872 -35.098124563698526 143.1 -169.87337760701894 -2.7614479080833054 132.37692 142.57901 209.28577854198937 41.35482044834651 0.41299433 -0.14368849 0.009525644 209.28578012726524 41.3548200343373 209.22084826251898 41.22566799924274 58.333160327637174 63.29462974266568 5400.0 5400.0 2016.0 1 472 {-999.0 20.476448 20.077005 20.204721 -999.0} sdss_psfmag 19.89433 19.78298 19.477938 -999.0 63050394850069342 1117015650 bright_1x1 openfibertargets_bhm_quaia_boss open_fiber science 0 0 0.0 0.0 -999 ""
FIBERMAP 1162 R-2C6 METROLOGY 0 0 0 1 0 0 -165.57603288595797 -35.40771253884745 143.1 -169.26731755282364 -3.1944684001739616 132.37692 142.57901 -999.0 -999.0 -999.0 -999.0 -999.0 209.289420611611 41.352878549263664 209.22453245758504 41.22373315131569 58.33048916203911 63.298573514010684 -999.0 6231.0 -999.0 -1 -999 {-999.0 -999.0 -999.0 -999.0 -999.0} "" -999.0 -999.0 -999.0 -999.0 -999 -999 "" "" "" "" 0 0 0.0 0.0 -999 ""
FIBERMAP 1163 R-8C7 APOGEE 0 0 0 1 0 0 -69.14374313992617 -146.86236717176587 143.1 -95.85942894654703 -130.97133057784845 54.630276 154.2103 -999.0 -999.0 -999.0 -999.0 -999.0 209.7373837051995 40.77468280335328 209.67292264709715 40.646195009521335 58.01446468151083 64.4178830269617 -999.0 16600.0 -999.0 2 -999 {-999.0 -999.0 -999.0 -999.0 -999.0} "" -999.0 -999.0 -999.0 -999.0 -999 -999 "" "" "" "" 0 0 0.0 0.0 -999 ""
FIBERMAP 1163 R-8C7 BOSS 1 1 0 1 0 0 -68.50020137543069 -146.47439805845374 143.1 -95.15382259766476 -130.71318718944394 54.630276 154.2103 209.74180216606013 40.77590613471213 -20.319782 -31.131033 2.9712207 209.74172485246433 40.77581643693483 209.67708340722567 40.64733109084488 58.011277116562646 64.41590635274329 5400.0 5400.0 2016.0 1 401 {-999.0 18.622156 17.244518 16.607906 -999.0} sdss_psfmag 18.064106 17.168676 16.24735 14.566 63050394850067185 936439458 bright_1x1 openfibertargets_nov2020_34a open_fiber science 0 0 0.0 0.0 -999 ""
FIBERMAP 1163 R-8C7 METROLOGY 0 0 0 1 0 0 -68.49329705345461 -147.22785570661426 143.1 -95.2906575638821 -131.4540473493852 54.630276 154.2103 -999.0 -999.0 -999.0 -999.0 -999.0 209.74089736261408 40.77246751232836 209.67631320399516 40.643981966372586 58.01195504416198 64.42219511109613 -999.0 6231.0 -999.0 -1 -999 {-999.0 -999.0 -999.0 -999.0 -999.0} "" -999.0 -999.0 -999.0 -999.0 -999 -999 "" "" "" "" 0 0 0.0 0.0 -999 ""
FIBERMAP 1167 R-3C5 APOGEE 0 0 0 1 0 0 -153.88910991421622 -55.17658415682409 143.1 -161.5642267447909 -24.82585505835599 25.396845 104.588806 -999.0 -999.0 -999.0 -999.0 -999.0 209.33704943028306 41.25491690870763 209.27239419605826 41.12585059557126 58.299211471806856 63.48800971244697 -999.0 16600.0 -999.0 2 264 {-999.0 -999.0 -999.0 -999.0 -999.0} "" -999.0 -999.0 -999.0 -999.0 -999 -999 "" ops_sky_apogee_best_unassigned ops_sky sky_apogee 0 0 0.0 0.0 -999 ""
FIBERMAP 1167 R-3C5 BOSS 1 1 0 1 0 0 -153.3984763687389 -55.757158870857225 143.1 -161.19331299230564 -25.489225334455366 25.396845 104.588806 209.33960450484494 41.251981674611194 -49.368374 -23.80373 2.4805067 209.33941530348713 41.25191308884072 209.27459387746137 41.122844930092015 58.29769555843861 63.493869395247025 5400.0 5400.0 2016.0 1 466 {-999.0 17.027977 15.723635 15.114656 -999.0} sdss_psfmag 16.531511 15.6505165 14.714891 12.912 63050394850069272 1118491107 bright_1x1 openfibertargets_mwm_snc_further_ext_boss open_fiber science 0 0 0.0 0.0 -999 ""
FIBERMAP 1167 R-3C5 METROLOGY 0 0 0 1 0 0 -154.14313144115872 -55.87737473995749 143.1 -161.94713072293627 -25.465287288253784 25.396845 104.588806 -999.0 -999.0 -999.0 -999.0 -999.0 209.33484620798276 41.2519928718899 209.2700824446173 41.12292005475362 58.3010869084433 63.493427018712396 -999.0 6231.0 -999.0 -1 -999 {-999.0 -999.0 -999.0 -999.0 -999.0} "" -999.0 -999.0 -999.0 -999.0 -999 -999 "" "" "" "" 0 0 0.0 0.0 -999 ""
FIBERMAP 1169 R-11C9 APOGEE 1 1 0 1 0 0 21.51183757315246 -211.86240499781994 143.1 -19.267155297218196 -212.05035288465467 346.08084 138.43034 210.19716265313693 40.40883349974746 -14.6944685 5.1039333 1.8267635 210.1971070489824 40.4088482056819 210.13247327435425 40.28100540783836 57.67230429232782 65.11720876381646 16000.0 16600.0 2016.0 2 168 {-999.0 12.082154 11.773047 11.699952 -999.0} sdss_psfmag_from_g3xp 12.044836 11.785531 11.373348 10.695 63050394850052630 946006175 bright_1x1 openfibertargets_nov2020_9 open_fiber science 0 0 0.0 0.0 -999 ""
FIBERMAP 1169 R-11C9 BOSS 0 0 0 1 0 0 21.961298742136947 -212.4573402803256 143.1 -18.939390802138654 -212.71997093852133 346.08084 138.43034 -999.0 -999.0 -999.0 -999.0 -999.0 210.19922552794816 40.40579526736849 210.13442489013153 40.2779536477033 57.67085357103782 65.1229496847294 -999.0 5400.0 -999.0 1 361 {-999.0 -999.0 -999.0 -999.0 -999.0} "" -999.0 -999.0 -999.0 -999.0 -999 -999 "" "" "" "" 0 0 0.0 0.0 -999 ""
FIBERMAP 1169 R-11C9 METROLOGY 0 0 0 1 0 0 21.216007864870008 -212.5511696026158 143.1 -19.68880322411443 -212.6700124172429 346.08084 138.43034 -999.0 -999.0 -999.0 -999.0 -999.0 210.19471435509777 40.406032576291146 210.12997080578668 40.27818555011582 57.67424851467413 65.12243700863178 -999.0 6231.0 -999.0 -1 -999 {-999.0 -999.0 -999.0 -999.0 -999.0} "" -999.0 -999.0 -999.0 -999.0 -999 -999 "" "" "" "" 0 0 0.0 0.0 -999 ""
FIBERMAP 1170 R-5C6 APOGEE 0 0 0 1 0 0 -105.13336815179247 -98.75345540437681 143.1 -122.01472833952917 -76.89105161707319 32.403763 73.93529 -999.0 -999.0 -999.0 -999.0 -999.0 209.57783748001563 41.019573916245996 209.51317864690498 40.8908465426641 58.12744805371307 63.94811079959453 -999.0 16600.0 -999.0 2 -999 {-999.0 -999.0 -999.0 -999.0 -999.0} "" -999.0 -999.0 -999.0 -999.0 -999 -999 "" "" "" "" 0 0 0.0 0.0 -999 ""
FIBERMAP 1170 R-5C6 BOSS 1 1 0 1 0 0 -104.90206848322092 -99.45776383500676 143.1 -121.92194366069138 -77.62644073356755 32.403763 73.93529 209.5785134091657 41.01625800204687 6.513988 -16.833645 1.1857039 209.57853828410066 41.01620949931393 209.51371734444749 40.8874791338857 58.12716491803369 63.95451211180405 5400.0 5400.0 2016.0 1 456 {-999.0 15.888664 15.198557 15.002816 -999.0} sdss_psfmag 15.688126 15.249731 14.649812 13.56 63050394850068070 1095244020 bright_1x1 mwm_bin_vis_boss mwm_filler science 0 0 0.0 0.0 -999 ""
FIBERMAP 1170 R-5C6 METROLOGY 0 0 0 1 0 0 -105.6415065293483 -99.29976792461292 143.1 -122.61761251773142 -77.33042279834802 32.403763 73.93529 -999.0 -999.0 -999.0 -999.0 -999.0 209.5743058131444 41.017543119218 209.50953889518087 40.88880824413267 58.130272782427426 63.95177663720716 -999.0 6231.0 -999.0 -1 -999 {-999.0 -999.0 -999.0 -999.0 -999.0} "" -999.0 -999.0 -999.0 -999.0 -999 -999 "" "" "" "" 0 0 0.0 0.0 -999 ""
FIBERMAP 1172 R-3C6 APOGEE 0 0 0 1 0 0 -151.72804041929857 -48.49648446975458 143.1 -158.16981242102506 -18.68101900400428 108.31701 129.94102 -999.0 -999.0 -999.0 -999.0 -999.0 209.3570970553398 41.28297378022885 209.29233536586514 41.15392831405471 58.282899528595614 63.435981661651 -999.0 16600.0 -999.0 2 -999 {-999.0 -999.0 -999.0 -999.0 -999.0} "" -999.0 -999.0 -999.0 -999.0 -999 -999 "" "" "" "" 0 0 0.0 0.0 -999 ""
FIBERMAP 1172 R-3C6 BOSS 1 1 0 1 0 0 -151.3503951428987 -47.858630025001716 143.1 -157.6775634095019 -18.126923863193383 108.31701 129.94102 209.360126798945 41.28552103440525 -1.8062885 -3.8218958 0.055453915 209.3601198728887 41.285510022388074 209.2951783856262 41.156462041541594 58.28064229194622 63.43135886217666 5400.0 5400.0 2016.0 1 467 {-999.0 16.27326 15.616776 15.367247 -999.0} sdss_psfmag 16.10079 15.639403 15.008778 13.737 63050394850069278 943208497 bright_1x1 openfibertargets_nov2020_46 open_fiber science 0 0 0.0 0.0 -999 ""
FIBERMAP 1172 R-3C6 METROLOGY 0 0 0 1 0 0 -150.98202179699135 -48.50735625353741 143.1 -157.43964210758762 -18.833883913764847 108.31701 129.94102 -999.0 -999.0 -999.0 -999.0 -999.0 209.36156018356348 41.28230595210334 209.29667014814936 41.153261944513154 58.279670514159804 63.43753894553714 -999.0 6231.0 -999.0 -1 -999 {-999.0 -999.0 -999.0 -999.0 -999.0} "" -999.0 -999.0 -999.0 -999.0 -999 -999 "" "" "" "" 0 0 0.0 0.0 -999 ""
FIBERMAP 1174 R-1C1 APOGEE 1 1 0 1 0 0 -270.2650277945867 -3.7348131825864095 143.1 -265.9861368332706 47.84766028201898 97.44556 70.20591 208.70635963581032 41.5779309513511 0.43434244 -11.50391 0.611871 208.70636130877685 41.577897805169655 208.6423875880036 41.44800049944217 58.75418813758644 62.822076410528624 16000.0 16600.0 2016.0 2 293 {-999.0 12.9465885 12.106775 11.800235 -999.0} sdss_psfmag_from_g3xp 12.695985 12.146277 11.447711 9.968 63050394850072682 1109001114 bright_1x1 mwm_tess_rgb_apogee mwm_tessrgb science 0 0 0.0 0.0 -999 ""
FIBERMAP 1174 R-1C1 BOSS 0 0 0 1 0 0 -269.53422765372096 -3.8401973217200602 143.1 -265.28891837585275 47.60492899655788 97.44556 70.20591 -999.0 -999.0 -999.0 -999.0 -999.0 208.71068910668538 41.576870506274425 208.64654309739433 41.44697065904423 58.751145019077725 62.824439014746304 -999.0 5400.0 -999.0 1 425 {-999.0 -999.0 -999.0 -999.0 -999.0} "" -999.0 -999.0 -999.0 -999.0 -999 -999 "" "" "" "" 0 0 0.0 0.0 -999 ""
FIBERMAP 1174 R-1C1 METROLOGY 0 0 0 1 0 0 -270.00307005732554 -4.433375093463608 143.1 -265.8621649151176 47.11206802870273 97.44556 70.20591 -999.0 -999.0 -999.0 -999.0 -999.0 208.70727813887225 41.574590125207486 208.64319152554003 41.444688672789816 58.75379702765976 62.82852197969521 -999.0 6231.0 -999.0 -1 -999 {-999.0 -999.0 -999.0 -999.0 -999.0} "" -999.0 -999.0 -999.0 -999.0 -999 -999 "" "" "" "" 0 0 0.0 0.0 -999 ""
FIBERMAP 1176 R+12C11 APOGEE 0 0 0 1 0 0 72.87530653456699 238.23920844114667 143.1 116.93884581862898 219.94954185387118 342.143 163.61267 -999.0 -999.0 -999.0 -999.0 -999.0 211.03302631521964 42.36337327098662 210.96201991711962 42.23632055209219 56.98216359480825 61.53629756669778 -999.0 16600.0 -999.0 2 -999 {-999.0 -999.0 -999.0 -999.0 -999.0} "" -999.0 -999.0 -999.0 -999.0 -999 -999 "" "" "" "" 0 0 0.0 0.0 -999 ""
FIBERMAP 1176 R+12C11 BOSS 1 1 0 1 0 0 73.49198827051549 237.83503015965243 143.1 117.46710194137641 219.4352853962173 342.143 163.61267 211.0367786106839 42.361200247262325 -88.54068 -49.349384 0.8864257 211.03643335781615 42.361058056512 210.96524577314804 42.23400304996099 56.97990749697819 61.5407872367052 5400.0 5400.0 2016.0 1 102 {-999.0 20.358633 18.97865 18.407944 -999.0} sdss_psfmag 19.914175 18.97659 18.044655 16.153 63050394850078029 1073557964 bright_1x1 mwm_halo_local_low_boss_single mwm_halo science 0 0 0.0 0.0 -999 ""
FIBERMAP 1176 R+12C11 METROLOGY 0 0 0 1 0 0 72.82356162989026 237.49490712759697 143.1 116.74618988333867 219.22884770386102 342.143 163.61267 -999.0 -999.0 -999.0 -999.0 -999.0 211.03196964027185 42.36017839387922 210.96084513376252 42.23311949628862 56.983209783224495 61.54207453527488 -999.0 6231.0 -999.0 -1 -999 {-999.0 -999.0 -999.0 -999.0 -999.0} "" -999.0 -999.0 -999.0 -999.0 -999 -999 "" "" "" "" 0 0 0.0 0.0 -999 ""
FIBERMAP 1177 R+4C12 APOGEE 0 0 0 1 0 0 15.523269847984 77.28891711112331 143.1 29.968165638533236 72.9028946177698 19.507633 95.9621 -999.0 -999.0 -999.0 -999.0 -999.0 210.49762327006027 41.702187035970276 210.42938884308478 41.57453427334658 57.41118045642938 62.71975105874276 -999.0 16600.0 -999.0 2 -999 {-999.0 -999.0 -999.0 -999.0 -999.0} "" -999.0 -999.0 -999.0 -999.0 -999 -999 "" "" "" "" 0 0 0.0 0.0 -999 ""
FIBERMAP 1177 R+4C12 BOSS 1 1 0 1 0 0 15.848821711020456 76.6211016870542 143.1 30.16041773567832 72.18535980772864 19.507633 95.9621 210.4989760320832 41.698962166713564 0.1251295 0.04248911 0.2245301 210.49897651495354 41.69896228913731 210.43057223961128 41.57130605082804 57.41043922587466 62.72581167910948 5400.0 5400.0 2016.0 1 115 {-999.0 18.641628 18.281824 17.947659 17.820566} sdss_psfmag 18.398643 18.234388 17.456297 16.127 63050394850070332 1060373597 bright_flexible_2x1 bhm_aqmes_bonus_bright bhm_filler science 0 0 0.0 0.0 -999 ""
FIBERMAP 1177 R+4C12 METROLOGY 0 0 0 1 0 0 15.105186472331303 76.6709622005395 143.1 29.440018188802846 72.37603919300443 19.507633 95.9621 -999.0 -999.0 -999.0 -999.0 -999.0 210.4945335933752 41.69983513851887 210.42618657925175 41.57217456616296 57.41367851099797 62.7239305091926 -999.0 6231.0 -999.0 -1 -999 {-999.0 -999.0 -999.0 -999.0 -999.0} "" -999.0 -999.0 -999.0 -999.0 -999 -999 "" "" "" "" 0 0 0.0 0.0 -999 ""
FIBERMAP 1189 R-13C11 APOGEE 1 1 0 1 0 0 96.57203900917645 -249.3825595884617 143.1 47.25549256109833 -263.18440366028113 46.536182 73.27118 210.59119828348935 40.17946776673969 -16.421513 10.787453 2.8523836 210.59113635471067 40.17949884857817 210.52618012207944 40.05220309562013 57.37308298793712 65.54729673363877 16000.0 16600.0 2016.0 2 189 {-999.0 9.791738 9.787848 9.855901 -999.0} sdss_psfmag_from_g3xp 9.86484 9.752413 9.536784 9.236 63050394850051319 974725021 "" ops_std_apogee ops_std standard_apogee 0 0 0.0 0.0 -999 ""
FIBERMAP 1189 R-13C11 BOSS 0 0 0 1 0 0 96.94007845606143 -250.0193617395992 143.1 47.49535890272221 -263.87959618312084 46.536182 73.27118 -999.0 -999.0 -999.0 -999.0 -999.0 210.5926964336506 40.17639613383211 210.5275734425204 40.049102026650054 57.37202173040412 65.55305160962769 -999.0 5400.0 -999.0 1 336 {-999.0 -999.0 -999.0 -999.0 -999.0} "" -999.0 -999.0 -999.0 -999.0 -999 -999 "" "" "" "" 0 0 0.0 0.0 -999 ""
FIBERMAP 1189 R-13C11 METROLOGY 0 0 0 1 0 0 96.16977975646168 -250.00983170665455 143.1 46.74110112940477 -263.72342037539516 46.536182 73.27118 -999.0 -999.0 -999.0 -999.0 -999.0 210.58819148735012 40.177101547090274 210.52312482325283 40.04980149978359 57.37542591567825 65.55174360484023 -999.0 6231.0 -999.0 -1 -999 {-999.0 -999.0 -999.0 -999.0 -999.0} "" -999.0 -999.0 -999.0 -999.0 -999 -999 "" "" "" "" 0 0 0.0 0.0 -999 ""
FIBERMAP 1190 R+13C5 APOGEE 0 0 0 1 0 0 -40.16956643084542 260.322278385245 143.1 10.190592883039846 263.17158955914425 62.879303 74.624084 -999.0 -999.0 -999.0 -999.0 -999.0 210.37946466455398 42.56114421816773 210.30946175338488 42.43320551497002 57.451314489341165 61.11776001412039 -999.0 16600.0 -999.0 2 111 {-999.0 -999.0 -999.0 -999.0 -999.0} "" -999.0 -999.0 -999.0 -999.0 -999 -999 "" ops_sky_apogee_best_unassigned ops_sky sky_apogee 0 0 0.0 0.0 -999 ""
FIBERMAP 1190 R+13C5 BOSS 1 1 0 1 0 0 -39.60815908971729 259.84130522636667 143.1 10.649957932007869 262.5924918338251 62.879303 74.624084 210.3824582937755 42.55858921049227 -0.38820547 -4.3276634 0.28613216 210.38245677523608 42.55857674120867 210.31227694372902 42.43063335135237 57.44941985398992 61.12279681386672 5400.0 5400.0 2016.0 1 85 {-999.0 17.033928 16.688808 16.557428 -999.0} sdss_psfmag 16.972542 16.67417 16.221457 15.406 63050394850078779 976714001 "" ops_std_boss ops_std standard_boss 0 0 0.0 0.0 -999 ""
FIBERMAP 1190 R+13C5 METROLOGY 0 0 0 1 0 0 -40.30849187341012 259.5829968994553 143.1 9.913323098115711 262.47243947024356 62.879303 74.624084 -999.0 -999.0 -999.0 -999.0 -999.0 210.37788054517475 42.55804669798125 210.3077624160419 42.43009995046976 57.45278096877679 61.12335692055967 -999.0 6231.0 -999.0 -1 -999 {-999.0 -999.0 -999.0 -999.0 -999.0} "" -999.0 -999.0 -999.0 -999.0 -999 -999 "" "" "" "" 0 0 0.0 0.0 -999 ""
FIBERMAP 1192 R-11C4 APOGEE 1 1 0 1 0 0 -83.70611694924901 -211.29001552493878 143.1 -122.43303760942479 -191.43360512807766 38.4723 83.13652 209.58220075657584 40.50147582382317 -1.2412905 -0.15569472 0.6592739 209.58219605302898 40.50147537522034 209.5186698669177 40.37283279939588 58.138579752248674 64.92910591998422 16000.0 16600.0 2016.0 2 164 {-999.0 13.059335 12.334223 12.056177 -999.0} sdss_psfmag_from_g3xp 12.861726 12.364555 11.708666 10.305 63050394850066977 1108054398 bright_1x1 mwm_tess_rgb_apogee mwm_tessrgb science 0 0 0.0 0.0 -999 ""
FIBERMAP 1192 R-11C4 BOSS 0 0 0 1 0 0 -83.31312770901405 -211.91917298279336 143.1 -122.1672250950019 -192.12604964798436 38.4723 83.13652 -999.0 -999.0 -999.0 -999.0 -999.0 209.58396426230928 40.49833471097401 209.5202746880824 40.36969189099765 58.13742706638037 64.93510591978128 -999.0 5400.0 -999.0 1 349 {-999.0 -999.0 -999.0 -999.0 -999.0} "" -999.0 -999.0 -999.0 -999.0 -999 -999 "" "" "" "" 0 0 0.0 0.0 -999 ""
FIBERMAP 1192 R-11C4 METROLOGY 0 0 0 1 0 0 -84.05551493734706 -211.95106772282483 143.1 -122.90198252873348 -192.01585368513545 38.4723 83.13652 -999.0 -999.0 -999.0 -999.0 -999.0 209.57954887650254 40.49883098414819 209.51591488891802 40.37018329639267 58.14073699958429 64.93403578713185 -999.0 6231.0 -999.0 -1 -999 {-999.0 -999.0 -999.0 -999.0 -999.0} "" -999.0 -999.0 -999.0 -999.0 -999 -999 "" "" "" "" 0 0 0.0 0.0 -999 ""
FIBERMAP 1194 R-7C9 APOGEE 0 0 0 1 0 0 -38.27687464071532 -125.9129370991812 143.1 -61.56951507555172 -116.29209462207503 97.481094 133.24931 -999.0 -999.0 -999.0 -999.0 -999.0 209.9426382047712 40.841512096954176 209.8775853284302 40.71327570583286 57.85745309978463 64.29968828031429 -999.0 16600.0 -999.0 2 171 {-999.0 -999.0 -999.0 -999.0 -999.0} "" -999.0 -999.0 -999.0 -999.0 -999 -999 "" ops_sky_apogee_best_unassigned ops_sky sky_apogee 0 0 0.0 0.0 -999 ""
FIBERMAP 1194 R-7C9 BOSS 1 1 0 1 0 0 -37.78598953554954 -125.35510015818028 143.1 -60.98136897099645 -115.83812329494157 97.481094 133.24931 209.9462969313213 40.84352929635721 0.16142012 -0.028950095 -0.34676233 209.94629754612671 40.843529212943395 209.88106297558974 40.71529366538382 57.854762671361414 64.29603304133593 5400.0 5400.0 2016.0 1 388 {-999.0 19.531391 19.052937 18.885254 -999.0} sdss_psfmag 19.47247 19.070515 18.56161 -999.0 63050394850067610 1117015634 bright_1x1 openfibertargets_bhm_quaia_boss open_fiber science 0 0 0.0 0.0 -999 ""
FIBERMAP 1194 R-7C9 METROLOGY 0 0 0 1 0 0 -37.54449389503638 -126.0606513140914 143.1 -60.87881346876983 -116.57667557799641 97.481094 133.24931 -999.0 -999.0 -999.0 -999.0 -999.0 209.94688899976217 40.84018675693079 209.8817086135714 40.71195348675731 57.8543651323629 64.30233361625335 -999.0 6231.0 -999.0 -1 -999 {-999.0 -999.0 -999.0 -999.0 -999.0} "" -999.0 -999.0 -999.0 -999.0 -999 -999 "" "" "" "" 0 0 0.0 0.0 -999 ""
FIBERMAP 1200 R+2C7 APOGEE 0 0 0 1 0 0 -142.34739881110346 28.194855908119706 143.1 -134.3447445201046 54.80614131110233 232.21089 118.1973 -999.0 -999.0 -999.0 -999.0 -999.0 209.49744383378953 41.61799134485747 209.43162065212584 41.48907104149593 58.16140907875588 62.81049251203575 -999.0 16600.0 -999.0 2 146 {-999.0 -999.0 -999.0 -999.0 -999.0} "" -999.0 -999.0 -999.0 -999.0 -999 -999 "" ops_sky_apogee_best_unassigned ops_sky sky_apogee 0 0 0.0 0.0 -999 ""
FIBERMAP 1200 R+2C7 BOSS 1 1 0 1 0 0 -143.08326326615662 28.289245203162196 143.1 -135.04902943083968 55.03904606199935 232.21089 118.1973 209.49330682171396 41.61904916408379 -10.813611 -0.3935785 0.56220216 209.4932651441191 41.619048030059716 209.42727972017104 41.490115496502916 58.16459881285316 62.80817858235533 5400.0 5400.0 2016.0 1 47 {-999.0 15.526432 15.191506 15.089676 -999.0} sdss_psfmag 15.497114 15.204748 14.747237 13.929 63050394850069483 978130022 "" ops_std_boss ops_std standard_boss 0 0 0.0 0.0 -999 ""
FIBERMAP 1200 R+2C7 METROLOGY 0 0 0 1 0 0 -142.62941785747748 28.885003147489247 143.1 -134.49001115907674 55.53729803878086 232.21089 118.1973 -999.0 -999.0 -999.0 -999.0 -999.0 209.49659926291696 41.62133004658193 209.43064926031263 41.492403195847466 58.1619534761527 62.804109964715394 -999.0 6231.0 -999.0 -1 -999 {-999.0 -999.0 -999.0 -999.0 -999.0} "" -999.0 -999.0 -999.0 -999.0 -999 -999 "" "" "" "" 0 0 0.0 0.0 -999 ""
FIBERMAP 1203 R-3C1 APOGEE 0 0 0 1 0 0 -251.3194811747291 -79.04084619944574 143.1 -261.74404805957914 -29.678849385061962 355.64145 29.519526 -999.0 -999.0 -999.0 -999.0 -999.0 208.73906761385373 41.22762962759741 208.6757879698323 41.097825580972646 58.74954773967457 63.498794435039486 -999.0 16600.0 -999.0 2 269 {-999.0 -999.0 -999.0 -999.0 -999.0} "" -999.0 -999.0 -999.0 -999.0 -999 -999 "" ops_sky_apogee_best_unassigned ops_sky sky_apogee 0 0 0.0 0.0 -999 ""
FIBERMAP 1203 R-3C1 BOSS 1 1 0 1 0 0 -251.977640982543 -79.35853806791089 143.1 -262.4506074118204 -29.86522702751477 355.64145 29.519526 208.7351669369189 41.2268867562585 -28.833384 -48.9917 1.1091956 208.7350564772337 41.22674559657027 208.67162319693108 41.09693043116081 58.75272937406771 63.50019634574691 5400.0 5400.0 2016.0 1 496 {-999.0 15.86288 15.30722 15.110122 -999.0} sdss_psfmag 15.737947 15.346646 14.781377 13.66 63050394850072220 1072625181 bright_1x1 mwm_halo_local_high_boss_single mwm_halo science 0 0 0.0 0.0 -999 ""
FIBERMAP 1203 R-3C1 METROLOGY 0 0 0 1 0 0 -251.93360062209825 -78.62352454710708 143.1 -262.2672840347052 -29.15218064589226 355.64145 29.519526 -999.0 -999.0 -999.0 -999.0 -999.0 208.73602122256014 41.229980879183536 208.6726254829532 41.100168010418784 58.751803081064715 63.49404130644939 -999.0 6231.0 -999.0 -1 -999 {-999.0 -999.0 -999.0 -999.0 -999.0} "" -999.0 -999.0 -999.0 -999.0 -999 -999 "" "" "" "" 0 0 0.0 0.0 -999 ""
FIBERMAP 1207 R-4C13 APOGEE 0 0 0 1 0 0 10.1351596620886 -77.17821178472504 143.1 -4.762448218531926 -77.68482438765325 169.36142 125.31155 -999.0 -999.0 -999.0 -999.0 -999.0 210.28451632147068 41.016906104540936 210.21832846619225 40.88908243121036 57.59471830838549 63.984028544793034 -999.0 16600.0 -999.0 2 -999 {-999.0 -999.0 -999.0 -999.0 -999.0} "" -999.0 -999.0 -999.0 -999.0 -999 -999 "" "" "" "" 0 0 0.0 0.0 -999 ""
FIBERMAP 1207 R-4C13 BOSS 1 1 0 1 0 0 9.814657824660884 -76.52916756360386 143.1 -4.9533214048459095 -76.98667670173496 169.36142 125.31155 210.28353815293042 41.02004659047035 -0.008598735 -0.16327624 -0.35168794 210.28353812009254 41.02004612002301 210.21717381206753 40.89221702515931 57.59550212715468 63.978135573752034 5400.0 5400.0 2016.0 1 363 {-999.0 19.532173 19.520956 19.303226 -999.0} sdss_psfmag 19.333382 19.194883 18.952602 -999.0 63050394850054965 1116338867 bright_1x1 openfibertargets_bhm_morexray_boss open_fiber science 0 0 0.0 0.0 -999 ""
FIBERMAP 1207 R-4C13 METROLOGY 0 0 0 1 0 0 10.56034851326337 -76.5651241716154 143.1 -4.228254228955506 -77.16410070971854 169.36142 125.31155 -999.0 -999.0 -999.0 -999.0 -999.0 210.28786537577034 41.01924072662797 210.22154209928465 40.89141839829819 57.59222387581866 63.979799606541576 -999.0 6231.0 -999.0 -1 -999 {-999.0 -999.0 -999.0 -999.0 -999.0} "" -999.0 -999.0 -999.0 -999.0 -999 -999 "" "" "" "" 0 0 0.0 0.0 -999 ""
FIBERMAP 1208 R-3C19 APOGEE 0 0 0 1 0 0 158.08278715875818 -43.51536641506311 143.1 146.86941499920596 -72.84296340499726 95.485146 60.83138 -999.0 -999.0 -999.0 -999.0 -999.0 211.1982439964349 41.0350293486012 211.13003918768152 40.90840157252572 56.90532628561267 63.977732731537515 -999.0 16600.0 -999.0 2 -999 {-999.0 -999.0 -999.0 -999.0 -999.0} "" -999.0 -999.0 -999.0 -999.0 -999 -999 "" "" "" "" 0 0 0.0 0.0 -999 ""
FIBERMAP 1208 R-3C19 BOSS 1 1 0 1 0 0 158.7584538222393 -43.779679388133644 143.1 147.48222566464648 -73.23118007441977 95.485146 60.83138 211.20221191415433 41.03315943208042 -21.112587 19.406403 4.779022 211.20213127079683 41.03321534766166 211.13374554657526 40.906591760229865 56.90255792658256 63.981138308070015 5400.0 5400.0 2016.0 1 289 {-999.0 17.541195 16.151722 14.906838 -999.0} sdss_psfmag 16.851658 15.99649 14.25112 11.924 63050394850054301 1094554291 bright_1x1 mwm_bin_vis_boss mwm_filler science 0 0 0.0 0.0 -999 ""
FIBERMAP 1208 R-3C19 METROLOGY 0 0 0 1 0 0 158.18841237682096 -44.25394971694651 143.1 146.8323130371537 -73.58804045582711 95.485146 60.83138 -999.0 -999.0 -999.0 -999.0 -999.0 211.1981394509095 41.03162933775782 211.12981662818004 40.90500024770515 56.90555527136697 63.98395550569796 -999.0 6231.0 -999.0 -1 -999 {-999.0 -999.0 -999.0 -999.0 -999.0} "" -999.0 -999.0 -999.0 -999.0 -999 -999 "" "" "" "" 0 0 0.0 0.0 -999 ""
FIBERMAP 1213 R+9C2 APOGEE 0 0 0 1 0 0 -156.28899495773945 159.9999592774692 143.1 -122.9063565459944 186.83462855312789 350.9836 69.45442 -999.0 -999.0 -999.0 -999.0 -999.0 209.56363060916394 42.21620681947323 209.49629227278695 42.08727828833316 58.07585838967073 61.685788871579916 -999.0 16600.0 -999.0 2 -999 {-999.0 -999.0 -999.0 -999.0 -999.0} "" -999.0 -999.0 -999.0 -999.0 -999 -999 "" "" "" "" 0 0 0.0 0.0 -999 ""
FIBERMAP 1213 R+9C2 BOSS 1 1 0 1 0 0 -156.6581900469795 159.3501310723298 143.1 -123.39259365560922 186.26717012475774 350.9836 69.45442 209.56084957296412 42.2136832293956 -9.354555 -5.289871 0.73328096 209.56081318133826 42.21366798769985 209.4933159460375 42.08472749662401 58.07824151526707 61.69030639634428 5400.0 5400.0 2016.0 1 19 {-999.0 15.310752 14.859293 14.701794 -999.0} sdss_psfmag_from_g3xp 15.218278 14.879871 14.36646 13.402 63050394850074984 943345540 bright_1x1 openfibertargets_nov2020_46 open_fiber science 0 0 0.0 0.0 -999 ""
FIBERMAP 1213 R+9C2 METROLOGY 0 0 0 1 0 0 -157.03508764198256 159.9971867279737 143.1 -123.63920021370461 186.97411520467006 350.9836 69.45442 -999.0 -999.0 -999.0 -999.0 -999.0 209.55925690986086 42.21682690606546 209.4918044899929 42.0878863280445 58.07913768563246 61.684197566115245 -999.0 6231.0 -999.0 -1 -999 {-999.0 -999.0 -999.0 -999.0 -999.0} "" -999.0 -999.0 -999.0 -999.0 -999 -999 "" "" "" "" 0 0 0.0 0.0 -999 ""
FIBERMAP 1215 R-1C15 APOGEE 0 0 0 1 0 0 33.610246732161755 -2.769769887831167 143.1 32.46166588742751 -9.124859171849991 115.40374 87.9629 -999.0 -999.0 -999.0 -999.0 -999.0 210.51091784484694 41.328618530069846 210.44352273574805 41.201040642853535 57.41524023763341 63.41347548202532 -999.0 16600.0 -999.0 2 -999 {-999.0 -999.0 -999.0 -999.0 -999.0} "" -999.0 -999.0 -999.0 -999.0 -999 -999 "" "" "" "" 0 0 0.0 0.0 -999 ""
FIBERMAP 1215 R-1C15 BOSS 1 1 0 1 0 0 34.28416293824975 -2.460113772851298 143.1 33.18215903351394 -8.949372120602913 115.40374 87.9629 210.51550103213623 41.32945011799996 -2.3607633 -16.255909 2.8796625 210.51549197389843 41.329403279898045 210.44791121267087 41.20182745219674 57.41191347079951 63.4122241280435 5400.0 5400.0 2016.0 1 272 {-999.0 17.323074 15.980248 15.338068 -999.0} sdss_psfmag 16.770914 15.886568 14.951273 13.149 63050394850055187 1118495852 bright_1x1 openfibertargets_mwm_snc_further_ext_boss open_fiber science 0 0 0.0 0.0 -999 ""
FIBERMAP 1215 R-1C15 METROLOGY 0 0 0 1 0 0 34.21858547850218 -3.2017258464806275 143.1 32.97643855646606 -9.66479015491391 115.40374 87.9629 -999.0 -999.0 -999.0 -999.0 -999.0 210.5141717525406 41.326148138659605 210.4466509763232 41.19857169218819 57.41297181987523 63.41820578383414 -999.0 6231.0 -999.0 -1 -999 {-999.0 -999.0 -999.0 -999.0 -999.0} "" -999.0 -999.0 -999.0 -999.0 -999 -999 "" "" "" "" 0 0 0.0 0.0 -999 ""
FIBERMAP 1222 R+1C10 APOGEE 0 0 0 1 0 0 -86.58754064846963 30.000022508886005 143.1 -79.27048602313458 45.94993987635425 128.56844 114.418884 -999.0 -999.0 -999.0 -999.0 -999.0 209.83207828461065 41.57941615353887 209.76560066800664 41.45092556005041 57.91347764986432 62.907022030700375 -999.0 16600.0 -999.0 2 -999 {-999.0 -999.0 -999.0 -999.0 -999.0} "" -999.0 -999.0 -999.0 -999.0 -999 -999 "" "" "" "" 0 0 0.0 0.0 -999 ""
FIBERMAP 1222 R+1C10 BOSS 1 1 0 1 0 0 -86.26318190058633 30.68136167074482 143.1 -78.8222511954081 46.55687334589294 128.56844 114.418884 209.83491683672344 41.5822220247298 -1.792085 -1.9109821 -0.0072108726 209.8349099336475 41.58221651862254 209.7682489828359 41.453722779906805 57.91135708204938 62.901947149152996 5400.0 5400.0 2016.0 1 30 {-999.0 16.519815 15.728421 15.40647 -999.0} sdss_psfmag 16.264738 15.730195 15.045121 13.633 63050394850070962 1061526786 bright_1x1 manual_mwm_halo_distant_kgiant_near_boss_single mwm_halo science 0 0 0.0 0.0 -999 ""
FIBERMAP 1222 R+1C10 METROLOGY 0 0 0 1 0 0 -85.8438337159703 30.059704826738383 143.1 -78.52913684084696 45.86676682072387 128.56844 114.418884 -999.0 -999.0 -999.0 -999.0 -999.0 209.83666648859142 41.57907573582366 209.77005719454746 41.45058651672556 57.910158146529035 62.90796945242789 -999.0 6231.0 -999.0 -1 -999 {-999.0 -999.0 -999.0 -999.0 -999.0} "" -999.0 -999.0 -999.0 -999.0 -999 -999 "" "" "" "" 0 0 0.0 0.0 -999 ""
FIBERMAP 1226 R+8C2 APOGEE 0 0 0 1 0 0 -193.9477427405904 168.03333804726174 143.1 -158.33850001135286 201.89755706066478 184.00305 61.0508 -999.0 -999.0 -999.0 -999.0 -999.0 209.34753482717903 42.28161014517277 209.28053590335082 42.15239995065708 58.230726659486066 61.54060908979983 -999.0 16600.0 -999.0 2 -999 {-999.0 -999.0 -999.0 -999.0 -999.0} "" -999.0 -999.0 -999.0 -999.0 -999 -999 "" "" "" "" 0 0 0.0 0.0 -999 ""
FIBERMAP 1226 R+8C2 BOSS 1 1 0 1 0 0 -193.64582130885057 168.71365136562758 143.1 -157.91248369799985 202.50776026487972 184.00305 61.0508 209.35027514209884 42.28440000511954 -999.0 -999.0 -999.0 209.35027514209884 42.28440000511954 209.28309341265452 42.15518330246263 58.2286267522385 61.535608430002085 5400.0 5400.0 2016.0 1 69 {-999.0 21.009285 19.635212 19.137047 -999.0} sdss_psfmag 20.697815 21.779821 18.52178 -999.0 63050394850075215 1117968995 bright_1x1 openfibertargets_bhm_lofarradio_boss open_fiber science 0 0 0.0 0.0 -999 ""
FIBERMAP 1226 R+8C2 METROLOGY 0 0 0 1 0 0 -193.20661333162863 168.1192983851145 143.1 -157.59467206860072 201.84066805608174 184.00305 61.0508 -999.0 -999.0 -999.0 -999.0 -999.0 209.35217283668925 42.281426307999595 209.28504186555438 42.152215143419156 58.22740942917183 61.54143575257626 -999.0 6231.0 -999.0 -1 -999 {-999.0 -999.0 -999.0 -999.0 -999.0} "" -999.0 -999.0 -999.0 -999.0 -999 -999 "" "" "" "" 0 0 0.0 0.0 -999 ""
FIBERMAP 1229 R-10C17 APOGEE 0 0 0 1 0 0 182.17356304457937 -180.23657157656683 143.1 144.45576324548546 -211.63124175647312 85.78545 109.06704 -999.0 -999.0 -999.0 -999.0 -999.0 211.17058726191058 40.408430776668006 211.10389151325205 40.28186310527624 56.93124659486634 65.12519437399368 -999.0 16600.0 -999.0 2 188 {-999.0 -999.0 -999.0 -999.0 -999.0} "" -999.0 -999.0 -999.0 -999.0 -999 -999 "" ops_sky_apogee_best_unassigned ops_sky sky_apogee 0 0 0.0 0.0 -999 ""
FIBERMAP 1229 R-10C17 BOSS 1 1 0 1 0 0 182.87940998023385 -180.05710204811305 143.1 145.1827834418625 -211.58962335825578 85.78545 109.06704 211.17507934570312 40.40858872055612 -999.0 -999.0 -999.0 211.17507934570312 40.408588720556125 211.1081993920811 40.28202681616303 56.92795999395337 65.1249028889329 5400.0 5400.0 2015.5 1 329 {-999.0 -999.0 -999.0 -999.0 -999.0} "" -999.0 -999.0 -999.0 -999.0 27021603104369184 817513577 "" ops_sky_boss_good ops_sky sky_boss 0 0 0.0 0.0 -999 ""
FIBERMAP 1229 R-10C17 METROLOGY 0 0 0 1 0 0 182.69131237730085 -180.77183515276312 143.1 144.86192852956336 -212.25530598645105 85.78545 109.06704 -999.0 -999.0 -999.0 -999.0 -999.0 211.17305627065232 40.405616851452635 211.10623683175436 40.27905277248612 56.92946128021088 65.13034927558596 -999.0 6231.0 -999.0 -1 -999 {-999.0 -999.0 -999.0 -999.0 -999.0} "" -999.0 -999.0 -999.0 -999.0 -999 -999 "" "" "" "" 0 0 0.0 0.0 -999 ""
FIBERMAP 1232 R-4C22 APOGEE 0 0 0 1 0 0 205.24641120030344 -75.24978251124465 143.1 187.11341139674514 -112.98092612876472 213.53813 68.63699 -999.0 -999.0 -999.0 -999.0 -999.0 211.43478334036894 40.8513394915754 211.36650022929246 40.72505612478414 56.72897257469585 64.31729931531049 -999.0 16600.0 -999.0 2 -999 {-999.0 -999.0 -999.0 -999.0 -999.0} "" -999.0 -999.0 -999.0 -999.0 -999 -999 "" "" "" "" 0 0 0.0 0.0 -999 ""
FIBERMAP 1232 R-4C22 BOSS 1 1 0 1 0 0 205.07612998905194 -74.53056160812979 143.1 187.08336076995946 -112.24253025785548 213.53813 68.63699 211.43491269961632 40.85465883733092 -999.0 -999.0 -999.0 211.4349126996163 40.85465883733092 211.36644469936877 40.72837374229004 56.72898044095595 64.31125142137032 5400.0 5400.0 2016.0 1 322 {-999.0 -999.0 -999.0 -999.0 -999.0} "" -999.0 -999.0 -999.0 -999.0 63050398663960708 1116318086 bright_1x1 openfibertargets_bhm_morexray_boss open_fiber science 0 0 0.0 0.0 -999 ""
FIBERMAP 1232 R-4C22 METROLOGY 0 0 0 1 0 0 205.79176343354996 -74.7406136569293 143.1 187.74574251425136 -112.58510580956077 213.53813 68.63699 -999.0 -999.0 -999.0 -999.0 -999.0 211.43875571538086 40.853083738114904 211.37033329379494 40.72680444131085 56.72604993351054 64.3141670941003 -999.0 6231.0 -999.0 -1 -999 {-999.0 -999.0 -999.0 -999.0 -999.0} "" -999.0 -999.0 -999.0 -999.0 -999 -999 "" "" "" "" 0 0 0.0 0.0 -999 ""
FIBERMAP 1240 R+7C16 APOGEE 0 0 0 1 0 0 129.72258071486374 118.33215017679599 143.1 149.88164336181455 91.42140875538124 331.26453 70.056984 -999.0 -999.0 -999.0 -999.0 -999.0 211.22818790174045 41.781134604229145 211.15815130425892 41.65443111008005 56.86352091350421 62.61377741563996 -999.0 16600.0 -999.0 2 66 {-999.0 -999.0 -999.0 -999.0 -999.0} "" -999.0 -999.0 -999.0 -999.0 -999 -999 "" ops_sky_apogee_best_unassigned ops_sky sky_apogee 0 0 0.0 0.0 -999 ""
FIBERMAP 1240 R+7C16 BOSS 1 1 0 1 0 0 129.16707653250103 117.84479381803753 143.1 149.24350530448692 91.04893313721854 331.26453 70.056984 211.22453445468864 41.77952135116235 1.1578097 0.09782094 0.8155351 211.22453892824404 41.77952163301343 211.1543358404864 41.65280871902629 56.866430608359394 62.61654765919223 5400.0 5400.0 2016.0 1 201 {-999.0 15.60528 15.123016 15.00384 -999.0} sdss_psfmag 15.48642 15.174554 14.6894245 13.784 63050394850063175 943208481 bright_1x1 openfibertargets_nov2020_46 open_fiber science 0 0 0.0 0.0 -999 ""
FIBERMAP 1240 R+7C16 METROLOGY 0 0 0 1 0 0 129.0079301678461 118.5667690266827 143.1 149.2249088870615 91.78791010957326 331.26453 70.056984 -999.0 -999.0 -999.0 -999.0 -999.0 211.22440638526476 41.7828678555803 211.1542462142636 41.656155465163415 56.86637177329909 62.610424458787406 -999.0 6231.0 -999.0 -1 -999 {-999.0 -999.0 -999.0 -999.0 -999.0} "" -999.0 -999.0 -999.0 -999.0 -999 -999 "" "" "" "" 0 0 0.0 0.0 -999 ""
FIBERMAP 1241 R+7C13 APOGEE 0 0 0 1 0 0 62.56367408770472 129.92820014050017 143.1 86.17315421131225 115.60405806089476 275.1036 153.15868 -999.0 -999.0 -999.0 -999.0 -999.0 210.84174217685612 41.89441070536037 210.77229120391337 41.767178369747974 57.14665089139212 62.38499478194444 -999.0 16600.0 -999.0 2 48 {-999.0 -999.0 -999.0 -999.0 -999.0} "" -999.0 -999.0 -999.0 -999.0 -999 -999 "" ops_sky_apogee_best_unassigned ops_sky sky_apogee 0 0 0.0 0.0 -999 ""
FIBERMAP 1241 R+7C13 BOSS 1 1 0 1 0 0 62.29009418212142 129.23424484178923 143.1 85.77235585316494 114.97506279261168 275.1036 153.15868 210.8394974935811 41.89162643243665 -999.0 -999.0 -999.0 210.8394974935811 41.89162643243666 210.76988148665112 41.76438560080837 57.14857297377439 62.38998748650832 5400.0 5400.0 2015.5 1 150 {-999.0 -999.0 -999.0 -999.0 -999.0} "" -999.0 -999.0 -999.0 -999.0 27021603104388577 807161160 "" ops_sky_boss_good ops_sky sky_boss 0 0 0.0 0.0 -999 ""
FIBERMAP 1241 R+7C13 METROLOGY 0 0 0 1 0 0 61.82301604991197 129.81844850240162 143.1 85.42525422620325 115.63750525436227 275.1036 153.15868 -999.0 -999.0 -999.0 -999.0 -999.0 210.83734520419395 41.89463656938156 210.7677768934783 41.76739412537166 57.15000465784581 62.384315769062255 -999.0 6231.0 -999.0 -1 -999 {-999.0 -999.0 -999.0 -999.0 -999.0} "" -999.0 -999.0 -999.0 -999.0 -999 -999 "" "" "" "" 0 0 0.0 0.0 -999 ""
FIBERMAP 1251 R+6C7 APOGEE 1 1 0 1 0 0 -91.40681789870779 134.59166176986213 143.1 -64.06521953972592 149.52874402829144 133.29332 73.05828 209.92302818399762 42.0499330809867 4.594743 28.531136 9.1571455 209.92353484260906 42.0500152876603 209.8557684402915 41.921571180257324 57.82022616221767 62.0305092297557 16000.0 16600.0 2016.0 2 100 {-999.0 8.173565 7.522882 7.2790666 -999.0} sdss_psfmag_from_g3xp 8.011826 7.5617394 6.9409976 5.717 63050394850071400 1103868715 bright_1x1 mwm_tess_rgb_apogee mwm_tessrgb science 0 0 1.3067506551742554 0.0 -999 ""
FIBERMAP 1251 R+6C7 BOSS 0 0 0 1 0 0 -90.73312977933486 134.9057636181898 143.1 -63.344102895381084 149.70863819138145 133.29332 73.05828 -999.0 -999.0 -999.0 -999.0 -999.0 209.9280852127187 42.05090706193343 209.86013542836895 41.9224586345286 57.81692867154654 62.02921947182358 -999.0 5400.0 -999.0 1 66 {-999.0 -999.0 -999.0 -999.0 -999.0} "" -999.0 -999.0 -999.0 -999.0 -999 -999 "" "" "" "" 0 0 0.0 0.0 -999 ""
FIBERMAP 1251 R+6C7 METROLOGY 0 0 0 1 0 0 -90.80714756289635 134.13106896846895 143.1 -63.56441349615201 148.96235724614849 133.29332 73.05828 -999.0 -999.0 -999.0 -999.0 -999.0 209.92669849135413 42.04751345596511 209.85880858375015 41.91906601550916 57.81812154132973 62.035463918132166 -999.0 6231.0 -999.0 -1 -999 {-999.0 -999.0 -999.0 -999.0 -999.0} "" -999.0 -999.0 -999.0 -999.0 -999 -999 "" "" "" "" 0 0 0.0 0.0 -999 ""
FIBERMAP 1252 R+13C7 APOGEE 0 0 0 1 0 0 -24.31069343748033 245.95613395821272 143.1 23.018373395276583 246.04797343203214 213.86745 108.44469 -999.0 -999.0 -999.0 -999.0 -999.0 210.45803212369862 42.48452369675765 210.38803418497798 42.35669871933693 57.39860705075092 61.266838099120775 -999.0 16600.0 -999.0 2 46 {-999.0 -999.0 -999.0 -999.0 -999.0} "" -999.0 -999.0 -999.0 -999.0 -999 -999 "" ops_sky_apogee_best_unassigned ops_sky sky_apogee 0 0 0.0 0.0 -999 ""
FIBERMAP 1252 R+13C7 BOSS 1 1 0 1 0 0 -24.91593259133448 246.3814793995059 143.1 22.505383092262438 246.58082517498093 213.86745 108.44469 210.45513052446896 42.48697911228697 -15.589433 -11.573087 3.3063214 210.45506961331833 42.48694576677086 210.38489574345445 42.35910867793588 57.40076135198835 61.26208959103918 5400.0 5400.0 2016.0 1 167 {-999.0 14.786355 13.816681 13.504419 -999.0} sdss_psfmag_from_g3xp 14.462449 13.877393 13.15347 11.733 63050394850078748 943345590 bright_1x1 openfibertargets_nov2020_46 open_fiber science 0 0 0.0 0.0 -999 ""
FIBERMAP 1252 R+13C7 METROLOGY 0 0 0 1 0 0 -24.239323712414063 246.6972618923002 143.1 23.22968689791206 246.76181223998586 213.86745 108.44469 -999.0 -999.0 -999.0 -999.0 -999.0 210.45946790841785 42.487732171947016 210.38933261275042 42.35990235678817 57.39743740185615 61.26102329329035 -999.0 6231.0 -999.0 -1 -999 {-999.0 -999.0 -999.0 -999.0 -999.0} "" -999.0 -999.0 -999.0 -999.0 -999 -999 "" "" "" "" 0 0 0.0 0.0 -999 ""
FIBERMAP 1254 R+2C6 APOGEE 0 0 0 1 0 0 -145.38311756519764 55.33124289358816 143.1 -132.15211026483868 82.02004228168587 109.483086 51.18128 -999.0 -999.0 -999.0 -999.0 -999.0 209.50977178584748 41.741693514896454 209.4436409861671 41.612769806262655 58.14546754895562 62.577388053353445 -999.0 16600.0 -999.0 2 -999 {-999.0 -999.0 -999.0 -999.0 -999.0} "" -999.0 -999.0 -999.0 -999.0 -999 -999 "" "" "" "" 0 0 0.0 0.0 -999 ""
FIBERMAP 1254 R+2C6 BOSS 1 1 0 1 0 0 -144.70023014883287 55.107638322206014 143.1 -131.52445301546658 81.67040598368062 109.483086 51.18128 209.51388872486342 41.74011636429128 -49.06417 18.714062 1.1469882 209.51369926650415 41.74017028490541 209.44739351419994 41.611244683236464 58.14275489926744 62.5805805453434 5400.0 5400.0 2016.0 1 48 {-999.0 19.469849 18.147947 17.481276 -999.0} sdss_psfmag 18.972246 18.030212 17.075777 15.177 63050394850069534 1072729130 bright_1x1 mwm_halo_local_high_boss_single mwm_halo science 0 0 0.0 0.0 -999 ""
FIBERMAP 1254 R+2C6 METROLOGY 0 0 0 1 0 0 -145.2380949393704 54.59937513332681 143.1 -132.14926233150214 81.27404747169244 109.483086 51.18128 -999.0 -999.0 -999.0 -999.0 -999.0 209.50988231804862 41.738336235874876 209.44363746611975 41.609407921557505 58.1456647470625 62.58374715249755 -999.0 6231.0 -999.0 -1 -999 {-999.0 -999.0 -999.0 -999.0 -999.0} "" -999.0 -999.0 -999.0 -999.0 -999 -999 "" "" "" "" 0 0 0.0 0.0 -999 ""
FIBERMAP 1256 R-7C15 APOGEE 0 0 0 1 0 0 93.20570508160665 -130.56108932185472 143.1 66.59913006017476 -145.91547531419783 104.98526 149.76945 -999.0 -999.0 -999.0 -999.0 -999.0 210.7118822899766 40.70620934484189 210.64548135841414 40.578989902345114 57.27777714285948 64.57293814912202 -999.0 16600.0 -999.0 2 -999 {-999.0 -999.0 -999.0 -999.0 -999.0} "" -999.0 -999.0 -999.0 -999.0 -999 -999 "" "" "" "" 0 0 0.0 0.0 -999 ""
FIBERMAP 1256 R-7C15 BOSS 1 1 0 1 0 0 93.47310115172033 -129.7655899542005 143.1 67.0132134466681 -145.1856324453252 104.98526 149.76945 210.71462754001598 40.709456178691326 -6.37291 -0.8856373 3.1869187 210.7146033162707 40.709453626904754 210.64801592725146 40.582236047331385 57.27580447715329 64.56698640908448 5400.0 5400.0 2016.0 1 317 {-999.0 20.70556 19.19667 17.676865 -999.0} sdss_psfmag 19.868113 18.556599 16.870892 14.333 63050394850053680 1094635989 bright_1x1 mwm_bin_vis_boss mwm_filler science 0 0 0.0 0.0 -999 ""
FIBERMAP 1256 R-7C15 METROLOGY 0 0 0 1 0 0 93.923943659016 -130.35911079222154 143.1 67.34260337033787 -145.8541254622297 104.98526 149.76945 -999.0 -999.0 -999.0 -999.0 -999.0 210.71648851580767 40.70643117503943 210.64995340201915 40.579216357630465 57.274377625793214 64.57261163687781 -999.0 6231.0 -999.0 -1 -999 {-999.0 -999.0 -999.0 -999.0 -999.0} "" -999.0 -999.0 -999.0 -999.0 -999 -999 "" "" "" "" 0 0 0.0 0.0 -999 ""
FIBERMAP 1260 R+1C4 APOGEE 0 0 0 1 0 0 -217.15460362854705 11.304903140856968 143.1 -210.98983370502413 52.486608958894756 198.35799 151.9161 -999.0 -999.0 -999.0 -999.0 -999.0 209.03486423434614 41.60321975084831 208.97010282999645 41.47372357505121 58.50747551403191 62.80191505373813 -999.0 16600.0 -999.0 2 -999 {-999.0 -999.0 -999.0 -999.0 -999.0} "" -999.0 -999.0 -999.0 -999.0 -999 -999 "" "" "" "" 0 0 0.0 0.0 -999 ""
FIBERMAP 1260 R+1C4 BOSS 1 1 0 1 0 0 -217.89161472111857 11.404628020085859 143.1 -211.69422709735417 52.72496931948889 198.35799 151.9161 209.03072973221222 41.604267924559814 0.04037702 0.011713909 0.006741348 209.03072988779684 41.60426795831106 208.96580866020145 41.474758972285606 58.51062487257727 62.79956628071584 5400.0 5400.0 2016.0 1 62 {-999.0 16.965017 16.843445 16.719097 16.674524} sdss_psfmag_from_gaiadr2 16.929853 16.83751 16.541891 15.165 63050394850072864 1057598226 bright_flexible_2x1 bhm_gua_bright bhm_filler science 0 0 0.0 0.0 -999 ""
FIBERMAP 1260 R+1C4 METROLOGY 0 0 0 1 0 0 -217.43523550508928 11.996211849307956 143.1 -211.13351740961116 53.21864130810999 198.35799 151.9161 -999.0 -999.0 -999.0 -999.0 -999.0 209.03402935225841 41.60654032169538 208.96914295717738 41.477037208986964 58.50799417965985 62.795500463356575 -999.0 6231.0 -999.0 -1 -999 {-999.0 -999.0 -999.0 -999.0 -999.0} "" -999.0 -999.0 -999.0 -999.0 -999 -999 "" "" "" "" 0 0 0.0 0.0 -999 ""
FIBERMAP 1265 R+5C6 APOGEE 0 0 0 1 0 0 -114.86194473919613 115.0826756128904 143.1 -90.80570434179324 134.8506473551293 118.330246 48.66572 -999.0 -999.0 -999.0 -999.0 -999.0 209.76028754798682 41.982857611467594 209.69304451340145 41.854213815764275 57.94526975228829 62.14298915583032 -999.0 16600.0 -999.0 2 -999 {-999.0 -999.0 -999.0 -999.0 -999.0} "" -999.0 -999.0 -999.0 -999.0 -999 -999 "" "" "" "" 0 0 0.0 0.0 -999 ""
FIBERMAP 1265 R+5C6 BOSS 1 1 0 1 0 0 -114.1409158055743 114.97584796108609 143.1 -90.1183517936519 134.60836164109494 118.330246 48.66572 209.76461577345546 41.98183704980236 -999.0 -999.0 -999.0 209.76461577345543 41.98183704980236 209.697193962385 41.853191058452616 57.942247661425704 62.14527013001988 5400.0 5400.0 2016.0 1 50 {-999.0 19.02139 18.557344 18.368027 -999.0} sdss_psfmag 18.62082 21.512396 17.606636 15.867 63050394850071411 1117968804 bright_1x1 openfibertargets_bhm_lofarradio_boss open_fiber science 0 0 0.0 0.0 -999 ""
FIBERMAP 1265 R+5C6 METROLOGY 0 0 0 1 0 0 -114.58713887724204 114.38903037305417 143.1 -90.66818441906985 134.1174320810688 118.330246 48.66572 -999.0 -999.0 -999.0 -999.0 -999.0 209.7612251794644 41.97958535631108 209.69386477576813 41.850937630880665 57.94486108109976 62.14922114759662 -999.0 6231.0 -999.0 -1 -999 {-999.0 -999.0 -999.0 -999.0 -999.0} "" -999.0 -999.0 -999.0 -999.0 -999 -999 "" "" "" "" 0 0 0.0 0.0 -999 ""
FIBERMAP 1266 R-1C23 APOGEE 0 0 0 1 0 0 216.58736588675754 -31.614152095117397 143.1 206.5620533166359 -72.31270626686381 285.2842 120.4686 -999.0 -999.0 -999.0 -999.0 -999.0 211.55525166825453 41.03438726861829 211.48627957299595 40.908237318140195 56.636131133851514 63.98580848680842 -999.0 16600.0 -999.0 2 -999 {-999.0 -999.0 -999.0 -999.0 -999.0} "" -999.0 -999.0 -999.0 -999.0 -999 -999 "" "" "" "" 0 0 0.0 0.0 -999 ""
FIBERMAP 1266 R-1C23 BOSS 1 1 0 1 0 0 216.0762527925515 -32.16531965691588 143.1 205.95532396467544 -72.75627584376994 285.2842 120.4686 211.55181303123067 41.03239839571594 0.8030606 0.7151595 -0.08891882 211.55181609862836 41.032400456302746 211.4826781706112 40.90624434717477 56.638880058737556 63.989364220752066 5400.0 5400.0 2016.0 1 312 {-999.0 19.050997 18.572523 18.16641 -999.0} sdss_psfmag 18.793732 19.998133 17.694056 15.266 63050394850054147 1117968650 bright_1x1 openfibertargets_bhm_lofarradio_boss open_fiber science 0 0 0.0 0.0 -999 ""
FIBERMAP 1266 R-1C23 METROLOGY 0 0 0 1 0 0 215.86191052227346 -31.4398635566157 143.1 205.88321436934444 -72.00336171640011 285.2842 120.4686 -999.0 -999.0 -999.0 -999.0 -999.0 211.55141225785232 41.035816906858514 211.4823175516285 40.90966023757556 56.63910555167881 63.983146286490694 -999.0 6231.0 -999.0 -1 -999 {-999.0 -999.0 -999.0 -999.0 -999.0} "" -999.0 -999.0 -999.0 -999.0 -999 -999 "" "" "" "" 0 0 0.0 0.0 -999 ""
FIBERMAP 1270 R+5C12 APOGEE 0 0 0 1 0 0 6.207334086186772 114.79048945848294 143.1 27.972196798256316 111.48760807188971 142.7843 72.04356 -999.0 -999.0 -999.0 -999.0 -999.0 210.48621502693763 41.877585677767875 210.41759461099684 41.749891026784184 57.41176129690635 62.393764238045605 -999.0 16600.0 -999.0 2 8 {-999.0 -999.0 -999.0 -999.0 -999.0} "" -999.0 -999.0 -999.0 -999.0 -999 -999 "" ops_sky_apogee_best_unassigned ops_sky sky_apogee 0 0 0.0 0.0 -999 ""
FIBERMAP 1270 R+5C12 BOSS 1 1 0 1 0 0 6.825163407879409 115.20223185153782 143.1 28.657096789017338 111.77398662452698 142.7843 72.04356 210.49059898201367 41.87892933378439 -999.0 -999.0 -999.0 210.49059898201367 41.87892933378439 210.42179082424155 41.751233736098776 57.408568267902865 62.39156115153293 5400.0 5400.0 2016.0 1 116 {-999.0 20.99749 19.582434 18.993647 -999.0} sdss_psfmag 20.426447 21.420877 18.484808 15.723 63050394850070655 1117968752 bright_1x1 openfibertargets_bhm_lofarradio_boss open_fiber science 0 0 0.0 0.0 -999 ""
FIBERMAP 1270 R+5C12 METROLOGY 0 0 0 1 0 0 6.875089839149699 114.46634231393406 143.1 28.565838024814138 111.04216998756088 142.7843 72.04356 -999.0 -999.0 -999.0 -999.0 -999.0 210.48997421337322 41.87559758058775 210.42122484422237 41.747903517300124 57.409154149193085 62.397697639498574 -999.0 6231.0 -999.0 -1 -999 {-999.0 -999.0 -999.0 -999.0 -999.0} "" -999.0 -999.0 -999.0 -999.0 -999 -999 "" "" "" "" 0 0 0.0 0.0 -999 ""
FIBERMAP 1271 R-4C14 APOGEE 0 0 0 1 0 0 56.29989905729651 -95.17029789287895 143.1 37.12044761636649 -104.14383425256764 4.963734 41.468388 -999.0 -999.0 -999.0 -999.0 -999.0 210.5364869574942 40.8961541929504 210.47002946636542 40.76867620747921 57.40734613484951 64.21695472807676 -999.0 16600.0 -999.0 2 -999 {-999.0 -999.0 -999.0 -999.0 -999.0} "" -999.0 -999.0 -999.0 -999.0 -999 -999 "" "" "" "" 0 0 0.0 0.0 -999 ""
FIBERMAP 1271 R-4C14 BOSS 1 1 0 1 0 0 55.79414333860693 -95.71009199067049 143.1 36.521144533676726 -104.57726152521819 4.963734 41.468388 210.5332089365741 40.89416554983415 -38.575092 -5.8318586 2.8508797 210.53306190216722 40.89414874642405 210.46644360762588 40.76666439933663 57.410105407214665 64.22057817067555 5400.0 5400.0 2016.0 1 324 {-999.0 19.452766 17.987255 16.92057 -999.0} sdss_psfmag 18.823988 17.593227 16.493475 14.492 63050394850054691 1094847543 bright_1x1 mwm_bin_vis_boss mwm_filler science 0 0 0.0 0.0 -999 ""
FIBERMAP 1271 R-4C14 METROLOGY 0 0 0 1 0 0 55.573622764028556 -94.99946251495983 143.1 36.44014471462695 -103.83772262399698 4.963734 41.468388 -999.0 -999.0 -999.0 -999.0 -999.0 210.53254291834014 40.89751776538421 210.46596730506496 40.77003236792096 57.41039202630198 64.21431200123948 -999.0 6231.0 -999.0 -1 -999 {-999.0 -999.0 -999.0 -999.0 -999.0} "" -999.0 -999.0 -999.0 -999.0 -999 -999 "" "" "" "" 0 0 0.0 0.0 -999 ""
FIBERMAP 1272 R+1C9 APOGEE 0 0 0 1 0 0 -80.33961254866219 21.798300879296566 143.1 -74.7012114589442 36.70879461949221 66.61113 43.014584 -999.0 -999.0 -999.0 -999.0 -999.0 209.8600255236155 41.53744499580189 209.7935818165446 41.40899644658281 57.89455965655636 62.98775881057276 -999.0 16600.0 -999.0 2 147 {-999.0 -999.0 -999.0 -999.0 -999.0} "" -999.0 -999.0 -999.0 -999.0 -999 -999 "" ops_sky_apogee_best_unassigned ops_sky sky_apogee 0 0 0.0 0.0 -999 ""
FIBERMAP 1272 R+1C9 BOSS 1 1 0 1 0 0 -80.08811947436678 21.091132745313725 143.1 -74.58915133920343 35.96674967020365 66.61113 43.014584 209.86083984374997 41.534093506757856 -999.0 -999.0 -999.0 209.86083984374997 41.534093506757856 209.79423130267304 41.40564039558217 57.89423336367755 62.99410990383782 5400.0 5400.0 2015.5 1 45 {-999.0 -999.0 -999.0 -999.0 -999.0} "" -999.0 -999.0 -999.0 -999.0 27021603104388997 817514632 "" ops_sky_boss_good ops_sky sky_boss 0 0 0.0 0.0 -999 ""
FIBERMAP 1272 R+1C9 METROLOGY 0 0 0 1 0 0 -80.83048513663508 21.223923239093203 143.1 -75.29249799539892 36.23858565070336 66.61113 43.014584 -999.0 -999.0 -999.0 -999.0 -999.0 209.85652149890134 41.535313014646015 209.78996811351612 41.40685593727081 57.897369235648675 62.99153801610811 -999.0 6231.0 -999.0 -1 -999 {-999.0 -999.0 -999.0 -999.0 -999.0} "" -999.0 -999.0 -999.0 -999.0 -999 -999 "" "" "" "" 0 0 0.0 0.0 -999 ""
FIBERMAP 1276 R-2C3 APOGEE 1 1 0 1 0 0 -227.32664850146617 -49.176555617225745 143.1 -232.50202778026318 -4.939159806969292 231.51323 136.86209 208.91048595136212 41.34146751455486 -4.6919203 15.890371 3.0100718 208.91046794513858 41.3415132994325 208.84656064807098 41.21190373014919 58.615033661454554 63.29290554110202 16000.0 16600.0 2016.0 2 257 {-999.0 11.169994 10.930061 10.865945 -999.0} sdss_psfmag_from_g3xp 11.151777 10.926254 10.540606 9.891 63050394850072339 974725344 "" ops_std_apogee ops_std standard_apogee 0 0 0.0 0.0 -999 ""
FIBERMAP 1276 R-2C3 BOSS 0 0 0 1 0 0 -228.05719718246203 -49.31280840909869 143.1 -233.2450563068097 -4.933651272946715 231.51323 136.86209 -999.0 -999.0 -999.0 -999.0 -999.0 208.90615546361803 41.34149691359734 208.84209282694258 41.21187457135278 58.61839135509342 63.29261153968895 -999.0 5400.0 -999.0 1 475 {-999.0 -999.0 -999.0 -999.0 -999.0} "" -999.0 -999.0 -999.0 -999.0 -999 -999 "" "" "" "" 0 0 0.0 0.0 -999 ""
FIBERMAP 1276 R-2C3 METROLOGY 0 0 0 1 0 0 -227.80203516764576 -48.60042986182224 143.1 -232.85882419275768 -4.2830624453989 231.51323 136.86209 -999.0 -999.0 -999.0 -999.0 -999.0 208.908364201574 41.34446779728404 208.8443370068387 41.21484964035971 58.61654417273404 63.287082847308625 -999.0 6231.0 -999.0 -1 -999 {-999.0 -999.0 -999.0 -999.0 -999.0} "" -999.0 -999.0 -999.0 -999.0 -999 -999 "" "" "" "" 0 0 0.0 0.0 -999 ""
FIBERMAP 1281 R+5C7 APOGEE 1 1 0 1 0 0 -104.17077018489792 114.08502913183692 143.1 -80.50210991770595 131.83364649324426 132.40009 81.19532 209.82330837438786 41.96952865617877 -18.966825 -10.53876 5.4545426 209.8232348720497 41.96949829085733 209.75588066520183 41.84093783960572 57.899356475129345 62.17330580302678 16000.0 16600.0 2016.0 2 108 {-999.0 10.6241865 10.218401 10.116299 -999.0} sdss_psfmag_from_g3xp 10.558516 10.253813 9.788633 9.043 63050394850071362 974725300 "" ops_std_apogee ops_std standard_apogee 0 0 0.0 0.0 -999 ""
FIBERMAP 1281 R+5C7 BOSS 0 0 0 1 0 0 -103.54830334301691 114.48146521354971 143.1 -79.81557548308773 132.10411745513213 132.40009 81.19532 -999.0 -999.0 -999.0 -999.0 -999.0 209.82755524086284 41.97080034538345 209.7600174534041 41.84223620552282 57.89620196785714 62.17121658227609 -999.0 5400.0 -999.0 1 54 {-999.0 -999.0 -999.0 -999.0 -999.0} "" -999.0 -999.0 -999.0 -999.0 -999 -999 "" "" "" "" 0 0 0.0 0.0 -999 ""
FIBERMAP 1281 R+5C7 METROLOGY 0 0 0 1 0 0 -103.51134649520482 113.73751400378431 143.1 -79.92110091649938 131.36686006440235 132.40009 81.19532 -999.0 -999.0 -999.0 -999.0 -999.0 209.82687790312949 41.96744583034809 209.75939804889276 41.838883539518115 57.896864466477915 62.17746137928958 -999.0 6231.0 -999.0 -1 -999 {-999.0 -999.0 -999.0 -999.0 -999.0} "" -999.0 -999.0 -999.0 -999.0 -999 -999 "" "" "" "" 0 0 0.0 0.0 -999 ""
FIBERMAP 1285 R+9C4 APOGEE 0 0 0 1 0 0 -140.51321470957885 169.0111696186636 143.1 -105.7043247952543 192.67251475976573 231.99153 76.80086 -999.0 -999.0 -999.0 -999.0 -999.0 209.6686102455626 42.243329067282964 209.6009714194148 42.114529039927255 57.99646896314774 61.64473713600785 -999.0 16600.0 -999.0 2 -999 {-999.0 -999.0 -999.0 -999.0 -999.0} "" -999.0 -999.0 -999.0 -999.0 -999 -999 "" "" "" "" 0 0 0.0 0.0 -999 ""
FIBERMAP 1285 R+9C4 BOSS 1 1 0 1 0 0 -140.99346911461242 169.58481585801084 143.1 -106.06637166296412 193.32710620132875 231.99153 76.80086 209.66656576521964 42.24639766580926 -7.2407246 -33.429764 0.58026415 209.666537582372 42.24630134472804 209.59872480896215 42.11748943875476 57.99792434133563 61.63894482201859 5400.0 5400.0 2016.0 1 15 {-999.0 15.833196 15.510278 15.372079 -999.0} sdss_psfmag 15.747021 15.48456 15.055656 14.283 63050394850074957 1073271567 bright_1x1 mwm_halo_local_high_boss_single mwm_halo science 0 0 0.0 0.0 -999 ""
FIBERMAP 1285 R+9C4 METROLOGY 0 0 0 1 0 0 -140.2613954860273 169.71348654083027 143.1 -105.32329152657107 193.31386491016562 231.99153 76.80086 -999.0 -999.0 -999.0 -999.0 -999.0 209.67103507954778 42.24626654517124 209.60326092753564 42.117462739427374 57.994569702801144 61.63943925917761 -999.0 6231.0 -999.0 -1 -999 {-999.0 -999.0 -999.0 -999.0 -999.0} "" -999.0 -999.0 -999.0 -999.0 -999 -999 "" "" "" "" 0 0 0.0 0.0 -999 ""
FIBERMAP 1287 R+12C7 APOGEE 0 0 0 1 0 0 -14.114595672663162 242.81223108608398 143.1 32.426948860531155 241.01871276757117 50.790268 116.04131 -999.0 -999.0 -999.0 -999.0 -999.0 210.5157221820597 42.46182047007554 210.44564774571484 42.33407398063953 57.35759955744737 61.313893484786206 -999.0 16600.0 -999.0 2 -999 {-999.0 -999.0 -999.0 -999.0 -999.0} "" -999.0 -999.0 -999.0 -999.0 -999 -999 "" "" "" "" 0 0 0.0 0.0 -999 ""
FIBERMAP 1287 R+12C7 BOSS 1 1 0 1 0 0 -13.384964143160756 242.65978177368072 143.1 33.114049491677946 240.73000816396265 50.790268 116.04131 210.52010723385555 42.46062491089663 3.1498735 -28.593777 13.8308115 210.52011953587427 42.460542523733245 210.44985958598338 42.33279671434418 57.35457533217973 61.31663051642791 5400.0 5400.0 2016.0 1 155 {-999.0 16.620121 15.169252 14.0151415 -999.0} sdss_psfmag_ps1 16.006853 14.676675 13.541244 11.485 63050394850078688 1151088876 bright_1x1 mwm_snc_100pc_boss_single mwm_snc science 0 0 0.0 0.0 -999 ""
FIBERMAP 1287 R+12C7 METROLOGY 0 0 0 1 0 0 -13.881213263041914 242.10357416528862 143.1 32.520948981989505 240.27865848278714 50.790268 116.04131 -999.0 -999.0 -999.0 -999.0 -999.0 210.51641929927933 42.45853498823721 210.4462246114116 42.3307838414594 57.3573872589465 61.32003157928159 -999.0 6231.0 -999.0 -1 -999 {-999.0 -999.0 -999.0 -999.0 -999.0} "" -999.0 -999.0 -999.0 -999.0 -999 -999 "" "" "" "" 0 0 0.0 0.0 -999 ""
FIBERMAP 1289 R-2C15 APOGEE 0 0 0 1 0 0 35.99432474370211 -20.231638077630826 143.1 31.473422972133093 -26.718687543255 172.06505 46.745686 -999.0 -999.0 -999.0 -999.0 -999.0 210.50449383402108 41.248494354899314 210.437297700861 41.12092044571873 57.42256866760172 63.56189321611595 -999.0 16600.0 -999.0 2 219 {-999.0 -999.0 -999.0 -999.0 -999.0} "" -999.0 -999.0 -999.0 -999.0 -999 -999 "" ops_sky_apogee_best_unassigned ops_sky sky_apogee 0 0 0.0 0.0 -999 ""
FIBERMAP 1289 R-2C15 BOSS 1 1 0 1 0 0 36.566591510523985 -19.76942155652366 143.1 32.12322232789691 -26.374082536309487 172.06505 46.745686 210.50862198627283 41.25005637930886 3.87065 -5.2371507 1.5058678 210.50863681988403 41.25004128952146 210.44125468901584 41.122468715156074 57.419539858521055 63.55919618086023 5400.0 5400.0 2016.0 1 273 {-999.0 17.68853 16.581625 16.1584 -999.0} sdss_psfmag 17.234652 16.586905 15.762773 14.148 63050394850055145 1094694280 bright_1x1 mwm_bin_vis_boss mwm_filler science 0 0 0.0 0.0 -999 ""
FIBERMAP 1289 R-2C15 METROLOGY 0 0 0 1 0 0 36.70028647601126 -20.505064646206947 143.1 32.11423218776182 -27.121623866231996 172.06505 46.745686 -999.0 -999.0 -999.0 -999.0 -999.0 210.50850968384728 41.24663840822578 210.44118498231944 41.11906703395924 57.41970086306839 63.56550701961248 -999.0 6231.0 -999.0 -1 -999 {-999.0 -999.0 -999.0 -999.0 -999.0} "" -999.0 -999.0 -999.0 -999.0 -999 -999 "" "" "" "" 0 0 0.0 0.0 -999 ""
FIBERMAP 1296 R-5C7 APOGEE 1 1 0 1 0 0 -92.63140100153811 -90.94446072587736 143.1 -108.25520161183884 -71.60917996736961 14.013434 138.0841 209.66033935546875 41.04385909070226 -999.0 -999.0 -999.0 209.66033935546872 41.04385909070226 209.59544680865332 40.91523238516603 58.06441587506693 63.90631414162095 16000.0 16600.0 2015.5 2 262 {-999.0 -999.0 -999.0 -999.0 -999.0} "" -999.0 -999.0 -999.0 -999.0 27021603104386209 839625988 "" ops_sky_apogee_best ops_sky sky_apogee 0 0 0.0 0.0 -999 ""
FIBERMAP 1296 R-5C7 BOSS 0 0 0 1 0 0 -91.97278698531886 -91.29502631072835 143.1 -107.67556876079419 -72.07880619602045 14.013434 138.0841 -999.0 -999.0 -999.0 -999.0 -999.0 209.66395579641394 41.04170942050439 209.59889181836627 40.913082990701646 58.061892610030945 63.91055410421126 -999.0 5400.0 -999.0 1 464 {-999.0 -999.0 -999.0 -999.0 -999.0} "" -999.0 -999.0 -999.0 -999.0 -999 -999 "" "" "" "" 0 0 0.0 0.0 -999 ""
FIBERMAP 1296 R-5C7 METROLOGY 0 0 0 1 0 0 -92.5993130383795 -91.68738096453298 143.1 -108.36530951337468 -72.34449739780125 14.013434 138.0841 -999.0 -999.0 -999.0 -999.0 -999.0 209.6597799716997 41.0404932267694 209.594775528691 40.91186300474028 58.065045695287324 63.91264474585961 -999.0 6231.0 -999.0 -1 -999 {-999.0 -999.0 -999.0 -999.0 -999.0} "" -999.0 -999.0 -999.0 -999.0 -999 -999 "" "" "" "" 0 0 0.0 0.0 -999 ""
FIBERMAP 1300 R+11C12 APOGEE 0 0 0 1 0 0 79.18807500778402 204.79768740554942 143.1 116.76096504356836 185.92232081453415 226.76476 156.07475 -999.0 -999.0 -999.0 -999.0 -999.0 211.0309166293459 42.21057202033033 210.96028527665362 42.083540205262025 56.991624523843505 61.81618747721791 -999.0 16600.0 -999.0 2 11 {-999.0 -999.0 -999.0 -999.0 -999.0} "" -999.0 -999.0 -999.0 -999.0 -999 -999 "" ops_sky_apogee_best_unassigned ops_sky sky_apogee 0 0 0.0 0.0 -999 ""
FIBERMAP 1300 R+11C12 BOSS 1 1 0 1 0 0 78.51505511140373 204.4680847950023 143.1 116.03754978055277 185.72708476318735 226.76476 156.07475 211.0267031336964 42.20978240839799 -999.0 -999.0 -999.0 211.0267031336964 42.20978240839799 210.9559046194399 42.0827383095672 56.994912703340404 61.81735021446366 5400.0 5400.0 2016.0 1 142 {-999.0 20.443707 19.591955 19.019028 -999.0} sdss_psfmag -999.0 -999.0 -999.0 15.939 63050399378726630 1118086276 bright_1x1 openfibertargets_bhm_lofarradio_boss open_fiber science 0 0 0.0 0.0 -999 ""
FIBERMAP 1300 R+11C12 METROLOGY 0 0 0 1 0 0 78.57070393062234 205.21506867098606 143.1 116.23454884627475 186.4496678385433 226.76476 156.07475 -999.0 -999.0 -999.0 -999.0 -999.0 211.02787271607366 42.21301299376292 210.95711436080921 42.085971870374465 56.99384938120316 61.811506907152136 -999.0 6231.0 -999.0 -1 -999 {-999.0 -999.0 -999.0 -999.0 -999.0} "" -999.0 -999.0 -999.0 -999.0 -999 -999 "" "" "" "" 0 0 0.0 0.0 -999 ""
FIBERMAP 1301 R+2C23 APOGEE 0 0 0 1 0 0 222.50722096795658 50.91047400816349 143.1 228.10208782300685 7.559659933460309 89.61729 123.42143 -999.0 -999.0 -999.0 -999.0 -999.0 211.69257366062374 41.39486930164435 211.622446054159 41.26884848601568 56.5271361770584 63.33444073719778 -999.0 16600.0 -999.0 2 82 {-999.0 -999.0 -999.0 -999.0 -999.0} "" -999.0 -999.0 -999.0 -999.0 -999 -999 "" ops_sky_apogee_best_unassigned ops_sky sky_apogee 0 0 0.0 0.0 -999 ""
FIBERMAP 1301 R+2C23 BOSS 1 1 0 1 0 0 223.12019480497722 51.32764410217192 143.1 228.78325653101652 7.852291431391358 89.61729 123.42143 211.69692475961656 41.39612706534804 -5.977077 5.621941 1.5797901 211.69690180206695 41.396143263827696 211.62658185620282 41.270125542228094 56.52400071203136 63.332247967627794 5400.0 5400.0 2016.0 1 225 {-999.0 14.676869 14.1718855 14.013851 -999.0} sdss_psfmag_from_g3xp 14.569361 14.2066765 13.678753 12.751 63050394850061651 943345545 bright_1x1 openfibertargets_nov2020_46 open_fiber science 0 0 0.0 0.0 -999 ""
FIBERMAP 1301 R+2C23 METROLOGY 0 0 0 1 0 0 223.1649856706287 50.57003128866383 143.1 228.68281649934482 7.100131521882131 89.61729 123.42143 -999.0 -999.0 -999.0 -999.0 -999.0 211.69616216140926 41.39274227636556 211.62590313245607 41.26672455214037 56.524584220604034 63.338392416609054 -999.0 6231.0 -999.0 -1 -999 {-999.0 -999.0 -999.0 -999.0 -999.0} "" -999.0 -999.0 -999.0 -999.0 -999 -999 "" "" "" "" 0 0 0.0 0.0 -999 ""
FIBERMAP 1302 R-9C18 APOGEE 0 0 0 1 0 0 199.82127139417162 -166.29926464219844 143.1 164.434087836469 -201.31502145905654 38.769936 120.591 -999.0 -999.0 -999.0 -999.0 -999.0 211.28991754780523 40.4542068084221 211.2228644713922 40.32779110545886 56.84045284701973 65.04135406333165 -999.0 16600.0 -999.0 2 187 {-999.0 -999.0 -999.0 -999.0 -999.0} "" -999.0 -999.0 -999.0 -999.0 -999 -999 "" "" "" "" 0 0 0.0 0.0 -999 ""
FIBERMAP 1302 R-9C18 BOSS 1 1 0 1 0 0 200.52785069600787 -166.55503830748097 143.1 165.07886792560836 -201.7007485712776 38.769936 120.591 211.29386790460768 40.45245211908104 -999.0 -999.0 -999.0 211.29386790460768 40.45245211908104 211.22663544763142 40.32604179852406 56.83758021318335 65.04455881216177 5400.0 5400.0 2016.0 1 330 {-999.0 18.519754 17.795443 17.410269 -999.0} sdss_psfmag 17.703234 20.598352 16.424213 14.288 63050394850049788 1117968683 bright_1x1 openfibertargets_bhm_lofarradio_boss open_fiber science 0 0 0.0 0.0 -999 ""
FIBERMAP 1302 R-9C18 METROLOGY 0 0 0 1 0 0 199.96014131836574 -167.04113440517276 143.1 164.4289902665996 -202.06966084557405 38.769936 120.591 -999.0 -999.0 -999.0 -999.0 -999.0 211.28992983283686 40.45081705915605 211.22275910591736 40.32440177928024 56.84053750238002 65.04755040028198 -999.0 6231.0 -999.0 -1 -999 {-999.0 -999.0 -999.0 -999.0 -999.0} "" -999.0 -999.0 -999.0 -999.0 -999 -999 "" "" "" "" 0 0 0.0 0.0 -999 ""
FIBERMAP 1303 R-7C11 APOGEE 0 0 0 1 0 0 11.350788766896166 -122.24472063714127 143.1 -12.159109042182763 -122.15083077540895 93.54483 112.81068 -999.0 -999.0 -999.0 -999.0 -999.0 210.23970088358504 40.81493213088884 210.1740670456553 40.687081574505314 57.63341692685233 64.35942919664836 -999.0 16600.0 -999.0 2 151 {-999.0 -999.0 -999.0 -999.0 -999.0} "" -999.0 -999.0 -999.0 -999.0 -999 -999 "" ops_sky_apogee_best_unassigned ops_sky sky_apogee 0 0 0.0 0.0 -999 ""
FIBERMAP 1303 R-7C11 BOSS 1 1 0 1 0 0 12.017573070218049 -121.90651567257439 143.1 -11.440174584467659 -121.94596269566522 93.54483 112.81068 210.2443139285659 40.81574949448078 -32.935158 19.66065 3.0157478 210.24418853993063 40.815806142585274 210.17837193870702 40.68795893936231 57.63013313652369 64.35793229160612 5400.0 5400.0 2016.0 1 377 {-999.0 17.88358 16.55238 15.328744 -999.0} sdss_psfmag 17.371979 16.135376 14.833076 12.629 63050394850053090 936439087 bright_1x1 openfibertargets_nov2020_34a open_fiber science 0 0 0.0 0.0 -999 ""
FIBERMAP 1303 R-7C11 METROLOGY 0 0 0 1 0 0 11.979198348305946 -122.6425978967662 143.1 -11.618140644483049 -122.66113793730567 93.54483 112.81068 -999.0 -999.0 -999.0 -999.0 -999.0 210.24306810831968 40.812572046623316 210.17731003236145 40.68472405661292 57.63101306277592 64.36393810901512 -999.0 6231.0 -999.0 -1 -999 {-999.0 -999.0 -999.0 -999.0 -999.0} "" -999.0 -999.0 -999.0 -999.0 -999 -999 "" "" "" "" 0 0 0.0 0.0 -999 ""
FIBERMAP 1304 R+7C15 APOGEE 0 0 0 1 0 0 114.96787057558765 132.155622283806 143.1 138.03420070926333 107.80191615137797 359.99722 104.605034 -999.0 -999.0 -999.0 -999.0 -999.0 211.15717480581492 41.856187038952605 211.08711530663254 41.72937748876127 56.91360484137502 62.47290067859808 -999.0 16600.0 -999.0 2 -999 {-999.0 -999.0 -999.0 -999.0 -999.0} "" -999.0 -999.0 -999.0 -999.0 -999 -999 "" "" "" "" 0 0 0.0 0.0 -999 ""
FIBERMAP 1304 R+7C15 BOSS 1 1 0 1 0 0 115.14972256279076 131.4590872935016 143.1 138.07993246228548 107.08358183900378 359.99722 104.605034 211.1576531516752 41.8529670471321 -999.0 -999.0 -999.0 211.1576531516752 41.8529670471321 211.08742214650044 41.7261532660863 56.91350616667821 62.478819009560205 5400.0 5400.0 2016.0 1 187 {-999.0 18.749842 18.295485 17.844818 -999.0} sdss_psfmag_ps1 18.444923 21.419857 17.09291 14.462 63050394850063208 1117892775 bright_1x1 openfibertargets_bhm_lofarradio_boss open_fiber science 0 0 0.0 0.0 -999 ""
FIBERMAP 1304 R+7C15 METROLOGY 0 0 0 1 0 0 114.42982280743936 131.63874069223746 143.1 137.40756909534346 107.39713326179691 359.99722 104.605034 -999.0 -999.0 -999.0 -999.0 -999.0 211.15352269498098 41.85442457810344 211.08334785703858 41.72760659794722 56.91648578297466 62.47593397536781 -999.0 6231.0 -999.0 -1 -999 {-999.0 -999.0 -999.0 -999.0 -999.0} "" -999.0 -999.0 -999.0 -999.0 -999 -999 "" "" "" "" 0 0 0.0 0.0 -999 ""
FIBERMAP 1306 R-11C6 APOGEE 0 0 0 1 0 0 -71.75618675009846 -220.01803699133893 143.1 -112.36736976788471 -202.27815399727936 229.82227 86.21312 -999.0 -999.0 -999.0 -999.0 -999.0 209.64272038081694 40.452795741608895 209.57917135887396 40.324237045274735 58.09351062391512 65.02293782536645 -999.0 16600.0 -999.0 2 177 {-999.0 -999.0 -999.0 -999.0 -999.0} "" -999.0 -999.0 -999.0 -999.0 -999 -999 "" ops_sky_apogee_best_unassigned ops_sky sky_apogee 0 0 0.0 0.0 -999 ""
FIBERMAP 1306 R-11C6 BOSS 1 1 0 1 0 0 -72.30429248702262 -219.51754192420077 143.1 -112.80995789500786 -201.68243019314306 229.82227 86.21312 209.640227121871 40.45548881036528 -7.5413537 -16.472084 1.4644845 209.64019856546267 40.4554413493956 209.57648216601663 40.32687681299244 58.09550703117802 65.01786580678069 5400.0 5400.0 2016.0 1 358 {-999.0 16.20503 15.604009 15.371231 -999.0} sdss_psfmag 16.042948 15.616605 15.013906 13.874 63050394850066912 936439450 bright_1x1 openfibertargets_nov2020_34a open_fiber science 0 0 0.0 0.0 -999 ""
FIBERMAP 1306 R-11C6 METROLOGY 0 0 0 1 0 0 -71.59075626182803 -219.29370090355383 143.1 -112.06693303163222 -201.59872528106268 229.82227 86.21312 -999.0 -999.0 -999.0 -999.0 -999.0 209.64456392504994 40.45582673563755 209.5808848204597 40.3272680692554 58.092143391473186 65.01725423157768 -999.0 6231.0 -999.0 -1 -999 {-999.0 -999.0 -999.0 -999.0 -999.0} "" -999.0 -999.0 -999.0 -999.0 -999 -999 "" "" "" "" 0 0 0.0 0.0 -999 ""
FIBERMAP 1308 R-4C5 APOGEE 0 0 0 1 0 0 -148.18700128549804 -91.01581855910331 143.1 -162.7985037793367 -61.09011887421289 324.47498 95.504745 -999.0 -999.0 -999.0 -999.0 -999.0 209.3320281346488 41.090168907893265 209.26774898684914 40.96112144806118 58.30997745691268 63.80093961727289 -999.0 16600.0 -999.0 2 252 {-999.0 -999.0 -999.0 -999.0 -999.0} "" -999.0 -999.0 -999.0 -999.0 -999 -999 "" ops_sky_apogee_best_unassigned ops_sky sky_apogee 0 0 0.0 0.0 -999 ""
FIBERMAP 1308 R-4C5 BOSS 1 1 0 1 0 0 -148.58349183825675 -91.63987438568094 143.1 -163.30661999988968 -61.62707822567491 324.47498 95.504745 209.3291176619994 41.08769917201065 -999.0 -999.0 -999.0 209.3291176619994 41.08769917201065 209.2646835047566 40.9586431743193 58.31239396360492 63.80546907606731 5400.0 5400.0 2016.0 1 459 {-999.0 21.802046 20.073797 19.447166 -999.0} sdss_psfmag -999.0 -999.0 -999.0 -999.0 63050397945128163 1118043882 bright_1x1 openfibertargets_bhm_lofarradio_boss open_fiber science 0 0 0.0 0.0 -999 ""
FIBERMAP 1308 R-4C5 METROLOGY 0 0 0 1 0 0 -148.94119913176908 -90.98814012993756 143.1 -163.5334988695292 -60.919198683353756 324.47498 95.504745 -999.0 -999.0 -999.0 -999.0 -999.0 209.3276730638849 41.09090692386804 209.26328226260898 40.961850109751005 58.31331705500982 63.799284960438 -999.0 6231.0 -999.0 -1 -999 {-999.0 -999.0 -999.0 -999.0 -999.0} "" -999.0 -999.0 -999.0 -999.0 -999 -999 "" "" "" "" 0 0 0.0 0.0 -999 ""
FIBERMAP 1312 R-11C11 APOGEE 0 0 0 1 0 0 45.89597449945552 -215.80333180157882 143.1 3.915544895532235 -220.56621181417773 168.19398 139.38768 -999.0 -999.0 -999.0 -999.0 -999.0 210.33510583463868 40.37044843614513 210.27026477488312 40.24278953203307 57.5675904010897 65.1907635302673 -999.0 16600.0 -999.0 2 156 {-999.0 -999.0 -999.0 -999.0 -999.0} "" -999.0 -999.0 -999.0 -999.0 -999 -999 "" ops_sky_apogee_best_unassigned ops_sky sky_apogee 0 0 0.0 0.0 -999 ""
FIBERMAP 1312 R-11C11 BOSS 1 1 0 1 0 0 45.434144021579066 -215.2174158682694 143.1 3.5739203842820073 -219.90308892101643 168.19398 139.38768 210.333251953125 40.3733873640073 -999.0 -999.0 -999.0 210.33325195312503 40.3733873640073 210.2682382507301 40.24572431120313 57.56910800632903 65.18526281289651 5400.0 5400.0 2015.5 1 393 {-999.0 -999.0 -999.0 -999.0 -999.0} "" -999.0 -999.0 -999.0 -999.0 27021603104371841 817513701 "" ops_sky_boss_good ops_sky sky_boss 0 0 0.0 0.0 -999 ""
FIBERMAP 1312 R-11C11 METROLOGY 0 0 0 1 0 0 46.1672250195051 -215.10568727555054 143.1 4.314760063236679 -219.93315145504945 168.19398 139.38768 -999.0 -999.0 -999.0 -999.0 -999.0 210.33761292458385 40.37325427054926 210.27263844469815 40.24559726106755 57.565750863227656 65.18556205142102 -999.0 6231.0 -999.0 -1 -999 {-999.0 -999.0 -999.0 -999.0 -999.0} "" -999.0 -999.0 -999.0 -999.0 -999 -999 "" "" "" "" 0 0 0.0 0.0 -999 ""
FIBERMAP 1314 R-13C8 APOGEE 0 0 0 1 0 0 13.71980000863163 -262.1631734543731 143.1 -36.502814765107814 -259.93706783490273 259.88425 140.57404 -999.0 -999.0 -999.0 -999.0 -999.0 210.0951975290452 40.19462630035132 210.0312538960453 40.066684655518756 57.751814575683525 65.51693924890606 -999.0 16600.0 -999.0 2 273 {-999.0 -999.0 -999.0 -999.0 -999.0} "" -999.0 -999.0 -999.0 -999.0 -999 -999 "" ops_sky_apogee_best_unassigned ops_sky sky_apogee 0 0 0.0 0.0 -999 ""
FIBERMAP 1314 R-13C8 BOSS 1 1 0 1 0 0 13.152861802199764 -262.62628407642876 143.1 -37.14755437750656 -260.28356607533453 259.88425 140.57404 210.09155273437497 40.19307722077506 -999.0 -999.0 -999.0 210.09155273437494 40.19307722077506 210.02745184684863 40.06513012653348 57.754736265252994 65.51981031246174 5400.0 5400.0 2015.5 1 417 {-999.0 -999.0 -999.0 -999.0 -999.0} "" -999.0 -999.0 -999.0 -999.0 27021603104371360 817513844 "" ops_sky_boss_good ops_sky sky_boss 0 0 0.0 0.0 -999 ""
FIBERMAP 1314 R-13C8 METROLOGY 0 0 0 1 0 0 13.029683940623258 -261.89685836839004 143.1 -37.12942639984357 -259.5441319144152 259.88425 140.57404 -999.0 -999.0 -999.0 -999.0 -999.0 210.09159988138816 40.19637464831695 210.02753935355622 40.068427384453585 57.754643574070805 65.51363157762972 -999.0 6231.0 -999.0 -1 -999 {-999.0 -999.0 -999.0 -999.0 -999.0} "" -999.0 -999.0 -999.0 -999.0 -999 -999 "" "" "" "" 0 0 0.0 0.0 -999 ""
FIBERMAP 1316 R-8C11 APOGEE 0 0 0 1 0 0 29.814511275002886 -171.2424802629297 143.1 -3.3754935135552944 -173.76304266738538 328.4771 78.92714 -999.0 -999.0 -999.0 -999.0 -999.0 210.29208135619405 40.58122772357177 210.2268605988313 40.45348075237166 57.59792277559098 64.79697125279336 -999.0 16600.0 -999.0 2 -999 {-999.0 -999.0 -999.0 -999.0 -999.0} "" -999.0 -999.0 -999.0 -999.0 -999 -999 "" "" "" "" 0 0 0.0 0.0 -999 ""
FIBERMAP 1316 R-8C11 BOSS 1 1 0 1 0 0 29.31699557361608 -171.8091762446999 143.1 -3.9718363382820625 -174.2244456267676 328.4771 78.92714 210.28867939926033 40.579094997380466 -999.0 -999.0 -999.0 210.28867939926033 40.57909499738046 210.22330037164042 40.45134185899523 57.60066611827669 64.80088069902753 5400.0 5400.0 2016.0 1 373 {-999.0 20.731861 19.217451 18.752352 -999.0} sdss_psfmag 19.796066 21.403782 17.985182 15.31 63050394850052783 1117968609 bright_1x1 openfibertargets_bhm_lofarradio_boss open_fiber science 0 0 0.0 0.0 -999 ""
FIBERMAP 1316 R-8C11 METROLOGY 0 0 0 1 0 0 29.08276921984003 -171.0968246924291 143.1 -4.065960609165633 -173.48060407735056 328.4771 78.92714 -999.0 -999.0 -999.0 -999.0 -999.0 210.2880739945557 40.58246411790523 210.22273698202468 40.454710263107266 57.60104019722399 64.79458204442506 -999.0 6231.0 -999.0 -1 -999 {-999.0 -999.0 -999.0 -999.0 -999.0} "" -999.0 -999.0 -999.0 -999.0 -999 -999 "" "" "" "" 0 0 0.0 0.0 -999 ""
FIBERMAP 1317 R-12C9 APOGEE 0 0 0 1 0 0 35.9177232156115 -244.5829866356489 143.1 -11.36395408972343 -246.9125253381373 354.90298 76.710556 -999.0 -999.0 -999.0 -999.0 -999.0 210.2441117667704 40.25258325750025 210.17972542073335 40.1248246947165 57.63779319165418 65.40979323613345 -999.0 16600.0 -999.0 2 -999 {-999.0 -999.0 -999.0 -999.0 -999.0} "" -999.0 -999.0 -999.0 -999.0 -999 -999 "" "" "" "" 0 0 0.0 0.0 -999 ""
FIBERMAP 1317 R-12C9 BOSS 1 1 0 1 0 0 35.67179130957347 -245.30157450042537 143.1 -11.742310058453109 -247.57096811346403 354.90298 76.710556 210.2420340530453 40.2496222335322 -999.0 -999.0 -999.0 210.2420340530453 40.2496222335322 210.17748940508338 40.12186045490495 57.63952557658301 65.41530663365785 5400.0 5400.0 2016.0 1 405 {-999.0 21.39069 20.113605 19.52333 -999.0} sdss_psfmag 20.679256 21.295284 18.872425 -999.0 63050394850052531 1117968728 bright_1x1 openfibertargets_bhm_lofarradio_boss open_fiber science 0 0 0.0 0.0 -999 ""
FIBERMAP 1317 R-12C9 METROLOGY 0 0 0 1 0 0 35.18869398165576 -244.74166352920835 143.1 -12.109765343642277 -246.9293164306985 354.90298 76.710556 -999.0 -999.0 -999.0 -999.0 -999.0 210.23980706528988 40.252496067665554 210.17530873844612 40.12473124045263 57.641170995024005 65.40991927634394 -999.0 6231.0 -999.0 -1 -999 {-999.0 -999.0 -999.0 -999.0 -999.0} "" -999.0 -999.0 -999.0 -999.0 -999 -999 "" "" "" "" 0 0 0.0 0.0 -999 ""
FIBERMAP 1318 R-11C7 APOGEE 1 1 0 1 0 0 -46.02710920655918 -202.11516893190188 143.1 -83.70105742537196 -189.60993991720355 165.9524 85.454254 209.81265963904698 40.50992138634175 -15.35429 -10.67954 2.1559 209.81260145066372 40.50989061540164 209.74856371176259 40.38153949956383 57.963303289971876 64.91960659221532 16000.0 16600.0 2016.0 2 169 {-999.0 12.239215 11.586065 11.37006 -999.0} sdss_psfmag_from_g3xp 12.074145 11.632653 11.029374 9.856 63050394850052507 1069609428 bright_18x1 mwm_bin_rv_short_subgiant_apogee mwm_bin science 0 0 0.0 0.0 -999 ""
FIBERMAP 1318 R-11C7 BOSS 0 0 0 1 0 0 -45.81885134409487 -201.40174610597992 143.1 -83.36066428026156 -188.94938599133093 165.9524 85.454254 -999.0 -999.0 -999.0 -999.0 -999.0 209.81474423769353 40.51282555445286 209.75052800494007 40.384473691158874 57.96174923040272 64.91413226411788 -999.0 5400.0 -999.0 1 359 {-999.0 -999.0 -999.0 -999.0 -999.0} "" -999.0 -999.0 -999.0 -999.0 -999 -999 "" "" "" "" 0 0 0.0 0.0 -999 ""
FIBERMAP 1318 R-11C7 METROLOGY 0 0 0 1 0 0 -45.296508503062086 -201.9409525704722 143.1 -82.95074184135329 -189.5781958390932 165.9524 85.454254 -999.0 -999.0 -999.0 -999.0 -999.0 209.81717176513197 40.510003312213726 209.7530041014959 40.38165570125336 57.95991921542276 64.91951350370016 -999.0 6231.0 -999.0 -1 -999 {-999.0 -999.0 -999.0 -999.0 -999.0} "" -999.0 -999.0 -999.0 -999.0 -999 -999 "" "" "" "" 0 0 0.0 0.0 -999 ""
FIBERMAP 1323 R+2C5 APOGEE 1 1 0 1 0 0 -165.18968970978153 54.643423493145704 143.1 -151.72403177425323 85.12012958288635 114.77885 31.511625 209.39076855438006 41.754863830828754 39.67976 -15.368995 3.911156 209.39092181036457 41.75481954808873 209.32502586019464 41.625745299686876 58.23322367543905 62.542912235718696 16000.0 16600.0 2016.0 2 140 {-999.0 11.782385 11.411347 11.2879305 -999.0} sdss_psfmag_from_g3xp 11.718582 11.431172 10.954727 10.122 63050394850072965 1103502910 bright_1x1 mwm_tess_2min_apogee mwm_planet science 0 0 0.0 0.0 -999 ""
FIBERMAP 1323 R+2C5 BOSS 0 0 0 1 0 0 -164.56095744963287 54.247017668777914 143.1 -151.18246619549723 84.6112051807212 114.77885 31.511625 -999.0 -999.0 -999.0 -999.0 -999.0 209.39432693992828 41.75257442685738 209.32826015422359 41.62349633990365 58.230944713509686 62.547450690241476 -999.0 5400.0 -999.0 1 34 {-999.0 -999.0 -999.0 -999.0 -999.0} "" -999.0 -999.0 -999.0 -999.0 -999 -999 "" "" "" "" 0 0 0.0 0.0 -999 ""
FIBERMAP 1323 R+2C5 METROLOGY 0 0 0 1 0 0 -165.2264266456063 53.885429408750404 143.1 -151.90456677275697 84.38313494115013 114.77885 31.511625 -999.0 -999.0 -999.0 -999.0 -999.0 209.38992331653918 41.75149480982649 209.3239166867196 41.62241350019488 58.23425046095785 62.549135536264885 -999.0 6231.0 -999.0 -1 -999 {-999.0 -999.0 -999.0 -999.0 -999.0} "" -999.0 -999.0 -999.0 -999.0 -999 -999 "" "" "" "" 0 0 0.0 0.0 -999 ""
FIBERMAP 1324 R-4C11 APOGEE 0 0 0 1 0 0 -10.864332630929253 -65.42553123505583 143.1 -23.134056281044526 -62.14659057168883 74.54912 85.79239 -999.0 -999.0 -999.0 -999.0 -999.0 210.17362559129984 41.08767933800236 210.10751769428157 40.95970167915503 57.67629638890231 63.84748962552038 -999.0 16600.0 -999.0 2 -999 {-999.0 -999.0 -999.0 -999.0 -999.0} "" -999.0 -999.0 -999.0 -999.0 -999 -999 "" "" "" "" 0 0 0.0 0.0 -999 ""
FIBERMAP 1324 R-4C11 BOSS 1 1 0 1 0 0 -10.148893354812436 -65.68811461660562 143.1 -22.481877784321426 -62.540690394396975 74.54912 85.79239 210.17772184049193 41.085854825496455 -999.0 -999.0 -999.0 210.1777218404919 41.085854825496455 210.1114381037503 40.957878662671945 57.67339460271213 63.85107147226985 5400.0 5400.0 2016.0 1 357 {-999.0 22.19149 20.519878 19.529902 -999.0} sdss_psfmag -999.0 -999.0 -999.0 -999.0 63050397233818468 1118023998 bright_1x1 openfibertargets_bhm_lofarradio_boss open_fiber science 0 0 0.0 0.0 -999 ""
FIBERMAP 1324 R-4C11 METROLOGY 0 0 0 1 0 0 -10.717353410502616 -66.15700856845349 143.1 -23.129213467125368 -62.89257509861601 74.54912 85.79239 -999.0 -999.0 -999.0 -999.0 -999.0 210.1737649435656 41.084259684449904 210.10754193777439 40.95627981971768 57.676385795549905 63.853887103893896 -999.0 6231.0 -999.0 -1 -999 {-999.0 -999.0 -999.0 -999.0 -999.0} "" -999.0 -999.0 -999.0 -999.0 -999 -999 "" "" "" "" 0 0 0.0 0.0 -999 ""
FIBERMAP 1326 R-3C23 APOGEE 0 0 0 1 0 0 217.01938231600542 -62.015432996850635 143.1 201.1914963895721 -102.23493585150476 230.72905 72.600494 -999.0 -999.0 -999.0 -999.0 -999.0 211.51978062237438 40.89925891503025 211.45120313273014 40.77308222572632 56.66430716799312 64.23105303529707 -999.0 16600.0 -999.0 2 -999 {-999.0 -999.0 -999.0 -999.0 -999.0} "" -999.0 -999.0 -999.0 -999.0 -999 -999 "" "" "" "" 0 0 0.0 0.0 -999 ""
FIBERMAP 1326 R-3C23 BOSS 1 1 0 1 0 0 216.61138075569775 -61.41987986204071 143.1 200.90454366788683 -101.57261370820864 230.72905 72.600494 211.51837570186967 40.90225199950202 -999.0 -999.0 -999.0 211.51837570186967 40.90225199950201 211.44961679122014 40.77607152636492 56.665476694550925 64.22559046207918 5400.0 5400.0 2016.0 1 323 {-999.0 20.457212 19.317785 18.872307 -999.0} sdss_psfmag 20.239985 21.312534 18.520866 15.956 63050394850054069 1117968649 bright_1x1 openfibertargets_bhm_lofarradio_boss open_fiber science 0 0 0.0 0.0 -999 ""
FIBERMAP 1326 R-3C23 METROLOGY 0 0 0 1 0 0 217.35456198684923 -61.348862243843236 143.1 201.64753740634671 -101.64456058247613 230.72905 72.600494 -999.0 -999.0 -999.0 -999.0 -999.0 211.5227253325965 40.9018926551992 211.45400821659803 40.77571849585394 56.66215515073988 64.22629712195203 -999.0 6231.0 -999.0 -1 -999 {-999.0 -999.0 -999.0 -999.0 -999.0} "" -999.0 -999.0 -999.0 -999.0 -999 -999 "" "" "" "" 0 0 0.0 0.0 -999 ""
FIBERMAP 1328 R-3C12 APOGEE 0 0 0 1 0 0 -17.870978242791345 -72.40795439025968 143.1 -31.342191449619843 -67.66458275355706 261.3961 98.77596 -999.0 -999.0 -999.0 -999.0 -999.0 210.1240601037302 41.062575172701536 210.05811683949742 40.93453756631082 57.714383134409125 63.89235540297648 -999.0 16600.0 -999.0 2 154 {-999.0 -999.0 -999.0 -999.0 -999.0} "" -999.0 -999.0 -999.0 -999.0 -999 -999 "" ops_sky_apogee_best_unassigned ops_sky sky_apogee 0 0 0.0 0.0 -999 ""
FIBERMAP 1328 R-3C12 BOSS 1 1 0 1 0 0 -18.605517489468276 -72.43370498690852 143.1 -32.0680747275933 -67.54985196021819 261.3961 98.77596 210.11982474121808 41.06306511965621 -999.0 -999.0 -999.0 210.11982474121808 41.06306511965621 210.05371884469355 40.93501792769857 57.717688857501955 63.89126079457013 5400.0 5400.0 2016.0 1 356 {-999.0 20.613619 20.13398 19.700268 -999.0} sdss_psfmag -999.0 -999.0 -999.0 -999.0 63050397948751756 1118044882 bright_1x1 openfibertargets_bhm_lofarradio_boss open_fiber science 0 0 0.0 0.0 -999 ""
FIBERMAP 1328 R-3C12 METROLOGY 0 0 0 1 0 0 -18.257627172712418 -71.77400978342786 143.1 -31.600868286822706 -66.96864797138716 261.3961 98.77596 -999.0 -999.0 -999.0 -999.0 -999.0 210.12259905678542 41.06571557360895 210.05652950809326 40.937672690310706 57.71548298348861 63.88641807294027 -999.0 6231.0 -999.0 -1 -999 {-999.0 -999.0 -999.0 -999.0 -999.0} "" -999.0 -999.0 -999.0 -999.0 -999 -999 "" "" "" "" 0 0 0.0 0.0 -999 ""
FIBERMAP 1329 R+3C16 APOGEE 0 0 0 1 0 0 88.21858759311704 68.1378621321456 143.1 99.57685460950792 50.06483033350624 51.522934 110.00493 -999.0 -999.0 -999.0 -999.0 -999.0 210.92060216106458 41.596075495883234 210.851683792652 41.468993141410145 57.0995251312753 62.93831329481981 -999.0 16600.0 -999.0 2 63 {-999.0 -999.0 -999.0 -999.0 -999.0} "" -999.0 -999.0 -999.0 -999.0 -999 -999 "" ops_sky_apogee_best_unassigned ops_sky sky_apogee 0 0 0.0 0.0 -999 ""
FIBERMAP 1329 R+3C16 BOSS 1 1 0 1 0 0 88.92166603591397 67.8718556554159 143.1 100.21624807566651 49.66972664725368 51.522934 110.00493 210.92487605569463 41.594250925053174 -43.86725 8.475991 8.559234 210.92470704836205 41.594275346777486 210.85560647498343 41.4671958879456 57.096652898713614 62.94181606508137 5400.0 5400.0 2016.0 1 220 {-999.0 18.33953 16.884455 15.229967 -999.0} sdss_psfmag 17.745008 15.992351 14.679845 12.3 63050394850055688 936439148 bright_1x1 openfibertargets_nov2020_34a open_fiber science 0 0 0.0 0.0 -999 ""
FIBERMAP 1329 R+3C16 METROLOGY 0 0 0 1 0 0 88.34838128644446 67.39472130734883 143.1 99.56260614295131 49.310673319709956 51.522934 110.00493 -999.0 -999.0 -999.0 -999.0 -999.0 210.92065694299748 41.592667402130665 210.85162022904763 41.46558221578237 57.09969649115807 62.94458552589521 -999.0 6231.0 -999.0 -1 -999 {-999.0 -999.0 -999.0 -999.0 -999.0} "" -999.0 -999.0 -999.0 -999.0 -999 -999 "" "" "" "" 0 0 0.0 0.0 -999 ""
FIBERMAP 1330 R-3C11 APOGEE 0 0 0 1 0 0 -38.653722058965755 -36.736316625342454 143.1 -44.942012557401995 -28.69039631678781 182.2504 14.003677 -999.0 -999.0 -999.0 -999.0 -999.0 210.04152150186488 41.23996145437971 209.97535583385627 41.111790611255735 57.77069143859578 63.55642391422822 -999.0 16600.0 -999.0 2 208 {-999.0 -999.0 -999.0 -999.0 -999.0} "" -999.0 -999.0 -999.0 -999.0 -999 -999 "" ops_sky_apogee_best_unassigned ops_sky sky_apogee 0 0 0.0 0.0 -999 ""
FIBERMAP 1330 R-3C11 BOSS 1 1 0 1 0 0 -37.95003000283834 -36.52987527484248 143.1 -44.21196651995105 -28.621893434843 182.2504 14.003677 210.04605881309794 41.24028024795117 5.630528 -4.999862 0.49299544 210.04608038791557 41.240265841861266 209.97973316820935 41.11209611202616 57.76738432672021 63.55608219470865 5400.0 5400.0 2016.0 1 347 {-999.0 14.830434 14.182357 13.944661 -999.0} sdss_psfmag_from_g3xp 14.665894 14.214515 13.599177 12.361 63050394850069869 943345568 bright_1x1 openfibertargets_nov2020_46 open_fiber science 0 0 0.0 0.0 -999 ""
FIBERMAP 1330 R-3C11 METROLOGY 0 0 0 1 0 0 -38.10937200094347 -37.2517896013794 143.1 -44.50596560055693 -29.300105599028573 182.2504 14.003677 -999.0 -999.0 -999.0 -999.0 -999.0 210.0442640621427 41.23717717216729 209.97797633248922 41.10900683941292 57.768822175740404 63.56177795509592 -999.0 6231.0 -999.0 -1 -999 {-999.0 -999.0 -999.0 -999.0 -999.0} "" -999.0 -999.0 -999.0 -999.0 -999 -999 "" "" "" "" 0 0 0.0 0.0 -999 ""
FIBERMAP 1331 R-10C3 APOGEE 0 0 0 1 0 0 -123.76755170134753 -180.77888619544214 143.1 -155.9391579004868 -153.85004308215014 76.53299 83.81248 -999.0 -999.0 -999.0 -999.0 -999.0 209.38009564517608 40.67036825446578 209.31663449191103 40.5414451232381 58.28790546527077 64.60158877182869 -999.0 16600.0 -999.0 2 242 {-999.0 -999.0 -999.0 -999.0 -999.0} "" -999.0 -999.0 -999.0 -999.0 -999 -999 "" ops_sky_apogee_best_unassigned ops_sky sky_apogee 0 0 0.0 0.0 -999 ""
FIBERMAP 1331 R-10C3 BOSS 1 1 0 1 0 0 -123.06006388656863 -180.9821393317888 143.1 -155.28347546967225 -154.18439268437166 76.53299 83.81248 209.38419003297503 40.66885054470967 -10.082169 -1.8059046 -0.07362225 209.38415173350134 40.66884534135579 209.32051913346965 40.53992384306348 58.2849992311698 64.60464621134831 5400.0 5400.0 2016.0 1 478 {-999.0 18.72294 18.450588 18.392826 -999.0} sdss_psfmag 18.688742 18.448591 18.019941 16.777 63050394850067317 978129993 "" ops_std_boss ops_std standard_boss 0 0 0.0 0.0 -999 ""
FIBERMAP 1331 R-10C3 METROLOGY 0 0 0 1 0 0 -123.59260358305353 -181.5008987753365 143.1 -155.90505865039478 -154.59206860786273 76.53299 83.81248 -999.0 -999.0 -999.0 -999.0 -999.0 209.38044917502066 40.66700043673428 209.31687566331027 40.53807561518513 58.28782107947512 64.60800639142673 -999.0 6231.0 -999.0 -1 -999 {-999.0 -999.0 -999.0 -999.0 -999.0} "" -999.0 -999.0 -999.0 -999.0 -999 -999 "" "" "" "" 0 0 0.0 0.0 -999 ""
FIBERMAP 1333 R-5C14 APOGEE 0 0 0 1 1 0 63.85711938022825 -85.26149605004936 143.1 46.42676900289658 -95.85844395027978 66.02655 107.0841 -999.0 -999.0 -999.0 -999.0 -999.0 210.59278763910876 40.93362893509243 210.52612312341864 40.806218634552565 57.364055239574405 64.1490607584143 -999.0 16600.0 -999.0 2 195 {-999.0 -999.0 -999.0 -999.0 -999.0} "" -999.0 -999.0 -999.0 -999.0 -999 -999 "" ops_sky_apogee_best_unassigned ops_sky sky_apogee 0 0 0.0 0.0 -999 ""
FIBERMAP 1333 R-5C14 BOSS 1 0 0 1 1 0 64.59519367432662 -85.37080247293872 143.1 47.13037968612122 -96.10641157022788 66.02655 107.0841 210.40784439678956 40.88800484341029 -4.0059795 4.114472 0.40363622 210.5972188090679 40.932446125314826 210.53037466608487 40.80503888691897 57.36086417830808 64.15138052182238 5400.0 5400.0 2016.0 1 325 {-999.0 16.370575 16.001501 15.866976 -999.0} sdss_psfmag 16.308279 16.003061 15.530729 14.698 63050394850054866 979447998 "" ops_std_boss ops_std standard_boss 0 0 0.0 0.0 -999 ""
FIBERMAP 1333 R-5C14 METROLOGY 0 0 0 1 1 0 64.12592345298245 -85.96260223951246 143.1 46.55697588211265 -96.59783843576086 66.02655 107.0841 -999.0 -999.0 -999.0 -999.0 -999.0 210.59369369254136 40.93023183700234 210.52691119981262 40.8028211617658 57.36353446374913 64.15538356058278 -999.0 6231.0 -999.0 -1 -999 {-999.0 -999.0 -999.0 -999.0 -999.0} "" -999.0 -999.0 -999.0 -999.0 -999 -999 "" "" "" "" 0 0 0.0 0.0 -999 ""
FIBERMAP 1334 R-4C16 APOGEE 0 0 0 1 0 0 99.87533136662947 -80.59769534919953 143.1 82.66880007221398 -98.1459691256902 324.66885 135.60995 -999.0 -999.0 -999.0 -999.0 -999.0 210.81079635265644 40.922413736066915 210.7436876987332 40.79529083290042 57.19962576305133 64.17563285600016 -999.0 16600.0 -999.0 2 -999 {-999.0 -999.0 -999.0 -999.0 -999.0} "" -999.0 -999.0 -999.0 -999.0 -999 -999 "" "" "" "" 0 0 0.0 0.0 -999 ""
FIBERMAP 1334 R-4C16 BOSS 1 1 0 1 0 0 100.01604545096275 -81.33922891669607 143.1 82.66557668799979 -98.90063002866074 324.66885 135.60995 210.8109567743103 40.918947131766224 -999.0 -999.0 -999.0 210.81095677431028 40.91894713176623 210.74368191996996 40.79182242895553 57.19969736676982 64.18203415406043 5400.0 5400.0 2016.0 1 283 {-999.0 22.28356 20.885231 19.957829 -999.0} sdss_psfmag -999.0 -999.0 -999.0 -999.0 63050399378586779 1118086248 bright_1x1 openfibertargets_bhm_lofarradio_boss open_fiber science 0 0 0.0 0.0 -999 ""
FIBERMAP 1334 R-4C16 METROLOGY 0 0 0 1 0 0 99.31522206205332 -81.09058433004513 143.1 82.02508739357808 -98.52299744641002 324.66885 135.60995 -999.0 -999.0 -999.0 -999.0 -999.0 210.80706794448923 40.92068593581353 210.7398467459284 40.7935565644366 57.20256674230567 64.17872951081438 -999.0 6231.0 -999.0 -1 -999 {-999.0 -999.0 -999.0 -999.0 -999.0} "" -999.0 -999.0 -999.0 -999.0 -999 -999 "" "" "" "" 0 0 0.0 0.0 -999 ""
FIBERMAP 1335 R-7C1 APOGEE 0 0 0 1 0 0 -220.11474973790325 -150.28426660514808 143.1 -244.69480579722878 -105.55441293678659 265.48962 94.271286 -999.0 -999.0 -999.0 -999.0 -999.0 208.84877972467044 40.88572906994557 208.78600142983908 40.756111996510704 58.68260025008274 64.16372443386808 -999.0 16600.0 -999.0 2 260 {-999.0 -999.0 -999.0 -999.0 -999.0} "" -999.0 -999.0 -999.0 -999.0 -999 -999 "" ops_sky_apogee_best_unassigned ops_sky sky_apogee 0 0 0.0 0.0 -999 ""
FIBERMAP 1335 R-7C1 BOSS 1 1 0 1 0 0 -220.86160134870894 -150.2718863972902 143.1 -245.42550620589472 -105.39990868710335 265.48962 94.271286 208.84460449218747 40.886398362533804 -999.0 -999.0 -999.0 208.84460449218747 40.8863983625338 208.78166993566316 40.75677082231309 58.685850781920806 64.16219315210726 5400.0 5400.0 2015.5 1 500 {-999.0 -999.0 -999.0 -999.0 -999.0} "" -999.0 -999.0 -999.0 -999.0 27021603104359671 807156773 "" ops_sky_boss_good ops_sky sky_boss 0 0 0.0 0.0 -999 ""
FIBERMAP 1335 R-7C1 METROLOGY 0 0 0 1 0 0 -220.47500178493357 -149.63066313813547 143.1 -244.92382615000903 -104.84421366101401 265.48962 94.271286 -999.0 -999.0 -999.0 -999.0 -999.0 208.8474525452172 40.88892530504785 208.78455277212913 40.759302367202366 58.68356270920712 64.15750321025928 -999.0 6231.0 -999.0 -1 -999 {-999.0 -999.0 -999.0 -999.0 -999.0} "" -999.0 -999.0 -999.0 -999.0 -999 -999 "" "" "" "" 0 0 0.0 0.0 -999 ""
FIBERMAP 1336 R-9C8 APOGEE 0 0 0 1 0 0 -19.8334587257266 -190.48626102473708 143.1 -55.77459084970433 -183.18837927831456 12.132546 42.075382 -999.0 -999.0 -999.0 -999.0 -999.0 209.97896533047154 40.53887507576896 209.9145081871984 40.41073153248951 57.83638561798613 64.86925042779956 -999.0 16600.0 -999.0 2 173 {-999.0 -999.0 -999.0 -999.0 -999.0} "" -999.0 -999.0 -999.0 -999.0 -999 -999 "" ops_sky_apogee_best_unassigned ops_sky sky_apogee 0 0 0.0 0.0 -999 ""
FIBERMAP 1336 R-9C8 BOSS 1 1 0 1 0 0 -20.255597119077674 -191.09174089061815 143.1 -56.30434064720014 -183.7022171234292 12.132546 42.075382 209.97597766289218 40.53652825313393 -3.417225 -6.0544896 0.4086 209.97596470743966 40.53651080835053 209.91135051692603 40.40836148779796 57.83883367921592 64.87361781521622 5400.0 5400.0 2016.0 1 383 {-999.0 17.08737 16.688063 16.569689 -999.0} sdss_psfmag 16.990637 16.69531 16.225111 15.496 63050394850052925 976713847 "" ops_std_boss ops_std standard_boss 0 0 0.0 0.0 -999 ""
FIBERMAP 1336 R-9C8 METROLOGY 0 0 0 1 0 0 -20.579648697303405 -190.41894314637375 143.1 -56.494170515546344 -182.98007795737476 12.132546 42.075382 -999.0 -999.0 -999.0 -999.0 -999.0 209.9747687051962 40.53977537812272 209.91019769392585 40.41162460010436 57.83965042548983 64.86745785326491 -999.0 6231.0 -999.0 -1 -999 {-999.0 -999.0 -999.0 -999.0 -999.0} "" -999.0 -999.0 -999.0 -999.0 -999 -999 "" "" "" "" 0 0 0.0 0.0 -999 ""
FIBERMAP 1338 R-8C12 APOGEE 0 0 0 1 0 0 26.925879490962874 -150.25695252804306 143.1 -2.210864758945244 -152.61445344846797 202.07133 73.06678 -999.0 -999.0 -999.0 -999.0 -999.0 210.29923532026552 40.676824771674674 210.23378459067953 40.54907237792993 57.59099104320166 64.61879668704307 -999.0 16600.0 -999.0 2 -999 {-999.0 -999.0 -999.0 -999.0 -999.0} "" -999.0 -999.0 -999.0 -999.0 -999 -999 "" "" "" "" 0 0 0.0 0.0 -999 ""
FIBERMAP 1338 R-8C12 BOSS 1 1 0 1 0 0 26.853744710799578 -149.5334075501741 143.1 -2.1437571588518094 -151.89052042172258 202.07133 73.06678 210.29985613384767 40.680100732572065 -11.00542 -19.281164 3.0118887 210.29981432016532 40.68004517780426 210.2341840519292 40.552291293613045 57.59062717498623 64.61280250551042 5400.0 5400.0 2016.0 1 382 {-999.0 17.02848 15.642365 14.888305 -999.0} sdss_psfmag 16.463366 15.485901 14.489453 12.637 63050394850052810 936439080 bright_1x1 openfibertargets_nov2020_34a open_fiber science 0 0 0.0 0.0 -999 ""
FIBERMAP 1338 R-8C12 METROLOGY 0 0 0 1 0 0 27.530656779951315 -149.8200241457702 143.1 -1.5339752378884621 -152.30086623006625 202.07133 73.06678 -999.0 -999.0 -999.0 -999.0 -999.0 210.30341780162144 40.678193959132216 210.23783275151243 40.55044502894887 57.58788993382178 64.61634352910124 -999.0 6231.0 -999.0 -1 -999 {-999.0 -999.0 -999.0 -999.0 -999.0} "" -999.0 -999.0 -999.0 -999.0 -999 -999 "" "" "" "" 0 0 0.0 0.0 -999 ""
FIBERMAP 1339 R-4C7 APOGEE 1 1 0 1 0 0 -104.50171935512179 -84.28092721575695 143.1 -118.63622671178227 -62.806170177890145 290.91034 142.16858 209.59748184651056 41.08369402112148 -6.1032896 -17.69337 1.0722523 209.59745851600852 41.08364304126306 209.53261416929928 40.954930918344424 58.11036309935113 63.827906687252174 16000.0 16600.0 2016.0 2 259 {-999.0 12.603865 11.926038 11.664905 -999.0} sdss_psfmag_from_g3xp 12.4267645 11.953904 11.318455 10.025 63050394850068089 1105702608 bright_1x1 mwm_tess_rgb_apogee mwm_tessrgb science 0 0 0.0 0.0 -999 ""
FIBERMAP 1339 R-4C7 BOSS 0 0 0 1 0 0 -104.70593151262179 -84.99136651397026 143.1 -118.97208018927923 -63.46456679659307 290.91034 142.16858 -999.0 -999.0 -999.0 -999.0 -999.0 209.59557127465155 41.08062103739274 209.5305698233858 40.95190187408768 58.11202213362128 63.83352423210238 -999.0 5400.0 -999.0 1 460 {-999.0 -999.0 -999.0 -999.0 -999.0} "" -999.0 -999.0 -999.0 -999.0 -999 -999 "" "" "" "" 0 0 0.0 0.0 -999 ""
FIBERMAP 1339 R-4C7 METROLOGY 0 0 0 1 0 0 -105.23698300712702 -84.4606019382869 143.1 -119.39215952115714 -62.84238304698286 290.91034 142.16858 -999.0 -999.0 -999.0 -999.0 -999.0 209.59297770806705 41.083442868882535 209.52802327538814 40.9547213659219 58.113835766525284 63.8280509732387 -999.0 6231.0 -999.0 -1 -999 {-999.0 -999.0 -999.0 -999.0 -999.0} "" -999.0 -999.0 -999.0 -999.0 -999 -999 "" "" "" "" 0 0 0.0 0.0 -999 ""
FIBERMAP 1340 R+9C17 APOGEE 0 0 0 1 0 0 157.68084422114146 182.8574176969461 143.1 189.62237751125065 149.42619410120287 140.98201 117.5605 -999.0 -999.0 -999.0 -999.0 -999.0 211.47228942645944 42.04021183295222 211.40108584681502 41.91379424029096 56.67227632076271 62.15393071425365 -999.0 16600.0 -999.0 2 -999 {-999.0 -999.0 -999.0 -999.0 -999.0} "" -999.0 -999.0 -999.0 -999.0 -999 -999 "" "" "" "" 0 0 0.0 0.0 -999 ""
FIBERMAP 1340 R+9C17 BOSS 1 1 0 1 0 0 157.81147005307741 183.58538501954223 143.1 189.88934442655932 150.11582089240844 140.98201 117.5605 211.47418877608195 42.04333373114544 -9.39698 -6.0828657 0.6638003 211.4741523175868 42.043316204597 211.4027565956616 41.916895212714685 56.6709055992216 62.14838543820476 5400.0 5400.0 2016.0 1 240 {-999.0 16.603865 16.196802 15.956969 -999.0} sdss_psfmag 16.519438 16.297232 15.664972 14.669 63050394850063636 943208483 bright_1x1 openfibertargets_nov2020_46 open_fiber science 0 0 0.0 0.0 -999 ""
FIBERMAP 1340 R+9C17 METROLOGY 0 0 0 1 0 0 158.385117602149 183.1037122062556 143.1 190.36059029700832 149.5337034040811 140.98201 117.5605 -999.0 -999.0 -999.0 -999.0 -999.0 211.47691398293045 42.040642088422196 211.4055698391128 41.91422664857873 56.668924527269446 62.153395776214325 -999.0 6231.0 -999.0 -1 -999 {-999.0 -999.0 -999.0 -999.0 -999.0} "" -999.0 -999.0 -999.0 -999.0 -999 -999 "" "" "" "" 0 0 0.0 0.0 -999 ""
FIBERMAP 1341 R-6C4 APOGEE 0 0 0 1 0 0 -165.75147807301295 -97.18017845554368 143.1 -181.2135815558767 -63.792792939244656 177.95413 37.15968 -999.0 -999.0 -999.0 -999.0 -999.0 209.2219350947287 41.07723815429386 209.15792508086452 40.94805495789989 58.39339821860934 63.81913243284828 -999.0 16600.0 -999.0 2 -999 {-999.0 -999.0 -999.0 -999.0 -999.0} "" -999.0 -999.0 -999.0 -999.0 -999 -999 "" "" "" "" 0 0 0.0 0.0 -999 ""
FIBERMAP 1341 R-6C4 BOSS 1 1 0 1 0 0 -165.15782813346647 -96.73784195230806 143.1 -180.54658309703572 -63.47177655353895 177.95413 37.15968 209.2261503914206 41.07865227597124 -38.767544 18.857437 1.8557866 209.2260022093112 41.07870660975316 209.16181351135438 40.94952331494313 58.3904011442845 63.81657317101846 5400.0 5400.0 2016.0 1 453 {-999.0 18.131367 16.79213 15.99226 -999.0} sdss_psfmag 17.6011 16.589304 15.57989 13.708 63050394850068820 936439499 bright_1x1 openfibertargets_nov2020_34a open_fiber science 0 0 0.0 0.0 -999 ""
FIBERMAP 1341 R-6C4 METROLOGY 0 0 0 1 0 0 -165.07033903956034 -97.48466424769013 143.1 -180.60305666087132 -64.22148364341278 177.95413 37.15968 -999.0 -999.0 -999.0 -999.0 -999.0 209.2256884154369 41.07530617319625 209.16155530402807 40.946124111720415 58.390741304031124 63.82303680563007 -999.0 6231.0 -999.0 -1 -999 {-999.0 -999.0 -999.0 -999.0 -999.0} "" -999.0 -999.0 -999.0 -999.0 -999 -999 "" "" "" "" 0 0 0.0 0.0 -999 ""
FIBERMAP 1342 R+2C4 APOGEE 0 0 0 1 0 0 -202.47400139598062 48.5983417429473 143.1 -189.47205976582583 86.2932039276518 65.517975 141.77135 -999.0 -999.0 -999.0 -999.0 -999.0 209.16251055032384 41.757875584084076 209.0971186231277 41.628514432989384 58.4030903056472 62.51776263330936 -999.0 16600.0 -999.0 2 -999 {-999.0 -999.0 -999.0 -999.0 -999.0} "" -999.0 -999.0 -999.0 -999.0 -999 -999 "" "" "" "" 0 0 0.0 0.0 -999 ""
FIBERMAP 1342 R+2C4 BOSS 1 1 0 1 0 0 -201.8309235758276 48.94753070928428 143.1 -188.77430043228964 86.5133717193768 65.517975 141.77135 209.1668227547981 41.758946576195996 -999.0 -999.0 -999.0 209.16682275479806 41.758946576195996 209.10125098875565 41.62958274203354 58.39994051387513 62.51609799265509 5400.0 5400.0 2016.0 1 35 {-999.0 20.05522 19.21969 18.815104 -999.0} sdss_psfmag -999.0 -999.0 -999.0 15.779 63050397230208132 1118023187 bright_1x1 openfibertargets_bhm_lofarradio_boss open_fiber science 0 0 0.0 0.0 -999 ""
FIBERMAP 1342 R+2C4 METROLOGY 0 0 0 1 0 0 -201.8391974175562 48.20631382367583 143.1 -188.9237001454066 85.78741929566395 65.517975 141.77135 -999.0 -999.0 -999.0 -999.0 -999.0 209.16592012694997 41.755642224990844 209.100405371723 41.62628001472453 58.4007786074663 62.52231302053826 -999.0 6231.0 -999.0 -1 -999 {-999.0 -999.0 -999.0 -999.0 -999.0} "" -999.0 -999.0 -999.0 -999.0 -999 -999 "" "" "" "" 0 0 0.0 0.0 -999 ""
FIBERMAP 1345 R-1C16 APOGEE 0 0 0 1 0 0 64.54599638937292 -0.6432603952893956 143.1 63.23147123056773 -12.93408553875901 123.9623 43.683353 -999.0 -999.0 -999.0 -999.0 -999.0 210.69734756272675 41.310571550789255 210.6295870448173 41.18323989390274 57.27588255444478 63.454930373835964 -999.0 16600.0 -999.0 2 231 {-999.0 -999.0 -999.0 -999.0 -999.0} "" -999.0 -999.0 -999.0 -999.0 -999 -999 "" ops_sky_apogee_best_unassigned ops_sky sky_apogee 0 0 0.0 0.0 -999 ""
FIBERMAP 1345 R-1C16 BOSS 1 1 0 1 0 0 65.27884307608025 -0.8041155259726633 143.1 63.92012546747764 -13.23165355813297 123.9623 43.683353 210.7017293128794 41.30919407501507 -999.0 -999.0 -999.0 210.70172931287937 41.30919407501507 210.63378810603874 41.181864271634204 57.272765320635344 63.45765654893855 5400.0 5400.0 2016.0 1 281 {-999.0 22.604057 20.838428 19.99146 -999.0} sdss_psfmag -999.0 -999.0 -999.0 -999.0 63050399378591186 1118086249 bright_1x1 openfibertargets_bhm_lofarradio_boss open_fiber science 0 0 0.0 0.0 -999 ""
FIBERMAP 1345 R-1C16 METROLOGY 0 0 0 1 0 0 64.77827325632146 -1.3602519830437814 143.1 63.32279760639453 -13.682109860632712 123.9623 43.683353 -999.0 -999.0 -999.0 -999.0 -999.0 210.69803445111145 41.307159139572285 210.63015546608062 41.17982597313258 57.27556168698336 63.46126712361462 -999.0 6231.0 -999.0 -1 -999 {-999.0 -999.0 -999.0 -999.0 -999.0} "" -999.0 -999.0 -999.0 -999.0 -999 -999 "" "" "" "" 0 0 0.0 0.0 -999 ""
FIBERMAP 1346 R+3C6 APOGEE 0 0 0 1 0 0 -130.68623220493058 71.45754032760351 143.1 -114.65288864348403 95.04726849408254 93.60296 54.624596 -999.0 -999.0 -999.0 -999.0 -999.0 209.6157426644172 41.801547300121534 209.54923916791586 41.672748159705904 58.06320312373431 62.472739959888656 -999.0 16600.0 -999.0 2 -999 {-999.0 -999.0 -999.0 -999.0 -999.0} "" -999.0 -999.0 -999.0 -999.0 -999 -999 "" "" "" "" 0 0 0.0 0.0 -999 ""
FIBERMAP 1346 R+3C6 BOSS 1 1 0 1 0 0 -130.0637292542499 71.07498117038925 143.1 -114.1147981171498 94.55312239339275 93.60296 54.624596 209.619140625 41.79936831142048 -999.0 -999.0 -999.0 209.61914062499997 41.79936831142049 209.55246433635932 41.67056639774199 58.06092507231417 62.4771223138062 5400.0 5400.0 2015.5 1 39 {-999.0 -999.0 -999.0 -999.0 -999.0} "" -999.0 -999.0 -999.0 -999.0 27021603104389359 807160851 "" ops_sky_boss_good ops_sky sky_boss 0 0 0.0 0.0 -999 ""
FIBERMAP 1346 R+3C6 METROLOGY 0 0 0 1 0 0 -130.69698593013646 70.71151999416347 143.1 -114.80563800090566 94.31707399871252 93.60296 54.624596 -999.0 -999.0 -999.0 -999.0 -999.0 209.6149061452636 41.798261774379974 209.5482900910837 41.669456773321585 58.064102442490544 62.47887357473593 -999.0 6231.0 -999.0 -1 -999 {-999.0 -999.0 -999.0 -999.0 -999.0} "" -999.0 -999.0 -999.0 -999.0 -999 -999 "" "" "" "" 0 0 0.0 0.0 -999 ""
FIBERMAP 1349 R-5C10 APOGEE 0 0 0 1 0 0 -37.28388351373303 -103.91012180986884 143.1 -56.401043380199745 -94.88485482067158 161.4615 173.7327 -999.0 -999.0 -999.0 -999.0 -999.0 209.97327289014225 40.93873395658393 209.90793595175558 40.81052186438403 57.83168892180574 64.11828154040143 -999.0 16600.0 -999.0 2 289 {-999.0 -999.0 -999.0 -999.0 -999.0} "" -999.0 -999.0 -999.0 -999.0 -999 -999 "" ops_sky_apogee_best_unassigned ops_sky sky_apogee 0 0 0.0 0.0 -999 ""
FIBERMAP 1349 R-5C10 BOSS 1 1 0 1 0 0 -37.96818347479375 -103.58520070795244 143.1 -57.010775787576044 -94.43550368424778 161.4615 173.7327 209.9697394134184 40.94089875404182 -2.9580123 -58.126534 2.0320854 209.9697281305889 40.94073127423528 209.90422444782135 40.812510964911624 57.834437372720316 64.11438948386244 5400.0 5400.0 2016.0 1 398 {-999.0 16.849442 15.676842 15.219384 -999.0} sdss_psfmag 16.399235 15.670982 14.837195 13.173 63050394850067838 1118495290 bright_1x1 openfibertargets_mwm_snc_further_ext_boss open_fiber science 0 0 0.0 0.0 -999 ""
FIBERMAP 1349 R-5C10 METROLOGY 0 0 0 1 0 0 -37.35797693591968 -103.16432783950248 143.1 -56.33161751392162 -94.13871033076039 161.4615 173.7327 -999.0 -999.0 -999.0 -999.0 -999.0 209.9737702338635 40.94209100655675 209.90830310195997 40.81387628444099 57.831311032987415 64.11199949449724 -999.0 6231.0 -999.0 -1 -999 {-999.0 -999.0 -999.0 -999.0 -999.0} "" -999.0 -999.0 -999.0 -999.0 -999 -999 "" "" "" "" 0 0 0.0 0.0 -999 ""
FIBERMAP 1351 R-3C8 APOGEE 0 0 0 1 0 0 -115.26052953221 -47.649005393638255 143.1 -122.2141841829723 -24.800030977472094 177.45212 77.77995 -999.0 -999.0 -999.0 -999.0 -999.0 209.57413789924598 41.25636893974466 209.5089588978724 41.127600688520616 58.12111908060051 63.499898257570806 -999.0 16600.0 -999.0 2 -999 {-999.0 -999.0 -999.0 -999.0 -999.0} "" -999.0 -999.0 -999.0 -999.0 -999 -999 "" "" "" "" 0 0 0.0 0.0 -999 ""
FIBERMAP 1351 R-3C8 BOSS 1 1 0 1 0 0 -115.0817322117185 -46.920406720632734 143.1 -121.89981498431983 -24.118966156917704 177.45212 77.77995 209.57610313057248 41.259469712308835 -0.026312223 0.19677761 -0.005307879 209.5761030297208 41.25947027928357 209.5107442606343 41.130698500240285 58.119640661036435 63.494149149536504 5400.0 5400.0 2016.0 1 469 {-999.0 19.455046 19.502 19.300816 -999.0} sdss_psfmag 19.585812 19.474142 19.13365 -999.0 63050394850069016 1117015635 bright_1x1 openfibertargets_bhm_quaia_boss open_fiber science 0 0 0.0 0.0 -999 ""
FIBERMAP 1351 R-3C8 METROLOGY 0 0 0 1 0 0 -114.54350641140444 -47.442753545786985 143.1 -121.47108937445513 -24.7342550486206 177.45212 77.77995 -999.0 -999.0 -999.0 -999.0 -999.0 209.57868296358808 41.256683730068715 209.51337253584256 41.1279172145888 58.117783910332975 63.49957327472106 -999.0 6231.0 -999.0 -1 -999 {-999.0 -999.0 -999.0 -999.0 -999.0} "" -999.0 -999.0 -999.0 -999.0 -999 -999 "" "" "" "" 0 0 0.0 0.0 -999 ""
FIBERMAP 1353 R-12C3 APOGEE 0 0 0 1 0 0 -117.46507509403371 -239.77603410294273 143.1 -160.99813672299427 -212.95901476562054 183.48091 155.45499 -999.0 -999.0 -999.0 -999.0 -999.0 209.35551298778125 40.40459991394738 209.2926824028384 40.2756864322668 58.31298497234931 65.1062868210588 -999.0 16600.0 -999.0 2 -999 {-999.0 -999.0 -999.0 -999.0 -999.0} "" -999.0 -999.0 -999.0 -999.0 -999 -999 "" "" "" "" 0 0 0.0 0.0 -999 ""
FIBERMAP 1353 R-12C3 BOSS 1 1 0 1 0 0 -118.17314900359652 -239.50131347655366 143.1 -161.6407724598852 -212.55440569238957 183.48091 155.45499 209.35183830872464 40.40640463649663 -999.0 -999.0 -999.0 209.35183830872464 40.40640463649663 209.2888464533738 40.277483464001726 58.31587091250719 65.10274272203573 5400.0 5400.0 2016.0 1 350 {-999.0 23.02582 21.085001 20.419436 -999.0} sdss_psfmag -999.0 -999.0 -999.0 -999.0 63050397945131370 1118043883 bright_1x1 openfibertargets_bhm_lofarradio_boss open_fiber science 0 0 0.0 0.0 -999 ""
FIBERMAP 1353 R-12C3 METROLOGY 0 0 0 1 0 0 -117.58464760024627 -239.03958016937335 143.1 -160.97513036150457 -212.21336935753942 183.48091 155.45499 -999.0 -999.0 -999.0 -999.0 -999.0 209.35569033526573 40.40793707250509 209.29273374772754 40.279021294905284 58.31287177295831 65.09994130398496 -999.0 6231.0 -999.0 -1 -999 {-999.0 -999.0 -999.0 -999.0 -999.0} "" -999.0 -999.0 -999.0 -999.0 -999 -999 "" "" "" "" 0 0 0.0 0.0 -999 ""
FIBERMAP 1354 R+3C8 APOGEE 0 0 0 1 0 0 -113.38593534812435 62.65257387737664 143.1 -99.35032092285634 83.10739600740632 161.13368 117.140686 -999.0 -999.0 -999.0 -999.0 -999.0 209.70914809017881 41.74786220780989 209.6425588698968 41.61918956328704 57.99662933620788 62.58122469274497 -999.0 16600.0 -999.0 2 -999 {-999.0 -999.0 -999.0 -999.0 -999.0} "" -999.0 -999.0 -999.0 -999.0 -999 -999 "" "" "" "" 0 0 0.0 0.0 -999 ""
FIBERMAP 1354 R+3C8 BOSS 1 1 0 1 0 0 -113.48222333134129 63.41361467391288 143.1 -99.29977366806153 83.87273613775073 161.13368 117.140686 209.70955258972978 41.75138287432471 -999.0 -999.0 -999.0 209.70955258972975 41.751382874324705 209.6427839197261 41.622703098722695 57.996265955886784 62.57462294254334 5400.0 5400.0 2016.0 1 52 {-999.0 17.787487 17.851559 17.688795 -999.0} sdss_psfmag 17.778347 20.608109 17.043459 15.427 63050394850071217 1117968760 bright_1x1 openfibertargets_bhm_lofarradio_boss open_fiber science 0 0 0.0 0.0 -999 ""
FIBERMAP 1354 R+3C8 METROLOGY 0 0 0 1 0 0 -112.80158464342993 63.11646635892268 143.1 -98.68834132906785 83.4513427833311 161.13368 117.140686 -999.0 -999.0 -999.0 -999.0 -999.0 209.71324542159743 41.749479064391274 209.64652119570962 41.620806285888136 57.993581983685175 62.578489465417874 -999.0 6231.0 -999.0 -1 -999 {-999.0 -999.0 -999.0 -999.0 -999.0} "" -999.0 -999.0 -999.0 -999.0 -999 -999 "" "" "" "" 0 0 0.0 0.0 -999 ""
FIBERMAP 1355 R0C10 APOGEE 0 0 0 1 0 0 -105.39964853734952 1.1667455006390366 143.1 -103.23093469522232 21.234759850446544 193.68396 98.16663 -999.0 -999.0 -999.0 -999.0 -999.0 209.68723389486726 41.46636795439936 209.62133331868154 41.337710663161076 58.02708441590451 63.110308257012434 -999.0 16600.0 -999.0 2 -999 {-999.0 -999.0 -999.0 -999.0 -999.0} "" -999.0 -999.0 -999.0 -999.0 -999 -999 "" "" "" "" 0 0 0.0 0.0 -999 ""
FIBERMAP 1355 R0C10 BOSS 1 1 0 1 0 0 -105.68730997071422 1.854945368798869 143.1 -103.38211070400206 21.965080627063532 193.68396 98.16663 209.68639927184745 41.469705682119276 0.015429755 -0.7723339 0.3446278 209.68639933117927 41.469703456795884 209.62032337663373 41.34103854531098 58.02768193264603 63.1039619330029 5400.0 5400.0 2016.0 1 491 {-999.0 20.004622 19.519957 19.07887 18.70142} sdss_psfmag_from_gaiadr2 19.37775 19.685087 18.086544 15.914 63050394850069231 1057598221 bright_flexible_2x1 bhm_gua_bright bhm_filler science 0 0 0.0 0.0 -999 ""
FIBERMAP 1355 R0C10 METROLOGY 0 0 0 1 0 0 -104.93872630249265 1.7534419075875807 143.1 -102.66669744142642 21.72276875271193 193.68396 98.16663 -999.0 -999.0 -999.0 -999.0 -999.0 209.6907080141803 41.468616417482586 209.62467312396473 41.33995879923691 58.024471819456465 63.106294969374005 -999.0 6231.0 -999.0 -1 -999 {-999.0 -999.0 -999.0 -999.0 -999.0} "" -999.0 -999.0 -999.0 -999.0 -999 -999 "" "" "" "" 0 0 0.0 0.0 -999 ""
FIBERMAP 1356 R+8C9 APOGEE 0 0 0 1 0 0 -11.789146554274136 174.50396155490398 143.1 21.689649076946782 173.52859624805455 143.38869 9.430866 -999.0 -999.0 -999.0 -999.0 -999.0 210.44883886689357 42.1586734142742 210.3796384317145 42.03088682478522 57.42496857233883 61.869893940672796 -999.0 16600.0 -999.0 2 -999 {-999.0 -999.0 -999.0 -999.0 -999.0} "" -999.0 -999.0 -999.0 -999.0 -999 -999 "" "" "" "" 0 0 0.0 0.0 -999 ""
FIBERMAP 1356 R+8C9 BOSS 1 1 0 1 0 0 -11.100793138106788 174.14707769461043 143.1 22.2972678686346 173.04709997958264 143.38869 9.430866 210.45305775726868 42.15669300415464 -81.173706 -50.63538 13.064978 210.4527422558567 42.15654710815512 210.38336082199788 42.02876147670446 57.422330192260134 61.874129678685925 5400.0 5400.0 2016.0 1 123 {-999.0 17.52645 16.172354 14.729236 -999.0} sdss_psfmag_ps1 16.928213 15.371715 14.164731 11.943 63050394850070897 1151086198 bright_1x1 mwm_snc_100pc_boss_single mwm_snc science 0 0 0.0 0.0 -999 ""
FIBERMAP 1356 R+8C9 METROLOGY 0 0 0 1 0 0 -11.745115828395729 173.75916408196895 143.1 21.590905593299063 172.78915991428502 143.38869 9.430866 -999.0 -999.0 -999.0 -999.0 -999.0 210.44835605064628 42.15538628484808 210.37903881684417 42.02759420894392 57.42560234837022 61.875951899149584 -999.0 6231.0 -999.0 -1 -999 {-999.0 -999.0 -999.0 -999.0 -999.0} "" -999.0 -999.0 -999.0 -999.0 -999 -999 "" "" "" "" 0 0 0.0 0.0 -999 ""
FIBERMAP 1357 R+3C5 APOGEE 1 1 0 1 0 0 -177.8050210895823 62.50647304772033 143.1 -162.60768020441378 95.24250716503711 129.52394 139.22784 209.32449385238905 41.8001947965318 19.133705 -27.63854 3.4868236 209.32456780512004 41.800115161665225 209.25871775670245 41.67095071634254 58.27992820128293 62.451416427111404 16000.0 16600.0 2016.0 2 148 {-999.0 11.047517 10.66069 10.52749 -999.0} sdss_psfmag_from_g3xp 10.976996 10.672434 10.198037 9.398 63050394850073013 1094030000 bright_1x1 mwm_bin_vis_apogee mwm_filler science 0 0 0.0 0.0 -999 ""
FIBERMAP 1357 R+3C5 BOSS 0 0 0 1 0 0 -177.79584294979497 63.25365736735875 143.1 -162.45625547734238 95.97414446459888 129.52394 139.22784 -999.0 -999.0 -999.0 -999.0 -999.0 209.32556254776483 41.80347479438903 209.25953451228168 41.67430244597959 58.27911159607251 62.44512575802179 -999.0 5400.0 -999.0 1 40 {-999.0 -999.0 -999.0 -999.0 -999.0} "" -999.0 -999.0 -999.0 -999.0 -999 -999 "" "" "" "" 0 0 0.0 0.0 -999 ""
FIBERMAP 1357 R+3C5 METROLOGY 0 0 0 1 0 0 -177.15638491778427 62.873472135235716 143.1 -161.90107048626786 95.47909675099365 129.52394 139.22784 -999.0 -999.0 -999.0 -999.0 -999.0 209.32890971946708 41.801256250230416 209.262927011868 41.67209065987273 58.276719480838175 62.4496228016701 -999.0 6231.0 -999.0 -1 -999 {-999.0 -999.0 -999.0 -999.0 -999.0} "" -999.0 -999.0 -999.0 -999.0 -999 -999 "" "" "" "" 0 0 0.0 0.0 -999 ""
FIBERMAP 1358 R-3C14 APOGEE 0 0 0 1 0 0 38.355980127442216 -45.099275693052235 143.1 29.051604668431075 -51.577255305044176 77.85072 108.84733 -999.0 -999.0 -999.0 -999.0 -999.0 210.48922745309744 41.13533766626561 210.4223248519056 41.00776131088341 57.437303472649766 63.77135982156017 -999.0 16600.0 -999.0 2 215 {-999.0 -999.0 -999.0 -999.0 -999.0} "" -999.0 -999.0 -999.0 -999.0 -999 -999 "" ops_sky_apogee_best_unassigned ops_sky sky_apogee 0 0 0.0 0.0 -999 ""
FIBERMAP 1358 R-3C14 BOSS 1 1 0 1 0 0 39.095527964088916 -44.99809424622523 143.1 29.79678144366137 -51.61890282275964 77.85072 108.84733 210.4939270019531 41.135111468402904 -999.0 -999.0 -999.0 210.4939270019531 41.135111468402904 210.42684190394166 41.00753748351374 57.433902722833466 63.77195922155707 5400.0 5400.0 2015.5 1 264 {-999.0 -999.0 -999.0 -999.0 -999.0} "" -999.0 -999.0 -999.0 -999.0 27021603104374242 807158884 "" ops_sky_boss_good ops_sky sky_boss 0 0 0.0 0.0 -999 ""
FIBERMAP 1358 R-3C14 METROLOGY 0 0 0 1 0 0 38.81713219818868 -45.69120901862075 143.1 29.391416363093533 -52.246155165386035 77.85072 108.84733 -999.0 -999.0 -999.0 -999.0 -999.0 210.49140715494906 41.132266576587796 210.42438305961218 41.00469082613296 57.435839929735764 63.77714582639811 -999.0 6231.0 -999.0 -1 -999 {-999.0 -999.0 -999.0 -999.0 -999.0} "" -999.0 -999.0 -999.0 -999.0 -999 -999 "" "" "" "" 0 0 0.0 0.0 -999 ""
FIBERMAP 1359 R-7C12 APOGEE 1 1 0 1 0 0 26.26176793328726 -121.35843313392478 143.1 2.6454510916311498 -124.12299693845708 140.33833 91.36555 210.32869318845525 40.805902306566956 -2.9211586 -6.0644603 0.09169263 210.3286820688692 40.80588483305529 210.2628770744264 40.678150754332 57.56628813703298 64.37892897871302 16000.0 16600.0 2016.0 2 161 {-999.0 14.159358 13.24025 12.862181 -999.0} sdss_psfmag_from_g3xp 13.868844 13.254136 12.503909 10.847 63050394850053065 1104941183 bright_flexible_2x1 mwm_tess_rgb_apogee mwm_tessrgb science 0 0 0.0 0.0 -999 ""
FIBERMAP 1359 R-7C12 BOSS 0 0 0 1 0 0 26.721361134247747 -120.788624922915 143.1 3.205164901596601 -123.65131105309035 140.33833 91.36555 -999.0 -999.0 -999.0 -999.0 -999.0 210.33222534915842 40.807967787027934 210.2662369365206 40.680235108635024 57.563695030008475 64.37514785777586 -999.0 5400.0 -999.0 1 381 {-999.0 -999.0 -999.0 -999.0 -999.0} "" -999.0 -999.0 -999.0 -999.0 -999 -999 "" "" "" "" 0 0 0.0 0.0 -999 ""
FIBERMAP 1359 R-7C12 METROLOGY 0 0 0 1 0 0 26.999031667308508 -121.47149860269315 143.1 3.3475496947845405 -124.37449969337821 140.33833 91.36555 -999.0 -999.0 -999.0 -999.0 -999.0 210.3330236148129 40.80469537694311 210.2670893772754 40.676965051387995 57.563120289070774 64.38126946976865 -999.0 6231.0 -999.0 -1 -999 {-999.0 -999.0 -999.0 -999.0 -999.0} "" -999.0 -999.0 -999.0 -999.0 -999 -999 "" "" "" "" 0 0 0.0 0.0 -999 ""
FIBERMAP 1362 R-12C4 APOGEE 0 0 0 1 0 0 -77.70842169591705 -238.31367911744903 143.1 -121.69690623596964 -219.10142786188416 337.26392 116.95182 -999.0 -999.0 -999.0 -999.0 -999.0 209.58853111287456 40.37729300245368 209.52526255690282 40.24867724159141 58.13609249482188 65.16444593217682 -999.0 16600.0 -999.0 2 -999 {-999.0 -999.0 -999.0 -999.0 -999.0} "" -999.0 -999.0 -999.0 -999.0 -999 -999 "" "" "" "" 0 0 0.0 0.0 -999 ""
FIBERMAP 1362 R-12C4 BOSS 1 1 0 1 0 0 -77.64900035774342 -239.06253657174625 143.1 -121.78131716033296 -219.84778271187233 337.26392 116.95182 209.58820785083498 40.3739372793154 8.572737 -1.2245606 2.62936 209.58824027342337 40.37393375098805 209.524812972948 40.245316377175975 58.136498168097994 65.17079919643677 5400.0 5400.0 2016.0 1 351 {-999.0 20.674482 19.327896 17.813936 -999.0} sdss_psfmag 20.13748 18.530397 17.292233 14.922 63050394850066880 1096108172 bright_1x1 mwm_bin_vis_boss mwm_filler science 0 0 0.0 0.0 -999 ""
FIBERMAP 1362 R-12C4 METROLOGY 0 0 0 1 0 0 -78.32319953704636 -238.73642039360757 143.1 -122.38090752279645 -219.3991838137653 337.26392 116.95182 -999.0 -999.0 -999.0 -999.0 -999.0 209.58461091378746 40.37594529206826 209.5212344925393 40.24732308047235 58.13919168521929 65.16690201164334 -999.0 6231.0 -999.0 -1 -999 {-999.0 -999.0 -999.0 -999.0 -999.0} "" -999.0 -999.0 -999.0 -999.0 -999 -999 "" "" "" "" 0 0 0.0 0.0 -999 ""
FIBERMAP 1363 R-6C13 APOGEE 0 0 0 1 0 0 52.728492856424154 -132.9009137152461 143.1 26.423397820012838 -140.49698697041205 332.82443 75.15276 -999.0 -999.0 -999.0 -999.0 -999.0 210.47118714975156 40.731403887244454 210.40524457595632 40.603866210777774 57.4597710893214 64.52124137755163 -999.0 16600.0 -999.0 2 -999 {-999.0 -999.0 -999.0 -999.0 -999.0} "" -999.0 -999.0 -999.0 -999.0 -999 -999 "" "" "" "" 0 0 0.0 0.0 -999 ""
FIBERMAP 1363 R-6C13 BOSS 1 1 0 1 0 0 52.23761714141952 -133.4564936601719 143.1 25.835691123950134 -140.94874476934365 332.82443 75.15276 210.46783447265625 40.72931141412891 -999.0 -999.0 -999.0 210.46783447265622 40.72931141412891 210.40173222162838 40.60176732756734 57.46247555320266 64.52505269783575 5400.0 5400.0 2015.5 1 380 {-999.0 -999.0 -999.0 -999.0 -999.0} "" -999.0 -999.0 -999.0 -999.0 27021603104372068 807158529 "" ops_sky_boss_good ops_sky sky_boss 0 0 0.0 0.0 -999 ""
FIBERMAP 1363 R-6C13 METROLOGY 0 0 0 1 0 0 51.99705346396445 -132.75374579866792 143.1 25.733516056795036 -140.21312165016155 332.82443 75.15276 -999.0 -999.0 -999.0 -999.0 -999.0 210.4671886443688 40.7326546520613 210.401128845396 40.60510987363331 57.462872619347685 64.51882353892051 -999.0 6231.0 -999.0 -1 -999 {-999.0 -999.0 -999.0 -999.0 -999.0} "" -999.0 -999.0 -999.0 -999.0 -999 -999 "" "" "" "" 0 0 0.0 0.0 -999 ""
FIBERMAP 1364 R+13C6 APOGEE 0 0 0 1 0 0 -27.475546401972714 260.5722304232921 143.1 22.697844750462835 260.99739915460594 32.36177 136.70195 -999.0 -999.0 -999.0 -999.0 -999.0 210.45625499847674 42.55123782940584 210.38610100964127 42.423400233682 57.395552684753696 61.1431462777403 -999.0 16600.0 -999.0 2 105 {-999.0 -999.0 -999.0 -999.0 -999.0} "" -999.0 -999.0 -999.0 -999.0 -999 -999 "" ops_sky_apogee_best_unassigned ops_sky sky_apogee 0 0 0.0 0.0 -999 ""
FIBERMAP 1364 R+13C6 BOSS 1 1 0 1 0 0 -26.75252962342727 260.4192336057488 143.1 23.378348423282734 260.7094179519793 32.36177 136.70195 210.46063234737667 42.55002503629941 -5.974549 -22.846441 1.1154064 210.46060898002153 42.5499592089146 210.39027139848582 42.42211884385622 57.392568439086354 61.145907361739155 5400.0 5400.0 2016.0 1 84 {-999.0 19.101349 17.906511 17.420649 -999.0} sdss_psfmag 18.67356 17.9064 17.045053 15.386 63050394850078877 936439787 bright_1x1 openfibertargets_nov2020_34a open_fiber science 0 0 0.0 0.0 -999 ""
FIBERMAP 1364 R+13C6 METROLOGY 0 0 0 1 0 0 -27.236289538569626 259.8616937827977 143.1 22.797252565568098 260.25438016890575 32.36177 136.70195 -999.0 -999.0 -999.0 -999.0 -999.0 210.45698399594772 42.54793869231171 210.38670975115258 42.420096189953355 57.395329089364296 61.1493205983287 -999.0 6231.0 -999.0 -1 -999 {-999.0 -999.0 -999.0 -999.0 -999.0} "" -999.0 -999.0 -999.0 -999.0 -999 -999 "" "" "" "" 0 0 0.0 0.0 -999 ""
FIBERMAP 1365 R+12C3 APOGEE 0 0 0 1 0 0 -126.32107566391957 232.36594297631237 143.1 -79.69860798780908 252.15229431111567 188.49078 109.647606 -999.0 -999.0 -999.0 -999.0 -999.0 209.8276314125637 42.510923781889296 209.75900599988518 42.38228443355038 57.86036803094355 61.15778073081742 -999.0 16600.0 -999.0 2 -999 {-999.0 -999.0 -999.0 -999.0 -999.0} "" -999.0 -999.0 -999.0 -999.0 -999 -999 "" "" "" "" 0 0 0.0 0.0 -999 ""
FIBERMAP 1365 R+12C3 BOSS 1 1 0 1 0 0 -126.68557025526746 233.01285838287058 143.1 -79.93306731021848 252.85673767380854 188.49078 109.647606 209.82657275162762 42.514001319571506 -52.42263 24.738096 1.6108863 209.8263678366435 42.51407259719119 209.75756442440564 42.38542186821869 57.86119366757539 61.15174913277226 5400.0 5400.0 2016.0 1 94 {-999.0 19.231386 17.877708 17.116928 -999.0} sdss_psfmag 18.721605 17.702425 16.710737 14.781 63050394850075500 1072729127 bright_1x1 mwm_halo_local_high_boss_single mwm_halo science 0 0 0.0 0.0 -999 ""
FIBERMAP 1365 R+12C3 METROLOGY 0 0 0 1 0 0 -125.94035405665159 233.00759166389076 143.1 -79.2026162568661 252.7095272696685 188.49078 109.647606 -999.0 -999.0 -999.0 -999.0 -999.0 209.83079539035384 42.513439177458125 209.76203268893858 42.384796548175096 57.857949722510305 61.15338824850397 -999.0 6231.0 -999.0 -1 -999 {-999.0 -999.0 -999.0 -999.0 -999.0} "" -999.0 -999.0 -999.0 -999.0 -999 -999 "" "" "" "" 0 0 0.0 0.0 -999 ""
FIBERMAP 1369 R-1C18 APOGEE 1 1 0 1 0 0 99.28269045556978 -35.567909997438356 143.1 90.6699452495273 -53.8347519313366 286.81363 93.47911 210.86139563127742 41.12356482349145 -4.0574183 3.9387822 0.9304415 210.86138011191125 41.12357617229174 210.79369698667782 40.99648899991719 57.15743476608307 63.80604706798355 16000.0 16600.0 2016.0 2 217 {-999.0 11.179602 10.127459 9.732524 -999.0} sdss_psfmag_from_g3xp 10.819317 10.154466 9.373142 7.671 63050394850055235 1104121655 bright_1x1 mwm_tess_rgb_apogee mwm_tessrgb science 0 0 0.0 0.0 -999 ""
FIBERMAP 1369 R-1C18 BOSS 0 0 0 1 0 0 98.58278828481683 -35.801453641474296 143.1 89.9384533162087 -53.930578997302455 286.81363 93.47911 -999.0 -999.0 -999.0 -999.0 -999.0 210.85719350353173 41.12314089720416 210.78934600269133 40.996044858248624 57.16072851649215 63.806718650889025 -999.0 5400.0 -999.0 1 295 {-999.0 -999.0 -999.0 -999.0 -999.0} "" -999.0 -999.0 -999.0 -999.0 -999 -999 "" "" "" "" 0 0 0.0 0.0 -999 ""
FIBERMAP 1369 R-1C18 METROLOGY 0 0 0 1 0 0 98.71662258918425 -35.06702864072533 143.1 90.20980031289618 -53.23522532314493 286.81363 93.47911 -999.0 -999.0 -999.0 -999.0 -999.0 210.85880784604774 41.1262995080789 210.79099898409322 40.999206009125274 57.15940433193447 63.800947188220164 -999.0 6231.0 -999.0 -1 -999 {-999.0 -999.0 -999.0 -999.0 -999.0} "" -999.0 -999.0 -999.0 -999.0 -999 -999 "" "" "" "" 0 0 0.0 0.0 -999 ""
FIBERMAP 1370 R0C23 APOGEE 1 1 0 1 0 0 196.7363773753085 12.592100259464711 143.1 195.50351041147638 -25.13910286693552 114.77854 114.08278 211.49427052787644 41.2490164576598 -13.167512 -27.5099 2.0004442 211.49422006646833 41.24893719345922 211.42487115528442 41.12267238085512 56.67882721554595 63.59430088357709 16000.0 16600.0 2016.0 2 89 {-999.0 12.571214 12.076058 11.90777 -999.0} sdss_psfmag_from_g3xp 12.468468 12.103283 11.572331 10.549 63050394850061713 1113899900 bright_1x1 openfibertargets_mwm_subgiant_nataf24_apogee open_fiber science 0 0 0.0 0.0 -999 ""
FIBERMAP 1370 R0C23 BOSS 0 0 0 1 0 0 197.3028626846229 13.062692488714772 143.1 196.14923151181065 -24.785174852090602 114.77854 114.08278 -999.0 -999.0 -999.0 -999.0 -999.0 211.49836760186932 41.25049729440802 211.42882805897693 41.124234639777946 56.67581565372952 63.591566928218754 -999.0 5400.0 -999.0 1 245 {-999.0 -999.0 -999.0 -999.0 -999.0} "" -999.0 -999.0 -999.0 -999.0 -999 -999 "" "" "" "" 0 0 0.0 0.0 -999 ""
FIBERMAP 1370 R0C23 METROLOGY 0 0 0 1 0 0 197.43648081440227 12.32163005679305 143.1 196.13913300831734 -25.53802080458654 114.77854 114.08278 -999.0 -999.0 -999.0 -999.0 -999.0 211.4981688625222 41.24708242852844 211.42868837564822 41.120820811762265 56.67598945269245 63.5977758544247 -999.0 6231.0 -999.0 -1 -999 {-999.0 -999.0 -999.0 -999.0 -999.0} "" -999.0 -999.0 -999.0 -999.0 -999 -999 "" "" "" "" 0 0 0.0 0.0 -999 ""
FIBERMAP 1372 R-11C10 APOGEE 0 0 0 1 0 0 37.14719491529404 -197.69767932942625 143.1 -1.2206744520933348 -201.12735192195368 99.873985 92.09728 -999.0 -999.0 -999.0 -999.0 -999.0 210.30471575365752 40.45784852397785 210.2397441766376 40.33013684389704 57.589887570943354 65.0273662214039 -999.0 16600.0 -999.0 2 157 {-999.0 -999.0 -999.0 -999.0 -999.0} "" -999.0 -999.0 -999.0 -999.0 -999 -999 "" ops_sky_apogee_best_unassigned ops_sky sky_apogee 0 0 0.0 0.0 -999 ""
FIBERMAP 1372 R-11C10 BOSS 1 1 0 1 0 0 37.877329227207724 -197.54116761186145 143.1 -0.4741912172619723 -201.1128966547911 99.873985 92.09728 210.3093386481613 40.457860323461475 -999.0 -999.0 -999.0 210.3093386481613 40.45786032346148 210.24418709314247 40.33015299485402 57.58650066547825 65.02741574701147 5400.0 5400.0 2016.0 1 362 {-999.0 20.366722 18.78333 18.28342 -999.0} sdss_psfmag 19.42075 20.376404 17.544699 15.126 63050394850052593 1117968608 bright_1x1 openfibertargets_bhm_lofarradio_boss open_fiber science 0 0 0.0 0.0 -999 ""
FIBERMAP 1372 R-11C10 METROLOGY 0 0 0 1 0 0 37.65604065000894 -198.25201115366352 143.1 -0.8268828286927838 -201.76843522401214 99.873985 92.09728 -999.0 -999.0 -999.0 -999.0 -999.0 210.3071803327851 40.45492215067735 210.24208816739042 40.327212946477225 57.58813755910997 65.0328628694914 -999.0 6231.0 -999.0 -1 -999 {-999.0 -999.0 -999.0 -999.0 -999.0} "" -999.0 -999.0 -999.0 -999.0 -999 -999 "" "" "" "" 0 0 0.0 0.0 -999 ""
FIBERMAP 1373 R-9C2 APOGEE 0 0 0 1 0 0 -181.88105758026026 -164.56022580503378 143.1 -209.8881937088241 -126.85423182751406 172.92717 84.70494 -999.0 -999.0 -999.0 -999.0 -999.0 209.05714371608533 40.79088335145343 208.99411817795567 40.661538560547534 58.52867841029026 64.35703245726313 -999.0 16600.0 -999.0 2 -999 {-999.0 -999.0 -999.0 -999.0 -999.0} "" -999.0 -999.0 -999.0 -999.0 -999 -999 "" "" "" "" 0 0 0.0 0.0 -999 ""
FIBERMAP 1373 R-9C2 BOSS 1 1 0 1 0 0 -181.74014557173675 -163.84049996810086 143.1 -209.61270142061883 -126.17465491628568 172.92717 84.70494 209.058837890625 40.793949254100234 -999.0 -999.0 -999.0 209.05883789062497 40.793949254100234 208.99563729569036 40.66460150770127 58.5274144172942 64.35125062255585 5400.0 5400.0 2015.5 1 490 {-999.0 -999.0 -999.0 -999.0 -999.0} "" -999.0 -999.0 -999.0 -999.0 27021603104386511 817514501 "" ops_sky_boss_good ops_sky sky_boss 0 0 0.0 0.0 -999 ""
FIBERMAP 1373 R-9C2 METROLOGY 0 0 0 1 0 0 -181.17070281332718 -164.33206339444155 143.1 -209.14746788158297 -126.76567892739563 172.92717 84.70494 -999.0 -999.0 -999.0 -999.0 -999.0 209.06161894246193 40.79129836698391 208.99846476065363 40.66195578939889 58.525368148885036 64.35646530630254 -999.0 6231.0 -999.0 -1 -999 {-999.0 -999.0 -999.0 -999.0 -999.0} "" -999.0 -999.0 -999.0 -999.0 -999 -999 "" "" "" "" 0 0 0.0 0.0 -999 ""
FIBERMAP 1374 R-5C8 APOGEE 0 0 0 1 0 0 -67.41959001944505 -96.58884879824521 143.1 -84.58479730040827 -81.95480147081913 347.29092 132.4685 -999.0 -999.0 -999.0 -999.0 -999.0 209.80322935784324 40.99722903540618 209.7381301912328 40.86879092285123 57.95824621991905 64.00105139172848 -999.0 16600.0 -999.0 2 -999 {-999.0 -999.0 -999.0 -999.0 -999.0} "" -999.0 -999.0 -999.0 -999.0 -999 -999 "" "" "" "" 0 0 0.0 0.0 -999 ""
FIBERMAP 1374 R-5C8 BOSS 1 1 0 1 0 0 -67.03947387902087 -97.23340477334733 143.1 -84.33455518281853 -82.65990649628101 347.29092 132.4685 209.80487840200738 40.9939947657306 -999.0 -999.0 -999.0 209.80487840200735 40.9939947657306 209.73961392547469 40.86555498206207 57.957232944972326 64.00721794990989 5400.0 5400.0 2016.0 1 463 {-999.0 20.520563 19.1323 18.577728 -999.0} sdss_psfmag 19.628248 21.190283 17.824268 15.284 63050394850067939 1117968747 bright_1x1 openfibertargets_bhm_lofarradio_boss open_fiber science 0 0 0.0 0.0 -999 ""
FIBERMAP 1374 R-5C8 METROLOGY 0 0 0 1 0 0 -67.78800460831687 -97.23764204051753 143.1 -85.0700710547884 -82.5213928143563 347.29092 132.4685 -999.0 -999.0 -999.0 -999.0 -999.0 209.80040633140027 40.99462047356503 209.73519807758692 40.866176104197805 57.96054980116701 64.00583757847613 -999.0 6231.0 -999.0 -1 -999 {-999.0 -999.0 -999.0 -999.0 -999.0} "" -999.0 -999.0 -999.0 -999.0 -999 -999 "" "" "" "" 0 0 0.0 0.0 -999 ""
FIBERMAP 1376 R+4C13 APOGEE 0 0 0 1 0 0 35.01434526451708 91.36001358434991 143.1 51.78131814301337 82.99908134825093 88.159874 68.94131 -999.0 -999.0 -999.0 -999.0 -999.0 210.63090014313843 41.74758448698979 210.56226417456628 41.62009847726627 57.30989525064163 62.64349866308078 -999.0 16600.0 -999.0 2 -999 {-999.0 -999.0 -999.0 -999.0 -999.0} "" -999.0 -999.0 -999.0 -999.0 -999 -999 "" "" "" "" 0 0 0.0 0.0 -999 ""
FIBERMAP 1376 R+4C13 BOSS 1 1 0 1 0 0 35.69974283523167 91.08884567465999 143.1 52.40237344702921 82.60228158002006 88.159874 68.94131 210.6350700144451 41.74584411965742 -46.974617 -13.422327 14.305528 210.63488860885323 41.74580544580426 210.5660708043476 41.618322495701435 57.30713030154554 62.647015204955096 5400.0 5400.0 2016.0 1 107 {-999.0 18.233747 16.705366 15.127141 -999.0} sdss_psfmag 17.645441 15.868932 14.596949 12.165 63050394850070360 1132535290 bright_2x1 mwm_snc_100pc_boss mwm_snc science 0 0 0.0 0.0 -999 ""
FIBERMAP 1376 R+4C13 METROLOGY 0 0 0 1 0 0 35.11973716377785 90.62139695301671 143.1 51.743980817948476 82.25401605485818 88.159874 68.94131 -999.0 -999.0 -999.0 -999.0 -999.0 210.63080525573764 41.74423498619961 210.56205186242107 41.616745245406506 57.31020120730703 62.649688367993065 -999.0 6231.0 -999.0 -1 -999 {-999.0 -999.0 -999.0 -999.0 -999.0} "" -999.0 -999.0 -999.0 -999.0 -999 -999 "" "" "" "" 0 0 0.0 0.0 -999 ""
FIBERMAP 1378 R-3C2 APOGEE 0 0 0 1 0 0 -234.81214311862576 -73.08482556227374 143.1 -244.40629793761664 -26.97917283070439 284.03357 104.46569 -999.0 -999.0 -999.0 -999.0 -999.0 208.84166176927525 41.24094564965528 208.7781270882815 41.11126579830655 58.671833596418146 63.48076606264664 -999.0 16600.0 -999.0 2 -999 {-999.0 -999.0 -999.0 -999.0 -999.0} "" -999.0 -999.0 -999.0 -999.0 -999 -999 "" "" "" "" 0 0 0.0 0.0 -999 ""
FIBERMAP 1378 R-3C2 BOSS 1 1 0 1 0 0 -235.46280347994545 -73.46142297770265 143.1 -245.11672394276744 -27.224797682267127 284.03357 104.46569 208.83759796824896 41.23979321904101 -999.0 -999.0 -999.0 208.83759796824893 41.23979321904101 208.77390998216686 41.11010204688313 58.67506732708031 63.48268243856801 5400.0 5400.0 2016.0 1 436 {-999.0 19.891447 19.035847 18.58126 -999.0} sdss_psfmag 19.284777 22.035494 18.037184 15.837 63050394850072229 1117968937 bright_1x1 openfibertargets_bhm_lofarradio_boss open_fiber science 0 0 0.0 0.0 -999 ""
FIBERMAP 1378 R-3C2 METROLOGY 0 0 0 1 0 0 -235.45743701962238 -72.71031553323797 143.1 -244.96829274605392 -26.488583182881527 284.03357 104.46569 -999.0 -999.0 -999.0 -999.0 -999.0 208.83836620136776 41.24313405866102 208.77471592023664 41.11344515582399 58.674286310597765 63.47632189714659 -999.0 6231.0 -999.0 -1 -999 {-999.0 -999.0 -999.0 -999.0 -999.0} "" -999.0 -999.0 -999.0 -999.0 -999 -999 "" "" "" "" 0 0 0.0 0.0 -999 ""
FIBERMAP 1381 R-7C10 APOGEE 0 0 0 1 0 0 1.0003672969660542 -137.90032911678608 143.1 -25.302414274585228 -135.54451181842015 348.33075 121.25111 -999.0 -999.0 -999.0 -999.0 -999.0 210.16074319698126 40.75425112910862 210.09541580465202 40.62630805461108 57.694456815303646 64.47047087700128 -999.0 16600.0 -999.0 2 170 {-999.0 -999.0 -999.0 -999.0 -999.0} "" -999.0 -999.0 -999.0 -999.0 -999 -999 "" ops_sky_apogee_best_unassigned ops_sky sky_apogee 0 0 0.0 0.0 -999 ""
FIBERMAP 1381 R-7C10 BOSS 1 1 0 1 0 0 1.2440985461937488 -138.60327271587147 143.1 -25.19716743687869 -136.28093081146028 348.33075 121.25111 210.16164641475237 40.75079611288144 -29.189617 22.276625 2.669957 210.16153539451528 40.750860298399864 210.09604341378355 40.62291648926053 57.69405662877211 64.47683532098067 5400.0 5400.0 2016.0 1 385 {-999.0 16.260027 15.157209 14.754137 -999.0} sdss_psfmag 15.865806 15.178005 14.377475 12.783 63050394850053109 1122450099 bright_1x1 openfibertargets_mwm_snc_further_ext_boss open_fiber science 0 0 0.0 0.0 -999 ""
FIBERMAP 1381 R-7C10 METROLOGY 0 0 0 1 0 0 0.5112581528254108 -138.47126090266045 143.1 -25.891313138785726 -136.01167468347683 348.33075 121.25111 -999.0 -999.0 -999.0 -999.0 -999.0 210.15732067835825 40.75209240438323 210.09188360420796 40.62414317475904 57.69718566183708 64.47440809349712 -999.0 6231.0 -999.0 -1 -999 {-999.0 -999.0 -999.0 -999.0 -999.0} "" -999.0 -999.0 -999.0 -999.0 -999 -999 "" "" "" "" 0 0 0.0 0.0 -999 ""
FIBERMAP 1382 R+4C14 APOGEE 0 0 0 1 0 0 48.65895919307858 56.44092935930577 143.1 58.518262751441476 46.12410541234578 347.13815 32.961674 -999.0 -999.0 -999.0 -999.0 -999.0 210.67081895820155 41.57963572283259 210.6024889787651 41.452227824615555 57.28677309817209 62.956262081815396 -999.0 16600.0 -999.0 2 -999 {-999.0 -999.0 -999.0 -999.0 -999.0} "" -999.0 -999.0 -999.0 -999.0 -999 -999 "" "" "" "" 0 0 0.0 0.0 -999 ""
FIBERMAP 1382 R+4C14 BOSS 1 1 0 1 0 0 47.961416732919005 56.158762945471075 143.1 57.77981927560151 45.98010368343764 347.13815 32.961674 210.66648517167138 41.57908559502194 13.651889 -19.197496 0.5679038 210.66653775588077 41.579030281321344 210.5980436567815 41.45161189466877 57.290126375059785 62.957160743318106 5400.0 5400.0 2016.0 1 158 {-999.0 15.302825 14.900336 14.759605 -999.0} sdss_psfmag_from_g3xp 15.231085 14.915132 14.426455 13.574 63050394850070261 1072521360 bright_1x1 mwm_halo_local_high_boss_single mwm_halo science 0 0 0.0 0.0 -999 ""
FIBERMAP 1382 R+4C14 METROLOGY 0 0 0 1 0 0 48.077156336630175 56.908013309726115 143.1 58.03623148012958 46.69345786973826 347.13815 32.961674 -999.0 -999.0 -999.0 -999.0 -999.0 210.6680636883035 41.58226456497873 210.59960829403667 41.454848985764386 57.288828290671795 62.95125973803431 -999.0 6231.0 -999.0 -1 -999 {-999.0 -999.0 -999.0 -999.0 -999.0} "" -999.0 -999.0 -999.0 -999.0 -999 -999 "" "" "" "" 0 0 0.0 0.0 -999 ""
FIBERMAP 1383 R-9C6 APOGEE 0 0 0 1 0 0 -85.6904520673792 -181.75519481022548 143.1 -118.7512844800918 -162.06595789220273 194.19931 143.75977 -999.0 -999.0 -999.0 -999.0 -999.0 209.60219239968973 40.633826405723624 209.5383333237462 40.50518875794176 58.12044552059057 64.67918354581866 -999.0 16600.0 -999.0 2 165 {-999.0 -999.0 -999.0 -999.0 -999.0} "" -999.0 -999.0 -999.0 -999.0 -999 -999 "" ops_sky_apogee_best_unassigned ops_sky sky_apogee 0 0 0.0 0.0 -999 ""
FIBERMAP 1383 R-9C6 BOSS 1 1 0 1 0 0 -86.38330568300178 -181.49212264714188 143.1 -119.38120122342238 -161.67568322362982 194.19931 143.75977 209.59854125976562 40.63554428367912 -999.0 -999.0 -999.0 209.59854125976562 40.63554428367912 209.5345192440818 40.506898477943594 58.12330049546587 64.67580577202637 5400.0 5400.0 2015.5 1 402 {-999.0 -999.0 -999.0 -999.0 -999.0} "" -999.0 -999.0 -999.0 -999.0 27021603104385441 807160467 "" ops_sky_boss_good ops_sky sky_boss 0 0 0.0 0.0 -999 ""
FIBERMAP 1383 R-9C6 METROLOGY 0 0 0 1 0 0 -85.80650929122334 -181.01813489523366 143.1 -118.7247122477547 -161.3203877185707 194.19931 143.75977 -999.0 -999.0 -999.0 -999.0 -999.0 209.60239383008985 40.63716180353307 209.53840730294394 40.508521552248524 58.12030344582612 64.67287790265624 -999.0 6231.0 -999.0 -1 -999 {-999.0 -999.0 -999.0 -999.0 -999.0} "" -999.0 -999.0 -999.0 -999.0 -999 -999 "" "" "" "" 0 0 0.0 0.0 -999 ""
FIBERMAP 1384 R-12C6 APOGEE 0 0 0 1 0 0 -56.24849456711634 -237.0375520979202 143.1 -100.39002728678949 -221.93920685808044 192.1357 125.07101 -999.0 -999.0 -999.0 -999.0 -999.0 209.71502359125512 40.36462736728868 209.65151321019857 40.23617384894207 58.039960344846776 65.19133257427353 -999.0 16600.0 -999.0 2 -999 {-999.0 -999.0 -999.0 -999.0 -999.0} "" -999.0 -999.0 -999.0 -999.0 -999 -999 "" "" "" "" 0 0 0.0 0.0 -999 ""
FIBERMAP 1384 R-12C6 BOSS 1 1 0 1 0 0 -56.79499826037792 -236.53825252444017 143.1 -100.83127081933823 -221.34496182681184 192.1357 125.07101 209.71252441406247 40.36726726626568 -999.0 -999.0 -999.0 209.71252441406247 40.36726726626568 209.64884667337287 40.23880801115795 58.04195109097223 65.18629172791678 5400.0 5400.0 2015.5 1 403 {-999.0 -999.0 -999.0 -999.0 -999.0} "" -999.0 -999.0 -999.0 -999.0 27021603104371622 807158478 "" ops_sky_boss_good ops_sky sky_boss 0 0 0.0 0.0 -999 ""
FIBERMAP 1384 R-12C6 METROLOGY 0 0 0 1 0 0 -56.089447379184605 -236.30860355891159 143.1 -100.09497682563992 -221.25403418448872 192.1357 125.07101 -999.0 -999.0 -999.0 -999.0 -999.0 209.71684234950953 40.36768017852177 209.65320180671858 40.2392269592499 58.03861996708106 65.18560670671258 -999.0 6231.0 -999.0 -1 -999 {-999.0 -999.0 -999.0 -999.0 -999.0} "" -999.0 -999.0 -999.0 -999.0 -999 -999 "" "" "" "" 0 0 0.0 0.0 -999 ""
FIBERMAP 1388 R-10C8 APOGEE 0 0 0 1 0 0 -25.02764279418565 -213.13818153078284 143.1 -65.19039737737185 -204.43197502214514 307.41504 64.34987 -999.0 -999.0 -999.0 -999.0 -999.0 209.92343413588193 40.44322735558361 209.85930709437628 40.3150273929884 57.88012766209432 65.04771809665527 -999.0 16600.0 -999.0 2 -999 {-999.0 -999.0 -999.0 -999.0 -999.0} "" -999.0 -999.0 -999.0 -999.0 -999 -999 "" "" "" "" 0 0 0.0 0.0 -999 ""
FIBERMAP 1388 R-10C8 BOSS 1 1 0 1 0 0 -25.781845061349507 -213.31275873583814 143.1 -65.96394747267982 -204.45957473586373 307.41504 64.34987 209.91897992770987 40.44306258671803 0.035022248 0.49779123 -0.32217953 209.91898006030215 40.44306402100241 209.85469474897073 40.31485625132138 57.883646924285095 65.04792980113203 5400.0 5400.0 2016.0 1 372 {-999.0 19.802696 19.515066 19.554485 -999.0} sdss_psfmag 20.107779 19.896112 19.559801 -999.0 63050394850052433 1117015533 bright_1x1 openfibertargets_bhm_quaia_boss open_fiber science 0 0 0.0 0.0 -999 ""
FIBERMAP 1388 R-10C8 METROLOGY 0 0 0 1 0 0 -25.538625404208364 -212.59452837594404 143.1 -65.58832180973883 -203.80096589908362 307.41504 64.34987 -999.0 -999.0 -999.0 -999.0 -999.0 209.92115052655228 40.44603221808039 209.85690168173755 40.31782736924305 57.88191478928455 65.04239500052887 -999.0 6231.0 -999.0 -1 -999 {-999.0 -999.0 -999.0 -999.0 -999.0} "" -999.0 -999.0 -999.0 -999.0 -999 -999 "" "" "" "" 0 0 0.0 0.0 -999 ""
FIBERMAP 1391 R-5C4 APOGEE 0 0 0 1 0 0 -185.70419014884962 -103.22399410343506 143.1 -201.94981688496895 -65.92194233913881 237.13388 72.18559 -999.0 -999.0 -999.0 -999.0 -999.0 209.0982395821475 41.06674841944297 209.0345230376255 40.93741270164348 58.486985898230444 63.83171546979497 -999.0 16600.0 -999.0 2 -999 {-999.0 -999.0 -999.0 -999.0 -999.0} "" -999.0 -999.0 -999.0 -999.0 -999 -999 "" "" "" "" 0 0 0.0 0.0 -999 ""
FIBERMAP 1391 R-5C4 BOSS 1 1 0 1 0 0 -186.19136059263423 -102.64853752023063 143.1 -202.31830702049933 -65.26425576147922 237.13388 72.18559 209.09609456706715 41.0697079823617 -0.6290964 -1.3739643 -1.0431073 209.09609216278625 41.069704023562444 209.03220821640744 40.94035965990613 58.488602928521416 63.82593532037051 5400.0 5400.0 2016.0 1 454 {-999.0 20.500626 19.866646 19.367615 18.909025} sdss_psfmag_from_gaiadr2 19.803844 20.087091 18.25889 16.036 63050394850068721 1057598220 bright_flexible_2x1 bhm_gua_bright bhm_filler science 0 0 0.0 0.0 -999 ""
FIBERMAP 1391 R-5C4 METROLOGY 0 0 0 1 0 0 -185.45537975920595 -102.5206056115494 143.1 -201.57153264343444 -65.27896691202817 237.13388 72.18559 -999.0 -999.0 -999.0 -999.0 -999.0 209.10051188174185 41.06967033962727 209.03666527422183 40.940333046497834 58.4852405634262 63.82627028595539 -999.0 6231.0 -999.0 -1 -999 {-999.0 -999.0 -999.0 -999.0 -999.0} "" -999.0 -999.0 -999.0 -999.0 -999 -999 "" "" "" "" 0 0 0.0 0.0 -999 ""
FIBERMAP 1392 R-12C10 APOGEE 0 0 0 1 0 0 23.91851205859038 -228.6379038958823 143.1 -20.10239450399368 -228.97479354743794 230.75912 38.066074 -999.0 -999.0 -999.0 -999.0 -999.0 210.1921923375154 40.33290710394115 210.12773788679488 40.205069193034625 57.67679176639431 65.25913078602224 -999.0 16600.0 -999.0 2 -999 {-999.0 -999.0 -999.0 -999.0 -999.0} "" -999.0 -999.0 -999.0 -999.0 -999 -999 "" "" "" "" 0 0 0.0 0.0 -999 ""
FIBERMAP 1392 R-12C10 BOSS 1 1 0 1 0 0 23.91759587051323 -227.87652895795466 143.1 -19.95817291730404 -228.22730366004018 230.75912 38.066074 210.19318652315133 40.3362250949071 6.9368377 -1.334517 2.1919146 210.19321274400525 40.33622124976432 210.1285792468109 40.208383284507725 57.67611436502851 65.25294572767461 5400.0 5400.0 2016.0 1 406 {-999.0 17.026993 15.70801 15.25512 -999.0} sdss_psfmag 16.499495 15.7234 14.86398 13.158 63050394850052553 1118512412 bright_1x1 openfibertargets_mwm_snc_further_ext_boss open_fiber science 0 0 0.0 0.0 -999 ""
FIBERMAP 1392 R-12C10 METROLOGY 0 0 0 1 0 0 24.56385863305919 -228.2634846397894 143.1 -19.39759932556036 -228.73029380568232 230.75912 38.066074 -999.0 -999.0 -999.0 -999.0 -999.0 210.19650012730693 40.33397128832847 210.13191291424425 40.2061378025491 57.67359214795679 65.25719487096376 -999.0 6231.0 -999.0 -1 -999 {-999.0 -999.0 -999.0 -999.0 -999.0} "" -999.0 -999.0 -999.0 -999.0 -999 -999 "" "" "" "" 0 0 0.0 0.0 -999 ""
FIBERMAP 1393 R-12C5 APOGEE 0 0 0 1 0 0 -72.45123075883498 -244.05381528649744 143.1 -117.63088649410744 -225.73760557701587 239.22998 124.25001 -999.0 -999.0 -999.0 -999.0 -999.0 209.61309320123425 40.34759125252644 209.54983702454012 40.21901110155219 58.11787228185361 65.22126188298262 -999.0 16600.0 -999.0 2 -999 {-999.0 -999.0 -999.0 -999.0 -999.0} "" -999.0 -999.0 -999.0 -999.0 -999 -999 "" "" "" "" 0 0 0.0 0.0 -999 ""
FIBERMAP 1393 R-12C5 BOSS 1 1 0 1 0 0 -73.19782222291634 -244.09827755179967 143.1 -118.37216594387439 -225.63894372261768 239.22998 124.25001 209.60885212748875 40.34801781874506 0.30500963 0.12911846 -0.112091444 209.60885328060954 40.34801819077367 209.54543885613052 40.21943037134724 58.12122273104551 65.22035636592553 5400.0 5400.0 2016.0 1 352 {-999.0 19.77313 19.488554 19.180887 -999.0} sdss_psfmag 20.058031 19.693651 19.182024 -999.0 63050394850066876 1117015624 bright_1x1 openfibertargets_bhm_quaia_boss open_fiber science 0 0 0.0 0.0 -999 ""
FIBERMAP 1393 R-12C5 METROLOGY 0 0 0 1 0 0 -72.86276548202528 -243.4314800455537 143.1 -117.91620236700795 -225.04832245671446 239.22998 124.25001 -999.0 -999.0 -999.0 -999.0 -999.0 209.61146588214896 40.350665229299736 209.54808726607882 40.22208094213854 58.119154090981766 65.21540596873245 -999.0 6231.0 -999.0 -1 -999 {-999.0 -999.0 -999.0 -999.0 -999.0} "" -999.0 -999.0 -999.0 -999.0 -999 -999 "" "" "" "" 0 0 0.0 0.0 -999 ""
FIBERMAP 1395 R+4C20 APOGEE 0 0 0 1 0 0 169.46455049378883 97.0671178597869 143.1 184.83653798432542 62.97409491486575 188.28336 25.660929 -999.0 -999.0 -999.0 -999.0 -999.0 211.43772949845587 41.64957357569321 211.36754715404265 41.5231703424621 56.71152901087854 62.86313647858145 -999.0 16600.0 -999.0 2 -999 {-999.0 -999.0 -999.0 -999.0 -999.0} "" -999.0 -999.0 -999.0 -999.0 -999 -999 "" "" "" "" 0 0 0.0 0.0 -999 ""
FIBERMAP 1395 R+4C20 BOSS 1 1 0 1 0 0 170.0888266768527 97.49155545414781 143.1 185.5301855395585 63.2717054416308 188.28336 25.660929 211.44230056991512 41.650905204789375 -31.328178 -5.5960236 0.7290747 211.44217976583778 41.6508890809203 211.37180532822518 41.52448755950467 56.708301130916055 62.86092054326349 5400.0 5400.0 2016.0 1 205 {-999.0 17.57959 16.87397 16.607082 -999.0} sdss_psfmag 17.377565 16.91785 16.291391 15.108 63050394850062961 1072593603 bright_1x1 mwm_halo_local_high_boss_single mwm_halo science 0 0 0.0 0.0 -999 ""
FIBERMAP 1395 R+4C20 METROLOGY 0 0 0 1 0 0 170.1355087610145 96.74080974748613 143.1 185.43291069859086 62.52592535661681 188.28336 25.660929 -999.0 -999.0 -999.0 -999.0 -999.0 211.44147401137258 41.64751041313503 211.37116010333773 41.52110950342845 56.708890076511665 62.86704412233439 -999.0 6231.0 -999.0 -1 -999 {-999.0 -999.0 -999.0 -999.0 -999.0} "" -999.0 -999.0 -999.0 -999.0 -999 -999 "" "" "" "" 0 0 0.0 0.0 -999 ""
FIBERMAP 1396 R0C3 APOGEE 1 1 0 1 0 0 -239.292427874832 9.392283179912752 143.1 -233.08340949762197 54.82885827825297 45.218052 126.058136 208.90230842765365 41.61220417286697 -29.394638 -0.36656043 1.6855648 208.9021951474733 41.612203116641915 208.83770905220288 41.48254180276231 58.60594282014428 62.7734356683028 16000.0 16600.0 2016.0 2 297 {-999.0 12.137097 11.922925 11.890535 -999.0} sdss_psfmag_from_g3xp 12.131813 11.919816 11.566799 11.017 63050394850072654 946006178 bright_1x1 openfibertargets_nov2020_9 open_fiber science 0 0 0.0 0.0 -999 ""
FIBERMAP 1396 R0C3 BOSS 0 0 0 1 0 0 -238.55847340742534 9.278376391784082 143.1 -232.38471941015845 54.57716049827502 45.218052 126.058136 -999.0 -999.0 -999.0 -999.0 -999.0 208.90652343233407 41.61113241336297 208.8418642535794 41.481468498210816 58.6029024055048 62.77586234155797 -999.0 5400.0 -999.0 1 422 {-999.0 -999.0 -999.0 -999.0 -999.0} "" -999.0 -999.0 -999.0 -999.0 -999 -999 "" "" "" "" 0 0 0.0 0.0 -999 ""
FIBERMAP 1396 R0C3 METROLOGY 0 0 0 1 0 0 -239.01109546300293 8.694279976361948 143.1 -232.94031418927693 54.09012153102956 45.218052 126.058136 -999.0 -999.0 -999.0 -999.0 -999.0 208.90319375865943 41.60888084891029 208.83859407097225 41.479215356128975 58.60548718543492 62.77988792297646 -999.0 6231.0 -999.0 -1 -999 {-999.0 -999.0 -999.0 -999.0 -999.0} "" -999.0 -999.0 -999.0 -999.0 -999 -999 "" "" "" "" 0 0 0.0 0.0 -999 ""
FIBERMAP 1400 R-5C13 APOGEE 0 0 0 1 0 0 21.107903797359725 -99.80739375988581 143.1 1.6944662539567026 -101.98757731837597 189.26299 120.620125 -999.0 -999.0 -999.0 -999.0 -999.0 210.32321394635156 40.90638142732425 210.25719325958391 40.77862480508022 57.56824980103742 64.19144895592945 -999.0 16600.0 -999.0 2 155 {-999.0 -999.0 -999.0 -999.0 -999.0} "" -999.0 -999.0 -999.0 -999.0 -999 -999 "" ops_sky_apogee_best_unassigned ops_sky sky_apogee 0 0 0.0 0.0 -999 ""
FIBERMAP 1400 R-5C13 BOSS 1 1 0 1 0 0 20.61072667368455 -99.25071069211116 143.1 1.3125759226799414 -101.34641027131454 189.26299 120.620125 210.32115300783784 40.909279507192416 -15.642534 -9.747351 0.2208889 210.32109337049525 40.90925142216485 210.2548993887178 40.781488439578695 57.56991520893144 64.18603048616401 5400.0 5400.0 2016.0 1 379 {-999.0 16.589735 17.030605 17.365837 -999.0} sdss_psfmag 16.68992 16.80241 17.043995 -999.0 63050394850053105 1166226209 bright_1x1 openfibertargets_mwm_strippedstars_boss open_fiber science 0 0 0.0 0.0 -999 ""
FIBERMAP 1400 R-5C13 METROLOGY 0 0 0 1 0 0 21.33737741952099 -99.09400439141426 143.1 2.0556770078176365 -101.33110003375128 189.26299 120.620125 -999.0 -999.0 -999.0 -999.0 -999.0 210.32552099815533 40.90932308859936 210.25936587425326 40.781566694733655 57.56653227189987 64.18604117944881 -999.0 6231.0 -999.0 -1 -999 {-999.0 -999.0 -999.0 -999.0 -999.0} "" -999.0 -999.0 -999.0 -999.0 -999 -999 "" "" "" "" 0 0 0.0 0.0 -999 ""
