#%yanny
#
# confSummaryFS-26789.par
#
# Created by pydl.pydlutils.yanny.yanny
#
# 2026-05-31 14:05:29 UTC
#
configuration_id 26789
robostrategy_run iota-1
fps_calibrations_version 2025.12.04
jaeger_version 1.11.2a1
coordio_version 1.18.1
kaiju_version 1.4.1
design_id 751843
field_id 100047
focal_scale 0.999882
instruments BOSS APOGEE
epoch 2461191.700393706
obstime Sun May 31 04:43:23 2026
MJD 61191
observatory APO
temperature 13.043305764946439
raCen 270.955635896393
decCen 34.1612909739519
pa 32.9396
is_dithered 0
parent_configuration -999
dither_radius -999.0
cloned_from -999
rotator_angle -72.66
fvc_centroid_method flex
fvc_rms 0.02774
fvc_90_perc 0.0086
fvc_percent_reached 64.4
fvc_image_path /data/fcam/61191/proc-fimg-fvc1n-0018.fits

typedef enum {
    BOSS,
    APOGEE,
    METROLOGY,
    NONE
} FIBERTYPE;

typedef struct {
    short positionerId;
    char holeId[28];
    FIBERTYPE fiberType;
    short assigned;
    short on_target;
    short disabled;
    short valid;
    short decollided;
    short too;
    double xwok;
    double ywok;
    double zwok;
    double xFocal;
    double yFocal;
    float alpha;
    float beta;
    double racat;
    double deccat;
    float pmra;
    float pmdec;
    float parallax;
    double ra;
    double dec;
    double ra_observed;
    double dec_observed;
    double alt_observed;
    double az_observed;
    float lambda_design;
    float lambda_eff;
    float coord_epoch;
    short spectrographId;
    short fiberId;
    float mag[5];
    char optical_prov[88];
    float bp_mag;
    float gaia_g_mag;
    float rp_mag;
    float h_mag;
    long catalogid;
    long carton_to_target_pk;
    char cadence[40];
    char firstcarton[184];
    char program[48];
    char category[60];
    long sdssv_boss_target0;
    long sdssv_apogee_target0;
    double delta_ra;
    double delta_dec;
    long too_id;
    char too_program[4];
} FIBERMAP;

FIBERMAP 3 R-1C14 APOGEE 1 1 0 1 0 0 25.85943932652679 -26.419966819637107 143.1 7.335540918088839 -36.229719297057784 356.04572 92.878204 270.9951276597071 33.99623493213904 9.492097 -22.736544 4.052367 270.9951486667908 33.99616174657145 270.887857349092 33.99823621983316 43.54233382944754 72.20024710762027 16000.0 16600.0 2016.0 2 214 {-999.0 11.79409 11.359458 11.232012 -999.0} sdss_psfmag_from_g3xp 11.714941 11.390877 10.902403 10.091 63050395770802309 1103650284 bright_1x1 mwm_tess_2min_apogee mwm_planet science 0 0 0.0 0.0 -999 ""
FIBERMAP 3 R-1C14 BOSS 0 0 0 1 0 0 25.875755586588 -27.157037642176462 143.1 6.948494254607475 -36.857099748050345 356.04572 92.878204 -999.0 -999.0 -999.0 -999.0 -999.0 270.9932638754576 33.99323320733939 270.8857342832507 33.99535907009366 43.54328665369594 72.20471069645299 -999.0 5400.0 -999.0 1 263 {-999.0 -999.0 -999.0 -999.0 -999.0} "" -999.0 -999.0 -999.0 -999.0 -999 -999 "" "" "" "" 0 0 0.0 0.0 -999 ""
FIBERMAP 3 R-1C14 METROLOGY 0 0 0 1 0 0 25.21584421061005 -26.799928116636487 143.1 6.588889821635363 -36.19864547736282 356.04572 92.878204 -999.0 -999.0 -999.0 -999.0 -999.0 270.99122841051945 33.996258290472355 270.8837591057395 33.99836214964051 43.54564770352676 72.20129617784858 -999.0 6231.0 -999.0 -1 -999 {-999.0 -999.0 -999.0 -999.0 -999.0} "" -999.0 -999.0 -999.0 -999.0 -999 -999 "" "" "" "" 0 0 0.0 0.0 -999 ""
FIBERMAP 16 R+7C7 APOGEE 0 0 0 1 0 0 -88.66473365538377 128.9333670892856 143.1 -4.302745495455115 156.39998832075653 205.39786 125.59865 -999.0 -999.0 -999.0 -999.0 -999.0 270.93433206048775 34.87237639344392 270.82372121468404 34.874078170869005 43.81475278282905 71.04696007237919 -999.0 16600.0 -999.0 2 102 {-999.0 -999.0 -999.0 -999.0 -999.0} "" -999.0 -999.0 -999.0 -999.0 -999 -999 "" ops_sky_apogee_best_unassigned ops_sky sky_apogee 0 0 0.0 0.0 -999 ""
FIBERMAP 16 R+7C7 BOSS 1 1 0 1 0 0 -89.3124810944413 129.28432320324754 143.1 -4.655488170104546 157.0466655690757 205.39786 125.59865 270.93263265830456 34.87535249638682 2.5629537 -9.603972 0.46886322 270.9326374529976 34.87531107447449 270.8217646661616 34.87705981584537 43.81704084506457 71.04350053730303 5400.0 5400.0 2016.0 1 76 {-999.0 15.903979 15.518045 15.380252 -999.0} sdss_psfmag_ps1 15.840976 15.526391 15.049215 14.153 63050395770989866 979804337 "" ops_std_boss ops_std standard_boss 0 0 0.0 0.0 -999 ""
FIBERMAP 16 R+7C7 METROLOGY 0 0 0 1 0 0 -88.68902623286425 129.68068927749098 143.1 -3.916818550871263 157.04030780391793 205.39786 125.59865 -999.0 -999.0 -999.0 -999.0 -999.0 270.93666043544164 34.87527663165806 270.8258573454349 34.87702138658314 43.81377660834297 71.042409819503 -999.0 6231.0 -999.0 -1 -999 {-999.0 -999.0 -999.0 -999.0 -999.0} "" -999.0 -999.0 -999.0 -999.0 -999 -999 "" "" "" "" 0 0 0.0 0.0 -999 ""
FIBERMAP 37 R-9C9 APOGEE 0 0 0 1 0 0 -22.799305352634125 -184.3349428514969 143.1 -119.35307806485362 -142.28802096832112 232.69237 104.32371 -999.0 -999.0 -999.0 -999.0 -999.0 270.30279575631045 33.51517230621515 270.19759377022604 33.515503932466096 43.97012619362799 73.05300040274449 -999.0 16600.0 -999.0 2 167 {-999.0 -999.0 -999.0 -999.0 -999.0} "" -999.0 -999.0 -999.0 -999.0 -999 -999 "" "" "" "" 0 0 0.0 0.0 -999 ""
FIBERMAP 37 R-9C9 BOSS 1 1 0 1 0 0 -23.48006123093838 -184.04623778166976 143.1 -119.76736491231547 -141.67563501246 232.69237 104.32371 270.3004255257192 33.51785950043278 -1.9408146 0.8137005 0.062300865 270.30072617123875 33.517844977558504 270.19527031115877 33.518226048994286 43.97271116221287 73.05005929975869 5400.0 5400.0 2016.0 1 376 {-999.0 14.667882 13.73845 13.338145 -999.0} sdss_psfmag_from_g3xp 14.368397 13.739 12.976593 11.362 63050395770789118 1076118333 bright_1x1 mwm_halo_mp_xp_boss_single mwm_halo science 0 0 0.8821419477462769 0.0 -999 ""
FIBERMAP 37 R-9C9 METROLOGY 0 0 0 1 0 0 -22.874546614775625 -183.59189007502135 143.1 -119.01222570379555 -141.62358382776011 232.69237 104.32371 -999.0 -999.0 -999.0 -999.0 -999.0 270.30476538113743 33.5181031070498 270.1993762159491 33.51847919116765 43.96947516314061 73.04846883314775 -999.0 6231.0 -999.0 -1 -999 {-999.0 -999.0 -999.0 -999.0 -999.0} "" -999.0 -999.0 -999.0 -999.0 -999 -999 "" "" "" "" 0 0 0.0 0.0 -999 ""
FIBERMAP 40 R+12C6 APOGEE 0 0 0 1 0 0 -58.790995983151745 246.33291353461834 143.1 84.59467210998099 238.67319011444368 179.85974 62.28612 -999.0 -999.0 -999.0 -999.0 -999.0 271.42857508689434 35.2396923616712 271.3163414222814 35.24263310285995 43.51374314182938 70.41675973554004 -999.0 16600.0 -999.0 2 -999 {-999.0 -999.0 -999.0 -999.0 -999.0} "" -999.0 -999.0 -999.0 -999.0 -999 -999 "" "" "" "" 0 0 0.0 0.0 -999 ""
FIBERMAP 40 R+12C6 BOSS 1 1 0 1 0 0 -58.45840374653184 247.01123646152075 143.1 85.24256299951814 239.061574328438 179.85974 62.28612 271.4327273698578 35.24212279914999 -89.25966 -267.18802 16.046503 271.4324309390035 35.241356602714696 271.3199339589145 35.24435952569678 43.511316486520975 70.41346754064489 5400.0 5400.0 2016.0 1 156 {-999.0 20.944067 19.345602 16.948214 -999.0} sdss_psfmag_ps1 20.317055 17.526585 16.087194 13.168 63050395770992425 1157801971 bright_1x1 mwm_snc_100pc_bright_boss_single mwm_snc science 0 0 0.0 0.0 -999 ""
FIBERMAP 40 R+12C6 METROLOGY 0 0 0 1 0 0 -58.04696064790204 246.38835179227186 143.1 85.24916705540507 238.31518594903537 179.85974 62.28612 -999.0 -999.0 -999.0 -999.0 -999.0 271.43237952432287 35.23803035251169 271.3199678842634 35.24101913920807 43.510477909365655 70.41792608957138 -999.0 6231.0 -999.0 -1 -999 {-999.0 -999.0 -999.0 -999.0 -999.0} "" -999.0 -999.0 -999.0 -999.0 -999 -999 "" "" "" "" 0 0 0.0 0.0 -999 ""
FIBERMAP 52 R+5C17 APOGEE 0 0 0 1 0 0 108.62172662163874 112.6440782820389 143.1 152.39291328084647 35.46814303284298 197.79965 34.738117 -999.0 -999.0 -999.0 -999.0 -999.0 271.79501786588276 34.31746086691072 271.6861915434813 34.32160771202342 42.98829587101794 71.53593688399758 -999.0 16600.0 -999.0 2 -999 {-999.0 -999.0 -999.0 -999.0 -999.0} "" -999.0 -999.0 -999.0 -999.0 -999 -999 "" "" "" "" 0 0 0.0 0.0 -999 ""
FIBERMAP 52 R+5C17 BOSS 1 1 0 1 0 0 109.06774617235641 113.22161985107026 143.1 153.081192295704 35.71028770365919 197.79965 34.738117 271.7986381599258 34.31862406120256 3.753261 -37.745716 5.904982 271.7991268400203 34.318476984608964 271.6900390517038 34.322691447646264 42.98550836516704 71.53337891194866 5400.0 5400.0 2016.0 1 206 {-999.0 12.729608 12.007174 11.769249 -999.0} sdss_psfmag_from_g3xp 12.527644 12.057521 11.42635 10.233 63050395770888251 996736126 bright_1x1 mwm_bin_gaia_sb_boss mwm_bin science 0 0 1.3964029550552368 0.0 -999 ""
FIBERMAP 52 R+5C17 METROLOGY 0 0 0 1 0 0 109.36206233450604 112.55153092786246 143.1 152.96384534036483 34.98796889833605 197.79965 34.738117 -999.0 -999.0 -999.0 -999.0 -999.0 271.7983573068534 34.315214891148436 271.6893547836688 34.31941198041377 42.98520303799632 71.53790883743267 -999.0 6231.0 -999.0 -1 -999 {-999.0 -999.0 -999.0 -999.0 -999.0} "" -999.0 -999.0 -999.0 -999.0 -999 -999 "" "" "" "" 0 0 0.0 0.0 -999 ""
FIBERMAP 56 R-8C4 APOGEE 0 0 0 1 0 0 -120.13811566741644 -161.3512190192299 143.1 -188.53844386452573 -70.07915639759926 355.35898 98.163704 -999.0 -999.0 -999.0 -999.0 -999.0 269.92380338337665 33.84172471943977 269.817538959119 33.84096261881595 44.359995933868426 72.7292009841861 -999.0 16600.0 -999.0 2 -999 {-999.0 -999.0 -999.0 -999.0 -999.0} "" -999.0 -999.0 -999.0 -999.0 -999 -999 "" "" "" "" 0 0 0.0 0.0 -999 ""
FIBERMAP 56 R-8C4 BOSS 1 1 0 1 0 0 -120.10726752570713 -162.11310717991503 143.1 -188.92678911902416 -70.73526304464806 355.35898 98.163704 269.921906564097 33.838694234453314 2.8170648 -19.09567 0.5977563 269.92191873087273 33.83867146369902 269.815423708377 33.83795841333125 44.360926116503705 72.73389166433901 5400.0 5400.0 2016.0 1 452 {-999.0 16.848083 16.20851 16.05246 -999.0} sdss_psfmag_ps1 16.618862 16.241545 15.689501 14.703 63050395770796412 1072824175 bright_1x1 mwm_halo_local_high_boss_single mwm_halo science 0 0 0.0 0.0 -999 ""
FIBERMAP 56 R-8C4 METROLOGY 0 0 0 1 0 0 -120.75476221788779 -161.77122974802572 143.1 -189.28425569517927 -70.09634154504155 355.35898 98.163704 -999.0 -999.0 -999.0 -999.0 -999.0 269.9198878955178 33.84158037478424 269.81345163964386 33.84084605633788 44.36324812620638 72.7305728727975 -999.0 6231.0 -999.0 -1 -999 {-999.0 -999.0 -999.0 -999.0 -999.0} "" -999.0 -999.0 -999.0 -999.0 -999 -999 "" "" "" "" 0 0 0.0 0.0 -999 ""
FIBERMAP 59 R+4C8 APOGEE 0 0 0 1 0 0 -83.18125736392025 81.668456660174 143.1 -25.398793514512843 113.75655100492388 320.26575 164.12222 -999.0 -999.0 -999.0 -999.0 -999.0 270.8168572561669 34.679298276822706 270.70703768662713 34.68073087012115 43.859933004378476 71.33950492704508 -999.0 16600.0 -999.0 2 -999 {-999.0 -999.0 -999.0 -999.0 -999.0} "" -999.0 -999.0 -999.0 -999.0 -999 -999 "" "" "" "" 0 0 0.0 0.0 -999 ""
FIBERMAP 59 R+4C8 BOSS 1 1 0 1 0 0 -82.70170701527482 81.08425282407696 143.1 -25.314007185468668 113.00559219954877 320.26575 164.12222 270.8175787407854 34.67592752253213 -9.646481 -13.62299 1.7754908 270.81755297319063 34.675886970828046 270.70749605089566 34.67737488815642 43.85873595949963 71.3438844331323 5400.0 5400.0 2016.0 1 33 {-999.0 16.716478 15.61998 17.808464 -999.0} sdss_psfmag_ps1 -999.0 14.982283 -999.0 12.184 63050395770811048 1096470544 bright_1x1 mwm_bin_vis_boss mwm_filler science 0 0 0.0 0.0 -999 ""
FIBERMAP 59 R+4C8 METROLOGY 0 0 0 1 0 0 -83.43579714082364 80.96712116094002 143.1 -25.993698771780913 113.30641952312088 320.26575 164.12222 -999.0 -999.0 -999.0 -999.0 -999.0 270.8137268813539 34.67726219072173 270.7037371521153 34.67872458674375 43.862065226777354 71.34313366612446 -999.0 6231.0 -999.0 -1 -999 {-999.0 -999.0 -999.0 -999.0 -999.0} "" -999.0 -999.0 -999.0 -999.0 -999 -999 "" "" "" "" 0 0 0.0 0.0 -999 ""
FIBERMAP 63 R+5C19 APOGEE 0 0 0 1 0 0 155.7819626880382 111.01386916552701 143.1 191.08087070891176 8.459590373993196 170.82243 70.86196 -999.0 -999.0 -999.0 -999.0 -999.0 272.0047114244443 34.19246008230387 271.8962786856425 34.19720139242385 42.7882020419277 71.6379723431512 -999.0 16600.0 -999.0 2 -999 {-999.0 -999.0 -999.0 -999.0 -999.0} "" -999.0 -999.0 -999.0 -999.0 -999 -999 "" "" "" "" 0 0 0.0 0.0 -999 ""
FIBERMAP 63 R+5C19 BOSS 1 1 0 1 0 0 156.12923786021886 111.68094116855974 143.1 191.73496569362837 8.83055045702477 170.82243 70.86196 272.0086272549103 34.194113180223326 2.235103 -24.04745 0.70860165 272.0086223660239 34.1940462875229 271.8999249200024 34.19885564266076 42.78572662068911 71.63471804254505 5400.0 5400.0 2016.0 1 204 {-999.0 17.586437 16.94137 16.64001 -999.0} sdss_psfmag_ps1 17.430002 16.933567 16.288984 14.943 63050395770886422 1072824223 bright_1x1 mwm_halo_local_high_boss_single mwm_halo science 0 0 0.0 0.0 -999 ""
FIBERMAP 63 R+5C19 METROLOGY 0 0 0 1 0 0 156.52768393150382 111.03757164547916 143.1 191.71952593655348 8.074038670273417 170.82243 70.86196 -999.0 -999.0 -999.0 -999.0 -999.0 272.00839853886225 34.1906290084498 271.8997870256661 34.195422189928244 42.78493477794027 71.63927291985414 -999.0 6231.0 -999.0 -1 -999 {-999.0 -999.0 -999.0 -999.0 -999.0} "" -999.0 -999.0 -999.0 -999.0 -999 -999 "" "" "" "" 0 0 0.0 0.0 -999 ""
FIBERMAP 65 R+5C14 APOGEE 0 0 0 1 0 0 45.80318032975914 77.50507388620525 143.1 80.57428907079957 40.13525990464065 314.85553 24.914682 -999.0 -999.0 -999.0 -999.0 -999.0 271.40054079817867 34.34207301389614 271.29177579482825 34.3451533841102 43.30903419055204 71.61997813467212 -999.0 16600.0 -999.0 2 41 {-999.0 -999.0 -999.0 -999.0 -999.0} "" -999.0 -999.0 -999.0 -999.0 -999 -999 "" ops_sky_apogee_best_unassigned ops_sky sky_apogee 0 0 0.0 0.0 -999 ""
FIBERMAP 65 R+5C14 BOSS 1 1 0 1 0 0 45.107223085327355 77.76438399764677 143.1 80.1312643111777 40.7312440594933 314.85553 24.914682 271.39842858085467 34.344813996787096 -4.405422 -17.768095 0.27963442 271.3984253941032 34.344766155482915 271.2893975948382 34.3478957463794 43.31163585750628 71.61702825574116 5400.0 5400.0 2016.0 1 159 {-999.0 18.370663 18.004967 17.81589 -999.0} sdss_psfmag_ps1 18.235312 17.945292 17.47545 -999.0 63050395770980418 975940287 "" ops_std_boss ops_std standard_boss 0 0 0.0 0.0 -999 ""
FIBERMAP 65 R+5C14 METROLOGY 0 0 0 1 0 0 45.66659157044672 78.23822707051968 143.1 80.85827965914896 40.8247438987804 314.85553 24.914682 -999.0 -999.0 -999.0 -999.0 -999.0 271.4023532047567 34.34517669784178 271.2933940705972 34.34830100863571 43.30855081634149 71.6153261109697 -999.0 6231.0 -999.0 -1 -999 {-999.0 -999.0 -999.0 -999.0 -999.0} "" -999.0 -999.0 -999.0 -999.0 -999 -999 "" "" "" "" 0 0 0.0 0.0 -999 ""
FIBERMAP 71 R-4C9 APOGEE 0 0 0 1 0 0 -46.16455575734096 -80.63197448790349 143.1 -82.57760156149985 -42.562707218924984 56.636642 36.13962 -999.0 -999.0 -999.0 -999.0 -999.0 270.5013228642946 33.96793571442953 270.3943404406765 33.968691560725944 43.93002956817151 72.38608225451571 -999.0 16600.0 -999.0 2 270 {-999.0 -999.0 -999.0 -999.0 -999.0} "" -999.0 -999.0 -999.0 -999.0 -999 -999 "" ops_sky_apogee_best_unassigned ops_sky sky_apogee 0 0 0.0 0.0 -999 ""
FIBERMAP 71 R-4C9 BOSS 1 1 0 1 0 0 -46.13476356270911 -81.37927563888726 143.1 -82.95890209091374 -43.205999138185284 56.636642 36.13962 270.4995033805882 33.96498883062357 -8.007277 -18.324148 0.19137602 270.499435806436 33.96493027713926 270.39221868183506 33.965736253504154 43.930970155397915 72.39067612700063 5400.0 5400.0 2016.0 1 462 {-999.0 15.924775 15.401763 15.2050905 -999.0} sdss_psfmag_ps1 15.747174 15.3475685 14.768014 13.601 63050395770800726 1076074159 bright_1x1 mwm_halo_mp_xp_boss_single mwm_halo science 0 0 0.0 0.0 -999 ""
FIBERMAP 71 R-4C9 METROLOGY 0 0 0 1 0 0 -46.793274785397884 -81.03072381239659 143.1 -83.3219843312876 -42.55548726971872 56.636642 36.13962 -999.0 -999.0 -999.0 -999.0 -999.0 270.4973770142832 33.967909872520835 270.390219458921 33.96869416540195 43.93333304577433 72.38729894723753 -999.0 6231.0 -999.0 -1 -999 {-999.0 -999.0 -999.0 -999.0 -999.0} "" -999.0 -999.0 -999.0 -999.0 -999 -999 "" "" "" "" 0 0 0.0 0.0 -999 ""
FIBERMAP 78 R-5C11 APOGEE 1 1 0 1 0 0 -9.133043043134684 -87.5007089870249 143.1 -55.23725017736293 -68.46025313600981 47.497925 143.6885 270.6514084263288 33.850011521483225 -5.1419415 17.324898 3.4965048 270.65138912215707 33.85006197393975 270.5447885432676 33.85124864055261 43.77905587945958 72.49865501520162 16000.0 16600.0 2016.0 2 160 {-999.0 11.753496 11.398712 11.300998 -999.0} sdss_psfmag_from_g3xp 11.699872 11.41796 10.974021 10.25 63050395770800160 1103501724 bright_1x1 mwm_tess_2min_apogee mwm_planet science 0 0 0.0 0.0 -999 ""
FIBERMAP 78 R-5C11 BOSS 0 0 0 1 0 0 -8.411371278336595 -87.3521394030716 143.1 -54.55088690143713 -68.7279477343879 47.497925 143.6885 -999.0 -999.0 -999.0 -999.0 -999.0 270.65536556615166 33.84875019047497 270.54852065096 33.85000319502329 43.775739222029934 72.49920508509535 -999.0 5400.0 -999.0 1 366 {-999.0 -999.0 -999.0 -999.0 -999.0} "" -999.0 -999.0 -999.0 -999.0 -999 -999 "" "" "" "" 0 0 0.0 0.0 -999 ""
FIBERMAP 78 R-5C11 METROLOGY 0 0 0 1 0 0 -8.641214261397508 -88.05981583052002 143.1 -55.12851546443527 -69.19682758700199 47.497925 143.6885 -999.0 -999.0 -999.0 -999.0 -999.0 270.65213715001073 33.846642048552944 270.54537168398576 33.84787120732948 43.777710478214004 72.50299771505865 -999.0 6231.0 -999.0 -1 -999 {-999.0 -999.0 -999.0 -999.0 -999.0} "" -999.0 -999.0 -999.0 -999.0 -999 -999 "" "" "" "" 0 0 0.0 0.0 -999 ""
FIBERMAP 86 R-12C11 APOGEE 0 0 0 1 0 0 88.04855095800383 -233.37988423029984 143.1 -53.00089629306019 -243.71077105914588 58.412113 43.931843 -999.0 -999.0 -999.0 -999.0 -999.0 270.6649448111024 33.058217240167245 270.56128657969634 33.059630802259846 43.55518049074447 73.54851859046403 -999.0 16600.0 -999.0 2 -999 {-999.0 -999.0 -999.0 -999.0 -999.0} "" -999.0 -999.0 -999.0 -999.0 -999 -999 "" "" "" "" 0 0 0.0 0.0 -999 ""
FIBERMAP 86 R-12C11 BOSS 1 1 0 1 0 0 88.19881046507474 -234.11250185062624 143.1 -53.273123957770515 -244.40723829247332 58.412113 43.931843 270.66384851449055 33.05506783608674 -31.946608 -8.41528 0.8300547 270.6637250988417 33.05502872722533 270.55983272977255 33.05649821225178 43.5555002001292 73.55313560004163 5400.0 5400.0 2016.0 1 407 {-999.0 15.425267 14.990928 14.828993 -999.0} sdss_psfmag_from_g3xp 15.338948 15.003722 14.497037 13.618 63050395770705682 1072463257 bright_1x1 mwm_halo_local_high_boss_single mwm_halo science 0 0 0.0 0.0 -999 ""
FIBERMAP 86 R-12C11 METROLOGY 0 0 0 1 0 0 87.49739586753613 -233.88276597262436 143.1 -53.73680745775889 -243.83310410336188 58.412113 43.931843 -999.0 -999.0 -999.0 -999.0 -999.0 270.6611448671038 33.057623148512356 270.5573138315086 33.059068505833686 43.55823129687698 73.55051581326973 -999.0 6231.0 -999.0 -1 -999 {-999.0 -999.0 -999.0 -999.0 -999.0} "" -999.0 -999.0 -999.0 -999.0 -999 -999 "" "" "" "" 0 0 0.0 0.0 -999 ""
FIBERMAP 97 R-4C15 APOGEE 0 0 0 1 0 0 79.29697451595655 -72.35093894083401 143.1 27.205161638942432 -103.82595303618176 26.49598 115.42101 -999.0 -999.0 -999.0 -999.0 -999.0 271.10251988729703 33.68827011950859 270.99634257989806 33.69070714374351 43.37472019210321 72.57652174253008 -999.0 16600.0 -999.0 2 191 {-999.0 -999.0 -999.0 -999.0 -999.0} "" -999.0 -999.0 -999.0 -999.0 -999 -999 "" ops_sky_apogee_best_unassigned ops_sky sky_apogee 0 0 0.0 0.0 -999 ""
FIBERMAP 97 R-4C15 BOSS 1 1 0 1 0 0 79.88405839983118 -72.79998538053674 143.1 27.453668006960957 -104.52196011600984 26.49598 115.42101 271.1041259765625 33.68499046244799 -999.0 -999.0 -999.0 271.1041253940152 33.68499656957635 270.99770940222936 33.68749594468987 43.37277255918031 72.58036686969427 5400.0 5400.0 2015.5 1 314 {-999.0 -999.0 -999.0 -999.0 -999.0} "" -999.0 -999.0 -999.0 -999.0 27021603155889092 821148107 "" ops_sky_boss_good ops_sky sky_boss 0 0 0.0 0.0 -999 ""
FIBERMAP 97 R-4C15 METROLOGY 0 0 0 1 0 0 79.19590383623989 -73.09182542983694 143.1 26.71753574483626 -104.3927132260707 26.49598 115.42101 -999.0 -999.0 -999.0 -999.0 -999.0 271.1000281022534 33.68562325719197 270.99368236532484 33.68809523793712 43.37616235263526 72.58079361196849 -999.0 6231.0 -999.0 -1 -999 {-999.0 -999.0 -999.0 -999.0 -999.0} "" -999.0 -999.0 -999.0 -999.0 -999 -999 "" "" "" "" 0 0 0.0 0.0 -999 ""
FIBERMAP 103 R-8C3 APOGEE 0 0 0 1 0 0 -146.2134482765728 -149.3971543624986 143.1 -203.92012360995312 -45.87105060593795 22.35284 124.14964 -999.0 -999.0 -999.0 -999.0 -999.0 269.83908705092546 33.95115458666477 269.73244690760873 33.95013963135492 44.45609651857595 72.60658181148284 -999.0 16600.0 -999.0 2 267 {-999.0 -999.0 -999.0 -999.0 -999.0} "" -999.0 -999.0 -999.0 -999.0 -999 -999 "" ops_sky_apogee_best_unassigned ops_sky sky_apogee 0 0 0.0 0.0 -999 ""
FIBERMAP 103 R-8C3 BOSS 1 1 0 1 0 0 -145.58543212449786 -149.7860507102722 143.1 -203.60456609362038 -46.53883750751894 22.35284 124.14964 269.84121143979036 33.94856204563866 -52.252445 -184.43056 2.316506 269.84102171737754 33.9480703355413 269.7341498218102 33.94711402938637 44.4539630122424 72.61018036328352 5400.0 5400.0 2016.0 1 476 {-999.0 18.760553 17.565477 17.00808 -999.0} sdss_psfmag_ps1 18.28157 17.427477 16.539846 14.852 63050395770796887 1072940852 bright_1x1 mwm_halo_local_high_boss_single mwm_halo science 0 0 0.0 0.0 -999 ""
FIBERMAP 103 R-8C3 METROLOGY 0 0 0 1 0 0 -146.24189013241883 -150.15185247829683 143.1 -204.35431262355672 -46.48888835511612 22.35284 124.14964 -999.0 -999.0 -999.0 -999.0 -999.0 269.8368959412202 33.948295063389104 269.73009371872035 33.94731270258205 44.45726820026646 72.61110621657906 -999.0 6231.0 -999.0 -1 -999 {-999.0 -999.0 -999.0 -999.0 -999.0} "" -999.0 -999.0 -999.0 -999.0 -999 -999 "" "" "" "" 0 0 0.0 0.0 -999 ""
FIBERMAP 107 R-3C24 APOGEE 1 1 0 1 0 0 243.35390084185332 -58.55505380725061 143.1 172.37343798524267 -181.44538785643005 188.63553 110.15644 271.8867358446983 33.33379586208106 -5.951914 -23.600199 2.7534995 271.88671353841585 33.333703560778275 271.78154734279974 33.33833633395792 42.64924924077803 72.79887492205779 16000.0 16600.0 2016.0 2 222 {-999.0 10.318888 9.917835 9.786262 -999.0} sdss_psfmag_from_g3xp 10.248611 9.935217 9.455325 8.622 63050395770713221 1107585215 bright_1x1 mwm_tess_rgb_apogee mwm_tessrgb science 0 0 0.0 0.0 -999 ""
FIBERMAP 107 R-3C24 BOSS 0 0 0 1 0 0 242.99732644784388 -57.90288306786576 143.1 172.4287992974192 -180.7042558026135 188.63553 110.15644 -999.0 -999.0 -999.0 -999.0 -999.0 271.887360211016 33.33695570642823 271.78192675659113 33.34165029069386 42.64985514508152 72.79442430686709 -999.0 5400.0 -999.0 1 253 {-999.0 -999.0 -999.0 -999.0 -999.0} "" -999.0 -999.0 -999.0 -999.0 -999 -999 "" "" "" "" 0 0 0.0 0.0 -999 ""
FIBERMAP 107 R-3C24 METROLOGY 0 0 0 1 0 0 243.74876696212203 -57.92135315493851 143.1 173.04932500141825 -181.12830592726496 188.63553 110.15644 -999.0 -999.0 -999.0 -999.0 -999.0 271.890581161689 33.33505655556764 271.78522573563396 33.33974304276017 42.64668111347059 72.79588784172228 -999.0 6231.0 -999.0 -1 -999 {-999.0 -999.0 -999.0 -999.0 -999.0} "" -999.0 -999.0 -999.0 -999.0 -999 -999 "" "" "" "" 0 0 0.0 0.0 -999 ""
FIBERMAP 110 R-1C13 APOGEE 1 1 0 1 0 0 -16.51841226287307 -38.843951055488176 143.1 -34.98043230432698 -23.61481260196004 305.35782 54.967667 270.7626805010784 34.05412570010196 -2.10306 -0.8903049 0.3932501 270.7626715133944 34.05411773211107 270.6552560039588 34.05555418207993 43.743372317288134 72.19258605453365 16000.0 16600.0 2016.0 2 162 {-999.0 12.954474 11.969737 11.597813 -999.0} sdss_psfmag_from_g3xp 12.630391 11.996339 11.235798 9.545 63050395770801213 1108231683 bright_1x1 mwm_tess_rgb_apogee mwm_tessrgb science 0 0 0.0 0.0 -999 ""
FIBERMAP 110 R-1C13 BOSS 0 0 0 1 0 0 -17.257571187112177 -38.855409010392464 143.1 -35.60692356170646 -23.222553833963634 305.35782 54.967667 -999.0 -999.0 -999.0 -999.0 -999.0 270.75945348515864 34.055840206646586 270.6517841159732 34.05732245789157 43.74660686532776 72.19124525061926 -999.0 5400.0 -999.0 1 346 {-999.0 -999.0 -999.0 -999.0 -999.0} "" -999.0 -999.0 -999.0 -999.0 -999 -999 "" "" "" "" 0 0 0.0 0.0 -999 ""
FIBERMAP 110 R-1C13 METROLOGY 0 0 0 1 0 0 -16.910338822102695 -38.20049187706074 143.1 -34.95947298513053 -22.861770177866113 305.35782 54.967667 -999.0 -999.0 -999.0 -999.0 -999.0 270.7629501319235 34.05749758844454 270.65534351753763 34.05897328578008 43.74418199388203 72.18798685400805 -999.0 6231.0 -999.0 -1 -999 {-999.0 -999.0 -999.0 -999.0 -999.0} "" -999.0 -999.0 -999.0 -999.0 -999 -999 "" "" "" "" 0 0 0.0 0.0 -999 ""
FIBERMAP 114 R-12C15 APOGEE 0 0 0 1 0 0 151.67556676908 -248.2586164985799 143.1 -7.698015042999154 -290.7895896319284 275.46756 92.72923 -999.0 -999.0 -999.0 -999.0 -999.0 270.9091672212883 32.848014873463804 270.8061818463574 32.850135612819784 43.300079494262526 73.74824006944846 -999.0 16600.0 -999.0 2 236 {-999.0 -999.0 -999.0 -999.0 -999.0} "" -999.0 -999.0 -999.0 -999.0 -999 -999 "" ops_sky_apogee_best_unassigned ops_sky sky_apogee 0 0 0.0 0.0 -999 ""
FIBERMAP 114 R-12C15 BOSS 1 1 0 1 0 0 150.93783044926195 -248.35297636486445 143.1 -8.368385507074244 -290.4676710628808 275.46756 92.72923 270.9057944739756 32.849443309733346 -0.3112388 -7.214659 0.064356424 270.9058145392803 32.849408894911114 270.80257775316034 32.85158019261529 43.30338875548944 73.74748388302191 5400.0 5400.0 2016.0 1 258 {-999.0 17.541372 16.379734 16.0837 -999.0} sdss_psfmag_ps1 17.138401 16.462547 15.682035 14.052 63050395770699457 1061186507 bright_1x1 manual_mwm_halo_distant_kgiant_far_boss_single mwm_halo science 0 0 0.0 0.0 -999 ""
FIBERMAP 114 R-12C15 METROLOGY 0 0 0 1 0 0 151.22810307080573 -247.6581264143007 143.1 -7.747021335046064 -290.04240950499565 275.46756 92.72923 -999.0 -999.0 -999.0 -999.0 -999.0 270.9090902598875 32.85129981777739 270.80591537280793 32.8534624859352 43.301215221003474 73.74393233902845 -999.0 6231.0 -999.0 -1 -999 {-999.0 -999.0 -999.0 -999.0 -999.0} "" -999.0 -999.0 -999.0 -999.0 -999 -999 "" "" "" "" 0 0 0.0 0.0 -999 ""
FIBERMAP 115 R-11C13 APOGEE 1 1 0 1 0 0 86.36867606506327 -197.0389159842984 143.1 -34.652317507722685 -212.3020893844483 202.34207 26.305597 270.7639257276826 33.19875058787022 6.7902107 -10.490011 1.9511188 270.7639848480362 33.19871586719096 270.65976711613826 33.2003615247951 43.51399896424113 73.33080807592222 16000.0 16600.0 2016.0 2 166 {-999.0 10.767731 10.604132 10.579006 -999.0} sdss_psfmag_from_g3xp 10.777156 10.587111 10.257209 9.755 63050395770706521 975100122 "" ops_std_apogee ops_std standard_apogee 0 0 0.0 0.0 -999 ""
FIBERMAP 115 R-11C13 BOSS 0 0 0 1 0 0 86.85265907117771 -196.47968476216226 143.1 -33.942136801750515 -212.0959501222237 202.34207 26.305597 -999.0 -999.0 -999.0 -999.0 -999.0 270.76807270180933 33.19953043584138 270.66360298073005 33.201245042901135 43.51114809629483 73.3284376615897 -999.0 5400.0 -999.0 1 395 {-999.0 -999.0 -999.0 -999.0 -999.0} "" -999.0 -999.0 -999.0 -999.0 -999 -999 "" "" "" "" 0 0 0.0 0.0 -999 ""
FIBERMAP 115 R-11C13 METROLOGY 0 0 0 1 0 0 87.10101170963392 -197.18079167149023 143.1 -34.11491801136242 -212.8193075928978 202.34207 26.305597 -999.0 -999.0 -999.0 -999.0 -999.0 270.7670687584289 33.1963086456357 270.6626814571772 33.19800485752891 43.511013564033924 73.33302642064228 -999.0 6231.0 -999.0 -1 -999 {-999.0 -999.0 -999.0 -999.0 -999.0} "" -999.0 -999.0 -999.0 -999.0 -999 -999 "" "" "" "" 0 0 0.0 0.0 -999 ""
FIBERMAP 117 R-1C9 APOGEE 1 1 0 1 0 0 -110.61250261561592 -19.305975714913234 143.1 -103.31642744914657 43.938445308557654 146.57631 144.9549 270.3865051954425 34.36153740297446 -2.3493767 -9.999978 0.2341878 270.3865058860729 34.361513355985025 270.27807950150293 34.36186756866793 44.12281936410346 71.8910845172432 16000.0 16600.0 2016.0 2 244 {-999.0 13.801031 12.469434 10.8152275 -999.0} sdss_psfmag_from_g3xp 13.30009 11.55015 10.286884 7.433 63050395770808662 1155960247 bright_1x1 mwm_galactic_core_dist_apogee_extra mwm_galactic science 0 0 0.0 0.0 -999 ""
FIBERMAP 117 R-1C9 BOSS 0 0 0 1 0 0 -110.90470716672532 -18.62346844795154 143.1 -103.19055681046389 44.67003684487773 146.57631 144.9549 -999.0 -999.0 -999.0 -999.0 -999.0 270.3873807742993 34.364810778378235 270.27869466259847 34.36521919138806 44.12316626195695 71.88638703141783 -999.0 5400.0 -999.0 1 481 {-999.0 -999.0 -999.0 -999.0 -999.0} "" -999.0 -999.0 -999.0 -999.0 -999 -999 "" "" "" "" 0 0 0.0 0.0 -999 ""
FIBERMAP 117 R-1C9 METROLOGY 0 0 0 1 0 0 -110.16153731801802 -18.706025558944663 143.1 -102.61181489948932 44.1967050825439 146.57631 144.9549 -999.0 -999.0 -999.0 -999.0 -999.0 270.3905111120695 34.36267684395449 270.28190175293 34.363079249432275 44.12006771235222 71.8883505437467 -999.0 6231.0 -999.0 -1 -999 {-999.0 -999.0 -999.0 -999.0 -999.0} "" -999.0 -999.0 -999.0 -999.0 -999 -999 "" "" "" "" 0 0 0.0 0.0 -999 ""
FIBERMAP 119 R0C6 APOGEE 0 0 0 1 0 0 -188.26121793136628 -4.200532592631561 143.1 -160.26229025777414 98.83097147406032 171.2866 145.91222 -999.0 -999.0 -999.0 -999.0 -999.0 270.0727939236814 34.609324401470325 269.96355248017846 34.60877946671063 44.43507808762649 71.64646056218584 -999.0 16600.0 -999.0 2 -999 {-999.0 -999.0 -999.0 -999.0 -999.0} "" -999.0 -999.0 -999.0 -999.0 -999 -999 "" "" "" "" 0 0 0.0 0.0 -999 ""
FIBERMAP 119 R0C6 BOSS 1 1 0 1 0 0 -188.8198380320526 -3.729454018430039 143.1 -160.4749327168885 99.52999122679948 171.2866 145.91222 270.0718515036881 34.612555789615925 -9.227343 -27.96381 0.7669821 270.07180776737397 34.6124600499529 269.9623094969413 34.61196257097526 44.43684770010045 71.64248769944169 5400.0 5400.0 2016.0 1 494 {-999.0 18.039848 17.083117 16.705822 -999.0} sdss_psfmag_ps1 17.810915 17.157606 16.37878 14.653 63050395770828436 1072940843 bright_1x1 mwm_halo_local_high_boss_single mwm_halo science 0 0 0.0 0.0 -999 ""
FIBERMAP 119 R0C6 METROLOGY 0 0 0 1 0 0 -188.10896349833138 -3.470135051471257 143.1 -159.73741650271793 99.36110179510275 171.2866 145.91222 -999.0 -999.0 -999.0 -999.0 -999.0 270.07579958539804 34.61173296731719 269.96637188731233 34.611231951603806 44.43342707987028 71.64233612035935 -999.0 6231.0 -999.0 -1 -999 {-999.0 -999.0 -999.0 -999.0 -999.0} "" -999.0 -999.0 -999.0 -999.0 -999 -999 "" "" "" "" 0 0 0.0 0.0 -999 ""
FIBERMAP 120 R-7C13 APOGEE 1 1 0 1 0 0 65.55858720438839 -123.71337987513039 143.1 -12.248609551327668 -139.45706960278835 70.9957 96.48413 270.8862576014996 33.52726405942534 -2.5851107 -12.347659 1.512019 270.8862338775169 33.527228479517106 270.78074602339177 33.529123257966894 43.504908236813016 72.85674658450824 16000.0 16600.0 2016.0 2 163 {-999.0 11.972415 11.520256 11.364103 -999.0} sdss_psfmag_from_g3xp 11.884188 11.541259 11.02994 10.098 63050395770719764 1104787795 bright_1x1 mwm_tess_rgb_apogee mwm_tessrgb science 0 0 0.0 0.0 -999 ""
FIBERMAP 120 R-7C13 BOSS 0 0 0 1 0 0 66.29004178756436 -123.87919485279774 143.1 -11.72496495729136 -139.9938973276865 70.9957 96.48413 -999.0 -999.0 -999.0 -999.0 -999.0 270.88932748847253 33.524674593633485 270.7835992808608 33.52663555207525 43.50195321777636 72.85917943987045 -999.0 5400.0 -999.0 1 354 {-999.0 -999.0 -999.0 -999.0 -999.0} "" -999.0 -999.0 -999.0 -999.0 -999 -999 "" "" "" "" 0 0 0.0 0.0 -999 ""
FIBERMAP 120 R-7C13 METROLOGY 0 0 0 1 0 0 65.79624648775888 -124.42359526420941 143.1 -12.435316232276158 -140.1822565355354 70.9957 96.48413 -999.0 -999.0 -999.0 -999.0 -999.0 270.88537978902366 33.52385769188054 270.77972671107227 33.525792012065864 43.50484036160466 72.86148554054341 -999.0 6231.0 -999.0 -1 -999 {-999.0 -999.0 -999.0 -999.0 -999.0} "" -999.0 -999.0 -999.0 -999.0 -999 -999 "" "" "" "" 0 0 0.0 0.0 -999 ""
FIBERMAP 124 R-6C12 APOGEE 0 0 0 1 0 0 43.220826715409615 -109.80230962350399 143.1 -23.42991825175893 -115.63883423260043 94.18225 18.789326 -999.0 -999.0 -999.0 -999.0 -999.0 270.8253939329461 33.63538843627028 270.71952696853043 33.63709376444264 43.582717710919944 72.7317850912707 -999.0 16600.0 -999.0 2 -999 {-999.0 -999.0 -999.0 -999.0 -999.0} "" -999.0 -999.0 -999.0 -999.0 -999 -999 "" "" "" "" 0 0 0.0 0.0 -999 ""
FIBERMAP 124 R-6C12 BOSS 1 1 0 1 0 0 43.51253596490126 -110.48196614814442 143.1 -23.554654599019567 -116.3677642913692 94.18225 18.789326 270.824963127274 33.631994320198935 -6.9696136 -19.403189 0.5005904 270.82494212613216 33.63197134939107 270.7188397512475 33.633732946340075 43.582381520155195 72.73646847355639 5400.0 5400.0 2016.0 1 378 {-999.0 16.95545 16.400888 16.161203 -999.0} sdss_psfmag_ps1 16.724533 16.357185 15.812502 14.543 63050395770719940 1072824112 bright_1x1 mwm_halo_local_high_boss_single mwm_halo science 0 0 0.0 0.0 -999 ""
FIBERMAP 124 R-6C12 METROLOGY 0 0 0 1 0 0 42.77767421246426 -110.40254111188581 143.1 -24.12812768989386 -115.90157782726006 94.18225 18.789326 -999.0 -999.0 -999.0 -999.0 -999.0 270.821742820323 33.634120068157586 270.7157041163374 33.63585648748482 43.585460515352885 72.73459336536683 -999.0 6231.0 -999.0 -1 -999 {-999.0 -999.0 -999.0 -999.0 -999.0} "" -999.0 -999.0 -999.0 -999.0 -999 -999 "" "" "" "" 0 0 0.0 0.0 -999 ""
FIBERMAP 126 R-7C19 APOGEE 0 0 0 1 0 0 181.6411074019632 -140.0293288270274 143.1 76.29065636025913 -216.26147902982268 171.8951 146.03395 -999.0 -999.0 -999.0 -999.0 -999.0 271.36502276668745 33.17924737484742 271.26063406777575 33.1825135343375 43.02532011163146 73.16627646497125 -999.0 16600.0 -999.0 2 -999 {-999.0 -999.0 -999.0 -999.0 -999.0} "" -999.0 -999.0 -999.0 -999.0 -999 -999 "" "" "" "" 0 0 0.0 0.0 -999 ""
FIBERMAP 126 R-7C19 BOSS 1 1 0 1 0 0 181.07520061138655 -139.55025460558969 143.1 76.076246467298 -215.55178806415708 171.8951 146.03395 271.3641891965139 33.182369440685896 -2.2861302 -3.6584005 1.3899057 271.36416856555826 33.18234047058389 271.2595175698948 33.18566351465792 43.027082419535155 73.16248318632444 5400.0 5400.0 2016.0 1 320 {-999.0 20.76767 19.328827 17.996204 -999.0} sdss_psfmag_ps1 20.265919 18.672829 17.449612 15.171 63050395770711186 1094239936 bright_1x1 mwm_bin_vis_boss mwm_filler science 0 0 0.0 0.0 -999 ""
FIBERMAP 126 R-7C19 METROLOGY 0 0 0 1 0 0 181.7852901717258 -139.29729514650757 143.1 76.80964637104145 -215.72558726393746 171.8951 146.03395 -999.0 -999.0 -999.0 -999.0 -999.0 271.36805227901044 33.181573027218334 271.2634737428202 33.184889731745216 43.02368620406316 73.16225929458045 -999.0 6231.0 -999.0 -1 -999 {-999.0 -999.0 -999.0 -999.0 -999.0} "" -999.0 -999.0 -999.0 -999.0 -999 -999 "" "" "" "" 0 0 0.0 0.0 -999 ""
FIBERMAP 129 R-6C21 APOGEE 1 1 0 1 0 0 215.74378125663102 -105.60959630168063 143.1 123.62143227999788 -205.91962353690528 130.33995 113.78134 271.6215740259271 33.22477389288675 -4.0771785 21.549742 1.8802391 271.62155808309797 33.224820057121185 271.5168991470308 33.22876547790385 42.83184281804057 73.02512476588203 16000.0 16600.0 2016.0 2 194 {-999.0 10.678835 9.601235 9.206154 -999.0} sdss_psfmag_from_g3xp 10.304409 9.630341 8.844462 7.188 63050395770710580 1104690384 bright_1x1 mwm_tess_rgb_apogee mwm_tessrgb science 0 0 0.0 0.0 -999 ""
FIBERMAP 129 R-6C21 BOSS 0 0 0 1 0 0 216.03835477191348 -104.92988487842459 143.1 124.23817485355339 -205.50940375671584 130.33995 113.78134 -999.0 -999.0 -999.0 -999.0 -999.0 271.62519154188465 33.226563314500766 271.52027171339387 33.23057861388017 42.829629003820116 73.02169000850841 -999.0 5400.0 -999.0 1 333 {-999.0 -999.0 -999.0 -999.0 -999.0} "" -999.0 -999.0 -999.0 -999.0 -999 -999 "" "" "" "" 0 0 0.0 0.0 -999 ""
FIBERMAP 129 R-6C21 METROLOGY 0 0 0 1 0 0 216.48308317274052 -105.53177525013398 143.1 124.28412451090965 -206.25627177302016 130.33995 113.78134 -999.0 -999.0 -999.0 -999.0 -999.0 271.62530268147634 33.22323387294329 271.5204668339853 33.227233141835555 42.828552142718266 73.0260146455372 -999.0 6231.0 -999.0 -1 -999 {-999.0 -999.0 -999.0 -999.0 -999.0} "" -999.0 -999.0 -999.0 -999.0 -999 -999 "" "" "" "" 0 0 0.0 0.0 -999 ""
FIBERMAP 130 R-9C15 APOGEE 0 0 0 1 0 0 129.50246939230655 -163.64708216182393 143.1 19.698020411053257 -207.73292367943722 57.460415 119.82403 -999.0 -999.0 -999.0 -999.0 -999.0 271.0587721222802 33.21847603064212 270.95436128592405 33.220909070918104 43.28233783955847 73.21157340208822 -999.0 16600.0 -999.0 2 -999 {-999.0 -999.0 -999.0 -999.0 -999.0} "" -999.0 -999.0 -999.0 -999.0 -999 -999 "" "" "" "" 0 0 0.0 0.0 -999 ""
FIBERMAP 130 R-9C15 BOSS 1 1 0 1 0 0 130.23421258704596 -163.66638748986293 143.1 20.30156309100868 -208.14696544781648 57.460415 119.82403 271.06235229973237 33.21660463488368 -13.172666 -40.09874 1.114835 271.0622886526127 33.21649935450462 270.9576344503307 33.21900126209901 43.27918397049086 73.21307236025933 5400.0 5400.0 2016.0 1 265 {-999.0 15.838989 15.241099 15.018316 -999.0} sdss_psfmag_ps1 15.670312 15.23895 14.635838 13.432 63050395770717072 1072881429 bright_1x1 mwm_halo_local_high_boss_single mwm_halo science 0 0 0.0 0.0 -999 ""
FIBERMAP 130 R-9C15 METROLOGY 0 0 0 1 0 0 129.8582772083096 -164.30287388072782 143.1 19.640047136585505 -208.4766774797521 57.460415 119.82403 -999.0 -999.0 -999.0 -999.0 -999.0 271.05862023602816 33.215053474133 270.9540435238273 33.217529165565516 43.28167449035601 73.2161405304438 -999.0 6231.0 -999.0 -1 -999 {-999.0 -999.0 -999.0 -999.0 -999.0} "" -999.0 -999.0 -999.0 -999.0 -999 -999 "" "" "" "" 0 0 0.0 0.0 -999 ""
FIBERMAP 136 R-10C12 APOGEE 0 0 0 1 0 0 79.448418098383 -201.62951864810793 143.1 -42.95528576486703 -212.39179341522683 338.51706 108.10593 -999.0 -999.0 -999.0 -999.0 -999.0 270.7189871832445 33.19842220720454 270.6147889961735 33.199947066905914 43.55012015358386 73.34539911728064 -999.0 16600.0 -999.0 2 -999 {-999.0 -999.0 -999.0 -999.0 -999.0} "" -999.0 -999.0 -999.0 -999.0 -999 -999 "" "" "" "" 0 0 0.0 0.0 -999 ""
FIBERMAP 136 R-10C12 BOSS 1 1 0 1 0 0 79.42032090627123 -202.3422667221451 143.1 -43.36637771801406 -212.97461637785185 338.51706 108.10593 270.71706925322786 33.1957805589557 -23.303333 -22.043543 0.5980675 270.716999708318 33.19570891531795 270.6125654127817 33.197287127526174 43.551192366340416 73.349626587935 5400.0 5400.0 2016.0 1 369 {-999.0 17.3683 16.732925 16.54318 -999.0} sdss_psfmag_ps1 17.168985 16.754791 16.173923 15.123 63050395770707750 1072824163 bright_1x1 mwm_halo_local_high_boss_single mwm_halo science 0 0 0.0 0.0 -999 ""
FIBERMAP 136 R-10C12 METROLOGY 0 0 0 1 0 0 78.78350144197057 -201.96796778835963 143.1 -43.69725896643983 -212.31429254953395 338.51706 108.10593 -999.0 -999.0 -999.0 -999.0 -999.0 270.7151346839306 33.19870455473618 270.6107600651118 33.200260575723796 43.553450645299165 73.346240126569 -999.0 6231.0 -999.0 -1 -999 {-999.0 -999.0 -999.0 -999.0 -999.0} "" -999.0 -999.0 -999.0 -999.0 -999 -999 "" "" "" "" 0 0 0.0 0.0 -999 ""
FIBERMAP 138 R-2C24 APOGEE 0 0 0 1 0 0 252.39069497165352 -45.4146659201832 143.1 187.10092410939845 -175.33191296249177 270.29565 152.21692 -999.0 -999.0 -999.0 -999.0 -999.0 271.96661979641686 33.36081070942297 271.86132197634925 33.365652075913744 42.592686716110904 72.73829382939465 -999.0 16600.0 -999.0 2 -999 {-999.0 -999.0 -999.0 -999.0 -999.0} "" -999.0 -999.0 -999.0 -999.0 -999 -999 "" "" "" "" 0 0 0.0 0.0 -999 ""
FIBERMAP 138 R-2C24 BOSS 1 1 0 1 0 0 252.05876067347828 -46.075732028827574 143.1 186.46296769323004 -175.70617391482352 270.29565 152.21692 271.96344181171185 33.359010801624905 -20.366753 18.630442 0.73451746 271.96341746037115 33.359071911608766 271.8578718491153 33.36396608111343 42.594993785058506 72.74157173759306 5400.0 5400.0 2016.0 1 260 {-999.0 16.348412 15.883112 15.706621 -999.0} sdss_psfmag_ps1 16.242617 15.88931 15.3610735 14.416 63050395770692060 1072881450 bright_1x1 mwm_halo_local_high_boss_single mwm_halo science 0 0 0.0 0.0 -999 ""
FIBERMAP 138 R-2C24 METROLOGY 0 0 0 1 0 0 251.6460765365664 -45.46162725151227 143.1 186.45054868251302 -174.96647839907592 270.29565 152.21692 -999.0 -999.0 -999.0 -999.0 -999.0 271.9633547260251 33.36241758853503 271.8578691168847 33.36729347327877 42.59591051642239 72.73722668161139 -999.0 6231.0 -999.0 -1 -999 {-999.0 -999.0 -999.0 -999.0 -999.0} "" -999.0 -999.0 -999.0 -999.0 -999 -999 "" "" "" "" 0 0 0.0 0.0 -999 ""
FIBERMAP 140 R-4C12 APOGEE 0 0 0 1 0 0 -3.6970571195424484 -63.87968023038233 143.1 -37.83314057730998 -51.594273502471246 112.976906 107.98996 -999.0 -999.0 -999.0 -999.0 -999.0 270.7468569160379 33.92671935211329 270.6399286059683 33.928143871824226 43.72274250541076 72.36747566383303 -999.0 16600.0 -999.0 2 -999 {-999.0 -999.0 -999.0 -999.0 -999.0} "" -999.0 -999.0 -999.0 -999.0 -999 -999 "" "" "" "" 0 0 0.0 0.0 -999 ""
FIBERMAP 140 R-4C12 BOSS 1 1 0 1 0 0 -3.1581135624983543 -63.37897699111137 143.1 -37.10866109381669 -51.46712924444188 112.976906 107.98996 270.7510606059794 33.92721596667486 1.223262 1.8822762 0.5197032 270.75105803734425 33.92720914277756 270.64387777045647 33.92870014050568 43.719721957284115 72.36555693826489 5400.0 5400.0 2016.0 1 365 {-999.0 15.939323 15.515086 15.445695 -999.0} sdss_psfmag_ps1 15.842974 15.53679 15.075088 14.278 63050395770800904 978485829 "" ops_std_boss ops_std standard_boss 0 0 0.0 0.0 -999 ""
FIBERMAP 140 R-4C12 METROLOGY 0 0 0 1 0 0 -2.985888920750839 -64.10529444433904 143.1 -37.35903148004846 -52.170251956867965 112.976906 107.98996 -999.0 -999.0 -999.0 -999.0 -999.0 270.7496148502752 33.92403079902401 270.6425175499943 33.925503013825264 43.71998313032154 72.37023424570077 -999.0 6231.0 -999.0 -1 -999 {-999.0 -999.0 -999.0 -999.0 -999.0} "" -999.0 -999.0 -999.0 -999.0 -999 -999 "" "" "" "" 0 0 0.0 0.0 -999 ""
FIBERMAP 142 R0C2 APOGEE 1 1 0 1 0 0 -270.32434300883375 9.475286529810038 143.1 -221.6897568392524 154.92390797373355 67.34849 144.86124 269.73614222537304 34.85917443229252 -16.817274 14.805802 3.6648054 269.73604900334743 34.859226774683364 269.6259904684274 34.85772183236126 44.764351389313326 71.4011486804464 16000.0 16600.0 2016.0 2 295 {-999.0 12.725376 12.253431 12.101695 -999.0} sdss_psfmag_from_g3xp 12.631399 12.284315 11.769952 10.865 63050395770834618 1076230582 bright_1x1 mwm_snc_ext_main_apogee mwm_snc science 0 0 0.0 0.0 -999 ""
FIBERMAP 142 R0C2 BOSS 0 0 0 1 0 0 -269.66925038676567 9.823875204855565 143.1 -220.95051466077734 154.86025688393417 67.34849 144.86124 -999.0 -999.0 -999.0 -999.0 -999.0 269.7403188867035 34.8589476778194 269.6300160154673 34.85750323481137 44.761091110920695 71.40033972333384 -999.0 5400.0 -999.0 1 423 {-999.0 -999.0 -999.0 -999.0 -999.0} "" -999.0 -999.0 -999.0 -999.0 -999 -999 "" "" "" "" 0 0 0.0 0.0 -999 ""
FIBERMAP 142 R0C2 METROLOGY 0 0 0 1 0 0 -269.69426699018237 9.077758334289953 143.1 -221.37716384901046 154.24775776858584 67.34849 144.86124 -999.0 -999.0 -999.0 -999.0 -999.0 269.73793099855317 34.85617329360578 269.62770890052525 34.85470922844369 44.76226432673999 71.40479653936677 -999.0 6231.0 -999.0 -1 -999 {-999.0 -999.0 -999.0 -999.0 -999.0} "" -999.0 -999.0 -999.0 -999.0 -999 -999 "" "" "" "" 0 0 0.0 0.0 -999 ""
FIBERMAP 144 R-4C4 APOGEE 0 0 0 1 0 0 -178.38062527439914 -94.65655106400851 143.1 -201.1511125361868 17.55325216294058 300.88992 86.970375 -999.0 -999.0 -999.0 -999.0 -999.0 269.8512395372036 34.23901508954928 269.74350522288955 34.23796450952001 44.51953533924869 72.21283848916033 -999.0 16600.0 -999.0 2 -999 {-999.0 -999.0 -999.0 -999.0 -999.0} "" -999.0 -999.0 -999.0 -999.0 -999 -999 "" "" "" "" 0 0 0.0 0.0 -999 ""
FIBERMAP 144 R-4C4 BOSS 1 1 0 1 0 0 -179.04517410922682 -95.01197441243912 143.1 -201.90200579710077 17.616309221924364 300.88992 86.970375 269.8473418358616 34.239292248606304 -13.037436 -20.751886 0.6925844 269.84733299342486 34.23922458803301 269.7393564523537 34.23821514785697 44.52291959460505 72.21369539164914 5400.0 5400.0 2016.0 1 455 {-999.0 17.41553 16.948969 16.762352 -999.0} sdss_psfmag_ps1 17.309158 16.925764 16.367424 15.233 63050395770817782 1072780413 bright_1x1 mwm_halo_local_high_boss_single mwm_halo science 0 0 0.0 0.0 -999 ""
FIBERMAP 144 R-4C4 METROLOGY 0 0 0 1 0 0 -179.01560173241086 -94.2648025754566 143.1 -201.47096007822825 18.2272166767582 300.88992 86.970375 -999.0 -999.0 -999.0 -999.0 -999.0 269.84959910623576 34.24202718422332 269.74167983273276 34.24100850818982 44.521754521120116 72.20923032115604 -999.0 6231.0 -999.0 -1 -999 {-999.0 -999.0 -999.0 -999.0 -999.0} "" -999.0 -999.0 -999.0 -999.0 -999 -999 "" "" "" "" 0 0 0.0 0.0 -999 ""
FIBERMAP 146 R-8C5 APOGEE 1 1 0 1 0 0 -126.91018645624959 -141.60762843971764 143.1 -183.4867928243936 -49.829506489963684 189.57176 53.149345 269.9502897720283 33.93370336820299 -3.8492205 -5.5514073 0.49958637 269.95023110242755 33.93367661877921 269.84360938752525 33.93296346659935 44.362536644666825 72.59705392596561 16000.0 16600.0 2016.0 2 265 {-999.0 12.882662 12.038099 11.73721 -999.0} sdss_psfmag_from_g3xp 12.627376 12.080038 11.385198 9.962 63050395770797162 1104488150 bright_1x1 mwm_tess_rgb_apogee mwm_tessrgb science 0 0 0.0 0.0 -999 ""
FIBERMAP 146 R-8C5 BOSS 0 0 0 1 0 0 -126.57513108411138 -140.93839171314892 143.1 -182.8417750869106 -49.45008610081366 189.57176 53.149345 -999.0 -999.0 -999.0 -999.0 -999.0 269.95390156591077 33.93534424005438 269.8470287565834 33.93469361461448 44.36023317217162 72.59370403567067 -999.0 5400.0 -999.0 1 480 {-999.0 -999.0 -999.0 -999.0 -999.0} "" -999.0 -999.0 -999.0 -999.0 -999 -999 "" "" "" "" 0 0 0.0 0.0 -999 ""
FIBERMAP 146 R-8C5 METROLOGY 0 0 0 1 0 0 -126.16440352515609 -141.56587931571727 143.1 -182.83827404365692 -50.199947977604694 189.57176 53.149345 -999.0 -999.0 -999.0 -999.0 -999.0 269.9538986518262 33.931959168837395 269.84710753593254 33.931294303158225 44.35930505409534 72.59827882459513 -999.0 6231.0 -999.0 -1 -999 {-999.0 -999.0 -999.0 -999.0 -999.0} "" -999.0 -999.0 -999.0 -999.0 -999 -999 "" "" "" "" 0 0 0.0 0.0 -999 ""
FIBERMAP 147 R-3C3 APOGEE 1 1 0 1 0 0 -222.8792932590415 -51.61819551859759 143.1 -215.09241362679523 77.86218370620628 138.0746 125.78656 269.773346932031 34.51182610891081 -3.9943602 -11.405155 0.8864737 269.7733235837521 34.511779664148335 269.6645834245659 34.510456163505054 44.64982955724947 71.86458750646909 16000.0 16600.0 2016.0 2 278 {-999.0 12.34955 11.576679 11.289506 -999.0} sdss_psfmag_from_g3xp 12.130974 11.614539 10.941256 9.541 63050395770828870 1104730825 bright_1x1 mwm_tess_rgb_apogee mwm_tessrgb science 0 0 0.0 0.0 -999 ""
FIBERMAP 147 R-3C3 BOSS 0 0 0 1 0 0 -222.80257487736222 -50.87083156777639 143.1 -214.62170111293358 78.44761953934407 138.0746 125.78656 -999.0 -999.0 -999.0 -999.0 -999.0 269.7760731955383 34.51441637843168 269.6670786223086 34.51315002574934 44.64849300541429 71.86021015425928 -999.0 5400.0 -999.0 1 442 {-999.0 -999.0 -999.0 -999.0 -999.0} "" -999.0 -999.0 -999.0 -999.0 -999 -999 "" "" "" "" 0 0 0.0 0.0 -999 ""
FIBERMAP 147 R-3C3 METROLOGY 0 0 0 1 0 0 -222.18717926810086 -51.334977582872774 143.1 -214.35764659104652 77.72354890801175 138.0746 125.78656 -999.0 -999.0 -999.0 -999.0 -999.0 269.7774709251462 34.51116460087786 269.6685570886939 34.509888479766445 44.64651562280358 71.86423806233097 -999.0 6231.0 -999.0 -1 -999 {-999.0 -999.0 -999.0 -999.0 -999.0} "" -999.0 -999.0 -999.0 -999.0 -999 -999 "" "" "" "" 0 0 0.0 0.0 -999 ""
FIBERMAP 148 R-10C10 APOGEE 0 0 0 1 0 0 32.15505844501506 -206.91542984361632 143.1 -85.51518185314816 -191.11449201881666 329.6522 94.28317 -999.0 -999.0 -999.0 -999.0 -999.0 270.4879586953242 33.294608775888655 270.3834996408731 33.29549014286158 43.76211887827629 73.29011508786084 -999.0 16600.0 -999.0 2 -999 {-999.0 -999.0 -999.0 -999.0 -999.0} "" -999.0 -999.0 -999.0 -999.0 -999 -999 "" "" "" "" 0 0 0.0 0.0 -999 ""
FIBERMAP 148 R-10C10 BOSS 1 1 0 1 0 0 31.818747877032916 -207.58841430944932 143.1 -86.16329049230843 -191.49637486744183 329.6522 94.28317 270.4846481591029 33.29283261687525 -0.7980272 -12.580852 0.58373696 270.4846786912414 33.29279601721141 270.3799821176742 33.29372602705078 43.76447978914566 73.29355803052204 5400.0 5400.0 2016.0 1 370 {-999.0 16.029398 15.622231 15.466746 -999.0} sdss_psfmag_ps1 15.902782 15.603119 15.128868 14.272 63050395770787173 978485811 "" ops_std_boss ops_std standard_boss 0 0 0.0 0.0 -999 ""
FIBERMAP 148 R-10C10 METROLOGY 0 0 0 1 0 0 31.410985001886182 -206.9703542620671 143.1 -86.16942940714394 -190.75603594880818 329.6522 94.28317 -999.0 -999.0 -999.0 -999.0 -999.0 270.48456072851184 33.29615391595956 270.37992135070067 33.29706663597409 43.76542252191316 73.2891197809937 -999.0 6231.0 -999.0 -1 -999 {-999.0 -999.0 -999.0 -999.0 -999.0} "" -999.0 -999.0 -999.0 -999.0 -999 -999 "" "" "" "" 0 0 0.0 0.0 -999 ""
FIBERMAP 153 R-7C3 APOGEE 1 1 0 1 0 0 -173.06718619130692 -145.91464818426505 143.1 -224.56090397736185 -28.348601061088942 226.10577 133.3493 269.72632006539396 34.03005605331973 -1.4719635 -25.92405 2.841569 269.7263016878081 34.02998729745866 269.619412514209 34.02865172339044 44.56660612668114 72.53323862955824 16000.0 16600.0 2016.0 2 300 {-999.0 18.399496 16.813978 15.499716 -999.0} sdss_psfmag_ps1 17.655882 16.172626 14.981789 12.715 63050395770816822 1034957823 bright_1x1 mwm_yso_pms_apogee_sagitta_edr3_single mwm_yso science 0 0 0.0 0.0 -999 ""
FIBERMAP 153 R-7C3 BOSS 0 0 0 1 0 0 -173.8007120085268 -145.9222219664754 143.1 -225.18055645228233 -27.956145574701175 226.10577 133.3493 -999.0 -999.0 -999.0 -999.0 -999.0 269.7231230493259 34.03168759025946 269.61598687925596 34.03039520772535 44.569792373680656 72.53187233610817 -999.0 5400.0 -999.0 1 446 {-999.0 -999.0 -999.0 -999.0 -999.0} "" -999.0 -999.0 -999.0 -999.0 -999 -999 "" "" "" "" 0 0 0.0 0.0 -999 ""
FIBERMAP 153 R-7C3 METROLOGY 0 0 0 1 0 0 -173.4534188323539 -145.27291708727856 143.1 -224.53610617534565 -27.600104477272446 226.10577 133.3493 -999.0 -999.0 -999.0 -999.0 -999.0 269.72653162253135 34.033338807725265 269.61945629595493 34.03204039500016 44.56742332113351 72.52862223213612 -999.0 6231.0 -999.0 -1 -999 {-999.0 -999.0 -999.0 -999.0 -999.0} "" -999.0 -999.0 -999.0 -999.0 -999 -999 "" "" "" "" 0 0 0.0 0.0 -999 ""
FIBERMAP 155 R-11C15 APOGEE 0 0 0 1 0 0 158.93906739677567 -218.71862607139246 143.1 14.45772777940157 -269.9503439286153 348.7665 107.28193 -999.0 -999.0 -999.0 -999.0 -999.0 271.02882009425923 32.940206256779796 270.9254476521289 32.94262629451503 43.22939925595044 73.58816693222593 -999.0 16600.0 -999.0 2 -999 {-999.0 -999.0 -999.0 -999.0 -999.0} "" -999.0 -999.0 -999.0 -999.0 -999 -999 "" "" "" "" 0 0 0.0 0.0 -999 ""
FIBERMAP 155 R-11C15 BOSS 1 1 0 1 0 0 159.0369556682156 -219.454868673491 143.1 14.139582174742298 -270.6213793068336 348.7665 107.28193 271.02737899319123 32.937270122106284 -12.2561245 -37.91812 2.218201 271.02733744067683 32.93716239254623 270.92372818933427 32.939639099890826 43.22996173154336 73.59265414433571 5400.0 5400.0 2016.0 1 267 {-999.0 17.585775 16.152225 15.542992 -999.0} sdss_psfmag_ps1 16.98261 16.073887 15.085334 13.095 63050395770699946 1096487542 bright_1x1 mwm_bin_vis_boss mwm_filler science 0 0 0.0 0.0 -999 ""
FIBERMAP 155 R-11C15 METROLOGY 0 0 0 1 0 0 158.3444574479301 -219.16929334249792 143.1 13.713740188010437 -270.0052354570269 348.7665 107.28193 -999.0 -999.0 -999.0 -999.0 -999.0 271.0249871883365 32.939928539913105 270.9214391807857 32.94238126356473 43.232564959865115 73.5897644010031 -999.0 6231.0 -999.0 -1 -999 {-999.0 -999.0 -999.0 -999.0 -999.0} "" -999.0 -999.0 -999.0 -999.0 -999 -999 "" "" "" "" 0 0 0.0 0.0 -999 ""
FIBERMAP 159 R-8C14 APOGEE 0 0 0 1 0 0 73.09594087901314 -167.49649391728346 143.1 -29.728136704253053 -180.29544767124824 269.5761 51.01355 -999.0 -999.0 -999.0 -999.0 -999.0 270.7907321455196 33.34277289555599 270.6859696240964 33.344455627753796 43.53174424955474 73.13129664131452 -999.0 16600.0 -999.0 2 -999 {-999.0 -999.0 -999.0 -999.0 -999.0} "" -999.0 -999.0 -999.0 -999.0 -999 -999 "" "" "" "" 0 0 0.0 0.0 -999 ""
FIBERMAP 159 R-8C14 BOSS 1 1 0 1 0 0 72.5136819570208 -167.0318423219245 143.1 -29.964109854312873 -179.5889688854242 269.5761 51.01355 270.7897078801028 33.345893929399 -5.8208947 -16.114304 0.50158453 270.78968756937184 33.34585139938637 270.6846663713809 33.34758824501056 43.53363405918319 73.12753753555353 5400.0 5400.0 2016.0 1 327 {-999.0 16.810802 16.322334 16.192444 -999.0} sdss_psfmag_ps1 16.68998 16.332071 15.805277 14.821 63050395770708151 1072940836 bright_1x1 mwm_halo_local_high_boss_single mwm_halo science 0 0 0.0 0.0 -999 ""
FIBERMAP 159 R-8C14 METROLOGY 0 0 0 1 0 0 73.20205941439801 -166.75798133312557 143.1 -29.237565595620772 -179.7334240032318 269.5761 51.01355 -999.0 -999.0 -999.0 -999.0 -999.0 270.7935696190888 33.345217487494466 270.6886193571411 33.34694858221353 43.53028141776426 73.12716457437318 -999.0 6231.0 -999.0 -1 -999 {-999.0 -999.0 -999.0 -999.0 -999.0} "" -999.0 -999.0 -999.0 -999.0 -999 -999 "" "" "" "" 0 0 0.0 0.0 -999 ""
FIBERMAP 160 R+8C5 APOGEE 1 1 0 1 0 0 -121.85835658377391 139.4596093458495 143.1 -26.43399794099249 183.2800903163765 276.05127 73.47158 270.8120790187873 34.99391566773838 -4.4707904 33.770493 5.161025 270.812081429499 34.99400176870964 270.70105013038665 34.995346751747974 43.941888041895 70.91788476208689 16000.0 16600.0 2016.0 2 92 {-999.0 9.893793 9.5175 9.391 -999.0} sdss_psfmag_from_g3xp 9.835992 9.532734 9.060719 8.262 63050395770990424 1103535149 bright_1x1 mwm_tess_2min_apogee mwm_planet science 0 0 0.0 0.0 -999 ""
FIBERMAP 160 R+8C5 BOSS 0 0 0 1 0 0 -122.5957437220794 139.5708998157132 143.1 -26.99226526506419 183.77438953492037 276.05127 73.47158 -999.0 -999.0 -999.0 -999.0 -999.0 270.80923503872697 34.996234563013644 270.69794552885185 34.99762278803635 43.944907837824594 70.91567598616211 -999.0 5400.0 -999.0 1 68 {-999.0 -999.0 -999.0 -999.0 -999.0} "" -999.0 -999.0 -999.0 -999.0 -999 -999 "" "" "" "" 0 0 0.0 0.0 -999 ""
FIBERMAP 160 R+8C5 METROLOGY 0 0 0 1 0 0 -122.12650258932014 140.15668694350285 143.1 -26.280016939042504 184.01082807429938 276.05127 73.47158 -999.0 -999.0 -999.0 -999.0 -999.0 270.8131182035623 34.99730269547748 270.7018940043663 34.9986865172942 43.942028410981216 70.9131521721688 -999.0 6231.0 -999.0 -1 -999 {-999.0 -999.0 -999.0 -999.0 -999.0} "" -999.0 -999.0 -999.0 -999.0 -999 -999 "" "" "" "" 0 0 0.0 0.0 -999 ""
FIBERMAP 162 R-9C14 APOGEE 1 1 0 1 0 0 108.13749186807152 -190.15576394533585 143.1 -12.642815722408496 -218.3616227595445 325.36105 84.604416 270.8799531519115 33.171580589829446 -8.819354 -9.276807 0.40186977 270.8832397502128 33.17119807341242 270.7790750358988 33.173170786653685 43.41051907362082 73.32956857549857 16000.0 16600.0 2016.0 2 192 {-999.0 13.459026 12.622951 12.279001 -999.0} sdss_psfmag_from_g3xp 13.208051 12.640519 11.922897 10.377 63050395770706548 1107812266 bright_1x1 mwm_tess_rgb_apogee mwm_tessrgb science 0 0 0.0 0.0 -999 ""
FIBERMAP 162 R-9C14 BOSS 0 0 0 1 0 0 107.68604687895153 -190.73277791397015 143.1 -13.335360616653773 -218.60037493790594 325.36105 84.604416 -999.0 -999.0 -999.0 -999.0 -999.0 270.8797295452388 33.17003505591035 270.7753225748138 33.1720572130351 43.413239325849126 73.33221849431493 -999.0 5400.0 -999.0 1 328 {-999.0 -999.0 -999.0 -999.0 -999.0} "" -999.0 -999.0 -999.0 -999.0 -999 -999 "" "" "" "" 0 0 0.0 0.0 -999 ""
FIBERMAP 162 R-9C14 METROLOGY 0 0 0 1 0 0 107.40314734700094 -190.04216200134772 143.1 -13.197273122345772 -217.86703812050885 325.36105 84.604416 -999.0 -999.0 -999.0 -999.0 -999.0 270.8804152243675 33.17335051550168 270.77606598836553 33.17535710007112 43.41353687694259 73.32761391202445 -999.0 6231.0 -999.0 -1 -999 {-999.0 -999.0 -999.0 -999.0 -999.0} "" -999.0 -999.0 -999.0 -999.0 -999 -999 "" "" "" "" 0 0 0.0 0.0 -999 ""
FIBERMAP 167 R-6C5 APOGEE 0 0 0 1 0 0 -120.41869895303154 -121.74715833622912 143.1 -167.24154398791666 -36.693047807246906 355.16904 100.82179 -999.0 -999.0 -999.0 -999.0 -999.0 270.0381025401004 33.99365813784179 269.9312173344241 33.993166127186655 44.30756482701022 72.48982724185043 -999.0 16600.0 -999.0 2 251 {-999.0 -999.0 -999.0 -999.0 -999.0} "" -999.0 -999.0 -999.0 -999.0 -999 -999 "" ops_sky_apogee_best_unassigned ops_sky sky_apogee 0 0 0.0 0.0 -999 ""
FIBERMAP 167 R-6C5 BOSS 1 1 0 1 0 0 -120.31079507797585 -122.47837330689087 143.1 -167.54855157144448 -37.36530966073146 355.16904 100.82179 270.03665389930075 33.9905493494825 -8.207139 -9.560728 0.33358043 270.0366327584129 33.99053195512395 269.9295160963811 33.99008985507275 44.308147735902246 72.49448580783854 5400.0 5400.0 2016.0 1 457 {-999.0 17.735212 17.384842 17.267134 -999.0} sdss_psfmag_ps1 17.683191 17.380714 16.921225 16.105 63050395770797153 975940063 "" ops_std_boss ops_std standard_boss 0 0 0.0 0.0 -999 ""
FIBERMAP 167 R-6C5 METROLOGY 0 0 0 1 0 0 -121.00222658351221 -122.20394692467733 143.1 -167.97956000669407 -36.75910136061199 355.16904 100.82179 -999.0 -999.0 -999.0 -999.0 -999.0 270.03420366325633 33.993294527362906 269.9271467269299 33.99283020180859 44.310743821705174 72.49147910604574 -999.0 6231.0 -999.0 -1 -999 {-999.0 -999.0 -999.0 -999.0 -999.0} "" -999.0 -999.0 -999.0 -999.0 -999 -999 "" "" "" "" 0 0 0.0 0.0 -999 ""
FIBERMAP 170 R-2C20 APOGEE 0 0 0 1 0 0 152.61749285812783 -48.04188490706447 143.1 101.94832477241224 -123.29079298766354 218.72429 142.7234 -999.0 -999.0 -999.0 -999.0 -999.0 271.5097921319779 33.59816627147197 271.4037891914006 33.601720085514955 43.024084968543754 72.57000243097411 -999.0 16600.0 -999.0 2 -999 {-999.0 -999.0 -999.0 -999.0 -999.0} "" -999.0 -999.0 -999.0 -999.0 -999 -999 "" "" "" "" 0 0 0.0 0.0 -999 ""
FIBERMAP 170 R-2C20 BOSS 1 1 0 1 0 0 151.8637590404132 -48.07111706601496 143.1 101.29993939768354 -122.9055251274472 218.72429 142.7234 271.50659027796485 33.59982157355077 -0.7674809 -0.33505058 0.124900036 271.5065793296386 33.599826369997345 271.4003186405205 33.603429870508556 43.02732867977962 72.56881202488523 5400.0 5400.0 2016.0 1 298 {-999.0 14.570907 13.91915 13.613728 -999.0} sdss_psfmag_from_g3xp 14.394141 13.915876 13.263251 11.927 63050395770715888 1071091564 bright_1x1 mwm_halo_vmp_xp_boss_single mwm_halo science 0 0 0.0 0.0 -999 ""
FIBERMAP 170 R-2C20 METROLOGY 0 0 0 1 0 0 152.2179841656823 -47.411762073664306 143.1 101.95567073720638 -122.54481936022313 218.72429 142.7234 -999.0 -999.0 -999.0 -999.0 -999.0 271.51009310590837 33.60146808130273 271.403896521256 33.60506399435952 43.024897319435304 72.56556373030685 -999.0 6231.0 -999.0 -1 -999 {-999.0 -999.0 -999.0 -999.0 -999.0} "" -999.0 -999.0 -999.0 -999.0 -999 -999 "" "" "" "" 0 0 0.0 0.0 -999 ""
FIBERMAP 171 R-12C7 APOGEE 0 0 0 1 0 0 -13.68575958377818 -217.92252503461287 143.1 -129.9667377456076 -175.42782783844942 90.31455 82.46302 -999.0 -999.0 -999.0 -999.0 -999.0 270.24660750149013 33.36560002534193 270.1419856809796 33.36581676974234 43.97534906579018 73.27063828765642 -999.0 16600.0 -999.0 2 -999 {-999.0 -999.0 -999.0 -999.0 -999.0} "" -999.0 -999.0 -999.0 -999.0 -999 -999 "" "" "" "" 0 0 0.0 0.0 -999 ""
FIBERMAP 171 R-12C7 BOSS 1 1 0 1 0 0 -12.950950569030752 -218.0082043700607 143.1 -129.39670931212095 -175.89923389483621 90.31455 82.46302 270.24993896484375 33.363384080739124 -999.0 -999.0 -999.0 270.249928435539 33.3633822672298 270.1450692645966 33.36366453895793 43.9722952311043 73.27257306307769 5400.0 5400.0 2015.5 1 404 {-999.0 -999.0 -999.0 -999.0 -999.0} "" -999.0 -999.0 -999.0 -999.0 27021603155900752 813393368 "" ops_sky_boss_good ops_sky sky_boss 0 0 0.0 0.0 -999 ""
FIBERMAP 171 R-12C7 METROLOGY 0 0 0 1 0 0 -13.383512341777081 -218.60466034759304 143.1 -130.08397888042134 -176.16456736660234 90.31455 82.46302 -999.0 -999.0 -999.0 -999.0 -999.0 270.2461585856059 33.36221396374404 270.14137455666173 33.362470504796384 43.974953985788915 73.27530982828085 -999.0 6231.0 -999.0 -1 -999 {-999.0 -999.0 -999.0 -999.0 -999.0} "" -999.0 -999.0 -999.0 -999.0 -999 -999 "" "" "" "" 0 0 0.0 0.0 -999 ""
FIBERMAP 177 R-4C3 APOGEE 0 0 0 1 0 0 -197.23657410809986 -59.841224459809695 143.1 -198.04523086894073 57.020166503725164 115.51302 71.55631 -999.0 -999.0 -999.0 -999.0 -999.0 269.8668479331773 34.41818410328089 269.7584250931051 34.41713296834395 44.551946416165485 71.96502758458399 -999.0 16600.0 -999.0 2 286 {-999.0 -999.0 -999.0 -999.0 -999.0} "" -999.0 -999.0 -999.0 -999.0 -999 -999 "" ops_sky_apogee_best_unassigned ops_sky sky_apogee 0 0 0.0 0.0 -999 ""
FIBERMAP 177 R-4C3 BOSS 1 1 0 1 0 0 -196.50636694071528 -59.74599993817016 143.1 -197.38070835225727 56.70306703443927 115.51302 71.55631 269.87069324925585 34.41677942471978 -4.010526 -15.499608 0.26333615 269.87067066879547 34.4167366906991 269.7620081398319 34.41574716590585 44.54874040796197 71.9658914013985 5400.0 5400.0 2016.0 1 443 {-999.0 17.772219 17.469927 17.333946 -999.0} sdss_psfmag_ps1 17.705208 17.444818 17.00926 15.457 63050395770827517 975935381 "" ops_std_boss ops_std standard_boss 0 0 0.0 0.0 -999 ""
FIBERMAP 177 R-4C3 METROLOGY 0 0 0 1 0 0 -196.78385793895944 -60.4429115118367 143.1 -197.99246777103022 56.26912622872564 115.51302 71.55631 -999.0 -999.0 -999.0 -999.0 -999.0 269.8672873034305 34.414753992644584 269.75870282884694 34.41374141564076 44.550889495618065 71.96956126470991 -999.0 6231.0 -999.0 -1 -999 {-999.0 -999.0 -999.0 -999.0 -999.0} "" -999.0 -999.0 -999.0 -999.0 -999 -999 "" "" "" "" 0 0 0.0 0.0 -999 ""
FIBERMAP 179 R-4C8 APOGEE 0 0 0 1 0 0 -100.83146518921133 -81.59838669733286 143.1 -128.97650629210617 -13.651790228110789 189.32692 127.38557 -999.0 -999.0 -999.0 -999.0 -999.0 270.24650613648424 34.09909057008435 270.1391346183193 34.099131932176604 44.16781575467961 72.28574659838512 -999.0 16600.0 -999.0 2 -999 {-999.0 -999.0 -999.0 -999.0 -999.0} "" -999.0 -999.0 -999.0 -999.0 -999 -999 "" "" "" "" 0 0 0.0 0.0 -999 ""
FIBERMAP 179 R-4C8 BOSS 1 1 0 1 0 0 -101.37578197861615 -81.0909887952326 143.1 -129.1573997238393 -12.930069858945762 189.32692 127.38557 270.24526150342064 34.10234638024905 -2.3511844 2.0740712 0.40402105 270.2456773920778 34.10231126562114 270.13804861910296 34.10240289049624 44.16951486172499 72.28165323816938 5400.0 5400.0 2016.0 1 461 {-999.0 13.437029 12.604183 12.279553 -999.0} sdss_psfmag_from_g3xp 13.188649 12.629542 11.92453 10.439 63050395770806337 996736079 bright_1x1 mwm_bin_gaia_sb_boss mwm_bin science 0 0 1.2444995641708374 0.0 -999 ""
FIBERMAP 179 R-4C8 METROLOGY 0 0 0 1 0 0 -100.6659742896522 -80.87087398770167 143.1 -128.4420936748464 -13.131277240233493 189.32692 127.38557 -999.0 -999.0 -999.0 -999.0 -999.0 270.2495434058525 34.10142316678025 270.1419859019969 34.10151028400449 44.16613484783604 72.28170479805101 -999.0 6231.0 -999.0 -1 -999 {-999.0 -999.0 -999.0 -999.0 -999.0} "" -999.0 -999.0 -999.0 -999.0 -999 -999 "" "" "" "" 0 0 0.0 0.0 -999 ""
FIBERMAP 187 R-7C8 APOGEE 0 0 0 1 0 0 -59.06763873771972 -143.46797494488573 143.1 -127.56849597964352 -88.27595338880627 187.43286 163.40799 -999.0 -999.0 -999.0 -999.0 -999.0 270.2562431783612 33.7599150598404 270.1501454021792 33.76006334088521 44.0720968134202 72.73903194701052 -999.0 16600.0 -999.0 2 288 {-999.0 -999.0 -999.0 -999.0 -999.0} "" -999.0 -999.0 -999.0 -999.0 -999 -999 "" "" "" "" 0 0 0.0 0.0 -999 ""
FIBERMAP 187 R-7C8 BOSS 1 1 0 1 0 0 -59.80152839742248 -143.35975747628453 143.1 -128.12549917274296 -87.7861344103295 187.43286 163.40799 270.2534406046095 33.762030270812154 -20.073019 9.937035 3.1524558 270.2533787116938 33.762047015857846 270.1470292619931 33.76224167838597 44.075163152646155 72.73703705554749 5400.0 5400.0 2016.0 1 400 {-999.0 14.847511 13.977051 13.611999 -999.0} sdss_psfmag_from_g3xp 14.552525 14.054935 13.219587 11.703 63050395770790522 1096078813 bright_1x1 mwm_bin_vis_boss mwm_filler science 0 0 0.0 0.0 -999 ""
FIBERMAP 187 R-7C8 METROLOGY 0 0 0 1 0 0 -59.3428844840393 -142.77260331706327 143.1 -127.4214002107357 -87.54278712597696 187.43286 163.40799 -999.0 -999.0 -999.0 -999.0 -999.0 270.257151099651 33.76317788254379 270.1508652017834 33.76336692917191 44.0723742516559 72.73437497270936 -999.0 6231.0 -999.0 -1 -999 {-999.0 -999.0 -999.0 -999.0 -999.0} "" -999.0 -999.0 -999.0 -999.0 -999 -999 "" "" "" "" 0 0 0.0 0.0 -999 ""
FIBERMAP 188 R-1C2 APOGEE 0 0 0 1 0 0 -252.60849125681878 -33.061874320893 143.1 -229.95063313967887 109.59711325860333 302.27527 106.444405 -999.0 -999.0 -999.0 -999.0 -999.0 269.691682334966 34.65436212565473 269.5824312016599 34.65278665204192 44.74997860590561 71.69341789262313 -999.0 16600.0 -999.0 2 -999 {-999.0 -999.0 -999.0 -999.0 -999.0} "" -999.0 -999.0 -999.0 -999.0 -999 -999 "" "" "" "" 0 0 0.0 0.0 -999 ""
FIBERMAP 188 R-1C2 BOSS 1 1 0 1 0 0 -253.1041519510393 -33.63128421503552 143.1 -230.67614716865495 109.38878166006577 302.27527 106.444405 269.68800360135464 34.653389454140495 -7.158923 -19.669455 0.2177695 269.68796441842846 34.653330351970574 269.57847600194464 34.65179482739866 44.752896928601345 71.69587832926783 5400.0 5400.0 2016.0 1 434 {-999.0 16.127253 15.584078 15.426117 -999.0} sdss_psfmag_ps1 15.99631 15.614329 15.058216 13.937 63050395770834215 1071076256 bright_1x1 mwm_halo_vmp_xp_boss_single mwm_halo science 0 0 0.0 0.0 -999 ""
FIBERMAP 188 R-1C2 METROLOGY 0 0 0 1 0 0 -253.34071981249298 -32.91868450712439 143.1 -230.4872282948198 110.11537598687411 302.27527 106.444405 -999.0 -999.0 -999.0 -999.0 -999.0 269.68891359330814 34.65663522434286 269.5794808964065 34.655087383869834 44.75288877857169 71.6910980299744 -999.0 6231.0 -999.0 -1 -999 {-999.0 -999.0 -999.0 -999.0 -999.0} "" -999.0 -999.0 -999.0 -999.0 -999 -999 "" "" "" "" 0 0 0.0 0.0 -999 ""
FIBERMAP 189 R-5C5 APOGEE 1 1 0 1 0 0 -154.95034989905218 -81.15963624291129 143.1 -174.15156516179894 16.140306478946613 158.88371 71.13575 269.99858833044857 34.233551402423565 -3.2852602 -6.4772563 0.35770905 269.9985440501761 34.23351444137162 269.89076779680784 34.23285957625166 44.40036282629034 72.17722093379444 16000.0 16600.0 2016.0 2 263 {-999.0 12.709441 11.343486 10.360279 -999.0} sdss_psfmag_from_g3xp 12.170686 11.012429 9.944541 7.592 63050395770826909 1152450549 bright_1x1 mwm_galactic_core_dist_apogee_sparse mwm_galactic science 0 0 0.0 0.0 -999 ""
FIBERMAP 189 R-5C5 BOSS 0 0 0 1 0 0 -154.46974146602912 -80.59332397625506 143.1 -173.44036631634165 16.354222489017268 158.88371 71.13575 -999.0 -999.0 -999.0 -999.0 -999.0 270.002599158871 34.2344598768061 269.89457350454427 34.23386773225837 44.39756822440256 72.17475416893245 -999.0 5400.0 -999.0 1 458 {-999.0 -999.0 -999.0 -999.0 -999.0} "" -999.0 -999.0 -999.0 -999.0 -999 -999 "" "" "" "" 0 0 0.0 0.0 -999 ""
FIBERMAP 189 R-5C5 METROLOGY 0 0 0 1 0 0 -154.21444163618716 -81.3011475052149 143.1 -173.61096958554594 15.621451677412946 158.88371 71.13575 -999.0 -999.0 -999.0 -999.0 -999.0 270.00163374836325 34.23113967167272 269.89369029008014 34.230530975152774 44.39744129195656 72.17953142215953 -999.0 6231.0 -999.0 -1 -999 {-999.0 -999.0 -999.0 -999.0 -999.0} "" -999.0 -999.0 -999.0 -999.0 -999 -999 "" "" "" "" 0 0 0.0 0.0 -999 ""
FIBERMAP 192 R+4C10 APOGEE 0 0 0 1 0 0 -47.33900685287901 55.472832394343655 143.1 -9.564251422555103 72.2875284769289 342.048 15.415355 -999.0 -999.0 -999.0 -999.0 -999.0 270.90385398166177 34.49066992385336 270.79472166365736 34.4923808981589 43.74301746868526 71.56724569433987 -999.0 16600.0 -999.0 2 -999 {-999.0 -999.0 -999.0 -999.0 -999.0} "" -999.0 -999.0 -999.0 -999.0 -999 -999 "" "" "" "" 0 0 0.0 0.0 -999 ""
FIBERMAP 192 R+4C10 BOSS 1 1 0 1 0 0 -48.105989628826656 55.50676102023396 143.1 -10.189414681018896 72.73300073991365 342.048 15.415355 270.9006931518188 34.49252672338937 -30.983767 26.748037 0.6522923 270.9006496829811 34.49268832776554 270.7912605802685 34.49444379767653 43.746296965138654 71.56547424148641 5400.0 5400.0 2016.0 1 74 {-999.0 17.999681 17.430914 17.135748 -999.0} sdss_psfmag_ps1 17.805004 17.383549 16.791084 16.124 63050395770810340 1073338870 bright_1x1 mwm_halo_local_high_boss_single mwm_halo science 0 0 0.0 0.0 -999 ""
FIBERMAP 192 R+4C10 METROLOGY 0 0 0 1 0 0 -47.694362692022466 56.12886913729214 143.1 -9.5057656566313 73.03124215249207 342.048 15.415355 -999.0 -999.0 -999.0 -999.0 -999.0 270.90436303012285 34.49404545578065 270.79503816390843 34.49579538740424 43.74362314741573 71.56258035333695 -999.0 6231.0 -999.0 -1 -999 {-999.0 -999.0 -999.0 -999.0 -999.0} "" -999.0 -999.0 -999.0 -999.0 -999 -999 "" "" "" "" 0 0 0.0 0.0 -999 ""
FIBERMAP 194 R-10C1 APOGEE 0 0 0 1 0 0 -178.7505258800231 -212.39522525826695 143.1 -265.47490687732386 -81.04548182718271 308.02768 74.05682 -999.0 -999.0 -999.0 -999.0 -999.0 269.5097334522122 33.79036381943871 269.4038400805424 33.78850535981733 44.678984043233385 72.9232360699167 -999.0 16600.0 -999.0 2 291 {-999.0 -999.0 -999.0 -999.0 -999.0} "" -999.0 -999.0 -999.0 -999.0 -999 -999 "" ops_sky_apogee_best_unassigned ops_sky sky_apogee 0 0 0.0 0.0 -999 ""
FIBERMAP 194 R-10C1 BOSS 1 1 0 1 0 0 -179.43622387439393 -212.6883414750625 143.1 -266.2096715612281 -80.91864144034584 308.02768 74.05682 269.50600668300615 33.79075392046089 10.683798 33.991234 17.588137 269.50603467882115 33.79086514005947 269.39990088579714 33.78904910220178 44.68228858518759 72.92366652571934 5400.0 5400.0 2016.0 1 420 {-999.0 19.978025 18.51088 16.41623 -999.0} sdss_psfmag_ps1 19.450762 17.149137 15.771589 13.158 63050395770813991 1157801943 bright_1x1 mwm_snc_100pc_bright_boss_single mwm_snc science 0 0 0.0 0.0 -999 ""
FIBERMAP 194 R-10C1 METROLOGY 0 0 0 1 0 0 -179.35107482045726 -211.94639023864895 143.1 -265.73482733024736 -80.34233133670325 308.02768 74.05682 -999.0 -999.0 -999.0 -999.0 -999.0 269.5084603659813 33.793494054320526 269.40238369213296 33.79166902229413 44.68095860901812 72.9193653650699 -999.0 6231.0 -999.0 -1 -999 {-999.0 -999.0 -999.0 -999.0 -999.0} "" -999.0 -999.0 -999.0 -999.0 -999 -999 "" "" "" "" 0 0 0.0 0.0 -999 ""
FIBERMAP 199 R+10C9 APOGEE 0 0 0 1 0 0 -8.987278047310395 175.94674516386038 143.1 88.11893554366009 152.53116716462566 295.16824 55.097477 -999.0 -999.0 -999.0 -999.0 -999.0 271.44601413991745 34.85200474297289 271.3352768803036 34.8550849340635 43.40336216310063 70.92899946695314 -999.0 16600.0 -999.0 2 -999 {-999.0 -999.0 -999.0 -999.0 -999.0} "" -999.0 -999.0 -999.0 -999.0 -999 -999 "" "" "" "" 0 0 0.0 0.0 -999 ""
FIBERMAP 199 R+10C9 BOSS 1 1 0 1 0 0 -9.728311689843594 176.0640213878444 143.1 87.56086267041879 153.03247186967914 295.16824 55.097477 271.44334607951595 34.85430656509626 -38.1712 5.1425366 1.0219294 271.4432323272874 34.85429239026008 271.3322327197458 34.85741829346428 43.40636264578629 70.92674544134371 5400.0 5400.0 2016.0 1 121 {-999.0 18.025774 16.883286 16.656103 -999.0} sdss_psfmag_ps1 17.61724 16.988535 16.250381 14.577 63050395770983875 1072824301 bright_1x1 mwm_halo_local_high_boss_single mwm_halo science 0 0 0.0 0.0 -999 ""
FIBERMAP 199 R+10C9 METROLOGY 0 0 0 1 0 0 -9.255703192240848 176.6428844617605 143.1 88.27217216250551 153.261269318218 295.16824 55.097477 -999.0 -999.0 -999.0 -999.0 -999.0 271.4470926158575 34.85529814944123 271.3361597391771 34.85841895893097 43.403491025996075 70.92430678286416 -999.0 6231.0 -999.0 -1 -999 {-999.0 -999.0 -999.0 -999.0 -999.0} "" -999.0 -999.0 -999.0 -999.0 -999 -999 "" "" "" "" 0 0 0.0 0.0 -999 ""
FIBERMAP 200 R+7C19 APOGEE 0 0 0 1 0 0 174.39308434331375 143.62661266044645 143.1 224.42954198305992 25.707728815592443 187.14027 79.450066 -999.0 -999.0 -999.0 -999.0 -999.0 272.1873663679321 34.26842345238884 272.0785753257454 34.273638000956645 42.66285713485031 71.48369314829506 -999.0 16600.0 -999.0 2 -999 {-999.0 -999.0 -999.0 -999.0 -999.0} "" -999.0 -999.0 -999.0 -999.0 -999 -999 "" "" "" "" 0 0 0.0 0.0 -999 ""
FIBERMAP 200 R+7C19 BOSS 1 1 0 1 0 0 174.44338336630017 144.37356689216074 143.1 224.87786205804252 26.307184788200527 187.14027 79.450066 272.19020060002833 34.271045013717895 -17.186483 -5.7425666 0.37823242 272.19014947833676 34.27105189584555 272.08108884347337 34.27633144142584 42.6615603174034 71.47941722409195 5400.0 5400.0 2016.0 1 238 {-999.0 16.276611 15.958118 15.901762 -999.0} sdss_psfmag_ps1 16.236866 15.966385 15.532498 14.74 63050395770883839 978485957 "" ops_std_boss ops_std standard_boss 0 0 0.0 0.0 -999 ""
FIBERMAP 200 R+7C19 METROLOGY 0 0 0 1 0 0 175.06058173324945 143.9599431495122 143.1 225.17089783300614 25.62452953803614 187.14027 79.450066 -999.0 -999.0 -999.0 -999.0 -999.0 272.1916042609238 34.267951902570715 272.08262811389636 34.273219652744885 42.6595157696027 71.48304597060394 -999.0 6231.0 -999.0 -1 -999 {-999.0 -999.0 -999.0 -999.0 -999.0} "" -999.0 -999.0 -999.0 -999.0 -999 -999 "" "" "" "" 0 0 0.0 0.0 -999 ""
FIBERMAP 202 R-10C6 APOGEE 0 0 0 1 0 0 -47.269206376544666 -202.3077049084349 143.1 -149.65849777646767 -144.06572654082902 45.20569 31.69405 -999.0 -999.0 -999.0 -999.0 -999.0 270.1384651358247 33.50714525000009 270.0333621073163 33.50703812591603 44.10002632595488 73.11439582139008 -999.0 16600.0 -999.0 2 -999 {-999.0 -999.0 -999.0 -999.0 -999.0} "" -999.0 -999.0 -999.0 -999.0 -999 -999 "" "" "" "" 0 0 0.0 0.0 -999 ""
FIBERMAP 202 R-10C6 BOSS 1 1 0 1 0 0 -47.43771069331494 -203.03568494109211 143.1 -150.19569316744122 -144.584993314397 45.20569 31.69405 270.1359291473143 33.504798386849934 -38.70243 -33.2157 1.3132381 270.135784912784 33.5047106764621 270.0304483997786 33.50465218091149 44.101745000715205 73.11848938044488 5400.0 5400.0 2016.0 1 391 {-999.0 18.989473 17.66974 16.973644 -999.0} sdss_psfmag_ps1 18.491901 17.509615 16.53591 14.754 63050395770789342 1072940822 bright_1x1 mwm_halo_local_high_boss_single mwm_halo science 0 0 0.0 0.0 -999 ""
FIBERMAP 202 R-10C6 METROLOGY 0 0 0 1 0 0 -47.98123040010241 -202.53060347368034 143.1 -150.37717715455065 -143.865650136539 45.20569 31.69405 -999.0 -999.0 -999.0 -999.0 -999.0 270.13470419675616 33.50798237977319 270.0294250045764 33.50790454158045 44.10342145552702 73.11443043433673 -999.0 6231.0 -999.0 -1 -999 {-999.0 -999.0 -999.0 -999.0 -999.0} "" -999.0 -999.0 -999.0 -999.0 -999 -999 "" "" "" "" 0 0 0.0 0.0 -999 ""
FIBERMAP 204 R-3C18 APOGEE 1 1 0 1 0 0 142.5823161928553 -57.618638340652915 143.1 88.32056477574169 -125.87105001067236 47.877766 57.92338 271.4353794380011 33.58684256658033 -1.390767 -9.703128 8.07842 271.4353937718459 33.586842051713155 271.3294626050057 33.59019849465493 43.08062676742666 72.607945903354 16000.0 16600.0 2016.0 2 224 {-999.0 9.416097 9.161986 9.086631 -999.0} sdss_psfmag_from_g3xp 9.397585 9.161479 8.764072 8.14 63050395770721083 975100258 "" ops_std_apogee ops_std standard_apogee 0 0 0.0 0.0 -999 ""
FIBERMAP 204 R-3C18 BOSS 0 0 0 1 0 0 142.8544690271115 -58.299287212191295 143.1 88.17887822661334 -126.5901801561858 47.877766 57.92338 -999.0 -999.0 -999.0 -999.0 -999.0 271.43487375119224 33.583480056660484 271.3287030316909 33.58689450369451 43.08034924119885 72.61253597790488 -999.0 5400.0 -999.0 1 293 {-999.0 -999.0 -999.0 -999.0 -999.0} "" -999.0 -999.0 -999.0 -999.0 -999 -999 "" "" "" "" 0 0 0.0 0.0 -999 ""
FIBERMAP 204 R-3C18 METROLOGY 0 0 0 1 0 0 142.11133635011305 -58.196331976241574 143.1 87.61125777405589 -126.0997516147425 47.877766 57.92338 -999.0 -999.0 -999.0 -999.0 -999.0 271.4317278237228 33.585743188332536 271.32562141724543 33.58913200949927 43.08342280548929 72.61052857685331 -999.0 6231.0 -999.0 -1 -999 {-999.0 -999.0 -999.0 -999.0 -999.0} "" -999.0 -999.0 -999.0 -999.0 -999 -999 "" "" "" "" 0 0 0.0 0.0 -999 ""
FIBERMAP 208 R-7C5 APOGEE 1 1 0 1 0 0 -136.8520898462016 -129.3043516328963 143.1 -185.1403192762193 -34.09995255761842 167.23895 101.43639 269.9405322619177 34.005041428920734 -2.044863 1.5577828 0.044796485 269.9405237923814 34.005033408405446 269.83363712369544 34.00427731993559 44.38863687944063 72.50348640441831 16000.0 16600.0 2016.0 2 253 {-999.0 14.642947 13.495915 13.014985 -999.0} sdss_psfmag_from_g3xp 14.2304 13.481748 12.642989 10.787 63050395770797513 1152450435 bright_1x1 mwm_galactic_core_dist_apogee_sparse mwm_galactic science 0 0 0.0 0.0 -999 ""
FIBERMAP 208 R-7C5 BOSS 0 0 0 1 0 0 -136.86773045597712 -128.56013029224437 143.1 -184.74881797554468 -33.46693912816076 167.23895 101.43639 -999.0 -999.0 -999.0 -999.0 -999.0 269.94280581124485 34.0078532943085 269.83566422261094 34.0071554336139 44.3877399485194 72.4989947505137 -999.0 5400.0 -999.0 1 451 {-999.0 -999.0 -999.0 -999.0 -999.0} "" -999.0 -999.0 -999.0 -999.0 -999 -999 "" "" "" "" 0 0 0.0 0.0 -999 ""
FIBERMAP 208 R-7C5 METROLOGY 0 0 0 1 0 0 -136.20921431529717 -128.92710381011977 143.1 -184.3957473061382 -34.132912144724756 167.23895 101.43639 -999.0 -999.0 -999.0 -999.0 -999.0 269.94469946747216 34.00485541560772 269.83763733305693 34.00414839112565 44.38539615798832 72.50248585400487 -999.0 6231.0 -999.0 -1 -999 {-999.0 -999.0 -999.0 -999.0 -999.0} "" -999.0 -999.0 -999.0 -999.0 -999 -999 "" "" "" "" 0 0 0.0 0.0 -999 ""
FIBERMAP 214 R-11C5 APOGEE 1 1 0 1 0 0 -59.26929177522801 -221.18699327319845 143.1 -169.99280104309696 -153.3838591318441 36.36621 45.615612 270.0290303457039 33.46513122467999 -5.697326 -12.557852 3.1688194 270.02899411358453 33.465068422839686 269.92409412004406 33.46467788965755 44.176856426814005 73.20466260860104 16000.0 16600.0 2016.0 2 153 {-999.0 10.105035 9.963485 9.943734 -999.0} sdss_psfmag_from_g3xp 10.12728 9.945371 9.623701 9.156 63050395770786826 975100004 "" ops_std_apogee ops_std standard_apogee 0 0 0.0 0.0 -999 ""
FIBERMAP 214 R-11C5 BOSS 0 0 0 1 0 0 -59.347968372724786 -221.92063144674515 143.1 -170.45769421022757 -153.956712381359 36.36621 45.615612 -999.0 -999.0 -999.0 -999.0 -999.0 270.02672995958176 33.46240481366182 269.921597924637 33.462063943749094 44.17818019167725 73.20894140870666 -999.0 5400.0 -999.0 1 392 {-999.0 -999.0 -999.0 -999.0 -999.0} "" -999.0 -999.0 -999.0 -999.0 -999 -999 "" "" "" "" 0 0 0.0 0.0 -999 ""
FIBERMAP 214 R-11C5 METROLOGY 0 0 0 1 0 0 -59.95185449039735 -221.49693975254212 143.1 -170.73408522565103 -153.27284640073532 36.36621 45.615612 -999.0 -999.0 -999.0 -999.0 -999.0 270.0251325810536 33.46550951832749 269.92005850723626 33.465148000302065 44.180228461463926 73.20526138595858 -999.0 6231.0 -999.0 -1 -999 {-999.0 -999.0 -999.0 -999.0 -999.0} "" -999.0 -999.0 -999.0 -999.0 -999 -999 "" "" "" "" 0 0 0.0 0.0 -999 ""
FIBERMAP 215 R-10C15 APOGEE 1 1 0 1 0 0 147.29186039690043 -201.8813223406687 143.1 13.838311145270072 -249.4889256795677 344.68982 100.507 271.0259693664692 33.031400328658144 -2.730708 -2.8908424 1.2396989 271.0259836356563 33.03142193398664 270.92227670993293 33.03381219347273 43.257058914832875 73.4688311801957 16000.0 16600.0 2016.0 2 237 {-999.0 11.996224 11.366397 11.135961 -999.0} sdss_psfmag_from_g3xp 11.842442 11.40484 10.795738 9.627 63050395770700557 1105841200 bright_1x1 mwm_tess_rgb_apogee mwm_tessrgb science 0 0 0.0 0.0 -999 ""
FIBERMAP 215 R-10C15 BOSS 0 0 0 1 0 0 147.26292241926876 -202.62255208292552 143.1 13.411028439658335 -250.0951917708125 344.68982 100.507 -999.0 -999.0 -999.0 -999.0 -999.0 271.0239109285701 33.02863907779033 270.91996637913985 33.03108399259885 43.25817217033565 73.47316358300714 -999.0 5400.0 -999.0 1 266 {-999.0 -999.0 -999.0 -999.0 -999.0} "" -999.0 -999.0 -999.0 -999.0 -999 -999 "" "" "" "" 0 0 0.0 0.0 -999 ""
FIBERMAP 215 R-10C15 METROLOGY 0 0 0 1 0 0 146.63177341564543 -202.2256667629012 143.1 13.097185533933782 -249.41899765986906 344.68982 100.507 -999.0 -999.0 -999.0 -999.0 -999.0 271.022161263374 33.031685524958924 270.9182766889494 33.034108107792996 43.26036468587331 73.46970480210962 -999.0 6231.0 -999.0 -1 -999 {-999.0 -999.0 -999.0 -999.0 -999.0} "" -999.0 -999.0 -999.0 -999.0 -999 -999 "" "" "" "" 0 0 0.0 0.0 -999 ""
FIBERMAP 222 R-12C12 APOGEE 0 0 0 1 0 0 79.59240215975512 -214.4848371674865 143.1 -49.8237762767576 -223.25755523697043 177.80965 43.336113 -999.0 -999.0 -999.0 -999.0 -999.0 270.68187813109506 33.149741511371246 270.5778751620169 33.15117845147675 43.56666645555104 73.42172342777485 -999.0 16600.0 -999.0 2 -999 {-999.0 -999.0 -999.0 -999.0 -999.0} "" -999.0 -999.0 -999.0 -999.0 -999 -999 "" "" "" "" 0 0 0.0 0.0 -999 ""
FIBERMAP 222 R-12C12 BOSS 1 1 0 1 0 0 80.15898196829035 -213.98024304751428 143.1 -49.07399053026173 -223.14217153131258 177.80965 43.336113 270.6862695619624 33.150253791522175 -35.873833 -30.425398 0.9125599 270.6861720532205 33.15015430597284 270.5819191048597 33.15166080403765 43.56353801753813 73.41981684475832 5400.0 5400.0 2016.0 1 343 {-999.0 16.626759 16.06604 15.873989 -999.0} sdss_psfmag_ps1 16.51441 16.091194 15.497851 14.384 63050395770707113 1072824155 bright_1x1 mwm_halo_local_high_boss_single mwm_halo science 0 0 0.0 0.0 -999 ""
FIBERMAP 222 R-12C12 METROLOGY 0 0 0 1 0 0 80.30094974013795 -214.71855132376598 143.1 -49.35627012027521 -223.83890591400316 177.80965 43.336113 -999.0 -999.0 -999.0 -999.0 -999.0 270.6845834793224 33.14705831183423 270.5804125424611 33.14854482408617 43.56390800359134 73.42442785473406 -999.0 6231.0 -999.0 -1 -999 {-999.0 -999.0 -999.0 -999.0 -999.0} "" -999.0 -999.0 -999.0 -999.0 -999 -999 "" "" "" "" 0 0 0.0 0.0 -999 ""
FIBERMAP 228 R+13C11 APOGEE 1 1 0 1 0 0 62.105783999163044 257.6193639120435 143.1 192.18096230625534 182.4137349688699 187.81718 86.42501 272.0199814020955 34.97917905510977 -6.7483664 7.930187 0.81499296 272.01993483469573 34.9791836020924 271.90848264315605 34.98377576642848 42.98044607048117 70.59694356245859 16000.0 16600.0 2016.0 2 53 {-999.0 12.365521 11.168384 10.718865 -999.0} sdss_psfmag_from_g3xp 11.9211445 11.1810875 10.350728 8.614 63050395770985392 1105501355 bright_1x1 mwm_tess_rgb_apogee mwm_tessrgb science 0 0 0.0 0.0 -999 ""
FIBERMAP 228 R+13C11 BOSS 0 0 0 1 0 0 62.01825812686934 258.35691979334274 143.1 192.5085174859786 183.08023844148335 187.81718 86.42501 -999.0 -999.0 -999.0 -999.0 -999.0 272.0220153813238 34.98209421492088 271.9102923997125 34.98674618897991 42.97975572527211 70.59250479881331 -999.0 5400.0 -999.0 1 163 {-999.0 -999.0 -999.0 -999.0 -999.0} "" -999.0 -999.0 -999.0 -999.0 -999 -999 "" "" "" "" 0 0 0.0 0.0 -999 ""
FIBERMAP 228 R+13C11 METROLOGY 0 0 0 1 0 0 62.7046489403035 258.06736370674025 143.1 192.92707017260562 182.46407469848788 187.81718 86.42501 -999.0 -999.0 -999.0 -999.0 -999.0 272.0242111364888 34.97930022564804 271.91257144046506 34.983943227029656 42.97724516684499 70.59557342403866 -999.0 6231.0 -999.0 -1 -999 {-999.0 -999.0 -999.0 -999.0 -999.0} "" -999.0 -999.0 -999.0 -999.0 -999 -999 "" "" "" "" 0 0 0.0 0.0 -999 ""
FIBERMAP 233 R+4C4 APOGEE 0 0 0 1 0 0 -189.16180183154438 92.48042505206152 143.1 -108.45349652665828 180.44997362643784 156.58731 78.00459 -999.0 -999.0 -999.0 -999.0 -999.0 270.35798615135127 34.980148109995206 270.24719618835024 34.98027936048587 44.29907420396876 71.06333825286947 -999.0 16600.0 -999.0 2 -999 {-999.0 -999.0 -999.0 -999.0 -999.0} "" -999.0 -999.0 -999.0 -999.0 -999 -999 "" "" "" "" 0 0 0.0 0.0 -999 ""
FIBERMAP 233 R+4C4 BOSS 1 1 0 1 0 0 -188.74959987916597 93.08652018570729 143.1 -107.77807108703028 180.73446519007774 156.58731 78.00459 270.36193305386473 34.98145994146554 -3.1720238 -5.7002616 0.04894984 270.36193844108993 34.9814389479278 270.25089403413574 34.98163070820901 44.29645759927687 71.06048878936991 5400.0 5400.0 2016.0 1 36 {-999.0 15.639528 14.932298 14.630975 -999.0} sdss_psfmag_from_g3xp 15.445956 14.946023 14.280497 12.88 63050395770833273 1076118325 bright_1x1 mwm_halo_mp_xp_boss_single mwm_halo science 0 0 0.0 0.0 -999 ""
FIBERMAP 233 R+4C4 METROLOGY 0 0 0 1 0 0 -188.41786539166716 92.42367512752736 143.1 -107.86008021327368 179.99788105290406 156.58731 78.00459 -999.0 -999.0 -999.0 -999.0 -999.0 270.3614153566492 34.97812405857477 270.2504542294374 34.978300974449105 44.29600767141696 71.06512570143423 -999.0 6231.0 -999.0 -1 -999 {-999.0 -999.0 -999.0 -999.0 -999.0} "" -999.0 -999.0 -999.0 -999.0 -999 -999 "" "" "" "" 0 0 0.0 0.0 -999 ""
FIBERMAP 238 R-5C3 APOGEE 1 1 0 1 0 0 -194.39072016106186 -85.7470203250358 143.1 -209.74188022741586 33.734178141990924 100.955894 124.7578 269.80392892413676 34.312093612902665 -2.8064158 -5.992466 0.19395787 269.80386855999967 34.312075316735665 269.6958768873491 34.310880670934715 44.57575868700489 72.1274319069679 16000.0 16600.0 2016.0 2 290 {-999.0 13.932515 12.835281 12.411641 -999.0} sdss_psfmag_from_g3xp 13.547354 12.849123 12.045138 10.28 63050395770818217 1152450508 bright_1x1 mwm_galactic_core_dist_apogee_sparse mwm_galactic science 0 0 0.0 0.0 -999 ""
FIBERMAP 238 R-5C3 BOSS 0 0 0 1 0 0 -193.88544628082002 -85.21226316987585 143.1 -209.02713970298305 33.90820446278465 100.955894 124.7578 -999.0 -999.0 -999.0 -999.0 -999.0 269.807940907735 34.31285015391675 269.69970155593023 34.31171748641226 44.57290489725911 72.1251962431079 -999.0 5400.0 -999.0 1 444 {-999.0 -999.0 -999.0 -999.0 -999.0} "" -999.0 -999.0 -999.0 -999.0 -999 -999 "" "" "" "" 0 0 0.0 0.0 -999 ""
FIBERMAP 238 R-5C3 METROLOGY 0 0 0 1 0 0 -193.66326721781886 -85.9223034913351 143.1 -209.2267413542328 33.191580885338155 100.955894 124.7578 -999.0 -999.0 -999.0 -999.0 -999.0 269.80682292754835 34.30960478605212 269.6986652689279 34.30845537247278 44.57292689761367 72.12993048650958 -999.0 6231.0 -999.0 -1 -999 {-999.0 -999.0 -999.0 -999.0 -999.0} "" -999.0 -999.0 -999.0 -999.0 -999 -999 "" "" "" "" 0 0 0.0 0.0 -999 ""
FIBERMAP 240 R-13C13 APOGEE 1 1 0 1 0 0 110.8137472279891 -262.6923045928135 143.1 -49.834474038447176 -280.6853684819438 243.14134 93.5346 270.682537920557 32.89348171162668 -1.497541 -2.5446749 0.21714702 270.6825278838924 32.89349230677021 270.57946841655723 32.89499293853412 43.49547813806655 73.76117105219294 16000.0 16600.0 2016.0 2 176 {-999.0 14.042113 13.131308 12.762752 -999.0} sdss_psfmag_from_g3xp 13.753511 13.1479 12.403963 10.778 63050395770704940 1155960407 bright_1x1 mwm_galactic_core_dist_apogee_extra mwm_galactic science 0 0 0.0 0.0 -999 ""
FIBERMAP 240 R-13C13 BOSS 0 0 0 1 0 0 110.13149221921185 -262.3899554889833 143.1 -50.242600742943395 -280.0607181372576 243.14134 93.5346 -999.0 -999.0 -999.0 -999.0 -999.0 270.6805721602726 32.89622305778109 270.57725721181 32.89777686423949 43.49802833566338 73.75818443110893 -999.0 5400.0 -999.0 1 345 {-999.0 -999.0 -999.0 -999.0 -999.0} "" -999.0 -999.0 -999.0 -999.0 -999 -999 "" "" "" "" 0 0 0.0 0.0 -999 ""
FIBERMAP 240 R-13C13 METROLOGY 0 0 0 1 0 0 110.7319520855073 -261.9534429119412 143.1 -49.501399993435264 -280.02088499699465 243.14134 93.5346 -999.0 -999.0 -999.0 -999.0 -999.0 270.68448890850925 32.89640459666221 270.5812414510864 32.897952143851754 43.49485994857418 73.75668491120268 -999.0 6231.0 -999.0 -1 -999 {-999.0 -999.0 -999.0 -999.0 -999.0} "" -999.0 -999.0 -999.0 -999.0 -999 -999 "" "" "" "" 0 0 0.0 0.0 -999 ""
FIBERMAP 245 R-9C16 APOGEE 1 1 0 1 0 0 149.7647790820558 -154.68850819829134 143.1 41.571731897926384 -211.23180366846054 134.34819 47.33832 271.17727266307634 33.20239664188989 -5.6882076 3.3906417 0.75125885 271.17725457595805 33.202404061784485 271.07285543035607 33.20515955435741 43.18265942771432 73.19531094592423 16000.0 16600.0 2016.0 2 193 {-999.0 12.228583 11.253886 10.885375 -999.0} sdss_psfmag_from_g3xp 11.91102 11.282806 10.526827 8.891 63050395770711547 1108582538 bright_1x1 mwm_tess_rgb_apogee mwm_tessrgb science 0 0 0.0 0.0 -999 ""
FIBERMAP 245 R-9C16 BOSS 0 0 0 1 0 0 150.50642668533666 -154.66753470268503 143.1 42.20548502713108 -211.6174305870352 134.34819 47.33832 -999.0 -999.0 -999.0 -999.0 -999.0 271.18093413952255 33.200558601361955 271.07629032376224 33.2033837730229 43.179409900538595 73.19657838896308 -999.0 5400.0 -999.0 1 308 {-999.0 -999.0 -999.0 -999.0 -999.0} "" -999.0 -999.0 -999.0 -999.0 -999 -999 "" "" "" "" 0 0 0.0 0.0 -999 ""
FIBERMAP 245 R-9C16 METROLOGY 0 0 0 1 0 0 150.1560168394611 -155.32216536623082 143.1 41.55552383357107 -211.97624628734576 134.34819 47.33832 -999.0 -999.0 -999.0 -999.0 -999.0 271.17732496283486 33.19898279137168 271.0727592983468 33.20178182187001 43.18181518770421 73.19979750701782 -999.0 6231.0 -999.0 -1 -999 {-999.0 -999.0 -999.0 -999.0 -999.0} "" -999.0 -999.0 -999.0 -999.0 -999 -999 "" "" "" "" 0 0 0.0 0.0 -999 ""
FIBERMAP 251 R-9C13 APOGEE 1 1 0 1 0 0 91.88978965193897 -169.43105538266877 143.1 -15.00917099350863 -192.13686197178916 33.482193 105.58751 270.8705863328718 33.28924479211185 17.837046 -20.141138 10.385142 270.87065234119876 33.28918700712659 270.7660559693077 33.291097372021824 43.45292903663263 73.17730313014596 16000.0 16600.0 2016.0 2 172 {-999.0 12.416341 11.486605 11.15877 -999.0} sdss_psfmag_from_g3xp 12.116002 11.53226 10.808709 9.372 63050395770706775 984754866 bright_1x1 mwm_snc_100pc_apogee mwm_snc science 0 0 0.0 0.0 -999 ""
FIBERMAP 251 R-9C13 BOSS 0 0 0 1 0 0 92.44601769900191 -169.91582121078193 143.1 -14.805977444138623 -192.84606678145892 33.482193 105.58751 -999.0 -999.0 -999.0 -999.0 -999.0 270.8719925558518 33.285878225687426 270.7671597855665 33.287851116584335 43.45116465729964 73.18126605998657 -999.0 5400.0 -999.0 1 397 {-999.0 -999.0 -999.0 -999.0 -999.0} "" -999.0 -999.0 -999.0 -999.0 -999 -999 "" "" "" "" 0 0 0.0 0.0 -999 ""
FIBERMAP 251 R-9C13 METROLOGY 0 0 0 1 0 0 91.73761233270704 -170.16062690227994 143.1 -15.533530938849212 -192.66634106683776 33.482193 105.58751 -999.0 -999.0 -999.0 -999.0 -999.0 270.8679728410592 33.28672472901757 270.7632089039985 33.28867013279519 43.454565771509934 73.18140728322396 -999.0 6231.0 -999.0 -1 -999 {-999.0 -999.0 -999.0 -999.0 -999.0} "" -999.0 -999.0 -999.0 -999.0 -999 -999 "" "" "" "" 0 0 0.0 0.0 -999 ""
FIBERMAP 256 R-3C17 APOGEE 0 0 0 1 0 0 104.76531300320177 -36.77086448937405 143.1 67.92134316111402 -87.81599639085778 153.15756 19.650005 -999.0 -999.0 -999.0 -999.0 -999.0 271.3258440143794 33.76009961766883 271.2193079617963 33.763119535453185 43.215110847315486 72.41305177212615 -999.0 16600.0 -999.0 2 -999 {-999.0 -999.0 -999.0 -999.0 -999.0} "" -999.0 -999.0 -999.0 -999.0 -999 -999 "" "" "" "" 0 0 0.0 0.0 -999 ""
FIBERMAP 256 R-3C17 BOSS 1 1 0 1 0 0 105.51067820770709 -36.84269800682965 143.1 68.50775760991924 -88.28152309496036 153.15756 19.650005 271.32934570312494 33.757868019345715 -999.0 -999.0 -999.0 271.32932172516473 33.757869083212924 271.2225407487458 33.76095650007288 43.211945842055805 72.41493540153442 5400.0 5400.0 2015.5 1 302 {-999.0 -999.0 -999.0 -999.0 -999.0} "" -999.0 -999.0 -999.0 -999.0 27021603155889320 813392007 "" ops_sky_boss_good ops_sky sky_boss 0 0 0.0 0.0 -999 ""
FIBERMAP 256 R-3C17 METROLOGY 0 0 0 1 0 0 105.08290951697195 -37.44598998508045 143.1 67.82079346508786 -88.55519891700634 153.15756 19.650005 -999.0 -999.0 -999.0 -999.0 -999.0 271.32547322044326 33.756667521912576 271.218769692185 33.759728552167765 43.214642999782505 72.41770089091153 -999.0 6231.0 -999.0 -1 -999 {-999.0 -999.0 -999.0 -999.0 -999.0} "" -999.0 -999.0 -999.0 -999.0 -999 -999 "" "" "" "" 0 0 0.0 0.0 -999 ""
FIBERMAP 260 R+3C9 APOGEE 1 1 0 1 0 0 -74.6917637380714 78.41288052152476 143.1 -20.04490122607274 106.40899315573745 136.01549 45.49322 270.8464071735663 34.64593058374322 -2.3394926 -13.45862 0.36915177 270.846386693459 34.645896669370046 270.73668330405246 34.64741643248299 43.828043672859756 71.37585932436605 16000.0 16600.0 2016.0 2 121 {-999.0 13.33584 12.480929 12.1635275 -999.0} sdss_psfmag_from_g3xp 13.076965 12.516437 11.810035 10.337 63050395770810943 1105863008 bright_1x1 mwm_tess_rgb_apogee mwm_tessrgb science 0 0 0.0 0.0 -999 ""
FIBERMAP 260 R+3C9 BOSS 0 0 0 1 0 0 -73.962981446323 78.43935311893993 143.1 -19.418954152322282 106.03497552930322 136.01549 45.49322 -999.0 -999.0 -999.0 -999.0 -999.0 270.8500841722688 34.64418939638295 270.74013550319114 34.64577234285691 43.8248840906301 71.37708810856748 -999.0 5400.0 -999.0 1 32 {-999.0 -999.0 -999.0 -999.0 -999.0} "" -999.0 -999.0 -999.0 -999.0 -999 -999 "" "" "" "" 0 0 0.0 0.0 -999 ""
FIBERMAP 260 R+3C9 METROLOGY 0 0 0 1 0 0 -74.29299267225129 77.77471376852267 143.1 -20.05723956907657 105.65667055218914 136.01549 45.49322 -999.0 -999.0 -999.0 -999.0 -999.0 270.8464782333927 34.642481993736325 270.736608544707 34.64404069138495 43.82726408159987 71.38041289469675 -999.0 6231.0 -999.0 -1 -999 {-999.0 -999.0 -999.0 -999.0 -999.0} "" -999.0 -999.0 -999.0 -999.0 -999 -999 "" "" "" "" 0 0 0.0 0.0 -999 ""
FIBERMAP 261 R+4C15 APOGEE 1 1 0 1 0 0 54.76426416736924 79.32625805713313 143.1 89.08410018194306 36.79144209253878 165.83466 122.84145 271.44725115338633 34.326617982812515 7.827554 -32.032543 1.9596219 271.44727280592986 34.3265272184796 271.3385484539972 34.32973691434996 43.267747964050734 71.6268114857204 16000.0 16600.0 2016.0 2 65 {-999.0 11.755908 11.41416 11.313117 -999.0} sdss_psfmag_from_g3xp 11.70549 11.425085 10.9843645 10.239 63050395770980342 996664289 bright_1x1 mwm_bin_gaia_sb_apogee mwm_bin science 0 0 0.0 0.0 -999 ""
FIBERMAP 261 R+4C15 BOSS 0 0 0 1 0 0 54.502522971808055 80.0178044819072 143.1 89.24044850363298 37.51405615909865 165.83466 122.84145 -999.0 -999.0 -999.0 -999.0 -999.0 271.44846990772254 34.3297714743082 271.33947904860315 34.33303936051277 43.26785477339098 71.62215728134714 -999.0 5400.0 -999.0 1 212 {-999.0 -999.0 -999.0 -999.0 -999.0} "" -999.0 -999.0 -999.0 -999.0 -999 -999 "" "" "" "" 0 0 0.0 0.0 -999 ""
FIBERMAP 261 R+4C15 METROLOGY 0 0 0 1 0 0 55.23778670795675 79.91031371085627 143.1 89.79899984493706 37.02409991314016 165.83466 122.84145 -999.0 -999.0 -999.0 -999.0 -999.0 271.4514433899595 34.32753185130106 271.342531758345 34.33079248011375 43.26484077742562 71.62424863222293 -999.0 6231.0 -999.0 -1 -999 {-999.0 -999.0 -999.0 -999.0 -999.0} "" -999.0 -999.0 -999.0 -999.0 -999 -999 "" "" "" "" 0 0 0.0 0.0 -999 ""
FIBERMAP 264 R+10C3 APOGEE 1 1 0 1 0 0 -147.09200806234173 199.8035242060697 143.1 -14.800285039499588 247.63669350315038 159.3889 111.87996 270.8776668757258 35.28293395538631 -0.5196762 1.5822892 0.17215203 270.8776568645529 35.28292870427764 270.76547568037927 35.28438102242528 43.960343332799056 70.5106011422244 16000.0 16600.0 2016.0 2 136 {-999.0 13.151406 11.796958 11.0652895 -999.0} sdss_psfmag_from_g3xp 12.614764 11.642738 10.671715 8.451 63050395771012134 1155960179 bright_1x1 mwm_galactic_core_dist_apogee_extra mwm_galactic science 0 0 0.0 0.0 -999 ""
FIBERMAP 264 R+10C3 BOSS 0 0 0 1 0 0 -147.12155484805447 200.5459185877782 143.1 -14.421446340012684 248.27573450394934 159.3889 111.87996 -999.0 -999.0 -999.0 -999.0 -999.0 270.88001986439417 35.28575207316003 270.76757494043625 35.28726056186953 43.959366524376115 70.50614825860896 -999.0 5400.0 -999.0 1 16 {-999.0 -999.0 -999.0 -999.0 -999.0} "" -999.0 -999.0 -999.0 -999.0 -999 -999 "" "" "" "" 0 0 0.0 0.0 -999 ""
FIBERMAP 264 R+10C3 METROLOGY 0 0 0 1 0 0 -146.45801027480456 200.20371488543236 143.1 -14.050688973044076 247.62781304881648 159.3889 111.87996 -999.0 -999.0 -999.0 -999.0 -999.0 270.88199458307736 35.282863905070236 270.7696314667976 35.28436407220828 43.957044998562395 70.50949910882156 -999.0 6231.0 -999.0 -1 -999 {-999.0 -999.0 -999.0 -999.0 -999.0} "" -999.0 -999.0 -999.0 -999.0 -999 -999 "" "" "" "" 0 0 0.0 0.0 -999 ""
FIBERMAP 285 R-8C18 APOGEE 0 0 0 1 0 0 174.69383173181956 -166.15175056382725 143.1 56.258371694598885 -234.4048168023578 235.5628 129.38545 -999.0 -999.0 -999.0 -999.0 -999.0 271.25574856677554 33.09825022504808 271.1517026895443 33.10124213109427 43.09071465707681 73.3075027496991 -999.0 16600.0 -999.0 2 -999 {-999.0 -999.0 -999.0 -999.0 -999.0} "" -999.0 -999.0 -999.0 -999.0 -999 -999 "" "" "" "" 0 0 0.0 0.0 -999 ""
FIBERMAP 285 R-8C18 BOSS 1 1 0 1 0 0 173.96522131235156 -166.22503963603273 143.1 55.60711517590278 -234.07017844218558 235.5628 129.38545 271.25245885551584 33.099782981951485 4.9039683 -26.921112 0.73324907 271.25250248692583 33.09966917384317 271.1482023421245 33.10271193658213 43.09393792469194 73.30667101320125 5400.0 5400.0 2016.0 1 319 {-999.0 15.449798 15.066465 14.942289 -999.0} sdss_psfmag_ps1 15.337593 15.012819 14.523803 13.765 63050395770711011 1072824087 bright_1x1 mwm_halo_local_high_boss_single mwm_halo science 0 0 0.0 0.0 -999 ""
FIBERMAP 285 R-8C18 METROLOGY 0 0 0 1 0 0 174.26198894503534 -165.54333147470015 143.1 56.226784540028056 -233.65947602948845 235.5628 129.38545 -999.0 -999.0 -999.0 -999.0 -999.0 271.25579872238393 33.10152185764363 271.15156134462984 33.104556053369166 43.09173921313979 73.30318406971207 -999.0 6231.0 -999.0 -1 -999 {-999.0 -999.0 -999.0 -999.0 -999.0} "" -999.0 -999.0 -999.0 -999.0 -999 -999 "" "" "" "" 0 0 0.0 0.0 -999 ""
FIBERMAP 288 R-1C7 APOGEE 0 0 0 1 0 0 -145.5629867313887 -9.137404795097307 143.1 -127.11640405258325 71.47359778072155 65.13553 138.29982 -999.0 -999.0 -999.0 -999.0 -999.0 270.25527714910004 34.486236527484515 270.14642983088197 34.48620947575783 44.25893752980741 71.76080844307887 -999.0 16600.0 -999.0 2 247 {-999.0 -999.0 -999.0 -999.0 -999.0} "" -999.0 -999.0 -999.0 -999.0 -999 -999 "" ops_sky_apogee_best_unassigned ops_sky sky_apogee 0 0 0.0 0.0 -999 ""
FIBERMAP 288 R-1C7 BOSS 1 1 0 1 0 0 -144.89826794969034 -8.803500230182461 143.1 -126.37706773888915 71.39239093896146 65.13553 138.29982 270.2595520019531 34.48585760444317 -999.0 -999.0 -999.0 270.25953045927645 34.48586108157409 270.1504365931204 34.485897342338525 44.25566036548395 71.76008970699297 5400.0 5400.0 2015.5 1 483 {-999.0 -999.0 -999.0 -999.0 -999.0} "" -999.0 -999.0 -999.0 -999.0 27021603155904410 813393761 "" ops_sky_boss_good ops_sky sky_boss 0 0 0.0 0.0 -999 ""
FIBERMAP 288 R-1C7 METROLOGY 0 0 0 1 0 0 -144.94307499642855 -9.552021972926877 143.1 -126.82163148905998 70.7886336618717 65.13553 138.29982 -999.0 -999.0 -999.0 -999.0 -999.0 270.25703323633985 34.48311683633848 270.1480206900187 34.48313237200342 44.256905565226894 71.76451815980573 -999.0 6231.0 -999.0 -1 -999 {-999.0 -999.0 -999.0 -999.0 -999.0} "" -999.0 -999.0 -999.0 -999.0 -999 -999 "" "" "" "" 0 0 0.0 0.0 -999 ""
FIBERMAP 289 R-11C12 APOGEE 0 0 0 1 0 0 79.3957622595798 -228.37338938377218 143.1 -57.53985906180743 -234.80515617593946 285.48773 104.26542 -999.0 -999.0 -999.0 -999.0 -999.0 270.640295901218 33.098112512413245 270.5365006831711 33.09945023603193 43.58599104286366 73.50342076523839 -999.0 16600.0 -999.0 2 175 {-999.0 -999.0 -999.0 -999.0 -999.0} "" -999.0 -999.0 -999.0 -999.0 -999 -999 "" ops_sky_apogee_best_unassigned ops_sky sky_apogee 0 0 0.0 0.0 -999 ""
FIBERMAP 289 R-11C12 BOSS 1 1 0 1 0 0 78.75740449084358 -228.73888103706213 143.1 -58.274248256164725 -234.76478771962144 285.48773 104.26542 270.63649550666753 33.098239950687486 -0.96612406 -4.84349 0.7925288 270.63656467990256 33.098217716778905 270.53252432836746 33.099603579689 43.589238683905336 73.50446535188746 5400.0 5400.0 2016.0 1 394 {-999.0 15.357412 14.984103 14.861855 -999.0} sdss_psfmag_from_g3xp 15.293542 14.997563 14.52945 13.754 63050395770707050 979157045 "" ops_std_boss ops_std standard_boss 0 0 0.0 0.0 -999 ""
FIBERMAP 289 R-11C12 METROLOGY 0 0 0 1 0 0 78.75176810850216 -228.00016091532865 143.1 -57.877342916127525 -234.14182981473496 285.48773 104.26542 -999.0 -999.0 -999.0 -999.0 -999.0 270.6386319651743 33.10102298080954 270.5346501912279 33.10239722581845 43.58828291873086 73.50008581318991 -999.0 6231.0 -999.0 -1 -999 {-999.0 -999.0 -999.0 -999.0 -999.0} "" -999.0 -999.0 -999.0 -999.0 -999 -999 "" "" "" "" 0 0 0.0 0.0 -999 ""
FIBERMAP 293 R-11C16 APOGEE 0 0 0 1 0 0 161.6761780375231 -233.89014066978 143.1 8.505953322891667 -284.1695887985877 318.8062 34.453228 -999.0 -999.0 -999.0 -999.0 -999.0 270.9964370942282 32.87712425926888 270.89330945445647 32.879472554958014 43.237874218261425 73.68170772324072 -999.0 16600.0 -999.0 2 218 {-999.0 -999.0 -999.0 -999.0 -999.0} "" -999.0 -999.0 -999.0 -999.0 -999 -999 "" ops_sky_apogee_best_unassigned ops_sky sky_apogee 0 0 0.0 0.0 -999 ""
FIBERMAP 293 R-11C16 BOSS 1 1 0 1 0 0 160.9444154752281 -233.81371384181392 143.1 7.933450805356761 -283.7076032667459 318.8062 34.453228 270.99378616426384 32.87910657795728 -52.996082 13.408924 1.4796734 270.99361413370076 32.87913176876168 270.89023198516963 32.88153203138246 43.24092770622925 73.67997293935241 5400.0 5400.0 2016.0 1 259 {-999.0 17.945381 16.762495 16.361433 -999.0} sdss_psfmag_ps1 17.493647 16.749228 15.914765 14.24 63050395770699858 1073338855 bright_1x1 mwm_halo_local_high_boss_single mwm_halo science 0 0 0.0 0.0 -999 ""
FIBERMAP 293 R-11C16 METROLOGY 0 0 0 1 0 0 161.38236303652567 -233.2073814226752 143.1 8.630609559452086 -283.43691022809395 318.8062 34.453228 -999.0 -999.0 -999.0 -999.0 -999.0 270.9973012024864 32.8803405838652 270.8939834649341 32.88273345446846 43.23823274898704 73.67719142641027 -999.0 6231.0 -999.0 -1 -999 {-999.0 -999.0 -999.0 -999.0 -999.0} "" -999.0 -999.0 -999.0 -999.0 -999 -999 "" "" "" "" 0 0 0.0 0.0 -999 ""
FIBERMAP 296 R+3C13 APOGEE 1 1 0 1 0 0 2.3759197204689784 68.77631373743688 143.1 39.38676737399903 56.42154989526341 133.73163 112.6066 271.1739640491263 34.41752435774396 -5.2445745 -0.7194107 0.59304917 271.17392431413737 34.41752120053925 271.06496220697886 34.41997468522037 43.509122383665726 71.58621829119255 16000.0 16600.0 2016.0 2 5 {-999.0 12.377893 11.662787 11.380488 -999.0} sdss_psfmag_from_g3xp 12.183791 11.689806 11.033729 9.716 63050395770805034 1105176855 bright_1x1 mwm_tess_rgb_apogee mwm_tessrgb science 0 0 0.0 0.0 -999 ""
FIBERMAP 296 R+3C13 BOSS 0 0 0 1 0 0 2.673333390884906 69.44134906860442 143.1 39.99791399888401 56.81791013770524 133.73163 112.6066 -999.0 -999.0 -999.0 -999.0 -999.0 271.1775867933915 34.41928403345203 271.0683644342653 34.421801569123275 43.506872326672024 71.58279865882184 -999.0 5400.0 -999.0 1 106 {-999.0 -999.0 -999.0 -999.0 -999.0} "" -999.0 -999.0 -999.0 -999.0 -999 -999 "" "" "" "" 0 0 0.0 0.0 -999 ""
FIBERMAP 296 R+3C13 METROLOGY 0 0 0 1 0 0 3.1421888918292336 68.87157003029503 143.1 40.08156842257773 56.084870519087794 133.73163 112.6066 -999.0 -999.0 -999.0 -999.0 -999.0 271.1779524840467 34.415954950306315 271.06881411094366 34.418458792080074 43.50566390488849 71.58712612340736 -999.0 6231.0 -999.0 -1 -999 {-999.0 -999.0 -999.0 -999.0 -999.0} "" -999.0 -999.0 -999.0 -999.0 -999 -999 "" "" "" "" 0 0 0.0 0.0 -999 ""
FIBERMAP 298 R-12C13 APOGEE 0 0 0 1 0 0 106.37895709784945 -243.18318209111726 143.1 -42.948983167758236 -261.9032285387236 230.20636 128.78876 -999.0 -999.0 -999.0 -999.0 -999.0 270.7193873786769 32.9768885275763 270.61600626424627 32.978468002645556 43.48888549336612 73.63892627852232 -999.0 16600.0 -999.0 2 -999 {-999.0 -999.0 -999.0 -999.0 -999.0} "" -999.0 -999.0 -999.0 -999.0 -999 -999 "" "" "" "" 0 0 0.0 0.0 -999 ""
FIBERMAP 298 R-12C13 BOSS 1 1 0 1 0 0 105.64114892548494 -243.17887125037075 143.1 -43.565767604389166 -261.4984718521726 230.20636 128.78876 270.71625684990244 32.97867419735278 6.815569 -7.2653847 1.3610133 270.71630324030735 32.978633454952046 270.6126703540838 32.98026309410185 43.492068366066164 73.63760229582488 5400.0 5400.0 2016.0 1 344 {-999.0 17.720589 16.37379 15.879184 -999.0} sdss_psfmag_ps1 17.191692 16.33756 15.426003 13.591 63050395770705214 1096718291 bright_1x1 mwm_bin_vis_boss mwm_filler science 0 0 0.0 0.0 -999 ""
FIBERMAP 298 R-12C13 METROLOGY 0 0 0 1 0 0 106.00925513680139 -242.5351215688595 143.1 -42.906872476529315 -261.1584082209828 230.20636 128.78876 -999.0 -999.0 -999.0 -999.0 -999.0 270.7197834197352 32.980158248284575 270.6162133654947 32.981780187430765 43.48962503225094 73.6344697337027 -999.0 6231.0 -999.0 -1 -999 {-999.0 -999.0 -999.0 -999.0 -999.0} "" -999.0 -999.0 -999.0 -999.0 -999 -999 "" "" "" "" 0 0 0.0 0.0 -999 ""
FIBERMAP 302 R-2C21 APOGEE 1 1 0 1 0 0 194.84699206798388 -29.412350229476083 143.1 147.51370738362502 -130.61768393109296 68.56389 72.836784 271.7569859687007 33.563638239108904 -1.5468222 -4.1989326 2.202045 271.75698248694573 33.56362041968105 271.6510113359735 33.56784779289455 42.81662799672406 72.53869825144892 16000.0 16600.0 2016.0 2 228 {-999.0 11.038682 10.8448515 10.813663 -999.0} sdss_psfmag_from_g3xp 11.038135 10.837988 10.491894 10.014 63050395770716031 975100171 "" ops_std_apogee ops_std standard_apogee 0 0 0.0 0.0 -999 ""
FIBERMAP 302 R-2C21 BOSS 0 0 0 1 0 0 195.43040550736262 -29.869148502553898 143.1 147.7549191178379 -131.3182003391693 68.56389 72.836784 -999.0 -999.0 -999.0 -999.0 -999.0 271.75853338832115 33.56035008948337 271.65231940029037 33.564642052599375 42.81471102093945 72.54250313205546 -999.0 5400.0 -999.0 1 284 {-999.0 -999.0 -999.0 -999.0 -999.0} "" -999.0 -999.0 -999.0 -999.0 -999 -999 "" "" "" "" 0 0 0.0 0.0 -999 ""
FIBERMAP 302 R-2C21 METROLOGY 0 0 0 1 0 0 194.73982016946294 -30.152221868277458 143.1 147.02151344530904 -131.1802753398257 68.56389 72.836784 -999.0 -999.0 -999.0 -999.0 -999.0 271.754485710867 33.561020909258495 271.64834292488956 33.565284908056256 42.818074769633256 72.54288219443697 -999.0 6231.0 -999.0 -1 -999 {-999.0 -999.0 -999.0 -999.0 -999.0} "" -999.0 -999.0 -999.0 -999.0 -999 -999 "" "" "" "" 0 0 0.0 0.0 -999 ""
FIBERMAP 307 R0C7 APOGEE 1 1 0 1 0 0 -155.50443826402017 7.438355912350472 143.1 -126.44664259016467 90.78814047663731 5.2093797 170.96349 270.25900849481206 34.573861230891985 -66.402084 37.068756 5.1328077 270.2587769817128 34.573957447844506 270.149592594821 34.573918991993864 44.278053266712014 71.64121125823061 16000.0 16600.0 2016.0 2 250 {-999.0 11.293696 10.770984 10.610451 -999.0} sdss_psfmag_from_g3xp 11.180528 10.820884 10.270791 9.304 63050395770828088 1103501629 bright_1x1 mwm_tess_2min_apogee mwm_planet science 0 0 0.0 0.0 -999 ""
FIBERMAP 307 R0C7 BOSS 0 0 0 1 0 0 -154.76906317448822 7.387117578434159 143.1 -125.8574138937394 90.34532765252754 5.2093797 170.96349 -999.0 -999.0 -999.0 -999.0 -999.0 270.2622136503557 34.571944351011645 270.1527891573437 34.57196708705979 44.27502183239353 71.64294905584268 -999.0 5400.0 -999.0 1 493 {-999.0 -999.0 -999.0 -999.0 -999.0} "" -999.0 -999.0 -999.0 -999.0 -999 -999 "" "" "" "" 0 0 0.0 0.0 -999 ""
FIBERMAP 307 R0C7 METROLOGY 0 0 0 1 0 0 -155.18225052259407 6.764585903468182 143.1 -126.54260261420289 90.04757919409576 5.2093797 170.96349 -999.0 -999.0 -999.0 -999.0 -999.0 270.25838518510835 34.5705831192794 270.14903735215864 34.570581320574966 44.277675114644104 71.6458868493063 -999.0 6231.0 -999.0 -1 -999 {-999.0 -999.0 -999.0 -999.0 -999.0} "" -999.0 -999.0 -999.0 -999.0 -999 -999 "" "" "" "" 0 0 0.0 0.0 -999 ""
FIBERMAP 310 R+1C8 APOGEE 0 0 0 1 0 0 -118.37079606335644 40.41093616051312 143.1 -77.35924696535912 98.26771648002315 149.18028 24.545988 -999.0 -999.0 -999.0 -999.0 -999.0 270.52944429614615 34.60883689250379 270.42001334686563 34.60951551353828 44.07109137472136 71.51657013380014 -999.0 16600.0 -999.0 2 -999 {-999.0 -999.0 -999.0 -999.0 -999.0} "" -999.0 -999.0 -999.0 -999.0 -999 -999 "" "" "" "" 0 0 0.0 0.0 -999 ""
FIBERMAP 310 R+1C8 BOSS 1 1 0 1 0 0 -117.62889898589862 40.33819094215275 143.1 -76.7762384618661 97.8033103140584 149.18028 24.545988 270.5324425420936 34.60676872677186 0.929589 -12.47762 0.70660496 270.5328700979195 34.60672423089541 270.42319764024285 34.607464656324275 44.06804490901903 71.51843423881888 5400.0 5400.0 2016.0 1 46 {-999.0 13.516624 12.649397 12.277714 -999.0} sdss_psfmag_from_g3xp 13.193539 12.628047 11.922664 10.5 63050395770811791 996736084 bright_1x1 mwm_bin_gaia_sb_boss mwm_bin science 0 0 1.2450566291809082 0.0 -999 ""
FIBERMAP 310 R+1C8 METROLOGY 0 0 0 1 0 0 -118.0686467651634 39.72875745803607 143.1 -77.47659387970654 97.53099379289556 149.18028 24.545988 -999.0 -999.0 -999.0 -999.0 -999.0 270.52893886992274 34.60548668051815 270.4193431390795 34.60620208684246 44.07080682017318 71.52122852335867 -999.0 6231.0 -999.0 -1 -999 {-999.0 -999.0 -999.0 -999.0 -999.0} "" -999.0 -999.0 -999.0 -999.0 -999 -999 "" "" "" "" 0 0 0.0 0.0 -999 ""
FIBERMAP 322 R+11C6 APOGEE 1 1 0 1 0 0 -54.756817911353075 226.93039986481776 143.1 77.43097175120194 220.1983194172705 88.499275 112.52635 271.3886045062328 35.15735543941289 -10.234355 0.8127449 3.1884172 271.388559394344 35.15735178916682 271.2766621475215 35.160204728982166 43.52512039660057 70.53789788743296 16000.0 16600.0 2016.0 2 4 {-999.0 10.081821 9.81424 9.739285 -999.0} sdss_psfmag_from_g3xp 10.059201 9.816544 9.41539 8.781 63050395770992328 975100246 "" ops_std_apogee ops_std standard_apogee 0 0 0.0 0.0 -999 ""
FIBERMAP 322 R+11C6 BOSS 0 0 0 1 0 0 -54.068406409213026 227.19892253875946 143.1 78.1546421875298 220.0493661682656 88.499275 112.52635 -999.0 -999.0 -999.0 -999.0 -999.0 271.3928316096926 35.15662534910428 271.2806806202565 35.159542368312124 43.52177278463114 70.53767815384998 -999.0 5400.0 -999.0 1 143 {-999.0 -999.0 -999.0 -999.0 -999.0} "" -999.0 -999.0 -999.0 -999.0 -999 -999 "" "" "" "" 0 0 0.0 0.0 -999 ""
FIBERMAP 322 R+11C6 METROLOGY 0 0 0 1 0 0 -54.16707013376919 226.45442064289634 143.1 77.66707041611492 219.47826348843876 88.499275 112.52635 -999.0 -999.0 -999.0 -999.0 -999.0 271.3900453052269 35.15409735717881 271.27797749666706 35.15699263998116 43.523293691362866 70.54183200090591 -999.0 6231.0 -999.0 -1 -999 {-999.0 -999.0 -999.0 -999.0 -999.0} "" -999.0 -999.0 -999.0 -999.0 -999 -999 "" "" "" "" 0 0 0.0 0.0 -999 ""
FIBERMAP 325 R+6C4 APOGEE 0 0 0 1 0 0 -167.8981701001634 98.9891271511419 143.1 -87.07150239957696 174.3508861355681 292.87894 49.60463 -999.0 -999.0 -999.0 -999.0 -999.0 270.47613396014015 34.95319880189242 270.3653990252467 34.95365294028948 44.19864781957036 71.06686083091597 -999.0 16600.0 -999.0 2 -999 {-999.0 -999.0 -999.0 -999.0 -999.0} "" -999.0 -999.0 -999.0 -999.0 -999 -999 "" "" "" "" 0 0 0.0 0.0 -999 ""
FIBERMAP 325 R+6C4 BOSS 1 1 0 1 0 0 -168.6202804782943 99.21064737738264 143.1 -87.55701943637271 174.92937829827673 292.87894 49.60463 270.4736846365098 34.95578079459162 -3.766826 7.347991 1.6856984 270.4736736730928 34.955792817785145 270.36268125871493 34.9562903816112 44.201445925853264 71.0640404214385 5400.0 5400.0 2016.0 1 38 {-999.0 15.322654 14.505491 14.139379 -999.0} sdss_psfmag_from_g3xp 15.064598 14.619617 13.78504 12.358 63050395770832044 1095798301 bright_1x1 mwm_bin_vis_boss mwm_filler science 0 0 0.0 0.0 -999 ""
FIBERMAP 325 R+6C4 METROLOGY 0 0 0 1 0 0 -168.06614268064504 99.71607088535944 143.1 -86.81722341346746 175.0522225835433 292.87894 49.60463 -999.0 -999.0 -999.0 -999.0 -999.0 270.47770188817555 34.95636817317849 270.3667759674448 34.95686205232269 44.19832705545017 71.06213706008441 -999.0 6231.0 -999.0 -1 -999 {-999.0 -999.0 -999.0 -999.0 -999.0} "" -999.0 -999.0 -999.0 -999.0 -999 -999 "" "" "" "" 0 0 0.0 0.0 -999 ""
FIBERMAP 333 R+12C2 APOGEE 0 0 0 1 0 0 -133.71578648708842 222.6854818080068 143.1 8.865009400634442 259.5654547318272 244.3778 144.04803 -999.0 -999.0 -999.0 -999.0 -999.0 271.0091626895944 35.33584655155023 270.89672150413867 35.33763897518693 43.869051555581756 70.40331937198323 -999.0 16600.0 -999.0 2 132 {-999.0 -999.0 -999.0 -999.0 -999.0} "" -999.0 -999.0 -999.0 -999.0 -999 -999 "" "" "" "" 0 0 0.0 0.0 -999 ""
FIBERMAP 333 R+12C2 BOSS 1 1 0 1 0 0 -134.36371483797694 222.33437208902876 143.1 8.130408418522858 259.62309515376796 244.3778 144.04803 271.00530570634095 35.33608642333575 -1.9649457 0.6338489 3.3499649 271.0053412741655 35.33607964007056 270.8926480423055 35.337912421832556 43.87234372804402 70.40405126363322 5400.0 5400.0 2016.0 1 6 {-999.0 15.125273 13.975866 13.459496 -999.0} sdss_psfmag_from_g3xp 14.70488 13.945599 13.090458 11.343 63050395771012256 1035087592 bright_1x1 mwm_yso_pms_boss_zari18pms_single mwm_yso science 0 0 0.0 0.0 -999 ""
FIBERMAP 333 R+12C2 METROLOGY 0 0 0 1 0 0 -134.3561635038183 223.07842368571713 143.1 8.541278839871604 260.2433569047078 244.3778 144.04803 -999.0 -999.0 -999.0 -999.0 -999.0 271.0075597480126 35.338846316324634 270.8949264001816 35.34067003183001 43.87119702693194 70.39972122959637 -999.0 6231.0 -999.0 -1 -999 {-999.0 -999.0 -999.0 -999.0 -999.0} "" -999.0 -999.0 -999.0 -999.0 -999 -999 "" "" "" "" 0 0 0.0 0.0 -999 ""
FIBERMAP 343 R+11C1 APOGEE 0 0 0 1 0 0 -179.79195310963058 194.6515641614299 143.1 -45.04135908423549 261.09209905665114 311.75235 24.072357 -999.0 -999.0 -999.0 -999.0 -999.0 270.7101649121171 35.342954071223545 270.59781781834613 35.34394321015819 44.107386917081335 70.47535081600353 -999.0 16600.0 -999.0 2 139 {-999.0 -999.0 -999.0 -999.0 -999.0} "" -999.0 -999.0 -999.0 -999.0 -999 -999 "" ops_sky_apogee_best_unassigned ops_sky sky_apogee 0 0 0.0 0.0 -999 ""
FIBERMAP 343 R+11C1 BOSS 1 1 0 1 0 0 -180.45564346448492 194.95323573787303 143.1 -45.4342757133462 261.70608743222607 311.75235 24.072357 270.70823584665135 35.34553270198287 7.3224235 8.909639 3.029697 270.7082467209397 35.345643461993234 270.59563914351247 35.34667662559667 44.1097602818467 70.47223761044472 5400.0 5400.0 2016.0 1 9 {-999.0 17.723406 16.32957 15.484283 -999.0} sdss_psfmag_ps1 17.166159 16.097092 15.068427 13.099 63050395771013741 1096548354 bright_1x1 mwm_bin_vis_boss mwm_filler science 0 0 0.0 0.0 -999 ""
FIBERMAP 343 R+11C1 METROLOGY 0 0 0 1 0 0 -179.85488832814963 195.3897724502475 143.1 -44.692814067246125 261.74578029003374 311.75235 24.072357 -999.0 -999.0 -999.0 -999.0 -999.0 270.71228811787745 35.34583728465193 270.5997491664798 35.34686712778061 44.10654811471487 70.47087525730143 -999.0 6231.0 -999.0 -1 -999 {-999.0 -999.0 -999.0 -999.0 -999.0} "" -999.0 -999.0 -999.0 -999.0 -999 -999 "" "" "" "" 0 0 0.0 0.0 -999 ""
FIBERMAP 361 R+13C14 APOGEE 0 0 0 1 0 0 140.1792894467312 270.95950938254197 143.1 264.94888088999545 151.16023410100368 152.16542 60.378506 -999.0 -999.0 -999.0 -999.0 -999.0 272.41485445642735 34.83092067763857 272.3038249769047 34.83661121771977 42.629547895259186 70.67910497219037 -999.0 16600.0 -999.0 2 98 {-999.0 -999.0 -999.0 -999.0 -999.0} "" -999.0 -999.0 -999.0 -999.0 -999 -999 "" ops_sky_apogee_best_unassigned ops_sky sky_apogee 0 0 0.0 0.0 -999 ""
FIBERMAP 361 R+13C14 BOSS 1 1 0 1 0 0 140.8001488585884 271.35444999454796 143.1 265.68459753978726 151.15409128727993 152.16542 60.378506 272.4190516499609 34.83074768508671 -1.9105984 -2.0788665 0.5041281 272.4190536519546 34.83072961302675 272.3077622124763 34.83648816973699 42.626392164856334 70.67814402167869 5400.0 5400.0 2016.0 1 90 {-999.0 16.432207 15.836252 15.621663 -999.0} sdss_psfmag_ps1 16.27489 15.865778 15.3029995 14.362 63050395770902459 1034704386 bright_1x1 mwm_yso_disk_boss_single mwm_yso science 0 0 0.0 0.0 -999 ""
FIBERMAP 361 R+13C14 METROLOGY 0 0 0 1 0 0 140.8431333715329 270.61292375412296 143.1 265.3175070449817 150.5084728189779 152.16542 60.378506 -999.0 -999.0 -999.0 -999.0 -999.0 272.41696942083524 34.827894070437935 272.30576370519657 34.833631647939754 42.6272478366236 70.68246724054546 -999.0 6231.0 -999.0 -1 -999 {-999.0 -999.0 -999.0 -999.0 -999.0} "" -999.0 -999.0 -999.0 -999.0 -999 -999 "" "" "" "" 0 0 0.0 0.0 -999 ""
FIBERMAP 368 R-8C2 APOGEE 0 0 0 1 0 0 -195.63891712607955 -161.35475209601867 143.1 -251.89650126198066 -29.03305563258152 231.33305 82.89291 -999.0 -999.0 -999.0 -999.0 -999.0 269.5787379748866 34.025907473381096 269.4719279194502 34.02417796282599 44.6837973711056 72.58245450078027 -999.0 16600.0 -999.0 2 -999 {-999.0 -999.0 -999.0 -999.0 -999.0} "" -999.0 -999.0 -999.0 -999.0 -999 -999 "" "" "" "" 0 0 0.0 0.0 -999 ""
FIBERMAP 368 R-8C2 BOSS 1 1 0 1 0 0 -196.18026028388655 -160.71205257813583 143.1 -252.00133718715796 -28.199414294681667 231.33305 82.89291 269.5783578914698 34.0297337546344 -12.850095 -22.609066 0.5457651 269.5783374853195 34.0296215476584 269.47127256007354 34.02794181055996 44.685266782127655 72.57752126670204 5400.0 5400.0 2016.0 1 489 {-999.0 17.067564 16.589006 16.41067 -999.0} sdss_psfmag_ps1 16.95085 16.590948 16.06442 15.036 63050395770817028 1072881506 bright_1x1 mwm_halo_local_high_boss_single mwm_halo science 0 0 0.0 0.0 -999 ""
FIBERMAP 368 R-8C2 METROLOGY 0 0 0 1 0 0 -195.43273265953397 -160.63770959639461 143.1 -251.33363338588447 -28.543453375545955 231.33305 82.89291 -999.0 -999.0 -999.0 -999.0 -999.0 269.5818941575733 34.02810561741133 269.4749017039817 34.026421108070174 44.68197386591848 72.57853128368174 -999.0 6231.0 -999.0 -1 -999 {-999.0 -999.0 -999.0 -999.0 -999.0} "" -999.0 -999.0 -999.0 -999.0 -999 -999 "" "" "" "" 0 0 0.0 0.0 -999 ""
FIBERMAP 372 R+12C4 APOGEE 0 0 0 1 0 0 -104.82562287060038 241.02081046261668 143.1 43.07679532953168 259.24415172552335 179.6738 84.400604 -999.0 -999.0 -999.0 -999.0 -999.0 271.19891747120187 35.333452632547406 271.08640929319836 35.33575465262336 43.71835736544816 70.35454354275498 -999.0 16600.0 -999.0 2 -999 {-999.0 -999.0 -999.0 -999.0 -999.0} "" -999.0 -999.0 -999.0 -999.0 -999 -999 "" "" "" "" 0 0 0.0 0.0 -999 ""
FIBERMAP 372 R+12C4 BOSS 1 1 0 1 0 0 -104.77192215910837 241.75446653213774 143.1 43.52073983122727 259.8305991433283 179.6738 84.400604 271.2016499618588 35.336031664628706 -0.94223213 -7.90679 0.26108348 271.201644644173 35.33600778505605 271.08887142026697 35.33836772868937 43.71703464327784 70.35036684359295 5400.0 5400.0 2016.0 1 93 {-999.0 17.318354 16.961674 16.898232 -999.0} sdss_psfmag_ps1 17.286896 16.976437 16.522223 15.71 63050395770994166 977099533 "" ops_std_boss ops_std standard_boss 0 0 0.0 0.0 -999 ""
FIBERMAP 372 R+12C4 METROLOGY 0 0 0 1 0 0 -104.15094118650059 241.33934869525453 143.1 43.816137436857886 259.14463356451853 179.6738 84.400604 -999.0 -999.0 -999.0 -999.0 -999.0 271.20319841175944 35.332951077777636 271.0905084795403 35.335301414926654 43.71500229921102 70.35404182674091 -999.0 6231.0 -999.0 -1 -999 {-999.0 -999.0 -999.0 -999.0 -999.0} "" -999.0 -999.0 -999.0 -999.0 -999 -999 "" "" "" "" 0 0 0.0 0.0 -999 ""
FIBERMAP 373 R-8C13 APOGEE 0 0 0 1 0 0 50.271341184032835 -159.05292824947367 143.1 -44.29060428246689 -160.80055279462002 221.16507 83.98517 -999.0 -999.0 -999.0 -999.0 -999.0 270.7114932303021 33.430993132611064 270.606435327256 33.43244179609616 43.619276657232035 73.0388081139314 -999.0 16600.0 -999.0 2 -999 {-999.0 -999.0 -999.0 -999.0 -999.0} "" -999.0 -999.0 -999.0 -999.0 -999 -999 "" "" "" "" 0 0 0.0 0.0 -999 ""
FIBERMAP 373 R-8C13 BOSS 1 1 0 1 0 0 49.83948367604974 -158.45113973338215 143.1 -44.325808769569875 -160.0607680316305 221.16507 83.98517 270.7115482208477 33.4342571499441 -4.5430274 -9.804069 0.19500281 270.71152791988186 33.43422570079547 270.6062106682041 33.43573078048352 43.62033448429182 73.03449850918571 5400.0 5400.0 2016.0 1 353 {-999.0 18.291506 17.889696 17.72932 17.663189} sdss_psfmag_from_gaia 18.2125 17.903 17.3873 -999.0 63050395770708604 971350116 "" ops_std_boss_gdr2 ops_std standard_boss 0 0 0.0 0.0 -999 ""
FIBERMAP 373 R-8C13 METROLOGY 0 0 0 1 0 0 50.5683567675498 -158.3684987617542 143.1 -43.6692472923886 -160.38770160240148 221.16507 83.98517 -999.0 -999.0 -999.0 -999.0 -999.0 270.71503732061825 33.432767478775936 270.6097941230778 33.43426616235341 43.61706176137916 73.03534674053464 -999.0 6231.0 -999.0 -1 -999 {-999.0 -999.0 -999.0 -999.0 -999.0} "" -999.0 -999.0 -999.0 -999.0 -999 -999 "" "" "" "" 0 0 0.0 0.0 -999 ""
FIBERMAP 375 R+2C25 APOGEE 0 0 0 1 0 0 281.3626976346736 44.370941246594995 143.1 260.2282197254248 -115.74055154124989 31.324251 108.78176 -999.0 -999.0 -999.0 -999.0 -999.0 272.36594528306813 33.6264515969247 272.2595049267095 33.63230388004676 42.34642807754574 72.26727912025035 -999.0 16600.0 -999.0 2 57 {-999.0 -999.0 -999.0 -999.0 -999.0} "" -999.0 -999.0 -999.0 -999.0 -999 -999 "" ops_sky_apogee_best_unassigned ops_sky sky_apogee 0 0 0.0 0.0 -999 ""
FIBERMAP 375 R+2C25 BOSS 1 1 0 1 0 0 281.93563528012334 43.9084985531039 143.1 260.4575719297227 -116.4401088484966 31.324251 108.78176 272.36736884179635 33.62325994755264 -12.269346 -18.563755 0.6011261 272.3673258708992 33.623234574911564 272.2606383658115 33.62915254879386 42.34465916989715 72.27103172102943 5400.0 5400.0 2016.0 1 176 {-999.0 17.581764 16.871132 16.645182 -999.0} sdss_psfmag_ps1 17.387743 16.904915 16.280651 15.084 63050395770854033 1072824161 bright_1x1 mwm_halo_local_high_boss_single mwm_halo science 0 0 0.0 0.0 -999 ""
FIBERMAP 375 R+2C25 METROLOGY 0 0 0 1 0 0 281.2472285646807 43.63467514493553 143.1 259.73102355149524 -116.2956062877515 31.324251 108.78176 -999.0 -999.0 -999.0 -999.0 -999.0 272.36338885770186 33.62393512203256 272.2567735450697 33.62982496423899 42.34793842874249 72.2713463214518 -999.0 6231.0 -999.0 -1 -999 {-999.0 -999.0 -999.0 -999.0 -999.0} "" -999.0 -999.0 -999.0 -999.0 -999 -999 "" "" "" "" 0 0 0.0 0.0 -999 ""
FIBERMAP 380 R-1C10 APOGEE 0 0 0 1 0 0 -69.98526390068426 -38.7516954398717 143.1 -79.79672667821036 5.532020456727019 352.66956 42.2211 -999.0 -999.0 -999.0 -999.0 -999.0 270.51619556149575 34.18691906193241 270.4083788381448 34.18766254075393 43.97472322408818 72.08788595951529 -999.0 16600.0 -999.0 2 -999 {-999.0 -999.0 -999.0 -999.0 -999.0} "" -999.0 -999.0 -999.0 -999.0 -999 -999 "" "" "" "" 0 0 0.0 0.0 -999 ""
FIBERMAP 380 R-1C10 BOSS 1 1 0 1 0 0 -70.5888722457738 -39.215481972716674 143.1 -80.55539804823847 5.471012304762953 352.66956 42.2211 270.5122375488281 34.186580515914486 -999.0 -999.0 -999.0 270.5122203371668 34.18658569215626 270.40415923658634 34.18737225227719 43.978025779791814 72.08950695887802 5400.0 5400.0 2015.5 1 441 {-999.0 -999.0 -999.0 -999.0 -999.0} "" -999.0 -999.0 -999.0 -999.0 27021603155904025 821149133 "" ops_sky_boss_good ops_sky sky_boss 0 0 0.0 0.0 -999 ""
FIBERMAP 380 R-1C10 METROLOGY 0 0 0 1 0 0 -70.67282887134589 -38.462012178997234 143.1 -80.21619550982146 6.148929295488608 352.66956 42.2211 -999.0 -999.0 -999.0 -999.0 -999.0 270.5140211786612 34.189689660168405 270.4060176270099 34.19046509751743 43.97732358129841 72.08480764699357 -999.0 6231.0 -999.0 -1 -999 {-999.0 -999.0 -999.0 -999.0 -999.0} "" -999.0 -999.0 -999.0 -999.0 -999 -999 "" "" "" "" 0 0 0.0 0.0 -999 ""
FIBERMAP 382 R+9C5 APOGEE 1 1 0 1 0 0 -108.93994942610959 173.83074276809992 143.1 3.0936790148984494 205.09884782476334 120.39598 165.1974 270.97618870289284 35.09198749365805 1.8741223 1.7727702 2.2043207 270.97618796258706 35.09199337833389 270.8647099385812 35.09375522579579 43.8357750957386 70.74031207603349 16000.0 16600.0 2016.0 2 112 {-999.0 14.782746 13.819132 13.495133 -999.0} sdss_psfmag_from_g3xp 14.465777 13.870998 13.141877 11.682 63050395770991182 1035001574 bright_1x1 mwm_yso_pms_apogee_zari18pms_single mwm_yso science 0 0 0.0 0.0 -999 ""
FIBERMAP 382 R+9C5 BOSS 0 0 0 1 0 0 -109.06801023681386 174.56487856196858 143.1 3.3853600259827377 205.78451980670388 120.39598 165.1974 -999.0 -999.0 -999.0 -999.0 -999.0 270.9780710496124 35.09506824677704 270.866328300517 35.09688591524424 43.83524909270257 70.73565643945233 -999.0 5400.0 -999.0 1 80 {-999.0 -999.0 -999.0 -999.0 -999.0} "" -999.0 -999.0 -999.0 -999.0 -999 -999 "" "" "" "" 0 0 0.0 0.0 -999 ""
FIBERMAP 382 R+9C5 METROLOGY 0 0 0 1 0 0 -108.3541228088404 174.307330639263 143.1 3.844388898586735 205.1802659143517 120.39598 165.1974 -999.0 -999.0 -999.0 -999.0 -999.0 270.980534961673 35.09234823619618 270.8688731887438 35.09415857772811 43.83256799782626 70.73862507721941 -999.0 6231.0 -999.0 -1 -999 {-999.0 -999.0 -999.0 -999.0 -999.0} "" -999.0 -999.0 -999.0 -999.0 -999 -999 "" "" "" "" 0 0 0.0 0.0 -999 ""
FIBERMAP 383 R+6C1 APOGEE 1 1 0 1 0 0 -234.37132277266903 119.09496910328035 143.1 -131.920776114377 227.36342626484276 142.4839 137.04247 270.2289229051573 35.18983416219538 4.886212 14.089855 6.319131 270.2289349322322 35.18987400530765 270.1173850619382 35.189610232899696 44.452075553350504 70.81426920688637 16000.0 16600.0 2016.0 2 119 {-999.0 10.767373 10.408801 10.297915 -999.0} sdss_psfmag_from_g3xp 10.713764 10.422975 9.971932 9.243 63050395770833896 1103501625 bright_1x1 mwm_tess_2min_apogee mwm_planet science 0 0 0.0 0.0 -999 ""
FIBERMAP 383 R+6C1 BOSS 0 0 0 1 0 0 -234.51156329759763 119.80601403882126 143.1 -131.65186993164286 228.0363436578767 142.4839 137.04247 -999.0 -999.0 -999.0 -999.0 -999.0 270.2306689706057 35.19285543532888 270.1188594018281 35.19264467494359 44.45162055219448 70.80974011935649 -999.0 5400.0 -999.0 1 83 {-999.0 -999.0 -999.0 -999.0 -999.0} "" -999.0 -999.0 -999.0 -999.0 -999 -999 "" "" "" "" 0 0 0.0 0.0 -999 ""
FIBERMAP 383 R+6C1 METROLOGY 0 0 0 1 0 0 -233.8028286163314 119.5838527384007 143.1 -131.17792559282438 227.46458577962645 142.4839 137.04247 -999.0 -999.0 -999.0 -999.0 -999.0 270.2332067326516 35.190332245955155 270.12147600888727 35.19011497887252 44.44894572452288 70.81247706537243 -999.0 6231.0 -999.0 -1 -999 {-999.0 -999.0 -999.0 -999.0 -999.0} "" -999.0 -999.0 -999.0 -999.0 -999 -999 "" "" "" "" 0 0 0.0 0.0 -999 ""
FIBERMAP 386 R-4C2 APOGEE 0 0 0 1 0 0 -239.81683499127175 -86.6035108047301 143.1 -248.32665296186832 57.71320355230244 245.11865 76.76568 -999.0 -999.0 -999.0 -999.0 -999.0 269.5935020723235 34.4187132856039 269.48519494590323 34.41693064447774 44.77041102656249 72.04303284792019 -999.0 16600.0 -999.0 2 -999 {-999.0 -999.0 -999.0 -999.0 -999.0} "" -999.0 -999.0 -999.0 -999.0 -999 -999 "" "" "" "" 0 0 0.0 0.0 -999 ""
FIBERMAP 386 R-4C2 BOSS 1 1 0 1 0 0 -240.41349724190985 -86.14943718421196 143.1 -248.58046374029874 58.41863683351021 245.11865 76.76568 269.5923264502574 34.42188573440704 -0.7580152 -7.874571 10.921668 269.59232210278253 34.42184158585577 269.483761745166 34.420105324506544 44.77233338996496 72.03910364413792 5400.0 5400.0 2016.0 1 486 {-999.0 17.556847 16.198296 14.821122 -999.0} sdss_psfmag_ps1 16.98552 15.48551 14.298352 12.1 63050395770819775 1151075295 bright_1x1 mwm_snc_100pc_boss_single mwm_snc science 0 0 0.0 0.0 -999 ""
FIBERMAP 386 R-4C2 METROLOGY 0 0 0 1 0 0 -239.7144927964861 -85.86446543692225 143.1 -247.83896108200315 58.27772746353114 245.11865 76.76568 -999.0 -999.0 -999.0 -999.0 -999.0 269.59627829008747 34.42126201265776 269.48778693757527 34.41952223180303 44.76897112220628 72.03875698532238 -999.0 6231.0 -999.0 -1 -999 {-999.0 -999.0 -999.0 -999.0 -999.0} "" -999.0 -999.0 -999.0 -999.0 -999 -999 "" "" "" "" 0 0 0.0 0.0 -999 ""
FIBERMAP 388 R+2C3 APOGEE 1 1 0 1 0 0 -215.4173313445072 28.748114245035467 143.1 -165.13634798804523 141.24419071948617 311.78662 115.321556 270.04594167693426 34.80093406076709 -86.76538 26.475298 11.462868 270.0456445468814 34.80101223882334 269.93567796866535 34.80034938551922 44.50379972028181 71.3938320489213 16000.0 16600.0 2016.0 2 116 {-999.0 12.400099 11.351752 10.929357 -999.0} sdss_psfmag_from_g3xp 12.038769 11.363792 10.568794 8.955 63050395770830025 984771916 bright_1x1 mwm_snc_100pc_apogee mwm_snc science 0 0 0.0 0.0 -999 ""
FIBERMAP 388 R+2C3 BOSS 0 0 0 1 0 0 -215.68617298786967 28.049393952704182 143.1 -165.7418327251148 140.80402956441384 311.78662 115.321556 -999.0 -999.0 -999.0 -999.0 -999.0 270.0425271107177 34.79897180109562 269.9323243286574 34.7983511350874 44.50599068131913 71.39748206929448 -999.0 5400.0 -999.0 1 60 {-999.0 -999.0 -999.0 -999.0 -999.0} "" -999.0 -999.0 -999.0 -999.0 -999 -999 "" "" "" "" 0 0 0.0 0.0 -999 ""
FIBERMAP 388 R+2C3 METROLOGY 0 0 0 1 0 0 -216.1579864513665 28.618595385776857 143.1 -165.82828334739668 141.53819270438197 311.78662 115.321556 -999.0 -999.0 -999.0 -999.0 -999.0 270.0419874653042 34.8022918881623 269.931841660292 34.80165480095682 44.50717163335401 71.39312023216138 -999.0 6231.0 -999.0 -1 -999 {-999.0 -999.0 -999.0 -999.0 -999.0} "" -999.0 -999.0 -999.0 -999.0 -999 -999 "" "" "" "" 0 0 0.0 0.0 -999 ""
FIBERMAP 394 R-1C26 APOGEE 0 0 0 1 0 0 260.79785268623397 -19.98990259999076 143.1 207.9789515855073 -158.56773585536394 223.13829 66.85873 -999.0 -999.0 -999.0 -999.0 -999.0 272.0807184127079 33.43560629997579 271.9750985769509 33.44073673069121 42.521977487124516 72.60486560344083 -999.0 16600.0 -999.0 2 240 {-999.0 -999.0 -999.0 -999.0 -999.0} "" -999.0 -999.0 -999.0 -999.0 -999 -999 "" ops_sky_apogee_best_unassigned ops_sky sky_apogee 0 0 0.0 0.0 -999 ""
FIBERMAP 394 R-1C26 BOSS 1 1 0 1 0 0 260.5374886377748 -19.294154452052712 143.1 208.13873997040517 -157.8423446746461 223.13829 66.85873 272.08190917968744 33.438784421533846 -999.0 -999.0 -999.0 272.0819280263058 33.438795615576154 271.9760394485255 33.44398956960085 42.52211505073498 72.60032919090094 5400.0 5400.0 2015.5 1 262 {-999.0 -999.0 -999.0 -999.0 -999.0} "" -999.0 -999.0 -999.0 -999.0 27021603155884734 813391488 "" ops_sky_boss_good ops_sky sky_boss 0 0 0.0 0.0 -999 ""
FIBERMAP 394 R-1C26 METROLOGY 0 0 0 1 0 0 261.28072332694956 -19.407885086763255 143.1 208.7005875444759 -158.3418708034785 223.13829 66.85873 -999.0 -999.0 -999.0 -999.0 -999.0 272.0848110038638 33.436551552616066 271.97900231626534 33.44173653609088 42.51911941012465 72.6023483366821 -999.0 6231.0 -999.0 -1 -999 {-999.0 -999.0 -999.0 -999.0 -999.0} "" -999.0 -999.0 -999.0 -999.0 -999 -999 "" "" "" "" 0 0 0.0 0.0 -999 ""
FIBERMAP 396 R+11C2 APOGEE 0 0 0 1 0 0 -151.0341875417601 222.2018988317241 143.1 -5.93056347853409 268.5755078380694 95.54008 138.94325 -999.0 -999.0 -999.0 -999.0 -999.0 270.9272333230545 35.37620782741557 270.8146675382437 35.377770984664295 43.94360240957185 70.37133650670836 -999.0 16600.0 -999.0 2 -999 {-999.0 -999.0 -999.0 -999.0 -999.0} "" -999.0 -999.0 -999.0 -999.0 -999 -999 "" "" "" "" 0 0 0.0 0.0 -999 ""
FIBERMAP 396 R+11C2 BOSS 1 1 0 1 0 0 -150.61414156635067 222.81861994451054 143.1 -5.242778520995321 268.86465142079595 95.54008 138.94325 270.93130022078526 35.377426273619 -2.4831743 -3.6814966 0.008963243 270.93130625514476 35.3774400229581 270.81848171639103 35.379064108237024 43.94088869616418 70.36856609620588 5400.0 5400.0 2016.0 1 17 {-999.0 15.639576 15.043322 15.15506 -999.0} sdss_psfmag_ps1 15.444571 15.14971 14.748146 13.944 63050395771012647 1068534506 bright_1x1 mwm_ob_core_boss_single mwm_ob science 0 0 0.0 0.0 -999 ""
FIBERMAP 396 R+11C2 METROLOGY 0 0 0 1 0 0 -150.28992310218274 222.14962623381302 143.1 -5.3344376459951075 268.12699406145265 95.54008 138.94325 -999.0 -999.0 -999.0 -999.0 -999.0 270.93071334678035 35.37417052235458 270.81797333942734 35.37577954551956 43.94051106559726 70.37313379061123 -999.0 6231.0 -999.0 -1 -999 {-999.0 -999.0 -999.0 -999.0 -999.0} "" -999.0 -999.0 -999.0 -999.0 -999 -999 "" "" "" "" 0 0 0.0 0.0 -999 ""
FIBERMAP 402 R+12C13 APOGEE 0 0 0 1 0 0 111.69724751660216 246.81760144478133 143.1 227.92258655691631 146.38708200137467 98.37403 109.637566 -999.0 -999.0 -999.0 -999.0 -999.0 272.21373293249496 34.81361268190523 272.10284613100555 34.818766102367974 42.78451678320075 70.7598541973639 -999.0 16600.0 -999.0 2 -999 {-999.0 -999.0 -999.0 -999.0 -999.0} "" -999.0 -999.0 -999.0 -999.0 -999 -999 "" "" "" "" 0 0 0.0 0.0 -999 ""
FIBERMAP 402 R+12C13 BOSS 1 1 0 1 0 0 112.36428904921762 247.17279430080126 143.1 228.67544623673382 146.322476269778 98.37403 109.637566 272.21808678351545 34.81323760616968 2.6786158 -19.809013 0.6043154 272.21809016818236 34.81318795773079 272.1069436224868 34.81840934393694 42.7811729049377 70.75915740199315 5400.0 5400.0 2016.0 1 100 {-999.0 16.942877 16.39066 16.19766 -999.0} sdss_psfmag_ps1 16.792086 16.388313 15.814895 14.782 63050395770892562 1072881500 bright_1x1 mwm_halo_local_high_boss_single mwm_halo science 0 0 0.0 0.0 -999 ""
FIBERMAP 402 R+12C13 METROLOGY 0 0 0 1 0 0 112.33387978634154 246.42854960551273 143.1 228.24528970794213 145.71448011886665 98.37403 109.637566 -999.0 -999.0 -999.0 -999.0 -999.0 272.2156459210016 34.81051139162132 272.10458423479645 34.81571094066703 42.78235901741266 70.76338477418773 -999.0 6231.0 -999.0 -1 -999 {-999.0 -999.0 -999.0 -999.0 -999.0} "" -999.0 -999.0 -999.0 -999.0 -999 -999 "" "" "" "" 0 0 0.0 0.0 -999 ""
FIBERMAP 404 R+1C23 APOGEE 0 0 0 1 0 0 216.43070141217314 35.838542462046945 143.1 201.10186177556457 -87.59756623771824 104.99285 86.371376 -999.0 -999.0 -999.0 -999.0 -999.0 272.05111338758144 33.75624009888007 271.9443075689136 33.76121243885182 42.63380767458506 72.1955207559352 -999.0 16600.0 -999.0 2 -999 {-999.0 -999.0 -999.0 -999.0 -999.0} "" -999.0 -999.0 -999.0 -999.0 -999 -999 "" "" "" "" 0 0 0.0 0.0 -999 ""
FIBERMAP 404 R+1C23 BOSS 1 1 0 1 0 0 217.16342571153737 35.999968335422395 143.1 201.80448957493712 -87.86048169991719 104.99285 86.371376 272.0552071598309 33.75496222632336 -5.948979 -5.8178105 0.6364692 272.0551901981658 33.75494031075851 271.94813093448954 33.75998368539034 42.63041551739273 72.19596479683008 5400.0 5400.0 2016.0 1 182 {-999.0 15.106346 14.810968 14.726724 -999.0} sdss_psfmag_from_g3xp 15.076265 14.81583 14.400758 13.712 63050395770877795 979157275 "" ops_std_boss ops_std standard_boss 0 0 0.0 0.0 -999 ""
FIBERMAP 404 R+1C23 METROLOGY 0 0 0 1 0 0 216.93026457109093 35.28437765735084 143.1 201.2197736934689 -88.33419870757787 104.99285 86.371376 -999.0 -999.0 -999.0 -999.0 -999.0 272.0519005668255 33.752843253400435 271.9449232108526 33.757861350008106 42.632411675836664 72.199719672431 -999.0 6231.0 -999.0 -1 -999 {-999.0 -999.0 -999.0 -999.0 -999.0} "" -999.0 -999.0 -999.0 -999.0 -999 -999 "" "" "" "" 0 0 0.0 0.0 -999 ""
FIBERMAP 409 R+9C6 APOGEE 1 1 0 1 0 0 -73.37747963343634 184.21434073546104 143.1 38.581218643563595 194.47721881866033 44.273872 133.7091 271.1727927353827 35.043338658193534 -0.7943933 -5.4620924 0.21708699 271.1727772632858 35.04333478379351 271.06140880190026 35.045635671038745 43.66791573025083 70.75068526643435 16000.0 16600.0 2016.0 2 17 {-999.0 13.077562 11.713538 10.731165 -999.0} sdss_psfmag_from_g3xp 12.536609 11.385625 10.316099 7.934 63050395770989676 1155960120 bright_1x1 mwm_galactic_core_dist_apogee_extra mwm_galactic science 0 0 0.0 0.0 -999 ""
FIBERMAP 409 R+9C6 BOSS 0 0 0 1 0 0 -72.63313479902978 184.19053141029462 143.1 39.1928871489111 194.05254615135345 44.273872 133.7091 -999.0 -999.0 -999.0 -999.0 -999.0 271.1764247600192 35.04139927917243 271.06480911980816 35.04376267796923 43.66475852343224 70.7522553834757 -999.0 5400.0 -999.0 1 147 {-999.0 -999.0 -999.0 -999.0 -999.0} "" -999.0 -999.0 -999.0 -999.0 -999 -999 "" "" "" "" 0 0 0.0 0.0 -999 ""
FIBERMAP 409 R+9C6 METROLOGY 0 0 0 1 0 0 -73.01865300760268 183.54356258722473 143.1 38.517630610260944 193.71924792972902 44.273872 133.7091 -999.0 -999.0 -999.0 -999.0 -999.0 271.17260046577 35.0399248061678 271.0610638560935 35.04226347851488 43.66736537317565 70.7553011652792 -999.0 6231.0 -999.0 -1 -999 {-999.0 -999.0 -999.0 -999.0 -999.0} "" -999.0 -999.0 -999.0 -999.0 -999 -999 "" "" "" "" 0 0 0.0 0.0 -999 ""
FIBERMAP 410 R-2C2 APOGEE 0 0 0 1 0 0 -257.98933932451706 -22.270307624275844 143.1 -228.59867419520288 121.5783206114978 177.3887 51.46567 -999.0 -999.0 -999.0 -999.0 -999.0 269.6988117891016 34.70852050239956 269.5893496016039 34.70695136686991 44.75749888835533 71.61745958850611 -999.0 16600.0 -999.0 2 -999 {-999.0 -999.0 -999.0 -999.0 -999.0} "" -999.0 -999.0 -999.0 -999.0 -999 -999 "" "" "" "" 0 0 0.0 0.0 -999 ""
FIBERMAP 410 R-2C2 BOSS 1 1 0 1 0 0 -257.5110599430542 -21.687182282763697 143.1 -227.88028865381028 121.80761151604909 177.3887 51.46567 269.7024401063157 34.70958550756934 1.3296686 -6.2969403 0.4626694 269.7029447047444 34.709560707274775 269.5932336860111 34.70805185991056 44.75466404314824 71.61487445577598 5400.0 5400.0 2016.0 1 435 {-999.0 13.03971 11.913294 11.495756 -999.0} sdss_psfmag_from_g3xp 12.638313 11.936234 11.130989 9.413 63050395770834253 996736105 bright_1x1 mwm_bin_gaia_sb_boss mwm_bin science 0 0 1.492490530014038 0.0 -999 ""
FIBERMAP 410 R-2C2 METROLOGY 0 0 0 1 0 0 -257.25365040539185 -22.394500195664698 143.1 -228.04884667315784 121.0741179617258 177.3887 51.46567 -999.0 -999.0 -999.0 -999.0 -999.0 269.70197564696684 34.70625261278568 269.59234664556277 34.704727936486435 44.75457280928555 71.61966478516689 -999.0 6231.0 -999.0 -1 -999 {-999.0 -999.0 -999.0 -999.0 -999.0} "" -999.0 -999.0 -999.0 -999.0 -999 -999 "" "" "" "" 0 0 0.0 0.0 -999 ""
FIBERMAP 415 R-2C4 APOGEE 0 0 0 1 0 0 -198.88906731393132 -26.888356201777828 143.1 -181.51575251521757 85.57085311341783 72.405525 122.77109 -999.0 -999.0 -999.0 -999.0 -999.0 269.95650334563385 34.54834375029268 269.8475449037378 34.547501875511735 44.512716535642696 71.76245054997867 -999.0 16600.0 -999.0 2 -999 {-999.0 -999.0 -999.0 -999.0 -999.0} "" -999.0 -999.0 -999.0 -999.0 -999 -999 "" "" "" "" 0 0 0.0 0.0 -999 ""
FIBERMAP 415 R-2C4 BOSS 1 1 0 1 0 0 -198.1809091307751 -26.68201659310022 143.1 -180.8093200853463 85.35898316045824 72.405525 122.77109 269.960625270703 34.54744565218759 -6.652577 -19.152426 0.52817243 269.96056373393316 34.54738429711056 269.85136284393036 34.54660430128634 44.50944782465311 71.76259236642227 5400.0 5400.0 2016.0 1 474 {-999.0 15.933505 15.464315 15.294342 -999.0} sdss_psfmag_ps1 15.766485 15.426159 14.916157 13.956 63050395770827824 1072881495 bright_1x1 mwm_halo_local_high_boss_single mwm_halo science 0 0 0.0 0.0 -999 ""
FIBERMAP 415 R-2C4 METROLOGY 0 0 0 1 0 0 -198.3612322735643 -27.41566270721141 143.1 -181.35951378209188 84.84138750469683 72.405525 122.77109 -999.0 -999.0 -999.0 -999.0 -999.0 269.957503638024 34.54502466578736 269.8483823573057 34.54422264440108 44.51124558181176 71.76667278196123 -999.0 6231.0 -999.0 -1 -999 {-999.0 -999.0 -999.0 -999.0 -999.0} "" -999.0 -999.0 -999.0 -999.0 -999 -999 "" "" "" "" 0 0 0.0 0.0 -999 ""
FIBERMAP 417 R+13C12 APOGEE 0 0 0 1 0 0 107.84511180164773 263.12199941374274 143.1 233.55463093616848 162.16320903059324 58.535347 115.55181 -999.0 -999.0 -999.0 -999.0 -999.0 272.2450448179812 34.88394036765207 272.13387491994195 34.88916105271859 42.77778029569085 70.65827450433846 -999.0 16600.0 -999.0 2 93 {-999.0 -999.0 -999.0 -999.0 -999.0} "" -999.0 -999.0 -999.0 -999.0 -999 -999 "" ops_sky_apogee_best_unassigned ops_sky sky_apogee 0 0 0.0 0.0 -999 ""
FIBERMAP 417 R+13C12 BOSS 1 1 0 1 0 0 108.58937542891108 263.0579731124462 143.1 234.14436571064925 161.70483263163442 58.535347 115.55181 272.2484713328685 34.881799622776725 -1.832194 -6.823844 1.5968206 272.24848238029483 34.881753367288226 272.13705956005015 34.88703979542796 42.774715284795015 70.66016687388185 5400.0 5400.0 2016.0 1 92 {-999.0 21.420036 19.9848 18.589638 -999.0} sdss_psfmag_ps1 20.642675 19.324419 18.13959 15.772 63050395770903765 1096389426 bright_1x1 mwm_bin_vis_boss mwm_filler science 0 0 0.0 0.0 -999 ""
FIBERMAP 417 R+13C12 METROLOGY 0 0 0 1 0 0 108.17113038796555 262.4471585238359 143.1 233.46130331950437 161.4196663295368 58.535347 115.55181 -999.0 -999.0 -999.0 -999.0 -999.0 272.2446819087133 34.88056380207445 272.13333883897667 34.88582442645615 42.77735903881734 70.6628235895787 -999.0 6231.0 -999.0 -1 -999 {-999.0 -999.0 -999.0 -999.0 -999.0} "" -999.0 -999.0 -999.0 -999.0 -999 -999 "" "" "" "" 0 0 0.0 0.0 -999 ""
FIBERMAP 422 R+8C8 APOGEE 0 0 0 1 0 0 -44.77619712528477 176.2499823078872 143.1 58.25170238543022 172.2437210659901 152.68083 36.572456 -999.0 -999.0 -999.0 -999.0 -999.0 271.2812732291422 34.942383403224376 271.1702522979663 34.944999594282706 43.55677189460589 70.8551895725858 -999.0 16600.0 -999.0 2 -999 {-999.0 -999.0 -999.0 -999.0 -999.0} "" -999.0 -999.0 -999.0 -999.0 -999 -999 "" "" "" "" 0 0 0.0 0.0 -999 ""
FIBERMAP 422 R+8C8 BOSS 1 1 0 1 0 0 -44.03217798767333 176.38759676162448 143.1 58.95086215259229 171.95468346905824 152.68083 36.572456 271.285400390625 34.9410661146284 -999.0 -999.0 -999.0 271.2854137934988 34.94104940620404 271.1741426250858 34.94372998387495 43.55336831807721 70.85580183384872 5400.0 5400.0 2015.5 1 132 {-999.0 -999.0 -999.0 -999.0 -999.0} "" -999.0 -999.0 -999.0 -999.0 27021603155932048 821151073 "" ops_sky_boss_good ops_sky sky_boss 0 0 0.0 0.0 -999 ""
FIBERMAP 422 R+8C8 METROLOGY 0 0 0 1 0 0 -44.28725723272918 175.68642240691878 143.1 58.35559181594665 171.50498051460394 152.68083 36.572456 -999.0 -999.0 -999.0 -999.0 -999.0 271.2820303265181 34.93904733667477 271.17084017646414 34.94170430110847 43.55549197795642 70.85943211919886 -999.0 6231.0 -999.0 -1 -999 {-999.0 -999.0 -999.0 -999.0 -999.0} "" -999.0 -999.0 -999.0 -999.0 -999 -999 "" "" "" "" 0 0 0.0 0.0 -999 ""
FIBERMAP 423 R-11C2 APOGEE 0 0 0 1 0 0 -144.56471809883945 -234.94000575390282 143.1 -249.04543184955514 -118.55032415289921 337.54376 35.848263 -999.0 -999.0 -999.0 -999.0 -999.0 269.60101132373353 33.621553527564025 269.495710701313 33.61997934637532 44.561994632875894 73.12466633103952 -999.0 16600.0 -999.0 2 -999 {-999.0 -999.0 -999.0 -999.0 -999.0} "" -999.0 -999.0 -999.0 -999.0 -999 -999 "" "" "" "" 0 0 0.0 0.0 -999 ""
FIBERMAP 423 R-11C2 BOSS 1 1 0 1 0 0 -145.39539860707822 -235.08556765089108 143.1 -249.82163404054495 -118.22083865444385 337.54376 35.848263 269.5970601481212 33.623025214667564 0.6271588 -17.346184 0.5420045 269.59706909008094 33.62297424928422 269.49152442154605 33.62144249839798 44.56573977150973 73.12394111521877 5400.0 5400.0 2016.0 1 428 {-999.0 16.657206 16.173456 15.96167 -999.0} sdss_psfmag_ps1 16.55688 16.175526 15.632488 14.488 63050395770793582 1072940839 bright_1x1 mwm_halo_local_high_boss_single mwm_halo science 0 0 0.0 0.0 -999 ""
FIBERMAP 423 R-11C2 METROLOGY 0 0 0 1 0 0 -145.08501872128917 -234.4052635330242 143.1 -249.19130538435925 -117.81871529026897 337.54376 35.848263 -999.0 -999.0 -999.0 -999.0 -999.0 269.6003408701433 33.624811229515764 269.49485604183656 33.62327269183913 44.56352991743158 73.12045674743524 -999.0 6231.0 -999.0 -1 -999 {-999.0 -999.0 -999.0 -999.0 -999.0} "" -999.0 -999.0 -999.0 -999.0 -999 -999 "" "" "" "" 0 0 0.0 0.0 -999 ""
FIBERMAP 425 R-10C2 APOGEE 0 0 0 1 0 0 -157.33610044805928 -214.477695738356 143.1 -248.6373135151595 -94.43579580120236 322.31134 52.261147 -999.0 -999.0 -999.0 -999.0 -999.0 269.60110807254796 33.730321645539334 269.4954003063832 33.72872193473314 44.590138257178616 72.97720733603705 -999.0 16600.0 -999.0 2 -999 {-999.0 -999.0 -999.0 -999.0 -999.0} "" -999.0 -999.0 -999.0 -999.0 -999 -999 "" "" "" "" 0 0 0.0 0.0 -999 ""
FIBERMAP 425 R-10C2 BOSS 1 1 0 1 0 0 -158.03528063773 -214.66849485915176 143.1 -249.3277628897142 -94.21576637156615 322.31134 52.261147 269.5976257324219 33.73123250650697 -999.0 -999.0 -999.0 269.5976181061984 33.73124431521409 269.49166776508775 33.72968795360358 44.59338630669257 72.9770101569951 5400.0 5400.0 2015.5 1 427 {-999.0 -999.0 -999.0 -999.0 -999.0} "" -999.0 -999.0 -999.0 -999.0 27021603155901868 821149006 "" ops_sky_boss_good ops_sky sky_boss 0 0 0.0 0.0 -999 ""
FIBERMAP 425 R-10C2 METROLOGY 0 0 0 1 0 0 -157.86216036734396 -213.9486182942762 143.1 -248.79109982146915 -93.70580923418416 322.31134 52.261147 -999.0 -999.0 -999.0 -999.0 -999.0 269.60039001555225 33.733573786315866 269.4944979201198 33.73200929700918 44.59170408709195 72.97301386601197 -999.0 6231.0 -999.0 -1 -999 {-999.0 -999.0 -999.0 -999.0 -999.0} "" -999.0 -999.0 -999.0 -999.0 -999 -999 "" "" "" "" 0 0 0.0 0.0 -999 ""
FIBERMAP 428 R+3C23 APOGEE 0 0 0 1 0 0 213.4956076749533 58.834476703489436 143.1 211.14156198399996 -66.70485551991246 246.78883 31.852274 -999.0 -999.0 -999.0 -999.0 -999.0 272.1074055480346 33.850358173373166 272.0002247666821 33.85545915957981 42.61440350447513 72.05517291464622 -999.0 16600.0 -999.0 2 -999 {-999.0 -999.0 -999.0 -999.0 -999.0} "" -999.0 -999.0 -999.0 -999.0 -999 -999 "" "" "" "" 0 0 0.0 0.0 -999 ""
FIBERMAP 428 R+3C23 BOSS 1 1 0 1 0 0 213.38981275713112 59.55016666618864 143.1 211.44189849017343 -66.04676802254862 246.78883 31.852274 272.10937499999994 33.85326304699334 -999.0 -999.0 -999.0 272.1093959245755 33.85325055522673 272.001946228837 33.85841571499067 42.61381986692674 72.05078153247104 5400.0 5400.0 2015.5 1 186 {-999.0 -999.0 -999.0 -999.0 -999.0} "" -999.0 -999.0 -999.0 -999.0 27021603155915424 813395258 "" ops_sky_boss_good ops_sky sky_boss 0 0 0.0 0.0 -999 ""
FIBERMAP 428 R+3C23 METROLOGY 0 0 0 1 0 0 214.08443494986088 59.292673627133304 143.1 211.88479087246654 -66.64050153492272 246.78883 31.852274 -999.0 -999.0 -999.0 -999.0 -999.0 272.11165235934646 33.85055808257906 272.0042848203019 33.85571312089943 42.61122373863834 72.053610830749 -999.0 6231.0 -999.0 -1 -999 {-999.0 -999.0 -999.0 -999.0 -999.0} "" -999.0 -999.0 -999.0 -999.0 -999 -999 "" "" "" "" 0 0 0.0 0.0 -999 ""
FIBERMAP 432 R+11C15 APOGEE 0 0 0 1 0 0 136.75989654650417 202.96913825430852 143.1 225.11379748641178 95.96553060170376 233.75293 114.42975 -999.0 -999.0 -999.0 -999.0 -999.0 272.1958481205786 34.5864428583867 272.08584079504067 34.59160310136946 42.73982368171253 71.06381510465974 -999.0 16600.0 -999.0 2 -999 {-999.0 -999.0 -999.0 -999.0 -999.0} "" -999.0 -999.0 -999.0 -999.0 -999 -999 "" "" "" "" 0 0 0.0 0.0 -999 ""
FIBERMAP 432 R+11C15 BOSS 1 1 0 1 0 0 136.0483501588665 203.09933076709348 143.1 224.5874911651162 96.46164200953912 233.75293 114.42975 272.1933462920621 34.58874550434989 -20.192152 -6.395664 0.61028147 272.19330165416807 34.58868502870489 272.08302756933597 34.59389480318725 42.74265217948582 71.06161335880955 5400.0 5400.0 2016.0 1 178 {-999.0 15.930415 15.5481 15.376054 -999.0} sdss_psfmag_ps1 15.829245 15.511413 15.005052 14.086 63050395770890732 1072780441 bright_1x1 mwm_halo_local_high_boss_single mwm_halo science 0 0 0.0 0.0 -999 ""
FIBERMAP 432 R+11C15 METROLOGY 0 0 0 1 0 0 136.52240373815533 203.67642825600117 143.1 225.29905335886275 96.68817219873358 233.75293 114.42975 -999.0 -999.0 -999.0 -999.0 -999.0 272.1971055435301 34.58965812959944 272.08689970156445 34.59486177885174 42.73982177791733 71.05922216611123 -999.0 6231.0 -999.0 -1 -999 {-999.0 -999.0 -999.0 -999.0 -999.0} "" -999.0 -999.0 -999.0 -999.0 -999 -999 "" "" "" "" 0 0 0.0 0.0 -999 ""
FIBERMAP 436 R+4C3 APOGEE 1 1 0 1 0 0 -209.8399612101762 57.78566607991151 143.1 -144.6686845757685 162.57855054550038 310.90585 38.702633 270.1581578930791 34.89825948014782 -7.621948 0.68524635 0.61777866 270.1581618356994 34.89823825885589 270.047772563576 34.8978537092924 44.43797268464417 71.23019180617086 16000.0 16600.0 2016.0 2 149 {-999.0 12.421062 11.588438 11.278633 -999.0} sdss_psfmag_from_g3xp 12.171895 11.624173 10.927837 9.468 63050395770832612 1107054455 bright_1x1 mwm_tess_rgb_apogee mwm_tessrgb science 0 0 0.0 0.0 -999 ""
FIBERMAP 436 R+4C3 BOSS 0 0 0 1 0 0 -210.56372264094625 57.92085301582231 143.1 -145.2025256718857 163.08549420204665 310.90585 38.702633 -999.0 -999.0 -999.0 -999.0 -999.0 270.15543507997126 34.9004819356623 270.0447919855304 34.90013952907496 44.4408946697993 71.22790631722671 -999.0 5400.0 -999.0 1 29 {-999.0 -999.0 -999.0 -999.0 -999.0} "" -999.0 -999.0 -999.0 -999.0 -999 -999 "" "" "" "" 0 0 0.0 0.0 -999 ""
FIBERMAP 436 R+4C3 METROLOGY 0 0 0 1 0 0 -210.08038054803419 58.486158546551465 143.1 -144.48958024152495 163.29707914967383 310.90585 38.702633 -999.0 -999.0 -999.0 -999.0 -999.0 270.15929811947086 34.9014752348531 270.04871933866184 34.901128780083944 44.43800548426442 71.22547799023778 -999.0 6231.0 -999.0 -1 -999 {-999.0 -999.0 -999.0 -999.0 -999.0} "" -999.0 -999.0 -999.0 -999.0 -999 -999 "" "" "" "" 0 0 0.0 0.0 -999 ""
FIBERMAP 440 R+8C4 APOGEE 0 0 0 1 0 0 -138.06861439511673 135.43139369832602 143.1 -42.22686068678734 188.71319495656442 310.19513 55.739002 -999.0 -999.0 -999.0 -999.0 -999.0 270.7246158155865 35.018505066067036 270.6135254127265 35.019609720102 44.01732064784382 70.90931846928163 -999.0 16600.0 -999.0 2 -999 {-999.0 -999.0 -999.0 -999.0 -999.0} "" -999.0 -999.0 -999.0 -999.0 -999 -999 "" "" "" "" 0 0 0.0 0.0 -999 ""
FIBERMAP 440 R+8C4 BOSS 1 1 0 1 0 0 -138.83931424282667 135.35296532048773 143.1 -42.91623053936725 189.0664043136233 310.19513 55.739002 270.72109738535806 35.02010118591479 -18.911469 -3.8629053 0.5377292 270.7210360263294 35.020093453931366 270.6096907391751 35.02123920367291 44.02076192371372 70.90817602858493 5400.0 5400.0 2016.0 1 57 {-999.0 17.160648 16.73155 16.631447 -999.0} sdss_psfmag_ps1 17.023466 16.725912 16.25828 15.22 63050395771011098 1072824250 bright_1x1 mwm_halo_local_high_boss_single mwm_halo science 0 0 0.0 0.0 -999 ""
FIBERMAP 440 R+8C4 METROLOGY 0 0 0 1 0 0 -138.51717222442196 136.02759656168777 143.1 -42.27911603477249 189.45737235117025 310.19513 55.739002 -999.0 -999.0 -999.0 -999.0 -999.0 270.72450464002407 35.021862185181796 270.6132219600644 35.023002344349834 44.01838233926686 70.90482439993815 -999.0 6231.0 -999.0 -1 -999 {-999.0 -999.0 -999.0 -999.0 -999.0} "" -999.0 -999.0 -999.0 -999.0 -999 -999 "" "" "" "" 0 0 0.0 0.0 -999 ""
FIBERMAP 448 R+7C8 APOGEE 1 1 0 1 0 0 -46.95147008490025 148.38645075930197 143.1 41.27719617874559 150.04484696869966 73.39875 95.99407 271.1864358534528 34.84264011549505 -1.6869215 -3.4122705 0.32006282 271.1867410973614 34.84261691982472 271.0761432653901 34.84500314529716 43.60685280310485 71.01528394028355 16000.0 16600.0 2016.0 2 27 {-999.0 12.62815 11.267909 9.930546 -999.0} sdss_psfmag_from_g3xp 12.10329 10.651897 9.465443 6.845 63050395770988951 1152450424 bright_1x1 mwm_galactic_core_dist_apogee_sparse mwm_galactic science 0 0 0.9422605037689209 0.0 -999 ""
FIBERMAP 448 R+7C8 BOSS 0 0 0 1 0 0 -46.228416003514376 148.2313834143544 143.1 41.79963491726119 149.52160534109137 73.39875 95.99407 -999.0 -999.0 -999.0 -999.0 -999.0 271.1898941854956 34.84023408713467 271.07905135824285 34.84268241101495 43.60396572042246 71.01757281218886 -999.0 5400.0 -999.0 1 104 {-999.0 -999.0 -999.0 -999.0 -999.0} "" -999.0 -999.0 -999.0 -999.0 -999 -999 "" "" "" "" 0 0 0.0 0.0 -999 ""
FIBERMAP 448 R+7C8 METROLOGY 0 0 0 1 0 0 -46.73055809768262 147.670470057359 143.1 41.073301538709266 149.32392744639384 73.39875 95.99407 -999.0 -999.0 -999.0 -999.0 -999.0 271.1857916347288 34.83936641388384 271.0750254941719 34.84178888775793 43.60694562485486 71.01989845510701 -999.0 6231.0 -999.0 -1 -999 {-999.0 -999.0 -999.0 -999.0 -999.0} "" -999.0 -999.0 -999.0 -999.0 -999 -999 "" "" "" "" 0 0 0.0 0.0 -999 ""
FIBERMAP 450 R+2C17 APOGEE 0 0 0 1 0 0 85.12098287543374 26.253917198363673 143.1 85.70287006642748 -24.248617326052837 251.9135 116.55185 -999.0 -999.0 -999.0 -999.0 -999.0 271.4260810196891 34.04875979967013 271.3184183642993 34.05197946939008 43.211806675474556 72.00097430651203 -999.0 16600.0 -999.0 2 61 {-999.0 -999.0 -999.0 -999.0 -999.0} "" -999.0 -999.0 -999.0 -999.0 -999 -999 "" ops_sky_apogee_best_unassigned ops_sky sky_apogee 0 0 0.0 0.0 -999 ""
FIBERMAP 450 R+2C17 BOSS 1 1 0 1 0 0 84.3841820177148 26.122399526458373 143.1 85.01308224644232 -23.958388153722 251.9135 116.55185 271.422610684852 34.050017485616095 3.0780747 1.8883811 0.97012377 271.4226125835287 34.05003453231753 271.31469346597225 34.05330132458968 43.21513104227286 72.0003302865507 5400.0 5400.0 2016.0 1 199 {-999.0 14.489182 14.115827 13.993158 -999.0} sdss_psfmag_from_g3xp 14.428057 14.126249 13.662295 12.863 63050395770724418 979157056 "" ops_std_boss ops_std standard_boss 0 0 0.0 0.0 -999 ""
FIBERMAP 450 R+2C17 METROLOGY 0 0 0 1 0 0 84.63340643158492 26.8286391002853 143.1 85.60619344081405 -23.501251528999305 251.9135 116.55185 -999.0 -999.0 -999.0 -999.0 -999.0 271.42580733481014 34.05211432548275 271.31795077695017 34.055373121417944 43.213067502282776 71.99661867466233 -999.0 6231.0 -999.0 -1 -999 {-999.0 -999.0 -999.0 -999.0 -999.0} "" -999.0 -999.0 -999.0 -999.0 -999 -999 "" "" "" "" 0 0 0.0 0.0 -999 ""
FIBERMAP 452 R+12C9 APOGEE 0 0 0 1 0 0 25.65478283691546 244.2018940971008 143.1 154.2983286452254 190.97259095181093 64.617516 125.69424 -999.0 -999.0 -999.0 -999.0 -999.0 271.81224400787147 35.021020699290325 271.7007098885291 35.02504442269211 43.15554775072569 70.60044647342136 -999.0 16600.0 -999.0 2 -999 {-999.0 -999.0 -999.0 -999.0 -999.0} "" -999.0 -999.0 -999.0 -999.0 -999 -999 "" "" "" "" 0 0 0.0 0.0 -999 ""
FIBERMAP 452 R+12C9 BOSS 1 1 0 1 0 0 26.373461086534043 244.3614341215989 143.1 154.98814445107746 190.7157296918022 64.617516 125.69424 271.8163203224869 35.01974557448854 4.931547 8.105707 3.4907484 271.8163085651085 35.019774365595715 271.7045202768642 35.023863485871026 43.15223167303098 70.60094984786565 5400.0 5400.0 2016.0 1 154 {-999.0 21.301208 19.342928 17.722626 -999.0} sdss_psfmag_gaia 19.42131 18.45201 16.487345 14.207 63050395770986980 1095237935 bright_1x1 mwm_bin_vis_boss mwm_filler science 0 0 0.0 0.0 -999 ""
FIBERMAP 452 R+12C9 METROLOGY 0 0 0 1 0 0 26.153198635991476 243.64669713048153 143.1 154.41471658501365 190.23571615681027 64.617516 125.69424 -999.0 -999.0 -999.0 -999.0 -999.0 271.8130628594887 35.01767586375402 271.701356929226 35.021741410698745 43.15421251211365 70.60465097091736 -999.0 6231.0 -999.0 -1 -999 {-999.0 -999.0 -999.0 -999.0 -999.0} "" -999.0 -999.0 -999.0 -999.0 -999 -999 "" "" "" "" 0 0 0.0 0.0 -999 ""
FIBERMAP 455 R-2C17 APOGEE 0 0 0 1 0 0 78.45216768182289 -21.227764385748902 143.1 54.291428351100286 -60.46687216372069 181.75046 39.718784 -999.0 -999.0 -999.0 -999.0 -999.0 271.25227411001316 33.88482713553228 271.14529884079934 33.88761918331108 43.30728143572185 72.27044717586239 -999.0 16600.0 -999.0 2 238 {-999.0 -999.0 -999.0 -999.0 -999.0} "" -999.0 -999.0 -999.0 -999.0 -999 -999 "" ops_sky_apogee_best_unassigned ops_sky sky_apogee 0 0 0.0 0.0 -999 ""
FIBERMAP 455 R-2C17 BOSS 1 1 0 1 0 0 78.95267046132922 -20.686586358382538 143.1 55.00565619613452 -60.28486379676271 181.75046 39.718784 271.2565612792969 33.88555312028846 -999.0 -999.0 -999.0 271.25648259881393 33.88554831628622 271.1492512942244 33.88840841064313 43.30432321285708 72.26821563075941 5400.0 5400.0 2015.5 1 303 {-999.0 -999.0 -999.0 -999.0 -999.0} "" -999.0 -999.0 -999.0 -999.0 27021603155889585 813392025 "" ops_sky_boss_good ops_sky sky_boss 0 0 0.0 0.0 -999 ""
FIBERMAP 455 R-2C17 METROLOGY 0 0 0 1 0 0 79.17457300525392 -21.4084767337463 143.1 54.79937974395721 -61.011280949491834 181.75046 39.718784 -999.0 -999.0 -999.0 -999.0 -999.0 271.2552472001056 33.88226994150878 271.1481000474457 33.88511138527767 43.3043785787857 72.27293213521102 -999.0 6231.0 -999.0 -1 -999 {-999.0 -999.0 -999.0 -999.0 -999.0} "" -999.0 -999.0 -999.0 -999.0 -999 -999 "" "" "" "" 0 0 0.0 0.0 -999 ""
FIBERMAP 463 R+8C11 APOGEE 0 0 1 1 0 0 22.940286589098797 162.66370115804835 143.1 107.688934414652 124.02605198028012 9.330107 170.30885 -999.0 -999.0 -999.0 -999.0 -999.0 271.5531808066275 34.721972049250915 271.4429020724891 34.72537131760926 43.28530422358398 71.07123781553821 -999.0 16600.0 -999.0 2 -999 {-999.0 -999.0 -999.0 -999.0 -999.0} "" -999.0 -999.0 -999.0 -999.0 -999 -999 "" "" "" "" 0 0 0.0 0.0 -999 ""
FIBERMAP 463 R+8C11 BOSS 1 0 1 1 0 0 23.69484706312272 162.66215023697117 143.1 108.32127700710704 123.61450320051438 9.330107 170.30885 271.54056370525603 34.740373144132334 -10.3536 28.368174 0.75399524 271.55695630808793 34.72006080760426 271.4464283138758 34.72352525028912 43.28203451233051 71.07268940675743 5400.0 5400.0 2016.0 1 134 {-999.0 15.136631 14.81412 14.692891 -999.0} sdss_psfmag_from_g3xp 15.086383 14.81049 14.363055 13.526 63050395770983369 1072534192 bright_1x1 mwm_halo_local_high_boss_single mwm_halo science 0 0 0.0 0.0 -999 ""
FIBERMAP 463 R+8C11 METROLOGY 0 0 1 1 0 0 23.31536644414276 162.01873830419396 143.1 107.65302073021385 123.28090714650253 9.330107 170.30885 -999.0 -999.0 -999.0 -999.0 -999.0 271.5531763925294 34.71859261473347 271.44272784859106 34.72203178434001 43.284601810797376 71.07572707106567 -999.0 6231.0 -999.0 -1 -999 {-999.0 -999.0 -999.0 -999.0 -999.0} "" -999.0 -999.0 -999.0 -999.0 -999 -999 "" "" "" "" 0 0 0.0 0.0 -999 ""
FIBERMAP 466 R+5C5 APOGEE 1 1 0 1 0 0 -145.1742326543179 78.76289580961506 143.1 -78.99962799496447 145.0233528084523 307.51324 76.065125 270.52056777310867 34.82082499987742 -0.19200847 -1.3470728 0.5941068 270.5205669773382 34.82081571206504 270.41032480228034 34.821420259258126 44.130824752675274 71.23323446256921 16000.0 16600.0 2016.0 2 128 {-999.0 12.732747 11.864467 11.552619 -999.0} sdss_psfmag_from_g3xp 12.469522 11.905846 11.198885 9.733 63050395770831502 1108164294 bright_1x1 mwm_tess_rgb_apogee mwm_tessrgb science 0 0 0.0 0.0 -999 ""
FIBERMAP 466 R+5C5 BOSS 0 0 0 1 0 0 -145.86133272253028 78.47502878465349 143.1 -79.73271528690148 145.15536032368772 307.51324 76.065125 -999.0 -999.0 -999.0 -999.0 -999.0 270.5167287806329 34.821399958385015 270.4062374567512 34.82204533956609 44.134231351442196 71.23352922457013 -999.0 5400.0 -999.0 1 42 {-999.0 -999.0 -999.0 -999.0 -999.0} "" -999.0 -999.0 -999.0 -999.0 -999 -999 "" "" "" "" 0 0 0.0 0.0 -999 ""
FIBERMAP 466 R+5C5 METROLOGY 0 0 0 1 0 0 -145.7713411620279 79.21854727494303 143.1 -79.25295538871121 145.7303527563 307.51324 76.065125 -999.0 -999.0 -999.0 -999.0 -999.0 270.51932155631835 34.824014703614424 270.40888948064105 34.82465188587302 44.13275508579089 71.2292678043184 -999.0 6231.0 -999.0 -1 -999 {-999.0 -999.0 -999.0 -999.0 -999.0} "" -999.0 -999.0 -999.0 -999.0 -999 -999 "" "" "" "" 0 0 0.0 0.0 -999 ""
FIBERMAP 469 R+1C6 APOGEE 0 0 0 1 0 0 -162.5376314416593 28.274606075677497 143.1 -121.02004256137495 112.09666020077879 36.309315 135.8461 -999.0 -999.0 -999.0 -999.0 -999.0 270.2885339372508 34.67076177220902 270.1789658265359 34.67078011730704 44.278386204908756 71.50177427409278 -999.0 16600.0 -999.0 2 -999 {-999.0 -999.0 -999.0 -999.0 -999.0} "" -999.0 -999.0 -999.0 -999.0 -999 -999 "" "" "" "" 0 0 0.0 0.0 -999 ""
FIBERMAP 469 R+1C6 BOSS 1 1 0 1 0 0 -161.79037962344307 28.190724569405372 143.1 -120.43859534628642 111.61999775059694 36.309315 135.8461 270.29199208552495 34.66864037856615 -12.483778 -15.147661 0.6190026 270.2919358040239 34.668603351250574 270.18212780882516 34.668682543194485 44.27535142832977 71.50372607433872 5400.0 5400.0 2016.0 1 20 {-999.0 15.846353 15.436719 15.234003 -999.0} sdss_psfmag_ps1 15.809599 15.459823 14.944017 13.966 63050395770830715 1073338877 bright_1x1 mwm_halo_local_high_boss_single mwm_halo science 0 0 0.0 0.0 -999 ""
FIBERMAP 469 R+1C6 METROLOGY 0 0 0 1 0 0 -162.233749798322 27.593197294288213 143.1 -121.13551718782776 111.3596417297206 36.309315 135.8461 -999.0 -999.0 -999.0 -999.0 -999.0 270.28803602054205 34.66741129880253 270.17830418238793 34.667465805286 44.27810281601578 71.50644872671069 -999.0 6231.0 -999.0 -1 -999 {-999.0 -999.0 -999.0 -999.0 -999.0} "" -999.0 -999.0 -999.0 -999.0 -999 -999 "" "" "" "" 0 0 0.0 0.0 -999 ""
FIBERMAP 481 R+7C10 APOGEE 1 1 0 1 0 0 -13.757192385523483 122.29954067277762 143.1 54.94881141070087 110.10672898233345 263.0004 113.38784 271.2614044848429 34.66117382080049 -7.1509585 -9.862029 0.61226326 271.26138507207884 34.661128159544106 271.1514557355704 34.663758174180785 43.50175029179863 71.23619627659616 16000.0 16600.0 2016.0 2 30 {-999.0 12.699519 11.776996 11.441674 -999.0} sdss_psfmag_from_g3xp 12.407224 11.814693 11.085329 9.571 63050395770982881 1107325330 bright_1x1 mwm_tess_rgb_apogee mwm_tessrgb science 0 0 0.0 0.0 -999 ""
FIBERMAP 481 R+7C10 BOSS 0 0 0 1 0 0 -14.457642587501477 122.05672659316457 143.1 54.22901627446827 110.28380080159141 263.0004 113.38784 -999.0 -999.0 -999.0 -999.0 -999.0 271.25769233381186 34.66195020388876 271.14750828353635 34.66462404302715 43.50511046157696 71.23616378888687 -999.0 5400.0 -999.0 1 127 {-999.0 -999.0 -999.0 -999.0 -999.0} "" -999.0 -999.0 -999.0 -999.0 -999 -999 "" "" "" "" 0 0 0.0 0.0 -999 ""
FIBERMAP 481 R+7C10 METROLOGY 0 0 0 1 0 0 -14.335308843253243 122.79032302873641 143.1 54.73052143498703 110.83288305265347 263.0004 113.38784 -999.0 -999.0 -999.0 -999.0 -999.0 271.26040352601586 34.66443230197691 271.1502805549334 34.66709754109461 43.503523752449404 71.23207400211572 -999.0 6231.0 -999.0 -1 -999 {-999.0 -999.0 -999.0 -999.0 -999.0} "" -999.0 -999.0 -999.0 -999.0 -999 -999 "" "" "" "" 0 0 0.0 0.0 -999 ""
FIBERMAP 483 R+13C1 APOGEE 0 0 0 1 0 0 -148.16147150657886 232.07209386197295 143.1 1.84639332834365 275.29616649350737 313.8307 55.82303 -999.0 -999.0 -999.0 -999.0 -999.0 270.97049592608164 35.40598703167366 270.85779605365906 35.40765914230147 43.916545878889345 70.31943152577026 -999.0 16600.0 -999.0 2 135 {-999.0 -999.0 -999.0 -999.0 -999.0} "" -999.0 -999.0 -999.0 -999.0 -999 -999 "" "" "" "" 0 0 0.0 0.0 -999 ""
FIBERMAP 483 R+13C1 BOSS 1 1 0 1 0 0 -148.90244545732355 231.9899777407295 143.1 1.179962829141222 275.63011961170645 313.8307 55.82303 270.96704009900805 35.407337810889125 2.056699 35.213234 0.7067842 270.9670570279046 35.407428477478845 270.8541003314242 35.40914131036888 43.91982374385064 70.31842506442183 5400.0 5400.0 2016.0 1 7 {-999.0 17.319983 16.910398 16.62525 -999.0} sdss_psfmag_ps1 17.248156 16.868437 16.31156 15.38 63050395771012376 1072824253 bright_1x1 mwm_halo_local_high_boss_single mwm_halo science 0 0 0.0 0.0 -999 ""
FIBERMAP 483 R+13C1 METROLOGY 0 0 0 1 0 0 -148.62471507918752 232.67267548796627 143.1 1.7841952005655446 276.05200280437873 313.8307 55.82303 -999.0 -999.0 -999.0 -999.0 -999.0 270.970344859708 35.40930563934955 270.8574510403322 35.411012595287986 43.9176148633643 70.31500180664375 -999.0 6231.0 -999.0 -1 -999 {-999.0 -999.0 -999.0 -999.0 -999.0} "" -999.0 -999.0 -999.0 -999.0 -999 -999 "" "" "" "" 0 0 0.0 0.0 -999 ""
FIBERMAP 488 R+13C8 APOGEE 0 0 0 1 0 0 22.18202375906495 259.063533780579 143.1 159.46431119837808 205.33177080646055 32.634506 116.1327 -999.0 -999.0 -999.0 -999.0 -999.0 271.8410447222004 35.08502939550051 271.7292512272479 35.089115171398305 43.14883520903026 70.50742010759836 -999.0 16600.0 -999.0 2 37 {-999.0 -999.0 -999.0 -999.0 -999.0} "" -999.0 -999.0 -999.0 -999.0 -999 -999 "" "" "" "" 0 0 0.0 0.0 -999 ""
FIBERMAP 488 R+13C8 BOSS 1 1 0 1 0 0 22.816377822932846 258.68778751879864 143.1 159.79233671939596 204.67157287447404 32.634506 116.1327 271.8427210904475 35.08200259386432 0.781217 -2.9442267 -0.37917477 271.8430996556787 35.08199688718678 271.73105941243386 35.08614292668109 43.14666452195448 70.51086350716696 5400.0 5400.0 2016.0 1 166 {-999.0 12.997825 12.76715 12.605462 -999.0} sdss_psfmag_from_g3xp 12.951522 12.808347 12.2745695 11.548 63050395770987179 1093727133 bright_1x1 mwm_astar_core_boss_single mwm_ob science 0 0 1.1393952369689941 0.0 -999 ""
FIBERMAP 488 R+13C8 METROLOGY 0 0 0 1 0 0 22.1669074817922 258.31036912566054 143.1 159.04213800836325 204.70797486369278 32.634506 116.1327 -999.0 -999.0 -999.0 -999.0 -999.0 271.8388990813902 35.082237554278095 271.7269325855127 35.08635692953006 43.149988971500115 70.51172766317035 -999.0 6231.0 -999.0 -1 -999 {-999.0 -999.0 -999.0 -999.0 -999.0} "" -999.0 -999.0 -999.0 -999.0 -999 -999 "" "" "" "" 0 0 0.0 0.0 -999 ""
FIBERMAP 489 R-5C2 APOGEE 0 0 0 1 0 0 -208.2277775999987 -90.48232802551153 143.1 -223.92772243344848 37.28364346343046 358.04123 161.00203 -999.0 -999.0 -999.0 -999.0 -999.0 269.72660758799645 34.327523856660655 269.6185903501623 34.32611880011488 44.64137680226607 72.12884664215665 -999.0 16600.0 -999.0 2 -999 {-999.0 -999.0 -999.0 -999.0 -999.0} "" -999.0 -999.0 -999.0 -999.0 -999 -999 "" "" "" "" 0 0 0.0 0.0 -999 ""
FIBERMAP 489 R-5C2 BOSS 1 1 0 1 0 0 -207.5390350836563 -90.73998435471586 143.1 -223.48985273277532 36.69296965087259 358.04123 161.00203 269.72925978206564 34.324772161370156 -12.694642 16.891447 3.2898655 269.7292062336325 34.324822009546715 269.62095565340223 34.323475549333 44.63883155029195 72.13176916641373 5400.0 5400.0 2016.0 1 487 {-999.0 19.730307 18.262028 17.04562 -999.0} sdss_psfmag_ps1 18.962408 17.844576 16.417393 14.066 63050395770819301 1096600474 bright_1x1 mwm_bin_vis_boss mwm_filler science 0 0 0.0 0.0 -999 ""
FIBERMAP 489 R-5C2 METROLOGY 0 0 0 1 0 0 -208.10929531425646 -91.21895814197237 143.1 -224.2287973573492 36.60108613526416 358.04123 161.00203 -999.0 -999.0 -999.0 -999.0 -999.0 269.72513778584994 34.324383867044205 269.6169593672614 34.323012162581925 44.6419155221948 72.13354498517822 -999.0 6231.0 -999.0 -1 -999 {-999.0 -999.0 -999.0 -999.0 -999.0} "" -999.0 -999.0 -999.0 -999.0 -999 -999 "" "" "" "" 0 0 0.0 0.0 -999 ""
FIBERMAP 493 R+8C15 APOGEE 1 1 0 1 0 0 93.37868761367102 165.34751862684467 143.1 168.25614775230687 87.98147786996941 213.34996 39.879723 271.88482166526086 34.55485430445253 2.1580794 4.1205587 1.386159 271.8848149843242 34.554848701142824 271.7750479862515 34.559179740390576 42.978779875254936 71.19633539044986 16000.0 16600.0 2016.0 2 78 {-999.0 10.727442 9.836726 9.516905 -999.0} sdss_psfmag_from_g3xp 10.449468 9.877747 9.165302 7.694 63050395770891675 1104568876 bright_1x1 mwm_tess_rgb_apogee mwm_tessrgb science 0 0 0.0 0.0 -999 ""
FIBERMAP 493 R+8C15 BOSS 0 0 0 1 0 0 93.59692210612694 166.0592623911029 143.1 168.82624647814993 88.4600822344226 213.34996 39.879723 -999.0 -999.0 -999.0 -999.0 -999.0 271.88827855738805 34.55694550546929 271.778245162699 34.56134150919671 42.9767892833611 71.19255656624597 -999.0 5400.0 -999.0 1 230 {-999.0 -999.0 -999.0 -999.0 -999.0} "" -999.0 -999.0 -999.0 -999.0 -999 -999 "" "" "" "" 0 0 0.0 0.0 -999 ""
FIBERMAP 493 R+8C15 METROLOGY 0 0 0 1 0 0 94.10759920701736 165.5165449958349 143.1 168.9597084546194 87.72701325921129 213.34996 39.879723 -999.0 -999.0 -999.0 -999.0 -999.0 271.88888881585603 34.55362443544224 271.77894073822824 34.55800697886166 42.975380468140095 71.19676098319957 -999.0 6231.0 -999.0 -1 -999 {-999.0 -999.0 -999.0 -999.0 -999.0} "" -999.0 -999.0 -999.0 -999.0 -999 -999 "" "" "" "" 0 0 0.0 0.0 -999 ""
FIBERMAP 495 R+5C10 APOGEE 0 0 0 1 0 0 -28.605408756105145 77.56190789776403 143.1 18.16557747306755 80.6381919750013 336.49872 55.867416 -999.0 -999.0 -999.0 -999.0 -999.0 271.05727761680686 34.52820858225184 270.94793960086804 34.5303223772621 43.63036665349211 71.47254753967201 -999.0 16600.0 -999.0 2 7 {-999.0 -999.0 -999.0 -999.0 -999.0} "" -999.0 -999.0 -999.0 -999.0 -999 -999 "" ops_sky_apogee_best_unassigned ops_sky sky_apogee 0 0 0.0 0.0 -999 ""
FIBERMAP 495 R+5C10 BOSS 1 1 0 1 0 0 -29.2468517695306 77.16887611303024 143.1 17.413626003630128 80.65712767982235 336.49872 55.867416 271.0533142089843 34.52829471987673 -999.0 -999.0 -999.0 271.0533838074202 34.52829707162814 270.9437955843589 34.53045426263932 43.633703883452306 71.47355841716995 5400.0 5400.0 2015.5 1 129 {-999.0 -999.0 -999.0 -999.0 -999.0} "" -999.0 -999.0 -999.0 -999.0 27021603155903796 813393687 "" ops_sky_boss_good ops_sky sky_boss 0 0 0.0 0.0 -999 ""
FIBERMAP 495 R+5C10 METROLOGY 0 0 0 1 0 0 -29.26298922802785 77.91534239973284 143.1 17.805930931828406 81.29229507693346 336.49872 55.867416 -999.0 -999.0 -999.0 -999.0 -999.0 271.05549283272586 34.53118572640013 270.94596394874316 34.533332618609 43.632699462563224 71.4690883954616 -999.0 6231.0 -999.0 -1 -999 {-999.0 -999.0 -999.0 -999.0 -999.0} "" -999.0 -999.0 -999.0 -999.0 -999 -999 "" "" "" "" 0 0 0.0 0.0 -999 ""
FIBERMAP 501 R+6C19 APOGEE 1 1 0 1 0 0 196.8597367741751 128.7481769439209 143.1 235.1930623648654 1.0076560222355633 105.10591 28.249321 272.24370229403615 34.1556986691586 1.1147792 2.0085394 0.57731384 272.24368836198164 34.1557063964728 272.1353034162403 34.16110001014087 42.58793880803618 71.61442207305737 16000.0 16600.0 2016.0 2 34 {-999.0 13.621295 12.665155 12.320966 -999.0} sdss_psfmag_from_g3xp 13.311015 12.702826 11.961802 10.407 63050395770883293 1106984638 bright_1x1 mwm_tess_rgb_apogee mwm_tessrgb science 0 0 0.0 0.0 -999 ""
FIBERMAP 501 R+6C19 BOSS 0 0 0 1 0 0 197.35896328327163 128.2013636120355 143.1 235.31468871032146 0.27737553892655786 105.10591 28.249321 -999.0 -999.0 -999.0 -999.0 -999.0 272.2445812580776 34.15232910228321 272.1359500584266 34.15778470521755 42.5865453343592 71.61857210612106 -999.0 5400.0 -999.0 1 195 {-999.0 -999.0 -999.0 -999.0 -999.0} "" -999.0 -999.0 -999.0 -999.0 -999 -999 "" "" "" "" 0 0 0.0 0.0 -999 ""
FIBERMAP 501 R+6C19 METROLOGY 0 0 0 1 0 0 196.62671244159074 128.03985170775658 143.1 234.6124114365183 0.539961394278256 105.10591 28.249321 -999.0 -999.0 -999.0 -999.0 -999.0 272.2407222123562 34.15358576036082 272.1321610537195 34.15901400071472 42.58989424336193 71.61808912342195 -999.0 6231.0 -999.0 -1 -999 {-999.0 -999.0 -999.0 -999.0 -999.0} "" -999.0 -999.0 -999.0 -999.0 -999 -999 "" "" "" "" 0 0 0.0 0.0 -999 ""
FIBERMAP 506 R+6C10 APOGEE 0 0 0 1 0 0 -34.68406707320884 116.6085720607325 143.1 34.29399924276541 116.7089220261904 168.53514 125.57682 -999.0 -999.0 -999.0 -999.0 -999.0 271.14729882369835 34.69172046322628 271.0372976920286 34.69403684156257 43.6002191447283 71.22817302564283 -999.0 16600.0 -999.0 2 -999 {-999.0 -999.0 -999.0 -999.0 -999.0} "" -999.0 -999.0 -999.0 -999.0 -999 -999 "" "" "" "" 0 0 0.0 0.0 -999 ""
FIBERMAP 506 R+6C10 BOSS 1 1 0 1 0 0 -35.0189326035712 117.28689296305858 143.1 34.381795038196366 117.46019496211045 168.53514 125.57682 271.14810163421913 34.69515527639209 -1.7986447 -4.8306675 0.41342428 271.14807356546083 34.695125534770945 271.0378066673412 34.69749667983679 43.600677850938034 71.22340239013857 5400.0 5400.0 2016.0 1 128 {-999.0 17.128328 16.74199 16.58972 16.5302} sdss_psfmag_from_gaia 17.078 16.7546 16.2727 15.429 63050395770988135 971353288 "" ops_std_boss_gdr2 ops_std standard_boss 0 0 0.0 0.0 -999 ""
FIBERMAP 506 R+6C10 METROLOGY 0 0 0 1 0 0 -34.272462557585925 117.23086114406165 143.1 34.97772784216119 117.0073274859321 168.53514 125.57682 -999.0 -999.0 -999.0 -999.0 -999.0 271.15128579949265 34.69305966621463 271.04109705625854 34.6954247791503 43.597540900698895 71.22523998467454 -999.0 6231.0 -999.0 -1 -999 {-999.0 -999.0 -999.0 -999.0 -999.0} "" -999.0 -999.0 -999.0 -999.0 -999 -999 "" "" "" "" 0 0 0.0 0.0 -999 ""
FIBERMAP 507 R+1C26 APOGEE 1 1 0 1 0 0 268.79112805197786 16.061123481620818 143.1 234.28706936423416 -132.66155728212544 182.14499 130.32178 272.2245088859424 33.55131751224411 -0.514031 -3.7133155 0.81043077 272.2249724652669 33.55131946719987 272.11886628950595 33.556810241177494 42.43847648410005 72.40896701559376 16000.0 16600.0 2016.0 2 42 {-999.0 10.572492 9.176231 8.275365 -999.0} sdss_psfmag_from_g3xp 10.014808 8.910227 7.8690357 5.552 63050395770853192 1152450609 bright_1x1 mwm_galactic_core_dist_apogee_sparse mwm_galactic science 0 0 1.3571902513504028 0.0 -999 ""
FIBERMAP 507 R+1C26 BOSS 0 0 0 1 0 0 268.3225839767317 16.61646023205223 143.1 234.19582413777565 -131.94080615949875 182.14499 130.32178 -999.0 -999.0 -999.0 -999.0 -999.0 272.22483308396943 33.55450504640987 272.1184575129214 33.560055685789145 42.439691746514235 72.40486326922348 -999.0 5400.0 -999.0 1 175 {-999.0 -999.0 -999.0 -999.0 -999.0} "" -999.0 -999.0 -999.0 -999.0 -999 -999 "" "" "" "" 0 0 0.0 0.0 -999 ""
FIBERMAP 507 R+1C26 METROLOGY 0 0 0 1 0 0 269.04743420732007 16.776076558956152 143.1 234.89086061683406 -132.2009590378855 182.14499 130.32178 -999.0 -999.0 -999.0 -999.0 -999.0 272.22845112242436 33.55332591525141 272.1221515422138 33.55886931121248 42.43640636462463 72.40526878455893 -999.0 6231.0 -999.0 -1 -999 {-999.0 -999.0 -999.0 -999.0 -999.0} "" -999.0 -999.0 -999.0 -999.0 -999 -999 "" "" "" "" 0 0 0.0 0.0 -999 ""
FIBERMAP 514 R+11C3 APOGEE 0 0 0 1 0 0 -140.60776113138576 204.59547228092552 143.1 -6.753723778672698 248.1324106136599 250.29372 63.43258 -999.0 -999.0 -999.0 -999.0 -999.0 270.92230820988726 35.285066433447966 270.8101005233792 35.286637972217605 43.92550978282247 70.49547566906432 -999.0 16600.0 -999.0 2 133 {-999.0 -999.0 -999.0 -999.0 -999.0} "" -999.0 -999.0 -999.0 -999.0 -999 -999 "" "" "" "" 0 0 0.0 0.0 -999 ""
FIBERMAP 514 R+11C3 BOSS 1 1 0 1 0 0 -141.14467440377277 205.1057006331224 143.1 -6.926865695787053 248.85248091990994 250.29372 63.43258 270.921601449874 35.28821275433826 2.4777834 4.8195643 0.66513914 270.92161139016775 35.28825615942613 270.80913950179684 35.289875683638584 43.92704504263774 70.49137069925735 5400.0 5400.0 2016.0 1 5 {-999.0 15.802907 15.440635 15.32822 -999.0} sdss_psfmag_ps1 15.7475605 15.445167 14.975276 14.189 63050395771012263 979804354 "" ops_std_boss ops_std standard_boss 0 0 0.0 0.0 -999 ""
FIBERMAP 514 R+11C3 METROLOGY 0 0 0 1 0 0 -140.43271036642903 205.32297158546268 143.1 -6.21129633430183 248.64771474509425 250.29372 63.43258 -999.0 -999.0 -999.0 -999.0 -999.0 270.9255067809934 35.28734216964404 270.8131082850541 35.28895802400873 43.92368011852751 70.49153335288793 -999.0 6231.0 -999.0 -1 -999 {-999.0 -999.0 -999.0 -999.0 -999.0} "" -999.0 -999.0 -999.0 -999.0 -999 -999 "" "" "" "" 0 0 0.0 0.0 -999 ""
FIBERMAP 515 R+3C19 APOGEE 0 0 0 1 0 0 149.41412471386013 69.47560493330273 143.1 163.15337190626832 -22.934912657507198 62.61045 124.683044 -999.0 -999.0 -999.0 -999.0 -999.0 271.85018906316105 34.051442367517765 271.74234982939606 34.055802041975376 42.873906043611825 71.86972183944113 -999.0 16600.0 -999.0 2 -999 {-999.0 -999.0 -999.0 -999.0 -999.0} "" -999.0 -999.0 -999.0 -999.0 -999 -999 "" "" "" "" 0 0 0.0 0.0 -999 ""
FIBERMAP 515 R+3C19 BOSS 1 1 0 1 0 0 150.14085135074723 69.58931841439205 143.1 163.8250260233102 -23.234604873655776 62.61045 124.683044 271.853699311679 34.04998260490116 -4.9766335 -11.955669 1.4373635 271.8541571844927 34.04997901017871 271.7460660403523 34.054407723540535 42.870568364205006 71.87044837644851 5400.0 5400.0 2016.0 1 217 {-999.0 12.4147005 11.650713 11.381472 -999.0} sdss_psfmag_from_g3xp 12.201018 11.695552 11.033586 9.702 63050395770885449 996736121 bright_1x1 mwm_bin_gaia_sb_boss mwm_bin science 0 0 1.5255719423294067 0.0 -999 ""
FIBERMAP 515 R+3C19 METROLOGY 0 0 0 1 0 0 149.87962330718184 68.89253286217661 143.1 163.22698210184686 -23.677281942393254 62.61045 124.683044 -999.0 -999.0 -999.0 -999.0 -999.0 271.8507775576359 34.04801621754951 271.74276767898004 34.05241987275251 42.87267963376669 71.87404863541991 -999.0 6231.0 -999.0 -1 -999 {-999.0 -999.0 -999.0 -999.0 -999.0} "" -999.0 -999.0 -999.0 -999.0 -999 -999 "" "" "" "" 0 0 0.0 0.0 -999 ""
FIBERMAP 533 R+1C3 APOGEE 1 1 0 1 0 0 -218.408644563169 25.287675134665633 143.1 -169.52790190514796 139.96672824992703 55.788967 76.37561 270.02154030647637 34.79506131733298 -0.6312417 -8.12778 0.16009444 270.0215387111041 34.79502829256958 269.91160542556145 34.79430232282826 44.52152726179728 71.40874349768444 16000.0 16600.0 2016.0 2 104 {-999.0 14.056175 13.0444355 12.646977 -999.0} sdss_psfmag_from_g3xp 13.719396 13.061031 12.28374 10.538 63050395770830311 1152450567 bright_1x1 mwm_galactic_core_dist_apogee_sparse mwm_galactic science 0 0 0.0 0.0 -999 ""
FIBERMAP 533 R+1C3 BOSS 0 0 0 1 0 0 -217.89896205942017 24.75456842909965 143.1 -169.39004929980183 139.2422647919988 55.788967 76.37561 -999.0 -999.0 -999.0 -999.0 -999.0 270.022505455677 34.791738913877644 269.912339182952 34.7910663317589 44.520162497415306 71.41294458479456 -999.0 5400.0 -999.0 1 61 {-999.0 -999.0 -999.0 -999.0 -999.0} "" -999.0 -999.0 -999.0 -999.0 -999 -999 "" "" "" "" 0 0 0.0 0.0 -999 ""
FIBERMAP 533 R+1C3 METROLOGY 0 0 0 1 0 0 -218.62823532250968 24.573729988753556 143.1 -170.10033560606726 139.48701399595353 55.788967 76.37561 -999.0 -999.0 -999.0 -999.0 -999.0 270.0185440823897 34.79281771815355 269.908444855535 34.792120091208965 44.5235203464545 71.41259136881092 -999.0 6231.0 -999.0 -1 -999 {-999.0 -999.0 -999.0 -999.0 -999.0} "" -999.0 -999.0 -999.0 -999.0 -999 -999 "" "" "" "" 0 0 0.0 0.0 -999 ""
FIBERMAP 544 R-6C19 APOGEE 0 0 0 1 0 0 192.4364547823821 -114.51702015044988 143.1 99.22031934921995 -200.722274595226 11.247398 114.091606 -999.0 -999.0 -999.0 -999.0 -999.0 271.4900559654345 33.24862761602776 271.3853608597767 33.252213306138025 42.94406949826375 73.03555552152267 -999.0 16600.0 -999.0 2 229 {-999.0 -999.0 -999.0 -999.0 -999.0} "" -999.0 -999.0 -999.0 -999.0 -999 -999 "" ops_sky_apogee_best_unassigned ops_sky sky_apogee 0 0 0.0 0.0 -999 ""
FIBERMAP 544 R-6C19 BOSS 1 1 0 1 0 0 192.8808072426201 -115.10475610294867 143.1 99.27364916053048 -201.45706060302447 11.247398 114.091606 271.49056590749154 33.24521111858138 -1.6185931 -0.15537487 0.113391005 271.4905670676602 33.24522830623909 271.3856322055933 33.248876257739234 42.94293724643238 73.03985493691619 5400.0 5400.0 2016.0 1 277 {-999.0 16.208727 15.636741 15.385667 -999.0} sdss_psfmag_ps1 16.063278 15.643593 15.047643 13.844 63050395770711920 1076074131 bright_1x1 mwm_halo_mp_xp_boss_single mwm_halo science 0 0 0.0 0.0 -999 ""
FIBERMAP 544 R-6C19 METROLOGY 0 0 0 1 0 0 192.14162206730992 -115.19779216624868 143.1 98.60278263535218 -201.13324344212285 11.247398 114.091606 -999.0 -999.0 -999.0 -999.0 -999.0 271.48688335001714 33.246720719841605 271.3820158920739 33.250341363518345 42.946247172262396 73.0390616188754 -999.0 6231.0 -999.0 -1 -999 {-999.0 -999.0 -999.0 -999.0 -999.0} "" -999.0 -999.0 -999.0 -999.0 -999 -999 "" "" "" "" 0 0 0.0 0.0 -999 ""
FIBERMAP 546 R-12C1 APOGEE 1 1 0 1 0 0 -176.43763772615844 -242.4964051873133 143.1 -279.8997822270248 -107.56223824600326 280.36902 22.014212 269.4351661469655 33.67050650072384 -2.4201262 -1.9765284 0.08957819 269.4351679447843 33.67050979604496 269.3297561910812 33.66848018770033 44.70796926357002 73.1085918540893 16000.0 16600.0 2016.0 2 296 {-999.0 14.772477 13.561674 13.063546 -999.0} sdss_psfmag_from_g3xp 14.321335 13.543227 12.687269 10.783 63050395770813286 1152450505 bright_1x1 mwm_galactic_core_dist_apogee_sparse mwm_galactic science 0 0 0.0 0.0 -999 ""
FIBERMAP 546 R-12C1 BOSS 0 0 0 1 0 0 -176.84855106321837 -241.88961537704492 143.1 -279.91469235731796 -106.8296438168601 280.36902 22.014212 -999.0 -999.0 -999.0 -999.0 -999.0 269.43528720665915 33.673764401873235 269.32962372244333 33.67178703689113 44.70892114086689 73.10413311566333 -999.0 5400.0 -999.0 1 429 {-999.0 -999.0 -999.0 -999.0 -999.0} "" -999.0 -999.0 -999.0 -999.0 -999 -999 "" "" "" "" 0 0 0.0 0.0 -999 ""
FIBERMAP 546 R-12C1 METROLOGY 0 0 0 1 0 0 -176.1097085728778 -241.8240170172212 143.1 -279.25903101223724 -107.17629888087707 280.36902 22.014212 -999.0 -999.0 -999.0 -999.0 -999.0 269.4387444753218 33.672231568304774 269.3331530794495 33.670248893787615 44.70568829488818 73.10516903641224 -999.0 6231.0 -999.0 -1 -999 {-999.0 -999.0 -999.0 -999.0 -999.0} "" -999.0 -999.0 -999.0 -999.0 -999 -999 "" "" "" "" 0 0 0.0 0.0 -999 ""
FIBERMAP 548 R+1C14 APOGEE 1 1 0 1 0 0 15.190246832505673 -1.7726389391317632 143.1 11.783056107854998 -9.746293787727682 346.71857 33.358864 271.0201579255048 34.11671907154092 2.332925 0.74176794 0.44538155 271.0201473315645 34.11673331255247 270.91239018020826 34.118845971934824 43.55390932881596 72.03225320871076 16000.0 16600.0 2016.0 2 13 {-999.0 13.2499485 12.452282 12.147842 -999.0} sdss_psfmag_from_g3xp 13.01959 12.48438 11.796169 10.384 63050395770802677 1104190542 bright_1x1 mwm_tess_rgb_apogee mwm_tessrgb science 0 0 0.0 0.0 -999 ""
FIBERMAP 548 R+1C14 BOSS 0 0 0 1 0 0 14.494850426735894 -2.01620510553359 143.1 11.06709293813046 -9.572600779290823 346.71857 33.358864 -999.0 -999.0 -999.0 -999.0 -999.0 271.0164681075176 34.11747562915625 270.9084591759728 34.11963356746625 43.55725673027489 72.0323611931866 -999.0 5400.0 -999.0 1 96 {-999.0 -999.0 -999.0 -999.0 -999.0} "" -999.0 -999.0 -999.0 -999.0 -999 -999 "" "" "" "" 0 0 0.0 0.0 -999 ""
FIBERMAP 548 R+1C14 METROLOGY 0 0 0 1 0 0 14.619798689474568 -1.2911664231502122 143.1 11.566139290564037 -9.032121214656094 346.71857 33.358864 -999.0 -999.0 -999.0 -999.0 -999.0 271.0191541796499 34.1199465847816 270.9112057690729 34.12209545993828 43.555694617041155 72.02826991629081 -999.0 6231.0 -999.0 -1 -999 {-999.0 -999.0 -999.0 -999.0 -999.0} "" -999.0 -999.0 -999.0 -999.0 -999 -999 "" "" "" "" 0 0 0.0 0.0 -999 ""
FIBERMAP 550 R+1C1 APOGEE 1 1 0 1 0 0 -271.2543621620732 22.661191666221274 143.1 -215.3011271257416 166.4944397555232 345.91672 147.536 269.7708556915148 34.91175147280252 1.4719661 -11.224014 3.4531264 269.7708401869229 34.911722521934124 269.6605639928214 34.91029830762532 44.74930792555073 71.31973371254213 16000.0 16600.0 2016.0 2 141 {-999.0 12.510815 11.940971 11.755547 -999.0} sdss_psfmag_from_g3xp 12.380288 11.98579 11.419953 10.392 63050395770835512 1076230583 bright_1x1 mwm_snc_ext_main_apogee mwm_snc science 0 0 0.0 0.0 -999 ""
FIBERMAP 550 R+1C1 BOSS 0 0 0 1 0 0 -270.74315521022925 22.143193862399208 143.1 -215.15378072131622 165.78182603235496 345.91672 147.536 -999.0 -999.0 -999.0 -999.0 -999.0 269.7718880970123 34.908482585511734 269.6613800997094 34.90711084554365 44.74790069182739 71.32386952383581 -999.0 5400.0 -999.0 1 12 {-999.0 -999.0 -999.0 -999.0 -999.0} "" -999.0 -999.0 -999.0 -999.0 -999 -999 "" "" "" "" 0 0 0.0 0.0 -999 ""
FIBERMAP 550 R+1C1 METROLOGY 0 0 0 1 0 0 -271.47143850894344 21.946658886181236 143.1 -215.87177036053006 166.01286532910677 345.91672 147.536 -999.0 -999.0 -999.0 -999.0 -999.0 269.76790336266413 34.909479720573884 269.6574623558163 34.9080832175387 44.75125255815066 71.3236141606007 -999.0 6231.0 -999.0 -1 -999 {-999.0 -999.0 -999.0 -999.0 -999.0} "" -999.0 -999.0 -999.0 -999.0 -999 -999 "" "" "" "" 0 0 0.0 0.0 -999 ""
FIBERMAP 554 R-2C23 APOGEE 0 0 0 1 0 0 223.09315236042917 -21.142276744041798 143.1 175.71269778263573 -139.03505921635576 127.11479 78.04948 -999.0 -999.0 -999.0 -999.0 -999.0 271.90892150007824 33.52466584166608 271.8030364628597 33.52931177152037 42.68422448493061 72.54238375891941 -999.0 16600.0 -999.0 2 197 {-999.0 -999.0 -999.0 -999.0 -999.0} "" -999.0 -999.0 -999.0 -999.0 -999 -999 "" "" "" "" 0 0 0.0 0.0 -999 ""
FIBERMAP 554 R-2C23 BOSS 1 1 0 1 0 0 223.7767520526461 -20.853979799970254 143.1 176.443081493714 -139.16480284598828 127.11479 78.04948 271.91315468191607 33.52397721765311 -2.7159972 -3.4369404 0.14025888 271.9131473076438 33.5239707451294 271.80700780831205 33.52868843850105 42.68086925327009 72.54197423318874 5400.0 5400.0 2016.0 1 310 {-999.0 15.770469 15.22096 14.95087 -999.0} sdss_psfmag_ps1 15.628723 15.189952 14.575905 13.334 63050395770714530 1076074137 bright_1x1 mwm_halo_mp_xp_boss_single mwm_halo science 0 0 0.0 0.0 -999 ""
FIBERMAP 554 R-2C23 METROLOGY 0 0 0 1 0 0 223.71675938432 -21.59687110281486 143.1 175.98883601826893 -139.75557908876362 127.11479 78.04948 -999.0 -999.0 -999.0 -999.0 -999.0 271.91055627837005 33.52134106737077 271.80449998473466 33.52603536310412 42.68215889347337 72.5462209218968 -999.0 6231.0 -999.0 -1 -999 {-999.0 -999.0 -999.0 -999.0 -999.0} "" -999.0 -999.0 -999.0 -999.0 -999 -999 "" "" "" "" 0 0 0.0 0.0 -999 ""
FIBERMAP 565 R+8C3 APOGEE 1 1 0 1 0 0 -148.78436634688688 153.80509979367045 143.1 -41.22932396207669 209.95745467852802 296.02823 160.02888 270.7304550219173 35.114194009195884 -5.757391 -24.650747 2.0234096 270.7304510202013 35.11412120608478 270.61898724650325 35.11521884882256 44.03603856048376 70.7787713543853 16000.0 16600.0 2016.0 2 137 {-999.0 17.736359 16.319092 15.437153 -999.0} sdss_psfmag_ps1 17.04789 15.95716 14.917178 12.716 63050395771011413 1034957835 bright_1x1 mwm_yso_pms_apogee_sagitta_edr3_single mwm_yso science 0 0 0.0 0.0 -999 ""
FIBERMAP 565 R+8C3 BOSS 0 0 0 1 0 0 -148.68060633437483 153.07024742671385 143.1 -41.54178646570928 209.28439349987224 296.02823 160.02888 -999.0 -999.0 -999.0 -999.0 -999.0 270.7289483735401 35.11108738346852 270.61724657345917 35.11223246271946 44.036702672647614 70.78327981990697 -999.0 5400.0 -999.0 1 25 {-999.0 -999.0 -999.0 -999.0 -999.0} "" -999.0 -999.0 -999.0 -999.0 -999 -999 "" "" "" "" 0 0 0.0 0.0 -999 ""
FIBERMAP 565 R+8C3 METROLOGY 0 0 0 1 0 0 -149.38049246000656 153.34285814353555 143.1 -41.98087671493512 209.89367488935554 296.02823 160.02888 -999.0 -999.0 -999.0 -999.0 -999.0 270.7264543769739 35.113829409474846 270.6148139253361 35.11495276038404 44.03928825119848 70.78027222639707 -999.0 6231.0 -999.0 -1 -999 {-999.0 -999.0 -999.0 -999.0 -999.0} "" -999.0 -999.0 -999.0 -999.0 -999 -999 "" "" "" "" 0 0 0.0 0.0 -999 ""
FIBERMAP 566 R+8C7 APOGEE 0 0 0 1 0 0 -70.12266247020908 133.13035063540806 143.1 13.538604788744031 149.84071976810253 339.86865 17.9353 -999.0 -999.0 -999.0 -999.0 -999.0 271.0330775389127 34.84239522171452 270.92254239019553 34.84436907834673 43.72884673667048 71.05920169869324 -999.0 16600.0 -999.0 2 -999 {-999.0 -999.0 -999.0 -999.0 -999.0} "" -999.0 -999.0 -999.0 -999.0 -999 -999 "" "" "" "" 0 0 0.0 0.0 -999 ""
FIBERMAP 566 R+8C7 BOSS 1 1 0 1 0 0 -70.83987162454042 133.1578633460896 143.1 12.95172055494508 150.25374670325283 339.86865 17.9353 271.0301090470152 34.84420411708768 -0.5517108 -0.26378307 -0.03380724 271.03009186108466 34.84428048387611 270.91929876710117 34.846298479071415 43.73190237592543 71.05752263707404 5400.0 5400.0 2016.0 1 103 {-999.0 17.948399 17.106413 16.698572 -999.0} sdss_psfmag_ps1 17.69032 17.093525 16.373444 14.822 63050395770988717 1061186534 bright_1x1 manual_mwm_halo_distant_kgiant_far_boss_single mwm_halo science 0 0 0.0 0.0 -999 ""
FIBERMAP 566 R+8C7 METROLOGY 0 0 0 1 0 0 -70.47743422617143 133.78670342292648 143.1 13.597752515693966 150.58438109050138 339.86865 17.9353 -999.0 -999.0 -999.0 -999.0 -999.0 271.03360543194424 34.845768511028204 270.92287654026586 34.84778067693823 43.72942234579102 71.054532754099 -999.0 6231.0 -999.0 -1 -999 {-999.0 -999.0 -999.0 -999.0 -999.0} "" -999.0 -999.0 -999.0 -999.0 -999 -999 "" "" "" "" 0 0 0.0 0.0 -999 ""
FIBERMAP 572 R+10C5 APOGEE 0 0 0 1 0 0 -77.90116324685243 205.27711795729851 143.1 46.23682222343958 214.61143122954837 67.70398 90.65346 -999.0 -999.0 -999.0 -999.0 -999.0 271.2156232375242 35.133628376355766 271.10388708929884 35.136022751571936 43.65624501804205 70.61779811512275 -999.0 16600.0 -999.0 2 -999 {-999.0 -999.0 -999.0 -999.0 -999.0} "" -999.0 -999.0 -999.0 -999.0 -999 -999 "" "" "" "" 0 0 0.0 0.0 -999 ""
FIBERMAP 572 R+10C5 BOSS 1 1 0 1 0 0 -77.20089798763237 205.00836762714957 143.1 46.67832947621169 214.00518313376577 67.70398 90.65346 271.2183072548953 35.13091719576302 7.821808 -15.364114 1.1689868 271.2183233559552 35.13087794253567 271.1063431453274 35.13333225861545 43.65364226268088 70.6207296937697 5400.0 5400.0 2016.0 1 146 {-999.0 13.998488 13.664106 13.562818 -999.0} sdss_psfmag_from_g3xp 13.949345 13.671443 13.232311 12.461 63050395770991008 977838711 "" ops_std_boss ops_std standard_boss 0 0 0.0 0.0 -999 ""
FIBERMAP 572 R+10C5 METROLOGY 0 0 0 1 0 0 -77.7802162300932 204.5408885096065 143.1 45.93803340657284 213.92787006992125 67.70398 90.65346 -999.0 -999.0 -999.0 -999.0 -999.0 271.2141438243968 35.13056393499317 271.10223841433117 35.13299235373406 43.65681561676935 70.62231421288618 -999.0 6231.0 -999.0 -1 -999 {-999.0 -999.0 -999.0 -999.0 -999.0} "" -999.0 -999.0 -999.0 -999.0 -999 -999 "" "" "" "" 0 0 0.0 0.0 -999 ""
FIBERMAP 575 R+3C14 APOGEE 0 0 0 1 0 0 16.289173476695588 54.55909361522557 143.1 43.33224077165761 36.92673427202805 222.55501 81.798904 -999.0 -999.0 -999.0 -999.0 -999.0 271.19515145543653 34.32865882794567 271.08651943002417 34.331190632006454 43.46928573379151 71.69829974604505 -999.0 16600.0 -999.0 2 24 {-999.0 -999.0 -999.0 -999.0 -999.0} "" -999.0 -999.0 -999.0 -999.0 -999 -999 "" ops_sky_apogee_best_unassigned ops_sky sky_apogee 0 0 0.0 0.0 -999 ""
FIBERMAP 575 R+3C14 BOSS 1 1 0 1 0 0 15.869724026422112 55.161762790950405 143.1 43.30792725308777 37.66051189372479 222.55501 81.798904 271.1953145008256 34.33196112504612 -0.7191667 -0.7625342 0.0015913533 271.19531923739964 34.33196577781142 271.08642254141387 34.3345522613922 43.47022244594018 71.69384982210534 5400.0 5400.0 2016.0 1 97 {-999.0 16.062832 15.344945 15.043458 -999.0} sdss_psfmag_ps1 15.853899 15.354531 14.677363 13.318 63050395770803733 1061872947 bright_1x1 manual_mwm_halo_mp_wise_boss_single mwm_halo science 0 0 0.0 0.0 -999 ""
FIBERMAP 575 R+3C14 METROLOGY 0 0 0 1 0 0 16.612252926731642 55.23865124783386 143.1 43.972820349537386 37.32132659473155 222.55501 81.798904 -999.0 -999.0 -999.0 -999.0 -999.0 271.19889992387147 34.33041508354488 271.0900790989307 34.332995975428965 43.46690547004268 71.69485938715849 -999.0 6231.0 -999.0 -1 -999 {-999.0 -999.0 -999.0 -999.0 -999.0} "" -999.0 -999.0 -999.0 -999.0 -999 -999 "" "" "" "" 0 0 0.0 0.0 -999 ""
FIBERMAP 577 R+6C15 APOGEE 1 1 0 1 0 0 84.72936372523472 128.611077830193 143.1 141.02485655080136 61.856824139830294 109.269394 117.87676 271.7340800901334 34.43796406171318 5.2689495 15.030383 0.94770044 271.73406511692866 34.43801172783077 271.6248032139017 34.44196554181279 43.06833788303892 71.39479127601311 16000.0 16600.0 2016.0 2 36 {-999.0 10.884382 11.018249 11.154395 -999.0} sdss_psfmag_from_g3xp 10.991177 10.939529 10.825849 10.603 63050395770888900 975100253 "" ops_std_apogee ops_std standard_apogee 0 0 0.0 0.0 -999 ""
FIBERMAP 577 R+6C15 BOSS 0 0 0 1 0 0 85.22142460204569 129.16902130262002 143.1 141.7411156261073 62.057490931803905 109.269394 117.87676 -999.0 -999.0 -999.0 -999.0 -999.0 271.738328310683 34.438847868708834 271.6288057416705 34.44286911685714 43.06538062450365 71.39243357805947 -999.0 5400.0 -999.0 1 188 {-999.0 -999.0 -999.0 -999.0 -999.0} "" -999.0 -999.0 -999.0 -999.0 -999 -999 "" "" "" "" 0 0 0.0 0.0 -999 ""
FIBERMAP 577 R+6C15 METROLOGY 0 0 0 1 0 0 85.46956005278815 128.45787979167892 143.1 141.56269644728982 61.325831056060025 109.269394 117.87676 -999.0 -999.0 -999.0 -999.0 -999.0 271.7372272027682 34.435546145274415 271.62779016709726 34.439549317196445 43.065335731445465 71.39711965024674 -999.0 6231.0 -999.0 -1 -999 {-999.0 -999.0 -999.0 -999.0 -999.0} "" -999.0 -999.0 -999.0 -999.0 -999 -999 "" "" "" "" 0 0 0.0 0.0 -999 ""
FIBERMAP 580 R+9C7 APOGEE 1 1 0 1 0 0 -62.82713538361352 170.21853316171013 143.1 39.825102500921965 176.99658229554902 146.4078 166.66606 271.1789113643928 34.96449600599152 -1.8006305 -5.2179704 0.35957232 271.1793020200244 34.96448136479012 271.06823637714376 34.96681855319681 43.643181606542036 70.85440873651663 16000.0 16600.0 2016.0 2 29 {-999.0 16.191795 14.887497 10.77324 -999.0} sdss_psfmag_gaia 14.223815 11.385265 9.926273 6.115 63050395770989396 1154797168 bright_1x1 mwm_galactic_core_dist_apogee_sparse mwm_galactic science 0 0 1.1876254081726074 0.0 -999 ""
FIBERMAP 580 R+9C7 BOSS 0 0 0 1 0 0 -63.33746492140239 170.7526240316988 143.1 39.68724202086361 177.7222233965816 146.4078 166.66606 -999.0 -999.0 -999.0 -999.0 -999.0 271.1788216341905 34.96776066431551 271.06749040032344 34.97014833000719 43.64459209365681 70.85015581088749 -999.0 5400.0 -999.0 1 118 {-999.0 -999.0 -999.0 -999.0 -999.0} "" -999.0 -999.0 -999.0 -999.0 -999 -999 "" "" "" "" 0 0 0.0 0.0 -999 ""
FIBERMAP 580 R+9C7 METROLOGY 0 0 0 1 0 0 -62.611465130678575 170.92981462826526 143.1 40.39279811058207 177.4761928776619 146.4078 166.66606 -999.0 -999.0 -999.0 -999.0 -999.0 271.1826518366173 34.966632945324655 271.07139513919265 34.969016279472676 43.64121229412054 70.85058614690456 -999.0 6231.0 -999.0 -1 -999 {-999.0 -999.0 -999.0 -999.0 -999.0} "" -999.0 -999.0 -999.0 -999.0 -999 -999 "" "" "" "" 0 0 0.0 0.0 -999 ""
FIBERMAP 581 R-1C19 APOGEE 0 0 0 1 1 0 133.31703378351705 -7.196409404432783 143.1 107.95973222943456 -78.52203205740902 70.98631 93.75282 -999.0 -999.0 -999.0 -999.0 -999.0 271.54520917994824 33.80113788143216 271.4384320973214 33.804737747312686 43.05057483818087 72.29180789160614 -999.0 16600.0 -999.0 2 -999 {-999.0 -999.0 -999.0 -999.0 -999.0} "" -999.0 -999.0 -999.0 -999.0 -999 -999 "" "" "" "" 0 0 0.0 0.0 -999 ""
FIBERMAP 581 R-1C19 BOSS 1 0 0 1 1 0 134.04840647052893 -7.38609944174544 143.1 108.47032745851823 -79.07884989827421 70.98631 93.75282 271.5029243276993 33.777419823525385 -7.080646 -30.353937 0.74482715 271.5482739998482 33.79849872921949 271.4412521911689 33.802165563440305 43.047631956496986 72.29434848404878 5400.0 5400.0 2016.0 1 296 {-999.0 16.85736 16.330862 16.14834 -999.0} sdss_psfmag_ps1 16.711939 16.34413 15.79853 14.653 63050395770722210 1072940794 bright_1x1 mwm_halo_local_high_boss_single mwm_halo science 0 0 0.0 0.0 -999 ""
FIBERMAP 581 R-1C19 METROLOGY 0 0 0 1 1 0 133.52646075775849 -7.912511577988955 143.1 107.74613395272353 -79.23680922004185 70.98631 93.75282 -999.0 -999.0 -999.0 -999.0 -999.0 271.5442266967236 33.79782823768499 271.4372808406431 33.80146788100959 43.05062772068751 72.29646956373495 -999.0 6231.0 -999.0 -1 -999 {-999.0 -999.0 -999.0 -999.0 -999.0} "" -999.0 -999.0 -999.0 -999.0 -999 -999 "" "" "" "" 0 0 0.0 0.0 -999 ""
FIBERMAP 587 R-10C13 APOGEE 0 0 0 1 0 0 89.41394533917357 -181.68916995922322 143.1 -23.751383870655996 -201.07710726502373 85.26506 120.97565 -999.0 -999.0 -999.0 -999.0 -999.0 270.82312439853644 33.24904573790615 270.7186961734434 33.25083811062775 43.480186801131 73.24544308068835 -999.0 16600.0 -999.0 2 -999 {-999.0 -999.0 -999.0 -999.0 -999.0} "" -999.0 -999.0 -999.0 -999.0 -999 -999 "" "" "" "" 0 0 0.0 0.0 -999 ""
FIBERMAP 587 R-10C13 BOSS 1 1 0 1 0 0 90.07381021341733 -181.33985115337083 143.1 -23.007740114434014 -201.1427402970321 85.26506 120.97565 270.82746356249885 33.24864456866881 -5.9023566 -6.603575 0.08905646 270.82740068172853 33.24863293112216 270.72272447120235 33.250495035216765 43.47685059840813 73.24464406611673 5400.0 5400.0 2016.0 1 396 {-999.0 18.3609 18.066957 17.919287 -999.0} sdss_psfmag_ps1 18.282951 18.00662 17.554829 -999.0 63050395770706706 975940042 "" ops_std_boss ops_std standard_boss 0 0 0.0 0.0 -999 ""
FIBERMAP 587 R-10C13 METROLOGY 0 0 0 1 0 0 90.04588020814771 -182.0858061929266 143.1 -23.436746083923737 -201.75351962386674 85.26506 120.97565 -999.0 -999.0 -999.0 -999.0 -999.0 270.8250006800157 33.24591661669652 270.7204057391617 33.24775645477304 43.477977688323755 73.2489997169958 -999.0 6231.0 -999.0 -1 -999 {-999.0 -999.0 -999.0 -999.0 -999.0} "" -999.0 -999.0 -999.0 -999.0 -999 -999 "" "" "" "" 0 0 0.0 0.0 -999 ""
FIBERMAP 588 R+8C1 APOGEE 1 1 0 1 0 0 -204.61222664540475 135.48214002134387 143.1 -98.03902440164987 224.93490569294005 309.57977 59.547768 270.41608551192166 35.180351529655965 -9.53506 -6.5879936 0.2741048 270.41603875527125 35.180345755171565 270.30444755844644 35.180585253067555 44.30139650368175 70.77592440453492 16000.0 16600.0 2016.0 2 94 {-999.0 13.343581 12.52641 12.190932 -999.0} sdss_psfmag_from_g3xp 13.102169 12.54582 11.837199 10.293 63050395770833694 1152450571 bright_1x1 mwm_galactic_core_dist_apogee_sparse mwm_galactic science 0 0 0.0 0.0 -999 ""
FIBERMAP 588 R+8C1 BOSS 0 0 0 1 0 0 -205.3390108541802 135.39416794532963 143.1 -98.69673147348179 225.2562299873478 309.57977 59.547768 -999.0 -999.0 -999.0 -999.0 -999.0 270.4126423482524 35.18173668569956 270.30079863992364 35.18201636727416 44.30463329001524 70.77497063680869 -999.0 5400.0 -999.0 1 81 {-999.0 -999.0 -999.0 -999.0 -999.0} "" -999.0 -999.0 -999.0 -999.0 -999 -999 "" "" "" "" 0 0 0.0 0.0 -999 ""
FIBERMAP 588 R+8C1 METROLOGY 0 0 0 1 0 0 -205.0482078793884 136.08747376758436 143.1 -98.07576178589343 225.6799074493448 309.57977 59.547768 -999.0 -999.0 -999.0 -999.0 -999.0 270.41601527362485 35.18366237907407 270.3042330728231 35.18393658341951 44.30236200549893 70.77143347269356 -999.0 6231.0 -999.0 -1 -999 {-999.0 -999.0 -999.0 -999.0 -999.0} "" -999.0 -999.0 -999.0 -999.0 -999 -999 "" "" "" "" 0 0 0.0 0.0 -999 ""
FIBERMAP 589 R-2C25 APOGEE 1 1 0 1 0 0 277.5405514164431 -23.268097405261916 143.1 220.24618391696077 -170.4214629360588 94.93617 76.54496 272.1450698101357 33.38196754173326 3.4023786 4.0940332 3.6980355 272.1450880979132 33.38197585454697 272.039642834813 33.38729286410041 42.455482220926356 72.65445583459586 16000.0 16600.0 2016.0 2 216 {-999.0 12.7023115 12.19903 12.017991 -999.0} sdss_psfmag_from_g3xp 12.59543 12.226693 11.682199 10.695 63050395770692175 1076230570 bright_1x1 mwm_snc_ext_main_apogee mwm_snc science 0 0 0.0 0.0 -999 ""
FIBERMAP 589 R-2C25 BOSS 0 0 0 1 0 0 278.27251050168104 -23.353182106815858 143.1 220.8141441425037 -170.89082052876913 94.93617 76.54496 -999.0 -999.0 -999.0 -999.0 -999.0 272.14832191896016 33.37979444641388 272.0426267473839 33.385182177612926 42.45250551267557 72.65627513720926 -999.0 5400.0 -999.0 1 254 {-999.0 -999.0 -999.0 -999.0 -999.0} "" -999.0 -999.0 -999.0 -999.0 -999 -999 "" "" "" "" 0 0 0.0 0.0 -999 ""
FIBERMAP 589 R-2C25 METROLOGY 0 0 0 1 0 0 277.81994733711025 -23.951212276952948 143.1 220.10923462839847 -171.14660041079566 94.93617 76.54496 -999.0 -999.0 -999.0 -999.0 -999.0 272.14444164820463 33.378684164976754 272.0388248762415 33.384044286285196 42.45524348998734 72.65894348193058 -999.0 6231.0 -999.0 -1 -999 {-999.0 -999.0 -999.0 -999.0 -999.0} "" -999.0 -999.0 -999.0 -999.0 -999 -999 "" "" "" "" 0 0 0.0 0.0 -999 ""
FIBERMAP 592 R0C5 APOGEE 0 0 0 1 0 0 -209.32220269501954 3.7163203225861476 143.1 -173.63119749913773 116.92501724856518 100.36507 157.46814 -999.0 -999.0 -999.0 -999.0 -999.0 269.9992232738832 34.69067829059393 269.8897008794768 34.68991718863293 44.51375567705145 71.55689923122031 -999.0 16600.0 -999.0 2 243 {-999.0 -999.0 -999.0 -999.0 -999.0} "" -999.0 -999.0 -999.0 -999.0 -999 -999 "" ops_sky_apogee_best_unassigned ops_sky sky_apogee 0 0 0.0 0.0 -999 ""
FIBERMAP 592 R0C5 BOSS 1 1 0 1 0 0 -209.18672113630527 4.444019681061471 143.1 -173.12186559754647 117.46200265427721 100.36507 157.46814 270.0022354396384 34.69325366476996 -4.7934027 -41.56343 6.413705 270.0022084247339 34.69310629744252 269.892430503881 34.692402956946566 44.512181180063564 71.55275406180215 5400.0 5400.0 2016.0 1 495 {-999.0 18.440987 16.965054 15.830966 -999.0} sdss_psfmag_ps1 17.892725 16.490038 15.332221 13.21 63050395770829802 1094817537 bright_1x1 mwm_bin_vis_boss mwm_filler science 0 0 0.0 0.0 -999 ""
FIBERMAP 592 R0C5 METROLOGY 0 0 0 1 0 0 -208.60377287481188 3.987038116605667 143.1 -172.88114386890535 116.76158535089635 100.36507 157.46814 -999.0 -999.0 -999.0 -999.0 -999.0 270.00347622262996 34.689958191225 269.8937792649882 34.68924473124011 44.51033926938659 71.55667340015032 -999.0 6231.0 -999.0 -1 -999 {-999.0 -999.0 -999.0 -999.0 -999.0} "" -999.0 -999.0 -999.0 -999.0 -999 -999 "" "" "" "" 0 0 0.0 0.0 -999 ""
FIBERMAP 594 R+1C22 APOGEE 1 1 0 1 0 0 204.77246046466226 34.405814634133826 143.1 190.5399441816228 -82.46135855127734 107.106 42.818424 271.9944195165089 33.780006682792745 -1.0980731 -11.489319 0.6184438 271.99441129886765 33.779981853271984 271.88753829277357 33.78479571961477 42.68560276531024 72.18190448162028 16000.0 16600.0 2016.0 2 86 {-999.0 12.260799 11.407843 11.102307 -999.0} sdss_psfmag_from_g3xp 12.00041 11.460824 10.750276 9.301 63050395770879012 1110341959 bright_1x1 mwm_tess_rgb_apogee mwm_tessrgb science 0 0 0.0 0.0 -999 ""
FIBERMAP 594 R+1C22 BOSS 0 0 0 1 0 0 205.3968315367981 34.01629014878572 143.1 190.85210143414824 -83.1276907563088 107.106 42.818424 -999.0 -999.0 -999.0 -999.0 -999.0 271.9963500615251 33.776869688758175 271.8892315941265 33.78174901353559 42.6834281956643 72.18538190321232 -999.0 5400.0 -999.0 1 235 {-999.0 -999.0 -999.0 -999.0 -999.0} "" -999.0 -999.0 -999.0 -999.0 -999 -999 "" "" "" "" 0 0 0.0 0.0 -999 ""
FIBERMAP 594 R+1C22 METROLOGY 0 0 0 1 0 0 204.75192537991327 33.653161277169154 143.1 190.11350181304718 -83.08177928687897 107.106 42.818424 -999.0 -999.0 -999.0 -999.0 -999.0 271.9922695820438 33.777131949707126 271.88522438362907 33.781983358283085 42.68669922414454 72.18629286709398 -999.0 6231.0 -999.0 -1 -999 {-999.0 -999.0 -999.0 -999.0 -999.0} "" -999.0 -999.0 -999.0 -999.0 -999 -999 "" "" "" "" 0 0 0.0 0.0 -999 ""
FIBERMAP 597 R+1C2 APOGEE 0 0 0 1 0 0 -243.09726324411116 30.44711325189354 143.1 -187.44010092267303 157.71921253852645 76.09083 72.355415 -999.0 -999.0 -999.0 -999.0 -999.0 269.9232215338479 34.874114554718055 269.81302520585507 34.87310683797832 44.618993860576175 71.32862282568249 -999.0 16600.0 -999.0 2 -999 {-999.0 -999.0 -999.0 -999.0 -999.0} "" -999.0 -999.0 -999.0 -999.0 -999 -999 "" "" "" "" 0 0 0.0 0.0 -999 ""
FIBERMAP 597 R+1C2 BOSS 1 1 0 1 0 0 -242.43994601558336 30.04981276345132 143.1 -187.10452479926536 157.02844262673605 76.09083 72.355415 269.92530691473644 34.87104985387187 -4.4587 -19.648254 0.5408587 269.9252826406483 34.8709895492128 269.8148527179518 34.8700375460411 44.6168040731706 71.33230602675104 5400.0 5400.0 2016.0 1 11 {-999.0 17.226604 16.696083 16.521473 -999.0} sdss_psfmag_ps1 17.13366 16.738632 16.173191 15.208 63050395770830485 1072940859 bright_1x1 mwm_halo_local_high_boss_single mwm_halo science 0 0 0.0 0.0 -999 ""
FIBERMAP 597 R+1C2 METROLOGY 0 0 0 1 0 0 -243.11059352511188 29.701134509488483 143.1 -187.8568684903718 157.1004755907451 76.09083 72.355415 -999.0 -999.0 -999.0 -999.0 -999.0 269.92109739186975 34.87127863699519 269.81073752732595 34.87030134055775 44.62014550337587 71.33308047491471 -999.0 6231.0 -999.0 -1 -999 {-999.0 -999.0 -999.0 -999.0 -999.0} "" -999.0 -999.0 -999.0 -999.0 -999 -999 "" "" "" "" 0 0 0.0 0.0 -999 ""
FIBERMAP 598 R+11C9 APOGEE 0 0 0 1 0 0 -6.224062032590368 210.73350862574586 143.1 109.35090650206519 180.21997918438834 218.43718 82.75151 -999.0 -999.0 -999.0 -999.0 -999.0 271.56413261252175 34.975834540302 271.4528703085008 34.97920238225206 43.340810757452154 70.73064212300369 -999.0 16600.0 -999.0 2 21 {-999.0 -999.0 -999.0 -999.0 -999.0} "" -999.0 -999.0 -999.0 -999.0 -999 -999 "" ops_sky_apogee_best_unassigned ops_sky sky_apogee 0 0 0.0 0.0 -999 ""
FIBERMAP 598 R+11C9 BOSS 1 1 0 1 0 0 -6.604997280751583 211.36083242595413 143.1 109.37231647616615 180.95350581203076 218.43718 82.75151 271.56454387535143 34.97914558501 0.12213909 -4.125874 0.2616832 271.5645557757379 34.979122560186845 271.4530249127355 34.98254435430941 43.34151660372584 70.7261472407971 5400.0 5400.0 2016.0 1 110 {-999.0 17.56868 17.155771 17.055906 -999.0} sdss_psfmag_ps1 17.463076 17.172401 16.725807 15.707 63050395770986694 975940235 "" ops_std_boss ops_std standard_boss 0 0 0.0 0.0 -999 ""
FIBERMAP 598 R+11C9 METROLOGY 0 0 0 1 0 0 -5.862343464689008 211.38809434003062 143.1 110.01033291715011 180.57260872145312 218.43718 82.75151 -999.0 -999.0 -999.0 -999.0 -999.0 271.5679910023094 34.97737512810228 271.45653799281183 34.98079139062593 43.33829347286335 70.72750103034991 -999.0 6231.0 -999.0 -1 -999 {-999.0 -999.0 -999.0 -999.0 -999.0} "" -999.0 -999.0 -999.0 -999.0 -999 -999 "" "" "" "" 0 0 0.0 0.0 -999 ""
FIBERMAP 599 R+2C11 APOGEE 1 1 0 1 0 0 -56.78888561822896 44.0964559781168 143.1 -23.679299333961193 67.87890554901615 153.24791 118.53082 270.82580488305587 34.470763472977694 -3.1369104 -4.8657017 0.32161435 270.82580085408506 34.47074784826728 270.7167764642902 34.47225413588388 43.80014917076278 71.61658104380138 16000.0 16600.0 2016.0 2 142 {-999.0 13.580223 12.354834 11.854973 -999.0} sdss_psfmag_from_g3xp 13.117783 12.337606 11.477473 9.594 63050395770810371 1152450476 bright_1x1 mwm_galactic_core_dist_apogee_sparse mwm_galactic science 0 0 0.0 0.0 -999 ""
FIBERMAP 599 R+2C11 BOSS 0 0 0 1 0 0 -56.816155013257756 44.83798532333786 143.1 -23.299019885058794 68.51598246299312 153.24791 118.53082 -999.0 -999.0 -999.0 -999.0 -999.0 270.8281442522675 34.473626084321616 270.7188580460097 34.47519141886047 43.799225909897146 71.61204474636975 -999.0 5400.0 -999.0 1 23 {-999.0 -999.0 -999.0 -999.0 -999.0} "" -999.0 -999.0 -999.0 -999.0 -999 -999 "" "" "" "" 0 0 0.0 0.0 -999 ""
FIBERMAP 599 R+2C11 METROLOGY 0 0 0 1 0 0 -56.152849464832286 44.494185160285575 143.1 -22.92933107508559 67.86685130100969 153.24791 118.53082 -999.0 -999.0 -999.0 -999.0 -999.0 270.83011107735246 34.470677693308104 270.72090613540377 34.472233874448506 43.79684874194301 71.61542335402532 -999.0 6231.0 -999.0 -1 -999 {-999.0 -999.0 -999.0 -999.0 -999.0} "" -999.0 -999.0 -999.0 -999.0 -999 -999 "" "" "" "" 0 0 0.0 0.0 -999 ""
FIBERMAP 600 R+1C17 APOGEE 0 0 0 1 0 0 89.19334085463584 22.019584668771373 143.1 86.81800358671674 -30.01593940548975 357.1619 132.65004 -999.0 -999.0 -999.0 -999.0 -999.0 271.43194080382665 34.022468051117706 271.32437513650655 34.02570981839002 43.20017072295186 72.03398824087833 -999.0 16600.0 -999.0 2 -999 {-999.0 -999.0 -999.0 -999.0 -999.0} "" -999.0 -999.0 -999.0 -999.0 -999 -999 "" "" "" "" 0 0 0.0 0.0 -999 ""
FIBERMAP 600 R+1C17 BOSS 1 1 0 1 0 0 89.71281305436474 21.443787187911354 143.1 86.94086060134208 -30.781549187675328 357.1619 132.65004 271.4326061481679 34.0188570756215 -38.61041 16.728752 7.7074213 271.43288529004235 34.018905570998065 271.32507966446644 34.022207640425215 43.198690201744576 72.03841515820972 5400.0 5400.0 2016.0 1 191 {-999.0 13.9661455 12.777426 12.332773 -999.0} sdss_psfmag_from_g3xp 13.523354 12.7989645 11.976111 10.317 63050395770724243 996736054 bright_1x1 mwm_bin_gaia_sb_boss mwm_bin science 0 0 1.2291107177734375 0.0 -999 ""
FIBERMAP 600 R+1C17 METROLOGY 0 0 0 1 0 0 88.95504988000614 21.312563175518275 143.1 86.23364201346656 -30.479676580777596 357.1619 132.65004 -999.0 -999.0 -999.0 -999.0 -999.0 271.42893716452625 34.02032288512987 271.32119947763306 34.02359786090189 43.202157968142664 72.03772971463832 -999.0 6231.0 -999.0 -1 -999 {-999.0 -999.0 -999.0 -999.0 -999.0} "" -999.0 -999.0 -999.0 -999.0 -999 -999 "" "" "" "" 0 0 0.0 0.0 -999 ""
FIBERMAP 604 R+7C14 APOGEE 1 1 0 1 0 0 64.79934865260002 124.91781412677734 143.1 122.29268746397587 69.59339864131223 246.94188 84.558716 271.6315165936939 34.47405279048682 -13.713654 42.21725 10.618862 271.6314656996518 34.47418510999124 271.52210580584244 34.47785435201607 43.159389321960845 71.3770506830673 16000.0 16600.0 2016.0 2 43 {-999.0 9.592999 9.246106 9.135788 -999.0} sdss_psfmag_from_g3xp 9.543384 9.261213 8.81105 8.053 63050395770981265 984759359 bright_1x1 mwm_snc_100pc_apogee mwm_snc science 0 0 0.0 0.0 -999 ""
FIBERMAP 604 R+7C14 BOSS 0 0 0 1 0 0 64.16874046233862 125.2869158773182 143.1 121.96419271750496 70.24598426771944 246.94188 84.558716 -999.0 -999.0 -999.0 -999.0 -999.0 271.6300028517448 34.47713882185003 271.5203770884651 34.480859131427415 43.161536279146695 71.37356899665991 -999.0 5400.0 -999.0 1 160 {-999.0 -999.0 -999.0 -999.0 -999.0} "" -999.0 -999.0 -999.0 -999.0 -999 -999 "" "" "" "" 0 0 0.0 0.0 -999 ""
FIBERMAP 604 R+7C14 METROLOGY 0 0 0 1 0 0 64.80806130463702 125.67072493372359 143.1 122.70934906777548 70.22046315872272 246.94188 84.558716 -999.0 -999.0 -999.0 -999.0 -999.0 271.63401793056147 34.476994438871635 271.5244634355579 34.48070979756596 43.15824189722246 71.37258447662742 -999.0 6231.0 -999.0 -1 -999 {-999.0 -999.0 -999.0 -999.0 -999.0} "" -999.0 -999.0 -999.0 -999.0 -999 -999 "" "" "" "" 0 0 0.0 0.0 -999 ""
FIBERMAP 605 R+13C13 APOGEE 0 0 0 1 0 0 132.35463704414937 251.58723782362426 143.1 247.8503419950642 139.1582739307317 322.34836 147.43533 -999.0 -999.0 -999.0 -999.0 -999.0 272.32168984936493 34.7789560432477 272.2108956218941 34.7844083831543 42.689963704630784 70.77425967468542 -999.0 16600.0 -999.0 2 103 {-999.0 -999.0 -999.0 -999.0 -999.0} "" -999.0 -999.0 -999.0 -999.0 -999 -999 "" "" "" "" 0 0 0.0 0.0 -999 ""
FIBERMAP 605 R+13C13 BOSS 1 1 0 1 0 0 132.57400242999967 250.88172057385327 143.1 247.65083841101838 138.44697563668944 322.34836 147.43533 272.32073744948946 34.77562916546298 25.037077 31.144793 3.66078 272.3208220323094 34.77571562971463 272.2097802554548 34.78122300408558 42.690034487942135 70.77876795140958 5400.0 5400.0 2016.0 1 91 {-999.0 17.921398 16.563997 15.279407 -999.0} sdss_psfmag_ps1 17.290419 16.285769 14.659546 12.487 63050395770902239 1034704383 bright_1x1 mwm_yso_disk_boss_single mwm_yso science 0 0 0.0 0.0 -999 ""
FIBERMAP 605 R+13C13 METROLOGY 0 0 0 1 0 0 131.8473101804288 251.03444231152938 143.1 247.1240714367701 138.97022699650927 322.34836 147.43533 -999.0 -999.0 -999.0 -999.0 -999.0 272.3179154119581 34.77814332816758 272.2069391802314 34.783626242778496 42.692905029829575 70.77641913821037 -999.0 6231.0 -999.0 -1 -999 {-999.0 -999.0 -999.0 -999.0 -999.0} "" -999.0 -999.0 -999.0 -999.0 -999 -999 "" "" "" "" 0 0 0.0 0.0 -999 ""
FIBERMAP 610 R-4C21 APOGEE 1 1 0 1 0 0 192.12738969396 -69.76117416124013 143.1 123.29429538384842 -162.99758471664495 134.2401 123.4704 271.6231100667664 33.418042684267874 -4.475347 -14.382552 12.73503 271.6231291285637 33.41801632745666 271.5177528953344 33.421918886400334 42.88398770757776 72.77141097113406 16000.0 16600.0 2016.0 2 232 {-999.0 12.689288 11.537942 11.115383 -999.0} sdss_psfmag_from_g3xp 12.265592 11.567933 10.76135 9.174 63050395770715053 984788902 bright_1x1 mwm_snc_100pc_apogee mwm_snc science 0 0 0.0 0.0 -999 ""
FIBERMAP 610 R-4C21 BOSS 0 0 0 1 0 0 192.28662443931213 -69.03156411263159 143.1 123.82459848241733 -162.4719103454312 134.2401 123.4704 -999.0 -999.0 -999.0 -999.0 -999.0 271.6263307774566 33.42027595374296 271.5206915569106 33.424246354146135 42.88226076178444 72.76744374221136 -999.0 5400.0 -999.0 1 279 {-999.0 -999.0 -999.0 -999.0 -999.0} "" -999.0 -999.0 -999.0 -999.0 -999 -999 "" "" "" "" 0 0 0.0 0.0 -999 ""
FIBERMAP 610 R-4C21 METROLOGY 0 0 0 1 0 0 192.8436078899271 -69.5579656372839 143.1 124.00578899403205 -163.2164642564541 134.2401 123.4704 -999.0 -999.0 -999.0 -999.0 -999.0 271.62717831534457 33.41693654453587 271.5216229685127 33.4208931105552 42.8806003446691 72.77155861092831 -999.0 6231.0 -999.0 -1 -999 {-999.0 -999.0 -999.0 -999.0 -999.0} "" -999.0 -999.0 -999.0 -999.0 -999 -999 "" "" "" "" 0 0 0.0 0.0 -999 ""
FIBERMAP 613 R0C25 APOGEE 1 1 0 1 0 0 251.21574386169976 -7.916132125394062 143.1 206.5025646192008 -143.2263879372352 264.76294 148.81973 272.0745284073124 33.50475017878863 -1.609615 -5.274374 0.17643474 272.0745172036227 33.50472800548134 271.96864244501705 33.5098248142359 42.54607843938708 72.51669391647397 16000.0 16600.0 2016.0 2 35 {-999.0 13.3933325 12.020768 10.910013 -999.0} sdss_psfmag_from_g3xp 12.859979 11.592428 10.475841 7.97 63050395770714269 1152450349 bright_1x1 mwm_galactic_core_dist_apogee_sparse mwm_galactic science 0 0 0.0 0.0 -999 ""
FIBERMAP 613 R0C25 BOSS 0 0 0 1 0 0 250.7735412018532 -8.515659170967222 143.1 205.80553523619523 -143.48905682271257 264.76294 148.81973 -999.0 -999.0 -999.0 -999.0 -999.0 272.0710147387177 33.50349437959431 271.96488948172885 33.50864281622252 42.5487653830473 72.51939825660804 -999.0 5400.0 -999.0 1 172 {-999.0 -999.0 -999.0 -999.0 -999.0} "" -999.0 -999.0 -999.0 -999.0 -999 -999 "" "" "" "" 0 0 0.0 0.0 -999 ""
FIBERMAP 613 R0C25 METROLOGY 0 0 0 1 0 0 250.46844626836352 -7.830143978506506 143.1 205.92222435254598 -142.74793282215882 264.76294 148.81973 -999.0 -999.0 -999.0 -999.0 -999.0 272.07164678144414 33.506850717849844 271.9655814423294 33.511982809029995 42.549123290666806 72.51482311346575 -999.0 6231.0 -999.0 -1 -999 {-999.0 -999.0 -999.0 -999.0 -999.0} "" -999.0 -999.0 -999.0 -999.0 -999 -999 "" "" "" "" 0 0 0.0 0.0 -999 ""
FIBERMAP 614 R+1C11 APOGEE 1 1 0 1 0 0 -76.40287641593645 26.312004573357427 143.1 -49.807522495100834 63.6191078916964 226.5031 33.45266 270.68146109570966 34.45134059501514 -9.33837 37.654564 10.293718 270.681460583038 34.451462108844524 270.57256898979233 34.45258578251591 43.91031022656748 71.68435334654134 16000.0 16600.0 2016.0 2 134 {-999.0 13.39919 12.233993 11.778236 -999.0} sdss_psfmag_from_g3xp 12.968077 12.2446995 11.418398 9.745 63050395770810029 984753147 bright_1x1 mwm_snc_100pc_apogee mwm_snc science 0 0 0.0 0.0 -999 ""
FIBERMAP 614 R+1C11 BOSS 0 0 0 1 0 0 -76.27547125484998 27.04646208650823 143.1 -49.301293519728304 64.16615543093388 226.5031 33.45266 -999.0 -999.0 -999.0 -999.0 -999.0 270.6844763356107 34.45393080813498 270.57532518494634 34.455115103117556 43.908743851678075 71.68016402784991 -999.0 5400.0 -999.0 1 31 {-999.0 -999.0 -999.0 -999.0 -999.0} "" -999.0 -999.0 -999.0 -999.0 -999 -999 "" "" "" "" 0 0 0.0 0.0 -999 ""
FIBERMAP 614 R+1C11 METROLOGY 0 0 0 1 0 0 -75.69114701288869 26.56537967344884 143.1 -49.07252054513846 63.44476590824366 226.5031 33.45266 -999.0 -999.0 -999.0 -999.0 -999.0 270.6856705683958 34.45065700776633 270.5766019589313 34.45183024336119 43.9069014275859 71.68421173085284 -999.0 6231.0 -999.0 -1 -999 {-999.0 -999.0 -999.0 -999.0 -999.0} "" -999.0 -999.0 -999.0 -999.0 -999 -999 "" "" "" "" 0 0 0.0 0.0 -999 ""
FIBERMAP 615 R-10C5 APOGEE 0 0 0 1 0 0 -80.15417941747613 -178.58220433090932 143.1 -164.35443730727857 -106.27734004387132 95.99509 72.491554 -999.0 -999.0 -999.0 -999.0 -999.0 270.05688727926025 33.67801330121568 269.95118043772754 33.677646727882674 44.21059268813929 72.90969557165477 -999.0 16600.0 -999.0 2 -999 {-999.0 -999.0 -999.0 -999.0 -999.0} "" -999.0 -999.0 -999.0 -999.0 -999 -999 "" "" "" "" 0 0 0.0 0.0 -999 ""
FIBERMAP 615 R-10C5 BOSS 1 1 0 1 0 0 -79.42193184225579 -178.70476738438484 143.1 -163.80661161916964 -106.77830426562565 95.99509 72.491554 270.0601091583614 33.675675235226045 -0.6499094 -15.330936 0.75568855 270.0600767289426 33.67566596776815 269.95413383727714 33.67536287283379 44.20762705222557 72.91188439805859 5400.0 5400.0 2016.0 1 348 {-999.0 14.539002 14.2226925 14.131372 -999.0} sdss_psfmag_from_g3xp 14.498972 14.230116 13.802312 13.075 63050395770794715 979157122 "" ops_std_boss ops_std standard_boss 0 0 0.0 0.0 -999 ""
FIBERMAP 615 R-10C5 METROLOGY 0 0 0 1 0 0 -79.90056305542272 -179.28387428281732 143.1 -164.52310760928492 -107.0040318253416 95.99509 72.491554 -999.0 -999.0 -999.0 -999.0 -999.0 270.0561417957094 33.674658893105544 269.9502733606232 33.674330079431655 44.210462313695636 72.91443754833159 -999.0 6231.0 -999.0 -1 -999 {-999.0 -999.0 -999.0 -999.0 -999.0} "" -999.0 -999.0 -999.0 -999.0 -999 -999 "" "" "" "" 0 0 0.0 0.0 -999 ""
FIBERMAP 619 R+7C12 APOGEE 0 0 0 1 0 0 52.12295546380489 125.08718751048941 143.1 111.7474394314526 76.62756155934333 38.338562 30.45776 -999.0 -999.0 -999.0 -999.0 -999.0 271.57372392447905 34.5066830041043 271.46426250824436 34.51018921129943 43.21374553440521 71.35089432597266 -999.0 16600.0 -999.0 2 6 {-999.0 -999.0 -999.0 -999.0 -999.0} "" -999.0 -999.0 -999.0 -999.0 -999 -999 "" ops_sky_apogee_best_unassigned ops_sky sky_apogee 0 0 0.0 0.0 -999 ""
FIBERMAP 619 R+7C12 BOSS 1 1 0 1 0 0 51.8463450620345 124.40418245909923 143.1 111.14397980450299 76.20481157339404 38.338562 30.45776 271.5707103810677 34.504797645856364 -4.6853876 -16.85272 0.52965313 271.5706941279021 34.50476748676707 271.460986410646 34.50832144560162 43.215878984146514 71.35431776077962 5400.0 5400.0 2016.0 1 138 {-999.0 15.736656 15.292378 15.123444 -999.0} sdss_psfmag_ps1 15.614039 15.274862 14.763594 13.842 63050395770981327 1072780461 bright_1x1 mwm_halo_local_high_boss_single mwm_halo science 0 0 0.0 0.0 -999 ""
FIBERMAP 619 R+7C12 METROLOGY 0 0 0 1 0 0 51.37724294034591 124.99075068888207 143.1 111.0692465534383 76.95207384709616 38.338562 30.45776 -999.0 -999.0 -999.0 -999.0 -999.0 271.57023072432975 34.508176525651514 271.4605823658902 34.51171269905377 43.21706643580521 71.34993509298624 -999.0 6231.0 -999.0 -1 -999 {-999.0 -999.0 -999.0 -999.0 -999.0} "" -999.0 -999.0 -999.0 -999.0 -999 -999 "" "" "" "" 0 0 0.0 0.0 -999 ""
FIBERMAP 623 R+6C11 APOGEE 0 0 0 1 0 0 -3.108150262436091 136.45130249835177 143.1 71.57908209119636 116.19232962609486 151.82361 49.782833 -999.0 -999.0 -999.0 -999.0 -999.0 271.35349964434414 34.688135135971855 271.24342989995 34.691006073009696 43.43537397023061 71.17369544557243 -999.0 16600.0 -999.0 2 -999 {-999.0 -999.0 -999.0 -999.0 -999.0} "" -999.0 -999.0 -999.0 -999.0 -999 -999 "" "" "" "" 0 0 0.0 0.0 -999 ""
FIBERMAP 623 R+6C11 BOSS 1 1 0 1 0 0 -2.4000617020670276 136.74662769087556 143.1 72.33383671051715 116.0551693535337 151.82361 49.782833 271.3580582795595 34.68743521893169 -25.417295 14.127193 0.585571 271.3579574161507 34.687475663087184 271.2476346907065 34.690412856830484 43.43187844843952 71.17329072360212 5400.0 5400.0 2016.0 1 136 {-999.0 17.338154 16.92525 16.730503 -999.0} sdss_psfmag_ps1 17.270897 16.915096 16.400782 15.452 63050395770983235 1072780467 bright_1x1 mwm_halo_local_high_boss_single mwm_halo science 0 0 0.0 0.0 -999 ""
FIBERMAP 623 R+6C11 METROLOGY 0 0 0 1 0 0 -2.507339045661481 136.00893628997954 143.1 71.84273966302321 115.49446481049391 151.82361 49.782833 -999.0 -999.0 -999.0 -999.0 -999.0 271.3551472284412 34.68495797341665 271.24490721568225 34.68787288481416 43.4334114145729 71.17745188148973 -999.0 6231.0 -999.0 -1 -999 {-999.0 -999.0 -999.0 -999.0 -999.0} "" -999.0 -999.0 -999.0 -999.0 -999 -999 "" "" "" "" 0 0 0.0 0.0 -999 ""
FIBERMAP 624 R-5C1 APOGEE 0 0 0 1 0 0 -218.0123002765395 -91.80000353498691 143.1 -232.85476545245567 41.497674002709054 52.753357 75.55412 -999.0 -999.0 -999.0 -999.0 -999.0 269.6779853114157 34.34617446595193 269.56991805002303 34.344634912919325 44.68489148422019 72.1175420469188 -999.0 16600.0 -999.0 2 241 {-999.0 -999.0 -999.0 -999.0 -999.0} "" -999.0 -999.0 -999.0 -999.0 -999 -999 "" ops_sky_apogee_best_unassigned ops_sky sky_apogee 0 0 0.0 0.0 -999 ""
FIBERMAP 624 R-5C1 BOSS 1 1 0 1 0 0 -217.5302600228601 -92.36500329073327 143.1 -232.75744865621553 40.76147647191077 52.753357 75.55412 269.67875510290565 34.34279187350828 -1.8446298 -7.279047 0.1840654 269.678747094349 34.342798756058734 269.57045013930485 34.34131283910383 44.68364788486703 72.12191859826981 5400.0 5400.0 2016.0 1 498 {-999.0 16.581038 15.966403 15.777354 -999.0} sdss_psfmag_ps1 16.36266 15.978683 15.420396 14.268 63050395770819340 1071076254 bright_1x1 mwm_halo_vmp_xp_boss_single mwm_halo science 0 0 0.0 0.0 -999 ""
FIBERMAP 624 R-5C1 METROLOGY 0 0 0 1 0 0 -218.25339926870203 -92.51316651497115 143.1 -233.4448224279409 41.03030992054565 52.753357 75.55412 -999.0 -999.0 -999.0 -999.0 -999.0 269.6749482520594 34.343994647367786 269.56671704176597 34.34248387747664 44.686923672907014 72.12138947080598 -999.0 6231.0 -999.0 -1 -999 {-999.0 -999.0 -999.0 -999.0 -999.0} "" -999.0 -999.0 -999.0 -999.0 -999 -999 "" "" "" "" 0 0 0.0 0.0 -999 ""
FIBERMAP 627 R+5C4 APOGEE 0 0 0 1 0 0 -161.22464912298977 106.24472826032856 143.1 -77.52664807469932 176.81105941519596 42.61401 127.081055 -999.0 -999.0 -999.0 -999.0 -999.0 270.52896387815247 34.96447870719374 270.4181633749812 34.965071740415446 44.1594401863175 71.03685256111089 -999.0 16600.0 -999.0 2 -999 {-999.0 -999.0 -999.0 -999.0 -999.0} "" -999.0 -999.0 -999.0 -999.0 -999 -999 "" "" "" "" 0 0 0.0 0.0 -999 ""
FIBERMAP 627 R+5C4 BOSS 1 1 0 1 0 0 -160.4781903356853 106.1255134961333 143.1 -76.96507668298698 176.3051783939342 42.61401 127.081055 270.53233954583425 34.96225169108899 -9.001135 -24.119295 1.4693503 270.5322900774351 34.96220248684755 270.4212481432892 34.962855740064214 44.15645179971432 71.0389988732702 5400.0 5400.0 2016.0 1 37 {-999.0 16.866976 15.8609085 15.427547 -999.0} sdss_psfmag_ps1 -999.0 17.64507 -999.0 13.419 63050395770832178 1096225270 bright_1x1 mwm_bin_vis_boss mwm_filler science 0 0 0.0 0.0 -999 ""
FIBERMAP 627 R+5C4 METROLOGY 0 0 0 1 0 0 -160.9585434210075 105.54769903864246 143.1 -77.6823148860763 176.08147154531932 42.61401 127.081055 -999.0 -999.0 -999.0 -999.0 -999.0 270.5282530203763 34.961186224115124 270.41728723611266 34.96181450713693 44.15935024594227 71.04150017555742 -999.0 6231.0 -999.0 -1 -999 {-999.0 -999.0 -999.0 -999.0 -999.0} "" -999.0 -999.0 -999.0 -999.0 -999 -999 "" "" "" "" 0 0 0.0 0.0 -999 ""
FIBERMAP 630 R+11C4 APOGEE 1 1 0 1 0 0 -116.18722908377342 216.69711034497945 143.1 20.318194083950754 245.0102320048702 184.5873 98.14003 271.07244667285113 35.27055840714741 1.7165685 28.336588 4.5035233 271.0724493367991 35.27062181070431 270.96023725566874 35.27259945741821 43.803152330958945 70.47365787113785 16000.0 16600.0 2016.0 2 26 {-999.0 10.800748 10.490822 10.417428 -999.0} sdss_psfmag_from_g3xp 10.76454 10.507275 10.093961 9.435 63050395770991555 975100183 "" ops_std_apogee ops_std standard_apogee 0 0 0.0 0.0 -999 ""
FIBERMAP 630 R+11C4 BOSS 0 0 0 1 0 0 -116.33745551757886 217.42515483673637 143.1 20.587963135554777 245.70284373760842 184.5873 98.14003 -999.0 -999.0 -999.0 -999.0 -999.0 271.07421354198783 35.27368302495831 270.96173580042864 35.27571576904466 43.80271306230287 70.46905928848798 -999.0 5400.0 -999.0 1 145 {-999.0 -999.0 -999.0 -999.0 -999.0} "" -999.0 -999.0 -999.0 -999.0 -999 -999 "" "" "" "" 0 0 0.0 0.0 -999 ""
FIBERMAP 630 R+11C4 METROLOGY 0 0 0 1 0 0 -115.63446213792851 217.20750512849568 143.1 21.05954259820824 245.13799323128202 184.5873 98.14003 -999.0 -999.0 -999.0 -999.0 -999.0 271.07674743229995 35.27115577994268 270.96435022008234 35.27318145443938 43.800032516199465 70.47175773195715 -999.0 6231.0 -999.0 -1 -999 {-999.0 -999.0 -999.0 -999.0 -999.0} "" -999.0 -999.0 -999.0 -999.0 -999 -999 "" "" "" "" 0 0 0.0 0.0 -999 ""
FIBERMAP 631 R-5C16 APOGEE 0 0 0 1 0 0 85.2007446544417 -101.13852685450072 143.1 16.507745182982937 -131.19274327752268 215.23404 94.02155 -999.0 -999.0 -999.0 -999.0 -999.0 271.04334668537416 33.56425804099935 270.93765690464727 33.56656598896314 43.388834335110374 72.75905410017668 -999.0 16600.0 -999.0 2 202 {-999.0 -999.0 -999.0 -999.0 -999.0} "" -999.0 -999.0 -999.0 -999.0 -999 -999 "" ops_sky_apogee_best_unassigned ops_sky sky_apogee 0 0 0.0 0.0 -999 ""
FIBERMAP 631 R-5C16 BOSS 1 1 0 1 0 0 84.72125056109617 -100.56735059846906 143.1 16.41592308929689 -130.45274708913112 215.23404 94.02155 271.04310411742506 33.567482382028764 0.6108322 0.3644864 1.6618543 271.04312071719846 33.56750122051105 270.9371692230229 33.56986530408828 43.3901053320028 72.75482722825109 5400.0 5400.0 2016.0 1 304 {-999.0 14.657536 14.114498 13.951527 -999.0} sdss_psfmag_from_g3xp 14.52979 14.1569605 13.608685 12.522 63050395770720060 1096005828 bright_1x1 mwm_bin_vis_boss mwm_filler science 0 0 0.0 0.0 -999 ""
FIBERMAP 631 R-5C16 METROLOGY 0 0 0 1 0 0 85.44922955372239 -100.43279032515336 143.1 17.099962316738473 -130.73562671314158 215.23404 94.02155 -999.0 -999.0 -999.0 -999.0 -999.0 271.04677689764395 33.56623397773385 270.94089940213155 33.568591900519834 43.386770312174214 72.75537626786922 -999.0 6231.0 -999.0 -1 -999 {-999.0 -999.0 -999.0 -999.0 -999.0} "" -999.0 -999.0 -999.0 -999.0 -999 -999 "" "" "" "" 0 0 0.0 0.0 -999 ""
FIBERMAP 635 R+9C12 APOGEE 1 1 0 1 0 0 51.708521001342994 163.56205332283633 143.1 132.31808625362612 109.13888528183202 238.66534 126.80544 271.68834664335367 34.6531144365691 -3.4603913 6.0620246 1.7333517 271.6883512988459 34.65310108459167 271.578284119748 34.6568801850829 43.1602915331798 71.12356591539185 16000.0 16600.0 2016.0 2 25 {-999.0 10.10958 9.989108 9.994628 -999.0} sdss_psfmag_from_g3xp 10.143904 9.972156 9.671095 9.239 63050395770981651 975100351 "" ops_std_apogee ops_std standard_apogee 0 0 0.0 0.0 -999 ""
FIBERMAP 635 R+9C12 BOSS 0 0 0 1 0 0 50.96677300524344 163.48631145889786 143.1 131.6544718408565 109.4786081686423 238.66534 126.80544 -999.0 -999.0 -999.0 -999.0 -999.0 271.6850209983351 34.65466072474466 271.5746932818222 34.65848568774903 43.16355589747833 71.12246413318678 -999.0 5400.0 -999.0 1 140 {-999.0 -999.0 -999.0 -999.0 -999.0} "" -999.0 -999.0 -999.0 -999.0 -999 -999 "" "" "" "" 0 0 0.0 0.0 -999 ""
FIBERMAP 635 R+9C12 METROLOGY 0 0 0 1 0 0 51.26623881000489 164.16720859592192 143.1 132.27596441699808 109.88716304374927 238.66534 126.80544 -999.0 -999.0 -999.0 -999.0 -999.0 271.6883764826366 34.65648396416142 271.5781129455182 34.66030187026939 43.161295754886865 71.11907747611065 -999.0 6231.0 -999.0 -1 -999 {-999.0 -999.0 -999.0 -999.0 -999.0} "" -999.0 -999.0 -999.0 -999.0 -999 -999 "" "" "" "" 0 0 0.0 0.0 -999 ""
FIBERMAP 637 R-13C10 APOGEE 0 0 0 1 0 0 66.18169499222556 -266.17669483927466 143.1 -89.18167697890696 -259.34325685204414 335.76367 84.57196 -999.0 -999.0 -999.0 -999.0 -999.0 270.4702681332642 32.98904547747182 270.36694517190745 32.9899529485942 43.693003433874175 73.70241224619656 -999.0 16600.0 -999.0 2 181 {-999.0 -999.0 -999.0 -999.0 -999.0} "" -999.0 -999.0 -999.0 -999.0 -999 -999 "" ops_sky_apogee_best_unassigned ops_sky sky_apogee 0 0 0.0 0.0 -999 ""
FIBERMAP 637 R-13C10 BOSS 1 1 0 1 0 0 65.78937932771528 -266.81139953489964 143.1 -89.85596968110052 -259.6625679778202 335.76367 84.57196 270.4669078661185 32.987591598671024 -5.160558 -2.7151988 1.4881027 270.46689640735536 32.9875773935672 270.36333524171073 32.98853430336775 43.6955308338194 73.70544017677753 5400.0 5400.0 2016.0 1 335 {-999.0 20.35023 19.00455 17.863636 -999.0} sdss_psfmag_ps1 19.915192 18.504656 17.386477 15.244 63050395770704141 1096594992 bright_1x1 mwm_bin_vis_boss mwm_filler science 0 0 0.0 0.0 -999 ""
FIBERMAP 637 R-13C10 METROLOGY 0 0 0 1 0 0 65.4352899865077 -266.16069387377433 143.1 -89.79931959782282 -258.9240164369218 335.76367 84.57196 -999.0 -999.0 -999.0 -999.0 -999.0 270.4671054523774 32.990883300202796 270.36360146177276 32.99182348973337 43.696211242687525 73.7009786225567 -999.0 6231.0 -999.0 -1 -999 {-999.0 -999.0 -999.0 -999.0 -999.0} "" -999.0 -999.0 -999.0 -999.0 -999 -999 "" "" "" "" 0 0 0.0 0.0 -999 ""
FIBERMAP 640 R-5C17 APOGEE 0 0 0 1 0 0 103.04506011563764 -95.32535348941146 143.1 34.64228407536975 -136.01643074121353 225.57812 54.481735 -999.0 -999.0 -999.0 -999.0 -999.0 271.1421946704894 33.54206814693421 271.03654782027274 33.54464710437473 43.303563073773944 72.75784294169938 -999.0 16600.0 -999.0 2 -999 {-999.0 -999.0 -999.0 -999.0 -999.0} "" -999.0 -999.0 -999.0 -999.0 -999 -999 "" "" "" "" 0 0 0.0 0.0 -999 ""
FIBERMAP 640 R-5C17 BOSS 1 1 0 1 0 0 102.9054240769668 -94.57433168119871 143.1 34.93343255417733 -135.31029560005942 225.57812 54.481735 271.14408099149836 33.545143909088644 -9.35218 -0.52809846 0.28089592 271.1440727495045 33.545149138033224 271.03816332235635 33.54779029825809 43.30310629612533 72.75318630485947 5400.0 5400.0 2016.0 1 300 {-999.0 14.3687 13.795902 13.542282 -999.0} sdss_psfmag_from_g3xp 14.229214 13.800517 13.197016 11.937 63050395770718742 1061885718 bright_1x1 manual_mwm_halo_mp_wise_boss_single mwm_halo science 0 0 0.0 0.0 -999 ""
FIBERMAP 640 R-5C17 METROLOGY 0 0 0 1 0 0 103.6027716877405 -94.82975306280314 143.1 35.379738298382975 -135.90377247478227 225.57812 54.481735 -999.0 -999.0 -999.0 -999.0 -999.0 271.14641506166 33.54247802515324 271.0405855894634 33.54510973089713 43.30044412231925 72.75599358697036 -999.0 6231.0 -999.0 -1 -999 {-999.0 -999.0 -999.0 -999.0 -999.0} "" -999.0 -999.0 -999.0 -999.0 -999 -999 "" "" "" "" 0 0 0.0 0.0 -999 ""
FIBERMAP 641 R-8C16 APOGEE 0 0 0 1 1 0 138.6800777482768 -145.1653577597647 143.1 37.447703830399064 -197.21385114285076 51.29017 131.9167 -999.0 -999.0 -999.0 -999.0 -999.0 271.155405065976 33.2655202688468 271.05078104951156 33.26820169796273 43.217590713717556 73.11899361267228 -999.0 16600.0 -999.0 2 -999 {-999.0 -999.0 -999.0 -999.0 -999.0} "" -999.0 -999.0 -999.0 -999.0 -999 -999 "" "" "" "" 0 0 0.0 0.0 -999 ""
FIBERMAP 641 R-8C16 BOSS 1 0 0 1 1 0 139.43644055783207 -145.11527410103113 143.1 38.10963207258263 -197.5830509245216 51.29017 131.9167 271.0420109035585 33.26794419076132 6.89849 -101.49245 11.35131 271.1592451096066 33.26373883459598 271.05437617442203 33.26649005043669 43.214232720233404 73.1201329098439 5400.0 5400.0 2016.0 1 307 {-999.0 15.957234 14.64375 13.525142 -999.0} sdss_psfmag_from_g3xp 15.451563 14.203198 13.093032 11.069 63050395770717207 1150959420 bright_1x1 mwm_snc_100pc_boss_single mwm_snc science 0 0 0.0 0.0 -999 ""
FIBERMAP 641 R-8C16 METROLOGY 0 0 0 1 1 0 139.0978521643961 -145.78352158736058 143.1 37.4621874576541 -197.95972032747827 51.29017 131.9167 -999.0 -999.0 -999.0 -999.0 -999.0 271.15564473686766 33.26208050907176 271.0508542531811 33.26480571543061 43.216608872986974 73.12345531277185 -999.0 6231.0 -999.0 -1 -999 {-999.0 -999.0 -999.0 -999.0 -999.0} "" -999.0 -999.0 -999.0 -999.0 -999 -999 "" "" "" "" 0 0 0.0 0.0 -999 ""
FIBERMAP 647 R-6C1 APOGEE 1 0 1 1 0 0 -223.54288720943993 -108.75040823329608 143.1 -246.71150436954474 30.280750314964138 10.446185 169.83461 269.6292526262167 34.28130027108105 2.1103914 3.193027 0.52405965 269.6034152455206 34.294666723803026 269.49557619082316 34.29293981701184 44.73166539442177 72.209320599163 16000.0 16600.0 2016.0 2 261 {-999.0 13.316346 12.424768 12.099157 -999.0} sdss_psfmag_from_g3xp 13.039945 12.462835 11.744414 10.238 63050395770819272 1106905766 bright_1x1 mwm_tess_rgb_apogee mwm_tessrgb science 0 0 0.0 0.0 -999 ""
FIBERMAP 647 R-6C1 BOSS 0 0 1 1 0 0 -222.8055308074371 -108.70494405939253 143.1 -246.06803683320518 29.91800771716745 10.446185 169.83461 -999.0 -999.0 -999.0 -999.0 -999.0 269.6071261183463 34.293009201936826 269.4990500877799 34.29134341240414 44.72849035419618 72.21050231725428 -999.0 5400.0 -999.0 1 499 {-999.0 -999.0 -999.0 -999.0 -999.0} "" -999.0 -999.0 -999.0 -999.0 -999 -999 "" "" "" "" 0 0 0.0 0.0 -999 ""
FIBERMAP 647 R-6C1 METROLOGY 0 0 1 1 0 0 -223.10142321728506 -109.38487494080076 143.1 -246.68600546813224 29.508320850112973 10.446185 169.83461 -999.0 -999.0 -999.0 -999.0 -999.0 269.6037417199902 34.29113624895553 269.49574278038676 34.28944744984532 44.73067096378602 72.21403701919814 -999.0 6231.0 -999.0 -1 -999 {-999.0 -999.0 -999.0 -999.0 -999.0} "" -999.0 -999.0 -999.0 -999.0 -999 -999 "" "" "" "" 0 0 0.0 0.0 -999 ""
FIBERMAP 648 R+10C6 APOGEE 0 0 0 1 0 0 -76.66273986065696 187.15843548768945 143.1 37.42508446631982 198.7339064977682 201.80751 130.96991 -999.0 -999.0 -999.0 -999.0 -999.0 271.1664552272387 35.062536823764226 271.05501482708246 35.0648161713569 43.677675520121376 70.72673724473236 -999.0 16600.0 -999.0 2 -999 {-999.0 -999.0 -999.0 -999.0 -999.0} "" -999.0 -999.0 -999.0 -999.0 -999 -999 "" "" "" "" 0 0 0.0 0.0 -999 ""
FIBERMAP 648 R+10C6 BOSS 1 1 0 1 0 0 -77.34792492791294 187.5207217662528 143.1 37.04708628740746 199.4104458808549 201.80751 130.96991 271.1646843006915 35.06569444266783 -13.890122 -36.15779 0.5526709 271.164637674602 35.06558887164333 271.05293297211676 35.067914750918376 43.68008407834492 70.7231572589115 5400.0 5400.0 2016.0 1 119 {-999.0 16.62773 16.353535 16.191677 -999.0} sdss_psfmag_ps1 16.607676 16.318165 15.845992 14.988 63050395770989683 1072824200 bright_1x1 mwm_halo_local_high_boss_single mwm_halo science 0 0 0.0 0.0 -999 ""
FIBERMAP 648 R+10C6 METROLOGY 0 0 0 1 0 0 -76.70404187125243 187.9033892610422 143.1 37.79545034188239 199.3814864034587 201.80751 130.96991 -999.0 -999.0 -999.0 -999.0 -999.0 271.1687121013931 35.06544055306941 271.0570780728209 35.06776263597317 43.676756851873606 70.72221664353299 -999.0 6231.0 -999.0 -1 -999 {-999.0 -999.0 -999.0 -999.0 -999.0} "" -999.0 -999.0 -999.0 -999.0 -999 -999 "" "" "" "" 0 0 0.0 0.0 -999 ""
FIBERMAP 650 R-2C1 APOGEE 0 0 0 1 0 0 -286.83664892875214 -42.964160493726325 143.1 -264.05680650162424 119.8971799837748 231.35678 72.11443 -999.0 -999.0 -999.0 -999.0 -999.0 269.50649513968455 34.69827614373381 269.3971557410297 34.696195157648106 44.908314873923636 71.68562439232824 -999.0 16600.0 -999.0 2 275 {-999.0 -999.0 -999.0 -999.0 -999.0} "" -999.0 -999.0 -999.0 -999.0 -999 -999 "" ops_sky_apogee_best_unassigned ops_sky sky_apogee 0 0 0.0 0.0 -999 ""
FIBERMAP 650 R-2C1 BOSS 1 1 0 1 0 0 -287.2577757661353 -42.345794645611754 143.1 -264.07399346052256 120.64504137241596 231.35678 72.11443 269.50668609437884 34.70161996855209 -9.906138 -14.850335 2.1491103 269.50664832348394 34.70158435945085 269.3970543608277 34.699551994171735 44.90919909621378 71.6810505242625 5400.0 5400.0 2016.0 1 426 {-999.0 22.354668 20.810846 19.342371 -999.0} sdss_psfmag_ps1 21.183691 20.063774 18.869999 15.991 63050395770825161 1096225295 bright_1x1 mwm_bin_vis_boss mwm_filler science 0 0 0.0 0.0 -999 ""
FIBERMAP 650 R-2C1 METROLOGY 0 0 0 1 0 0 -286.5173910783053 -42.28941647434915 143.1 -263.4220509163601 120.2898107531956 231.35678 72.11443 -999.0 -999.0 -999.0 -999.0 -999.0 269.51011124854784 34.70005297348609 269.400590166685 34.69801635321381 44.90600909627441 71.68217357201013 -999.0 6231.0 -999.0 -1 -999 {-999.0 -999.0 -999.0 -999.0 -999.0} "" -999.0 -999.0 -999.0 -999.0 -999 -999 "" "" "" "" 0 0 0.0 0.0 -999 ""
FIBERMAP 654 R+12C14 APOGEE 1 1 0 1 0 0 138.0129991502178 253.5778812852898 143.1 253.6808233587366 137.75231537193335 145.57338 33.064148 272.35283962303913 34.77197676763145 3.0596037 -14.10659 -0.059041064 272.3532294863738 34.771985684417906 272.24245018312797 34.777524607523524 42.663148113051335 70.77428905648094 16000.0 16600.0 2016.0 2 91 {-999.0 19.46433 16.368277 14.535232 -999.0} sdss_psfmag_ps1 18.055681 14.080219 12.057623 5.687 63050395770902222 1154242925 bright_1x1 mwm_galactic_core_dist_apogee_sparse mwm_galactic science 0 0 1.3158612251281738 0.0 -999 ""
FIBERMAP 654 R+12C14 BOSS 0 0 0 1 0 0 138.75412820934284 253.54870604801957 143.1 254.28687596641063 137.32488831148882 145.57338 33.064148 -999.0 -999.0 -999.0 -999.0 -999.0 272.3567342489899 34.769930376849764 272.2457009517143 34.775535946590075 42.6600577307721 70.77597324471856 -999.0 5400.0 -999.0 1 89 {-999.0 -999.0 -999.0 -999.0 -999.0} "" -999.0 -999.0 -999.0 -999.0 -999 -999 "" "" "" "" 0 0 0.0 0.0 -999 ""
FIBERMAP 654 R+12C14 METROLOGY 0 0 0 1 0 0 138.36149749886894 252.90934847089056 143.1 253.60978916761468 137.00184402993392 145.57338 33.064148 -999.0 -999.0 -999.0 -999.0 -999.0 272.3529770720824 34.768569745533966 272.2420242938658 34.77414945451857 42.66262187283489 70.77884765024953 -999.0 6231.0 -999.0 -1 -999 {-999.0 -999.0 -999.0 -999.0 -999.0} "" -999.0 -999.0 -999.0 -999.0 -999 -999 "" "" "" "" 0 0 0.0 0.0 -999 ""
FIBERMAP 660 R+8C18 APOGEE 0 0 0 1 0 0 184.79417540115526 174.18743690232145 143.1 249.77319641790353 45.69772434634264 124.03379 56.028614 -999.0 -999.0 -999.0 -999.0 -999.0 272.326225107198 34.35691720591784 272.21704476513 34.36248413619957 42.57581053039943 71.3264091672628 -999.0 16600.0 -999.0 2 -999 {-999.0 -999.0 -999.0 -999.0 -999.0} "" -999.0 -999.0 -999.0 -999.0 -999 -999 "" "" "" "" 0 0 0.0 0.0 -999 ""
FIBERMAP 660 R+8C18 BOSS 1 1 0 1 0 0 185.5509414070058 174.19538352123527 143.1 250.41255349373733 45.29294625522793 124.03379 56.028614 272.33000969255545 34.35497865206939 -9.684465 -11.270768 1.2628881 272.329932431636 34.3549748872032 272.22049843974025 34.36061050687225 42.572568066559796 71.32784950516344 5400.0 5400.0 2016.0 1 239 {-999.0 20.096924 18.758465 17.758623 -999.0} sdss_psfmag_ps1 19.625114 18.378538 17.295633 15.318 63050395770883971 1096263370 bright_1x1 mwm_bin_vis_boss mwm_filler science 0 0 0.0 0.0 -999 ""
FIBERMAP 660 R+8C18 METROLOGY 0 0 0 1 0 0 185.17226162967657 173.54423181503253 143.1 249.74076119830616 44.95241999739178 124.03379 56.028614 -999.0 -999.0 -999.0 -999.0 -999.0 272.326194085437 34.35350797760142 272.21684069256116 34.359117380271655 42.57509045470729 71.33088122041897 -999.0 6231.0 -999.0 -1 -999 {-999.0 -999.0 -999.0 -999.0 -999.0} "" -999.0 -999.0 -999.0 -999.0 -999 -999 "" "" "" "" 0 0 0.0 0.0 -999 ""
FIBERMAP 661 R-11C8 APOGEE 1 1 0 1 0 0 -0.8540089875533514 -205.13082533827787 143.1 -112.24431049329442 -171.67023460195722 41.901375 114.79224 270.34247998389367 33.38242853047643 -13.228281 9.947809 3.2575984 270.3424456554839 33.382439664556436 270.2377211511747 33.38290945900599 43.902798549213095 73.21830135687298 16000.0 16600.0 2016.0 2 158 {-999.0 12.561788 12.171856 12.0493965 -999.0} sdss_psfmag_from_g3xp 12.495002 12.189813 11.719691 10.902 63050395770787586 1076230579 bright_1x1 mwm_snc_ext_main_apogee mwm_snc science 0 0 0.0 0.0 -999 ""
FIBERMAP 661 R-11C8 BOSS 0 0 0 1 0 0 -0.15664477196462734 -205.39548076465388 143.1 -111.80301127729378 -172.27146920907225 41.901375 114.79224 -999.0 -999.0 -999.0 -999.0 -999.0 270.34507373128355 33.37962839633843 270.2401137394686 33.380162204848915 43.90014316804167 73.22124147621167 -999.0 5400.0 -999.0 1 360 {-999.0 -999.0 -999.0 -999.0 -999.0} "" -999.0 -999.0 -999.0 -999.0 -999 -999 "" "" "" "" 0 0 0.0 0.0 -999 ""
FIBERMAP 661 R-11C8 METROLOGY 0 0 0 1 0 0 -0.7396271543534159 -205.8687795541891 143.1 -112.5495461925778 -172.35167366491356 41.901375 114.79224 -999.0 -999.0 -999.0 -999.0 -999.0 270.34096667767 33.379295508421976 270.2360790418992 33.37980241929005 43.90329594690763 73.22296405177582 -999.0 6231.0 -999.0 -1 -999 {-999.0 -999.0 -999.0 -999.0 -999.0} "" -999.0 -999.0 -999.0 -999.0 -999 -999 "" "" "" "" 0 0 0.0 0.0 -999 ""
FIBERMAP 663 R0C1 APOGEE 0 0 0 1 0 0 -274.36797273867506 3.588126491004827 143.1 -228.28374214411832 152.1822086905009 42.269123 83.0588 -999.0 -999.0 -999.0 -999.0 -999.0 269.7001446766294 34.84639884207642 269.5901511192744 34.84480088700367 44.78983956727267 71.4286938111947 -999.0 16600.0 -999.0 2 277 {-999.0 -999.0 -999.0 -999.0 -999.0} "" -999.0 -999.0 -999.0 -999.0 -999 -999 "" ops_sky_apogee_best_unassigned ops_sky sky_apogee 0 0 0.0 0.0 -999 ""
FIBERMAP 663 R0C1 BOSS 1 1 0 1 0 0 -273.9247245281315 2.992003098619268 143.1 -228.23589912971462 151.4409847726555 42.269123 83.0588 269.70067643055125 34.84306710965806 -0.5966429 -0.27275738 -0.058185257 269.700654541105 34.843018690221534 269.5904305099963 34.84147186024785 44.78882405284192 71.43317264405334 5400.0 5400.0 2016.0 1 424 {-999.0 16.974533 15.921024 15.48087 -999.0} sdss_psfmag_ps1 16.634611 15.903115 15.074483 13.306 63050395770834870 1061186523 bright_1x1 manual_mwm_halo_distant_kgiant_far_boss_single mwm_halo science 0 0 0.0 0.0 -999 ""
FIBERMAP 663 R0C1 METROLOGY 0 0 0 1 0 0 -274.6628029864696 2.8912252288137736 143.1 -228.91004610498388 151.7577037221891 42.269123 83.0588 -999.0 -999.0 -999.0 -999.0 -999.0 269.69691561006533 34.84440438962198 269.5867568111927 34.84283334733198 44.79207665668818 71.43232121967469 -999.0 6231.0 -999.0 -1 -999 {-999.0 -999.0 -999.0 -999.0 -999.0} "" -999.0 -999.0 -999.0 -999.0 -999 -999 "" "" "" "" 0 0 0.0 0.0 -999 ""
FIBERMAP 664 R+7C5 APOGEE 1 1 0 1 0 0 -113.42699422741003 151.2627290741431 143.1 -12.941616935670842 188.60057050956155 96.32011 71.65189 270.8869501522902 35.01792467359274 4.616653 -3.3745222 1.3066441 270.88697377980697 35.01790400674444 270.7758193514651 35.019444160935784 43.888333436743956 70.86478531849144 16000.0 16600.0 2016.0 2 117 {-999.0 10.600603 9.6283 9.276299 -999.0} sdss_psfmag_from_g3xp 10.283975 9.666218 8.920039 7.349 63050395770990527 1110531098 bright_1x1 mwm_tess_rgb_apogee mwm_tessrgb science 0 0 0.0 0.0 -999 ""
FIBERMAP 664 R+7C5 BOSS 0 0 0 1 0 0 -112.70462095248871 151.10104389452349 143.1 -12.423347546226132 188.07214570561524 96.32011 71.65189 -999.0 -999.0 -999.0 -999.0 -999.0 270.89008612004966 35.01551777756291 270.7786883787594 35.01711840233444 43.885489103572965 70.86712350882493 -999.0 5400.0 -999.0 1 56 {-999.0 -999.0 -999.0 -999.0 -999.0} "" -999.0 -999.0 -999.0 -999.0 -999 -999 "" "" "" "" 0 0 0.0 0.0 -999 ""
FIBERMAP 664 R+7C5 METROLOGY 0 0 0 1 0 0 -113.20613356305228 150.55237639528 143.1 -13.142494740578407 187.88440161965914 96.32011 71.65189 -999.0 -999.0 -999.0 -999.0 -999.0 270.8860246749671 35.01468268299832 270.7747030562001 35.01625799682336 43.88844611781511 70.86938203341464 -999.0 6231.0 -999.0 -1 -999 {-999.0 -999.0 -999.0 -999.0 -999.0} "" -999.0 -999.0 -999.0 -999.0 -999 -999 "" "" "" "" 0 0 0.0 0.0 -999 ""
FIBERMAP 665 R-5C18 APOGEE 1 1 0 1 0 0 129.9517916454825 -87.18832756388792 143.1 61.64496254428124 -143.81721760910378 186.04153 71.79379 271.2893250862177 33.506176819208854 -44.15699 7.7224174 14.5174265 271.2891386127258 33.50618400428549 271.18356663034274 33.509166682091724 43.175978682293724 72.75965082424648 16000.0 16600.0 2016.0 2 220 {-999.0 14.734105 13.334337 12.427431 -999.0} sdss_psfmag_from_g3xp 14.173669 13.068845 12.026667 10.024 63050395770718433 984804366 bright_1x1 mwm_snc_100pc_apogee mwm_snc science 0 0 0.0 0.0 -999 ""
FIBERMAP 665 R-5C18 BOSS 0 0 0 1 0 0 130.08627266619112 -86.46127989591231 143.1 62.15310053128164 -143.28023508338893 186.04153 71.79379 -999.0 -999.0 -999.0 -999.0 -999.0 271.2922091890411 33.50849219785387 271.1863761304885 33.51154103867027 43.17436069788697 72.75565132700001 -999.0 5400.0 -999.0 1 292 {-999.0 -999.0 -999.0 -999.0 -999.0} "" -999.0 -999.0 -999.0 -999.0 -999 -999 "" "" "" "" 0 0 0.0 0.0 -999 ""
FIBERMAP 665 R-5C18 METROLOGY 0 0 0 1 0 0 130.65275247929472 -86.95345491983096 143.1 62.36086849201944 -144.0012310716897 186.04153 71.79379 -999.0 -999.0 -999.0 -999.0 -999.0 271.2932329835644 33.505250228696724 271.1874827988255 33.50828605038286 43.17259683854907 72.75961009382803 -999.0 6231.0 -999.0 -1 -999 {-999.0 -999.0 -999.0 -999.0 -999.0} "" -999.0 -999.0 -999.0 -999.0 -999 -999 "" "" "" "" 0 0 0.0 0.0 -999 ""
FIBERMAP 667 R0C9 APOGEE 1 1 0 1 0 0 -96.68542461854554 13.37660176525772 143.1 -73.86038093995177 63.79185445947765 97.57369 47.965294 270.54879849205906 34.45229010203187 -21.23904 -46.968647 4.5879183 270.54872200735934 34.45215808135423 270.4398825192882 34.4529256207719 44.01632800167103 71.7219263656192 16000.0 16600.0 2016.0 2 246 {-999.0 11.8786545 11.432578 11.293802 -999.0} sdss_psfmag_from_g3xp 11.791681 11.459594 10.962127 10.096 63050395770811150 1103501682 bright_1x1 mwm_tess_2min_apogee mwm_planet science 0 0 0.0 0.0 -999 ""
FIBERMAP 667 R0C9 BOSS 0 0 0 1 0 0 -96.06293142761511 12.972449260082966 143.1 -73.55775261729868 63.11426820765797 97.57369 47.965294 -999.0 -999.0 -999.0 -999.0 -999.0 270.5505952832983 34.449055528985454 270.44151885370934 34.44988159719531 44.01426104489277 71.7255562582638 -999.0 5400.0 -999.0 1 492 {-999.0 -999.0 -999.0 -999.0 -999.0} "" -999.0 -999.0 -999.0 -999.0 -999 -999 "" "" "" "" 0 0 0.0 0.0 -999 ""
FIBERMAP 667 R0C9 METROLOGY 0 0 0 1 0 0 -96.7254958413486 12.630608514514632 143.1 -74.29959592913312 63.18764413206232 97.57369 47.965294 -999.0 -999.0 -999.0 -999.0 -999.0 270.5464409286209 34.44939316874451 270.43743523247565 34.45019305461484 44.01759951667516 71.72630667112469 -999.0 6231.0 -999.0 -1 -999 {-999.0 -999.0 -999.0 -999.0 -999.0} "" -999.0 -999.0 -999.0 -999.0 -999 -999 "" "" "" "" 0 0 0.0 0.0 -999 ""
FIBERMAP 669 R+3C3 APOGEE 1 1 0 1 0 0 -211.80854769103138 37.806674573584345 143.1 -157.18300160407003 146.88357705374122 327.09268 52.56635 270.0892565458357 34.82691355807467 2.4539502 -13.014936 0.58745927 270.0893240946558 34.82685246931329 269.97923940538294 34.826300454636126 44.47534274464593 71.34644501245714 16000.0 16600.0 2016.0 2 107 {-999.0 13.427066 12.453097 12.110361 -999.0} sdss_psfmag_from_g3xp 13.108502 12.4953 11.7527075 10.227 63050395770830074 1109610191 bright_1x1 mwm_tess_rgb_apogee mwm_tessrgb science 0 0 0.0 0.0 -999 ""
FIBERMAP 669 R+3C3 BOSS 0 0 0 1 0 0 -212.51156580051912 37.576765977640605 143.1 -157.8979349992477 147.072874594723 327.09268 52.56635 -999.0 -999.0 -999.0 -999.0 -999.0 270.0856000360843 34.827652883170046 269.9752681197551 34.82714076923557 44.478709130801064 71.34640258066707 -999.0 5400.0 -999.0 1 59 {-999.0 -999.0 -999.0 -999.0 -999.0} "" -999.0 -999.0 -999.0 -999.0 -999 -999 "" "" "" "" 0 0 0.0 0.0 -999 ""
FIBERMAP 669 R+3C3 METROLOGY 0 0 0 1 0 0 -212.3718099356395 38.306406194991546 143.1 -157.38396110762136 147.609164763391 327.09268 52.56635 -999.0 -999.0 -999.0 -999.0 -999.0 270.0883623344037 34.830106397486446 269.9780894066439 34.82958691253123 44.47705058944473 71.34229347048728 -999.0 6231.0 -999.0 -1 -999 {-999.0 -999.0 -999.0 -999.0 -999.0} "" -999.0 -999.0 -999.0 -999.0 -999 -999 "" "" "" "" 0 0 0.0 0.0 -999 ""
FIBERMAP 671 R+1C15 APOGEE 0 0 0 1 0 0 33.79111374400298 -1.5380847888198197 143.1 27.51940948087113 -19.662582694971647 328.7491 44.149475 -999.0 -999.0 -999.0 -999.0 -999.0 271.10650235500526 34.071251369695084 270.9988824154625 34.0736068752955 43.473025403044275 72.06698305423981 -999.0 16600.0 -999.0 2 -999 {-999.0 -999.0 -999.0 -999.0 -999.0} "" -999.0 -999.0 -999.0 -999.0 -999 -999 "" "" "" "" 0 0 0.0 0.0 -999 ""
FIBERMAP 671 R+1C15 BOSS 1 1 0 1 0 0 33.04739606636425 -1.7259083838513973 143.1 26.7932044512411 -19.415841759766998 328.7491 44.149475 271.102700670069 34.07237925926498 8.796221 -12.537904 1.9293901 271.1027835613527 34.0723230875805 270.99491012086753 34.07472410141019 43.47649281552496 72.06667081292659 5400.0 5400.0 2016.0 1 189 {-999.0 14.989714 14.471825 14.167252 -999.0} sdss_psfmag_from_g3xp 14.800986 14.592698 13.774497 12.594 63050395770802221 1095801002 bright_1x1 mwm_bin_vis_boss mwm_filler science 0 0 0.0 0.0 -999 ""
FIBERMAP 671 R+1C15 METROLOGY 0 0 0 1 0 0 33.26564290389305 -1.0084222767369084 143.1 27.366435593426154 -18.932425447664368 328.7491 44.149475 -999.0 -999.0 -999.0 -999.0 -999.0 271.10587485529686 34.07453157677978 270.9980629172111 34.076924563186864 43.474540577474414 72.06280972446314 -999.0 6231.0 -999.0 -1 -999 {-999.0 -999.0 -999.0 -999.0 -999.0} "" -999.0 -999.0 -999.0 -999.0 -999 -999 "" "" "" "" 0 0 0.0 0.0 -999 ""
FIBERMAP 673 R-11C1 APOGEE 0 0 0 1 0 0 -161.16091874136382 -224.73337203532955 143.1 -257.4228048664676 -100.96228030286318 302.0926 116.34789 -999.0 -999.0 -999.0 -999.0 -999.0 269.5545822623053 33.70069571247196 269.4490056279873 33.69897849799898 44.61984021630303 73.03145713559724 -999.0 16600.0 -999.0 2 271 {-999.0 -999.0 -999.0 -999.0 -999.0} "" -999.0 -999.0 -999.0 -999.0 -999 -999 "" ops_sky_apogee_best_unassigned ops_sky sky_apogee 0 0 0.0 0.0 -999 ""
FIBERMAP 673 R-11C1 BOSS 1 1 0 1 0 0 -161.54405630346105 -225.3755339079525 143.1 -258.0934502039088 -101.29283912978616 302.0926 116.34789 269.55127582522204 33.69915300730515 -3.56547 -3.72076 0.16109234 269.55126584494724 33.69913953209674 269.4454561984162 33.69746671778988 44.62230816614352 73.03457190390316 5400.0 5400.0 2016.0 1 421 {-999.0 17.9674 17.637583 17.497652 -999.0} sdss_psfmag_ps1 17.959135 17.632751 17.159443 16.54 63050395770794056 977098701 "" ops_std_boss ops_std standard_boss 0 0 0.0 0.0 -999 ""
FIBERMAP 673 R-11C1 METROLOGY 0 0 0 1 0 0 -161.91172780184723 -224.72205689558237 143.1 -258.0466907656422 -100.54457753344943 302.0926 116.34789 -999.0 -999.0 -999.0 -999.0 -999.0 269.5513831895152 33.70253051755503 269.4456288800193 33.700842211606584 44.62303281540221 73.02993554290913 -999.0 6231.0 -999.0 -1 -999 {-999.0 -999.0 -999.0 -999.0 -999.0} "" -999.0 -999.0 -999.0 -999.0 -999 -999 "" "" "" "" 0 0 0.0 0.0 -999 ""
FIBERMAP 674 R+4C1 APOGEE 1 1 0 1 0 0 -241.90098329690179 58.066709888668015 143.1 -171.41973710536698 180.24565898302686 332.16965 57.667824 270.01114151641616 34.976183340928024 -17.682781 85.56254 6.4392385 270.0110954479314 34.976442515681825 269.9004661569421 34.975645878840524 44.573829259426226 71.1647615563462 16000.0 16600.0 2016.0 2 144 {-999.0 11.036352 10.597787 10.451629 -999.0} sdss_psfmag_from_g3xp 10.953132 10.622114 10.1227865 9.248 63050395770837636 996664278 bright_1x1 mwm_bin_gaia_sb_apogee mwm_bin science 0 0 0.0 0.0 -999 ""
FIBERMAP 674 R+4C1 BOSS 0 0 0 1 0 0 -242.5404837490706 57.70599518534462 143.1 -172.15248799493426 180.29065726014775 332.16965 57.667824 -999.0 -999.0 -999.0 -999.0 -999.0 270.007298591638 34.97656820732915 269.8964249257481 34.97581066464157 44.577084708945726 71.1656431219036 -999.0 5400.0 -999.0 1 2 {-999.0 -999.0 -999.0 -999.0 -999.0} "" -999.0 -999.0 -999.0 -999.0 -999 -999 "" "" "" "" 0 0 0.0 0.0 -999 ""
FIBERMAP 674 R+4C1 METROLOGY 0 0 0 1 0 0 -242.5374897262036 58.45644842768187 143.1 -171.7419613058905 180.91876868809683 332.16965 57.667824 -999.0 -999.0 -999.0 -999.0 -999.0 270.0094902304459 34.9794259765998 269.89867413068544 34.97865965658353 44.57597258305285 71.16114273954622 -999.0 6231.0 -999.0 -1 -999 {-999.0 -999.0 -999.0 -999.0 -999.0} "" -999.0 -999.0 -999.0 -999.0 -999 -999 "" "" "" "" 0 0 0.0 0.0 -999 ""
FIBERMAP 675 R-1C20 APOGEE 0 0 0 1 0 0 146.33685642929962 0.698771772770236 143.1 123.17778883319615 -78.97558190024377 140.64685 51.240204 -999.0 -999.0 -999.0 -999.0 -999.0 271.62827219997854 33.79854862469288 271.5214721307468 33.80237255298888 42.9834312297447 72.269812846506 -999.0 16600.0 -999.0 2 227 {-999.0 -999.0 -999.0 -999.0 -999.0} "" -999.0 -999.0 -999.0 -999.0 -999 -999 "" ops_sky_apogee_best_unassigned ops_sky sky_apogee 0 0 0.0 0.0 -999 ""
FIBERMAP 675 R-1C20 BOSS 1 1 0 1 0 0 147.06103936440027 0.8847987621686677 143.1 123.88662457969657 -79.21320959530355 140.64685 51.240204 271.6324853982408 33.7972945641066 -9.842794 19.541508 0.27357844 271.6324366528471 33.79735356659655 271.5253854490835 33.801247322327974 42.97999714685116 72.27011128958588 5400.0 5400.0 2016.0 1 271 {-999.0 17.128534 16.74333 16.644928 -999.0} sdss_psfmag_ps1 17.040356 16.76732 16.330055 15.631 63050395770722154 977098363 "" ops_std_boss ops_std standard_boss 0 0 0.0 0.0 -999 ""
FIBERMAP 675 R-1C20 METROLOGY 0 0 0 1 0 0 146.85157909340927 0.1530018796609518 143.1 123.31298601073739 -79.71341189855197 140.64685 51.240204 -999.0 -999.0 -999.0 -999.0 -999.0 271.6291917507586 33.79512511150002 271.52222218285806 33.79899414625649 42.98193049330286 72.27403709518353 -999.0 6231.0 -999.0 -1 -999 {-999.0 -999.0 -999.0 -999.0 -999.0} "" -999.0 -999.0 -999.0 -999.0 -999 -999 "" "" "" "" 0 0 0.0 0.0 -999 ""
FIBERMAP 676 R-9C12 APOGEE 1 1 0 1 0 0 67.31562827806101 -157.4772490798727 143.1 -29.131290540060792 -168.74514545711966 116.49126 43.763664 270.79402298950697 33.39492917830867 -2.67084 -2.9408169 0.19384043 270.79401106264015 33.39491622925389 270.6890534989129 33.396595192841275 43.5432433154672 73.06105352072655 16000.0 16600.0 2016.0 2 152 {-999.0 13.701905 12.35578 11.697001 -999.0} sdss_psfmag_from_g3xp 13.172563 12.251196 11.306749 9.156 63050395770708190 1152450327 bright_1x1 mwm_galactic_core_dist_apogee_sparse mwm_galactic science 0 0 0.0 0.0 -999 ""
FIBERMAP 676 R-9C12 BOSS 0 0 0 1 0 0 68.02397033035018 -157.73087313363357 143.1 -28.674781672829806 -169.34309168575032 116.49126 43.763664 -999.0 -999.0 -999.0 -999.0 -999.0 270.7967298059749 33.39209556935696 270.6915338188792 33.393840018872815 43.54051038723865 73.06395069119321 -999.0 5400.0 -999.0 1 368 {-999.0 -999.0 -999.0 -999.0 -999.0} "" -999.0 -999.0 -999.0 -999.0 -999 -999 "" "" "" "" 0 0 0.0 0.0 -999 ""
FIBERMAP 676 R-9C12 METROLOGY 0 0 0 1 0 0 67.453479435307 -158.2178780548767 143.1 -29.418286309305273 -169.44158907898128 116.49126 43.763664 -999.0 -999.0 -999.0 -999.0 -999.0 270.7926151198791 33.391686778234295 270.68749257826255 33.3934039715756 43.54364446203495 73.06577674759092 -999.0 6231.0 -999.0 -1 -999 {-999.0 -999.0 -999.0 -999.0 -999.0} "" -999.0 -999.0 -999.0 -999.0 -999 -999 "" "" "" "" 0 0 0.0 0.0 -999 ""
FIBERMAP 677 R-11C3 APOGEE 1 1 0 1 0 0 -105.23322980804798 -219.1605677026077 143.1 -207.46147159054973 -126.69323915930188 24.022684 68.09177 269.82501099485046 33.58530423648251 -2.0711908 -12.246868 0.5029588 269.82504794109207 33.585314135057736 269.7197863746617 33.58434847146204 44.372492217640435 73.10534414592956 16000.0 16600.0 2016.0 2 206 {-999.0 12.048995 11.075761 10.684905 -999.0} sdss_psfmag_from_g3xp 11.726045 11.089234 10.3237705 8.649 63050395770792401 1152450432 bright_1x1 mwm_galactic_core_dist_apogee_sparse mwm_galactic science 0 0 0.0 0.0 -999 ""
FIBERMAP 677 R-11C3 BOSS 0 0 0 1 0 0 -105.17193932688451 -219.8982269925873 143.1 -207.8110982955947 -127.34556547492431 24.022684 68.09177 -999.0 -999.0 -999.0 -999.0 -999.0 269.8234273271728 33.58229823033738 269.71793590242316 33.58138302817543 44.373212259993466 73.1099100545448 -999.0 5400.0 -999.0 1 338 {-999.0 -999.0 -999.0 -999.0 -999.0} "" -999.0 -999.0 -999.0 -999.0 -999 -999 "" "" "" "" 0 0 0.0 0.0 -999 ""
FIBERMAP 677 R-11C3 METROLOGY 0 0 0 1 0 0 -105.84121375698483 -219.58734991146673 143.1 -208.20369582966566 -126.72081633567713 24.022684 68.09177 -999.0 -999.0 -999.0 -999.0 -999.0 269.8212042130036 33.585133145621974 269.7157716871593 33.58419597510313 44.37568287302738 73.10676319216884 -999.0 6231.0 -999.0 -1 -999 {-999.0 -999.0 -999.0 -999.0 -999.0} "" -999.0 -999.0 -999.0 -999.0 -999 -999 "" "" "" "" 0 0 0.0 0.0 -999 ""
FIBERMAP 678 R+11C16 APOGEE 1 1 0 1 0 0 155.33137806650095 220.7791245929792 143.1 250.38108707244868 100.81355812620605 158.88672 106.16101 272.33335459140693 34.60595651991598 -12.0468235 -15.275529 1.4204221 272.33332205238537 34.60592226616925 272.2231879659878 34.6114478411341 42.63572625086262 70.99802569186392 16000.0 16600.0 2016.0 2 58 {-999.0 10.984834 10.011114 9.679799 -999.0} sdss_psfmag_from_g3xp 10.663574 10.056743 9.321789 7.773 63050395770890489 1107108657 bright_1x1 mwm_tess_rgb_apogee mwm_tessrgb science 0 0 0.0 0.0 -999 ""
FIBERMAP 678 R+11C16 BOSS 0 0 0 1 0 0 155.3927631988425 221.52699065340735 143.1 250.83920575565608 101.40775184361615 158.88672 106.16101 -999.0 -999.0 -999.0 -999.0 -999.0 272.33610338090665 34.60850016272439 272.225698222852 34.614089875004396 42.634413281638736 70.99383066772191 -999.0 5400.0 -999.0 1 171 {-999.0 -999.0 -999.0 -999.0 -999.0} "" -999.0 -999.0 -999.0 -999.0 -999 -999 "" "" "" "" 0 0 0.0 0.0 -999 ""
FIBERMAP 678 R+11C16 METROLOGY 0 0 0 1 0 0 156.005132170737 221.10206921467366 143.1 251.1220465172642 100.71824188183007 158.88672 106.16101 -999.0 -999.0 -999.0 -999.0 -999.0 272.33751677668715 34.60537616463252 272.2271967745604 34.61095422033392 42.63241142763845 70.99751470085005 -999.0 6231.0 -999.0 -1 -999 {-999.0 -999.0 -999.0 -999.0 -999.0} "" -999.0 -999.0 -999.0 -999.0 -999 -999 "" "" "" "" 0 0 0.0 0.0 -999 ""
FIBERMAP 681 R+6C17 APOGEE 0 0 0 1 0 0 132.04951957026356 96.74526996575983 143.1 163.4082032830728 9.389266520934461 312.3193 58.400288 -999.0 -999.0 -999.0 -999.0 -999.0 271.85373430068296 34.198321188371196 271.7453377007798 34.20265480832816 42.91010593965322 71.6754339653836 -999.0 16600.0 -999.0 2 71 {-999.0 -999.0 -999.0 -999.0 -999.0} "" -999.0 -999.0 -999.0 -999.0 -999 -999 "" ops_sky_apogee_best_unassigned ops_sky sky_apogee 0 0 0.0 0.0 -999 ""
FIBERMAP 681 R+6C17 BOSS 1 1 0 1 0 0 131.32368235081032 96.62170914649813 143.1 162.73194161258954 9.680211822571513 312.3193 58.400288 271.8503477528976 34.1996856023544 -0.68204063 -16.946337 0.8074097 271.85038080721614 34.199625714749935 271.741724426937 34.20400741479103 42.91334408520646 71.67471900749342 5400.0 5400.0 2016.0 1 207 {-999.0 16.177107 15.629567 15.454305 -999.0} sdss_psfmag_ps1 16.044373 15.6564045 15.102024 14.083 63050395770886692 1034704382 bright_1x1 mwm_yso_disk_boss_single mwm_yso science 0 0 0.0 0.0 -999 ""
FIBERMAP 681 R+6C17 METROLOGY 0 0 0 1 0 0 131.5646928515506 97.32188267408097 143.1 163.31486208956036 10.136723979810288 312.3193 58.400288 -999.0 -999.0 -999.0 -999.0 -999.0 271.85351105569504 34.20168382195379 271.74491822306766 34.206057174543744 42.91133093433799 71.6710742919762 -999.0 6231.0 -999.0 -1 -999 {-999.0 -999.0 -999.0 -999.0 -999.0} "" -999.0 -999.0 -999.0 -999.0 -999 -999 "" "" "" "" 0 0 0.0 0.0 -999 ""
FIBERMAP 683 R-1C25 APOGEE 0 0 0 1 0 0 261.5694826520467 -28.116848027505636 143.1 204.20791847766347 -165.8069510992211 261.12982 146.8275 -999.0 -999.0 -999.0 -999.0 -999.0 272.0596296765856 33.40316129263242 271.9541385945065 33.40824285134727 42.52987611954874 72.65377980012249 -999.0 16600.0 -999.0 2 -999 {-999.0 -999.0 -999.0 -999.0 -999.0} "" -999.0 -999.0 -999.0 -999.0 -999 -999 "" "" "" "" 0 0 0.0 0.0 -999 ""
FIBERMAP 683 R-1C25 BOSS 1 1 0 1 0 0 261.0591331451489 -28.677027966361447 143.1 203.47509664041382 -165.9995512575858 261.12982 146.8275 272.05591450297965 33.4022621017799 -1.0188029 -3.0537808 0.25335735 272.05593764113274 33.40224759680073 271.9501951988582 33.407380542626846 42.53280433144023 72.65613232944384 5400.0 5400.0 2016.0 1 261 {-999.0 17.811443 17.415854 17.258753 17.195307} sdss_psfmag_from_gaia 17.7463 17.4289 16.9291 16.171 63050395770692297 971349934 "" ops_std_boss_gdr2 ops_std standard_boss 0 0 0.0 0.0 -999 ""
FIBERMAP 683 R-1C25 METROLOGY 0 0 0 1 0 0 260.83946714676256 -27.962772258623904 143.1 203.6790989831253 -165.2807566881602 261.12982 146.8275 -999.0 -999.0 -999.0 -999.0 -999.0 272.0570400112347 33.40549342963007 271.951357670559 33.41061122600549 42.53275887733548 72.65155503459363 -999.0 6231.0 -999.0 -1 -999 {-999.0 -999.0 -999.0 -999.0 -999.0} "" -999.0 -999.0 -999.0 -999.0 -999 -999 "" "" "" "" 0 0 0.0 0.0 -999 ""
FIBERMAP 685 R+6C6 APOGEE 0 0 0 1 0 0 -99.19924907045866 114.54290926766868 143.1 -20.96668837265115 150.05181999472242 354.35828 115.85918 -999.0 -999.0 -999.0 -999.0 -999.0 270.8418951584967 34.84381505014215 270.73143214136473 34.84527566411866 43.881093405596616 71.11145279506002 -999.0 16600.0 -999.0 2 -999 {-999.0 -999.0 -999.0 -999.0 -999.0} "" -999.0 -999.0 -999.0 -999.0 -999 -999 "" "" "" "" 0 0 0.0 0.0 -999 ""
FIBERMAP 685 R+6C6 BOSS 1 1 0 1 0 0 -98.95087509738372 113.73587305215452 143.1 -21.197044432703503 149.2395608538901 354.35828 115.85918 270.84040649962367 34.84015731829102 3.9211137 3.1630712 0.46694914 270.8408480059098 34.84014372708618 270.73014894368316 34.84165449095491 43.881225567923394 71.11668170689927 5400.0 5400.0 2016.0 1 55 {-999.0 13.303763 12.442025 12.125439 -999.0} sdss_psfmag_from_g3xp 13.043841 12.479899 11.7709465 10.272 63050395770989885 996735916 bright_1x1 mwm_bin_gaia_sb_boss mwm_bin science 0 0 1.2904824018478394 0.0 -999 ""
FIBERMAP 685 R+6C6 METROLOGY 0 0 0 1 0 0 -99.65943370728866 113.9556341357778 143.1 -21.67214599705752 149.80920887337328 354.35828 115.85918 -999.0 -999.0 -999.0 -999.0 -999.0 270.8381547632328 34.84272981937713 270.7275178610412 34.84421797176443 43.883948065833984 71.11396917132146 -999.0 6231.0 -999.0 -1 -999 {-999.0 -999.0 -999.0 -999.0 -999.0} "" -999.0 -999.0 -999.0 -999.0 -999 -999 "" "" "" "" 0 0 0.0 0.0 -999 ""
FIBERMAP 687 R-7C16 APOGEE 1 1 0 1 0 0 131.17586101398044 -126.21781592387515 143.1 41.452173993363246 -177.2341409653006 49.140232 120.58979 271.1779022166945 33.355529119954475 -1.4111993 -7.555744 0.24509577 271.1778788765459 33.3555151344765 271.0729120173662 33.35823517153376 43.22419940393359 72.99318996949802 16000.0 16600.0 2016.0 2 186 {-999.0 13.627088 12.65901 12.276884 -999.0} sdss_psfmag_from_g3xp 13.310296 12.677483 11.916049 10.254 63050395770717404 1152450365 bright_1x1 mwm_galactic_core_dist_apogee_sparse mwm_galactic science 0 0 0.0 0.0 -999 ""
FIBERMAP 687 R-7C16 BOSS 0 0 0 1 0 0 131.8861356679488 -126.37867934251972 143.1 41.96073766649429 -177.75529828765443 49.140232 120.58979 -999.0 -999.0 -999.0 -999.0 -999.0 271.18088938174856 33.353041495841076 271.0756802391511 33.35582897312033 43.22132248645708 72.9955104945243 -999.0 5400.0 -999.0 1 306 {-999.0 -999.0 -999.0 -999.0 -999.0} "" -999.0 -999.0 -999.0 -999.0 -999 -999 "" "" "" "" 0 0 0.0 0.0 -999 ""
FIBERMAP 687 R-7C16 METROLOGY 0 0 0 1 0 0 131.39699543095364 -126.93039238614959 143.1 41.25031685682638 -177.95232476910402 49.140232 120.58979 -999.0 -999.0 -999.0 -999.0 -999.0 271.1769460494604 33.3521921148405 271.0718125860582 33.35495254197844 43.22419544233307 72.99786782530191 -999.0 6231.0 -999.0 -1 -999 {-999.0 -999.0 -999.0 -999.0 -999.0} "" -999.0 -999.0 -999.0 -999.0 -999 -999 "" "" "" "" 0 0 0.0 0.0 -999 ""
FIBERMAP 688 R-7C2 APOGEE 0 0 0 1 0 0 -200.1817933217911 -152.28873066117637 143.1 -250.77952472669074 -18.955428647652358 281.2323 64.685936 -999.0 -999.0 -999.0 -999.0 -999.0 269.5841168608167 34.07156468789733 269.4771319745024 34.0698387853092 44.69105535931906 72.5187569162656 -999.0 16600.0 -999.0 2 -999 {-999.0 -999.0 -999.0 -999.0 -999.0} "" -999.0 -999.0 -999.0 -999.0 -999 -999 "" "" "" "" 0 0 0.0 0.0 -999 ""
FIBERMAP 688 R-7C2 BOSS 1 1 0 1 0 0 -200.93621574611842 -152.14195549218806 143.1 -251.33279443714906 -18.42209069102115 281.2323 64.685936 269.5813139996675 34.07392867709978 -2.0468519 -6.5669146 0.18930905 269.58131820075965 34.0739023882793 269.4740845740581 34.072220007966465 44.694094801084375 72.51640136568676 5400.0 5400.0 2016.0 1 488 {-999.0 17.688225 17.25438 16.745579 -999.0} sdss_psfmag_ps1 17.501244 16.966745 16.250502 14.533 63050395770817155 1061186522 bright_1x1 manual_mwm_halo_distant_kgiant_far_boss_single mwm_halo science 0 0 0.0 0.0 -999 ""
FIBERMAP 688 R-7C2 METROLOGY 0 0 0 1 0 0 -200.4359809817571 -151.58726746610995 143.1 -250.61144623831825 -18.22859975597166 281.2323 64.685936 -999.0 -999.0 -999.0 -999.0 -999.0 269.58513254517703 34.07482300430051 269.4779620966319 34.07313600457327 44.69121388697104 72.51402434527824 -999.0 6231.0 -999.0 -1 -999 {-999.0 -999.0 -999.0 -999.0 -999.0} "" -999.0 -999.0 -999.0 -999.0 -999 -999 "" "" "" "" 0 0 0.0 0.0 -999 ""
FIBERMAP 689 R+5C20 APOGEE 0 0 0 1 0 0 209.25963451590718 100.95267096562003 143.1 230.48622580703255 -29.05851601668496 60.27118 61.471733 -999.0 -999.0 -999.0 -999.0 -999.0 272.21554762077204 34.01979881156342 272.10768727000004 34.02514973915592 42.57388197006745 71.80067460191947 -999.0 16600.0 -999.0 2 45 {-999.0 -999.0 -999.0 -999.0 -999.0} "" -999.0 -999.0 -999.0 -999.0 -999 -999 "" ops_sky_apogee_best_unassigned ops_sky sky_apogee 0 0 0.0 0.0 -999 ""
FIBERMAP 689 R+5C20 BOSS 1 1 0 1 0 0 209.64076314521685 100.31231292790777 143.1 230.4578915172039 -29.803085401884523 60.27118 61.471733 272.216037879674 34.01670151026673 -123.59532 -127.73253 13.287919 272.21562464604307 34.01636253875812 272.10751896127454 34.02177371357207 42.573116602389405 71.80514369053577 5400.0 5400.0 2016.0 1 194 {-999.0 17.641901 16.18572 14.863965 -999.0} sdss_psfmag_ps1 16.982464 15.458656 14.261847 12.019 63050395770880174 1151087020 bright_1x1 mwm_snc_100pc_boss_single mwm_snc science 0 0 0.0 0.0 -999 ""
FIBERMAP 689 R+5C20 METROLOGY 0 0 0 1 0 0 208.88854187785054 100.30913706176774 143.1 229.82494194970963 -29.396774887353875 60.27118 61.471733 -999.0 -999.0 -999.0 -999.0 -999.0 272.2121585946685 34.01826133218757 272.10412027224845 34.023645919555186 42.576330594736525 71.80371281542261 -999.0 6231.0 -999.0 -1 -999 {-999.0 -999.0 -999.0 -999.0 -999.0} "" -999.0 -999.0 -999.0 -999.0 -999 -999 "" "" "" "" 0 0 0.0 0.0 -999 ""
FIBERMAP 690 R-4C17 APOGEE 1 1 0 1 0 0 106.2909628216532 -66.5979511640823 143.1 52.98488241457489 -113.67473479274702 112.768 122.47737 271.2427190949268 33.643071372198015 -8.293367 -16.09947 1.3107607 271.2431311926883 33.643017852936964 271.1370667325723 33.645843720850294 43.249889995337035 72.5931883189213 16000.0 16600.0 2016.0 2 201 {-999.0 9.958712 8.638156 7.9753146 -999.0} sdss_psfmag_from_g3xp 9.442314 8.529026 7.589036 5.541 63050395770718969 1155960415 bright_1x1 mwm_galactic_core_dist_apogee_extra mwm_galactic science 0 0 1.3605797290802002 0.0 -999 ""
FIBERMAP 690 R-4C17 BOSS 0 0 0 1 0 0 106.71137386694852 -65.99081369912093 143.1 53.667763180861265 -113.39383176727813 112.768 122.47737 -999.0 -999.0 -999.0 -999.0 -999.0 271.24715169032214 33.64416917288806 271.140830143818 33.647063383161175 43.24719539064471 72.59042816455496 -999.0 5400.0 -999.0 1 301 {-999.0 -999.0 -999.0 -999.0 -999.0} "" -999.0 -999.0 -999.0 -999.0 -999 -999 "" "" "" "" 0 0 0.0 0.0 -999 ""
FIBERMAP 690 R-4C17 METROLOGY 0 0 0 1 0 0 107.032152151497 -66.66760437903211 143.1 53.568978107800895 -114.13616152320951 112.768 122.47737 -999.0 -999.0 -999.0 -999.0 -999.0 271.24650669681523 33.64082814189643 271.1402690902702 33.64370505052481 43.24675050150437 72.59504281235371 -999.0 6231.0 -999.0 -1 -999 {-999.0 -999.0 -999.0 -999.0 -999.0} "" -999.0 -999.0 -999.0 -999.0 -999 -999 "" "" "" "" 0 0 0.0 0.0 -999 ""
FIBERMAP 691 R+10C2 APOGEE 0 0 0 1 0 0 -149.19351293736227 184.13830915992727 143.1 -25.08078079158094 235.6338713623293 305.0471 122.15208 -999.0 -999.0 -999.0 -999.0 -999.0 270.82041941152005 35.2293032015572 270.70847067443185 35.230614759311436 43.992697548017574 70.59860621953868 -999.0 16600.0 -999.0 2 -999 {-999.0 -999.0 -999.0 -999.0 -999.0} "" -999.0 -999.0 -999.0 -999.0 -999 -999 "" "" "" "" 0 0 0.0 0.0 -999 ""
FIBERMAP 691 R+10C2 BOSS 1 1 0 1 0 0 -149.5010736255547 183.43856893731876 143.1 -25.719310956326428 235.21390551296423 305.0471 122.15208 270.8171081542969 35.22739236982995 -999.0 -999.0 -999.0 270.81711740583415 35.22740489068499 270.704926181308 35.228758595097446 43.99506489743811 70.6020739776967 5400.0 5400.0 2015.5 1 18 {-999.0 -999.0 -999.0 -999.0 -999.0} "" -999.0 -999.0 -999.0 -999.0 27021603155935830 813397507 "" ops_sky_boss_good ops_sky sky_boss 0 0 0.0 0.0 -999 ""
FIBERMAP 691 R+10C2 METROLOGY 0 0 0 1 0 0 -149.93294541864813 184.03880244592645 143.1 -25.75537287344673 235.952393165538 305.0471 122.15208 -999.0 -999.0 -999.0 -999.0 -999.0 270.81685968558224 35.23071804835572 270.7047268497478 35.23205594251156 43.99601152877693 70.59767758764059 -999.0 6231.0 -999.0 -1 -999 {-999.0 -999.0 -999.0 -999.0 -999.0} "" -999.0 -999.0 -999.0 -999.0 -999 -999 "" "" "" "" 0 0 0.0 0.0 -999 ""
FIBERMAP 692 R+8C17 APOGEE 1 1 0 1 0 0 164.27694812784713 173.6998301850753 143.1 232.29115614465533 56.443572250158866 119.74966 53.58684 272.232343836989 34.40708984373398 -7.918163 -22.127155 0.63369066 272.2323017510214 34.40703158949591 272.12296612266607 34.4123334551851 42.6637812046744 71.28861049688703 16000.0 16600.0 2016.0 2 81 {-999.0 12.3721 11.5599785 11.2630825 -999.0} sdss_psfmag_from_g3xp 12.135483 11.598354 10.911606 9.482 63050395770889448 1104015272 bright_1x1 mwm_tess_rgb_apogee mwm_tessrgb science 0 0 0.0 0.0 -999 ""
FIBERMAP 692 R+8C17 BOSS 0 0 0 1 0 0 164.99838453820374 173.57050943478777 143.1 232.82623560017504 55.942815266645866 119.74966 53.58684 -999.0 -999.0 -999.0 -999.0 -999.0 272.23546416868095 34.40466796731035 272.1258772576167 34.410036681982476 42.66086355995006 71.29077379573278 -999.0 5400.0 -999.0 1 226 {-999.0 -999.0 -999.0 -999.0 -999.0} "" -999.0 -999.0 -999.0 -999.0 -999 -999 "" "" "" "" 0 0 0.0 0.0 -999 ""
FIBERMAP 692 R+8C17 METROLOGY 0 0 0 1 0 0 164.54622048257033 172.98629352733033 143.1 232.12917167926682 55.69841056536479 119.74966 53.58684 -999.0 -999.0 -999.0 -999.0 -999.0 272.23158299613607 34.4036349438121 272.12207494259405 34.408977086084654 42.6636155205397 71.29327764067597 -999.0 6231.0 -999.0 -1 -999 {-999.0 -999.0 -999.0 -999.0 -999.0} "" -999.0 -999.0 -999.0 -999.0 -999 -999 "" "" "" "" 0 0 0.0 0.0 -999 ""
FIBERMAP 693 R+2C15 APOGEE 1 1 0 1 0 0 35.96629457068806 22.60149092319093 143.1 42.46915911017349 -0.58859823809696 276.7905 75.40135 271.18884690622167 34.157835075940774 3.4905186 -7.287118 0.27057692 271.1892960775483 34.157799665847136 271.08131525966803 34.1603567718297 43.42954425505833 71.92723487268387 16000.0 16600.0 2016.0 2 54 {-999.0 15.424821 13.333605 10.772381 -999.0} sdss_psfmag_from_g3xp 14.396296 11.337529 9.798832 5.965 63050395770803000 1155960228 bright_1x1 mwm_galactic_core_dist_apogee_extra mwm_galactic science 0 0 1.2324235439300537 0.0 -999 ""
FIBERMAP 693 R+2C15 BOSS 0 0 0 1 0 0 35.23235898416171 22.693376176897765 143.1 41.90323770835922 -0.11245938967186586 276.7905 75.40135 -999.0 -999.0 -999.0 -999.0 -999.0 271.1864751600678 34.15992643006424 271.0782357627179 34.162531103403374 43.43256748690708 71.92524847230567 -999.0 5400.0 -999.0 1 198 {-999.0 -999.0 -999.0 -999.0 -999.0} "" -999.0 -999.0 -999.0 -999.0 -999 -999 "" "" "" "" 0 0 0.0 0.0 -999 ""
FIBERMAP 693 R+2C15 METROLOGY 0 0 0 1 0 0 35.673846642350384 23.295658085100825 143.1 42.60116489367518 0.15290996518836478 276.7905 75.40135 -999.0 -999.0 -999.0 -999.0 -999.0 271.1902487344796 34.16113388258848 271.08207454394517 34.163732634784935 43.42980910287974 71.9225205913122 -999.0 6231.0 -999.0 -1 -999 {-999.0 -999.0 -999.0 -999.0 -999.0} "" -999.0 -999.0 -999.0 -999.0 -999 -999 "" "" "" "" 0 0 0.0 0.0 -999 ""
FIBERMAP 694 R+3C15 APOGEE 0 0 0 1 0 0 37.001808107385095 57.746673391548825 143.1 62.4462057908207 28.34031473323535 225.50742 64.43321 -999.0 -999.0 -999.0 -999.0 -999.0 271.3002435009688 34.28899914576505 271.19172031923256 34.291822782374055 43.37520404171403 71.72002974882696 -999.0 16600.0 -999.0 2 -999 {-999.0 -999.0 -999.0 -999.0 -999.0} "" -999.0 -999.0 -999.0 -999.0 -999 -999 "" "" "" "" 0 0 0.0 0.0 -999 ""
FIBERMAP 694 R+3C15 BOSS 1 1 0 1 0 0 36.74568122572771 58.48900242086006 143.1 62.63487535483239 29.102490330635934 225.50742 64.43321 271.3015980789732 34.29246738388239 -1.7416055 -21.669605 0.67694825 271.3016022534503 34.29242300497555 271.19281286446744 34.29530494582955 43.37522626157123 71.71508090105704 5400.0 5400.0 2016.0 1 197 {-999.0 15.943858 15.470885 15.285526 -999.0} sdss_psfmag_ps1 15.836602 15.464795 14.921304 13.919 63050395770803326 1072881468 bright_1x1 mwm_halo_local_high_boss_single mwm_halo science 0 0 0.0 0.0 -999 ""
FIBERMAP 694 R+3C15 METROLOGY 0 0 0 1 0 0 37.476789442217715 58.32204693288733 143.1 63.15760921234711 28.56489386823204 225.50742 64.43321 -999.0 -999.0 -999.0 -999.0 -999.0 271.3043849362647 34.28997118212738 271.19567534768055 34.29284547948724 43.37230893824301 71.7175151029877 -999.0 6231.0 -999.0 -1 -999 {-999.0 -999.0 -999.0 -999.0 -999.0} "" -999.0 -999.0 -999.0 -999.0 -999 -999 "" "" "" "" 0 0 0.0 0.0 -999 ""
FIBERMAP 695 R-4C1 APOGEE 0 0 0 1 0 0 -262.7517330900388 -71.27513417111956 143.1 -259.23847087222924 83.04542281751445 189.32303 81.834145 -999.0 -999.0 -999.0 -999.0 -999.0 269.5335549232644 34.53248667400398 269.4248392631181 34.53051695760629 44.84631074887306 71.90480924773482 -999.0 16600.0 -999.0 2 248 {-999.0 -999.0 -999.0 -999.0 -999.0} "" -999.0 -999.0 -999.0 -999.0 -999 -999 "" ops_sky_apogee_best_unassigned ops_sky sky_apogee 0 0 0.0 0.0 -999 ""
FIBERMAP 695 R-4C1 BOSS 1 1 0 1 0 0 -262.7852110931123 -70.53535059119531 143.1 -258.8643505030164 83.6844103418591 189.32303 81.834145 269.53582763671875 34.53536967446149 -999.0 -999.0 -999.0 269.535796392919 34.535347768284794 269.4268271518034 34.5334330657033 44.84542813624766 71.90025933230208 5400.0 5400.0 2015.5 1 497 {-999.0 -999.0 -999.0 -999.0 -999.0} "" -999.0 -999.0 -999.0 -999.0 27021603155907178 821149358 "" ops_sky_boss_good ops_sky sky_boss 0 0 0.0 0.0 -999 ""
FIBERMAP 695 R-4C1 METROLOGY 0 0 0 1 0 0 -262.11622093688914 -70.87829674925118 143.1 -258.4894271672237 83.03290514705202 189.32303 81.834145 -999.0 -999.0 -999.0 -999.0 -999.0 269.53777912049054 34.532446059633386 269.4288885962118 34.530523269986 44.84307568438652 71.90366093245382 -999.0 6231.0 -999.0 -1 -999 {-999.0 -999.0 -999.0 -999.0 -999.0} "" -999.0 -999.0 -999.0 -999.0 -999 -999 "" "" "" "" 0 0 0.0 0.0 -999 ""
FIBERMAP 698 R+7C18 APOGEE 0 0 0 1 0 0 160.51551031693054 121.83226513552961 143.1 200.93486325489508 14.964210927204565 261.1465 97.41174 -999.0 -999.0 -999.0 -999.0 -999.0 272.0588506069058 34.221349708314726 271.95028746884304 34.22622972573401 42.75272898865426 71.58383897010134 -999.0 16600.0 -999.0 2 40 {-999.0 -999.0 -999.0 -999.0 -999.0} "" -999.0 -999.0 -999.0 -999.0 -999 -999 "" ops_sky_apogee_best_unassigned ops_sky sky_apogee 0 0 0.0 0.0 -999 ""
FIBERMAP 698 R+7C18 BOSS 1 1 0 1 0 0 159.76974496560777 121.84228913657071 143.1 200.31450778034545 15.378088027190117 261.1465 97.41174 272.05581665039057 34.223226993408595 -999.0 -999.0 -999.0 272.05582097137665 34.22321328664399 271.94699436982546 34.228142627443596 42.7558584493423 71.58229864608006 5400.0 5400.0 2015.5 1 196 {-999.0 -999.0 -999.0 -999.0 -999.0} "" -999.0 -999.0 -999.0 -999.0 27021603155916749 821150013 "" ops_sky_boss_good ops_sky sky_boss 0 0 0.0 0.0 -999 ""
FIBERMAP 698 R+7C18 METROLOGY 0 0 0 1 0 0 160.14707583432346 122.48075756441091 143.1 200.97827236810778 15.708704561385659 261.1465 97.41174 -999.0 -999.0 -999.0 -999.0 -999.0 272.05937354383616 34.22468567189442 271.95061296049573 34.22960780423791 42.75335613205588 71.57930362189069 -999.0 6231.0 -999.0 -1 -999 {-999.0 -999.0 -999.0 -999.0 -999.0} "" -999.0 -999.0 -999.0 -999.0 -999 -999 "" "" "" "" 0 0 0.0 0.0 -999 ""
FIBERMAP 704 R+5C16 APOGEE 0 0 0 1 0 0 108.51320853192792 99.26075512700538 143.1 145.02546571272669 24.296591656875066 320.26126 161.08368 -999.0 -999.0 -999.0 -999.0 -999.0 271.7540089129324 34.267086409938955 271.64539007482983 34.271135128201436 43.00773609505864 71.61454977418896 -999.0 16600.0 -999.0 2 79 {-999.0 -999.0 -999.0 -999.0 -999.0} "" -999.0 -999.0 -999.0 -999.0 -999 -999 "" ops_sky_apogee_best_unassigned ops_sky sky_apogee 0 0 0.0 0.0 -999 ""
FIBERMAP 704 R+5C16 BOSS 1 1 0 1 0 0 108.90941190599511 98.63598664409672 143.1 145.01825721510704 23.556908177116902 320.26126 161.08368 271.754240141392 34.2636568551695 -2.9787717 -2.9171624 0.032823015 271.75425150192507 34.26367486589454 271.64538992599546 34.267781952681304 43.00686427430414 71.61897751039714 5400.0 5400.0 2016.0 1 214 {-999.0 16.891005 16.2148 15.83598 -999.0} sdss_psfmag_ps1 16.614431 16.112888 15.438095 14.101 63050395770888171 1076074185 bright_1x1 mwm_halo_mp_xp_boss_single mwm_halo science 0 0 0.0 0.0 -999 ""
FIBERMAP 704 R+5C16 METROLOGY 0 0 0 1 0 0 108.17093963541913 98.59989702419783 143.1 144.37895015857626 23.92812407417588 320.26126 161.08368 -999.0 -999.0 -999.0 -999.0 -999.0 271.7506832762573 34.26541140606152 271.64188894493554 34.26949234127346 43.01010274027765 71.61774783251656 -999.0 6231.0 -999.0 -1 -999 {-999.0 -999.0 -999.0 -999.0 -999.0} "" -999.0 -999.0 -999.0 -999.0 -999 -999 "" "" "" "" 0 0 0.0 0.0 -999 ""
FIBERMAP 706 R+6C21 APOGEE 1 1 0 1 0 0 222.70139111605195 99.25694189357381 143.1 240.84385985879547 -37.789633797242494 295.48337 85.33073 272.2706494814012 33.97963011819816 1.6959639 -15.282084 2.5006573 272.27064774728115 33.97960220549601 272.1629180493494 33.98511134234728 42.51906908371731 71.83645680991458 16000.0 16600.0 2016.0 2 67 {-999.0 17.198208 15.735426 14.952129 -999.0} sdss_psfmag_ps1 16.566364 15.572913 14.566475 12.659 63050395770878872 1034989832 bright_1x1 mwm_yso_pms_apogee_zari18pms_single mwm_yso science 0 0 0.0 0.0 -999 ""
FIBERMAP 706 R+6C21 BOSS 0 0 0 1 0 0 222.01086788434426 98.98260394178529 143.1 240.11525566360754 -37.64441228361238 295.48337 85.33073 -999.0 -999.0 -999.0 -999.0 -999.0 272.26702229276714 33.980240789101785 272.1590330061225 33.98579949966359 42.52235718651173 71.83672594341976 -999.0 5400.0 -999.0 1 249 {-999.0 -999.0 -999.0 -999.0 -999.0} "" -999.0 -999.0 -999.0 -999.0 -999 -999 "" "" "" "" 0 0 0.0 0.0 -999 ""
FIBERMAP 706 R+6C21 METROLOGY 0 0 0 1 0 0 222.11247318191636 99.71795730485402 143.1 240.60032187194219 -37.0825858565197 295.48337 85.33073 -999.0 -999.0 -999.0 -999.0 -999.0 272.26961279299 33.982771955043326 272.16168623416434 33.98832016426903 42.52091132770723 71.83263226831536 -999.0 6231.0 -999.0 -1 -999 {-999.0 -999.0 -999.0 -999.0 -999.0} "" -999.0 -999.0 -999.0 -999.0 -999 -999 "" "" "" "" 0 0 0.0 0.0 -999 ""
FIBERMAP 709 R+2C18 APOGEE 0 0 0 1 0 0 99.30938301674128 48.99704227679448 143.1 109.97421834774009 -12.877930484337691 163.02919 91.821724 -999.0 -999.0 -999.0 -999.0 -999.0 271.5598011103698 34.09961377255495 271.4518933274172 34.103180677802776 43.11847799500407 71.89359949716413 -999.0 16600.0 -999.0 2 -999 {-999.0 -999.0 -999.0 -999.0 -999.0} "" -999.0 -999.0 -999.0 -999.0 -999 -999 "" "" "" "" 0 0 0.0 0.0 -999 ""
FIBERMAP 709 R+2C18 BOSS 1 1 0 1 0 0 99.47540007094909 49.707296439620876 143.1 110.4996891778936 -12.37218598874417 163.02919 91.821724 271.5630620905663 34.10182945780787 -6.400879 2.2345345 0.10714982 271.56302521499396 34.1018301567312 271.45485373253644 34.105462155476864 43.11670827051243 71.88970489496961 5400.0 5400.0 2016.0 1 200 {-999.0 14.804279 14.180878 13.892329 -999.0} sdss_psfmag_from_g3xp 14.642843 14.180374 13.542732 12.243 63050395770887193 1071091570 bright_1x1 mwm_halo_vmp_xp_boss_single mwm_halo science 0 0 0.0 0.0 -999 ""
FIBERMAP 709 R+2C18 METROLOGY 0 0 0 1 0 0 100.02552205512063 49.206343156441186 143.1 110.6889578888847 -13.091654615777609 163.02919 91.821724 -999.0 -999.0 -999.0 -999.0 -999.0 271.56394268692577 34.098565531039895 271.4558551876978 34.102184654582494 43.11505114154572 71.89374173968014 -999.0 6231.0 -999.0 -1 -999 {-999.0 -999.0 -999.0 -999.0 -999.0} "" -999.0 -999.0 -999.0 -999.0 -999 -999 "" "" "" "" 0 0 0.0 0.0 -999 ""
FIBERMAP 710 R+8C6 APOGEE 0 0 0 1 0 0 -78.52572667924377 164.34567647993924 143.1 23.45868853121901 180.60357702930716 50.918625 105.89402 -999.0 -999.0 -999.0 -999.0 -999.0 271.08866311455955 34.98121580280103 270.9775691242744 34.983305754370015 43.71924908507824 70.85750068683984 -999.0 16600.0 -999.0 2 -999 {-999.0 -999.0 -999.0 -999.0 -999.0} "" -999.0 -999.0 -999.0 -999.0 -999 -999 "" "" "" "" 0 0 0.0 0.0 -999 ""
FIBERMAP 710 R+8C6 BOSS 1 1 0 1 0 0 -77.83364153339434 164.04802902537315 143.1 23.877620390085934 179.97752749936384 50.918625 105.89402 271.0908459218543 34.978386255054914 1.820866 -3.1611865 0.25694492 271.09123460160134 34.97838188912284 270.97989800721916 34.98053167697662 43.716719802556185 70.86057565035128 5400.0 5400.0 2016.0 1 77 {-999.0 13.76911 12.9315605 12.611685 -999.0} sdss_psfmag_from_g3xp 13.520288 12.961866 12.256015 10.773 63050395770989466 996735911 bright_1x1 mwm_bin_gaia_sb_boss mwm_bin science 0 0 1.1450356245040894 0.0 -999 ""
FIBERMAP 710 R+8C6 METROLOGY 0 0 0 1 0 0 -78.43869352136267 163.60467228970748 143.1 23.128845079880392 179.93444780886884 50.918625 105.89402 -999.0 -999.0 -999.0 -999.0 -999.0 271.0870092899039 34.978210486173026 270.97574664777505 34.98033415827065 43.71996929340478 70.86199302318664 -999.0 6231.0 -999.0 -1 -999 {-999.0 -999.0 -999.0 -999.0 -999.0} "" -999.0 -999.0 -999.0 -999.0 -999 -999 "" "" "" "" 0 0 0.0 0.0 -999 ""
FIBERMAP 714 R-3C22 APOGEE 1 1 0 1 0 0 214.7633505440856 -43.356447300092086 143.1 156.6451517977233 -153.14714042254047 96.964935 101.301926 271.80452294058324 33.461605569406984 2.3758368 -19.020868 8.078723 271.8045320434351 33.46156288761198 271.6989227022344 33.46594313842529 42.75051187821654 72.65755034661186 16000.0 16600.0 2016.0 2 209 {-999.0 11.050656 10.54777 10.373398 -999.0} sdss_psfmag_from_g3xp 10.943901 10.5757265 10.038763 9.096 63050395770713771 1103501809 bright_1x1 mwm_tess_2min_apogee mwm_planet science 0 0 0.0 0.0 -999 ""
FIBERMAP 714 R-3C22 BOSS 0 0 0 1 0 0 215.45228138271554 -43.103486254386056 143.1 157.36079732395825 -153.3094344957587 96.964935 101.301926 -999.0 -999.0 -999.0 -999.0 -999.0 271.80867784326557 33.46071978313163 271.7028154130993 33.46517155381587 42.747177143260885 72.65735641708221 -999.0 5400.0 -999.0 1 309 {-999.0 -999.0 -999.0 -999.0 -999.0} "" -999.0 -999.0 -999.0 -999.0 -999 -999 "" "" "" "" 0 0 0.0 0.0 -999 ""
FIBERMAP 714 R-3C22 METROLOGY 0 0 0 1 0 0 215.32345413866688 -43.84631436527134 143.1 156.84882400032967 -153.86273300911577 96.964935 101.301926 -999.0 -999.0 -999.0 -999.0 -999.0 271.8057800076081 33.45826154335388 271.7000000284918 33.462689065915825 42.74876048508031 72.66148055763063 -999.0 6231.0 -999.0 -1 -999 {-999.0 -999.0 -999.0 -999.0 -999.0} "" -999.0 -999.0 -999.0 -999.0 -999 -999 "" "" "" "" 0 0 0.0 0.0 -999 ""
FIBERMAP 715 R-6C17 APOGEE 1 1 0 1 0 0 145.47209897307894 -99.81186026067485 143.1 67.80545991195102 -162.8484377469614 109.561455 52.372875 271.32179959820604 33.42000801561831 -1.554629 -7.856007 0.21861187 271.32179810778104 33.41997231552095 271.2165340574711 33.423063718760105 43.12628263071375 72.86314009291681 16000.0 16600.0 2016.0 2 205 {-999.0 14.053032 12.857625 12.379058 -999.0} sdss_psfmag_from_g3xp 13.611278 12.852046 12.0079975 10.125 63050395770712741 1152450346 bright_1x1 mwm_galactic_core_dist_apogee_sparse mwm_galactic science 0 0 0.0 0.0 -999 ""
FIBERMAP 715 R-6C17 BOSS 0 0 0 1 0 0 146.1687771823904 -100.06930840479656 143.1 68.25010199967394 -163.44325142256918 109.561455 52.372875 -999.0 -999.0 -999.0 -999.0 -999.0 271.32446401442525 33.417164375218405 271.2189580313218 33.42032254080213 43.12359371502041 72.86600652018228 -999.0 5400.0 -999.0 1 299 {-999.0 -999.0 -999.0 -999.0 -999.0} "" -999.0 -999.0 -999.0 -999.0 -999 -999 "" "" "" "" 0 0 0.0 0.0 -999 ""
FIBERMAP 715 R-6C17 METROLOGY 0 0 0 1 0 0 145.6144137675456 -100.56676799897087 143.1 67.51444655514236 -163.55929016173508 109.561455 52.372875 -999.0 -999.0 -999.0 -999.0 -999.0 271.3203813279062 33.416682110694076 271.2149500072047 33.419812711473526 43.1266765771312 72.86791833546022 -999.0 6231.0 -999.0 -1 -999 {-999.0 -999.0 -999.0 -999.0 -999.0} "" -999.0 -999.0 -999.0 -999.0 -999 -999 "" "" "" "" 0 0 0.0 0.0 -999 ""
FIBERMAP 717 R+6C9 APOGEE 0 0 0 1 0 0 -60.551238726694436 131.86936599468868 143.1 20.884833932056658 143.57867875208075 210.8272 18.254854 -999.0 -999.0 -999.0 -999.0 -999.0 271.0736502500263 34.81388299943831 270.9632086625393 34.8159725330666 43.6894862476126 71.08586211903759 -999.0 16600.0 -999.0 2 -999 {-999.0 -999.0 -999.0 -999.0 -999.0} "" -999.0 -999.0 -999.0 -999.0 -999 -999 "" "" "" "" 0 0 0.0 0.0 -999 ""
FIBERMAP 717 R+6C9 BOSS 1 1 0 1 0 0 -60.06709536839673 132.4511096847612 143.1 21.60738901086079 143.80362206216654 210.8272 18.254854 271.0778953153816 34.81490530768494 -2.7860808 -4.9163475 0.30113634 271.077919996846 34.8148883294602 270.96722067594555 34.81704192844634 43.686559322353965 71.08330248084047 5400.0 5400.0 2016.0 1 130 {-999.0 17.654861 17.206835 17.05751 -999.0} sdss_psfmag_ps1 17.5104 17.188667 16.700228 15.75 63050395770988600 977099497 "" ops_std_boss ops_std standard_boss 0 0 0.0 0.0 -999 ""
FIBERMAP 717 R+6C9 METROLOGY 0 0 0 1 0 0 -59.81566081885311 131.7445175985933 143.1 21.434211733876886 143.0739861259185 210.8272 18.254854 -999.0 -999.0 -999.0 -999.0 -999.0 271.0768721659461 34.81159194846784 270.9662574348373 34.813728552248804 43.68650588656579 71.088012596662 -999.0 6231.0 -999.0 -1 -999 {-999.0 -999.0 -999.0 -999.0 -999.0} "" -999.0 -999.0 -999.0 -999.0 -999 -999 "" "" "" "" 0 0 0.0 0.0 -999 ""
FIBERMAP 719 R+3C18 APOGEE 1 1 0 1 0 0 120.08201777135339 78.38122235588222 143.1 143.3813738717813 0.48578035311517104 152.7409 49.288662 271.7436565485428 34.15887110992518 5.950257 1.4258611 1.5071334 271.74361882102926 34.15890392817989 271.63541448973456 34.16295085898862 42.9874852443314 71.7602898458457 16000.0 16600.0 2016.0 2 87 {-999.0 12.397094 11.732742 11.500153 -999.0} sdss_psfmag_from_g3xp 12.229419 11.776177 11.15761 9.944 63050395770886064 1107842285 bright_1x1 mwm_tess_rgb_apogee mwm_tessrgb science 0 0 0.0 0.0 -999 ""
FIBERMAP 719 R+3C18 BOSS 0 0 0 1 0 0 120.78943557743018 78.64539282293022 143.1 144.11862710379788 0.3228414243638944 152.7409 49.288662 -999.0 -999.0 -999.0 -999.0 -999.0 271.7479695427033 34.158067768249396 271.63951130584326 34.16218388403902 42.984012752615044 71.7600895013515 -999.0 5400.0 -999.0 1 218 {-999.0 -999.0 -999.0 -999.0 -999.0} "" -999.0 -999.0 -999.0 -999.0 -999 -999 "" "" "" "" 0 0 0.0 0.0 -999 ""
FIBERMAP 719 R+3C18 METROLOGY 0 0 0 1 0 0 120.66145950313867 77.90671950537727 143.1 143.60962695670176 -0.22743338691409432 152.7409 49.288662 -999.0 -999.0 -999.0 -999.0 -999.0 271.74506469616153 34.155607231762644 271.6366893027856 34.159699897392066 42.98561661932305 71.76420196315615 -999.0 6231.0 -999.0 -1 -999 {-999.0 -999.0 -999.0 -999.0 -999.0} "" -999.0 -999.0 -999.0 -999.0 -999 -999 "" "" "" "" 0 0 0.0 0.0 -999 ""
FIBERMAP 721 R+9C9 APOGEE 1 1 0 1 0 0 -29.587041223793182 174.4266578480315 143.1 70.00628580962757 162.45548789471204 216.59656 75.38148 271.34610156781173 34.89763754429973 0.83170307 19.05103 3.2195377 271.34610324779663 34.89769471080126 271.2352292227348 34.900495645896534 43.49414725468563 70.8964984351386 16000.0 16600.0 2016.0 2 9 {-999.0 10.402761 10.156313 10.096298 -999.0} sdss_psfmag_from_g3xp 10.3863535 10.155788 9.772499 9.176 63050395770989076 975100175 "" ops_std_apogee ops_std standard_apogee 0 0 0.0 0.0 -999 ""
FIBERMAP 721 R+9C9 BOSS 0 0 0 1 0 0 -29.874409790357625 175.11065479238636 143.1 70.13702446500355 163.1857002080276 216.59656 75.38148 -999.0 -999.0 -999.0 -999.0 -999.0 271.34712687740864 34.90098549522292 271.23598565854286 34.90384167226822 43.494375193163215 70.89181797423032 -999.0 5400.0 -999.0 1 125 {-999.0 -999.0 -999.0 -999.0 -999.0} "" -999.0 -999.0 -999.0 -999.0 -999 -999 "" "" "" "" 0 0 0.0 0.0 -999 ""
FIBERMAP 721 R+9C9 METROLOGY 0 0 0 1 0 0 -29.139894442197622 175.02759033710038 143.1 70.70822815497759 162.7166480795464 216.59656 75.38148 -999.0 -999.0 -999.0 -999.0 -999.0 271.3501988065419 34.8988470917721 271.239136617977 34.90169694217464 43.49134021964951 70.89379965417692 -999.0 6231.0 -999.0 -1 -999 {-999.0 -999.0 -999.0 -999.0 -999.0} "" -999.0 -999.0 -999.0 -999.0 -999 -999 "" "" "" "" 0 0 0.0 0.0 -999 ""
FIBERMAP 723 R-2C19 APOGEE 1 1 0 1 0 0 146.52677035756162 -20.93166041608909 143.1 111.57689455567058 -97.22991002540815 128.94456 23.958223 271.5638700450408 33.716078009988784 -1.2426454 -8.601797 1.0776887 271.5638478772879 33.71606788147855 271.457382510774 33.719738503773 43.012734707225235 72.39813842918676 16000.0 16600.0 2016.0 2 212 {-999.0 10.873145 9.983201 9.642467 -999.0} sdss_psfmag_from_g3xp 10.592483 10.009258 9.285113 7.736 63050395770722054 1103974980 bright_1x1 mwm_tess_rgb_apogee mwm_tessrgb science 0 0 0.0 0.0 -999 ""
FIBERMAP 723 R-2C19 BOSS 0 0 0 1 0 0 147.1821667797708 -21.278030625020154 143.1 111.93854915077314 -97.87689771262434 128.94456 23.958223 -999.0 -999.0 -999.0 -999.0 -999.0 271.5660856880839 33.713022715867695 271.4593774465427 33.716758563737784 43.010339290281934 72.40145899521951 -999.0 5400.0 -999.0 1 297 {-999.0 -999.0 -999.0 -999.0 -999.0} "" -999.0 -999.0 -999.0 -999.0 -999 -999 "" "" "" "" 0 0 0.0 0.0 -999 ""
FIBERMAP 723 R-2C19 METROLOGY 0 0 0 1 0 0 146.56170126076938 -21.67513504573437 143.1 111.20198659213423 -97.87278480441891 128.94456 23.958223 -999.0 -999.0 -999.0 -999.0 -999.0 271.56198700873483 33.71308888923956 271.4553519663443 33.71679711774107 43.01357613655676 72.40263212573961 -999.0 6231.0 -999.0 -1 -999 {-999.0 -999.0 -999.0 -999.0 -999.0} "" -999.0 -999.0 -999.0 -999.0 -999 -999 "" "" "" "" 0 0 0.0 0.0 -999 ""
FIBERMAP 724 R+1C21 APOGEE 0 0 0 1 0 0 179.57875900887103 32.58417481814443 143.1 168.40836189109442 -70.29240374008964 81.181145 78.750984 -999.0 -999.0 -999.0 -999.0 -999.0 271.875305140638 33.836147497949746 271.7682673588845 33.84062704640655 42.79603843303373 72.14482932357993 -999.0 16600.0 -999.0 2 -999 {-999.0 -999.0 -999.0 -999.0 -999.0} "" -999.0 -999.0 -999.0 -999.0 -999 -999 "" "" "" "" 0 0 0.0 0.0 -999 ""
FIBERMAP 724 R+1C21 BOSS 1 1 0 1 0 0 180.28366640124958 32.3560521216431 143.1 168.8758534245634 -70.86708323489489 81.181145 78.750984 271.878077230234 33.83339487979374 12.499201 16.92349 0.6170881 271.8781171606851 33.83343826847549 271.7708327776593 33.83798495754854 42.79327895085101 72.14752280448977 5400.0 5400.0 2016.0 1 234 {-999.0 15.791646 15.378258 15.211789 -999.0} sdss_psfmag_ps1 15.7055025 15.383657 14.894635 13.985 63050395770879446 1072881521 bright_1x1 mwm_halo_local_high_boss_single mwm_halo science 0 0 0.0 0.0 -999 ""
FIBERMAP 724 R+1C21 METROLOGY 0 0 0 1 0 0 179.72946176846233 31.853455543208177 143.1 168.1375382918967 -70.98751897812787 81.181145 78.750984 -999.0 -999.0 -999.0 -999.0 -999.0 271.8740091849738 33.83294557951377 271.766800728052 33.83746462854238 42.796367110258196 72.14942604437283 -999.0 6231.0 -999.0 -1 -999 {-999.0 -999.0 -999.0 -999.0 -999.0} "" -999.0 -999.0 -999.0 -999.0 -999 -999 "" "" "" "" 0 0 0.0 0.0 -999 ""
FIBERMAP 730 R+6C13 APOGEE 0 0 0 1 0 0 52.16290936087446 112.27483809355256 143.1 104.81501439576549 65.85441726239239 283.35547 156.45747 -999.0 -999.0 -999.0 -999.0 -999.0 271.53509420202704 34.458055525995334 271.42583378474103 34.46146960422099 43.23192191835328 71.4266400956385 -999.0 16600.0 -999.0 2 -999 {-999.0 -999.0 -999.0 -999.0 -999.0} "" -999.0 -999.0 -999.0 -999.0 -999 -999 "" "" "" "" 0 0 0.0 0.0 -999 ""
FIBERMAP 730 R+6C13 BOSS 1 1 0 1 0 0 52.022478395329024 111.53450971248091 143.1 104.29466294398625 65.30952521804126 283.35547 156.45747 271.53277626194875 34.45562827756621 -76.03079 -19.307623 2.0624573 271.5325163802278 34.455574826816296 271.4230119787063 34.45903808641434 43.233549274840264 71.43068319406905 5400.0 5400.0 2016.0 1 149 {-999.0 21.2646 19.919529 18.478584 -999.0} sdss_psfmag_ps1 20.63264 19.182665 17.962063 15.718 63050395770980694 1072881602 bright_1x1 mwm_halo_local_high_boss_single mwm_halo science 0 0 0.0 0.0 -999 ""
FIBERMAP 730 R+6C13 METROLOGY 0 0 0 1 0 0 51.46293113816067 112.01658924411032 143.1 104.08722358155595 66.01828045773404 283.35547 156.45747 -999.0 -999.0 -999.0 -999.0 -999.0 271.53132044459267 34.458817355840004 271.4218762495615 34.46226087790583 43.23527876959378 71.42673548773541 -999.0 6231.0 -999.0 -1 -999 {-999.0 -999.0 -999.0 -999.0 -999.0} "" -999.0 -999.0 -999.0 -999.0 -999 -999 "" "" "" "" 0 0 0.0 0.0 -999 ""
FIBERMAP 733 R+2C2 APOGEE 0 0 0 1 0 0 -241.09243659068045 50.633889207001644 143.1 -174.78240270416876 173.56884392072564 67.26339 116.39233 -999.0 -999.0 -999.0 -999.0 -999.0 269.99261903575666 34.946218127850194 269.8821145378014 34.94537915556513 44.58122773561546 71.21105917798218 -999.0 16600.0 -999.0 2 -999 {-999.0 -999.0 -999.0 -999.0 -999.0} "" -999.0 -999.0 -999.0 -999.0 -999 -999 "" "" "" "" 0 0 0.0 0.0 -999 ""
FIBERMAP 733 R+2C2 BOSS 1 1 0 1 0 0 -240.38140563805473 50.69982076745809 143.1 -174.14989811996048 173.23758932817967 67.26339 116.39233 269.99630509589855 34.94476664881426 8.532811 -17.722408 0.5300188 269.99631377663934 34.94473198532029 269.88556808013414 34.943952625901844 44.57813839866068 71.21205678541395 5400.0 5400.0 2016.0 1 10 {-999.0 17.5949 16.92678 16.607801 -999.0} sdss_psfmag_ps1 17.406332 16.96078 16.360188 15.165 63050395770830555 1072940860 bright_1x1 mwm_halo_local_high_boss_single mwm_halo science 0 0 0.0 0.0 -999 ""
FIBERMAP 733 R+2C2 METROLOGY 0 0 0 1 0 0 -240.67296767845633 50.01687396230399 143.1 -174.76587267504544 172.82301728257673 67.26339 116.39233 -999.0 -999.0 -999.0 -999.0 -999.0 269.992868048831 34.94284079600278 269.88220068706516 34.9420386662161 44.58036282409225 71.215590308792 -999.0 6231.0 -999.0 -1 -999 {-999.0 -999.0 -999.0 -999.0 -999.0} "" -999.0 -999.0 -999.0 -999.0 -999 -999 "" "" "" "" 0 0 0.0 0.0 -999 ""
FIBERMAP 741 R+5C9 APOGEE 0 0 0 1 0 0 -71.44239798532841 81.93017932746855 143.1 -15.405889684926677 107.59386846578937 289.091 35.83405 -999.0 -999.0 -999.0 -999.0 -999.0 270.8720724129748 34.65123703394478 270.76233805998527 34.652824434876905 43.80894602829111 71.36132811498527 -999.0 16600.0 -999.0 2 101 {-999.0 -999.0 -999.0 -999.0 -999.0} "" -999.0 -999.0 -999.0 -999.0 -999 -999 "" ops_sky_apogee_best_unassigned ops_sky sky_apogee 0 0 0.0 0.0 -999 ""
FIBERMAP 741 R+5C9 BOSS 1 1 0 1 0 0 -72.05992976060162 82.33714879233013 143.1 -15.70282310524668 108.27112108149498 289.091 35.83405 270.87066650390625 34.65431901965802 -999.0 -999.0 -999.0 270.8706806491904 34.65431296709489 270.76068458049724 34.65594877739599 43.81104020645198 71.35760311122687 5400.0 5400.0 2015.5 1 75 {-999.0 -999.0 -999.0 -999.0 -999.0} "" -999.0 -999.0 -999.0 -999.0 27021603155904743 821149206 "" ops_sky_boss_good ops_sky sky_boss 0 0 0.0 0.0 -999 ""
FIBERMAP 741 R+5C9 METROLOGY 0 0 0 1 0 0 -71.40574237083423 82.68139188753338 143.1 -14.966703198434447 108.20431558531827 289.091 35.83405 -999.0 -999.0 -999.0 -999.0 -999.0 270.8746841841278 34.654008087651256 270.7647586192776 34.65563973597376 43.80771734742159 71.35686348082191 -999.0 6231.0 -999.0 -1 -999 {-999.0 -999.0 -999.0 -999.0 -999.0} "" -999.0 -999.0 -999.0 -999.0 -999 -999 "" "" "" "" 0 0 0.0 0.0 -999 ""
FIBERMAP 742 R-5C19 APOGEE 0 0 0 1 0 0 181.0062430954465 -90.83378140257443 143.1 102.50506285777372 -174.6341009956342 37.277493 105.62533 -999.0 -999.0 -999.0 -999.0 -999.0 271.5095917189647 33.366016654164646 271.4044535434947 33.36962633781168 42.96077875871771 72.87528085289904 -999.0 16600.0 -999.0 2 -999 {-999.0 -999.0 -999.0 -999.0 -999.0} "" -999.0 -999.0 -999.0 -999.0 -999 -999 "" "" "" "" 0 0 0.0 0.0 -999 ""
FIBERMAP 742 R-5C19 BOSS 1 1 0 1 0 0 181.60705496295887 -91.26881929437374 143.1 102.77270531147786 -175.32581664322709 37.277493 105.62533 271.51131834062005 33.36285332524212 -9.932912 -22.06522 0.6784282 271.51127878891816 33.36278905963574 271.40589946690955 33.366463730696864 42.95875580668578 72.87898990035808 5400.0 5400.0 2016.0 1 287 {-999.0 17.743237 16.903326 16.53503 -999.0} sdss_psfmag_ps1 17.461021 16.897995 16.181814 14.682 63050395770712267 1073338853 bright_1x1 mwm_halo_local_high_boss_single mwm_halo science 0 0 0.0 0.0 -999 ""
FIBERMAP 742 R-5C19 METROLOGY 0 0 0 1 0 0 180.9224283471324 -91.57515652252172 143.1 102.03165153200244 -175.2106531031378 37.277493 105.62533 -999.0 -999.0 -999.0 -999.0 -999.0 271.5071904480072 33.36335013396045 271.40188222562176 33.36699675004282 42.96212925578888 72.87953722660791 -999.0 6231.0 -999.0 -1 -999 {-999.0 -999.0 -999.0 -999.0 -999.0} "" -999.0 -999.0 -999.0 -999.0 -999 -999 "" "" "" "" 0 0 0.0 0.0 -999 ""
FIBERMAP 743 R-1C3 APOGEE 1 1 0 1 0 0 -221.9751722174109 -15.347862601788364 143.1 -194.61389076436714 107.80669814203611 25.01905 109.10806 269.88433442965055 34.64837780221454 30.352444 2.8988066 6.3806753 269.8844458891468 34.64838014290189 269.77513485596114 34.64732180990246 44.594837556666185 71.6469597143988 16000.0 16600.0 2016.0 2 281 {-999.0 11.038586 10.580898 10.443218 -999.0} sdss_psfmag_from_g3xp 10.951386 10.615143 10.115652 9.267 63050395770829149 1103501599 bright_1x1 mwm_tess_2min_apogee mwm_planet science 0 0 0.0 0.0 -999 ""
FIBERMAP 743 R-1C3 BOSS 0 0 0 1 0 0 -221.4471812439415 -15.875854931747437 143.1 -194.45789405697653 107.07657224760393 25.01905 109.10806 -999.0 -999.0 -999.0 -999.0 -999.0 269.8855118172825 34.64505424968478 269.77596899725825 34.64404976399674 44.59337821450595 71.65118372412678 -999.0 5400.0 -999.0 1 433 {-999.0 -999.0 -999.0 -999.0 -999.0} "" -999.0 -999.0 -999.0 -999.0 -999 -999 "" "" "" "" 0 0 0.0 0.0 -999 ""
FIBERMAP 743 R-1C3 METROLOGY 0 0 0 1 0 0 -222.16564877095428 -16.07462685543706 143.1 -195.1688630453078 107.3003976791434 25.01905 109.10806 -999.0 -999.0 -999.0 -999.0 -999.0 269.88156083944756 34.64603921854797 269.77208512058564 34.6450096877963 44.5967108752919 71.6509642843497 -999.0 6231.0 -999.0 -1 -999 {-999.0 -999.0 -999.0 -999.0 -999.0} "" -999.0 -999.0 -999.0 -999.0 -999 -999 "" "" "" "" 0 0 0.0 0.0 -999 ""
FIBERMAP 748 R-1C24 APOGEE 1 1 0 1 0 0 235.2377990392828 -10.91215179717738 143.1 191.46584131273622 -137.05342733597146 37.361 156.84041 271.9942109702976 33.5331133292714 -7.5794253 -10.974561 0.8343471 271.99417035477046 33.533078877024636 271.8882209282867 33.53795233251249 42.61825352150256 72.50479248240447 16000.0 16600.0 2016.0 2 210 {-999.0 11.89551 11.039459 10.738537 -999.0} sdss_psfmag_from_g3xp 11.635808 11.08448 10.38629 8.954 63050395770714353 1108164292 bright_1x1 mwm_tess_rgb_apogee mwm_tessrgb science 0 0 0.0 0.0 -999 ""
FIBERMAP 748 R-1C24 BOSS 0 0 0 1 0 0 235.95865950066766 -10.720773860949945 143.1 192.1747982800529 -137.28475841232282 37.361 156.84041 -999.0 -999.0 -999.0 -999.0 -999.0 271.99825724491603 33.53193069835346 271.8920545208217 33.53687587684462 42.61488572109372 72.50501673199483 -999.0 5400.0 -999.0 1 311 {-999.0 -999.0 -999.0 -999.0 -999.0} "" -999.0 -999.0 -999.0 -999.0 -999 -999 "" "" "" "" 0 0 0.0 0.0 -999 ""
FIBERMAP 748 R-1C24 METROLOGY 0 0 0 1 0 0 235.77099614321665 -11.438810587328883 143.1 191.6269317524826 -137.78526472032195 37.361 156.84041 -999.0 -999.0 -999.0 -999.0 -999.0 271.99517156008767 33.5297127331745 271.88905086323564 33.53463301573893 42.61668342912936 72.5088762427647 -999.0 6231.0 -999.0 -1 -999 {-999.0 -999.0 -999.0 -999.0 -999.0} "" -999.0 -999.0 -999.0 -999.0 -999 -999 "" "" "" "" 0 0 0.0 0.0 -999 ""
FIBERMAP 751 R-10C16 APOGEE 0 0 0 1 0 0 145.44241925282083 -178.62906110632576 143.1 24.928394076485137 -228.97137834997386 169.84877 64.57801 -999.0 -999.0 -999.0 -999.0 -999.0 271.0865061237536 33.123055345230455 270.98243678967265 33.125586086301695 43.23373168577524 73.3287000240532 -999.0 16600.0 -999.0 2 -999 {-999.0 -999.0 -999.0 -999.0 -999.0} "" -999.0 -999.0 -999.0 -999.0 -999 -999 "" "" "" "" 0 0 0.0 0.0 -999 ""
FIBERMAP 751 R-10C16 BOSS 1 1 0 1 0 0 145.87133407814972 -178.01177116928267 143.1 25.62393055134492 -228.68657935019127 169.84877 64.57801 271.0905722785189 33.12428873485971 0.19965956 -17.753696 1.4020078 271.0905328392859 33.1242258328053 270.98620825651426 33.1268264892313 43.23103294426494 73.32587667066679 5400.0 5400.0 2016.0 1 268 {-999.0 17.210566 16.14596 15.739161 -999.0} sdss_psfmag_ps1 16.811255 16.158558 15.336023 13.706 63050395770711474 1094272176 bright_1x1 mwm_bin_vis_boss mwm_filler science 0 0 0.0 0.0 -999 ""
FIBERMAP 751 R-10C16 METROLOGY 0 0 0 1 0 0 146.1861069557576 -178.68898256335453 143.1 25.51987733149249 -229.42599706393239 169.84877 64.57801 -999.0 -999.0 -999.0 -999.0 -999.0 271.0898754840351 33.12093871587457 270.9856339587318 33.12352158474833 43.23059148371386 73.33042019346857 -999.0 6231.0 -999.0 -1 -999 {-999.0 -999.0 -999.0 -999.0 -999.0} "" -999.0 -999.0 -999.0 -999.0 -999 -999 "" "" "" "" 0 0 0.0 0.0 -999 ""
FIBERMAP 753 R-2C22 APOGEE 0 0 0 1 0 0 200.79232718975044 -58.80663154517231 143.1 136.52131656935836 -158.51617652443377 317.3198 56.165783 -999.0 -999.0 -999.0 -999.0 -999.0 271.695149653455 33.43789616294281 271.5896711780874 33.441987723589655 42.83169530791021 72.72278597305444 -999.0 16600.0 -999.0 2 -999 {-999.0 -999.0 -999.0 -999.0 -999.0} "" -999.0 -999.0 -999.0 -999.0 -999 -999 "" "" "" "" 0 0 0.0 0.0 -999 ""
FIBERMAP 753 R-2C22 BOSS 1 1 0 1 0 0 200.06040749261496 -58.98870818294536 143.1 135.80813632448897 -158.27102750698307 317.3198 56.165783 271.6916105709838 33.43898769579558 0.96101665 -26.208271 0.5221807 271.69159561841815 33.43892526823225 271.58586091823736 33.44306690520136 42.83504843123848 72.72254990508134 5400.0 5400.0 2016.0 1 285 {-999.0 17.203377 16.695272 16.514624 -999.0} sdss_psfmag_ps1 17.068657 16.673313 16.122534 15.206 63050395770713823 1072824096 bright_1x1 mwm_halo_local_high_boss_single mwm_halo science 0 0 0.0 0.0 -999 ""
FIBERMAP 753 R-2C22 METROLOGY 0 0 0 1 0 0 200.26668734286105 -58.27713675589304 143.1 136.36810967139417 -157.78606813354133 317.3198 56.165783 -999.0 -999.0 -999.0 -999.0 -999.0 271.69458889797636 33.44112333477123 271.5889167504297 33.44525552020868 42.833190413587914 72.7187317827806 -999.0 6231.0 -999.0 -1 -999 {-999.0 -999.0 -999.0 -999.0 -999.0} "" -999.0 -999.0 -999.0 -999.0 -999 -999 "" "" "" "" 0 0 0.0 0.0 -999 ""
FIBERMAP 756 R-13C9 APOGEE 1 1 0 1 0 0 45.276760915409604 -263.1840885655974 143.1 -105.09690095786908 -245.46621236873844 337.41132 93.928604 270.3840719234851 33.05122208317844 -4.418366 -13.067327 0.2106629 270.3840402002604 33.05116751321992 270.28052432711263 33.05182853761419 43.77954208706477 73.64721905628215 16000.0 16600.0 2016.0 2 207 {-999.0 13.199285 12.02074 11.527248 -999.0} sdss_psfmag_from_g3xp 12.770955 12.004269 11.152869 9.2 63050395770704601 1152450303 bright_1x1 mwm_galactic_core_dist_apogee_sparse mwm_galactic science 0 0 0.0 0.0 -999 ""
FIBERMAP 756 R-13C9 BOSS 0 0 0 1 0 0 45.0665853791892 -263.89444776330805 143.1 -105.65948427350114 -245.94803645842285 337.41132 93.928604 -999.0 -999.0 -999.0 -999.0 -999.0 270.3812740514866 33.048962537475354 270.2775229118505 33.049674329987084 43.78138051800698 73.65103480381987 -999.0 5400.0 -999.0 1 334 {-999.0 -999.0 -999.0 -999.0 -999.0} "" -999.0 -999.0 -999.0 -999.0 -999 -999 "" "" "" "" 0 0 0.0 0.0 -999 ""
FIBERMAP 756 R-13C9 METROLOGY 0 0 0 1 0 0 44.55212011817296 -263.35528681630564 143.1 -105.79805867342112 -245.21589227324253 337.41132 93.928604 -999.0 -999.0 -999.0 -999.0 -999.0 270.3804276804088 33.05225081438224 270.27673407642874 33.052943191951854 43.78290210700695 73.64692424354075 -999.0 6231.0 -999.0 -1 -999 {-999.0 -999.0 -999.0 -999.0 -999.0} "" -999.0 -999.0 -999.0 -999.0 -999 -999 "" "" "" "" 0 0 0.0 0.0 -999 ""
FIBERMAP 758 R+4C17 APOGEE 1 1 0 1 0 0 114.60991336499228 59.77407972513602 143.1 128.67295767739995 -12.15318343986988 313.48288 76.97639 271.6624032782143 34.102088989367616 -6.787508 2.5034106 0.51385504 271.66233421190844 34.10211456902852 271.5543766813523 34.10595660392316 43.037303349594566 71.85953119459379 16000.0 16600.0 2016.0 2 83 {-999.0 13.363612 12.430083 12.084405 -999.0} sdss_psfmag_from_g3xp 13.068004 12.464853 11.725878 10.169 63050395770885840 1110287934 bright_1x1 mwm_tess_rgb_apogee mwm_tessrgb science 0 0 0.0 0.0 -999 ""
FIBERMAP 758 R+4C17 BOSS 0 0 0 1 0 0 113.97115154899087 59.39750402031177 143.1 127.93220313562698 -12.121896435748887 313.48288 76.97639 -999.0 -999.0 -999.0 -999.0 -999.0 271.65859938357323 34.10222628684459 271.5503882126834 34.10611548467446 43.04053210865372 71.86050500017768 -999.0 5400.0 -999.0 1 210 {-999.0 -999.0 -999.0 -999.0 -999.0} "" -999.0 -999.0 -999.0 -999.0 -999 -999 "" "" "" "" 0 0 0.0 0.0 -999 ""
FIBERMAP 758 R+4C17 METROLOGY 0 0 0 1 0 0 113.95239892885175 60.135788842778155 143.1 128.31786537937933 -11.492172636789716 313.48288 76.97639 -999.0 -999.0 -999.0 -999.0 -999.0 271.66066313986806 34.10509139823009 271.5525124804042 34.10896923037146 43.03958210368684 71.85610644241098 -999.0 6231.0 -999.0 -1 -999 {-999.0 -999.0 -999.0 -999.0 -999.0} "" -999.0 -999.0 -999.0 -999.0 -999 -999 "" "" "" "" 0 0 0.0 0.0 -999 ""
FIBERMAP 760 R+10C10 APOGEE 0 0 0 1 0 0 17.500949202184064 208.4195492872856 143.1 128.0015586073202 165.3791689821974 123.37477 101.10152 -999.0 -999.0 -999.0 -999.0 -999.0 271.66662206445244 34.90773844334578 271.5555829148301 34.91139797831106 43.24239476785444 70.79208734381206 -999.0 16600.0 -999.0 2 -999 {-999.0 -999.0 -999.0 -999.0 -999.0} "" -999.0 -999.0 -999.0 -999.0 -999 -999 "" "" "" "" 0 0 0.0 0.0 -999 ""
FIBERMAP 760 R+10C10 BOSS 1 1 0 1 0 0 18.0435790304825 208.9561414120277 143.1 128.74864385238513 165.5344250363317 123.37477 101.10152 271.6711164783198 34.90840036716776 -15.386555 -7.6400785 0.533458 271.6710373919166 34.90837025211864 271.55973783725426 34.91209567959934 43.23926968051729 70.78999220605726 5400.0 5400.0 2016.0 1 122 {-999.0 16.405079 16.050087 15.896267 -999.0} sdss_psfmag_ps1 16.319374 16.02522 15.56149 14.758 63050395770986232 1072881524 bright_1x1 mwm_halo_local_high_boss_single mwm_halo science 0 0 0.0 0.0 -999 ""
FIBERMAP 760 R+10C10 METROLOGY 0 0 0 1 0 0 18.221275269346606 208.22514677321257 143.1 128.50032198952152 164.82440263082916 123.37477 101.10152 -999.0 -999.0 -999.0 -999.0 -999.0 271.6695662933327 34.90519229674278 271.5583522174144 34.9088991852452 43.2395718123911 70.79463047307178 -999.0 6231.0 -999.0 -1 -999 {-999.0 -999.0 -999.0 -999.0 -999.0} "" -999.0 -999.0 -999.0 -999.0 -999 -999 "" "" "" "" 0 0 0.0 0.0 -999 ""
FIBERMAP 761 R+4C9 APOGEE 1 1 0 1 0 0 -55.05679212827535 82.8786495218235 143.1 -1.1403126894149131 99.48107509623728 27.0956 114.45471 270.95087101057817 34.61424558599414 -1.0798773 -9.941332 0.2003131 270.95087515470607 34.614209984753515 270.84125080825856 34.616017657951424 43.736893669988824 71.38828780896534 16000.0 16600.0 2016.0 2 118 {-999.0 13.835383 12.587957 12.049601 -999.0} sdss_psfmag_from_g3xp 13.362109 12.549121 11.669155 9.699 63050395770810633 1152450486 bright_1x1 mwm_galactic_core_dist_apogee_sparse mwm_galactic science 0 0 0.0 0.0 -999 ""
FIBERMAP 761 R+4C9 BOSS 0 0 0 1 0 0 -54.46636168899711 82.41998761005324 143.1 -0.8942259158711685 98.77517974875595 27.0956 114.45471 -999.0 -999.0 -999.0 -999.0 -999.0 270.9524748803108 34.61099317917741 270.8426112871689 34.61285918318898 43.735020689037086 71.39213367751154 -999.0 5400.0 -999.0 1 64 {-999.0 -999.0 -999.0 -999.0 -999.0} "" -999.0 -999.0 -999.0 -999.0 -999 -999 "" "" "" "" 0 0 0.0 0.0 -999 ""
FIBERMAP 761 R+4C9 METROLOGY 0 0 0 1 0 0 -55.140392191312 82.10260892739372 143.1 -1.6323911508545992 98.87531689925545 27.0956 114.45471 -999.0 -999.0 -999.0 -999.0 -999.0 270.9483215545456 34.61146512373948 270.8385289673124 34.61330476372437 43.73838527845514 71.3926978801577 -999.0 6231.0 -999.0 -1 -999 {-999.0 -999.0 -999.0 -999.0 -999.0} "" -999.0 -999.0 -999.0 -999.0 -999 -999 "" "" "" "" 0 0 0.0 0.0 -999 ""
FIBERMAP 762 R+2C22 APOGEE 0 0 0 1 0 0 191.84199905851526 22.959007255307185 143.1 173.46588934892088 -85.03672370511698 277.25455 72.99012 -999.0 -999.0 -999.0 -999.0 -999.0 271.90158240826133 33.76906390137937 271.7947862831646 33.77363050366742 42.756865095032616 72.22472954094945 -999.0 16600.0 -999.0 2 -999 {-999.0 -999.0 -999.0 -999.0 -999.0} "" -999.0 -999.0 -999.0 -999.0 -999 -999 "" "" "" "" 0 0 0.0 0.0 -999 ""
FIBERMAP 762 R+2C22 BOSS 1 1 0 1 0 0 191.12162734493637 23.071313973297023 143.1 172.92245296155227 -84.55082283092668 277.25455 72.99012 271.8989774635054 33.77123289293656 1.2835497 -7.3000445 0.8635984 271.8989843773182 33.77120618482407 271.79192549881327 33.77582448663474 42.75974464547905 72.22272021936453 5400.0 5400.0 2016.0 1 224 {-999.0 14.967566 14.608506 14.484512 -999.0} sdss_psfmag_from_g3xp 14.909217 14.614573 14.154047 13.314 63050395770879068 977838486 "" ops_std_boss ops_std standard_boss 0 0 0.0 0.0 -999 ""
FIBERMAP 762 R+2C22 METROLOGY 0 0 0 1 0 0 191.58345185343498 23.658875330916427 143.1 173.62944229462565 -84.3088631072092 277.25455 72.99012 -999.0 -999.0 -999.0 -999.0 -999.0 271.9027594769945 33.77229448807186 271.79576750207036 33.77690591170836 42.756958470363884 72.22013412984575 -999.0 6231.0 -999.0 -1 -999 {-999.0 -999.0 -999.0 -999.0 -999.0} "" -999.0 -999.0 -999.0 -999.0 -999 -999 "" "" "" "" 0 0 0.0 0.0 -999 ""
FIBERMAP 765 R+2C19 APOGEE 1 1 0 1 0 0 138.74390195495988 23.449307901621943 143.1 129.175446865191 -55.75636138500155 306.14478 95.593056 271.6624301097695 33.9038992168499 -4.587724 -28.471931 1.2739141 271.6624802405363 33.90381415572107 271.5552710129042 33.90770458996344 42.9843550097738 72.1208080960983 16000.0 16600.0 2016.0 2 72 {-999.0 12.353496 11.622976 11.362576 -999.0} sdss_psfmag_from_g3xp 12.154193 11.665597 11.017043 9.688 63050395770722491 1109990139 bright_1x1 mwm_tess_rgb_apogee mwm_tessrgb science 0 0 0.0 0.0 -999 ""
FIBERMAP 765 R+2C19 BOSS 0 0 0 1 0 0 138.1899178918029 22.949688663444867 143.1 128.43893557397135 -55.874418628998804 306.14478 95.593056 -999.0 -999.0 -999.0 -999.0 -999.0 271.6587659548841 33.90322493264544 271.55130606250736 33.907163520123234 42.98738470146392 72.12271322284784 -999.0 5400.0 -999.0 1 221 {-999.0 -999.0 -999.0 -999.0 -999.0} "" -999.0 -999.0 -999.0 -999.0 -999 -999 "" "" "" "" 0 0 0.0 0.0 -999 ""
FIBERMAP 765 R+2C19 METROLOGY 0 0 0 1 0 0 138.0316862351005 23.68243355254794 143.1 128.70454264226123 -55.173510216979984 306.14478 95.593056 -999.0 -999.0 -999.0 -999.0 -999.0 271.6601769830812 33.90642130484032 271.55277657131626 33.91034647044096 42.987051178764474 72.11807547029622 -999.0 6231.0 -999.0 -1 -999 {-999.0 -999.0 -999.0 -999.0 -999.0} "" -999.0 -999.0 -999.0 -999.0 -999 -999 "" "" "" "" 0 0 0.0 0.0 -999 ""
FIBERMAP 766 R+7C3 APOGEE 1 1 0 1 0 0 -161.84056642275368 117.58902098231144 143.1 -71.87570839494886 186.66543676462686 334.01135 63.89673 270.56033044997804 35.00902402295392 -0.6323284 -7.248023 0.5517973 270.5603447272093 35.00900086074388 270.44935885067696 35.009667453807566 44.14539572915339 70.96793972752295 16000.0 16600.0 2016.0 2 123 {-999.0 13.469664 12.56726 12.242289 -999.0} sdss_psfmag_from_g3xp 13.188002 12.606713 11.886402 10.36 63050395770832201 1105133913 bright_1x1 mwm_tess_rgb_apogee mwm_tessrgb science 0 0 0.0 0.0 -999 ""
FIBERMAP 766 R+7C3 BOSS 0 0 0 1 0 0 -162.42609369915834 117.11663875588475 143.1 -72.62388051925781 186.58738507293498 334.01135 63.89673 -999.0 -999.0 -999.0 -999.0 -999.0 270.5564286791992 35.00863240237138 270.44519674458763 35.009339246482426 44.148625178294445 70.96952849907944 -999.0 5400.0 -999.0 1 26 {-999.0 -999.0 -999.0 -999.0 -999.0} "" -999.0 -999.0 -999.0 -999.0 -999 -999 "" "" "" "" 0 0 0.0 0.0 -999 ""
FIBERMAP 766 R+7C3 METROLOGY 0 0 0 1 0 0 -162.53812468384683 117.85620028643714 143.1 -72.3157982350501 187.268894772376 334.01135 63.89673 -999.0 -999.0 -999.0 -999.0 -999.0 270.55807582006986 35.011713417708044 270.44690184987826 35.012409585792994 44.148009562874066 70.96490662111466 -999.0 6231.0 -999.0 -1 -999 {-999.0 -999.0 -999.0 -999.0 -999.0} "" -999.0 -999.0 -999.0 -999.0 -999 -999 "" "" "" "" 0 0 0.0 0.0 -999 ""
FIBERMAP 776 R+1C5 APOGEE 1 1 0 1 0 0 -182.05692993289978 12.0975803113927 143.1 -146.19486313932697 109.13424277918413 305.07376 132.46622 270.15001514345636 34.65662747249835 -8.8871355 -20.756712 5.8020945 270.1499684357653 34.656541216707154 270.0405132287558 34.65619178311459 44.38524745063776 71.56045278783216 16000.0 16600.0 2016.0 2 110 {-999.0 12.300129 11.707132 11.51596 -999.0} sdss_psfmag_from_g3xp 12.159422 11.751934 11.178424 10.125 63050395770828600 1103501490 bright_1x1 mwm_tess_2min_apogee mwm_planet science 0 0 0.0 0.0 -999 ""
FIBERMAP 776 R+1C5 BOSS 0 0 0 1 0 0 -182.25339007030624 11.370775150094426 143.1 -146.75487875715154 108.63116120630015 305.07376 132.46622 -999.0 -999.0 -999.0 -999.0 -999.0 270.14708588298265 34.65422235351642 270.0373950074877 34.65391663124956 44.38717967035638 71.5644160959601 -999.0 5400.0 -999.0 1 63 {-999.0 -999.0 -999.0 -999.0 -999.0} "" -999.0 -999.0 -999.0 -999.0 -999 -999 "" "" "" "" 0 0 0.0 0.0 -999 ""
FIBERMAP 776 R+1C5 METROLOGY 0 0 0 1 0 0 -182.78264840109483 11.905212935942863 143.1 -146.908434628494 109.36738482430432 305.07376 132.46622 -999.0 -999.0 -999.0 -999.0 -999.0 270.1461759799717 34.65756099086186 270.0365423275223 34.657237612475136 44.38867027144249 71.56014889951251 -999.0 6231.0 -999.0 -1 -999 {-999.0 -999.0 -999.0 -999.0 -999.0} "" -999.0 -999.0 -999.0 -999.0 -999 -999 "" "" "" "" 0 0 0.0 0.0 -999 ""
FIBERMAP 779 R+1C20 APOGEE 1 1 0 1 0 0 164.69394332277705 16.683254851568897 143.1 147.27266148523086 -75.54285239339323 35.722744 63.825813 271.75988309457244 33.81316773231386 -9.729198 10.43791 0.91393894 271.759876082427 33.81321573087184 271.65296938678443 33.81739019404807 42.8821315307589 72.21025320421029 16000.0 16600.0 2016.0 2 85 {-999.0 11.583215 10.627707 10.254595 -999.0} sdss_psfmag_from_g3xp 11.272993 10.65017 9.895489 8.295 63050395770716983 996664264 bright_1x1 mwm_bin_gaia_sb_apogee mwm_bin science 0 0 0.0 0.0 -999 ""
FIBERMAP 779 R+1C20 BOSS 0 0 0 1 0 0 164.83185777205557 15.959002227482712 143.1 146.99462249296818 -76.2255882899686 35.722744 63.825813 -999.0 -999.0 -999.0 -999.0 -999.0 271.75862765557224 33.810041843714025 271.65147851742574 33.81427237138167 42.88249299915254 72.21480498586493 -999.0 5400.0 -999.0 1 233 {-999.0 -999.0 -999.0 -999.0 -999.0} "" -999.0 -999.0 -999.0 -999.0 -999 -999 "" "" "" "" 0 0 0.0 0.0 -999 ""
FIBERMAP 779 R+1C20 METROLOGY 0 0 0 1 0 0 164.12317789972633 16.199548455562127 143.1 146.5307198565961 -75.6384325866868 35.722744 63.825813 -999.0 -999.0 -999.0 -999.0 -999.0 271.7560591532147 33.81274758596789 271.64897308777574 33.81695391016432 42.88521483360955 72.2120364262409 -999.0 6231.0 -999.0 -1 -999 {-999.0 -999.0 -999.0 -999.0 -999.0} "" -999.0 -999.0 -999.0 -999.0 -999 -999 "" "" "" "" 0 0 0.0 0.0 -999 ""
FIBERMAP 781 R+8C12 APOGEE 0 0 0 1 0 0 28.10658168882889 165.14412961699776 143.1 113.37279153385755 123.29862629716774 193.90215 62.55832 -999.0 -999.0 -999.0 -999.0 -999.0 271.5845088 34.71836705762375 271.474231612405 34.7218513755228 43.25949796058725 71.06700651531514 -999.0 16600.0 -999.0 2 -999 {-999.0 -999.0 -999.0 -999.0 -999.0} "" -999.0 -999.0 -999.0 -999.0 -999 -999 "" "" "" "" 0 0 0.0 0.0 -999 ""
FIBERMAP 781 R+8C12 BOSS 1 1 0 1 0 0 28.282348296334135 165.8744690145944 143.1 113.91736380558382 123.81592448234655 193.90215 62.55832 271.5878582710633 34.72077612241372 -11.791297 -40.41453 1.1573169 271.58783336317407 34.720666393532625 271.4772907011528 34.724213750419246 43.2576602580363 71.0629972333943 5400.0 5400.0 2016.0 1 139 {-999.0 18.92804 17.616945 17.029505 -999.0} sdss_psfmag_ps1 18.452242 17.556232 16.633331 14.682 63050395770982089 1072940959 bright_1x1 mwm_halo_local_high_boss_single mwm_halo science 0 0 0.0 0.0 -999 ""
FIBERMAP 781 R+8C12 METROLOGY 0 0 0 1 0 0 28.81884578184684 165.36625985426662 143.1 114.09125463248849 123.09777463065491 193.90215 62.55832 -999.0 -999.0 -999.0 -999.0 -999.0 271.5886850783755 34.717410893949065 271.4782269552886 34.720945842810764 43.25609184529638 71.06707310620891 -999.0 6231.0 -999.0 -1 -999 {-999.0 -999.0 -999.0 -999.0 -999.0} "" -999.0 -999.0 -999.0 -999.0 -999 -999 "" "" "" "" 0 0 0.0 0.0 -999 ""
FIBERMAP 784 R0C21 APOGEE 0 0 0 1 0 0 167.66757786350456 6.3381893433891765 143.1 144.14345925780484 -85.84060137766913 29.11019 118.74333 -999.0 -999.0 -999.0 -999.0 -999.0 271.74209132958174 33.76660599732629 271.6353665241036 33.77074392287193 42.88376385476235 72.27693267501974 -999.0 16600.0 -999.0 2 73 {-999.0 -999.0 -999.0 -999.0 -999.0} "" -999.0 -999.0 -999.0 -999.0 -999 -999 "" ops_sky_apogee_best_unassigned ops_sky sky_apogee 0 0 0.0 0.0 -999 ""
FIBERMAP 784 R0C21 BOSS 1 1 0 1 0 0 168.29699456447523 5.951064514890572 143.1 144.46115519617678 -86.50766318239636 29.11019 118.74333 271.74407958984375 33.76347655017002 -999.0 -999.0 -999.0 271.74408542640083 33.76347815627151 271.63711690024047 33.767680998517676 42.88154238368777 72.28042907702871 5400.0 5400.0 2015.5 1 243 {-999.0 -999.0 -999.0 -999.0 -999.0} "" -999.0 -999.0 -999.0 -999.0 27021603155888533 821148085 "" ops_sky_boss_good ops_sky sky_boss 0 0 0.0 0.0 -999 ""
FIBERMAP 784 R0C21 METROLOGY 0 0 0 1 0 0 167.64660885260827 5.589268435238605 143.1 143.7186820589931 -86.45765412519013 29.11019 118.74333 -999.0 -999.0 -999.0 -999.0 -999.0 271.73996332140587 33.7637558671552 271.6330675562531 33.767930879184355 42.88485272501466 72.28132962835906 -999.0 6231.0 -999.0 -1 -999 {-999.0 -999.0 -999.0 -999.0 -999.0} "" -999.0 -999.0 -999.0 -999.0 -999 -999 "" "" "" "" 0 0 0.0 0.0 -999 ""
FIBERMAP 786 R+11C5 APOGEE 1 1 0 1 0 0 -83.14662225190334 221.94577015360275 143.1 50.89770757539612 231.45075703328808 86.52391 144.31166 271.24181960294766 35.20896104567842 1.3866884 6.0127225 0.67380387 271.2417851841411 35.20897394916261 271.129745440942 35.211420602668724 43.65404246387821 70.5096118997107 16000.0 16600.0 2016.0 2 22 {-999.0 12.151056 11.292327 10.99739 -999.0} sdss_psfmag_from_g3xp 11.890861 11.33972 10.645897 9.202 63050395770993599 1106161470 bright_1x1 mwm_tess_rgb_apogee mwm_tessrgb science 0 0 0.0 0.0 -999 ""
FIBERMAP 786 R+11C5 BOSS 0 0 0 1 0 0 -82.67919329328146 222.52253313956982 143.1 51.603528884331205 231.68060826900202 86.52391 144.31166 -999.0 -999.0 -999.0 -999.0 -999.0 271.24596427539626 35.20995333284979 271.1336650385416 35.212462785910176 43.651187892055525 70.50714224146833 -999.0 5400.0 -999.0 1 144 {-999.0 -999.0 -999.0 -999.0 -999.0} "" -999.0 -999.0 -999.0 -999.0 -999 -999 "" "" "" "" 0 0 0.0 0.0 -999 ""
FIBERMAP 786 R+11C5 METROLOGY 0 0 0 1 0 0 -82.40053058566833 221.8274701242368 143.1 51.45946823181942 230.94584320760748 86.52391 144.31166 -999.0 -999.0 -999.0 -999.0 -999.0 271.24507819713233 35.20667673053721 271.132864067268 35.20916990817609 43.65102506307971 70.51177674730536 -999.0 6231.0 -999.0 -1 -999 {-999.0 -999.0 -999.0 -999.0 -999.0} "" -999.0 -999.0 -999.0 -999.0 -999 -999 "" "" "" "" 0 0 0.0 0.0 -999 ""
FIBERMAP 787 R+9C16 APOGEE 1 1 0 1 0 0 156.3583069828977 174.16222513674163 143.1 225.89766601931623 61.136878415009946 339.07037 133.79192 272.1978798231303 34.428813524767364 3.022128 -2.0291405 3.7479055 272.1979059673699 34.428811123030634 272.08850037567515 34.43401510958788 42.69687859191262 71.27021222208714 16000.0 16600.0 2016.0 2 88 {-999.0 12.409138 11.938079 11.799645 -999.0} sdss_psfmag_from_g3xp 12.3152895 11.973636 11.466518 10.581 63050395770889531 1076230591 bright_1x1 mwm_snc_ext_main_apogee mwm_snc science 0 0 0.0 0.0 -999 ""
FIBERMAP 787 R+9C16 BOSS 0 0 0 1 0 0 156.66795529246775 173.48211755627742 143.1 225.78773791378674 60.39781655906477 339.07037 133.79192 -999.0 -999.0 -999.0 -999.0 -999.0 272.19755630044864 34.425423836307075 272.0879048901844 34.430685272495474 42.69648606137979 71.27476066797703 -999.0 5400.0 -999.0 1 227 {-999.0 -999.0 -999.0 -999.0 -999.0} "" -999.0 -999.0 -999.0 -999.0 -999 -999 "" "" "" "" 0 0 0.0 0.0 -999 ""
FIBERMAP 787 R+9C16 METROLOGY 0 0 0 1 0 0 155.92980319917456 173.54405089464305 143.1 225.2019936798313 60.85111387546879 339.07037 133.79192 -999.0 -999.0 -999.0 -999.0 -999.0 272.1943223611862 34.42753945567126 272.08473748795427 34.43277534610143 42.69955251978519 71.27294009527708 -999.0 6231.0 -999.0 -1 -999 {-999.0 -999.0 -999.0 -999.0 -999.0} "" -999.0 -999.0 -999.0 -999.0 -999 -999 "" "" "" "" 0 0 0.0 0.0 -999 ""
FIBERMAP 789 R+2C9 APOGEE 1 1 0 1 0 0 -104.62077090597938 42.97627658471243 143.1 -64.42622799038483 92.94465211679272 181.26367 97.596306 270.6008955883349 34.584795074151934 -6.3397493 -5.3532953 0.30951294 270.60086568865705 34.58476645613728 270.4914974485756 34.585642276051495 44.008169871556696 71.52848004302177 16000.0 16600.0 2016.0 2 109 {-999.0 13.025229 11.979665 11.551869 -999.0} sdss_psfmag_from_g3xp 12.668078 11.984082 11.185661 9.41 63050395770811487 1152450494 bright_1x1 mwm_galactic_core_dist_apogee_sparse mwm_galactic science 0 0 0.0 0.0 -999 ""
FIBERMAP 789 R+2C9 BOSS 0 0 0 1 0 0 -104.76312501976611 43.71439339057093 143.1 -64.14437669798838 93.64143587844534 181.26367 97.596306 -999.0 -999.0 -999.0 -999.0 -999.0 270.6026382774299 34.58792428922481 270.4930086002448 34.58885649470475 44.00776169771333 71.52372181061213 -999.0 5400.0 -999.0 1 53 {-999.0 -999.0 -999.0 -999.0 -999.0} "" -999.0 -999.0 -999.0 -999.0 -999 -999 "" "" "" "" 0 0 0.0 0.0 -999 ""
FIBERMAP 789 R+2C9 METROLOGY 0 0 0 1 0 0 -104.05731261535105 43.469771647330845 143.1 -63.685096102319555 93.05241924105704 181.26367 97.596306 -999.0 -999.0 -999.0 -999.0 -999.0 270.6051096121522 34.5852575990348 270.49555957673556 34.586182232040024 44.00506400758852 71.52659967309637 -999.0 6231.0 -999.0 -1 -999 {-999.0 -999.0 -999.0 -999.0 -999.0} "" -999.0 -999.0 -999.0 -999.0 -999 -999 "" "" "" "" 0 0 0.0 0.0 -999 ""
FIBERMAP 790 R+6C16 APOGEE 0 0 0 1 0 0 96.91511452901355 106.89384876585623 143.1 139.4430207897554 37.007638754146605 244.72255 80.654396 -999.0 -999.0 -999.0 -999.0 -999.0 271.7240958997718 34.32517209564529 271.6152678771912 34.329126332244584 43.046814986914356 71.54677102851247 -999.0 16600.0 -999.0 2 -999 {-999.0 -999.0 -999.0 -999.0 -999.0} "" -999.0 -999.0 -999.0 -999.0 -999 -999 "" "" "" "" 0 0 0.0 0.0 -999 ""
FIBERMAP 790 R+6C16 BOSS 1 1 0 1 0 0 96.27744142410471 107.32523409500727 143.1 139.1424605414923 37.71633047440249 244.72255 80.654396 271.72280749924676 34.32839868358827 1.7215136 -1.371042 0.27368972 271.7228069299054 34.32836701089141 271.6137117434017 34.33237356104726 43.04889696709572 71.54293434831743 5400.0 5400.0 2016.0 1 215 {-999.0 18.432438 18.092281 17.94956 17.896461} sdss_psfmag_from_lsdr8 18.381697 18.092209 17.61794 16.565 63050395770888324 908443494 "" ops_std_boss_lsdr10 ops_std standard_boss 0 0 0.0 0.0 -999 ""
FIBERMAP 790 R+6C16 METROLOGY 0 0 0 1 0 0 96.96754348099708 107.63810220757196 143.1 139.8916597907119 37.6036703496649 244.72255 80.654396 -999.0 -999.0 -999.0 -999.0 -999.0 271.72682658926846 34.32782816224883 271.6178042744476 34.3318296363188 43.04549183332175 71.54245598220177 -999.0 6231.0 -999.0 -1 -999 {-999.0 -999.0 -999.0 -999.0 -999.0} "" -999.0 -999.0 -999.0 -999.0 -999 -999 "" "" "" "" 0 0 0.0 0.0 -999 ""
FIBERMAP 791 R+7C20 APOGEE 1 1 0 1 0 0 196.84498146699923 136.5046797134618 143.1 239.3978170837279 7.524510549261192 197.27502 95.19069 272.26700800218373 34.18493922393863 -1.5067662 -3.4849467 0.4046281 272.266995206002 34.184923864502956 272.158490690853 34.190373131840545 42.57718144531954 71.56918996637728 16000.0 16600.0 2016.0 2 76 {-999.0 13.273108 12.387911 12.068592 -999.0} sdss_psfmag_from_g3xp 13.002557 12.427878 11.712195 10.227 63050395770883344 1107189641 bright_1x1 mwm_tess_rgb_apogee mwm_tessrgb science 0 0 0.0 0.0 -999 ""
FIBERMAP 791 R+7C20 BOSS 0 0 0 1 0 0 196.49646144829816 137.1611037605665 143.1 239.46224966926204 8.264832658889263 197.27502 95.19069 -999.0 -999.0 -999.0 -999.0 -999.0 272.26770131444965 34.18821362757039 272.1589251362341 34.193722688421204 42.57772025030525 71.5646739755478 -999.0 5400.0 -999.0 1 250 {-999.0 -999.0 -999.0 -999.0 -999.0} "" -999.0 -999.0 -999.0 -999.0 -999 -999 "" "" "" "" 0 0 0.0 0.0 -999 ""
FIBERMAP 791 R+7C20 METROLOGY 0 0 0 1 0 0 197.24001457913107 137.14121873853242 143.1 240.07538742651963 7.843883493470428 197.27502 95.19069 -999.0 -999.0 -999.0 -999.0 -999.0 272.2708997993361 34.18627816142033 272.1622031058471 34.1917796863285 42.57459171834981 71.56624545198531 -999.0 6231.0 -999.0 -1 -999 {-999.0 -999.0 -999.0 -999.0 -999.0} "" -999.0 -999.0 -999.0 -999.0 -999 -999 "" "" "" "" 0 0 0.0 0.0 -999 ""
FIBERMAP 792 R-7C14 APOGEE 1 1 0 1 0 0 94.29853308277012 -142.85995498246717 143.1 1.4585683561261789 -171.14946096028552 8.12085 81.476654 270.9604974679501 33.38364022542779 -1.0912431 -3.5770037 0.15419178 270.96047547632924 33.38364376382057 270.85549195938904 33.385772651793566 43.406469666785874 73.02404300150721 16000.0 16600.0 2016.0 2 184 {-999.0 15.910515 14.721005 13.612987 -999.0} sdss_psfmag_ps1 16.226828 12.990755 11.184989 7.93 63050395770717760 1154242920 bright_1x1 mwm_galactic_core_dist_apogee_sparse mwm_galactic science 0 0 0.0 0.0 -999 ""
FIBERMAP 792 R-7C14 BOSS 0 0 0 1 0 0 94.31762268111913 -143.600575606621 143.1 1.0719189329316343 -171.78132804789905 8.12085 81.476654 -999.0 -999.0 -999.0 -999.0 -999.0 270.9586091423923 33.38068024443436 270.8533885569708 33.382862839221886 43.407378982286374 73.02855081096038 -999.0 5400.0 -999.0 1 326 {-999.0 -999.0 -999.0 -999.0 -999.0} "" -999.0 -999.0 -999.0 -999.0 -999 -999 "" "" "" "" 0 0 0.0 0.0 -999 ""
FIBERMAP 792 R-7C14 METROLOGY 0 0 0 1 0 0 93.65674239768921 -143.23531854704603 143.1 0.7159311824377089 -171.11551002724883 8.12085 81.476654 -999.0 -999.0 -999.0 -999.0 -999.0 270.9566125523848 33.38372042884149 270.85145200487 33.38588047349284 43.40974776469901 73.02514835765328 -999.0 6231.0 -999.0 -1 -999 {-999.0 -999.0 -999.0 -999.0 -999.0} "" -999.0 -999.0 -999.0 -999.0 -999 -999 "" "" "" "" 0 0 0.0 0.0 -999 ""
FIBERMAP 793 R+7C1 APOGEE 0 0 0 1 0 0 -205.77936596990907 120.83228472663114 143.1 -106.98341035912746 213.27611219541774 320.4527 90.34578 -999.0 -999.0 -999.0 -999.0 -999.0 270.36643306568953 35.12779183845773 270.2550669470485 35.1279108701712 44.328100626464085 70.86083962402199 -999.0 16600.0 -999.0 2 97 {-999.0 -999.0 -999.0 -999.0 -999.0} "" -999.0 -999.0 -999.0 -999.0 -999 -999 "" "" "" "" 0 0 0.0 0.0 -999 ""
FIBERMAP 793 R+7C1 BOSS 1 1 0 1 0 0 -206.2436062525928 120.25541238598694 143.1 -107.68661536099215 213.04443554255957 320.4527 90.34578 270.36234221065143 35.126715611048695 -0.98107946 -4.471211 0.2795458 270.3627752985172 35.126704901632145 270.2511668486078 35.126864074052015 44.33094993890139 70.86332151812735 5400.0 5400.0 2016.0 1 82 {-999.0 13.543353 12.45995 12.042957 -999.0} sdss_psfmag_from_g3xp 13.162944 12.474278 11.674711 9.925 63050395770833639 996736103 bright_1x1 mwm_bin_gaia_sb_boss mwm_bin science 0 0 1.319593071937561 0.0 -999 ""
FIBERMAP 793 R+7C1 METROLOGY 0 0 0 1 0 0 -206.52179725263917 120.95014543377746 143.1 -107.54233827753664 213.77866725036444 320.4527 90.34578 -999.0 -999.0 -999.0 -999.0 -999.0 270.36351552998457 35.13001141711854 270.2519642179203 35.13015770578514 44.33109972882543 70.85863234965586 -999.0 6231.0 -999.0 -1 -999 {-999.0 -999.0 -999.0 -999.0 -999.0} "" -999.0 -999.0 -999.0 -999.0 -999 -999 "" "" "" "" 0 0 0.0 0.0 -999 ""
FIBERMAP 795 R+5C3 APOGEE 1 1 0 1 0 0 -191.8865823790722 107.84683864444892 143.1 -102.38541060754504 194.82606330115007 81.05139 133.0303 270.39164276594835 35.0450549156173 4.4419026 -2.2390063 1.0014344 270.39164129963314 35.045054785713795 270.28058581304924 35.04526085922233 44.28810339461664 70.96604092956647 16000.0 16600.0 2016.0 2 130 {-999.0 9.380735 9.767404 10.030546 -999.0} sdss_psfmag_from_g3xp 9.512637 9.591141 9.714995 9.976 63050395770833344 975099977 "" ops_std_apogee ops_std standard_apogee 0 0 0.0 0.0 -999 ""
FIBERMAP 795 R+5C3 BOSS 0 0 0 1 0 0 -191.29152804511992 108.26884760571113 143.1 -101.65663136219872 194.85666473795806 81.05139 133.0303 -999.0 -999.0 -999.0 -999.0 -999.0 270.39589455447066 35.04519988521833 270.28458859153193 35.04546739691969 44.28497100411555 70.96466515467569 -999.0 5400.0 -999.0 1 28 {-999.0 -999.0 -999.0 -999.0 -999.0} "" -999.0 -999.0 -999.0 -999.0 -999 -999 "" "" "" "" 0 0 0.0 0.0 -999 ""
FIBERMAP 795 R+5C3 METROLOGY 0 0 0 1 0 0 -191.21297691830102 107.52771758566611 143.1 -101.99366088181107 194.1920415274097 81.05139 133.0303 -999.0 -999.0 -999.0 -999.0 -999.0 270.3939593705872 35.04220700756834 270.28273615301487 35.042455854561666 44.28572266605012 70.96925679129072 -999.0 6231.0 -999.0 -1 -999 {-999.0 -999.0 -999.0 -999.0 -999.0} "" -999.0 -999.0 -999.0 -999.0 -999 -999 "" "" "" "" 0 0 0.0 0.0 -999 ""
FIBERMAP 796 R-1C17 APOGEE 0 0 0 1 0 0 62.69283028728273 -33.4162467005786 143.1 34.440294172837106 -62.12657740396038 280.15536 43.03438 -999.0 -999.0 -999.0 -999.0 -999.0 271.14334741351786 33.87773722050902 271.03644251788114 33.88023827024889 43.39254143881397 72.31287303902798 -999.0 16600.0 -999.0 2 -999 {-999.0 -999.0 -999.0 -999.0 -999.0} "" -999.0 -999.0 -999.0 -999.0 -999 -999 "" "" "" "" 0 0 0.0 0.0 -999 ""
FIBERMAP 796 R-1C17 BOSS 1 1 0 1 0 0 62.0885842358671 -32.986073836116894 143.1 34.16712487117831 -61.43707708776462 280.15536 43.03438 271.1421791957363 33.880830174344844 -10.54545 -22.471666 0.51754224 271.14214164107227 33.88079092005134 271.03497486550737 33.88334459637374 43.39453195706879 72.30918764809383 5400.0 5400.0 2016.0 1 280 {-999.0 16.08256 15.586356 15.4500265 -999.0} sdss_psfmag_ps1 15.925901 15.604015 15.103444 14.218 63050395770723754 1072824129 bright_1x1 mwm_halo_local_high_boss_single mwm_halo science 0 0 0.0 0.0 -999 ""
FIBERMAP 796 R-1C17 METROLOGY 0 0 0 1 0 0 62.762625310212 -32.673420586817045 143.1 34.902729804589754 -61.54118531098263 280.15536 43.03438 -999.0 -999.0 -999.0 -999.0 -999.0 271.1460990612564 33.880323702624814 271.03900352943356 33.882872093471015 43.391180608206255 72.30860799426841 -999.0 6231.0 -999.0 -1 -999 {-999.0 -999.0 -999.0 -999.0 -999.0} "" -999.0 -999.0 -999.0 -999.0 -999 -999 "" "" "" "" 0 0 0.0 0.0 -999 ""
FIBERMAP 800 R+11C7 APOGEE 0 0 0 1 0 0 -42.0545693024933 219.5315241759931 143.1 84.06730479681504 207.08349686631888 119.67897 139.05577 -999.0 -999.0 -999.0 -999.0 -999.0 271.425011652821 35.09814069068934 271.31333006366594 35.10110563537399 43.48158826618044 70.60678986272205 -999.0 16600.0 -999.0 2 16 {-999.0 -999.0 -999.0 -999.0 -999.0} "" -999.0 -999.0 -999.0 -999.0 -999 -999 "" ops_sky_apogee_best_unassigned ops_sky sky_apogee 0 0 0.0 0.0 -999 ""
FIBERMAP 800 R+11C7 BOSS 1 1 0 1 0 0 -41.90307763953009 220.26209199209598 143.1 84.59163105387513 207.6141847835768 119.67897 139.05577 271.42822265625 35.10048706567911 -999.0 -999.0 -999.0 271.42819835614523 35.10047984111167 271.3162514249635 35.103505534632816 43.47985948520928 70.60277586149874 5400.0 5400.0 2015.5 1 112 {-999.0 -999.0 -999.0 -999.0 -999.0} "" -999.0 -999.0 -999.0 -999.0 27021603155932499 821151127 "" ops_sky_boss_good ops_sky sky_boss 0 0 0.0 0.0 -999 ""
FIBERMAP 800 R+11C7 METROLOGY 0 0 0 1 0 0 -41.34421139079929 219.7714539139756 143.1 84.79384575124692 206.8986179383145 119.67897 139.05577 -999.0 -999.0 -999.0 -999.0 -999.0 271.4292254368451 35.09726222886417 271.3173628569657 35.10027651062082 43.47818628634206 70.60678280769775 -999.0 6231.0 -999.0 -1 -999 {-999.0 -999.0 -999.0 -999.0 -999.0} "" -999.0 -999.0 -999.0 -999.0 -999 -999 "" "" "" "" 0 0 0.0 0.0 -999 ""
FIBERMAP 804 R-6C16 APOGEE 0 0 0 1 0 0 97.4953651710928 -107.3499326700309 143.1 23.447635106805077 -143.08948265755618 174.13855 87.067696 -999.0 -999.0 -999.0 -999.0 -999.0 271.08091487655275 33.51022567210264 270.9754114745473 33.51264762712803 43.34410871794429 72.81896730059071 -999.0 16600.0 -999.0 2 -999 {-999.0 -999.0 -999.0 -999.0 -999.0} "" -999.0 -999.0 -999.0 -999.0 -999 -999 "" "" "" "" 0 0 0.0 0.0 -999 ""
FIBERMAP 804 R-6C16 BOSS 1 1 0 1 0 0 97.61400613500119 -106.5959106473628 143.1 23.957146685219385 -142.52125264331366 174.13855 87.067696 271.08405205065606 33.512753327050035 -15.889684 -18.660316 0.606775 271.08397029610046 33.51267568086075 270.9782066503749 33.51516310864535 43.342536312843016 72.81477708671929 5400.0 5400.0 2016.0 1 305 {-999.0 17.396255 16.680134 16.520035 -999.0} sdss_psfmag_ps1 17.142017 16.71872 16.122519 14.874 63050395770718700 1072940786 bright_1x1 mwm_halo_local_high_boss_single mwm_halo science 0 0 0.0 0.0 -999 ""
FIBERMAP 804 R-6C16 METROLOGY 0 0 0 1 0 0 98.18641750467896 -107.06867006541215 143.1 24.18044816299171 -143.2291810495217 174.13855 87.067696 -999.0 -999.0 -999.0 -999.0 -999.0 271.0850960195066 33.5094924419878 270.9794145970951 33.51196728052591 43.340710711747285 72.81864051310907 -999.0 6231.0 -999.0 -1 -999 {-999.0 -999.0 -999.0 -999.0 -999.0} "" -999.0 -999.0 -999.0 -999.0 -999 -999 "" "" "" "" 0 0 0.0 0.0 -999 ""
FIBERMAP 805 R0C18 APOGEE 0 0 0 1 0 0 79.49490739081136 4.2513145614881935 143.1 69.01917056294059 -39.65315253952938 138.7752 133.72878 -999.0 -999.0 -999.0 -999.0 -999.0 271.33386194156253 33.97915947777226 271.22649870262467 33.98214805372323 43.26707306024939 72.12085414275975 -999.0 16600.0 -999.0 2 -999 {-999.0 -999.0 -999.0 -999.0 -999.0} "" -999.0 -999.0 -999.0 -999.0 -999 -999 "" "" "" "" 0 0 0.0 0.0 -999 ""
FIBERMAP 805 R0C18 BOSS 1 1 0 1 0 0 79.45015074815822 5.0040753266523135 143.1 69.39088208750682 -38.9971431834986 138.7752 133.72878 271.3362728809281 33.98217211891356 -8.679608 -39.55831 0.95059794 271.3362237979875 33.9820569264328 271.2285963577101 33.98510791893808 43.26616947266739 72.11630568589135 5400.0 5400.0 2016.0 1 241 {-999.0 16.389317 15.833476 15.637734 -999.0} sdss_psfmag_ps1 16.250988 15.852614 15.288492 14.176 63050395770724498 1072940801 bright_1x1 mwm_halo_local_high_boss_single mwm_halo science 0 0 0.0 0.0 -999 ""
FIBERMAP 805 R0C18 METROLOGY 0 0 0 1 0 0 80.11559009731357 4.665337457426202 143.1 69.76511378702125 -39.64318647292771 138.7752 133.72878 -999.0 -999.0 -999.0 -999.0 -999.0 271.33817187962666 33.979124769248656 271.2306262260935 33.98216562996951 43.263774532511746 72.11959990581857 -999.0 6231.0 -999.0 -1 -999 {-999.0 -999.0 -999.0 -999.0 -999.0} "" -999.0 -999.0 -999.0 -999.0 -999 -999 "" "" "" "" 0 0 0.0 0.0 -999 ""
FIBERMAP 806 R+4C22 APOGEE 0 0 0 1 0 0 221.18905029203745 87.13461793198452 143.1 232.98399438874688 -47.13977870098391 77.57607 141.50305 -999.0 -999.0 -999.0 -999.0 -999.0 272.2273211026417 33.93775134924078 272.11976562472296 33.94315399077567 42.542325269151085 71.90431398821386 -999.0 16600.0 -999.0 2 -999 {-999.0 -999.0 -999.0 -999.0 -999.0} "" -999.0 -999.0 -999.0 -999.0 -999 -999 "" "" "" "" 0 0 0.0 0.0 -999 ""
FIBERMAP 806 R+4C22 BOSS 1 1 0 1 0 0 221.73852311683234 87.61458999628607 143.1 233.70603811485174 -47.03575557172756 77.57607 141.50305 272.2315440406419 33.93815951526244 -11.7710495 -16.21602 0.50052977 272.2315222985509 33.938112621177886 272.12370560966883 33.94358604330191 42.539291797981434 71.90256096562348 5400.0 5400.0 2016.0 1 236 {-999.0 17.365053 16.827768 16.606937 -999.0} sdss_psfmag_ps1 17.226936 16.8568 16.316936 15.231 63050395770878800 1072780418 bright_1x1 mwm_halo_local_high_boss_single mwm_halo science 0 0 0.0 0.0 -999 ""
FIBERMAP 806 R+4C22 METROLOGY 0 0 0 1 0 0 221.89007893300413 86.87923424993693 143.1 233.43340954872562 -47.73522528130546 77.57607 141.50305 -999.0 -999.0 -999.0 -999.0 -999.0 272.22990103756484 33.93498036342036 272.12216996099767 33.940433311372914 42.539674818822824 71.90714661882777 -999.0 6231.0 -999.0 -1 -999 {-999.0 -999.0 -999.0 -999.0 -999.0} "" -999.0 -999.0 -999.0 -999.0 -999 -999 "" "" "" "" 0 0 0.0 0.0 -999 ""
FIBERMAP 808 R-9C5 APOGEE 1 1 0 1 0 0 -99.01848768504225 -189.0633042009969 143.1 -185.88280539759202 -104.81616042588527 287.93292 107.234245 269.94017281160995 33.68442798857199 -5.771818 -9.560827 0.50086975 269.9401335129555 33.68441156763547 269.83445228026994 33.68373062119442 44.30599380765155 72.9365788813941 16000.0 16600.0 2016.0 2 287 {-999.0 12.874425 12.07776 11.785475 -999.0} sdss_psfmag_from_g3xp 12.645613 12.116168 11.434223 10.066 63050395770794892 1103880616 bright_1x1 mwm_tess_rgb_apogee mwm_tessrgb science 0 0 0.0 0.0 -999 ""
FIBERMAP 808 R-9C5 BOSS 0 0 0 1 0 0 -99.63634005700912 -189.4986007273703 143.1 -186.63793982991461 -104.84551698362326 287.93292 107.234245 -999.0 -999.0 -999.0 -999.0 -999.0 269.93624445823184 33.684193468466404 269.83032299076297 33.683556156121064 44.30926814994384 72.93805477168456 -999.0 5400.0 -999.0 1 412 {-999.0 -999.0 -999.0 -999.0 -999.0} "" -999.0 -999.0 -999.0 -999.0 -999 -999 "" "" "" "" 0 0 0.0 0.0 -999 ""
FIBERMAP 808 R-9C5 METROLOGY 0 0 0 1 0 0 -99.6961792805279 -188.74117251025572 143.1 -186.27634713185518 -104.17739070226848 287.93292 107.234245 -999.0 -999.0 -999.0 -999.0 -999.0 269.938102475786 33.687241062568006 269.832237575264 33.686592694625716 44.30851340294807 72.93338028300269 -999.0 6231.0 -999.0 -1 -999 {-999.0 -999.0 -999.0 -999.0 -999.0} "" -999.0 -999.0 -999.0 -999.0 -999 -999 "" "" "" "" 0 0 0.0 0.0 -999 ""
FIBERMAP 809 R+9C1 APOGEE 1 1 0 1 0 0 -177.40895942181066 171.83976906110726 143.1 -55.44423671449716 240.6540793487778 351.25067 113.96221 270.6521276408715 35.25159996579285 -4.9333844 1.1699235 0.1683938 270.65213516896404 35.25162445518931 270.5401684623238 35.25247966035812 44.13140333591105 70.61466573331865 16000.0 16600.0 2016.0 2 120 {-999.0 13.011682 11.822152 11.317518 -999.0} sdss_psfmag_from_g3xp 12.574047 11.799193 10.942267 8.984 63050395771011871 1152450469 bright_1x1 mwm_galactic_core_dist_apogee_sparse mwm_galactic science 0 0 0.0 0.0 -999 ""
FIBERMAP 809 R+9C1 BOSS 0 0 0 1 0 0 -177.1861313038932 171.12364814234067 143.1 -55.64659967716915 239.93200038221195 351.25067 113.96221 -999.0 -999.0 -999.0 -999.0 -999.0 270.6512447343414 35.24836638719432 270.5390409022591 35.24926998763721 44.13153471249584 70.61931440709532 -999.0 5400.0 -999.0 1 78 {-999.0 -999.0 -999.0 -999.0 -999.0} "" -999.0 -999.0 -999.0 -999.0 -999 -999 "" "" "" "" 0 0 0.0 0.0 -999 ""
FIBERMAP 809 R+9C1 METROLOGY 0 0 0 1 0 0 -177.9228831158894 171.28688098834405 143.1 -56.17609329579247 240.4695413764499 351.25067 113.96221 -999.0 -999.0 -999.0 -999.0 -999.0 270.64824988761916 35.25077164648458 270.53610882551925 35.251652467717136 44.13442687970143 70.61688315248114 -999.0 6231.0 -999.0 -1 -999 {-999.0 -999.0 -999.0 -999.0 -999.0} "" -999.0 -999.0 -999.0 -999.0 -999 -999 "" "" "" "" 0 0 0.0 0.0 -999 ""
FIBERMAP 816 R+4C16 APOGEE 0 0 0 1 0 0 72.39108117421618 77.55640605259022 143.1 102.91330772960735 25.722746986988962 209.7278 84.1537 -999.0 -999.0 -999.0 -999.0 -999.0 271.52288508254753 34.27558669916555 271.41432458038423 34.27901189709439 43.194189729310594 71.67192432496631 -999.0 16600.0 -999.0 2 -999 {-999.0 -999.0 -999.0 -999.0 -999.0} "" -999.0 -999.0 -999.0 -999.0 -999 -999 "" "" "" "" 0 0 0.0 0.0 -999 ""
FIBERMAP 816 R+4C16 BOSS 1 1 0 1 0 0 72.0877785332751 78.21790724138903 143.1 103.01844465496488 26.4427452988439 209.7278 84.1537 271.5238235408163 34.278835180270455 -5.263635 -6.7840524 1.248509 271.5238091398188 34.27881417735141 271.4149819110944 34.28229724758115 43.194514146183934 71.66737845357005 5400.0 5400.0 2016.0 1 211 {-999.0 20.208689 18.775251 17.812237 -999.0} sdss_psfmag_ps1 19.602327 18.444902 17.411963 15.433 63050395770887887 1096229678 bright_1x1 mwm_bin_vis_boss mwm_filler science 0 0 0.0 0.0 -999 ""
FIBERMAP 816 R+4C16 METROLOGY 0 0 0 1 0 0 72.82702219030828 78.16189545051589 143.1 103.60832435829717 25.99382354790852 209.7278 84.1537 -999.0 -999.0 -999.0 -999.0 -999.0 271.52694918485196 34.276759789749676 271.4182005216976 34.28023589134589 43.19141225687118 71.66916702271703 -999.0 6231.0 -999.0 -1 -999 {-999.0 -999.0 -999.0 -999.0 -999.0} "" -999.0 -999.0 -999.0 -999.0 -999 -999 "" "" "" "" 0 0 0.0 0.0 -999 ""
FIBERMAP 818 R+7C11 APOGEE 0 0 0 1 0 0 23.667216110544242 132.81893618687255 143.1 92.0726198292297 98.58673552671084 346.1331 118.8198 -999.0 -999.0 -999.0 -999.0 -999.0 271.4661049062199 34.607357092238985 271.3563005084088 34.61054989871583 43.32524162855935 71.24861911091944 -999.0 16600.0 -999.0 2 19 {-999.0 -999.0 -999.0 -999.0 -999.0} "" -999.0 -999.0 -999.0 -999.0 -999 -999 "" ops_sky_apogee_best_unassigned ops_sky sky_apogee 0 0 0.0 0.0 -999 ""
FIBERMAP 818 R+7C11 BOSS 1 1 0 1 0 0 23.888641368651342 132.09737102480028 143.1 91.86611968030522 97.86085077090614 346.1331 118.8198 271.46525228404994 34.60414689146653 -11.75691 -41.435356 1.2700768 271.4652409004416 34.60405598508266 271.3551951996459 34.60730201355853 43.32529986852362 71.25325487742623 5400.0 5400.0 2016.0 1 135 {-999.0 18.380363 17.419882 17.002005 -999.0} sdss_psfmag_ps1 18.011677 17.368656 16.587347 14.998 63050395770981818 1072940957 bright_1x1 mwm_halo_local_high_boss_single mwm_halo science 0 0 0.0 0.0 -999 ""
FIBERMAP 818 R+7C11 METROLOGY 0 0 0 1 0 0 23.17178983608855 132.25692081341046 143.1 91.35132284283384 98.38448155305153 346.1331 118.8198 -999.0 -999.0 -999.0 -999.0 -999.0 271.46233745928174 34.606464953096534 271.3523557484666 34.60968707383571 43.32816434999655 71.25089586169685 -999.0 6231.0 -999.0 -1 -999 {-999.0 -999.0 -999.0 -999.0 -999.0} "" -999.0 -999.0 -999.0 -999.0 -999 -999 "" "" "" "" 0 0 0.0 0.0 -999 ""
FIBERMAP 819 R+10C16 APOGEE 0 0 0 1 0 0 172.53072244737595 198.47315341689674 143.1 252.68629091651442 72.74448961105489 41.52221 89.05993 -999.0 -999.0 -999.0 -999.0 -999.0 272.34397261795766 34.47895097861855 272.2343202321548 34.48453604412565 42.593945296204566 71.16134127903075 -999.0 16600.0 -999.0 2 -999 {-999.0 -999.0 -999.0 -999.0 -999.0} "" -999.0 -999.0 -999.0 -999.0 -999 -999 "" "" "" "" 0 0 0.0 0.0 -999 ""
FIBERMAP 819 R+10C16 BOSS 1 1 0 1 0 0 173.01797496171127 197.89947035327353 143.1 252.78326052469868 71.99817166757813 41.52221 89.05993 272.34485550208365 34.47556196776934 -41.870872 -30.96563 1.1274276 272.34471738859884 34.47551364125199 272.23481789041307 34.48115935967116 42.59266977904243 71.1656246356801 5400.0 5400.0 2016.0 1 177 {-999.0 15.023382 14.61804 14.4653015 -999.0} sdss_psfmag_from_g3xp 14.947147 14.625629 14.132949 13.251 63050395770890162 1072498687 bright_1x1 mwm_halo_local_high_boss_single mwm_halo science 0 0 0.0 0.0 -999 ""
FIBERMAP 819 R+10C16 METROLOGY 0 0 0 1 0 0 172.2928774177972 197.76598178114168 143.1 252.10222192487512 72.2803839883343 41.52221 89.05993 -999.0 -999.0 -999.0 -999.0 -999.0 272.34097437770373 34.476868425938775 272.23114480634763 34.48248734161594 42.59593890379902 71.1649541938724 -999.0 6231.0 -999.0 -1 -999 {-999.0 -999.0 -999.0 -999.0 -999.0} "" -999.0 -999.0 -999.0 -999.0 -999 -999 "" "" "" "" 0 0 0.0 0.0 -999 ""
FIBERMAP 820 R+4C5 APOGEE 1 1 0 1 0 0 -167.78734810808507 81.55460630723773 143.1 -96.45748932486804 159.660538481792 146.72957 129.45894 270.42415803149316 34.88668698849745 -0.15854602 -3.7603455 0.4083703 270.4241372611414 34.88666951493104 270.31368109138623 34.88700007148397 44.22368597487899 71.171393580413 16000.0 16600.0 2016.0 2 127 {-999.0 13.627848 12.552573 12.194746 -999.0} sdss_psfmag_from_g3xp 13.254168 12.6 11.831582 10.278 63050395770831948 1103864924 bright_1x1 mwm_tess_rgb_apogee mwm_tessrgb science 0 0 0.0 0.0 -999 ""
FIBERMAP 820 R+4C5 BOSS 0 0 0 1 0 0 -167.89092929188732 82.28640460771409 143.1 -96.14653722479046 160.33093962770187 146.72957 129.45894 -999.0 -999.0 -999.0 -999.0 -999.0 270.42607378603105 34.88969981776817 270.3153570755104 34.89008559712307 44.22309897119923 71.16675163832895 -999.0 5400.0 -999.0 1 41 {-999.0 -999.0 -999.0 -999.0 -999.0} "" -999.0 -999.0 -999.0 -999.0 -999 -999 "" "" "" "" 0 0 0.0 0.0 -999 ""
FIBERMAP 820 R+4C5 METROLOGY 0 0 0 1 0 0 -167.1974504174136 82.01516558394809 143.1 -95.7120778133048 159.7262928492208 146.72957 129.45894 -999.0 -999.0 -999.0 -999.0 -999.0 270.4284077279255 34.88698406043685 270.31777081503697 34.88736236512509 44.22051874847536 71.16976983510193 -999.0 6231.0 -999.0 -1 -999 {-999.0 -999.0 -999.0 -999.0 -999.0} "" -999.0 -999.0 -999.0 -999.0 -999 -999 "" "" "" "" 0 0 0.0 0.0 -999 ""
FIBERMAP 824 R-6C7 APOGEE 1 1 0 1 0 0 -84.95852242861248 -105.897914965908 143.1 -128.86822399889084 -42.672590736164324 54.100777 127.36885 270.24784539319836 33.96705260339312 -1.6415021 6.4922614 1.7089827 270.24781247089436 33.96710092914079 270.140938974748 33.967177208610515 44.13277539831298 72.46306138870864 16000.0 16600.0 2016.0 2 280 {-999.0 10.089001 9.313756 9.040865 -999.0} sdss_psfmag_from_g3xp 9.869851 9.36 8.693367 7.352 63050395770795989 1107054454 bright_1x1 mwm_tess_rgb_apogee mwm_tessrgb science 0 0 0.0 0.0 -999 ""
FIBERMAP 824 R-6C7 BOSS 0 0 0 1 0 0 -84.2037934581065 -105.85656248445967 143.1 -128.21241384273324 -43.04822894079589 54.100777 127.36885 -999.0 -999.0 -999.0 -999.0 -999.0 270.25158921574024 33.96532809534246 270.1444756049924 33.96546870962254 44.12950291665182 72.46431783738069 -999.0 5400.0 -999.0 1 438 {-999.0 -999.0 -999.0 -999.0 -999.0} "" -999.0 -999.0 -999.0 -999.0 -999 -999 "" "" "" "" 0 0 0.0 0.0 -999 ""
FIBERMAP 824 R-6C7 METROLOGY 0 0 0 1 0 0 -84.54198767750296 -106.51790077201223 143.1 -128.8557712229353 -43.419314831304064 54.100777 127.36885 -999.0 -999.0 -999.0 -999.0 -999.0 270.248023755099 33.96365202683425 270.14098747088894 33.96376823734008 44.131864950939615 72.46763883923751 -999.0 6231.0 -999.0 -1 -999 {-999.0 -999.0 -999.0 -999.0 -999.0} "" -999.0 -999.0 -999.0 -999.0 -999 -999 "" "" "" "" 0 0 0.0 0.0 -999 ""
FIBERMAP 825 R+3C17 APOGEE 0 0 0 1 0 0 88.53372485283951 71.8155062399273 143.1 113.33805751392374 12.128696983510341 168.7963 72.524506 -999.0 -999.0 -999.0 -999.0 -999.0 271.57952143220956 34.213274295309446 271.47117524651946 34.21686678314921 43.1326982149905 71.73751940957948 -999.0 16600.0 -999.0 2 -999 {-999.0 -999.0 -999.0 -999.0 -999.0} "" -999.0 -999.0 -999.0 -999.0 -999 -999 "" "" "" "" 0 0 0.0 0.0 -999 ""
FIBERMAP 825 R+3C17 BOSS 1 1 0 1 0 0 88.8597275361936 72.47325573579604 143.1 113.96923323315208 12.503399778486449 168.7963 72.524506 271.58336948556683 34.21494071197736 -6.596231 -12.963728 0.18672988 271.5833233966071 34.21489973219679 271.4747151699588 34.21855863355104 43.130311007756696 71.7342387732615 5400.0 5400.0 2016.0 1 219 {-999.0 18.735722 18.413004 18.312494 -999.0} sdss_psfmag_ps1 18.657757 18.381987 17.933014 -999.0 63050395770887414 979804052 "" ops_std_boss ops_std standard_boss 0 0 0.0 0.0 -999 ""
FIBERMAP 825 R+3C17 METROLOGY 0 0 0 1 0 0 89.27853100415845 71.85938992105457 143.1 113.98691717293131 11.760577765120496 168.7963 72.524506 -999.0 -999.0 -999.0 -999.0 -999.0 271.5832995996053 34.211533680950005 271.47477624674264 34.215177304762406 43.12938379006067 71.73869489768822 -999.0 6231.0 -999.0 -1 -999 {-999.0 -999.0 -999.0 -999.0 -999.0} "" -999.0 -999.0 -999.0 -999.0 -999 -999 "" "" "" "" 0 0 0.0 0.0 -999 ""
FIBERMAP 827 R+5C13 APOGEE 1 1 0 1 0 0 52.66913189762013 101.23174520735141 143.1 99.23578435767521 56.312430311056055 61.34316 58.20859 271.503980985346 34.414637852983596 -24.21205 22.12601 2.3713837 271.503971866415 34.41491967488222 271.3948883403076 34.41826048447782 43.24553185522231 71.49294368663874 16000.0 16600.0 2016.0 2 3 {-999.0 11.208091 10.831541 10.699545 -999.0} sdss_psfmag_from_g3xp 11.145407 10.841836 10.367667 9.432 63050395770980602 996664291 bright_1x1 mwm_bin_gaia_sb_apogee mwm_bin science 0 0 0.0 0.0 -999 ""
FIBERMAP 827 R+5C13 BOSS 0 0 0 1 0 0 53.023910435025904 100.58111762446761 143.1 99.17975506048657 55.57356957974216 61.34316 58.20859 -999.0 -999.0 -999.0 -999.0 -999.0 271.50394262591936 34.41153065697162 271.3946178349422 34.414927803066746 43.24489356320487 71.49744459553523 -999.0 5400.0 -999.0 1 148 {-999.0 -999.0 -999.0 -999.0 -999.0} "" -999.0 -999.0 -999.0 -999.0 -999 -999 "" "" "" "" 0 0 0.0 0.0 -999 ""
FIBERMAP 827 R+5C13 METROLOGY 0 0 0 1 0 0 52.27937932527573 100.5863094862981 143.1 98.55780810585678 55.98272076784729 61.34316 58.20859 -999.0 -999.0 -999.0 -999.0 -999.0 271.50045162765326 34.41343021875929 271.3911930222083 34.41680175653899 43.248104749119626 71.49595176084472 -999.0 6231.0 -999.0 -1 -999 {-999.0 -999.0 -999.0 -999.0 -999.0} "" -999.0 -999.0 -999.0 -999.0 -999 -999 "" "" "" "" 0 0 0.0 0.0 -999 ""
FIBERMAP 828 R-2C18 APOGEE 0 0 0 1 0 0 122.08274101938768 -33.99862844794252 143.1 83.96041835910086 -94.90500819013424 11.813818 131.21628 -999.0 -999.0 -999.0 -999.0 -999.0 271.4132076097703 33.72745688717644 271.30675918075815 33.73071959648243 43.13640040857566 72.42939143405147 -999.0 16600.0 -999.0 2 -999 {-999.0 -999.0 -999.0 -999.0 -999.0} "" -999.0 -999.0 -999.0 -999.0 -999 -999 "" "" "" "" 0 0 0.0 0.0 -999 ""
FIBERMAP 828 R-2C18 BOSS 1 1 0 1 0 0 122.68563207368217 -34.42769288129435 143.1 84.23305326482588 -95.59284167265564 11.813818 131.21628 271.4149510485094 33.72422094438555 2.7987502 0.23051864 1.3842354 271.41495883876877 33.724224942925716 271.3082694116117 33.727551130393344 43.13434621399274 72.43311844474545 5400.0 5400.0 2016.0 1 294 {-999.0 20.21242 18.809965 17.776161 -999.0} sdss_psfmag_ps1 19.657246 18.41154 17.331425 15.34 63050395770721744 1096401104 bright_1x1 mwm_bin_vis_boss mwm_filler science 0 0 0.0 0.0 -999 ""
FIBERMAP 828 R-2C18 METROLOGY 0 0 0 1 0 0 121.99844948776654 -34.739949510781535 143.1 83.48663633323156 -95.48125571333807 11.813818 131.21628 -999.0 -999.0 -999.0 -999.0 -999.0 271.41080619702245 33.72477716146829 271.30418790069416 33.72807560572582 43.137757864556384 72.43366410074754 -999.0 6231.0 -999.0 -1 -999 {-999.0 -999.0 -999.0 -999.0 -999.0} "" -999.0 -999.0 -999.0 -999.0 -999 -999 "" "" "" "" 0 0 0.0 0.0 -999 ""
FIBERMAP 830 R+9C18 APOGEE 1 1 0 1 0 0 176.66615157562848 188.05613335799515 143.1 250.4928820586465 61.75470367508003 178.09613 65.01056 272.33133573140844 34.429484493844164 -1.1968042 -2.9176986 0.5776563 272.33132202027844 34.42947784979677 272.2218632424547 34.43504086938218 42.590954955665104 71.22988524622724 16000.0 16600.0 2016.0 2 52 {-999.0 12.660829 11.801331 11.482365 -999.0} sdss_psfmag_from_g3xp 12.401318 11.838317 11.128498 9.644 63050395770884771 1104001897 bright_1x1 mwm_tess_rgb_apogee mwm_tessrgb science 0 0 0.0 0.0 -999 ""
FIBERMAP 830 R+9C18 BOSS 0 0 0 1 0 0 176.99289151624217 188.71751167185798 143.1 251.12664939750567 62.13205073558364 178.09613 65.01056 -999.0 -999.0 -999.0 -999.0 -999.0 272.3350551374388 34.43107116281226 272.22532905786204 34.43670180277435 42.58862927773217 71.22669376359931 -999.0 5400.0 -999.0 1 169 {-999.0 -999.0 -999.0 -999.0 -999.0} "" -999.0 -999.0 -999.0 -999.0 -999 -999 "" "" "" "" 0 0 0.0 0.0 -999 ""
FIBERMAP 830 R+9C18 METROLOGY 0 0 0 1 0 0 177.41313166730643 188.10222901573982 143.1 251.1447685998967 61.3872586756556 178.09613 65.01056 -999.0 -999.0 -999.0 -999.0 -999.0 272.33502022870533 34.427717704770096 272.22538058599287 34.4333326508264 42.587708540778934 71.23109612132521 -999.0 6231.0 -999.0 -1 -999 {-999.0 -999.0 -999.0 -999.0 -999.0} "" -999.0 -999.0 -999.0 -999.0 -999 -999 "" "" "" "" 0 0 0.0 0.0 -999 ""
FIBERMAP 831 R-6C18 APOGEE 0 0 0 1 0 0 166.07157471712662 -133.62802661354235 143.1 66.70588441130886 -202.42485049000854 344.6146 60.94087 -999.0 -999.0 -999.0 -999.0 -999.0 271.313869412358 33.241569334640864 271.2092705568291 33.244682731109634 43.083662793825866 73.10053267085073 -999.0 16600.0 -999.0 2 -999 {-999.0 -999.0 -999.0 -999.0 -999.0} "" -999.0 -999.0 -999.0 -999.0 -999 -999 "" "" "" "" 0 0 0.0 0.0 -999 ""
FIBERMAP 831 R-6C18 BOSS 1 1 0 1 0 0 165.5569785801718 -134.18018440576873 143.1 65.97386059935121 -202.60841005013907 344.6146 60.94087 271.31011962890625 33.240649189242625 -999.0 -999.0 -999.0 271.3101598594521 33.24065397814493 271.20531494010334 33.24381717239677 43.08660909237961 73.10290937411116 5400.0 5400.0 2015.5 1 288 {-999.0 -999.0 -999.0 -999.0 -999.0} "" -999.0 -999.0 -999.0 -999.0 27021603155887733 813391849 "" ops_sky_boss_good ops_sky sky_boss 0 0 0.0 0.0 -999 ""
FIBERMAP 831 R-6C18 METROLOGY 0 0 0 1 0 0 165.34267688614517 -133.4687471970996 143.1 66.18083198135689 -201.89489713183735 344.6146 60.94087 -999.0 -999.0 -999.0 -999.0 -999.0 271.31124341743964 33.243884673214154 271.20645720657683 33.247033113412385 43.0865678971468 73.09831608778597 -999.0 6231.0 -999.0 -1 -999 {-999.0 -999.0 -999.0 -999.0 -999.0} "" -999.0 -999.0 -999.0 -999.0 -999 -999 "" "" "" "" 0 0 0.0 0.0 -999 ""
FIBERMAP 835 R+3C22 APOGEE 1 1 0 1 0 0 227.91174322575813 56.159563086661606 143.1 221.7844681764261 -76.78741186933499 9.600212 98.96267 272.1638616755443 33.80403362036946 16.006004 42.012283 9.6272335 272.1639210088761 33.80416658396287 272.0568920680075 33.80943105149752 42.55668835004621 72.09819384462503 16000.0 16600.0 2016.0 2 31 {-999.0 11.2473545 10.615092 10.410056 -999.0} sdss_psfmag_from_g3xp 11.088893 10.662969 10.074829 8.998 63050395770877778 1103605803 bright_1x1 mwm_tess_2min_apogee mwm_planet science 0 0 0.0 0.0 -999 ""
FIBERMAP 835 R+3C22 BOSS 0 0 0 1 0 0 228.16975679885195 55.45034244221219 143.1 221.61538253353018 -77.52283050004021 9.600212 98.96267 -999.0 -999.0 -999.0 -999.0 -999.0 272.16322845753746 33.80077567121726 272.05595495577643 33.8060989826823 42.55654042860662 72.10283489426502 -999.0 5400.0 -999.0 1 192 {-999.0 -999.0 -999.0 -999.0 -999.0} "" -999.0 -999.0 -999.0 -999.0 -999 -999 "" "" "" "" 0 0 0.0 0.0 -999 ""
FIBERMAP 835 R+3C22 METROLOGY 0 0 0 1 0 0 227.433429355715 55.581024984836866 143.1 221.0685477325653 -77.01283466252674 9.600212 98.96267 -999.0 -999.0 -999.0 -999.0 -999.0 272.1602482284229 33.80313065699878 272.05304002784646 33.80842838359659 42.55950052973623 72.10067538631284 -999.0 6231.0 -999.0 -1 -999 {-999.0 -999.0 -999.0 -999.0 -999.0} "" -999.0 -999.0 -999.0 -999.0 -999 -999 "" "" "" "" 0 0 0.0 0.0 -999 ""
FIBERMAP 837 R+1C18 APOGEE 1 1 0 1 0 0 109.26096892524377 11.74543703843625 143.1 98.07170165966174 -49.548019209445414 304.71045 130.36324 271.49268677121444 33.93320690043099 -6.5750494 -6.552555 0.6210443 271.49268994822233 33.933200829901956 271.385436916598 33.93662749354732 43.12791622964704 72.13359754695131 16000.0 16600.0 2016.0 2 69 {-999.0 11.653136 10.538299 10.091138 -999.0} sdss_psfmag_from_g3xp 11.257418 10.541733 9.724104 7.879 63050395770722809 1152450370 bright_1x1 mwm_galactic_core_dist_apogee_sparse mwm_galactic science 0 0 0.0 0.0 -999 ""
FIBERMAP 837 R+1C18 BOSS 0 0 0 1 0 0 109.07194635886894 11.04000710239993 143.1 97.5295487500723 -50.037207600688504 304.71045 130.36324 -999.0 -999.0 -999.0 -999.0 -999.0 271.49000397023036 33.93091219139897 271.3825073596661 33.9343895924558 43.129671107539856 72.13743318654917 -999.0 5400.0 -999.0 1 231 {-999.0 -999.0 -999.0 -999.0 -999.0} "" -999.0 -999.0 -999.0 -999.0 -999 -999 "" "" "" "" 0 0 0.0 0.0 -999 ""
FIBERMAP 837 R+1C18 METROLOGY 0 0 0 1 0 0 108.53976680860582 11.552458636181669 143.1 97.36158783586156 -49.31784540180532 304.71045 130.36324 -999.0 -999.0 -999.0 -999.0 -999.0 271.48903850327594 33.93421159823082 271.3816016173421 33.93766932604709 43.13126025886474 72.13336933351752 -999.0 6231.0 -999.0 -1 -999 {-999.0 -999.0 -999.0 -999.0 -999.0} "" -999.0 -999.0 -999.0 -999.0 -999 -999 "" "" "" "" 0 0 0.0 0.0 -999 ""
FIBERMAP 838 R-8C6 APOGEE 0 0 0 1 0 0 -109.94922876514288 -165.15396364917265 143.1 -182.05600412383598 -78.8098119830787 287.4047 10.075279 -999.0 -999.0 -999.0 -999.0 -999.0 269.959431991117 33.80225644999437 269.8533006800045 33.80159917117597 44.3211941998886 72.77176263231763 -999.0 16600.0 -999.0 2 -999 {-999.0 -999.0 -999.0 -999.0 -999.0} "" -999.0 -999.0 -999.0 -999.0 -999 -999 "" "" "" "" 0 0 0.0 0.0 -999 ""
FIBERMAP 838 R-8C6 BOSS 1 1 0 1 0 0 -110.30205143204677 -164.51702686501912 143.1 -182.00577712393795 -78.08350320818386 287.4047 10.075279 269.9598292843676 33.80545194051174 -2.7949665 -1.230021 0.023931306 269.9598541313361 33.80547520456817 269.8534674895353 33.80487189390425 44.32189981822917 72.76729153903534 5400.0 5400.0 2016.0 1 411 {-999.0 18.17581 17.35078 17.043427 -999.0} sdss_psfmag_ps1 17.943281 17.368814 16.656511 14.973 63050395770795179 1061186520 bright_1x1 manual_mwm_halo_distant_kgiant_far_boss_single mwm_halo science 0 0 0.0 0.0 -999 ""
FIBERMAP 838 R-8C6 METROLOGY 0 0 0 1 0 0 -109.56160541174717 -164.51646061669825 143.1 -181.38412752302455 -78.48560148152542 287.4047 10.075279 -999.0 -999.0 -999.0 -999.0 -999.0 269.96319043145235 33.80368147210172 269.85687797543324 33.80307234678196 44.3186990738415 72.7687064683912 -999.0 6231.0 -999.0 -1 -999 {-999.0 -999.0 -999.0 -999.0 -999.0} "" -999.0 -999.0 -999.0 -999.0 -999 -999 "" "" "" "" 0 0 0.0 0.0 -999 ""
FIBERMAP 839 R+3C1 APOGEE 1 1 0 1 0 0 -268.55602242488465 39.364540045259815 143.1 -203.955377063104 179.04391309708066 308.33157 30.82701 269.83278405656944 34.96895526393238 -0.51319575 -10.902509 0.5009156 269.83280695132686 34.96892412449953 269.7222829587805 34.96765222973615 44.71376377068333 71.22440949497019 16000.0 16600.0 2016.0 2 143 {-999.0 12.746517 11.948975 11.657136 -999.0} sdss_psfmag_from_g3xp 12.517527 11.988032 11.307625 9.916 63050395770835694 1104204239 bright_1x1 mwm_tess_rgb_apogee mwm_tessrgb science 0 0 0.0 0.0 -999 ""
FIBERMAP 839 R+3C1 BOSS 0 0 0 1 0 0 -269.24695763866026 39.60654951441313 143.1 -204.4035938038926 179.6226490705281 308.33157 30.82701 -999.0 -999.0 -999.0 -999.0 -999.0 269.83060014769313 34.971441454509204 269.7198229975985 34.970211895638755 44.71632869697743 71.2215821548686 -999.0 5400.0 -999.0 1 3 {-999.0 -999.0 -999.0 -999.0 -999.0} "" -999.0 -999.0 -999.0 -999.0 -999 -999 "" "" "" "" 0 0 0.0 0.0 -999 ""
FIBERMAP 839 R+3C1 METROLOGY 0 0 0 1 0 0 -268.67487359765147 40.103305469413655 143.1 -203.65345074256254 179.72846281884281 308.33157 30.82701 -999.0 -999.0 -999.0 -999.0 -999.0 269.8346343692451 34.97198341195574 269.7239226213453 34.97075068556148 44.71319256314375 71.21972552194211 -999.0 6231.0 -999.0 -1 -999 {-999.0 -999.0 -999.0 -999.0 -999.0} "" -999.0 -999.0 -999.0 -999.0 -999 -999 "" "" "" "" 0 0 0.0 0.0 -999 ""
FIBERMAP 840 R+10C12 APOGEE 0 0 0 1 0 0 79.30939238541637 200.93429125015504 143.1 175.79815474421375 125.49328954458294 38.033607 108.40065 -999.0 -999.0 -999.0 -999.0 -999.0 271.9279624956679 34.72411326530776 271.8175295372291 34.728519524391004 42.988217601003484 70.96032823613234 -999.0 16600.0 -999.0 2 -999 {-999.0 -999.0 -999.0 -999.0 -999.0} "" -999.0 -999.0 -999.0 -999.0 -999 -999 "" "" "" "" 0 0 0.0 0.0 -999 ""
FIBERMAP 840 R+10C12 BOSS 1 1 0 1 0 0 79.94430603449536 200.54266308300421 143.1 176.11801499803764 124.81946014651123 38.033607 108.40065 271.92999300437197 34.7210306067044 1.8490819 -6.183048 0.2998198 271.92998704936286 34.7210102421036 271.8193076242095 34.72547834093772 42.98603128474771 70.96384140123916 5400.0 5400.0 2016.0 1 141 {-999.0 17.242588 16.943386 16.823708 -999.0} sdss_psfmag_ps1 17.220268 16.955425 16.512474 15.74 63050395770892074 977098991 "" ops_std_boss ops_std standard_boss 0 0 0.0 0.0 -999 ""
FIBERMAP 840 R+10C12 METROLOGY 0 0 0 1 0 0 79.2810568819269 200.18873167523577 143.1 175.36902351318236 124.88306253552088 38.033607 108.40065 -999.0 -999.0 -999.0 -999.0 -999.0 271.9258016331294 34.721367887585124 271.8151954726926 34.72580886447657 42.989384034940365 70.96457873103958 -999.0 6231.0 -999.0 -1 -999 {-999.0 -999.0 -999.0 -999.0 -999.0} "" -999.0 -999.0 -999.0 -999.0 -999 -999 "" "" "" "" 0 0 0.0 0.0 -999 ""
FIBERMAP 842 R-4C20 APOGEE 0 0 0 1 0 0 177.09836281973705 -58.881186537579715 143.1 116.59810483522375 -145.69655658526062 139.03838 66.1402 -999.0 -999.0 -999.0 -999.0 -999.0 271.58803608756307 33.49634010713068 271.4823821391925 33.50012916903188 42.93361378450602 72.6795711468634 -999.0 16600.0 -999.0 2 -999 {-999.0 -999.0 -999.0 -999.0 -999.0} "" -999.0 -999.0 -999.0 -999.0 -999 -999 "" "" "" "" 0 0 0.0 0.0 -999 ""
FIBERMAP 842 R-4C20 BOSS 1 1 0 1 0 0 177.74432607378745 -58.56046775294382 143.1 117.3145335546267 -145.77863101001918 139.03838 66.1402 271.5922009523881 33.495892734852596 -3.0060654 -5.4857893 0.106432475 271.59221450226465 33.495847576200646 271.486307523582 33.49970738427695 42.930348500365405 72.67891543897241 5400.0 5400.0 2016.0 1 286 {-999.0 17.49943 16.47209 16.099525 -999.0} sdss_psfmag_ps1 17.132462 16.476215 15.707106 14.073 63050395770715208 1061186510 bright_1x1 manual_mwm_halo_distant_kgiant_far_boss_single mwm_halo science 0 0 0.0 0.0 -999 ""
FIBERMAP 842 R-4C20 METROLOGY 0 0 0 1 0 0 177.71722020765176 -59.29793288001738 143.1 116.89083504197907 -146.38273414397875 139.03838 66.1402 -999.0 -999.0 -999.0 -999.0 -999.0 271.589791807578 33.493152935680065 271.4839675975311 33.49699005388537 42.93149121095165 72.68320966755437 -999.0 6231.0 -999.0 -1 -999 {-999.0 -999.0 -999.0 -999.0 -999.0} "" -999.0 -999.0 -999.0 -999.0 -999 -999 "" "" "" "" 0 0 0.0 0.0 -999 ""
FIBERMAP 846 R+1C13 APOGEE 0 0 0 1 0 0 -4.282413351687903 16.258354879692057 143.1 5.245945769568068 15.97142803758892 262.8988 169.93199 -999.0 -999.0 -999.0 -999.0 -999.0 270.9846487685556 34.23401894831022 270.876461342247 34.23600816967542 43.61273186741012 71.88647807840965 -999.0 16600.0 -999.0 2 131 {-999.0 -999.0 -999.0 -999.0 -999.0} "" -999.0 -999.0 -999.0 -999.0 -999 -999 "" ops_sky_apogee_best_unassigned ops_sky sky_apogee 0 0 0.0 0.0 -999 ""
FIBERMAP 846 R+1C13 BOSS 1 1 0 1 0 0 -4.464248239767213 15.538359002106546 143.1 4.7019050023770195 15.466108834025546 262.8988 169.93199 270.9819030761719 34.2316861366239 -999.0 -999.0 -999.0 270.9818942379593 34.23167890599366 270.87346637855546 34.23371609475631 43.61453903736658 71.89041354940383 5400.0 5400.0 2015.5 1 13 {-999.0 -999.0 -999.0 -999.0 -999.0} "" -999.0 -999.0 -999.0 -999.0 27021603155903547 813393713 "" ops_sky_boss_good ops_sky sky_boss 0 0 0.0 0.0 -999 ""
FIBERMAP 846 R+1C13 METROLOGY 0 0 0 1 0 0 -5.002590782787036 16.05334777334611 143.1 4.5301519140684565 16.190950903959614 262.8988 169.93199 -999.0 -999.0 -999.0 -999.0 -999.0 270.98088936807653 34.234998441464526 270.8725202831995 34.237016595671264 43.61613958916875 71.88628289664416 -999.0 6231.0 -999.0 -1 -999 {-999.0 -999.0 -999.0 -999.0 -999.0} "" -999.0 -999.0 -999.0 -999.0 -999 -999 "" "" "" "" 0 0 0.0 0.0 -999 ""
FIBERMAP 847 R+5C22 APOGEE 1 1 0 1 0 0 232.86897854452073 112.9585829371623 143.1 256.82539375929446 -31.819987530464235 119.66149 92.0776 272.3573933502228 34.00560935412819 -22.603872 -8.3125105 2.5421338 272.3573372259937 34.005573953065074 272.2494766645375 34.01131028327441 42.456930506440976 71.77619205636108 16000.0 16600.0 2016.0 2 74 {-999.0 12.469974 12.062865 11.945672 -999.0} sdss_psfmag_from_g3xp 12.399956 12.088172 11.615225 10.808 63050395770881525 1076230588 bright_1x1 mwm_snc_ext_main_apogee mwm_snc science 0 0 0.0 0.0 -999 ""
FIBERMAP 847 R+5C22 BOSS 0 0 0 1 0 0 233.50499156267495 113.3705761245003 143.1 257.58309780788403 -31.820059628333155 119.66149 92.0776 -999.0 -999.0 -999.0 -999.0 -999.0 272.36168874294776 34.00546015102018 272.25356771755264 34.01126791265629 42.45365163632714 71.77501752771752 -999.0 5400.0 -999.0 1 248 {-999.0 -999.0 -999.0 -999.0 -999.0} "" -999.0 -999.0 -999.0 -999.0 -999 -999 "" "" "" "" 0 0 0.0 0.0 -999 ""
FIBERMAP 847 R+5C22 METROLOGY 0 0 0 1 0 0 233.5436795417881 112.63050369607866 143.1 257.21319232097795 -32.462122152786435 119.66149 92.0776 -999.0 -999.0 -999.0 -999.0 -999.0 272.3595549520785 34.00259843885668 272.25151901239167 34.00838424117084 42.45451627683614 71.77939931089179 -999.0 6231.0 -999.0 -1 -999 {-999.0 -999.0 -999.0 -999.0 -999.0} "" -999.0 -999.0 -999.0 -999.0 -999 -999 "" "" "" "" 0 0 0.0 0.0 -999 ""
FIBERMAP 849 R+6C12 APOGEE 0 0 0 1 0 0 23.924870254203167 108.30859892903331 143.1 78.96279251574619 77.87891912577216 223.65128 161.2176 -999.0 -999.0 -999.0 -999.0 -999.0 271.3930326755508 34.51383395378012 271.28361528398955 34.51685288182813 43.35938784695252 71.39411018146382 -999.0 16600.0 -999.0 2 -999 {-999.0 -999.0 -999.0 -999.0 -999.0} "" -999.0 -999.0 -999.0 -999.0 -999 -999 "" "" "" "" 0 0 0.0 0.0 -999 ""
FIBERMAP 849 R+6C12 BOSS 1 1 0 1 0 0 23.25793102157106 107.98353386147309 143.1 78.22639887165853 77.96875082745782 223.65128 161.2176 271.38925402053275 34.514270013372986 -0.7528726 -0.23268665 0.102099925 271.3892706763396 34.51425198985092 271.27959954988785 34.51731558773004 43.362705652656956 71.3946505987679 5400.0 5400.0 2016.0 1 117 {-999.0 17.975775 17.174747 16.805866 -999.0} sdss_psfmag_ps1 17.766497 17.173544 16.454254 14.964 63050395770981126 1061186533 bright_1x1 manual_mwm_halo_distant_kgiant_far_boss_single mwm_halo science 0 0 0.0 0.0 -999 ""
FIBERMAP 849 R+6C12 METROLOGY 0 0 0 1 0 0 23.30426111224123 108.72273208808373 143.1 78.66717157007935 78.56385625611216 223.65128 161.2176 -999.0 -999.0 -999.0 -999.0 -999.0 271.3916433600532 34.51694902533054 271.2820328390826 34.520002796201034 43.361448976468864 71.39037527660344 -999.0 6231.0 -999.0 -1 -999 {-999.0 -999.0 -999.0 -999.0 -999.0} "" -999.0 -999.0 -999.0 -999.0 -999 -999 "" "" "" "" 0 0 0.0 0.0 -999 ""
FIBERMAP 852 R0C15 APOGEE 0 0 0 1 0 0 33.82443573399422 -7.108224788098809 143.1 24.51893948696345 -24.35485588690753 332.61615 113.38848 -999.0 -999.0 -999.0 -999.0 -999.0 271.0898813002187 34.04993814465813 270.98234862191816 34.05225412767733 43.480718952417696 72.10029579233316 -999.0 16600.0 -999.0 2 32 {-999.0 -999.0 -999.0 -999.0 -999.0} "" -999.0 -999.0 -999.0 -999.0 -999 -999 "" ops_sky_apogee_best_unassigned ops_sky sky_apogee 0 0 0.0 0.0 -999 ""
FIBERMAP 852 R0C15 BOSS 1 1 0 1 0 0 33.76553994836804 -7.846490942113515 143.1 24.06812910468886 -24.942347322820325 332.61615 113.38848 271.08764648437494 34.04718736555234 -999.0 -999.0 -999.0 271.08765478518615 34.04720031790115 270.97988254687004 34.04956678651817 43.48199530220489 72.1046030128474 5400.0 5400.0 2015.5 1 180 {-999.0 -999.0 -999.0 -999.0 -999.0} "" -999.0 -999.0 -999.0 -999.0 27021603155903255 821149095 "" ops_sky_boss_good ops_sky sky_boss 0 0 0.0 0.0 -999 ""
FIBERMAP 852 R0C15 METROLOGY 0 0 0 1 0 0 33.15040536108033 -7.436217569908074 143.1 23.77500357610944 -24.263625577306723 332.61615 113.38848 -999.0 -999.0 -999.0 -999.0 -999.0 271.08598550364104 34.05031702197803 270.97827324001196 34.052662430577016 43.484085879791344 72.10095911475491 -999.0 6231.0 -999.0 -1 -999 {-999.0 -999.0 -999.0 -999.0 -999.0} "" -999.0 -999.0 -999.0 -999.0 -999 -999 "" "" "" "" 0 0 0.0 0.0 -999 ""
FIBERMAP 857 R+13C3 APOGEE 1 1 0 1 0 0 -110.40798995151357 260.7069864493001 143.1 49.09556478054489 278.79879189506977 135.26126 118.91883 271.23263734012556 35.42020071478702 -1.0387545 -1.0159276 -0.027121937 271.23259394616423 35.42020118951816 271.1197329521797 35.42257296342542 43.71276395699042 70.22891963676085 16000.0 16600.0 2016.0 2 106 {-999.0 16.664219 14.754291 13.348261 -999.0} sdss_psfmag_gaia 15.613209 14.064822 12.8608055 10.612 63050395770994434 1157133596 bright_1x1 mwm_galactic_core_dist_apogee_extra mwm_galactic science 0 0 0.0 0.0 -999 ""
FIBERMAP 857 R+13C3 BOSS 0 0 0 1 0 0 -110.20541903443649 261.42474574895977 143.1 49.655790081226286 279.2909603038028 135.26126 118.91883 -999.0 -999.0 -999.0 -999.0 -999.0 271.23595833961963 35.422300550537805 271.1228334091228 35.42473183552699 43.710826190798024 70.22518451530459 -999.0 5400.0 -999.0 1 87 {-999.0 -999.0 -999.0 -999.0 -999.0} "" -999.0 -999.0 -999.0 -999.0 -999 -999 "" "" "" "" 0 0 0.0 0.0 -999 ""
FIBERMAP 857 R+13C3 METROLOGY 0 0 0 1 0 0 -109.67689786855293 260.89791341474404 143.1 49.812862375666 278.56151955369364 135.26126 118.91883 -999.0 -999.0 -999.0 -999.0 -999.0 271.2367459301786 35.41907051957533 271.12370542215217 35.42149024741362 43.709361853379285 70.22930436245565 -999.0 6231.0 -999.0 -1 -999 {-999.0 -999.0 -999.0 -999.0 -999.0} "" -999.0 -999.0 -999.0 -999.0 -999 -999 "" "" "" "" 0 0 0.0 0.0 -999 ""
FIBERMAP 859 R-9C1 APOGEE 1 1 0 1 0 0 -183.95917468910113 -158.68987468899627 143.1 -240.6466328236355 -33.14700104659779 98.47084 82.60294 269.6397148152869 34.00763697125845 -8.119231 8.81014 0.5374876 269.6396539757478 34.00769832664802 269.5328863093073 34.00613612189982 44.630358324431604 72.589171985539 16000.0 16600.0 2016.0 2 272 {-999.0 12.415597 11.675318 11.393134 -999.0} sdss_psfmag_from_g3xp 12.211823 11.708335 11.045548 9.715 63050395770816756 1109830132 bright_1x1 mwm_tess_rgb_apogee mwm_tessrgb science 0 0 0.0 0.0 -999 ""
FIBERMAP 859 R-9C1 BOSS 0 0 0 1 0 0 -183.20505665991675 -158.66218935441884 143.1 -239.99876603334533 -33.533775809200826 98.47084 82.60294 -999.0 -999.0 -999.0 -999.0 -999.0 269.64338279225376 34.00591301395571 269.5363788631911 34.00441319633217 44.62712287450349 72.5904923478081 -999.0 5400.0 -999.0 1 419 {-999.0 -999.0 -999.0 -999.0 -999.0} "" -999.0 -999.0 -999.0 -999.0 -999 -999 "" "" "" "" 0 0 0.0 0.0 -999 ""
FIBERMAP 859 R-9C1 METROLOGY 0 0 0 1 0 0 -183.55377391056788 -159.32403246721083 143.1 -240.65122823357035 -33.89956404968359 98.47084 82.60294 -999.0 -999.0 -999.0 -999.0 -999.0 269.63982467780306 34.004249752979945 269.5328969887752 34.00272607205877 44.629492406416794 72.59380663089485 -999.0 6231.0 -999.0 -1 -999 {-999.0 -999.0 -999.0 -999.0 -999.0} "" -999.0 -999.0 -999.0 -999.0 -999 -999 "" "" "" "" 0 0 0.0 0.0 -999 ""
FIBERMAP 865 R-9C11 APOGEE 1 1 0 1 0 0 43.37467307842069 -160.8730608432289 143.1 -51.067499071714714 -158.57825569700233 85.384964 84.02975 270.67459687453385 33.44115430315904 -3.5334337 -12.9046335 1.3853673 270.67458762534017 33.44110900118488 270.56950725079025 33.442456134472614 43.651647094069254 73.03682036591329 16000.0 16600.0 2016.0 2 179 {-999.0 11.512673 11.147347 11.04483 -999.0} sdss_psfmag_from_g3xp 11.45766 11.166919 10.716761 9.942 63050395770708589 996664263 bright_1x1 mwm_bin_gaia_sb_apogee mwm_bin science 0 0 0.0 0.0 -999 ""
FIBERMAP 865 R-9C11 BOSS 0 0 0 1 0 0 44.10417327555254 -161.00157655114884 143.1 -50.52521523422806 -159.08272133700922 85.384964 84.02975 -999.0 -999.0 -999.0 -999.0 -999.0 270.6777694037265 33.438710872175584 270.57244955077624 33.440124114927954 43.64865940406017 73.03902299952273 -999.0 5400.0 -999.0 1 374 {-999.0 -999.0 -999.0 -999.0 -999.0} "" -999.0 -999.0 -999.0 -999.0 -999 -999 "" "" "" "" 0 0 0.0 0.0 -999 ""
FIBERMAP 865 R-9C11 METROLOGY 0 0 0 1 0 0 43.62429167977532 -161.57437425701426 143.1 -51.239330229117876 -159.3024747468558 85.384964 84.02975 -999.0 -999.0 -999.0 -999.0 -999.0 270.67381702293545 33.43775093156084 270.5685724115982 33.43913763785111 43.65151503627777 73.04152824902803 -999.0 6231.0 -999.0 -1 -999 {-999.0 -999.0 -999.0 -999.0 -999.0} "" -999.0 -999.0 -999.0 -999.0 -999 -999 "" "" "" "" 0 0 0.0 0.0 -999 ""
FIBERMAP 866 R+11C13 APOGEE 1 1 0 1 0 0 99.84854761161023 228.7498370226466 143.1 208.1565355296391 137.6676289972778 110.49363 98.467964 272.105607831143 34.77631235713886 0.14433359 -13.159825 0.49887273 272.105574126385 34.77628656919179 271.9948722762497 34.7811579933501 42.860688046998455 70.84020657399833 16000.0 16600.0 2016.0 2 12 {-999.0 12.809233 11.692444 11.281133 -999.0} sdss_psfmag_from_g3xp 12.414885 11.717073 10.91429 9.164 63050395770892856 1104757970 bright_1x1 mwm_tess_rgb_apogee mwm_tessrgb science 0 0 0.0 0.0 -999 ""
FIBERMAP 866 R+11C13 BOSS 0 0 0 1 0 0 100.50412705795083 229.11889740446287 143.1 208.90731649606022 137.62089196060586 110.49363 98.467964 -999.0 -999.0 -999.0 -999.0 -999.0 272.10995213062864 34.775960156945274 271.99899093770136 34.7808994011517 42.85735078827429 70.83937340231375 -999.0 5400.0 -999.0 1 99 {-999.0 -999.0 -999.0 -999.0 -999.0} "" -999.0 -999.0 -999.0 -999.0 -999 -999 "" "" "" "" 0 0 0.0 0.0 -999 ""
FIBERMAP 866 R+11C13 METROLOGY 0 0 0 1 0 0 100.49661453220955 228.3690919175514 143.1 208.49335030538302 136.9957807604342 110.49363 98.467964 -999.0 -999.0 -999.0 -999.0 -999.0 272.1075851305074 34.77319373748697 271.99670888263506 34.77811142491599 42.85845391275914 70.84370220906794 -999.0 6231.0 -999.0 -1 -999 {-999.0 -999.0 -999.0 -999.0 -999.0} "" -999.0 -999.0 -999.0 -999.0 -999 -999 "" "" "" "" 0 0 0.0 0.0 -999 ""
FIBERMAP 868 R+9C15 APOGEE 0 0 0 1 0 0 107.81411410039544 180.92075908546317 143.1 188.83658913786147 93.20128445198868 181.23193 90.9203 -999.0 -999.0 -999.0 -999.0 -999.0 271.99778192302233 34.576984817958355 271.88788660105615 34.58161438538677 42.894733793596366 71.13414910214073 -999.0 16600.0 -999.0 2 -999 {-999.0 -999.0 -999.0 -999.0 -999.0} "" -999.0 -999.0 -999.0 -999.0 -999 -999 "" "" "" "" 0 0 0.0 0.0 -999 ""
FIBERMAP 868 R+9C15 BOSS 1 1 0 1 0 0 107.77437301128731 181.67024366286617 143.1 189.21072820816724 93.85181770210889 181.23193 90.9203 272.00018626466226 34.57995532954032 -2.415575 -27.209814 0.60358167 272.00017047557884 34.57986400119373 271.8900053848794 34.5845556926707 42.89380316757423 71.12965747162002 5400.0 5400.0 2016.0 1 229 {-999.0 16.654469 16.12451 15.993838 -999.0} sdss_psfmag_ps1 16.517246 16.163633 15.632074 14.629 63050395770891508 1072881560 bright_1x1 mwm_halo_local_high_boss_single mwm_halo science 0 0 0.0 0.0 -999 ""
FIBERMAP 868 R+9C15 METROLOGY 0 0 0 1 0 0 108.44025300298753 181.32648319760412 143.1 189.58259893321326 93.20132015208617 181.23193 90.9203 -999.0 -999.0 -999.0 -999.0 -999.0 272.0020863129562 34.57690169046508 271.8920048897065 34.581583282579366 42.89144886201659 71.13300156997383 -999.0 6231.0 -999.0 -1 -999 {-999.0 -999.0 -999.0 -999.0 -999.0} "" -999.0 -999.0 -999.0 -999.0 -999 -999 "" "" "" "" 0 0 0.0 0.0 -999 ""
FIBERMAP 869 R+10C1 APOGEE 1 1 0 1 0 0 -191.07285613882635 178.67238592179112 143.1 -63.19540169460043 253.81656741492927 276.50998 66.14232 270.60941491390406 35.310334068969276 -4.966117 -9.533239 0.8255512 270.6094092555899 35.31029275410732 270.4972312568535 35.311019613083076 44.17933406996995 70.5469813268976 16000.0 16600.0 2016.0 2 115 {-999.0 11.370389 10.332529 9.957085 -999.0} sdss_psfmag_from_g3xp 11.014993 10.362813 9.594496 7.925 63050395771013114 1103867185 bright_1x1 mwm_tess_rgb_apogee mwm_tessrgb science 0 0 0.0 0.0 -999 ""
FIBERMAP 869 R+10C1 BOSS 0 0 0 1 0 0 -191.76122134079608 178.93440799184785 143.1 -63.63058116206662 254.41069957582124 276.50998 66.14232 -999.0 -999.0 -999.0 -999.0 -999.0 270.60725540774587 35.31289552990806 270.4948180966378 35.31366564977247 44.18187307164139 70.5440455574315 -999.0 5400.0 -999.0 1 79 {-999.0 -999.0 -999.0 -999.0 -999.0} "" -999.0 -999.0 -999.0 -999.0 -999 -999 "" "" "" "" 0 0 0.0 0.0 -999 ""
FIBERMAP 869 R+10C1 METROLOGY 0 0 0 1 0 0 -191.1814571691174 179.41305126782336 143.1 -62.88384104661542 254.49713854236515 276.50998 66.14232 -999.0 -999.0 -999.0 -999.0 -999.0 270.6113249098793 35.31330420072654 270.49895516098525 35.314071065595215 44.17868880877394 70.5423832893648 -999.0 6231.0 -999.0 -1 -999 {-999.0 -999.0 -999.0 -999.0 -999.0} "" -999.0 -999.0 -999.0 -999.0 -999 -999 "" "" "" "" 0 0 0.0 0.0 -999 ""
FIBERMAP 870 R0C26 APOGEE 0 0 0 1 0 0 276.22985600571593 0.8070047453291493 143.1 232.23572351087407 -149.5063435024166 297.15308 167.88028 -999.0 -999.0 -999.0 -999.0 -999.0 272.21190638598534 33.47558419084722 272.1060874219776 33.48105831289886 42.42796332242293 72.51162959060736 -999.0 16600.0 -999.0 2 38 {-999.0 -999.0 -999.0 -999.0 -999.0} "" -999.0 -999.0 -999.0 -999.0 -999 -999 "" ops_sky_apogee_best_unassigned ops_sky sky_apogee 0 0 0.0 0.0 -999 ""
FIBERMAP 870 R0C26 BOSS 1 1 0 1 0 0 276.4521236541342 0.10109926275941492 143.1 232.03844426811432 -150.2195455126281 297.15308 167.88028 272.2109985351562 33.472316716766834 -999.0 -999.0 -999.0 272.2110151112834 33.472323322619445 272.1049512871093 33.47785714180423 42.42799554323526 72.51615230436687 5400.0 5400.0 2015.5 1 173 {-999.0 -999.0 -999.0 -999.0 -999.0} "" -999.0 -999.0 -999.0 -999.0 27021603155911877 821149681 "" ops_sky_boss_good ops_sky sky_boss 0 0 0.0 0.0 -999 ""
FIBERMAP 870 R0C26 METROLOGY 0 0 0 1 0 0 275.70676108592886 0.2749838970868115 143.1 231.50751625029625 -149.66838453514472 297.15308 167.88028 -999.0 -999.0 -999.0 -999.0 -999.0 272.20816649967435 33.47483793248288 272.10216734345533 33.48034607401656 42.43091175032795 72.51377367250586 -999.0 6231.0 -999.0 -1 -999 {-999.0 -999.0 -999.0 -999.0 -999.0} "" -999.0 -999.0 -999.0 -999.0 -999 -999 "" "" "" "" 0 0 0.0 0.0 -999 ""
FIBERMAP 871 R-7C18 APOGEE 1 1 0 1 0 0 164.03263782790842 -116.34556931435262 143.1 74.39122744227491 -186.81380855586792 151.74934 55.598576 271.3564403013467 33.3117099253618 -1.2623873 -5.691966 0.18082958 271.3563576762411 33.31169961653298 271.25148197067733 33.31491025860094 43.068853161001606 72.99486111293515 16000.0 16600.0 2016.0 2 234 {-999.0 14.267752 13.111829 12.630821 -999.0} sdss_psfmag_from_g3xp 13.849741 13.100563 12.25932 10.345 63050395770712404 1152450337 bright_1x1 mwm_galactic_core_dist_apogee_sparse mwm_galactic science 0 0 0.0 0.0 -999 ""
FIBERMAP 871 R-7C18 BOSS 0 0 0 1 0 0 164.71906353535152 -116.03394421943096 143.1 75.13666588359953 -186.9255129567907 151.74934 55.598576 -999.0 -999.0 -999.0 -999.0 -999.0 271.36066895721274 33.311075858145564 271.2555424646539 33.31435767523633 43.06543764708339 72.99432470922716 -999.0 5400.0 -999.0 1 276 {-999.0 -999.0 -999.0 -999.0 -999.0} "" -999.0 -999.0 -999.0 -999.0 -999 -999 "" "" "" "" 0 0 0.0 0.0 -999 ""
FIBERMAP 871 R-7C18 METROLOGY 0 0 0 1 0 0 164.6629699918189 -116.77740867794253 143.1 74.68538072081054 -187.5188900773585 151.74934 55.598576 -999.0 -999.0 -999.0 -999.0 -999.0 271.35811306475273 33.30843738742655 271.2530686310587 33.311696131699755 43.06670240069439 72.99860056276788 -999.0 6231.0 -999.0 -1 -999 {-999.0 -999.0 -999.0 -999.0 -999.0} "" -999.0 -999.0 -999.0 -999.0 -999 -999 "" "" "" "" 0 0 0.0 0.0 -999 ""
FIBERMAP 872 R+4C23 APOGEE 1 1 0 1 0 0 243.47703984783845 55.423961959821014 143.1 234.44607308764995 -85.86739132890479 340.3921 15.634189 272.2311642310167 33.76249849249673 3.3048892 -7.75074 2.0994468 272.2312044035331 33.76246333717162 272.1243062079726 33.7679192394577 42.49153553007985 72.13190921961336 16000.0 16600.0 2016.0 2 77 {-999.0 12.438402 12.033188 11.915989 -999.0} sdss_psfmag_from_g3xp 12.364558 12.062637 11.5833435 10.752 63050395770878044 1093980997 bright_1x1 mwm_bin_vis_apogee mwm_filler science 0 0 0.0 0.0 -999 ""
FIBERMAP 872 R+4C23 BOSS 0 0 0 1 0 0 242.7403738609236 55.50878350266905 143.1 233.8740200111953 -85.39569546702288 340.3921 15.634189 -999.0 -999.0 -999.0 -999.0 -999.0 272.2284597816622 33.76455510456021 272.1212968541322 33.77006331771973 42.494523733972144 72.13002715569644 -999.0 5400.0 -999.0 1 247 {-999.0 -999.0 -999.0 -999.0 -999.0} "" -999.0 -999.0 -999.0 -999.0 -999 -999 "" "" "" "" 0 0 0.0 0.0 -999 ""
FIBERMAP 872 R+4C23 METROLOGY 0 0 0 1 0 0 243.18340723913795 56.11428943286979 143.1 234.5749971500844 -85.12846108275355 340.3921 15.634189 -999.0 -999.0 -999.0 -999.0 -999.0 272.23218165298994 33.76574709432565 272.12508591171263 33.77124798313811 42.491811632948206 72.12732539449439 -999.0 6231.0 -999.0 -1 -999 {-999.0 -999.0 -999.0 -999.0 -999.0} "" -999.0 -999.0 -999.0 -999.0 -999 -999 "" "" "" "" 0 0 0.0 0.0 -999 ""
FIBERMAP 875 R+1C7 APOGEE 0 0 0 1 0 0 -146.00675806168903 4.418143159936122 143.1 -120.11877052934521 83.08994526324065 282.50714 103.55116 -999.0 -999.0 -999.0 -999.0 -999.0 270.2936763139856 34.53916665126553 270.18461047736696 34.539229936812426 44.241554743806866 71.6782303390047 -999.0 16600.0 -999.0 2 138 {-999.0 -999.0 -999.0 -999.0 -999.0} "" -999.0 -999.0 -999.0 -999.0 -999 -999 "" ops_sky_apogee_best_unassigned ops_sky sky_apogee 0 0 0.0 0.0 -999 ""
FIBERMAP 875 R+1C7 BOSS 1 1 0 1 0 0 -146.68475319992794 4.102699754662815 143.1 -120.85921047775157 83.19386192723638 282.50714 103.55116 270.2897644042969 34.53961493580561 -999.0 -999.0 -999.0 270.2897878048607 34.53960093135882 270.18047544550984 34.53970540213885 44.24497289844133 71.67876060955496 5400.0 5400.0 2015.5 1 21 {-999.0 -999.0 -999.0 -999.0 -999.0} "" -999.0 -999.0 -999.0 -999.0 27021603155907832 813394213 "" ops_sky_boss_good ops_sky sky_boss 0 0 0.0 0.0 -999 ""
FIBERMAP 875 R+1C7 METROLOGY 0 0 0 1 0 0 -146.62386150307864 4.8529174094015435 143.1 -120.40022731918371 83.79029724993691 282.50714 103.55116 -999.0 -999.0 -999.0 -999.0 -999.0 270.29225126423165 34.54232921964602 270.18299726942007 34.54242498855814 44.243630965703815 71.67436612039029 -999.0 6231.0 -999.0 -1 -999 {-999.0 -999.0 -999.0 -999.0 -999.0} "" -999.0 -999.0 -999.0 -999.0 -999 -999 "" "" "" "" 0 0 0.0 0.0 -999 ""
FIBERMAP 877 R+13C4 APOGEE 0 0 0 1 0 0 -86.48759703809306 250.6446036038284 143.1 63.697426540763665 257.3497020052474 126.65575 163.76846 -999.0 -999.0 -999.0 -999.0 -999.0 271.3131773557097 35.32414211749801 271.2006599513943 35.326752972482424 43.62571921020738 70.3356387643143 -999.0 16600.0 -999.0 2 114 {-999.0 -999.0 -999.0 -999.0 -999.0} "" -999.0 -999.0 -999.0 -999.0 -999 -999 "" ops_sky_apogee_best_unassigned ops_sky sky_apogee 0 0 0.0 0.0 -999 ""
FIBERMAP 877 R+13C4 BOSS 1 1 0 1 0 0 -86.76388277631683 251.32790925320262 143.1 63.83708944805688 258.07330859363924 126.65575 163.76846 271.3142395019531 35.32734511919244 -999.0 -999.0 -999.0 271.31421990593043 35.32731576066107 271.2014349944169 35.32998022266779 43.625882861436864 70.33110123984972 5400.0 5400.0 2015.5 1 86 {-999.0 -999.0 -999.0 -999.0 -999.0} "" -999.0 -999.0 -999.0 -999.0 27021603155932829 821151137 "" ops_sky_boss_good ops_sky sky_boss 0 0 0.0 0.0 -999 ""
FIBERMAP 877 R+13C4 METROLOGY 0 0 0 1 0 0 -86.03814130665184 251.24148871923532 143.1 64.39910591188428 257.6062105018227 126.65575 163.76846 -999.0 -999.0 -999.0 -999.0 -999.0 271.3172528558073 35.32521900646363 271.20454709533635 35.327877506750184 43.622912131946755 70.33307563409033 -999.0 6231.0 -999.0 -1 -999 {-999.0 -999.0 -999.0 -999.0 -999.0} "" -999.0 -999.0 -999.0 -999.0 -999 -999 "" "" "" "" 0 0 0.0 0.0 -999 ""
FIBERMAP 880 R-8C1 APOGEE 1 1 0 1 0 0 -204.96663246910848 -171.66880862027023 143.1 -265.3314631302385 -32.616656990547966 284.5796 89.08786 269.50664653593464 34.009199059337526 18.59475 -11.042759 3.6446252 269.5067120254252 34.00916997038185 269.3999964124963 34.00725171647937 44.73727417533656 72.62654075540422 16000.0 16600.0 2016.0 2 276 {-999.0 12.37478 11.917413 11.749518 -999.0} sdss_psfmag_from_g3xp 12.283026 11.936011 11.415432 10.432 63050395770814751 1094090997 bright_1x1 mwm_bin_vis_apogee mwm_filler science 0 0 0.0 0.0 -999 ""
FIBERMAP 880 R-8C1 BOSS 0 0 0 1 0 0 -205.6946794321871 -171.8698736826933 143.1 -266.0517174141898 -32.389547587402824 284.5796 89.08786 -999.0 -999.0 -999.0 -999.0 -999.0 269.5030609123094 34.01011503230793 269.39610281295006 34.00823838406177 44.74064608221045 72.62633454325305 -999.0 5400.0 -999.0 1 418 {-999.0 -999.0 -999.0 -999.0 -999.0} "" -999.0 -999.0 -999.0 -999.0 -999 -999 "" "" "" "" 0 0 0.0 0.0 -999 ""
FIBERMAP 880 R-8C1 METROLOGY 0 0 0 1 0 0 -205.50225511414249 -171.1457453649095 143.1 -265.496543809167 -31.88651803846502 284.5796 89.08786 -999.0 -999.0 -999.0 -999.0 -999.0 269.50594245345536 34.01242700319464 269.3990425161629 34.010542895091035 44.738864290380015 72.62233415232771 -999.0 6231.0 -999.0 -1 -999 {-999.0 -999.0 -999.0 -999.0 -999.0} "" -999.0 -999.0 -999.0 -999.0 -999 -999 "" "" "" "" 0 0 0.0 0.0 -999 ""
FIBERMAP 885 R+12C10 APOGEE 0 0 0 1 0 0 51.830956021178565 251.48481487882304 143.1 180.22359375285686 182.85228344034155 120.3672 53.4781 -999.0 -999.0 -999.0 -999.0 -999.0 271.9544194620623 34.982283450388806 271.84298044056436 34.98669869614816 43.0331321887047 70.6114639502469 -999.0 16600.0 -999.0 2 -999 {-999.0 -999.0 -999.0 -999.0 -999.0} "" -999.0 -999.0 -999.0 -999.0 -999 -999 "" "" "" "" 0 0 0.0 0.0 -999 ""
FIBERMAP 885 R+12C10 BOSS 1 1 0 1 0 0 52.57970962066341 251.4233402203098 143.1 180.81848356989659 182.39360708515662 120.3672 53.4781 271.95798017950545 34.98019899517542 -13.898643 -21.285994 3.95931 271.95793970492883 34.98012374991165 271.8462493939975 34.98460371623003 43.03001471533603 70.61332128389205 5400.0 5400.0 2016.0 1 153 {-999.0 17.307484 15.941507 14.927317 -999.0} sdss_psfmag_ps1 -999.0 16.38239 -999.0 12.33 63050395770985712 1096155005 bright_1x1 mwm_bin_vis_boss mwm_filler science 0 0 0.0 0.0 -999 ""
FIBERMAP 885 R+12C10 METROLOGY 0 0 0 1 0 0 52.151251327206936 250.81096556521655 143.1 180.12600258348232 182.11268450869318 120.3672 53.4781 -999.0 -999.0 -999.0 -999.0 -999.0 271.95405615209023 34.97893797417087 271.84244514286377 34.98339226703406 43.03272893328763 70.61599349280777 -999.0 6231.0 -999.0 -1 -999 {-999.0 -999.0 -999.0 -999.0 -999.0} "" -999.0 -999.0 -999.0 -999.0 -999 -999 "" "" "" "" 0 0 0.0 0.0 -999 ""
FIBERMAP 886 R+3C2 APOGEE 0 0 0 1 0 0 -239.4316999727229 70.81300218419942 143.1 -162.4176122814752 189.5991234215702 110.7148 114.594864 -999.0 -999.0 -999.0 -999.0 -999.0 270.06059908343724 35.018990984763384 269.94978398861645 35.01831682475639 44.544735068982845 71.09310917332436 -999.0 16600.0 -999.0 2 -999 {-999.0 -999.0 -999.0 -999.0 -999.0} "" -999.0 -999.0 -999.0 -999.0 -999 -999 "" "" "" "" 0 0 0.0 0.0 -999 ""
FIBERMAP 886 R+3C2 BOSS 1 1 0 1 0 0 -238.9461679311814 71.3362678541515 143.1 -161.72568583746875 189.77424016688272 110.7148 114.594864 270.06466735674377 35.01974561695886 -5.786596 8.832232 3.2108333 270.06463228390874 35.019783028349444 269.9535664523447 35.01916875265052 44.54192852444774 71.09091532131845 5400.0 5400.0 2016.0 1 73 {-999.0 19.941448 18.567549 17.126534 -999.0} sdss_psfmag_ps1 19.380154 17.840933 16.630232 14.287 63050395770833023 1096250527 bright_1x1 mwm_bin_vis_boss mwm_filler science 0 0 0.0 0.0 -999 ""
FIBERMAP 886 R+3C2 METROLOGY 0 0 0 1 0 0 -238.70763202231782 70.6330366772044 143.1 -161.90785965281503 189.05443738942927 110.7148 114.594864 -999.0 -999.0 -999.0 -999.0 -999.0 270.06356110802517 35.016549249617086 269.95257797123475 35.01591891026106 44.54194255552614 71.09561428289237 -999.0 6231.0 -999.0 -1 -999 {-999.0 -999.0 -999.0 -999.0 -999.0} "" -999.0 -999.0 -999.0 -999.0 -999 -999 "" "" "" "" 0 0 0.0 0.0 -999 ""
FIBERMAP 891 R+9C3 APOGEE 0 0 0 1 0 0 -134.35704268324477 168.23648589902257 143.1 -21.276497341162038 214.22348506799472 331.8736 117.384 -999.0 -999.0 -999.0 -999.0 -999.0 270.8411655374904 35.133273056989886 270.72958204818656 35.134662993211144 43.95291929703012 70.72228317638161 -999.0 16600.0 -999.0 2 99 {-999.0 -999.0 -999.0 -999.0 -999.0} "" -999.0 -999.0 -999.0 -999.0 -999 -999 "" ops_sky_apogee_best_unassigned ops_sky sky_apogee 0 0 0.0 0.0 -999 ""
FIBERMAP 891 R+9C3 BOSS 1 1 0 1 0 0 -134.35897412535638 167.47970463731733 143.1 -21.68957285441176 213.58948579783325 331.8736 117.384 270.8390808105469 35.13041317672591 -999.0 -999.0 -999.0 270.8391098340736 35.13041916470419 270.72728709089745 35.131855243926466 43.95406469092138 70.72669643761355 5400.0 5400.0 2015.5 1 58 {-999.0 -999.0 -999.0 -999.0 -999.0} "" -999.0 -999.0 -999.0 -999.0 27021603155935689 813397504 "" ops_sky_boss_good ops_sky sky_boss 0 0 0.0 0.0 -999 ""
FIBERMAP 891 R+9C3 METROLOGY 0 0 0 1 0 0 -135.00534952583288 167.85255122214446 143.1 -22.029262549257055 214.25378636581 331.8736 117.384 -999.0 -999.0 -999.0 -999.0 -999.0 270.8371664775157 35.13341047630563 270.7254040893132 35.13482617673556 43.95627478577536 70.72320609338999 -999.0 6231.0 -999.0 -1 -999 {-999.0 -999.0 -999.0 -999.0 -999.0} "" -999.0 -999.0 -999.0 -999.0 -999 -999 "" "" "" "" 0 0 0.0 0.0 -999 ""
FIBERMAP 894 R+13C9 APOGEE 1 1 0 1 0 0 40.030875573362245 267.8833610593893 143.1 179.2373458013424 203.0286362246665 96.738 83.57733 271.94959627390614 35.07292861520458 -1.0551094 -6.1594944 0.2971146 271.9495905087112 35.072902603300946 271.8378021844005 35.07728308311151 43.05985203037884 70.49288469537572 16000.0 16600.0 2016.0 2 56 {-999.0 13.209101 12.216701 11.832007 -999.0} sdss_psfmag_from_g3xp 12.882292 12.238254 11.470328 9.784 63050395770985911 1152450420 bright_1x1 mwm_galactic_core_dist_apogee_sparse mwm_galactic science 0 0 0.0 0.0 -999 ""
FIBERMAP 894 R+13C9 BOSS 0 0 0 1 0 0 40.77665249040518 267.9012168169864 143.1 179.8728689400294 202.63814800264873 96.738 83.57733 -999.0 -999.0 -999.0 -999.0 -999.0 271.95332708113034 35.07103905810426 271.8412861103303 35.07548440625165 43.05664280555588 70.49429739767606 -999.0 5400.0 -999.0 1 165 {-999.0 -999.0 -999.0 -999.0 -999.0} "" -999.0 -999.0 -999.0 -999.0 -999 -999 "" "" "" "" 0 0 0.0 0.0 -999 ""
FIBERMAP 894 R+13C9 METROLOGY 0 0 0 1 0 0 40.42778029945035 267.23706675692966 143.1 179.21902245716825 202.27050813796578 96.738 83.57733 -999.0 -999.0 -999.0 -999.0 -999.0 271.94965564029434 35.06946826026203 271.83769543475694 35.073888702418294 43.059091572109295 70.4974139143809 -999.0 6231.0 -999.0 -1 -999 {-999.0 -999.0 -999.0 -999.0 -999.0} "" -999.0 -999.0 -999.0 -999.0 -999 -999 "" "" "" "" 0 0 0.0 0.0 -999 ""
FIBERMAP 895 R+11C14 APOGEE 1 1 0 1 0 0 131.3478083134209 206.3093906724198 143.1 222.38833290247345 101.71098819007314 302.1511 134.49396 272.18128216421695 34.61264558667764 10.91111 0.31899002 1.0106193 272.18134567271653 34.61265518971936 272.0712434370606 34.61777005548933 42.75817482459877 71.03360009485618 16000.0 16600.0 2016.0 2 96 {-999.0 11.837253 11.169464 10.88714 -999.0} sdss_psfmag_from_g3xp 11.660444 11.187624 10.539253 9.145 63050395770890796 1109516352 bright_1x1 mwm_tess_rgb_apogee mwm_tessrgb science 0 0 0.0 0.0 -999 ""
FIBERMAP 895 R+11C14 BOSS 0 0 0 1 0 0 131.1752759197461 205.57971890439688 143.1 221.84683758964746 101.19249183185099 302.1511 134.49396 -999.0 -999.0 -999.0 -999.0 -999.0 272.1786567062834 34.61031443809985 272.0683053847051 34.61547943538142 42.75992164411612 71.03746249843317 -999.0 5400.0 -999.0 1 88 {-999.0 -999.0 -999.0 -999.0 -999.0} "" -999.0 -999.0 -999.0 -999.0 -999 -999 "" "" "" "" 0 0 0.0 0.0 -999 ""
FIBERMAP 895 R+11C14 METROLOGY 0 0 0 1 0 0 130.62863421959707 206.0883414429118 143.1 221.6646590433176 101.91650388060077 302.1511 134.49396 -999.0 -999.0 -999.0 -999.0 -999.0 272.17762521975175 34.613616488493854 272.06733505693546 34.61876180232417 42.76153814273836 71.03342238338098 -999.0 6231.0 -999.0 -1 -999 {-999.0 -999.0 -999.0 -999.0 -999.0} "" -999.0 -999.0 -999.0 -999.0 -999 -999 "" "" "" "" 0 0 0.0 0.0 -999 ""
FIBERMAP 896 R-8C17 APOGEE 1 1 0 1 0 0 143.85249107469036 -149.84422017129853 143.1 39.2442568784936 -203.95228794550465 163.23047 110.21822 271.16492129354293 33.2352564745699 2.089681 -26.091259 1.0795103 271.1649088825472 33.23516732684806 271.06039345653517 33.237881671881155 43.20160817255066 73.15602483148979 16000.0 16600.0 2016.0 2 230 {-999.0 12.697919 11.909579 11.614396 -999.0} sdss_psfmag_from_g3xp 12.469991 11.944991 11.264215 9.86 63050395770711745 1105338649 bright_1x1 mwm_tess_rgb_apogee mwm_tessrgb science 0 0 0.0 0.0 -999 ""
FIBERMAP 896 R-8C17 BOSS 0 0 0 1 0 0 143.77536506696532 -149.11515452544262 143.1 39.575922994817454 -203.29856332052165 163.23047 110.21822 -999.0 -999.0 -999.0 -999.0 -999.0 271.16699224517095 33.23799620142382 271.06221552373336 33.240774613725385 43.200929367672146 73.1516369538669 -999.0 5400.0 -999.0 1 275 {-999.0 -999.0 -999.0 -999.0 -999.0} "" -999.0 -999.0 -999.0 -999.0 -999 -999 "" "" "" "" 0 0 0.0 0.0 -999 ""
FIBERMAP 896 R-8C17 METROLOGY 0 0 0 1 0 0 144.46236080666887 -149.40576566838408 143.1 39.994409678363674 -203.91594130164074 163.23047 110.21822 -999.0 -999.0 -999.0 -999.0 -999.0 271.1691663108661 33.235238761487565 271.0644697595285 33.23800693774811 43.19836165997253 73.15458605310096 -999.0 6231.0 -999.0 -1 -999 {-999.0 -999.0 -999.0 -999.0 -999.0} "" -999.0 -999.0 -999.0 -999.0 -999 -999 "" "" "" "" 0 0 0.0 0.0 -999 ""
FIBERMAP 897 R-6C3 APOGEE 0 0 0 1 0 0 -183.8126446227954 -130.91958801839866 143.1 -225.42523286504485 -9.923364784432835 266.6579 102.53251 -999.0 -999.0 -999.0 -999.0 -999.0 269.72062979359146 34.11347402143106 269.61342743363855 34.11210352067827 44.592339631668224 72.42156904751437 -999.0 16600.0 -999.0 2 298 {-999.0 -999.0 -999.0 -999.0 -999.0} "" -999.0 -999.0 -999.0 -999.0 -999 -999 "" ops_sky_apogee_best_unassigned ops_sky sky_apogee 0 0 0.0 0.0 -999 ""
FIBERMAP 897 R-6C3 BOSS 1 1 0 1 0 0 -184.54354221500134 -131.04376587060938 143.1 -226.10607639805298 -9.63018598665097 266.6579 102.53251 269.7171020507812 34.11474323206017 -999.0 -999.0 -999.0 269.7171227222964 34.114722995423925 269.60967509433397 34.11339458339302 44.595670511631354 72.42090495193992 5400.0 5400.0 2015.5 1 445 {-999.0 -999.0 -999.0 -999.0 -999.0} "" -999.0 -999.0 -999.0 -999.0 27021603155905791 813393931 "" ops_sky_boss_good ops_sky sky_boss 0 0 0.0 0.0 -999 ""
FIBERMAP 897 R-6C3 METROLOGY 0 0 0 1 0 0 -184.2872203755907 -130.3458040120395 143.1 -225.51150994780076 -9.18385436966403 266.6579 102.53251 -999.0 -999.0 -999.0 -999.0 -999.0 269.7202613079617 34.116783997178715 269.61287310614955 34.115448827284254 44.593620764281674 72.41718186670926 -999.0 6231.0 -999.0 -1 -999 {-999.0 -999.0 -999.0 -999.0 -999.0} "" -999.0 -999.0 -999.0 -999.0 -999 -999 "" "" "" "" 0 0 0.0 0.0 -999 ""
FIBERMAP 898 R+4C19 APOGEE 0 0 0 1 0 0 142.1798641554438 70.28957720591949 143.1 157.52532571299824 -18.318673261429627 229.94571 92.54659 -999.0 -999.0 -999.0 -999.0 -999.0 271.81977659580673 34.072705512137105 271.71186882119935 34.07697819942793 42.90384520065759 71.85092606685106 -999.0 16600.0 -999.0 2 90 {-999.0 -999.0 -999.0 -999.0 -999.0} "" -999.0 -999.0 -999.0 -999.0 -999 -999 "" ops_sky_apogee_best_unassigned ops_sky sky_apogee 0 0 0.0 0.0 -999 ""
FIBERMAP 898 R+4C19 BOSS 1 1 0 1 0 0 141.61705532773183 70.75353531828468 143.1 157.3052969764546 -17.62335123926382 229.94571 92.54659 271.818956574769 34.07590730558468 -1.498082 -24.226189 0.51317686 271.8189454623547 34.075811255454376 271.7107705625058 34.080138757410474 42.905555001353704 71.84709053091899 5400.0 5400.0 2016.0 1 208 {-999.0 16.919277 16.361866 16.119793 -999.0} sdss_psfmag_ps1 16.783428 16.38742 15.80771 14.734 63050395770885535 1072824210 bright_1x1 mwm_halo_local_high_boss_single mwm_halo science 0 0 0.0 0.0 -999 ""
FIBERMAP 898 R+4C19 METROLOGY 0 0 0 1 0 0 142.3076775226168 71.02788236005466 143.1 158.0339891582557 -17.76861893041489 229.94571 92.54659 -999.0 -999.0 -999.0 -999.0 -999.0 271.8228302943565 34.07513209377489 271.71472889849576 34.079453842019255 42.90221182859743 71.84681403144856 -999.0 6231.0 -999.0 -1 -999 {-999.0 -999.0 -999.0 -999.0 -999.0} "" -999.0 -999.0 -999.0 -999.0 -999 -999 "" "" "" "" 0 0 0.0 0.0 -999 ""
FIBERMAP 899 R+4C21 APOGEE 1 1 0 1 0 0 191.13835984957737 88.05116517686153 143.1 208.26541920094857 -30.03238873189356 147.41989 104.76929 272.0951652945382 34.01676325674001 -4.2861094 -5.0251217 0.46003053 272.0951238180181 34.01674139809625 271.9873210765352 34.021768787340726 42.66914380456878 71.84118917017378 16000.0 16600.0 2016.0 2 33 {-999.0 12.37653 11.28095 10.859416 -999.0} sdss_psfmag_from_g3xp 11.989798 11.294716 10.491705 8.7 63050395770880118 1152450382 bright_1x1 mwm_galactic_core_dist_apogee_sparse mwm_galactic science 0 0 0.0 0.0 -999 ""
FIBERMAP 899 R+4C21 BOSS 0 0 0 1 0 0 191.36757468970006 88.75958409018335 143.1 208.84292434329043 -29.562544310485894 147.41989 104.76929 -999.0 -999.0 -999.0 -999.0 -999.0 272.09860821105804 34.0187716098639 271.9905389814702 34.02386673290674 42.66713041292707 71.83747439754256 -999.0 5400.0 -999.0 1 193 {-999.0 -999.0 -999.0 -999.0 -999.0} "" -999.0 -999.0 -999.0 -999.0 -999 -999 "" "" "" "" 0 0 0.0 0.0 -999 ""
FIBERMAP 899 R+4C21 METROLOGY 0 0 0 1 0 0 191.86662844202172 88.19867340924691 143.1 208.95674112652455 -30.304560590626696 147.41989 104.76929 -999.0 -999.0 -999.0 -999.0 -999.0 272.0990780908716 34.015417940794975 271.99109431079455 34.02049847902137 42.66579125650231 71.84172386578575 -999.0 6231.0 -999.0 -1 -999 {-999.0 -999.0 -999.0 -999.0 -999.0} "" -999.0 -999.0 -999.0 -999.0 -999 -999 "" "" "" "" 0 0 0.0 0.0 -999 ""
FIBERMAP 901 R+8C13 APOGEE 0 0 0 1 0 0 75.7489298474718 153.74692880513712 143.1 147.1550908040004 87.83202951761695 308.91107 152.10037 -999.0 -999.0 -999.0 -999.0 -999.0 271.7690038812376 34.55556598898066 271.6592790756814 34.559585408954966 43.07104510622917 71.22919421552763 -999.0 16600.0 -999.0 2 -999 {-999.0 -999.0 -999.0 -999.0 -999.0} "" -999.0 -999.0 -999.0 -999.0 -999 -999 "" "" "" "" 0 0 0.0 0.0 -999 ""
FIBERMAP 901 R+8C13 BOSS 1 1 0 1 0 0 75.89175190286437 153.01288086924842 143.1 146.87584438835327 87.1384057133548 308.91107 152.10037 271.76778020960376 34.55240620246244 -4.6001873 -1.7430753 0.24085519 271.7677523606028 34.552408457426125 271.657783911749 34.5564810946951 43.071441658741605 71.23373351318611 5400.0 5400.0 2016.0 1 151 {-999.0 17.488447 17.141329 17.017662 -999.0} sdss_psfmag_ps1 17.448416 17.140566 16.654913 16.014 63050395770889081 975940292 "" ops_std_boss ops_std standard_boss 0 0 0.0 0.0 -999 ""
FIBERMAP 901 R+8C13 METROLOGY 0 0 0 1 0 0 75.19071091483404 153.25189991329688 143.1 146.4175215698219 87.7201266989362 308.91107 152.10037 -999.0 -999.0 -999.0 -999.0 -999.0 271.7651777453141 34.555086924510796 271.65527266439494 34.55913616147621 43.0741199878038 71.23094368434028 -999.0 6231.0 -999.0 -1 -999 {-999.0 -999.0 -999.0 -999.0 -999.0} "" -999.0 -999.0 -999.0 -999.0 -999 -999 "" "" "" "" 0 0 0.0 0.0 -999 ""
FIBERMAP 903 R+10C13 APOGEE 0 0 0 1 0 0 100.87336002790228 211.58317622513238 143.1 199.683152250131 122.70512694568532 118.408615 40.26313 -999.0 -999.0 -999.0 -999.0 -999.0 272.05858756787535 34.70952937188679 271.94816044587753 34.7142905069834 42.88076416619974 70.94177745419984 -999.0 16600.0 -999.0 2 -999 {-999.0 -999.0 -999.0 -999.0 -999.0} "" -999.0 -999.0 -999.0 -999.0 -999 -999 "" "" "" "" 0 0 0.0 0.0 -999 ""
FIBERMAP 903 R+10C13 BOSS 1 1 0 1 0 0 101.56290863556218 211.33031345024972 143.1 200.12430458823613 122.11803735715381 118.408615 40.26313 272.0613098144531 34.70676753289829 -999.0 -999.0 -999.0 272.061263088013 34.70679904148647 271.95058696293825 34.71162411914986 42.87815511966257 70.94460102214629 5400.0 5400.0 2015.5 1 98 {-999.0 -999.0 -999.0 -999.0 -999.0} "" -999.0 -999.0 -999.0 -999.0 27021603155917673 821150070 "" ops_sky_boss_good ops_sky sky_boss 0 0 0.0 0.0 -999 ""
FIBERMAP 903 R+10C13 METROLOGY 0 0 0 1 0 0 100.99665911989622 210.84733703453074 143.1 199.38654934500707 122.02061446756137 118.408615 40.26313 -999.0 -999.0 -999.0 -999.0 -999.0 272.057145881281 34.70643596015466 271.9465459967646 34.711234147532096 42.88126738531078 70.94627250233913 -999.0 6231.0 -999.0 -1 -999 {-999.0 -999.0 -999.0 -999.0 -999.0} "" -999.0 -999.0 -999.0 -999.0 -999 -999 "" "" "" "" 0 0 0.0 0.0 -999 ""
FIBERMAP 904 R+7C9 APOGEE 1 1 0 1 0 0 -34.707287147966795 156.22705172395197 143.1 55.81470368904608 149.96720431215903 149.13756 46.847977 271.26724225764025 34.84177758893991 3.7254431 -1.9339777 0.826311 271.26723223825826 34.8417799520155 271.15660544296793 34.844382470420555 43.542724259644444 70.99351977138713 16000.0 16600.0 2016.0 2 23 {-999.0 11.449157 10.731558 10.458849 -999.0} sdss_psfmag_from_g3xp 11.255168 10.765105 10.11357 8.832 63050395770988899 1105125326 bright_1x1 mwm_tess_rgb_apogee mwm_tessrgb science 0 0 0.0 0.0 -999 ""
FIBERMAP 904 R+7C9 BOSS 0 0 0 1 0 0 -34.00474105275731 156.44413695199572 143.1 56.52226905289783 149.76740273298603 149.13756 46.847977 -999.0 -999.0 -999.0 -999.0 -999.0 271.27142238353974 34.84084957446872 271.1605440437057 34.843516859455015 43.539378110072576 70.99356993721716 -999.0 5400.0 -999.0 1 131 {-999.0 -999.0 -999.0 -999.0 -999.0} "" -999.0 -999.0 -999.0 -999.0 -999 -999 "" "" "" "" 0 0 0.0 0.0 -999 ""
FIBERMAP 904 R+7C9 METROLOGY 0 0 0 1 0 0 -34.15620522977234 155.71325519175406 143.1 55.99779517210625 149.23643642715749 149.13756 46.847977 -999.0 -999.0 -999.0 -999.0 -999.0 271.26842901844117 34.83847092917646 271.15763289257893 34.84111564290511 43.5410966576717 70.99759685606944 -999.0 6231.0 -999.0 -1 -999 {-999.0 -999.0 -999.0 -999.0 -999.0} "" -999.0 -999.0 -999.0 -999.0 -999 -999 "" "" "" "" 0 0 0.0 0.0 -999 ""
FIBERMAP 905 R-1C5 APOGEE 1 1 0 1 0 0 -199.7374798899 -12.244088136323729 143.1 -174.2657450198518 98.32079445559177 129.36139 128.3315 269.9959891325928 34.60644101523363 2.7179089 -4.202646 0.7584636 269.995992647076 34.6064300477928 269.88679490980417 34.605680174888036 44.49558690903307 71.67228035453877 16000.0 16600.0 2016.0 2 266 {-999.0 12.679279 11.674994 11.314162 -999.0} sdss_psfmag_from_g3xp 12.343386 11.711418 10.95409 9.351 63050395770829624 1110477236 bright_1x1 mwm_tess_rgb_apogee mwm_tessrgb science 0 0 0.0 0.0 -999 ""
FIBERMAP 905 R-1C5 BOSS 0 0 0 1 0 0 -199.59577666867168 -11.517820008824888 143.1 -173.75197038654304 98.85319619211539 129.36139 128.3315 -999.0 -999.0 -999.0 -999.0 -999.0 269.9989922377374 34.60883728005866 269.8895392466652 34.60814552289151 44.49399756463056 71.66815627156404 -999.0 5400.0 -999.0 1 485 {-999.0 -999.0 -999.0 -999.0 -999.0} "" -999.0 -999.0 -999.0 -999.0 -999 -999 "" "" "" "" 0 0 0.0 0.0 -999 ""
FIBERMAP 905 R-1C5 METROLOGY 0 0 0 1 0 0 -199.02975183571465 -11.995570670692764 143.1 -173.53674183217058 98.14455170661736 129.36139 128.3315 -999.0 -999.0 -999.0 -999.0 -999.0 270.0001235708715 34.60564647099574 269.8907516883726 34.60494415176019 44.49224898610102 71.67216744981795 -999.0 6231.0 -999.0 -1 -999 {-999.0 -999.0 -999.0 -999.0 -999.0} "" -999.0 -999.0 -999.0 -999.0 -999 -999 "" "" "" "" 0 0 0.0 0.0 -999 ""
FIBERMAP 906 R+11C11 APOGEE 1 1 0 1 0 0 67.37959713752235 225.21678002422289 143.1 178.98948161943517 152.35593975444917 71.01659 88.21402 271.9466055661027 34.84512946991806 -6.418477 -8.146916 0.7122269 271.9465810326132 34.84512982235054 271.8356749254982 34.8495569960682 43.00445582323862 70.79507539032801 16000.0 16600.0 2016.0 2 1 {-999.0 13.289697 12.4468975 12.151319 -999.0} sdss_psfmag_from_g3xp 13.038342 12.491886 11.798307 10.345 63050395770985041 1108055639 bright_1x1 mwm_tess_rgb_apogee mwm_tessrgb science 0 0 0.0 0.0 -999 ""
FIBERMAP 906 R+11C11 BOSS 0 0 0 1 0 0 68.0765186657492 224.96442701033777 143.1 179.43709806076814 151.76526934284115 71.01659 88.21402 -999.0 -999.0 -999.0 -999.0 -999.0 271.94930099070405 34.84239320021333 271.83814641690856 34.84688358535263 43.00181838836985 70.79791252164603 -999.0 5400.0 -999.0 1 108 {-999.0 -999.0 -999.0 -999.0 -999.0} "" -999.0 -999.0 -999.0 -999.0 -999 -999 "" "" "" "" 0 0 0.0 0.0 -999 ""
FIBERMAP 906 R+11C11 METROLOGY 0 0 0 1 0 0 67.51543405141203 224.47945173550417 143.1 178.70259015915752 151.6633610125983 71.01659 88.21402 -999.0 -999.0 -999.0 -999.0 -999.0 271.9451898416378 34.84200777207964 271.83411146481194 34.84647153305956 43.004918533648166 70.79960080277829 -999.0 6231.0 -999.0 -1 -999 {-999.0 -999.0 -999.0 -999.0 -999.0} "" -999.0 -999.0 -999.0 -999.0 -999 -999 "" "" "" "" 0 0 0.0 0.0 -999 ""
FIBERMAP 907 R-6C6 APOGEE 0 0 0 1 0 0 -98.4096112010198 -116.01518724425902 143.1 -145.65630524502086 -43.84922273568651 5.080095 114.580376 -999.0 -999.0 -999.0 -999.0 -999.0 270.1561155325111 33.96152564371246 270.04930163455697 33.961357482202 44.20477083735355 72.49796889436959 -999.0 16600.0 -999.0 2 -999 {-999.0 -999.0 -999.0 -999.0 -999.0} "" -999.0 -999.0 -999.0 -999.0 -999 -999 "" "" "" "" 0 0 0.0 0.0 -999 ""
FIBERMAP 907 R-6C6 BOSS 1 1 0 1 0 0 -98.03753721371719 -116.67512820108333 143.1 -145.70288474070438 -44.605302111328506 5.080095 114.580376 270.1560509472721 33.958062922820176 0.78828454 -21.091623 0.5360221 270.1560641436804 33.95801756514963 270.049018907333 33.957903655745255 44.20411611197853 72.50271084796248 5400.0 5400.0 2016.0 1 465 {-999.0 15.985263 15.540849 15.417181 -999.0} sdss_psfmag_ps1 15.881398 15.538443 15.027552 14.039 63050395770796043 1072940851 bright_1x1 mwm_halo_local_high_boss_single mwm_halo science 0 0 0.0 0.0 -999 ""
FIBERMAP 907 R-6C6 METROLOGY 0 0 0 1 0 0 -98.77673100289671 -116.66471401936661 143.1 -146.31751358279556 -44.19467048874415 5.080095 114.580376 -999.0 -999.0 -999.0 -999.0 -999.0 270.15263832859284 33.9598932272182 270.04565679188454 33.959754501902516 44.207284797496044 72.50120724729993 -999.0 6231.0 -999.0 -1 -999 {-999.0 -999.0 -999.0 -999.0 -999.0} "" -999.0 -999.0 -999.0 -999.0 -999 -999 "" "" "" "" 0 0 0.0 0.0 -999 ""
FIBERMAP 908 R+6C18 APOGEE 0 0 0 1 0 0 142.22382692422408 130.6336447217002 143.1 190.37071072933898 32.29486028957846 187.92569 52.2362 -999.0 -999.0 -999.0 -999.0 -999.0 272.0024924410553 34.30070335214529 271.8936495618452 34.30541244516601 42.818632580349934 71.49640433823907 -999.0 16600.0 -999.0 2 -999 {-999.0 -999.0 -999.0 -999.0 -999.0} "" -999.0 -999.0 -999.0 -999.0 -999 -999 "" "" "" "" 0 0 0.0 0.0 -999 ""
FIBERMAP 908 R+6C18 BOSS 1 1 0 1 0 0 142.58085650358933 131.29098280027554 143.1 191.0276988363259 32.652348818313314 187.92569 52.2362 272.0063781738281 34.302212088481426 -999.0 -999.0 -999.0 272.0064196997867 34.30223181651558 271.89731213386153 34.307008588120105 42.816128639079366 71.4932272404406 5400.0 5400.0 2015.5 1 203 {-999.0 -999.0 -999.0 -999.0 -999.0} "" -999.0 -999.0 -999.0 -999.0 27021603155916766 813395200 "" ops_sky_boss_good ops_sky sky_boss 0 0 0.0 0.0 -999 ""
FIBERMAP 908 R+6C18 METROLOGY 0 0 0 1 0 0 142.96970416248647 130.65178655054584 143.1 191.0064735863065 31.90455757919092 187.92569 52.2362 -999.0 -999.0 -999.0 -999.0 -999.0 272.006168845057 34.29885410530818 271.8971471582099 34.30361473987527 42.81537428488298 71.49774198012557 -999.0 6231.0 -999.0 -1 -999 {-999.0 -999.0 -999.0 -999.0 -999.0} "" -999.0 -999.0 -999.0 -999.0 -999 -999 "" "" "" "" 0 0 0.0 0.0 -999 ""
FIBERMAP 910 R+11C8 APOGEE 0 0 0 1 0 0 0.8573436536117924 201.41134666416406 143.1 110.22486368841754 168.5472388330894 344.2157 83.76035 -999.0 -999.0 -999.0 -999.0 -999.0 271.5686254668883 34.9231511315207 271.45756515817186 34.926543660419654 43.32400425185802 70.79945422108773 -999.0 16600.0 -999.0 2 15 {-999.0 -999.0 -999.0 -999.0 -999.0} "" -999.0 -999.0 -999.0 -999.0 -999 -999 "" ops_sky_apogee_best_unassigned ops_sky sky_apogee 0 0 0.0 0.0 -999 ""
FIBERMAP 910 R+11C8 BOSS 1 1 0 1 0 0 0.5916011347098156 200.71044338415754 143.1 109.62079269724406 168.10356086994278 344.2157 83.76035 271.5655517578125 34.92116030670974 -999.0 -999.0 -999.0 271.56556561116696 34.921171899297335 271.4542585922933 34.92461050832943 43.32614907468526 70.80295520845016 5400.0 5400.0 2015.5 1 111 {-999.0 -999.0 -999.0 -999.0 -999.0} "" -999.0 -999.0 -999.0 -999.0 27021603155931530 813396969 "" ops_sky_boss_good ops_sky sky_boss 0 0 0.0 0.0 -999 ""
FIBERMAP 910 R+11C8 METROLOGY 0 0 0 1 0 0 0.11751038596748486 201.282755506766 143.1 109.53412235416529 168.84157246842375 344.2157 83.76035 -999.0 -999.0 -999.0 -999.0 -999.0 271.56502949766696 34.924514102227846 271.45378219363226 34.927935206216894 43.32735449925987 70.79866214388744 -999.0 6231.0 -999.0 -1 -999 {-999.0 -999.0 -999.0 -999.0 -999.0} "" -999.0 -999.0 -999.0 -999.0 -999 -999 "" "" "" "" 0 0 0.0 0.0 -999 ""
FIBERMAP 912 R+3C20 APOGEE 1 1 0 1 0 0 184.51002342298145 70.93463170470707 143.1 193.3971864161004 -40.79188265780039 97.25438 43.077 272.01356028599696 33.96875422378737 -10.737223 5.486475 0.819039 272.0135112017658 33.968771799875206 271.90592079560713 33.97359113274064 42.72138618003924 71.92879888753748 16000.0 16600.0 2016.0 2 62 {-999.0 13.12132 12.399069 12.119087 -999.0} sdss_psfmag_from_g3xp 12.914376 12.433097 11.7644 10.418 63050395770880410 1109002358 bright_1x1 mwm_tess_rgb_apogee mwm_tessrgb science 0 0 0.0 0.0 -999 ""
FIBERMAP 912 R+3C20 BOSS 0 0 0 1 0 0 185.08889392787555 70.46448037284406 143.1 193.627326037882 -41.501134271158705 97.25438 43.077 -999.0 -999.0 -999.0 -999.0 -999.0 272.0150186662243 33.965470767477434 271.90718329000447 33.9703537667792 42.71951547402638 71.9326673362275 -999.0 5400.0 -999.0 1 216 {-999.0 -999.0 -999.0 -999.0 -999.0} "" -999.0 -999.0 -999.0 -999.0 -999 -999 "" "" "" "" 0 0 0.0 0.0 -999 ""
FIBERMAP 912 R+3C20 METROLOGY 0 0 0 1 0 0 184.3877357142252 70.19971259835165 143.1 192.8950007625569 -41.34209985078329 97.25438 43.077 -999.0 -999.0 -999.0 -999.0 -999.0 272.01096974044407 33.96625072497991 271.9032057869856 33.97110595887287 42.72289533552002 71.93287521575894 -999.0 6231.0 -999.0 -1 -999 {-999.0 -999.0 -999.0 -999.0 -999.0} "" -999.0 -999.0 -999.0 -999.0 -999 -999 "" "" "" "" 0 0 0.0 0.0 -999 ""
FIBERMAP 914 R+3C11 APOGEE 1 1 0 1 0 0 -29.516430484951456 47.93737956434312 143.1 1.2945244877345117 56.27422451272886 274.46753 133.69615 270.96358133090746 34.41767127331187 -2.319273 -10.803382 0.32383364 270.963581008501 34.41764250951935 270.85470328535143 34.41953122881764 43.67679038438829 71.64752198163558 16000.0 16600.0 2016.0 2 124 {-999.0 13.581827 12.314013 11.794887 -999.0} sdss_psfmag_from_g3xp 13.09927 12.291688 11.418546 9.481 63050395770805356 1155960237 bright_1x1 mwm_galactic_core_dist_apogee_extra mwm_galactic science 0 0 0.0 0.0 -999 ""
FIBERMAP 914 R+3C11 BOSS 0 0 0 1 0 0 -29.993959072881093 47.369171222362795 143.1 0.5848792014929376 56.057042937719295 274.46753 133.69615 -999.0 -999.0 -999.0 -999.0 -999.0 270.9599090836099 34.41664062610663 270.8507860490313 34.41857376202807 43.67967469530424 71.6499326290492 -999.0 5400.0 -999.0 1 14 {-999.0 -999.0 -999.0 -999.0 -999.0} "" -999.0 -999.0 -999.0 -999.0 -999 -999 "" "" "" "" 0 0 0.0 0.0 -999 ""
FIBERMAP 914 R+3C11 METROLOGY 0 0 0 1 0 0 -30.248512439387188 48.06563062954545 143.1 0.7499302972312758 56.77987175588282 274.46753 133.69615 -999.0 -999.0 -999.0 -999.0 -999.0 270.96076230029826 34.419938805293235 270.8516973531256 34.421858123191114 43.679777766095846 71.64527601286107 -999.0 6231.0 -999.0 -1 -999 {-999.0 -999.0 -999.0 -999.0 -999.0} "" -999.0 -999.0 -999.0 -999.0 -999 -999 "" "" "" "" 0 0 0.0 0.0 -999 ""
FIBERMAP 916 R-13C3 APOGEE 1 1 0 1 0 0 -100.49340025598396 -238.25125614363208 143.1 -213.8634914818109 -145.29009918531418 96.04884 110.28588 269.7920226880749 33.50141758122089 1.1966462 3.4514515 0.43906832 269.79204243948794 33.501420147863755 269.68710798451457 33.50038604102109 44.376977947261814 73.22867642279027 16000.0 16600.0 2016.0 2 198 {-999.0 12.644125 11.981484 11.723616 -999.0} sdss_psfmag_from_g3xp 12.474581 12.009236 11.378422 10.098 63050395770792215 1106378426 bright_1x1 mwm_tess_rgb_apogee mwm_tessrgb science 0 0 0.0 0.0 -999 ""
FIBERMAP 916 R-13C3 BOSS 0 0 0 1 0 0 -99.81722973809309 -237.94347764375482 143.1 -213.12874999079037 -145.39945578934154 96.04884 110.28588 -999.0 -999.0 -999.0 -999.0 -999.0 269.7962262481482 33.50086781143626 269.69105055378714 33.499899365180205 44.37367699677036 73.22813601627655 -999.0 5400.0 -999.0 1 342 {-999.0 -999.0 -999.0 -999.0 -999.0} "" -999.0 -999.0 -999.0 -999.0 -999 -999 "" "" "" "" 0 0 0.0 0.0 -999 ""
FIBERMAP 916 R-13C3 METROLOGY 0 0 0 1 0 0 -99.88677001382742 -238.69247900712568 143.1 -213.59432927695772 -145.99016831711853 96.04884 110.28588 -999.0 -999.0 -999.0 -999.0 -999.0 269.7937090021325 33.49822344634267 269.68861269537126 33.4972334948488 44.37494545649428 73.23247763977992 -999.0 6231.0 -999.0 -1 -999 {-999.0 -999.0 -999.0 -999.0 -999.0} "" -999.0 -999.0 -999.0 -999.0 -999 -999 "" "" "" "" 0 0 0.0 0.0 -999 ""
FIBERMAP 918 R-4C10 APOGEE 0 0 0 1 0 0 -54.389305435555215 -63.21417606490966 143.1 -80.00947007375274 -23.474927022794855 153.25745 82.776726 -999.0 -999.0 -999.0 -999.0 -999.0 270.5152338348247 34.05483467349989 270.4079175687451 34.05560708148475 43.941444151034474 72.2654151258323 -999.0 16600.0 -999.0 2 -999 {-999.0 -999.0 -999.0 -999.0 -999.0} "" -999.0 -999.0 -999.0 -999.0 -999 -999 "" "" "" "" 0 0 0.0 0.0 -999 ""
FIBERMAP 918 R-4C10 BOSS 1 1 0 1 0 0 -53.998556161301906 -62.60649965081179 143.1 -79.35118681928863 -23.177444918771844 153.25745 82.776726 270.5191947957217 34.05599373892493 -42.2176 45.69766 0.9743738 270.51904352211284 34.05612439930209 270.4114736990259 34.056960897111594 43.93894235688935 72.26255076737857 5400.0 5400.0 2016.0 1 408 {-999.0 16.870747 16.385927 16.080353 -999.0} sdss_psfmag_ps1 16.663187 16.265228 15.696811 14.549 63050395770805956 1072881484 bright_1x1 mwm_halo_local_high_boss_single mwm_halo science 0 0 0.0 0.0 -999 ""
FIBERMAP 918 R-4C10 METROLOGY 0 0 0 1 0 0 -53.644270842210545 -63.25399358908611 143.1 -79.40592626558578 -23.913407909104258 153.25745 82.776726 -999.0 -999.0 -999.0 -999.0 -999.0 270.5186881805417 34.05279083765123 270.41120113637544 34.053611832687736 43.93830374094456 72.26712712499261 -999.0 6231.0 -999.0 -1 -999 {-999.0 -999.0 -999.0 -999.0 -999.0} "" -999.0 -999.0 -999.0 -999.0 -999 -999 "" "" "" "" 0 0 0.0 0.0 -999 ""
FIBERMAP 919 R-12C2 APOGEE 0 0 0 1 0 0 -133.52623156170588 -242.77929564679184 143.1 -244.04468579179286 -131.13014660982054 245.67993 143.1545 -999.0 -999.0 -999.0 -999.0 -999.0 269.6289310026895 33.564953134486665 269.52382973005183 33.56346712818721 44.52478820996237 73.19279807529074 -999.0 16600.0 -999.0 2 204 {-999.0 -999.0 -999.0 -999.0 -999.0} "" -999.0 -999.0 -999.0 -999.0 -999 -999 "" ops_sky_apogee_best_unassigned ops_sky sky_apogee 0 0 0.0 0.0 -999 ""
FIBERMAP 919 R-12C2 BOSS 1 1 0 1 0 0 -134.1739173058089 -243.1443872995096 143.1 -244.7866850355772 -131.08437096371043 245.67993 143.1545 269.62523161823924 33.5650977805262 -999.0 -999.0 -999.0 269.62519969268345 33.56509913604161 269.5198589636402 33.563656721862316 44.52803353238006 73.19374062071705 5400.0 5400.0 2016.0 1 339 {-999.0 22.051071 20.94633 20.271603 -999.0} sdss_psfmag_ps1 -999.0 -999.0 -999.0 -999.0 63050397252216404 1117900094 bright_1x1 openfibertargets_bhm_lofarradio_boss open_fiber science 0 0 0.0 0.0 -999 ""
FIBERMAP 919 R-12C2 METROLOGY 0 0 0 1 0 0 -134.17692835097313 -242.3947398448601 143.1 -244.38163556973467 -130.4536708104417 245.67993 143.1545 -999.0 -999.0 -999.0 -999.0 -999.0 269.62724301326006 33.567959061411 269.52195887592677 33.56650624044045 44.527079548353676 73.18924512736737 -999.0 6231.0 -999.0 -1 -999 {-999.0 -999.0 -999.0 -999.0 -999.0} "" -999.0 -999.0 -999.0 -999.0 -999 -999 "" "" "" "" 0 0 0.0 0.0 -999 ""
FIBERMAP 920 R+5C2 APOGEE 0 0 0 1 0 0 -201.5354183334793 86.00571663772376 143.1 -122.35699484410699 181.7441702794283 336.81476 95.99708 -999.0 -999.0 -999.0 -999.0 -999.0 270.28122851570305 34.98550973583288 270.17044995567596 34.98543414055054 44.36135497398889 71.07742736897478 -999.0 16600.0 -999.0 2 -999 {-999.0 -999.0 -999.0 -999.0 -999.0} "" -999.0 -999.0 -999.0 -999.0 -999 -999 "" "" "" "" 0 0 0.0 0.0 -999 ""
FIBERMAP 920 R+5C2 BOSS 1 1 0 1 0 0 -201.7045396416012 85.3277895895475 143.1 -122.86749465023011 181.2672406807451 336.81476 95.99708 270.27860203529275 34.98331074852355 1.8482294 1.9618819 1.1799386 270.2786267159392 34.98332698037545 270.1676104373597 34.98329492616729 44.36310114440156 71.0811120249794 5400.0 5400.0 2016.0 1 71 {-999.0 19.18116 17.799276 17.232012 -999.0} sdss_psfmag_ps1 18.54138 17.716866 16.807348 15.101 63050395770832781 1096625061 bright_1x1 mwm_bin_vis_boss mwm_filler science 0 0 0.0 0.0 -999 ""
FIBERMAP 920 R+5C2 METROLOGY 0 0 0 1 0 0 -202.2606219173614 85.83038340517388 143.1 -123.06087296956382 181.99132650641593 336.81476 95.99708 -999.0 -999.0 -999.0 -999.0 -999.0 270.2775004240947 34.98658761233724 270.1665420673288 34.98653759391539 44.364727789083894 71.07700165912786 -999.0 6231.0 -999.0 -1 -999 {-999.0 -999.0 -999.0 -999.0 -999.0} "" -999.0 -999.0 -999.0 -999.0 -999 -999 "" "" "" "" 0 0 0.0 0.0 -999 ""
FIBERMAP 921 R+2C21 APOGEE 0 0 0 1 0 0 179.16013224511366 55.1406129162325 143.1 180.32079346583913 -51.136673197477265 113.53967 90.71193 -999.0 -999.0 -999.0 -999.0 -999.0 271.9416043049684 33.92250791621463 271.83421597635277 33.92714492762332 42.76635650385563 72.01132155146001 -999.0 16600.0 -999.0 2 80 {-999.0 -999.0 -999.0 -999.0 -999.0} "" -999.0 -999.0 -999.0 -999.0 -999 -999 "" ops_sky_apogee_best_unassigned ops_sky sky_apogee 0 0 0.0 0.0 -999 ""
FIBERMAP 921 R+2C21 BOSS 1 1 0 1 0 0 179.81933844481443 55.48334630455595 143.1 181.06030406977786 -51.20747423604765 113.53967 90.71193 271.9459533691406 33.92206966593104 -999.0 -999.0 -999.0 271.94593706188846 33.92207521107061 271.8382923920245 33.92678276023661 42.76299982199921 72.0105698946092 5400.0 5400.0 2015.5 1 223 {-999.0 -999.0 -999.0 -999.0 -999.0} "" -999.0 -999.0 -999.0 -999.0 27021603155915696 813395032 "" ops_sky_boss_good ops_sky sky_boss 0 0 0.0 0.0 -999 ""
FIBERMAP 921 R+2C21 METROLOGY 0 0 0 1 0 0 179.80117275986174 54.739047415869436 143.1 180.64039221641798 -51.82217257961181 113.53967 90.71193 -999.0 -999.0 -999.0 -999.0 -999.0 271.94352016069627 33.91932624458257 271.8359594232312 33.924011304089014 42.764127428482205 72.01491087533532 -999.0 6231.0 -999.0 -1 -999 {-999.0 -999.0 -999.0 -999.0 -999.0} "" -999.0 -999.0 -999.0 -999.0 -999 -999 "" "" "" "" 0 0 0.0 0.0 -999 ""
FIBERMAP 925 R-13C12 APOGEE 0 0 0 1 0 0 83.69305548218097 -260.69171325171794 143.1 -71.50497039716755 -264.2613204347185 250.18869 65.661064 -999.0 -999.0 -999.0 -999.0 -999.0 270.5655737549083 32.966852221692896 270.4622929488437 32.96802096543177 43.61006960733609 73.701436753765 -999.0 16600.0 -999.0 2 182 {-999.0 -999.0 -999.0 -999.0 -999.0} "" -999.0 -999.0 -999.0 -999.0 -999 -999 "" "" "" "" 0 0 0.0 0.0 -999 ""
FIBERMAP 925 R-13C12 BOSS 1 1 0 1 0 0 83.14618126687589 -260.18790931210714 143.1 -71.6899638837369 -263.54122547392416 250.18869 65.661064 270.5644056029919 32.96998675358544 -12.827507 10.830858 2.6599617 270.5648041844421 32.97000068818706 270.4612664987593 32.97122508380205 43.611772895176486 73.69750432408682 5400.0 5400.0 2016.0 1 337 {-999.0 12.401555 12.02315 11.8876915 -999.0} sdss_psfmag_from_g3xp 12.336988 12.031393 11.556255 10.682 63050395770705451 996736058 bright_1x1 mwm_bin_gaia_sb_boss mwm_bin science 0 0 1.3558790683746338 0.0 -999 ""
FIBERMAP 925 R-13C12 METROLOGY 0 0 0 1 0 0 83.84765953046613 -259.9599397858023 143.1 -70.97737689654588 -263.7313129763953 250.18869 65.661064 -999.0 -999.0 -999.0 -999.0 -999.0 270.56857714343 32.969161741395254 270.4651105722387 32.97037990979095 43.60843969103801 73.69741115335398 -999.0 6231.0 -999.0 -1 -999 {-999.0 -999.0 -999.0 -999.0 -999.0} "" -999.0 -999.0 -999.0 -999.0 -999 -999 "" "" "" "" 0 0 0.0 0.0 -999 ""
FIBERMAP 932 R0C19 APOGEE 1 1 0 1 0 0 125.71473857702505 9.317947066828228 143.1 110.55900063956642 -60.53079341329896 59.712357 86.69982 271.5603889689424 33.882686127011915 18.160429 30.421938 3.0507367 271.5604402325943 33.882814926849505 271.4533501532221 33.88643597760426 43.06030030513938 72.17950622650125 16000.0 16600.0 2016.0 2 64 {-999.0 11.70306 11.353979 11.247052 -999.0} sdss_psfmag_from_g3xp 11.649575 11.36663 10.91855 10.12 63050395770722654 996664267 bright_1x1 mwm_bin_gaia_sb_apogee mwm_bin science 0 0 0.0 0.0 -999 ""
FIBERMAP 932 R0C19 BOSS 0 0 0 1 0 0 126.37091570774462 8.956098271747765 143.1 110.9128948028473 -61.19119434583312 59.712357 86.69982 -999.0 -999.0 -999.0 -999.0 -999.0 271.5626495419812 33.87971434803117 271.4553165983166 33.88339990543705 43.05792237557582 72.18292184383614 -999.0 5400.0 -999.0 1 242 {-999.0 -999.0 -999.0 -999.0 -999.0} "" -999.0 -999.0 -999.0 -999.0 -999 -999 "" "" "" "" 0 0 0.0 0.0 -999 ""
FIBERMAP 932 R0C19 METROLOGY 0 0 0 1 0 0 125.74877837439168 8.542550760489302 143.1 110.16598939771634 -61.1999706289116 59.712357 86.69982 -999.0 -999.0 -999.0 -999.0 -999.0 271.5584817402917 33.87972278115416 271.4512223119742 33.88338073453037 43.061194998763234 72.18417869892181 -999.0 6231.0 -999.0 -1 -999 {-999.0 -999.0 -999.0 -999.0 -999.0} "" -999.0 -999.0 -999.0 -999.0 -999 -999 "" "" "" "" 0 0 0.0 0.0 -999 ""
FIBERMAP 934 R+3C10 APOGEE 0 0 0 1 0 0 -76.90218105527039 52.19247910635769 143.1 -36.15554447310741 85.60805150438145 260.7108 34.974373 -999.0 -999.0 -999.0 -999.0 -999.0 270.757045888925 34.551459841572964 270.6477409702844 34.552762436724784 43.87537762542763 71.528263000908 -999.0 16600.0 -999.0 2 -999 {-999.0 -999.0 -999.0 -999.0 -999.0} "" -999.0 -999.0 -999.0 -999.0 -999 -999 "" "" "" "" 0 0 0.0 0.0 -999 ""
FIBERMAP 934 R+3C10 BOSS 1 1 0 1 0 0 -77.23120913392245 52.95052128507907 143.1 -36.01950651049635 86.4230484013497 260.7108 34.974373 270.758056640625 34.55518274689347 -999.0 -999.0 -999.0 270.75803348269335 34.55515427274985 270.6484644595025 34.55651157663556 43.87573588423837 71.52302020660545 5400.0 5400.0 2015.5 1 24 {-999.0 -999.0 -999.0 -999.0 -999.0} "" -999.0 -999.0 -999.0 -999.0 27021603155904715 813393800 "" ops_sky_boss_good ops_sky sky_boss 0 0 0.0 0.0 -999 ""
FIBERMAP 934 R+3C10 METROLOGY 0 0 0 1 0 0 -76.49540763389264 52.81793683008683 143.1 -35.47414710378614 85.9117425334182 260.7108 34.974373 -999.0 -999.0 -999.0 -999.0 -999.0 270.7609766502724 34.55283471795608 270.65148601268436 34.55418547886562 43.872745794774154 71.5252838364022 -999.0 6231.0 -999.0 -1 -999 {-999.0 -999.0 -999.0 -999.0 -999.0} "" -999.0 -999.0 -999.0 -999.0 -999 -999 "" "" "" "" 0 0 0.0 0.0 -999 ""
FIBERMAP 936 R+2C20 APOGEE 0 0 0 1 0 0 149.74611746302116 45.89160497321119 143.1 150.60956623029392 -42.90581473548358 102.203384 143.23248 -999.0 -999.0 -999.0 -999.0 -999.0 271.7803589069954 33.961300159732936 271.6728870371096 33.96549379861371 42.905567304888315 72.00937124706462 -999.0 16600.0 -999.0 2 -999 {-999.0 -999.0 -999.0 -999.0 -999.0} "" -999.0 -999.0 -999.0 -999.0 -999 -999 "" "" "" "" 0 0 0.0 0.0 -999 ""
FIBERMAP 936 R+2C20 BOSS 1 1 0 1 0 0 150.03242616375707 46.58041575743172 143.1 151.22432066000027 -42.483465769225575 102.203384 143.23248 271.7840894656295 33.96319626755725 -6.3667774 -27.107628 7.589555 271.7840642193824 33.96311624346869 271.6763287796683 33.96737754818778 42.90331354380501 72.00585944971715 5400.0 5400.0 2016.0 1 222 {-999.0 18.27668 16.819662 15.472614 -999.0} sdss_psfmag_ps1 -999.0 16.947258 -999.0 12.652 63050395770885193 1094237677 bright_1x1 mwm_bin_vis_boss mwm_filler science 0 0 0.0 0.0 -999 ""
FIBERMAP 936 R+2C20 METROLOGY 0 0 0 1 0 0 150.4859842380606 45.9878293760647 143.1 151.28273818642637 -43.227326995766425 102.203384 143.23248 -999.0 -999.0 -999.0 -999.0 -999.0 271.7842470524226 33.95975318641596 271.6765965659621 33.9639993332707 42.90220476655524 72.01022634195596 -999.0 6231.0 -999.0 -1 -999 {-999.0 -999.0 -999.0 -999.0 -999.0} "" -999.0 -999.0 -999.0 -999.0 -999 -999 "" "" "" "" 0 0 0.0 0.0 -999 ""
FIBERMAP 938 R+12C15 APOGEE 1 1 0 1 0 0 172.15054165428649 226.54468870841222 143.1 267.6294899776852 96.50728488269344 5.489506 87.84218 272.42632413069884 34.584709875153 4.5172644 3.8599849 0.5902591 272.426335598586 34.58472406105478 272.3162476528722 34.59050521847116 42.55631603737004 70.99856461495278 16000.0 16600.0 2016.0 2 44 {-999.0 12.093321 11.177035 10.825966 -999.0} sdss_psfmag_from_g3xp 11.802258 11.204113 10.468554 8.883 63050395770890412 1110112531 bright_1x1 mwm_tess_rgb_apogee mwm_tessrgb science 0 0 0.0 0.0 -999 ""
FIBERMAP 938 R+12C15 BOSS 0 0 0 1 0 0 172.19723980046507 225.80405530213065 143.1 267.2660011858561 95.86039656492936 5.489506 87.84218 -999.0 -999.0 -999.0 -999.0 -999.0 272.4245792940149 34.58178378832076 272.3142425748133 34.58761857120397 42.55716152441453 71.00293056103084 -999.0 5400.0 -999.0 1 179 {-999.0 -999.0 -999.0 -999.0 -999.0} "" -999.0 -999.0 -999.0 -999.0 -999 -999 "" "" "" "" 0 0 0.0 0.0 -999 ""
FIBERMAP 938 R+12C15 METROLOGY 0 0 0 1 0 0 171.52831417783355 226.12977924039416 143.1 266.88176844650485 96.49741473005662 5.489506 87.84218 -999.0 -999.0 -999.0 -999.0 -999.0 272.4224712485841 34.58471263831751 272.31219799095527 34.59052468609786 42.55954083078675 70.99971284278735 -999.0 6231.0 -999.0 -1 -999 {-999.0 -999.0 -999.0 -999.0 -999.0} "" -999.0 -999.0 -999.0 -999.0 -999 -999 "" "" "" "" 0 0 0.0 0.0 -999 ""
FIBERMAP 940 R+12C5 APOGEE 0 0 0 1 0 0 -48.47448587664285 237.1787257718396 143.1 88.27467766981883 225.38250909607163 61.279778 60.491867 -999.0 -999.0 -999.0 -999.0 -999.0 271.44868384586925 35.18000822282791 271.33667466737336 35.1830171920844 43.48311386803781 70.49089363205707 -999.0 16600.0 -999.0 2 -999 {-999.0 -999.0 -999.0 -999.0 -999.0} "" -999.0 -999.0 -999.0 -999.0 -999 -999 "" "" "" "" 0 0 0.0 0.0 -999 ""
FIBERMAP 940 R+12C5 BOSS 1 1 0 1 0 0 -48.09185954142975 236.5508434775567 143.1 88.25438311542987 224.64759438289886 61.279778 60.491867 271.4488429650509 35.176681082613605 -7.1384077 -0.7792116 0.13701496 271.448824738365 35.17668983442123 271.33657313197466 35.17975249264296 43.48239756275154 70.49528490870972 5400.0 5400.0 2016.0 1 157 {-999.0 18.220947 17.874626 17.719286 -999.0} sdss_psfmag_ps1 18.152548 17.863022 17.438599 -999.0 63050395770992019 975941653 "" ops_std_boss ops_std standard_boss 0 0 0.0 0.0 -999 ""
FIBERMAP 940 R+12C5 METROLOGY 0 0 0 1 0 0 -48.82640511678656 236.52083913348275 143.1 87.62167963283156 225.0217818033336 61.279778 60.491867 -999.0 -999.0 -999.0 -999.0 -999.0 271.4452559232021 35.17841075395313 271.33307139035935 35.18144852348233 43.485587060472646 70.49398080665293 -999.0 6231.0 -999.0 -1 -999 {-999.0 -999.0 -999.0 -999.0 -999.0} "" -999.0 -999.0 -999.0 -999.0 -999 -999 "" "" "" "" 0 0 0.0 0.0 -999 ""
FIBERMAP 941 R-13C14 APOGEE 0 0 0 1 1 0 128.71300523341463 -255.02426136013352 143.1 -30.645355319927553 -283.98242250346533 218.32266 85.604195 -999.0 -999.0 -999.0 -999.0 -999.0 270.7857784317857 32.87854539476631 270.68273144827606 32.88032707920172 43.40807683670429 73.74771821279143 -999.0 16600.0 -999.0 2 -999 {-999.0 -999.0 -999.0 -999.0 -999.0} "" -999.0 -999.0 -999.0 -999.0 -999 -999 "" "" "" "" 0 0 0.0 0.0 -999 ""
FIBERMAP 941 R-13C14 BOSS 1 0 0 1 1 0 128.29710333553797 -254.41155195104912 143.1 -30.66123314776713 -283.2421484383546 218.32266 85.604195 270.8721763837432 32.887034677474674 -2.5762668 -8.478876 0.2165671 270.7859393858685 32.88178119053056 270.6826335334133 32.883621966885144 43.409063918982184 73.7433895763188 5400.0 5400.0 2016.0 1 257 {-999.0 12.964918 11.724753 11.185654 -999.0} sdss_psfmag_from_g3xp 12.496837 11.6868305 10.807589 8.826 63050395770699585 996736032 bright_1x1 mwm_bin_gaia_sb_boss mwm_bin science 0 0 1.605421543121338 0.0 -999 ""
FIBERMAP 941 R-13C14 METROLOGY 0 0 0 1 1 0 129.04170020924488 -254.35446915849505 143.1 -30.00537287209424 -283.59907790326787 218.32266 85.604195 -999.0 -999.0 -999.0 -999.0 -999.0 270.7893988658211 32.880205178028675 270.6861673431699 32.882038798986315 43.40577490516093 73.74435865627964 -999.0 6231.0 -999.0 -1 -999 {-999.0 -999.0 -999.0 -999.0 -999.0} "" -999.0 -999.0 -999.0 -999.0 -999 -999 "" "" "" "" 0 0 0.0 0.0 -999 ""
FIBERMAP 942 R+1C24 APOGEE 1 1 0 1 0 0 238.3189042147845 35.83659684488681 143.1 219.46818467395008 -99.49960595905758 105.36151 87.62557 272.14905882341117 33.70145473862563 13.319457 30.012434 4.998527 272.14907737231675 33.701566921535246 272.0424387708413 33.70681646109582 42.5405382620356 72.23671041803237 16000.0 16600.0 2016.0 2 59 {-999.0 11.903393 11.342073 11.207788 -999.0} sdss_psfmag_from_g3xp 11.839226 11.504178 10.880378 9.978 63050395770877283 1103605804 bright_1x1 mwm_tess_2min_apogee mwm_planet science 0 0 0.0 0.0 -999 ""
FIBERMAP 942 R+1C24 BOSS 0 0 0 1 0 0 239.03410932385947 36.02106157355878 143.1 220.1686373344191 -99.73366345936707 105.36151 87.62557 -999.0 -999.0 -999.0 -999.0 -999.0 272.1531147517022 33.7004045362649 272.04622163522447 33.7057254764476 42.53721345201984 72.23697884057151 -999.0 5400.0 -999.0 1 183 {-999.0 -999.0 -999.0 -999.0 -999.0} "" -999.0 -999.0 -999.0 -999.0 -999 -999 "" "" "" "" 0 0 0.0 0.0 -999 ""
FIBERMAP 942 R+1C24 METROLOGY 0 0 0 1 0 0 238.83480472008216 35.29651846665505 143.1 219.6074646536377 -100.23330033089142 105.36151 87.62557 -999.0 -999.0 -999.0 -999.0 -999.0 272.1499579087916 33.69819191011342 272.043147226094 33.70348781491157 42.53906926548438 72.24084250029068 -999.0 6231.0 -999.0 -1 -999 {-999.0 -999.0 -999.0 -999.0 -999.0} "" -999.0 -999.0 -999.0 -999.0 -999 -999 "" "" "" "" 0 0 0.0 0.0 -999 ""
FIBERMAP 943 R-4C19 APOGEE 1 1 0 1 0 0 147.16194770466132 -70.87883750616386 143.1 84.95409686547431 -139.48818469637 135.20016 126.830185 271.41596975772796 33.52523963088455 0.835109 5.3298626 2.4947336 271.41631749966143 33.52524563537964 271.31062376832347 33.52856571014088 43.07917639435456 72.69499955485924 16000.0 16600.0 2016.0 2 223 {-999.0 9.014996 8.340283 8.069487 -999.0} sdss_psfmag_from_g3xp 8.841841 8.369302 7.7277007 6.444 63050395770720994 996664265 bright_1x1 mwm_bin_gaia_sb_apogee mwm_bin science 0 0 1.0863604545593262 0.0 -999 ""
FIBERMAP 943 R-4C19 BOSS 0 0 0 1 0 0 147.2616096307883 -70.1380214084394 143.1 85.44050233967582 -138.92071764909758 135.20016 126.830185 -999.0 -999.0 -999.0 -999.0 -999.0 271.41928421284734 33.52769448064498 271.3133280517968 33.53108069874205 43.07768257228282 72.69085248035833 -999.0 5400.0 -999.0 1 291 {-999.0 -999.0 -999.0 -999.0 -999.0} "" -999.0 -999.0 -999.0 -999.0 -999 -999 "" "" "" "" 0 0 0.0 0.0 -999 ""
FIBERMAP 943 R-4C19 METROLOGY 0 0 0 1 0 0 147.849778124777 -70.5937216460674 143.1 85.68630124662543 -139.62289792380864 135.20016 126.830185 -999.0 -999.0 -999.0 -999.0 -999.0 271.42050622213475 33.52453562566929 271.31463280067373 33.52790925684619 43.07578109086067 72.69463295404364 -999.0 6231.0 -999.0 -1 -999 {-999.0 -999.0 -999.0 -999.0 -999.0} "" -999.0 -999.0 -999.0 -999.0 -999 -999 "" "" "" "" 0 0 0.0 0.0 -999 ""
FIBERMAP 944 R-1C11 APOGEE 1 1 0 1 0 0 -41.9264993890308 -32.19303648127431 143.1 -52.68546830509228 -4.219594846308674 359.73776 68.095795 270.66541284536936 34.142578889703195 6.9546657 -3.7447846 1.9236275 270.66535874221074 34.14254750494274 270.5576485888605 34.143701680895056 43.844092911435375 72.10325414818521 16000.0 16600.0 2016.0 2 282 {-999.0 10.623693 10.550321 10.587187 -999.0} sdss_psfmag_from_g3xp 10.673068 10.526631 10.266428 9.902 63050395770801686 975100210 "" ops_std_apogee ops_std standard_apogee 0 0 0.0 0.0 -999 ""
FIBERMAP 944 R-1C11 BOSS 0 0 0 1 0 0 -42.23371878551954 -32.86120849561631 143.1 -53.30654874284027 -4.613255941710462 359.73776 68.095795 -999.0 -999.0 -999.0 -999.0 -999.0 270.66215351260587 34.14069805027594 270.55420350142174 34.14189832271156 43.84638915818616 72.10668127289222 -999.0 5400.0 -999.0 1 440 {-999.0 -999.0 -999.0 -999.0 -999.0} "" -999.0 -999.0 -999.0 -999.0 -999 -999 "" "" "" "" 0 0 0.0 0.0 -999 ""
FIBERMAP 944 R-1C11 METROLOGY 0 0 0 1 0 0 -42.673380061201776 -32.26954649920994 143.1 -53.35380741644325 -3.8777259652337976 359.73776 68.095795 -999.0 -999.0 -999.0 -999.0 -999.0 270.6618307202379 34.14406497197305 270.55393841770615 34.145248189190575 43.847456638010485 72.10226802870858 -999.0 6231.0 -999.0 -1 -999 {-999.0 -999.0 -999.0 -999.0 -999.0} "" -999.0 -999.0 -999.0 -999.0 -999 -999 "" "" "" "" 0 0 0.0 0.0 -999 ""
FIBERMAP 948 R-8C9 APOGEE 0 0 0 1 0 0 -13.161450228179904 -149.2491419201537 143.1 -92.18970275267111 -118.08594879089732 15.100811 134.19147 -999.0 -999.0 -999.0 -999.0 -999.0 270.44994660686166 33.62473550993 270.3442741880144 33.62543563405638 43.88107499666873 72.86115966405538 -999.0 16600.0 -999.0 2 -999 {-999.0 -999.0 -999.0 -999.0 -999.0} "" -999.0 -999.0 -999.0 -999.0 -999 -999 "" "" "" "" 0 0 0.0 0.0 -999 ""
FIBERMAP 948 R-8C9 BOSS 1 1 0 1 0 0 -12.51580095532352 -149.6270111777487 143.1 -91.85335316361707 -118.7540693220483 15.100811 134.19147 270.4520601481006 33.62165263316039 -14.7332 -24.153852 0.85953665 270.4519983869732 33.62160353517488 270.3460908978806 33.622365571202344 43.87881009233537 72.86471951213588 5400.0 5400.0 2016.0 1 384 {-999.0 16.764706 16.066336 15.833111 -999.0} sdss_psfmag_ps1 16.520391 16.102716 15.510988 14.385 63050395770790024 1072824164 bright_1x1 mwm_halo_local_high_boss_single mwm_halo science 0 0 0.0 0.0 -999 ""
FIBERMAP 948 R-8C9 METROLOGY 0 0 0 1 0 0 -13.165605085328979 -149.99522818706515 143.1 -92.5988292673703 -118.70976455777517 15.100811 134.19147 -999.0 -999.0 -999.0 -999.0 -999.0 270.44787112184054 33.62183063210087 270.3420342114117 33.62256575932 43.8821223773049 72.86568057264981 -999.0 6231.0 -999.0 -1 -999 {-999.0 -999.0 -999.0 -999.0 -999.0} "" -999.0 -999.0 -999.0 -999.0 -999 -999 "" "" "" "" 0 0 0.0 0.0 -999 ""
FIBERMAP 950 R-5C15 APOGEE 0 0 0 1 0 0 86.62149877856265 -108.44749911673382 143.1 13.72614571554101 -138.0984828639945 312.04626 111.23258 -999.0 -999.0 -999.0 -999.0 -999.0 271.02800175810813 33.53300148622319 270.9224348143755 33.535275747153804 43.392714142356866 72.80520948917297 -999.0 16600.0 -999.0 2 -999 {-999.0 -999.0 -999.0 -999.0 -999.0} "" -999.0 -999.0 -999.0 -999.0 -999 -999 "" "" "" "" 0 0 0.0 0.0 -999 ""
FIBERMAP 950 R-5C15 BOSS 1 1 0 1 0 0 86.30036922870873 -109.11105421922319 143.1 13.095902810047576 -138.4807068822016 312.04626 111.23258 271.0247641793414 33.531192047242804 -3.9533353 -5.7422953 0.38202518 271.02480938767405 33.53116489388138 270.91900106807407 33.53348863376011 43.3949954289151 72.80863111415636 5400.0 5400.0 2016.0 1 315 {-999.0 18.398005 18.00047 17.842348 17.778067} sdss_psfmag_from_gaia 18.3202 18.0136 17.5005 -999.0 63050395770719379 971350244 "" ops_std_boss_gdr2 ops_std standard_boss 0 0 0.0 0.0 -999 ""
FIBERMAP 950 R-5C15 METROLOGY 0 0 0 1 0 0 85.87790694339381 -108.50859873360669 143.1 13.068944904086704 -137.74547052786565 312.04626 111.23258 -999.0 -999.0 -999.0 -999.0 -999.0 271.024607039139 33.53452438250088 270.918856978755 33.53683043081175 43.396003181219506 72.80424305434099 -999.0 6231.0 -999.0 -1 -999 {-999.0 -999.0 -999.0 -999.0 -999.0} "" -999.0 -999.0 -999.0 -999.0 -999 -999 "" "" "" "" 0 0 0.0 0.0 -999 ""
FIBERMAP 951 R+2C24 APOGEE 0 0 0 1 0 0 257.5911079725525 45.18110415818308 143.1 240.7208817834514 -102.13632067285285 30.299685 117.25301 -999.0 -999.0 -999.0 -999.0 -999.0 272.2631099878231 33.6886790753708 272.15647603720345 33.69423898480558 42.445810757684804 72.21822363476508 -999.0 16600.0 -999.0 2 -999 {-999.0 -999.0 -999.0 -999.0 -999.0} "" -999.0 -999.0 -999.0 -999.0 -999 -999 "" "" "" "" 0 0 0.0 0.0 -999 ""
FIBERMAP 951 R+2C24 BOSS 1 1 0 1 0 0 258.22342303055086 44.79061172390872 143.1 241.0391789291274 -102.80778419693054 30.299685 117.25301 272.264998698367 33.68557371897775 0.69044983 -4.455412 0.7741756 272.26501139570314 33.68556782786106 272.1581303117 33.69119425404293 42.4436587944936 72.2216875892176 5400.0 5400.0 2016.0 1 185 {-999.0 14.464295 14.148076 14.0520525 -999.0} sdss_psfmag_from_g3xp 14.423764 14.152735 13.724589 13.003 63050395770877174 977838475 "" ops_std_boss ops_std standard_boss 0 0 0.0 0.0 -999 ""
FIBERMAP 951 R+2C24 METROLOGY 0 0 0 1 0 0 257.56981102778843 44.435310339051064 143.1 240.2975295689719 -102.75057104406208 30.299685 117.25301 -999.0 -999.0 -999.0 -999.0 -999.0 272.26095927968146 33.68587942146093 272.154151723303 33.69147766094808 42.44692157374493 72.22253704725193 -999.0 6231.0 -999.0 -1 -999 {-999.0 -999.0 -999.0 -999.0 -999.0} "" -999.0 -999.0 -999.0 -999.0 -999 -999 "" "" "" "" 0 0 0.0 0.0 -999 ""
FIBERMAP 954 R+12C12 APOGEE 0 0 0 1 0 0 96.53807527984546 243.07103455317534 143.1 213.16486698658272 151.4850656479404 52.049213 121.41011 -999.0 -999.0 -999.0 -999.0 -999.0 272.13351313530217 34.838056783111604 272.02256265308733 34.84298846150875 42.8544089448691 70.7507474390365 -999.0 16600.0 -999.0 2 -999 {-999.0 -999.0 -999.0 -999.0 -999.0} "" -999.0 -999.0 -999.0 -999.0 -999 -999 "" "" "" "" 0 0 0.0 0.0 -999 ""
FIBERMAP 954 R+12C12 BOSS 1 1 0 1 0 0 97.27388768147291 242.99095588002098 143.1 213.73878243403416 151.0178138286595 52.049213 121.41011 272.1369066901749 34.83582408728522 -0.82785726 -0.92700166 -0.08181454 272.1368962443501 34.83584647464797 272.025693772501 34.840843600490274 42.85137903357505 70.752688050534 5400.0 5400.0 2016.0 1 101 {-999.0 17.960745 17.164375 16.91623 -999.0} sdss_psfmag_ps1 17.749306 17.194746 16.503275 15.103 63050395770892929 1061186531 bright_1x1 manual_mwm_halo_distant_kgiant_far_boss_single mwm_halo science 0 0 0.0 0.0 -999 ""
FIBERMAP 954 R+12C12 METROLOGY 0 0 0 1 0 0 96.8435703084464 242.39034757077306 143.1 213.0511386598824 150.74777568887316 52.049213 121.41011 -999.0 -999.0 -999.0 -999.0 -999.0 272.1330554871877 34.83471290920999 272.02193233104583 34.839684154184404 42.854070990188234 70.75528638718419 -999.0 6231.0 -999.0 -1 -999 {-999.0 -999.0 -999.0 -999.0 -999.0} "" -999.0 -999.0 -999.0 -999.0 -999 -999 "" "" "" "" 0 0 0.0 0.0 -999 ""
FIBERMAP 956 R+10C8 APOGEE 0 0 0 1 0 0 -15.248313144007493 196.32294115014864 143.1 93.94336126612434 173.03381964332246 305.95 168.84253 -999.0 -999.0 -999.0 -999.0 -999.0 271.4787935544037 34.94431157767646 271.36768680854163 34.947457724483655 43.400570531946535 70.7967574953721 -999.0 16600.0 -999.0 2 -999 {-999.0 -999.0 -999.0 -999.0 -999.0} "" -999.0 -999.0 -999.0 -999.0 -999 -999 "" "" "" "" 0 0 0.0 0.0 -999 ""
FIBERMAP 956 R+10C8 BOSS 1 1 0 1 0 0 -14.922099742152483 195.65346390213347 143.1 93.85311328891785 172.29467189736118 305.95 168.84253 271.4785761512072 34.940981411315654 -8.190062 -4.543246 0.3460932 271.47855954784575 34.94097208825567 271.3672107858803 34.94417190743736 43.40013392820534 70.80127181712413 5400.0 5400.0 2016.0 1 120 {-999.0 16.640997 16.293285 16.188688 -999.0} sdss_psfmag_ps1 16.611547 16.314634 15.851134 14.993 63050395770986589 977099491 "" ops_std_boss ops_std standard_boss 0 0 0.0 0.0 -999 ""
FIBERMAP 956 R+10C8 METROLOGY 0 0 0 1 0 0 -15.667640661168566 195.7058298037424 143.1 93.2559670330925 172.74395797902397 305.95 168.84253 -999.0 -999.0 -999.0 -999.0 -999.0 271.4751921816588 34.943037473422436 271.36390904597283 34.94621257934562 43.4032617900606 70.79947429727048 -999.0 6231.0 -999.0 -1 -999 {-999.0 -999.0 -999.0 -999.0 -999.0} "" -999.0 -999.0 -999.0 -999.0 -999 -999 "" "" "" "" 0 0 0.0 0.0 -999 ""
FIBERMAP 962 R-1C12 APOGEE 0 0 0 1 0 0 -23.591570765580634 -30.06712788835648 143.1 -36.14396440648913 -12.40417460719392 326.40167 104.77747 -999.0 -999.0 -999.0 -999.0 -999.0 270.75634012752766 34.105194479441536 270.6487340428372 34.1066017138652 43.7617073879057 72.12620897151089 -999.0 16600.0 -999.0 2 -999 {-999.0 -999.0 -999.0 -999.0 -999.0} "" -999.0 -999.0 -999.0 -999.0 -999 -999 "" "" "" "" 0 0 0.0 0.0 -999 ""
FIBERMAP 962 R-1C12 BOSS 1 1 0 1 0 0 -23.813430712962848 -30.77242468160307 143.1 -36.713600258857035 -12.875397901493084 326.40167 104.77747 270.7534026072892 34.10298558190682 6.8060966 0.6413048 1.4703267 270.7534268448426 34.10298871467068 270.64558159003764 34.10444331157227 43.76367668397923 72.13002464178555 5400.0 5400.0 2016.0 1 439 {-999.0 20.08263 18.707424 17.879404 -999.0} sdss_psfmag_ps1 19.525253 18.449757 17.46045 15.541 63050395770801617 1096608347 bright_1x1 mwm_bin_vis_boss mwm_filler science 0 0 0.0 0.0 -999 ""
FIBERMAP 962 R-1C12 METROLOGY 0 0 0 1 0 0 -24.320682114685376 -30.225427039075782 143.1 -36.84186044664717 -12.140599697221273 326.40167 104.77747 -999.0 -999.0 -999.0 -999.0 -999.0 270.75265969645085 34.10635432869857 270.64487250091133 34.1077905628738 43.76510266668104 72.12575332801521 -999.0 6231.0 -999.0 -1 -999 {-999.0 -999.0 -999.0 -999.0 -999.0} "" -999.0 -999.0 -999.0 -999.0 -999 -999 "" "" "" "" 0 0 0.0 0.0 -999 ""
FIBERMAP 963 R+9C11 APOGEE 0 0 0 1 0 0 42.612459528401104 183.17732996258394 143.1 135.34980855954328 130.54439272625805 40.173084 120.387726 -999.0 -999.0 -999.0 -999.0 -999.0 271.70589614021236 34.74985864639979 271.5954503245857 34.753661643062564 43.171126564269414 70.99029770618364 -999.0 16600.0 -999.0 2 28 {-999.0 -999.0 -999.0 -999.0 -999.0} "" -999.0 -999.0 -999.0 -999.0 -999 -999 "" ops_sky_apogee_best_unassigned ops_sky sky_apogee 0 0 0.0 0.0 -999 ""
FIBERMAP 963 R+9C11 BOSS 1 1 0 1 0 0 43.319020368060606 182.95086792614362 143.1 135.81959046042488 129.97020780288773 40.173084 120.387726 271.7089112514841 34.74728417000231 -43.003227 -26.61793 1.2696737 271.70876436834857 34.74721091140059 271.59807143534897 34.75107715828539 43.168390472028975 70.99298146700204 5400.0 5400.0 2016.0 1 133 {-999.0 16.45488 15.614386 15.324829 -999.0} sdss_psfmag_ps1 16.193327 15.658407 14.963746 13.616 63050395770984582 1073338899 bright_1x1 mwm_halo_local_high_boss_single mwm_halo science 0 0 0.0 0.0 -999 ""
FIBERMAP 963 R+9C11 METROLOGY 0 0 0 1 0 0 42.74252068204393 182.43823988000582 143.1 135.0571125271592 129.8534758092646 40.173084 120.387726 -999.0 -999.0 -999.0 -999.0 -999.0 271.7044795475226 34.746740604265 271.59386271694655 34.75057987992571 43.171611067134315 70.9948378812374 -999.0 6231.0 -999.0 -1 -999 {-999.0 -999.0 -999.0 -999.0 -999.0} "" -999.0 -999.0 -999.0 -999.0 -999 -999 "" "" "" "" 0 0 0.0 0.0 -999 ""
FIBERMAP 964 R+8C14 APOGEE 0 0 0 1 0 0 85.09178398893745 133.93741117325686 143.1 144.22485641120363 66.12934685385702 328.66278 26.370777 -999.0 -999.0 -999.0 -999.0 -999.0 271.7518516232121 34.457232595964996 271.64250941765783 34.46122960259786 43.05918299616044 71.3641707432617 -999.0 16600.0 -999.0 2 -999 {-999.0 -999.0 -999.0 -999.0 -999.0} "" -999.0 -999.0 -999.0 -999.0 -999 -999 "" "" "" "" 0 0 0.0 0.0 -999 ""
FIBERMAP 964 R+8C14 BOSS 1 1 0 1 0 0 84.32053688339461 133.99068154929995 143.1 143.60663068600377 66.59336812931197 328.66278 26.370777 271.7490097455163 34.45926740712161 -50.370174 10.908517 1.1027838 271.74879929092 34.459342878290336 271.63919429785244 34.46338729169012 43.062379131184855 71.3622785254509 5400.0 5400.0 2016.0 1 161 {-999.0 18.863752 17.582834 17.071142 -999.0} sdss_psfmag_ps1 18.35025 17.566515 16.64691 14.838 63050395770888902 1072824233 bright_1x1 mwm_halo_local_high_boss_single mwm_halo science 0 0 0.0 0.0 -999 ""
FIBERMAP 964 R+8C14 METROLOGY 0 0 0 1 0 0 84.75872335823979 134.60504325516357 143.1 144.30835536985882 66.87066901050609 328.66278 26.370777 -999.0 -999.0 -999.0 -999.0 -999.0 271.7525819478413 34.460572655114 271.64304329037634 34.46461104335616 43.05962690393072 71.35954339747548 -999.0 6231.0 -999.0 -1 -999 {-999.0 -999.0 -999.0 -999.0 -999.0} "" -999.0 -999.0 -999.0 -999.0 -999 -999 "" "" "" "" 0 0 0.0 0.0 -999 ""
FIBERMAP 965 R+5C15 APOGEE 0 0 0 1 0 0 86.56031893596554 98.56345328540458 143.1 126.22468702802612 35.64703080949334 316.0001 159.40807 -999.0 -999.0 -999.0 -999.0 -999.0 271.65146453891185 34.31966641937961 271.542685871961 34.32342667445513 43.103239679142774 71.57554207474186 -999.0 16600.0 -999.0 2 -999 {-999.0 -999.0 -999.0 -999.0 -999.0} "" -999.0 -999.0 -999.0 -999.0 -999 -999 "" "" "" "" 0 0 0.0 0.0 -999 ""
FIBERMAP 965 R+5C15 BOSS 1 1 0 1 0 0 86.89940398231612 97.89767267174315 143.1 126.14725005458045 34.90398688624663 316.0001 159.40807 271.65133973139956 34.316214648359 -3.802528 1.9003122 0.1397854 271.6513220732995 34.31624825834639 271.5423014553752 34.32006534567955 43.10267709438466 71.58010167573104 5400.0 5400.0 2016.0 1 213 {-999.0 15.402269 14.822659 14.584951 -999.0} sdss_psfmag_from_g3xp 15.262204 14.840048 14.240527 13.088 63050395770888003 1061885726 bright_1x1 manual_mwm_halo_mp_wise_boss_single mwm_halo science 0 0 0.0 0.0 -999 ""
FIBERMAP 965 R+5C15 METROLOGY 0 0 0 1 0 0 86.15848718729725 97.93480932713089 143.1 125.54570411440031 35.33797932666308 316.0001 159.40807 -999.0 -999.0 -999.0 -999.0 -999.0 271.6479553878014 34.31826541973073 271.53900069616884 34.322056974905166 43.10582547843487 71.57843220916078 -999.0 6231.0 -999.0 -1 -999 {-999.0 -999.0 -999.0 -999.0 -999.0} "" -999.0 -999.0 -999.0 -999.0 -999 -999 "" "" "" "" 0 0 0.0 0.0 -999 ""
FIBERMAP 971 R+4C2 APOGEE 0 0 0 1 0 0 -244.37331369945454 82.20058248581464 143.1 -160.37302502871208 201.84166521974424 225.5587 44.03678 -999.0 -999.0 -999.0 -999.0 -999.0 270.0719297448063 35.07406022237251 269.96089631683515 35.07340343323848 44.54896389384686 71.01499186790306 -999.0 16600.0 -999.0 2 -999 {-999.0 -999.0 -999.0 -999.0 -999.0} "" -999.0 -999.0 -999.0 -999.0 -999 -999 "" "" "" "" 0 0 0.0 0.0 -999 ""
FIBERMAP 971 R+4C2 BOSS 1 1 0 1 0 0 -244.37004385646344 82.94907213038607 143.1 -159.9633344759042 202.46797894324777 225.5587 44.03678 270.07440885213276 35.07691955741778 8.774828 -16.378578 0.553885 270.0744229134097 35.07685450620535 269.9631314544109 35.07625281939566 44.54786133962232 71.01049955275118 5400.0 5400.0 2016.0 1 72 {-999.0 17.126331 16.602142 16.419886 -999.0} sdss_psfmag_ps1 16.989084 16.614332 16.06248 15.022 63050395770837908 1072881532 bright_1x1 mwm_halo_local_high_boss_single mwm_halo science 0 0 0.0 0.0 -999 ""
FIBERMAP 971 R+4C2 METROLOGY 0 0 0 1 0 0 -243.7301723065305 82.57877705111078 143.1 -159.62771522691193 201.80935554045197 225.5587 44.03678 -999.0 -999.0 -999.0 -999.0 -999.0 270.07619622154704 35.07393059849344 269.9649851027676 35.07332044610312 44.545693091143555 71.01399307703787 -999.0 6231.0 -999.0 -1 -999 {-999.0 -999.0 -999.0 -999.0 -999.0} "" -999.0 -999.0 -999.0 -999.0 -999 -999 "" "" "" "" 0 0 0.0 0.0 -999 ""
FIBERMAP 973 R+9C14 APOGEE 1 1 0 1 0 0 87.30747657293401 189.4317424681509 143.1 176.2558827964302 111.49249866288224 182.58266 54.944805 271.92988921524807 34.6608001972291 -5.893367 -7.971577 0.25142914 271.929826562816 34.66075433975544 271.8196362608895 34.66518088986547 42.97041555214398 71.0434476028322 16000.0 16600.0 2016.0 2 39 {-999.0 13.800757 12.806594 12.400903 -999.0} sdss_psfmag_from_g3xp 13.471699 12.816486 12.038155 10.318 63050395770891918 1155960372 bright_1x1 mwm_galactic_core_dist_apogee_extra mwm_galactic science 0 0 0.0 0.0 -999 ""
FIBERMAP 973 R+9C14 BOSS 0 0 0 1 0 0 87.68393564789005 190.08049883168067 143.1 176.92450927512294 111.83222225506535 182.58266 54.944805 -999.0 -999.0 -999.0 -999.0 -999.0 271.93381249875955 34.662207997865266 271.8233575492943 34.66670080155407 42.96784386237825 71.04037208656126 -999.0 5400.0 -999.0 1 162 {-999.0 -999.0 -999.0 -999.0 -999.0} "" -999.0 -999.0 -999.0 -999.0 -999 -999 "" "" "" "" 0 0 0.0 0.0 -999 ""
FIBERMAP 973 R+9C14 METROLOGY 0 0 0 1 0 0 88.05000795984296 189.42254637461247 143.1 176.8739746306184 111.08107457312059 182.58266 54.944805 -999.0 -999.0 -999.0 -999.0 -999.0 271.93341733966423 34.658824030803906 271.82304851833044 34.66330075962807 42.967222175048796 71.04495345612929 -999.0 6231.0 -999.0 -1 -999 {-999.0 -999.0 -999.0 -999.0 -999.0} "" -999.0 -999.0 -999.0 -999.0 -999 -999 "" "" "" "" 0 0 0.0 0.0 -999 ""
FIBERMAP 975 R-1C21 APOGEE 0 0 0 1 0 0 171.53888993389475 -7.0979657721872655 143.1 140.08694290391787 -99.2202821340008 73.51084 117.68008 -999.0 -999.0 -999.0 -999.0 -999.0 271.7190410106583 33.70606877373331 271.6125521318352 33.71015937897339 42.88581133076275 72.3635307739757 -999.0 16600.0 -999.0 2 -999 {-999.0 -999.0 -999.0 -999.0 -999.0} "" -999.0 -999.0 -999.0 -999.0 -999 -999 "" "" "" "" 0 0 0.0 0.0 -999 ""
FIBERMAP 975 R-1C21 BOSS 1 1 0 1 0 0 172.23842168918293 -6.929969739965637 143.1 140.7652894713466 -99.45963780924156 73.51084 117.68008 271.72305000209985 33.70486843708366 2.5624857 -8.391495 0.51253325 271.7230237085218 33.70486653005166 271.61628333866315 33.709027100905786 42.88251749318949 72.36388284189945 5400.0 5400.0 2016.0 1 270 {-999.0 15.281785 14.884045 14.761447 -999.0} sdss_psfmag_from_g3xp 15.2162895 14.904184 14.430293 13.72 63050395770716641 979157027 "" ops_std_boss ops_std standard_boss 0 0 0.0 0.0 -999 ""
FIBERMAP 975 R-1C21 METROLOGY 0 0 0 1 0 0 172.03565060728366 -7.654644147810021 143.1 140.201136524957 -99.9575001702352 73.51084 117.68008 -999.0 -999.0 -999.0 -999.0 -999.0 271.71983511745236 33.702652434967234 271.6131764100395 33.7067882552273 42.88440652547191 72.36777272994112 -999.0 6231.0 -999.0 -1 -999 {-999.0 -999.0 -999.0 -999.0 -999.0} "" -999.0 -999.0 -999.0 -999.0 -999 -999 "" "" "" "" 0 0 0.0 0.0 -999 ""
FIBERMAP 979 R+3C7 APOGEE 1 1 0 1 0 0 -119.99690220867416 79.33661044076845 143.1 -57.56026837799772 131.81610830806855 148.18346 31.542479 270.6390788747976 34.761267881542146 -5.650344 -5.757494 3.6113718 270.6390681165865 34.76122319444334 270.5290065012963 34.76215952562796 44.02182550181716 71.28003479970039 16000.0 16600.0 2016.0 2 125 {-999.0 10.817247 10.549606 10.480738 -999.0} sdss_psfmag_from_g3xp 10.795247 10.553532 10.1559515 9.488 63050395770812592 975100223 "" ops_std_apogee ops_std standard_apogee 0 0 0.0 0.0 -999 ""
FIBERMAP 979 R+3C7 BOSS 0 0 0 1 0 0 -119.256885887872 79.33129343537317 143.1 -56.942178026286214 131.40930675402262 148.18346 31.542479 -999.0 -999.0 -999.0 -999.0 -999.0 270.64270610490024 34.75938291680696 270.53240088520704 34.76038128083103 44.018685720681304 71.28148015685713 -999.0 5400.0 -999.0 1 43 {-999.0 -999.0 -999.0 -999.0 -999.0} "" -999.0 -999.0 -999.0 -999.0 -999 -999 "" "" "" "" 0 0 0.0 0.0 -999 ""
FIBERMAP 979 R+3C7 METROLOGY 0 0 0 1 0 0 -119.62450655809322 78.68879344664782 143.1 -57.59998626861137 131.07002781249625 148.18346 31.542479 -999.0 -999.0 -999.0 -999.0 -999.0 270.63899811907794 34.75784607617849 270.5287709790517 34.7588201689865 44.021193388617284 71.28460270956583 -999.0 6231.0 -999.0 -1 -999 {-999.0 -999.0 -999.0 -999.0 -999.0} "" -999.0 -999.0 -999.0 -999.0 -999 -999 "" "" "" "" 0 0 0.0 0.0 -999 ""
FIBERMAP 983 R+6C5 APOGEE 0 0 0 1 0 0 -142.18465403025272 112.89527862997198 143.1 -57.933486447875545 172.03997325077714 145.20557 162.3748 -999.0 -999.0 -999.0 -999.0 -999.0 270.6373873270871 34.94319874247212 270.5266243233982 34.94408740709413 44.068109007576865 71.03524580967763 -999.0 16600.0 -999.0 2 150 {-999.0 -999.0 -999.0 -999.0 -999.0} "" -999.0 -999.0 -999.0 -999.0 -999 -999 "" ops_sky_apogee_best_unassigned ops_sky sky_apogee 0 0 0.0 0.0 -999 ""
FIBERMAP 983 R+6C5 BOSS 1 1 0 1 0 0 -142.65911701229362 113.47692004777107 143.1 -58.01539689994641 172.78601586239802 145.20557 162.3748 270.63720767874815 34.94675716986794 -5.460222 -51.44161 2.4634926 270.63717015724706 34.94656622711605 270.5261447091639 34.94750462787736 44.06931909943425 71.03076445538477 5400.0 5400.0 2016.0 1 49 {-999.0 19.518507 18.052664 16.936443 -999.0} sdss_psfmag_ps1 18.85984 17.607918 16.501255 14.487 63050395770831789 1095576664 bright_1x1 mwm_bin_vis_boss mwm_filler science 0 0 0.0 0.0 -999 ""
FIBERMAP 983 R+6C5 METROLOGY 0 0 0 1 0 0 -141.91792115987363 113.59611917301731 143.1 -57.32861851748326 172.48306012385197 145.20557 162.3748 -999.0 -999.0 -999.0 -999.0 -999.0 270.64090391688643 34.945209155756835 270.52995287155807 34.94614341195676 44.06596068771044 71.0315488878332 -999.0 6231.0 -999.0 -1 -999 {-999.0 -999.0 -999.0 -999.0 -999.0} "" -999.0 -999.0 -999.0 -999.0 -999 -999 "" "" "" "" 0 0 0.0 0.0 -999 ""
FIBERMAP 985 R+9C10 APOGEE 1 1 0 1 0 0 12.59605240553368 187.05447118575594 143.1 112.26964875949051 150.1175114607757 79.94216 121.09169 271.5793807732782 34.83983083337441 -9.314409 -7.979305 0.20145802 271.57934364165067 34.83980005047482 271.46860091911515 34.84324135306837 43.294456029357335 70.90721026332301 16000.0 16600.0 2016.0 2 10 {-999.0 13.605534 12.935363 12.639587 -999.0} sdss_psfmag_from_g3xp 13.423683 12.943038 12.290337 10.937 63050395770986007 1061901893 bright_1x1 manual_mwm_halo_vmp_wise_apogee_single mwm_halo science 0 0 0.0 0.0 -999 ""
FIBERMAP 985 R+9C10 BOSS 0 0 0 1 0 0 13.282317244902243 187.32212300646947 143.1 112.99104435942623 149.96899455952 79.94216 121.09169 -999.0 -999.0 -999.0 -999.0 -999.0 271.58361531309197 34.839074147568 271.47261818781897 34.84258129399233 43.29109868352627 70.90695505610745 -999.0 5400.0 -999.0 1 126 {-999.0 -999.0 -999.0 -999.0 -999.0} "" -999.0 -999.0 -999.0 -999.0 -999 -999 "" "" "" "" 0 0 0.0 0.0 -999 ""
FIBERMAP 985 R+9C10 METROLOGY 0 0 0 1 0 0 13.171191254042117 186.57880938156538 143.1 112.49366098842243 149.40566462689446 79.94216 121.09169 -999.0 -999.0 -999.0 -999.0 -999.0 271.58077193512435 34.836564136483844 271.4698580357709 34.84004888839275 43.29265838836423 70.91110229595108 -999.0 6231.0 -999.0 -1 -999 {-999.0 -999.0 -999.0 -999.0 -999.0} "" -999.0 -999.0 -999.0 -999.0 -999 -999 "" "" "" "" 0 0 0.0 0.0 -999 ""
FIBERMAP 986 R+2C13 APOGEE 0 0 1 1 0 0 0.58367834185083 46.393440129220856 143.1 25.71346172746941 38.61349308324852 10.203474 169.88124 -999.0 -999.0 -999.0 -999.0 -999.0 271.0980086915697 34.336770110781266 270.98938482862366 34.33903908542355 43.54884054795066 71.71607188559238 -999.0 16600.0 -999.0 2 -999 {-999.0 -999.0 -999.0 -999.0 -999.0} "" -999.0 -999.0 -999.0 -999.0 -999 -999 "" "" "" "" 0 0 0.0 0.0 -999 ""
FIBERMAP 986 R+2C13 BOSS 1 0 1 1 0 0 1.3367991181088392 46.39495208170179 143.1 26.34626145956479 38.20529724912397 10.203474 169.88124 271.0013763662912 34.2698034961182 12.979783 13.491521 3.078977 271.1017593294173 34.33486301347373 270.99288980978633 34.33719726250824 43.54557244644487 71.7175109200112 5400.0 5400.0 2016.0 1 105 {-999.0 18.346771 16.950693 16.092144 -999.0} sdss_psfmag_ps1 17.770145 16.642778 15.577556 13.53 63050395770804238 1096577944 bright_1x1 mwm_bin_vis_boss mwm_filler science 0 0 0.0 0.0 -999 ""
FIBERMAP 986 R+2C13 METROLOGY 0 0 1 1 0 0 0.9683945890451485 45.754178532019424 143.1 25.688734094279084 37.86789321723983 10.203474 169.88124 -999.0 -999.0 -999.0 -999.0 -999.0 271.09804864795484 34.33335247168995 270.9892576382141 34.335661600799476 43.548080935321806 71.72061475004313 -999.0 6231.0 -999.0 -1 -999 {-999.0 -999.0 -999.0 -999.0 -999.0} "" -999.0 -999.0 -999.0 -999.0 -999 -999 "" "" "" "" 0 0 0.0 0.0 -999 ""
FIBERMAP 988 R+7C6 APOGEE 0 0 0 1 0 0 -94.0448923786032 122.31326837529681 143.1 -12.41676447978644 153.76990511734513 312.54462 101.861725 -999.0 -999.0 -999.0 -999.0 -999.0 270.88932481678177 34.8605705135462 270.778777830584 34.862154364182025 43.8475717427762 71.07553234533657 -999.0 16600.0 -999.0 2 -999 {-999.0 -999.0 -999.0 -999.0 -999.0} "" -999.0 -999.0 -999.0 -999.0 -999 -999 "" "" "" "" 0 0 0.0 0.0 -999 ""
FIBERMAP 988 R+7C6 BOSS 1 1 0 1 0 0 -94.5854167111195 121.65022654020265 143.1 -13.230832409413074 153.50739465548273 312.54462 101.861725 270.88500700022746 34.85940672777811 -0.6152004 -3.6251774 0.15936093 270.88505477863606 34.85939507042983 270.77426310762655 34.86101988237969 43.850884465894005 71.07831814059233 5400.0 5400.0 2016.0 1 67 {-999.0 18.026396 17.056864 16.526348 -999.0} sdss_psfmag_ps1 17.620543 16.99367 16.224453 14.931 63050395770989858 1061186535 bright_1x1 manual_mwm_halo_distant_kgiant_far_boss_single mwm_halo science 0 0 0.0 0.0 -999 ""
FIBERMAP 988 R+7C6 METROLOGY 0 0 0 1 0 0 -94.78845501021765 122.37472236929557 143.1 -13.007309556060466 154.2257418522885 312.54462 101.861725 -999.0 -999.0 -999.0 -999.0 -999.0 270.88623476951244 34.862647636067145 270.7755011756809 34.86426005848922 43.85069485714471 71.07361674547451 -999.0 6231.0 -999.0 -1 -999 {-999.0 -999.0 -999.0 -999.0 -999.0} "" -999.0 -999.0 -999.0 -999.0 -999 -999 "" "" "" "" 0 0 0.0 0.0 -999 ""
FIBERMAP 990 R+4C7 APOGEE 1 1 0 1 0 0 -99.92951212953044 89.91594824606908 143.1 -34.96892891041056 129.7832604792242 77.02012 79.85883 270.76407693629983 34.752087988810864 1.5270746 -10.6234865 0.46650964 270.7640813800075 34.75205090272834 270.65400370433747 34.753324633491935 43.920112313033854 71.25684552921678 16000.0 16600.0 2016.0 2 95 {-999.0 13.444633 12.456305 12.093526 -999.0} sdss_psfmag_from_g3xp 13.117622 12.48916 11.733856 10.082 63050395770812403 1108744931 bright_1x1 mwm_tess_rgb_apogee mwm_tessrgb science 0 0 0.0 0.0 -999 ""
FIBERMAP 990 R+4C7 BOSS 0 0 0 1 0 0 -99.23500249829719 89.64961735593823 143.1 -34.53093603888191 129.1821719249948 77.02012 79.85883 -999.0 -999.0 -999.0 -999.0 -999.0 270.7667313485912 34.749325767491555 270.6564130971094 34.750659477826495 43.91753703553958 71.25975423740869 -999.0 5400.0 -999.0 1 51 {-999.0 -999.0 -999.0 -999.0 -999.0} "" -999.0 -999.0 -999.0 -999.0 -999 -999 "" "" "" "" 0 0 0.0 0.0 -999 ""
FIBERMAP 990 R+4C7 METROLOGY 0 0 0 1 0 0 -99.80639194592243 89.1760435478834 143.1 -35.26789232334244 129.09543372063524 77.02012 79.85883 -999.0 -999.0 -999.0 -999.0 -999.0 270.7625828420725 34.74893885376505 270.6523386390694 34.75024672302823 43.92067984166886 71.26145482849938 -999.0 6231.0 -999.0 -1 -999 {-999.0 -999.0 -999.0 -999.0 -999.0} "" -999.0 -999.0 -999.0 -999.0 -999 -999 "" "" "" "" 0 0 0.0 0.0 -999 ""
FIBERMAP 991 R-3C20 APOGEE 1 1 0 1 0 0 176.29205472219894 -74.32283582219758 143.1 107.52601783718697 -158.21596071906316 331.78522 77.13425 271.5379513542404 33.440005950922796 -999.0 -999.0 -999.0 271.5379232263468 33.439997191602544 271.43249883845806 33.44366511266579 42.958366974975775 72.76922595728013 16000.0 16600.0 2016.0 2 226 {-999.0 10.033154 9.791129 9.608131 -999.0} sdss_psfmag_from_g3xp 9.997474 10.165913 9.281072 8.547 63050395770715140 1103501761 bright_1x1 mwm_tess_2min_apogee mwm_planet science 0 0 0.0 0.0 -999 ""
FIBERMAP 991 R-3C20 BOSS 0 0 0 1 0 0 175.81535949726072 -74.88681015441585 143.1 106.81937385423268 -158.43004243653678 331.78522 77.13425 -999.0 -999.0 -999.0 -999.0 -999.0 271.53435985279447 33.43894363461643 271.42868805216654 33.44266165880148 42.96115540678334 72.77172432038856 -999.0 5400.0 -999.0 1 290 {-999.0 -999.0 -999.0 -999.0 -999.0} "" -999.0 -999.0 -999.0 -999.0 -999 -999 "" "" "" "" 0 0 0.0 0.0 -999 ""
FIBERMAP 991 R-3C20 METROLOGY 0 0 0 1 0 0 175.55681642920788 -74.19258538184718 143.1 106.9798620614741 -157.7069196386514 331.78522 77.13425 -999.0 -999.0 -999.0 -999.0 -999.0 271.53520083083123 33.442231618023094 271.42958808042044 33.44593425492665 42.96132018280276 72.7671417191113 -999.0 6231.0 -999.0 -1 -999 {-999.0 -999.0 -999.0 -999.0 -999.0} "" -999.0 -999.0 -999.0 -999.0 -999 -999 "" "" "" "" 0 0 0.0 0.0 -999 ""
FIBERMAP 994 R+7C2 APOGEE 0 0 0 1 0 0 -183.6837031921502 148.50616323407922 143.1 -73.39591684566446 224.48531393228905 73.27061 105.26715 -999.0 -999.0 -999.0 -999.0 -999.0 270.55241645750834 35.178956459240574 270.4407739901018 35.17956162743682 44.192922692618126 70.74032848768172 -999.0 16600.0 -999.0 2 -999 {-999.0 -999.0 -999.0 -999.0 -999.0} "" -999.0 -999.0 -999.0 -999.0 -999 -999 "" "" "" "" 0 0 0.0 0.0 -999 ""
FIBERMAP 994 R+7C2 BOSS 1 1 0 1 0 0 -182.9287549490132 148.51674840885386 143.1 -72.75665057906753 224.0837382729545 73.27061 105.26715 270.5562027826519 35.177021253727766 1.7799284 33.20968 10.418311 270.55618798355493 35.17714879408475 270.4443015527306 35.177814514055584 44.18970619083076 70.74173693665375 5400.0 5400.0 2016.0 1 70 {-999.0 18.909126 17.535463 15.839465 -999.0} sdss_psfmag_ps1 18.348991 16.542002 15.263964 12.795 63050395771012830 1157702392 bright_1x1 mwm_snc_100pc_bright_boss_single mwm_snc science 0 0 0.0 0.0 -999 ""
FIBERMAP 994 R+7C2 METROLOGY 0 0 0 1 0 0 -183.31313269385288 147.85859896213128 143.1 -73.43702890145448 223.74043782520542 73.27061 105.26715 -999.0 -999.0 -999.0 -999.0 -999.0 270.55234674984047 35.17560445967667 270.44053862633905 35.17624607401497 44.192319620916294 70.74488345899113 -999.0 6231.0 -999.0 -1 -999 {-999.0 -999.0 -999.0 -999.0 -999.0} "" -999.0 -999.0 -999.0 -999.0 -999 -999 "" "" "" "" 0 0 0.0 0.0 -999 ""
FIBERMAP 996 R-6C15 APOGEE 1 0 1 1 0 0 90.33408286739906 -108.99116594361028 143.1 16.545956432437073 -140.5731948356469 9.247095 170.3569 271.06863488532326 33.54878613731075 35.341656 24.208391 3.965211 271.0433299194952 33.52174188397019 270.9377987667102 33.52406005281646 43.377376561933204 72.81537497051914 16000.0 16600.0 2016.0 2 183 {-999.0 10.376727 9.83774 9.640777 -999.0} sdss_psfmag_from_g3xp 10.257061 9.866435 9.304621 8.287 63050395770720013 1103650293 bright_1x1 mwm_tess_2min_apogee mwm_planet science 0 0 0.0 0.0 -999 ""
FIBERMAP 996 R-6C15 BOSS 0 0 1 1 0 0 91.07969389649243 -109.01447676617627 143.1 17.158958490109526 -140.99813760485313 9.247095 170.3569 -999.0 -999.0 -999.0 -999.0 -999.0 271.0469215287353 33.519691466669514 270.9411469245691 33.52207750297721 43.37415704113538 72.8169771348795 -999.0 5400.0 -999.0 1 316 {-999.0 -999.0 -999.0 -999.0 -999.0} "" -999.0 -999.0 -999.0 -999.0 -999 -999 "" "" "" "" 0 0 0.0 0.0 -999 ""
FIBERMAP 996 R-6C15 METROLOGY 0 0 1 1 0 0 90.68390985881813 -109.65882108406248 143.1 16.476514348492863 -141.32365205214933 9.247095 170.3569 -999.0 -999.0 -999.0 -999.0 -999.0 271.0431179823425 33.518255355477564 270.9374210372098 33.52061515641381 43.3767594407802 72.82005787582841 -999.0 6231.0 -999.0 -1 -999 {-999.0 -999.0 -999.0 -999.0 -999.0} "" -999.0 -999.0 -999.0 -999.0 -999 -999 "" "" "" "" 0 0 0.0 0.0 -999 ""
FIBERMAP 999 R0C27 APOGEE 0 0 0 1 0 0 279.39805147508446 -16.381993719843585 143.1 225.548805093823 -165.65292702062408 285.19278 55.385513 -999.0 -999.0 -999.0 -999.0 -999.0 272.17407657048625 33.403234970267086 272.0685411994559 33.40862488458187 42.438166287558246 72.61765819851826 -999.0 16600.0 -999.0 2 -999 {-999.0 -999.0 -999.0 -999.0 -999.0} "" -999.0 -999.0 -999.0 -999.0 -999 -999 "" "" "" "" 0 0 0.0 0.0 -999 ""
FIBERMAP 999 R0C27 BOSS 1 1 0 1 0 0 278.699448082187 -16.157085519563775 143.1 225.08485584044107 -165.08437237933356 285.19278 55.385513 272.17172209697185 33.40580726102062 49.190395 -16.079716 8.703442 272.171915811594 33.40574318842787 272.0661149789747 33.41118810687315 42.44081915452715 72.61507501667086 5400.0 5400.0 2016.0 1 174 {-999.0 15.792064 14.383394 13.476429 -999.0} sdss_psfmag_from_g3xp 15.221049 14.116537 13.069572 11.054 63050395770692231 1096095188 bright_1x1 mwm_bin_vis_boss mwm_filler science 0 0 0.0 0.0 -999 ""
FIBERMAP 999 R0C27 METROLOGY 0 0 0 1 0 0 279.24833649355793 -15.651071422456036 143.1 225.82056796363025 -164.95817846277782 285.19278 55.385513 -999.0 -999.0 -999.0 -999.0 -999.0 272.17579557335034 33.406307044718936 272.0700639602004 33.41174487490111 42.43780355329942 72.61311975797793 -999.0 6231.0 -999.0 -1 -999 {-999.0 -999.0 -999.0 -999.0 -999.0} "" -999.0 -999.0 -999.0 -999.0 -999 -999 "" "" "" "" 0 0 0.0 0.0 -999 ""
FIBERMAP 1004 R-13C1 APOGEE 1 1 0 1 0 0 -130.01827869561217 -260.49330582044 143.1 -250.7319422717729 -147.9020140481333 4.0437927 79.97386 269.5948503386972 33.48958911540759 -21.031685 -45.17446 3.215767 269.5947888622698 33.48945889282258 269.48998385104187 33.48789940934682 44.532471594691515 73.30543181624341 16000.0 16600.0 2016.0 2 199 {-999.0 9.678952 9.526239 9.288701 -999.0} sdss_psfmag_from_g3xp 9.652384 9.6833515 8.94865 8.146 63050395770782424 1103501477 bright_1x1 mwm_tess_2min_apogee mwm_planet science 0 0 0.0 0.0 -999 ""
FIBERMAP 1004 R-13C1 BOSS 0 0 0 1 0 0 -130.07973746316955 -261.2271677891369 143.1 -251.1825088545343 -148.48441626417056 4.0437927 79.97386 -999.0 -999.0 -999.0 -999.0 -999.0 269.59270257001526 33.48679526886398 269.4876681975486 33.485284660587425 44.53365823872593 73.30967723474157 -999.0 5400.0 -999.0 1 340 {-999.0 -999.0 -999.0 -999.0 -999.0} "" -999.0 -999.0 -999.0 -999.0 -999 -999 "" "" "" "" 0 0 0.0 0.0 -999 ""
FIBERMAP 1004 R-13C1 METROLOGY 0 0 0 1 0 0 -130.69836676752084 -260.8143931079945 143.1 -251.47720702041744 -147.80169551289342 4.0437927 79.97386 -999.0 -999.0 -999.0 -999.0 -999.0 269.5909921553374 33.48987589403643 269.4860151162775 33.488344709081645 44.53578370677383 73.30603326825184 -999.0 6231.0 -999.0 -1 -999 {-999.0 -999.0 -999.0 -999.0 -999.0} "" -999.0 -999.0 -999.0 -999.0 -999 -999 "" "" "" "" 0 0 0.0 0.0 -999 ""
FIBERMAP 1009 R-13C2 APOGEE 0 0 0 1 0 0 -122.93303111936632 -264.5480087471327 143.1 -246.99089395227932 -155.15668013839428 265.77835 123.630714 -999.0 -999.0 -999.0 -999.0 -999.0 269.6154894921895 33.456890507708266 269.51079682129864 33.45539418360883 44.50726178417187 73.34312962529799 -999.0 16600.0 -999.0 2 190 {-999.0 -999.0 -999.0 -999.0 -999.0} "" -999.0 -999.0 -999.0 -999.0 -999 -999 "" ops_sky_apogee_best_unassigned ops_sky sky_apogee 0 0 0.0 0.0 -999 ""
FIBERMAP 1009 R-13C2 BOSS 1 1 0 1 0 0 -123.5800083201855 -264.9072399500395 143.1 -247.7291123546976 -155.1063719520746 265.77835 123.630714 269.61183350793954 33.45708852143214 -4.0282035 -8.031935 0.2646023 269.6118043622472 33.45706986372658 269.5068723566121 33.45561762310799 44.51048144472024 73.34402127728112 5400.0 5400.0 2016.0 1 341 {-999.0 18.015467 17.624989 17.541409 -999.0} sdss_psfmag_ps1 17.94536 17.633287 17.197973 17.862 63050395770791640 977098692 "" ops_std_boss ops_std standard_boss 0 0 0.0 0.0 -999 ""
FIBERMAP 1009 R-13C2 METROLOGY 0 0 0 1 0 0 -123.56814169842896 -264.1567718882253 143.1 -247.31113220951644 -154.48307203581027 265.77835 123.630714 -999.0 -999.0 -999.0 -999.0 -999.0 269.6139036963532 33.45988546051584 269.50902837684407 33.458422866941035 44.50947413068491 73.33956693330055 -999.0 6231.0 -999.0 -1 -999 {-999.0 -999.0 -999.0 -999.0 -999.0} "" -999.0 -999.0 -999.0 -999.0 -999 -999 "" "" "" "" 0 0 0.0 0.0 -999 ""
FIBERMAP 1011 R+6C3 APOGEE 1 1 0 1 0 0 -186.73980727326335 125.35671359986496 143.1 -88.5465669079186 206.7211386088452 116.033554 128.71935 270.4683238077784 35.098959069267565 0.17029521 -16.940388 0.6334606 270.46830590397957 35.09890637393551 270.35700951283354 35.09930510190395 44.24029509916458 70.87187668769627 16000.0 16600.0 2016.0 2 126 {-999.0 12.232515 11.489058 11.21212 -999.0} sdss_psfmag_from_g3xp 12.027517 11.526578 10.864567 9.505 63050395770833502 1109056788 bright_1x1 mwm_tess_rgb_apogee mwm_tessrgb science 0 0 0.0 0.0 -999 ""
FIBERMAP 1011 R+6C3 BOSS 0 0 0 1 0 0 -186.42635533806265 126.02434180109329 143.1 -87.92055213111696 207.11095479422943 116.033554 128.71935 -999.0 -999.0 -999.0 -999.0 -999.0 270.47200458707033 35.100657809692 270.36045111747273 35.10111611074827 44.23799367266518 70.86848297036181 -999.0 5400.0 -999.0 1 27 {-999.0 -999.0 -999.0 -999.0 -999.0} "" -999.0 -999.0 -999.0 -999.0 -999 -999 "" "" "" "" 0 0 0.0 0.0 -999 ""
FIBERMAP 1011 R+6C3 METROLOGY 0 0 0 1 0 0 -185.98847389564554 125.41977972726102 143.1 -87.88180064512613 206.36556745783722 116.033554 128.71935 -999.0 -999.0 -999.0 -999.0 -999.0 270.4721430953407 35.09731722778718 270.3606730341869 35.0977625067128 44.23701593677243 70.8729676189617 -999.0 6231.0 -999.0 -1 -999 {-999.0 -999.0 -999.0 -999.0 -999.0} "" -999.0 -999.0 -999.0 -999.0 -999 -999 "" "" "" "" 0 0 0.0 0.0 -999 ""
FIBERMAP 1012 R+1C12 APOGEE 0 0 0 1 0 0 -30.8435482291688 35.553713879391054 143.1 -6.5520009226232 46.60407192998002 105.08666 89.20229 -999.0 -999.0 -999.0 -999.0 -999.0 270.920095069663 34.37372394603845 270.8114024456254 34.37550644612841 43.70021489455635 71.71892755306624 -999.0 16600.0 -999.0 2 -999 {-999.0 -999.0 -999.0 -999.0 -999.0} "" -999.0 -999.0 -999.0 -999.0 -999 -999 "" "" "" "" 0 0 0.0 0.0 -999 ""
FIBERMAP 1012 R+1C12 BOSS 1 1 0 1 0 0 -30.10757496766409 35.75305130829282 143.1 -5.826034621116548 46.371203338583975 105.08666 89.20229 270.9239365961368 34.3726273366332 -3.7487392 0.26382205 9.118034 270.92434521625404 34.37262521161665 270.8154047423467 34.37447348295411 43.696757637517784 71.71915234752885 5400.0 5400.0 2016.0 1 22 {-999.0 14.578662 13.184625 12.259967 -999.0} sdss_psfmag_from_g3xp 14.016309 12.904104 11.849954 9.845 63050395770805292 1035087589 bright_1x1 mwm_yso_pms_boss_zari18pms_single mwm_yso science 0 0 1.2667557001113892 0.0 -999 ""
FIBERMAP 1012 R+1C12 METROLOGY 0 0 0 1 0 0 -30.311935483462914 35.03021615340283 143.1 -6.39052134907608 45.875748537960796 105.08666 89.20229 -999.0 -999.0 -999.0 -999.0 -999.0 270.9211508409333 34.37038689925584 270.8122911467268 34.37221180002871 43.69867073322232 71.72307899201871 -999.0 6231.0 -999.0 -1 -999 {-999.0 -999.0 -999.0 -999.0 -999.0} "" -999.0 -999.0 -999.0 -999.0 -999 -999 "" "" "" "" 0 0 0.0 0.0 -999 ""
FIBERMAP 1013 R+10C15 APOGEE 1 1 0 1 0 0 132.35246239048573 179.4100088950266 143.1 208.60644629542708 78.59227976707318 273.33194 105.36985 272.1048912974712 34.50928564486423 0.86808807 -8.573707 0.2132168 272.10490812983636 34.50926409179088 271.9952308234218 34.51419827905978 42.79193491860617 71.19192269964003 16000.0 16600.0 2016.0 2 68 {-999.0 13.584337 12.331781 11.77234 -999.0} sdss_psfmag_from_g3xp 13.10966 12.281286 11.390567 9.351 63050395770890038 1152450439 bright_1x1 mwm_galactic_core_dist_apogee_sparse mwm_galactic science 0 0 0.0 0.0 -999 ""
FIBERMAP 1013 R+10C15 BOSS 0 0 0 1 0 0 131.66014276190032 179.14581173341287 143.1 207.8818481132718 78.74698756013102 273.33194 105.36985 -999.0 -999.0 -999.0 -999.0 -999.0 272.1012708711349 34.509979321465394 271.9913338463865 34.51496050693189 42.79523385709509 71.19205030556498 -999.0 5400.0 -999.0 1 228 {-999.0 -999.0 -999.0 -999.0 -999.0} "" -999.0 -999.0 -999.0 -999.0 -999 -999 "" "" "" "" 0 0 0.0 0.0 -999 ""
FIBERMAP 1013 R+10C15 METROLOGY 0 0 0 1 0 0 131.76513761848423 179.88053217150411 143.1 208.36941453856963 79.30644000035473 273.33194 105.36985 -999.0 -999.0 -999.0 -999.0 -999.0 272.1038797780178 34.51248633884926 271.99400537638917 34.517457795076865 42.793752800722025 71.18798739329208 -999.0 6231.0 -999.0 -1 -999 {-999.0 -999.0 -999.0 -999.0 -999.0} "" -999.0 -999.0 -999.0 -999.0 -999 -999 "" "" "" "" 0 0 0.0 0.0 -999 ""
FIBERMAP 1016 R+1C16 APOGEE 1 1 0 1 0 0 44.657998269703064 18.799229360427013 143.1 47.69550736443353 -8.504844234506951 165.26305 133.25748 271.21783864390665 34.121660252217836 -3.9701552 -11.664791 0.20505624 271.21781239404135 34.12160366929848 271.1099572396688 34.12424608664412 43.39730588546126 71.96681416249623 16000.0 16600.0 2016.0 2 51 {-999.0 13.2163315 12.48543 12.224986 -999.0} sdss_psfmag_from_g3xp 13.014249 12.526915 11.877403 10.585 63050395770802885 1152450455 bright_1x1 mwm_galactic_core_dist_apogee_sparse mwm_galactic science 0 0 0.0 0.0 -999 ""
FIBERMAP 1016 R+1C16 BOSS 0 0 0 1 0 0 44.289537204133204 19.442764344984013 143.1 47.73619885549151 -7.764496163120715 165.26305 133.25748 -999.0 -999.0 -999.0 -999.0 -999.0 271.2183436143636 34.12491402293931 271.110223913926 34.12761295279025 43.397964598476506 71.9622598576189 -999.0 5400.0 -999.0 1 190 {-999.0 -999.0 -999.0 -999.0 -999.0} "" -999.0 -999.0 -999.0 -999.0 -999 -999 "" "" "" "" 0 0 0.0 0.0 -999 ""
FIBERMAP 1016 R+1C16 METROLOGY 0 0 0 1 0 0 45.039486952071876 19.44973708015906 143.1 48.36930660979548 -8.166385549713212 165.26305 133.25748 -999.0 -999.0 -999.0 -999.0 -999.0 271.2217368563116 34.123083366004096 271.113694071644 34.12577602835882 43.39471428887994 71.96367783066853 -999.0 6231.0 -999.0 -1 -999 {-999.0 -999.0 -999.0 -999.0 -999.0} "" -999.0 -999.0 -999.0 -999.0 -999 -999 "" "" "" "" 0 0 0.0 0.0 -999 ""
FIBERMAP 1017 R+5C18 APOGEE 1 1 0 1 0 0 134.3170075221969 102.99669726662215 143.1 168.70979634409355 13.402310276715395 147.10101 120.89771 271.88255709028357 34.2162217222202 4.9035454 14.669244 1.5191383 271.8829698165278 34.21625491632007 271.77449385187083 34.22066285209593 42.89154551947552 71.64309608998553 16000.0 16600.0 2016.0 2 70 {-999.0 9.689194 8.518996 8.027893 -999.0} sdss_psfmag_from_g3xp 9.262524 8.50557 7.660238 5.743 63050395770886718 1152450397 bright_1x1 mwm_galactic_core_dist_apogee_sparse mwm_galactic science 0 0 1.2988767623901367 0.0 -999 ""
FIBERMAP 1017 R+5C18 BOSS 0 0 0 1 0 0 134.48704474053025 103.6983053613633 143.1 169.23393989100782 13.898613740735327 147.10101 120.89771 -999.0 -999.0 -999.0 -999.0 -999.0 271.88619076088975 34.21842525626355 271.77744890602855 34.22289878332635 42.889771954430785 71.63927821121592 -999.0 5400.0 -999.0 1 209 {-999.0 -999.0 -999.0 -999.0 -999.0} "" -999.0 -999.0 -999.0 -999.0 -999 -999 "" "" "" "" 0 0 0.0 0.0 -999 ""
FIBERMAP 1017 R+5C18 METROLOGY 0 0 0 1 0 0 135.03479525211705 103.19932529981011 143.1 169.4222914138951 13.182090280215927 147.10101 120.89771 -999.0 -999.0 -999.0 -999.0 -999.0 271.88708778737936 34.21517441062283 271.7784305826384 34.21963486856027 42.8881347450712 71.64328811716842 -999.0 6231.0 -999.0 -1 -999 {-999.0 -999.0 -999.0 -999.0 -999.0} "" -999.0 -999.0 -999.0 -999.0 -999 -999 "" "" "" "" 0 0 0.0 0.0 -999 ""
FIBERMAP 1018 R-1C8 APOGEE 0 0 0 1 0 0 -118.11624228646086 -2.8869354410691734 143.1 -100.68627913985888 61.79611611682765 104.35481 81.27249 -999.0 -999.0 -999.0 -999.0 -999.0 270.40085119896844 34.44277639203903 270.2921089562386 34.443149750897014 44.13189942487181 71.77740474010295 -999.0 16600.0 -999.0 2 -999 {-999.0 -999.0 -999.0 -999.0 -999.0} "" -999.0 -999.0 -999.0 -999.0 -999 -999 "" "" "" "" 0 0 0.0 0.0 -999 ""
FIBERMAP 1018 R-1C8 BOSS 1 1 0 1 0 0 -117.37973295354546 -2.807826196148863 143.1 -100.0252299133314 61.462067162865495 104.35481 81.27249 270.4044429564916 34.44098685925052 -31.395466 88.17746 16.930101 270.4046863927924 34.44124218703869 270.29570135535164 34.44167858525731 44.12866375864758 71.77836190916628 5400.0 5400.0 2016.0 1 482 {-999.0 15.839604 14.461006 13.144389 -999.0} sdss_psfmag_from_g3xp 15.274647 13.858929 12.665685 10.382 63050395770808861 1150997548 bright_1x1 mwm_snc_100pc_boss_single mwm_snc science 0 0 1.0115323066711426 0.0 -999 ""
FIBERMAP 1018 R-1C8 METROLOGY 0 0 0 1 0 0 -117.67852646443805 -3.491143054115133 143.1 -100.64747391648173 61.05111627073772 104.35481 81.27249 -999.0 -999.0 -999.0 -999.0 -999.0 270.4012016396462 34.43937362773464 270.2922952179373 34.43978627940392 44.1309130164241 71.78188996216272 -999.0 6231.0 -999.0 -1 -999 {-999.0 -999.0 -999.0 -999.0 -999.0} "" -999.0 -999.0 -999.0 -999.0 -999 -999 "" "" "" "" 0 0 0.0 0.0 -999 ""
FIBERMAP 1019 R+3C24 APOGEE 1 1 0 1 0 0 245.8215100976305 50.84940962142021 143.1 233.92628361801135 -90.9807711582947 215.97002 112.34705 272.2278630619226 33.73937126534333 -3.0807886 -3.2146888 0.19719148 272.2278490790956 33.73938172052196 272.12103869084206 33.74483422513517 42.487904278740835 72.16304424271266 16000.0 16600.0 2016.0 2 84 {-999.0 13.466292 12.162637 11.523616 -999.0} sdss_psfmag_from_g3xp 12.963964 12.067448 11.136503 9.003 63050395770877319 1152450372 bright_1x1 mwm_galactic_core_dist_apogee_sparse mwm_galactic science 0 0 0.0 0.0 -999 ""
FIBERMAP 1019 R+3C24 BOSS 0 0 0 1 0 0 245.19385794909613 51.239616149141234 143.1 233.61174388584826 -90.31208273072882 215.97002 112.34705 -999.0 -999.0 -999.0 -999.0 -999.0 272.22651153721085 33.74234961849612 272.11943265106834 33.74785809075245 42.49000847057546 72.1595869762142 -999.0 5400.0 -999.0 1 246 {-999.0 -999.0 -999.0 -999.0 -999.0} "" -999.0 -999.0 -999.0 -999.0 -999 -999 "" "" "" "" 0 0 0.0 0.0 -999 ""
FIBERMAP 1019 R+3C24 METROLOGY 0 0 0 1 0 0 245.8452336670546 51.59442395336061 143.1 234.35124832321983 -90.36849422271419 215.97002 112.34705 -999.0 -999.0 -999.0 -999.0 -999.0 272.2304043853543 33.74207794745435 272.1233980948284 33.7475798956084 42.48675904206609 72.15873971098455 -999.0 6231.0 -999.0 -1 -999 {-999.0 -999.0 -999.0 -999.0 -999.0} "" -999.0 -999.0 -999.0 -999.0 -999 -999 "" "" "" "" 0 0 0.0 0.0 -999 ""
FIBERMAP 1025 R-7C7 APOGEE 1 1 0 1 0 0 -67.92026373717594 -137.5939236815605 143.1 -131.80346827683366 -78.53368359654468 329.9007 136.53625 270.23283998710485 33.8041273732997 -1.8434722 -8.427104 0.7279972 270.2328367968099 33.804113968238546 270.1265829486007 33.80418895005033 44.1024236669577 72.68673792135331 16000.0 16600.0 2016.0 2 294 {-999.0 13.262778 12.382077 12.084375 -999.0} sdss_psfmag_from_g3xp 12.993929 12.432905 11.730575 10.3 63050395770795345 1107501103 bright_1x1 mwm_tess_rgb_apogee mwm_tessrgb science 0 0 0.0 0.0 -999 ""
FIBERMAP 1025 R-7C7 BOSS 0 0 0 1 0 0 -67.6980513473033 -138.29785656025223 143.1 -131.99972140362652 -79.24520026210085 329.9007 136.53625 -999.0 -999.0 -999.0 -999.0 -999.0 270.2319751967714 33.80079684566612 270.1254893621983 33.800924672308696 44.10245890362249 72.69145625890314 -999.0 5400.0 -999.0 1 410 {-999.0 -999.0 -999.0 -999.0 -999.0} "" -999.0 -999.0 -999.0 -999.0 -999 -999 "" "" "" "" 0 0 0.0 0.0 -999 ""
FIBERMAP 1025 R-7C7 METROLOGY 0 0 0 1 0 0 -68.43051631677974 -138.14064522892275 143.1 -132.52889157893645 -78.71504290849107 329.9007 136.53625 -999.0 -999.0 -999.0 -999.0 -999.0 270.2290138837733 33.80322122156485 270.1225895748415 33.80332511257904 44.10540652010602 72.68909295734994 -999.0 6231.0 -999.0 -1 -999 {-999.0 -999.0 -999.0 -999.0 -999.0} "" -999.0 -999.0 -999.0 -999.0 -999 -999 "" "" "" "" 0 0 0.0 0.0 -999 ""
FIBERMAP 1028 R+9C8 APOGEE 1 1 0 1 0 0 -49.92207794696091 183.84526807873021 143.1 58.06304552167358 181.41503511447388 191.93507 70.664215 271.28044623229306 34.98377541039245 -3.139041 -5.810119 0.5786768 271.28044413605716 34.9837758588869 271.1692633782435 34.98637994524843 43.56775082191819 70.8001190114972 16000.0 16600.0 2016.0 2 2 {-999.0 13.413231 12.556075 12.242303 -999.0} sdss_psfmag_from_g3xp 13.154795 12.593985 11.887894 10.392 63050395770989239 1105417736 bright_1x1 mwm_tess_rgb_apogee mwm_tessrgb science 0 0 0.0 0.0 -999 ""
FIBERMAP 1028 R+9C8 BOSS 0 0 0 1 0 0 -49.806586130174 184.57506840597728 143.1 58.5567454035974 181.9646517700819 191.93507 70.664215 -999.0 -999.0 -999.0 -999.0 -999.0 271.28346510702346 34.98623165672062 271.1720198178135 34.98889604138081 43.56618089434331 70.79598646886302 -999.0 5400.0 -999.0 1 124 {-999.0 -999.0 -999.0 -999.0 -999.0} "" -999.0 -999.0 -999.0 -999.0 -999 -999 "" "" "" "" 0 0 0.0 0.0 -999 ""
FIBERMAP 1028 R+9C8 METROLOGY 0 0 0 1 0 0 -49.22749053904827 184.1095089058587 143.1 58.78957044053058 181.2591309931367 191.93507 70.664215 -999.0 -999.0 -999.0 -999.0 -999.0 271.2846626457808 34.98304617492113 271.173301140116 34.98569959022896 43.56437701274063 70.79990585794081 -999.0 6231.0 -999.0 -1 -999 {-999.0 -999.0 -999.0 -999.0 -999.0} "" -999.0 -999.0 -999.0 -999.0 -999 -999 "" "" "" "" 0 0 0.0 0.0 -999 ""
FIBERMAP 1032 R+2C8 APOGEE 0 0 0 1 0 0 -111.24262894395518 60.760361024893584 143.1 -60.31389143436121 111.46832257829713 166.99876 14.491478 -999.0 -999.0 -999.0 -999.0 -999.0 270.6236909599091 34.66891434544583 270.5139905498298 34.66983136952653 44.011064887506954 71.4086966346814 -999.0 16600.0 -999.0 2 -999 {-999.0 -999.0 -999.0 -999.0 -999.0} "" -999.0 -999.0 -999.0 -999.0 -999 -999 "" "" "" "" 0 0 0.0 0.0 -999 ""
FIBERMAP 1032 R+2C8 BOSS 1 1 0 1 0 0 -110.49085657449248 60.783703206901656 143.1 -59.670354323830864 111.07917859279935 166.99876 14.491478 270.6275939941406 34.66707370941688 -999.0 -999.0 -999.0 270.62746373351433 34.667147383394 270.51751963676884 34.66812709357028 44.00783152434051 71.40999681566461 5400.0 5400.0 2015.5 1 44 {-999.0 -999.0 -999.0 -999.0 -999.0} "" -999.0 -999.0 -999.0 -999.0 27021603155904847 813393852 "" ops_sky_boss_good ops_sky sky_boss 0 0 0.0 0.0 -999 ""
FIBERMAP 1032 R+2C8 METROLOGY 0 0 0 1 0 0 -110.84526570819236 60.128883044774 143.1 -60.32377452921523 110.72237825029973 166.99876 14.491478 -999.0 -999.0 -999.0 -999.0 -999.0 270.6237839489614 34.665529788815896 270.5139181398205 34.666485235162575 44.010296672040006 71.4132256306998 -999.0 6231.0 -999.0 -1 -999 {-999.0 -999.0 -999.0 -999.0 -999.0} "" -999.0 -999.0 -999.0 -999.0 -999 -999 "" "" "" "" 0 0 0.0 0.0 -999 ""
FIBERMAP 1034 R+13C2 APOGEE 0 0 0 1 0 0 -122.02182853487948 236.34340135256255 143.1 26.10361886503545 264.6685392184933 292.90643 97.91191 -999.0 -999.0 -999.0 -999.0 -999.0 271.10487978802655 35.35817179078905 270.9923127306911 35.36021565415989 43.7987321925403 70.34711116252629 -999.0 16600.0 -999.0 2 113 {-999.0 -999.0 -999.0 -999.0 -999.0} "" -999.0 -999.0 -999.0 -999.0 -999 -999 "" ops_sky_apogee_best_unassigned ops_sky sky_apogee 0 0 0.0 0.0 -999 ""
FIBERMAP 1034 R+13C2 BOSS 1 0 0 1 0 0 -122.66891057717143 235.9685600150828 143.1 25.356825404138874 264.7058052363428 292.90643 97.91191 271.17129775412025 35.445632862109214 -2.3727355 -20.770212 0.6309441 271.10099234856375 35.35831486813959 270.9881729427425 35.36039911519141 43.802054333524936 70.34798216459819 5400.0 5400.0 2016.0 1 95 {-999.0 15.821112 15.520104 15.441845 -999.0} sdss_psfmag_ps1 15.771289 15.503292 15.071131 14.325 63050395771014840 1072824262 bright_1x1 mwm_halo_local_high_boss_single mwm_halo science 0 0 0.0 0.0 -999 ""
FIBERMAP 1034 R+13C2 METROLOGY 0 0 0 1 0 0 -122.67887446132973 236.70614950997248 143.1 25.749484630691036 265.33016720257655 292.90643 97.91191 -999.0 -999.0 -999.0 -999.0 -999.0 271.10310854548146 35.36109455172204 270.9903492031009 35.363169403518405 43.80099290858325 70.34366744892355 -999.0 6231.0 -999.0 -1 -999 {-999.0 -999.0 -999.0 -999.0 -999.0} "" -999.0 -999.0 -999.0 -999.0 -999 -999 "" "" "" "" 0 0 0.0 0.0 -999 ""
FIBERMAP 1036 R0C17 APOGEE 1 1 0 1 0 0 52.539205929089206 8.463244364618678 143.1 48.68940863934669 -21.463174040132028 176.89958 86.83199 271.2229433511082 34.06253682186569 -27.068552 3.7305133 8.606243 271.2228606459823 34.062552296370065 271.115226856821 34.06522248432741 43.37777660614273 72.04369315731242 16000.0 16600.0 2016.0 2 47 {-999.0 14.255566 12.988481 12.298092 -999.0} sdss_psfmag_from_g3xp 13.758056 12.921687 11.90403 10.008 63050395770802821 1103501745 bright_1x1 mwm_tess_2min_apogee mwm_planet science 0 0 0.0 0.0 -999 ""
FIBERMAP 1036 R0C17 BOSS 0 0 0 1 0 0 52.606914554255525 9.213358970359367 143.1 49.154056163955836 -20.87053148940276 176.89958 86.83199 -999.0 -999.0 -999.0 -999.0 -999.0 271.2257187002775 34.06517106511573 271.11782212241985 34.06790443376232 43.3763977301777 72.03936133730303 -999.0 5400.0 -999.0 1 181 {-999.0 -999.0 -999.0 -999.0 -999.0} "" -999.0 -999.0 -999.0 -999.0 -999 -999 "" "" "" "" 0 0 0.0 0.0 -999 ""
FIBERMAP 1036 R0C17 METROLOGY 0 0 0 1 0 0 53.22839570296491 8.766309822738979 143.1 49.432512740924295 -21.583564015896453 176.89958 86.83199 -999.0 -999.0 -999.0 -999.0 -999.0 271.2271487197585 34.061934128766836 271.1193351445879 34.064656223435115 43.37434308932408 72.04322824752103 -999.0 6231.0 -999.0 -1 -999 {-999.0 -999.0 -999.0 -999.0 -999.0} "" -999.0 -999.0 -999.0 -999.0 -999 -999 "" "" "" "" 0 0 0.0 0.0 -999 ""
FIBERMAP 1037 R+4C11 APOGEE 0 0 0 1 0 0 -3.575154594110355 77.77099426691399 143.1 39.28327382217392 67.2049353846364 44.73452 64.19181 -999.0 -999.0 -999.0 -999.0 -999.0 271.17364134656583 34.46659841035596 271.064492019025 34.469039375972 43.52194888132533 71.52091097740526 -999.0 16600.0 -999.0 2 -999 {-999.0 -999.0 -999.0 -999.0 -999.0} "" -999.0 -999.0 -999.0 -999.0 -999 -999 "" "" "" "" 0 0 0.0 0.0 -999 ""
FIBERMAP 1037 R+4C11 BOSS 1 1 0 1 0 0 -3.3119696350265997 77.0768975661568 143.1 39.12675046701563 66.47939630572603 44.73452 64.19181 271.173046201961 34.463290995558395 -2.0446284 -4.3269224 -0.04632487 271.1730347241957 34.463280836146296 271.0636462033025 34.46577542409107 43.521796309553785 71.52550906003415 5400.0 5400.0 2016.0 1 113 {-999.0 18.263073 17.4255 17.127615 -999.0} sdss_psfmag_ps1 18.015804 17.457664 16.765322 15.365 63050395770805125 1061186521 bright_1x1 manual_mwm_halo_distant_kgiant_far_boss_single mwm_halo science 0 0 0.0 0.0 -999 ""
FIBERMAP 1037 R+4C11 METROLOGY 0 0 0 1 0 0 -4.049987491833882 77.19549822022792 143.1 38.57192835594891 66.9801727460229 44.73452 64.19181 -999.0 -999.0 -999.0 -999.0 -999.0 271.16990737516227 34.46558354296595 271.06058277098305 34.4680537361542 43.52481687665249 71.52335222082087 -999.0 6231.0 -999.0 -1 -999 {-999.0 -999.0 -999.0 -999.0 -999.0} "" -999.0 -999.0 -999.0 -999.0 -999 -999 "" "" "" "" 0 0 0.0 0.0 -999 ""
FIBERMAP 1039 R-1C4 APOGEE 0 0 0 1 0 0 -213.03675139178014 -6.15106884850546 143.1 -182.11304863945696 110.66440950404143 93.94878 114.70359 -999.0 -999.0 -999.0 -999.0 -999.0 269.95281654802073 34.66194596748783 269.84342425101966 34.6610674228434 44.54367597664771 71.60911076872895 -999.0 16600.0 -999.0 2 -999 {-999.0 -999.0 -999.0 -999.0 -999.0} "" -999.0 -999.0 -999.0 -999.0 -999 -999 "" "" "" "" 0 0 0.0 0.0 -999 ""
FIBERMAP 1039 R-1C4 BOSS 1 1 0 1 0 0 -212.38292364936467 -5.78528210367454 143.1 -181.36551745220865 110.61587779526194 93.94878 114.70359 269.95713843430553 34.661744883321035 -10.536217 -0.8058415 0.20613278 269.95710951917613 34.66173508661378 269.8474716200776 34.66091842281244 44.540410282639 71.60817980696118 5400.0 5400.0 2016.0 1 432 {-999.0 18.763487 18.474972 18.371662 -999.0} sdss_psfmag_ps1 18.757694 18.455647 18.007198 -999.0 63050395770829758 979803918 "" ops_std_boss ops_std standard_boss 0 0 0.0 0.0 -999 ""
FIBERMAP 1039 R-1C4 METROLOGY 0 0 0 1 0 0 -212.39984989866122 -6.539679796079874 143.1 -181.78987986231127 109.99203121950696 93.94878 114.70359 -999.0 -999.0 -999.0 -999.0 -999.0 269.9547338172224 34.65890129933239 269.8451771346996 34.658064682039225 44.541548368839436 71.61270670553557 -999.0 6231.0 -999.0 -1 -999 {-999.0 -999.0 -999.0 -999.0 -999.0} "" -999.0 -999.0 -999.0 -999.0 -999 -999 "" "" "" "" 0 0 0.0 0.0 -999 ""
FIBERMAP 1040 R+5C11 APOGEE 1 1 0 1 0 0 -18.790828712856495 95.07989455700803 143.1 35.92579762037756 90.00223316320286 108.07978 175.25427 271.15575416614575 34.57040935476427 -17.58279 -6.4348035 15.558689 271.15567578986713 34.570369253450814 271.0461367825551 34.57273713603879 43.56276896617786 71.38775840405566 16000.0 16600.0 2016.0 2 20 {-999.0 9.96924 9.416362 9.229462 -999.0} sdss_psfmag_from_g3xp 9.849444 9.45737 8.8944845 7.915 63050395770982634 984810824 bright_1x1 mwm_snc_100pc_apogee mwm_snc science 0 0 0.0 0.0 -999 ""
FIBERMAP 1040 R+5C11 BOSS 0 0 0 1 0 0 -18.953402780184383 95.81254065425546 143.1 36.18770706336708 90.70541960174202 108.07978 175.25427 -999.0 -999.0 -999.0 -999.0 -999.0 271.15741523226154 34.57354845744869 271.0476111425171 34.57597424075146 43.56240867324106 71.38301327440973 -999.0 5400.0 -999.0 1 137 {-999.0 -999.0 -999.0 -999.0 -999.0} "" -999.0 -999.0 -999.0 -999.0 -999 -999 "" "" "" "" 0 0 0.0 0.0 -999 ""
FIBERMAP 1040 R+5C11 METROLOGY 0 0 0 1 0 0 -18.24214899968566 95.59421902910908 143.1 36.66585288707898 90.13551415841438 108.07978 175.25427 -999.0 -999.0 -999.0 -999.0 -999.0 271.15996902396955 34.570952168846084 271.0502453172925 34.573370142059375 43.5596541923032 71.38573801760032 -999.0 6231.0 -999.0 -1 -999 {-999.0 -999.0 -999.0 -999.0 -999.0} "" -999.0 -999.0 -999.0 -999.0 -999 -999 "" "" "" "" 0 0 0.0 0.0 -999 ""
FIBERMAP 1044 R+13C10 APOGEE 0 0 0 1 0 0 69.11344431552511 254.5653540537048 143.1 196.40097092301062 176.04097913465066 14.058881 112.4629 -999.0 -999.0 -999.0 -999.0 -999.0 272.0428256810077 34.95014804123031 271.93147704262685 34.95480875721911 42.954932794578475 70.62879517353662 -999.0 16600.0 -999.0 2 50 {-999.0 -999.0 -999.0 -999.0 -999.0} "" -999.0 -999.0 -999.0 -999.0 -999 -999 "" ops_sky_apogee_best_unassigned ops_sky sky_apogee 0 0 0.0 0.0 -999 ""
FIBERMAP 1044 R+13C10 BOSS 1 1 0 1 0 0 69.57670507913238 253.97870478823003 143.1 196.4707583680422 175.2968247509016 14.058881 112.4629 272.04345703125 34.94675437575696 -999.0 -999.0 -999.0 272.0434503373293 34.94674839009244 271.9318558021729 34.951466717962774 42.95379201437936 70.63310809801453 5400.0 5400.0 2015.5 1 164 {-999.0 -999.0 -999.0 -999.0 -999.0} "" -999.0 -999.0 -999.0 -999.0 27021603155931399 821151052 "" ops_sky_boss_good ops_sky sky_boss 0 0 0.0 0.0 -999 ""
FIBERMAP 1044 R+13C10 METROLOGY 0 0 0 1 0 0 68.83484984621396 253.8676664972781 143.1 195.7878636373443 175.60698711340743 14.058881 112.4629 -999.0 -999.0 -999.0 -999.0 -999.0 272.0396470890019 34.94822201972921 271.9281216712013 34.95291413358866 42.95711823203487 70.63224545941944 -999.0 6231.0 -999.0 -1 -999 {-999.0 -999.0 -999.0 -999.0 -999.0} "" -999.0 -999.0 -999.0 -999.0 -999 -999 "" "" "" "" 0 0 0.0 0.0 -999 ""
FIBERMAP 1046 R+5C21 APOGEE 0 0 0 1 0 0 217.80593436162596 79.32104262351402 143.1 225.89690247458367 -51.8571351975115 323.48715 73.22942 -999.0 -999.0 -999.0 -999.0 -999.0 272.18859150867326 33.91680336725242 272.0811296978153 33.92210680216537 42.56757276486833 71.9434980250013 -999.0 16600.0 -999.0 2 -999 {-999.0 -999.0 -999.0 -999.0 -999.0} "" -999.0 -999.0 -999.0 -999.0 -999 -999 "" "" "" "" 0 0 0.0 0.0 -999 ""
FIBERMAP 1046 R+5C21 BOSS 1 1 0 1 0 0 217.23033118893645 78.86337505698688 143.1 225.16505833467008 -51.928234793235625 323.48715 73.22942 272.1849060058594 33.91645071750276 -999.0 -999.0 -999.0 272.1849295157691 33.916454596526584 272.07721252117597 33.92180775142516 42.570624333777864 71.94507153960654 5400.0 5400.0 2015.5 1 237 {-999.0 -999.0 -999.0 -999.0 -999.0} "" -999.0 -999.0 -999.0 -999.0 27021603155915543 821149948 "" ops_sky_boss_good ops_sky sky_boss 0 0 0.0 0.0 -999 ""
FIBERMAP 1046 R+5C21 METROLOGY 0 0 0 1 0 0 217.11425936070006 79.60077047984218 143.1 225.46857207224616 -51.24634580461999 323.48715 73.22942 -999.0 -999.0 -999.0 -999.0 -999.0 272.1865530381299 33.919544458531526 272.0788968640063 33.924884366455025 42.57010181645014 71.94053821535431 -999.0 6231.0 -999.0 -1 -999 {-999.0 -999.0 -999.0 -999.0 -999.0} "" -999.0 -999.0 -999.0 -999.0 -999 -999 "" "" "" "" 0 0 0.0 0.0 -999 ""
FIBERMAP 1051 R-5C20 APOGEE 0 0 1 1 0 0 191.68000895769407 -88.53282121568479 143.1 112.71291254296216 -178.50648593727837 33.108936 155.35962 -999.0 -999.0 -999.0 -999.0 -999.0 271.5646548255825 33.348332700354995 271.45956054364524 33.35209485945704 42.91171659290481 72.8811892927531 -999.0 16600.0 -999.0 2 233 {-999.0 -999.0 -999.0 -999.0 -999.0} "" -999.0 -999.0 -999.0 -999.0 -999 -999 "" ops_sky_apogee_best_unassigned ops_sky sky_apogee 0 0 0.0 0.0 -999 ""
FIBERMAP 1051 R-5C20 BOSS 1 0 1 1 0 0 192.40975726872298 -88.38320957424897 143.1 113.40661977074807 -178.7776972392444 33.108936 155.35962 271.5111154616897 33.285634293391134 -13.668073 -10.540055 0.5449725 271.56867460636306 33.34699607543445 271.46333087661435 33.35082926877273 42.90834137909767 72.8816786156267 5400.0 5400.0 2016.0 1 278 {-999.0 16.051193 15.693288 15.563613 -999.0} sdss_psfmag_ps1 15.962482 15.674566 15.222274 14.366 63050395770712112 1073338852 bright_1x1 mwm_halo_local_high_boss_single mwm_halo science 0 0 0.0 0.0 -999 ""
FIBERMAP 1051 R-5C20 METROLOGY 0 0 1 1 0 0 192.17952906735994 -89.0921781084862 143.1 112.82796544751851 -179.24745191757526 33.108936 155.35962 -999.0 -999.0 -999.0 -999.0 -999.0 271.56542875793184 33.34491736037707 271.46016569088704 33.3487253513792 42.910311014397514 72.88542704568044 -999.0 6231.0 -999.0 -1 -999 {-999.0 -999.0 -999.0 -999.0 -999.0} "" -999.0 -999.0 -999.0 -999.0 -999 -999 "" "" "" "" 0 0 0.0 0.0 -999 ""
FIBERMAP 1054 R-2C7 APOGEE 1 1 0 1 0 0 -131.14270174831586 -51.372515866803454 143.1 -137.9785178641824 28.192034908154387 284.42648 119.47956 270.19626603373507 34.28927961647423 -5.3840246 -6.911501 0.09868034 270.19627027295036 34.28924799886384 270.0881986337753 34.28910956642809 44.25643912867321 72.04404736622843 16000.0 16600.0 2016.0 2 255 {-999.0 13.925376 12.556212 11.654671 -999.0} sdss_psfmag_from_g3xp 13.386854 12.287551 11.2492895 8.904 63050395770808288 1155960238 bright_1x1 mwm_galactic_core_dist_apogee_extra mwm_galactic science 0 0 0.0 0.0 -999 ""
FIBERMAP 1054 R-2C7 BOSS 0 0 0 1 0 0 -131.68790343705214 -51.8777642142323 143.1 -138.710719960907 28.064479130852078 284.42648 119.47956 -999.0 -999.0 -999.0 -999.0 -999.0 270.1924341420943 34.28860946088863 270.0841211406523 34.28851329675522 44.2595516504993 72.04603031269335 -999.0 5400.0 -999.0 1 471 {-999.0 -999.0 -999.0 -999.0 -999.0} "" -999.0 -999.0 -999.0 -999.0 -999 -999 "" "" "" "" 0 0 0.0 0.0 -999 ""
FIBERMAP 1054 R-2C7 METROLOGY 0 0 0 1 0 0 -131.8533290038557 -51.15101431817633 143.1 -138.4544090484088 28.76426813342087 284.42648 119.47956 -999.0 -999.0 -999.0 -999.0 -999.0 270.1937695801597 34.29181046408166 270.0855133807213 34.29170226420107 44.259235754132234 72.04131740434894 -999.0 6231.0 -999.0 -1 -999 {-999.0 -999.0 -999.0 -999.0 -999.0} "" -999.0 -999.0 -999.0 -999.0 -999 -999 "" "" "" "" 0 0 0.0 0.0 -999 ""
FIBERMAP 1056 R-6C9 APOGEE 0 0 0 1 0 0 -26.1724300074297 -119.61797560989591 143.1 -86.9976217528113 -86.14715168807548 37.256042 62.228306 -999.0 -999.0 -999.0 -999.0 -999.0 270.47770078169333 33.7697120672959 270.371473825871 33.77045193901647 43.89710259844853 72.65872173046563 -999.0 16600.0 -999.0 2 -999 {-999.0 -999.0 -999.0 -999.0 -999.0} "" -999.0 -999.0 -999.0 -999.0 -999 -999 "" "" "" "" 0 0 0.0 0.0 -999 ""
FIBERMAP 1056 R-6C9 BOSS 1 1 0 1 0 0 -26.042060456914776 -120.349384543688 143.1 -87.2858828281126 -86.83179067823406 37.256042 62.228306 270.476359210973 33.76657504062753 -12.227153 -29.164091 0.2923328 270.476335810591 33.76650700669003 270.3698751199354 33.76729915262791 43.89756573225922 72.66342618326524 5400.0 5400.0 2016.0 1 399 {-999.0 17.685484 17.303741 17.188843 -999.0} sdss_psfmag_ps1 17.60487 17.297964 16.844913 15.861 63050395770799979 975940061 "" ops_std_boss ops_std standard_boss 0 0 0.0 0.0 -999 ""
FIBERMAP 1056 R-6C9 METROLOGY 0 0 0 1 0 0 -26.745807587830146 -120.09536447738856 143.1 -87.73832058080625 -86.23601035249406 37.256042 62.228306 -999.0 -999.0 -999.0 -999.0 -999.0 270.47379161856946 33.769237215987594 270.36739155544444 33.77000623657309 43.90026336857808 72.66054387463055 -999.0 6231.0 -999.0 -1 -999 {-999.0 -999.0 -999.0 -999.0 -999.0} "" -999.0 -999.0 -999.0 -999.0 -999 -999 "" "" "" "" 0 0 0.0 0.0 -999 ""
FIBERMAP 1058 R-4C23 APOGEE 1 1 0 1 0 0 227.63739439986622 -88.47858003079091 143.1 142.9158710024452 -198.01065716356524 277.7305 31.768887 271.7263412911858 33.25997616922289 -0.0024783185 -2.6107035 2.1881797 271.7263518865856 33.25994485773218 271.6215217298371 33.26416382612283 42.757452478856386 72.94595415249631 16000.0 16600.0 2016.0 2 221 {-999.0 15.540412 14.435469 14.038006 -999.0} sdss_psfmag_from_g3xp 15.144344 14.483857 13.683486 12.111 63050395770713019 1035001567 bright_1x1 mwm_yso_pms_apogee_zari18pms_single mwm_yso science 0 0 0.0 0.0 -999 ""
FIBERMAP 1058 R-4C23 BOSS 0 0 0 1 0 0 227.15953313668035 -87.9204780106739 143.1 142.8183107530314 -197.28251991190194 277.7305 31.768887 -999.0 -999.0 -999.0 -999.0 -999.0 271.72616329008054 33.26313329893438 271.6210676551583 33.26741165775127 42.7587106518391 72.9418434271538 -999.0 5400.0 -999.0 1 252 {-999.0 -999.0 -999.0 -999.0 -999.0} "" -999.0 -999.0 -999.0 -999.0 -999 -999 "" "" "" "" 0 0 0.0 0.0 -999 ""
FIBERMAP 1058 R-4C23 METROLOGY 0 0 0 1 0 0 227.89235236080248 -87.77220912412008 143.1 143.5138648798339 -197.55652760636056 277.7305 31.768887 -999.0 -999.0 -999.0 -999.0 -999.0 271.7298136881592 33.26191145350284 271.6247930400368 33.26618275514585 42.7553779147891 72.94228600543352 -999.0 6231.0 -999.0 -1 -999 {-999.0 -999.0 -999.0 -999.0 -999.0} "" -999.0 -999.0 -999.0 -999.0 -999 -999 "" "" "" "" 0 0 0.0 0.0 -999 ""
FIBERMAP 1063 R0C13 APOGEE 0 0 0 1 0 0 -18.571009349282477 11.22443875941341 143.1 -9.481153408029876 19.515814738491592 63.377354 125.165474 -999.0 -999.0 -999.0 -999.0 -999.0 270.90352441501875 34.250376734823796 270.7953077991673 34.252144260899925 43.68171344428612 71.88860435690702 -999.0 16600.0 -999.0 2 292 {-999.0 -999.0 -999.0 -999.0 -999.0} "" -999.0 -999.0 -999.0 -999.0 -999 -999 "" ops_sky_apogee_best_unassigned ops_sky sky_apogee 0 0 0.0 0.0 -999 ""
FIBERMAP 1063 R0C13 BOSS 1 1 0 1 0 0 -17.842649884088175 11.357550954862546 143.1 -8.79758221497464 19.23151310755831 63.377354 125.165474 270.9076084358144 34.249062871526874 -22.114948 -12.181928 0.55501926 270.90753245724716 34.249028905053336 270.79906935369956 34.250862038575455 43.67837999711589 71.88922179045505 5400.0 5400.0 2016.0 1 430 {-999.0 17.50981 16.854322 16.540215 -999.0} sdss_psfmag_ps1 17.269436 16.84702 16.224556 14.105 63050395770804212 1072824156 bright_1x1 mwm_halo_local_high_boss_single mwm_halo science 0 0 0.0 0.0 -999 ""
FIBERMAP 1063 R0C13 METROLOGY 0 0 0 1 0 0 -18.080733542332133 10.654010744541802 143.1 -9.379877079349743 18.770584518254296 63.377354 125.165474 -999.0 -999.0 -999.0 -999.0 -999.0 270.9042455501029 34.24694957441856 270.79586254020273 34.24875892965673 43.68040635243713 71.8929687388648 -999.0 6231.0 -999.0 -1 -999 {-999.0 -999.0 -999.0 -999.0 -999.0} "" -999.0 -999.0 -999.0 -999.0 -999 -999 "" "" "" "" 0 0 0.0 0.0 -999 ""
FIBERMAP 1068 R-2C8 APOGEE 0 0 0 1 0 0 -117.09123086540768 -23.950107442189143 143.1 -111.27799139694787 43.5637671249536 127.48234 95.99033 -999.0 -999.0 -999.0 -999.0 -999.0 270.34270672556676 34.35968457617549 270.23430559890267 34.35992182973088 44.15731970005439 71.9063027850043 -999.0 16600.0 -999.0 2 -999 {-999.0 -999.0 -999.0 -999.0 -999.0} "" -999.0 -999.0 -999.0 -999.0 -999 -999 "" "" "" "" 0 0 0.0 0.0 -999 ""
FIBERMAP 1068 R-2C8 BOSS 1 1 0 1 0 0 -116.54907448606406 -23.430975323738917 143.1 -110.54079628317427 43.704629107982655 127.48234 95.99033 270.3470020841229 34.360343645770286 -2.008687 -15.747439 1.6932021 270.3469460701017 34.360303955171 270.23829428062777 34.36060496854524 44.15430233987917 71.90423355224794 5400.0 5400.0 2016.0 1 450 {-999.0 16.27485 15.369081 14.928806 -999.0} sdss_psfmag_ps1 15.478294 14.97057 14.226344 12.065 63050395770808680 1096742022 bright_1x1 mwm_bin_vis_boss mwm_filler science 0 0 0.0 0.0 -999 ""
FIBERMAP 1068 R-2C8 METROLOGY 0 0 0 1 0 0 -116.37283951791781 -24.15154192871886 143.1 -110.78467474185271 43.00415181615559 127.48234 95.99033 -999.0 -999.0 -999.0 -999.0 -999.0 270.34555356542717 34.3571247269168 270.2369843426686 34.3574078786093 44.154550061995124 71.90892495437885 -999.0 6231.0 -999.0 -1 -999 {-999.0 -999.0 -999.0 -999.0 -999.0} "" -999.0 -999.0 -999.0 -999.0 -999 -999 "" "" "" "" 0 0 0.0 0.0 -999 ""
FIBERMAP 1069 R+11C10 APOGEE 1 1 0 1 0 0 49.654872812403894 212.42907768071498 143.1 157.1633121834444 151.26196401840127 19.48293 91.94931 271.82670612588015 34.8419740878092 -1.6017382 -11.588159 1.194771 271.82670136906916 34.84195645026029 271.7158538221869 34.84606205436627 43.09873422334138 70.83362068091628 16000.0 16600.0 2016.0 2 18 {-999.0 10.826516 10.070118 9.795188 -999.0} sdss_psfmag_from_g3xp 10.614386 10.109712 9.447918 8.18 63050395770984510 1103856369 bright_1x1 mwm_tess_rgb_apogee mwm_tessrgb science 0 0 0.0 0.0 -999 ""
FIBERMAP 1069 R+11C10 BOSS 0 0 0 1 0 0 49.940471188731564 211.74600833195802 143.1 157.03159240627429 150.53349252804125 19.48293 91.94931 -999.0 -999.0 -999.0 -999.0 -999.0 271.82624514021353 34.83865210444145 271.7151533709921 34.84281217091004 43.09847254933124 70.83812635061088 -999.0 5400.0 -999.0 1 109 {-999.0 -999.0 -999.0 -999.0 -999.0} "" -999.0 -999.0 -999.0 -999.0 -999 -999 "" "" "" "" 0 0 0.0 0.0 -999 ""
FIBERMAP 1069 R+11C10 METROLOGY 0 0 0 1 0 0 49.201260757617 211.8259985550408 143.1 156.45477742916802 151.00251760108486 19.48293 91.94931 -999.0 -999.0 -999.0 -999.0 -999.0 271.8230107917115 34.84082273669655 271.7119847898563 34.84495801673593 43.10152943831519 70.83617856916868 -999.0 6231.0 -999.0 -1 -999 {-999.0 -999.0 -999.0 -999.0 -999.0} "" -999.0 -999.0 -999.0 -999.0 -999 -999 "" "" "" "" 0 0 0.0 0.0 -999 ""
FIBERMAP 1070 R+9C13 APOGEE 1 1 0 1 0 0 74.3532507098823 160.00693747572308 143.1 149.38742032806374 93.84390329134858 269.61728 101.70938 271.7815444639311 34.58269879340466 0.4226201 0.588129 0.19547553 271.7815503435769 34.58269202064483 271.6717167879066 34.58673863960759 43.06808255732596 71.18967642155917 16000.0 16600.0 2016.0 2 55 {-999.0 11.969654 10.600932 9.835562 -999.0} sdss_psfmag_from_g3xp 11.431201 10.427333 9.439289 7.169 63050395770891764 1155960357 bright_1x1 mwm_galactic_core_dist_apogee_extra mwm_galactic science 0 0 0.0 0.0 -999 ""
FIBERMAP 1070 R+9C13 BOSS 0 0 0 1 0 0 73.62872402058021 159.87572718405553 143.1 148.70809943751328 94.12771705205458 269.61728 101.70938 -999.0 -999.0 -999.0 -999.0 -999.0 271.77814524901856 34.58399543014895 271.6680516811166 34.588088309606796 43.07134450535142 71.18894481389924 -999.0 5400.0 -999.0 1 152 {-999.0 -999.0 -999.0 -999.0 -999.0} "" -999.0 -999.0 -999.0 -999.0 -999 -999 "" "" "" "" 0 0 0.0 0.0 -999 ""
FIBERMAP 1070 R+9C13 METROLOGY 0 0 0 1 0 0 73.87675647042319 160.58050104458798 143.1 149.2994135066353 94.58427178994636 269.61728 101.70938 -999.0 -999.0 -999.0 -999.0 -999.0 271.7813314066736 34.58603811219 271.67130140198253 34.59012327424664 43.06927742905536 71.18531644600381 -999.0 6231.0 -999.0 -1 -999 {-999.0 -999.0 -999.0 -999.0 -999.0} "" -999.0 -999.0 -999.0 -999.0 -999 -999 "" "" "" "" 0 0 0.0 0.0 -999 ""
FIBERMAP 1078 R-3C9 APOGEE 0 0 0 1 0 0 -78.56934275208376 -49.37500330045159 143.1 -92.77580654213122 1.2846042519888465 46.981785 152.29555 -999.0 -999.0 -999.0 -999.0 -999.0 270.44488041064017 34.16749319223668 270.3371669483182 34.16805006438606 44.02673332055821 72.13503731635001 -999.0 16600.0 -999.0 2 245 {-999.0 -999.0 -999.0 -999.0 -999.0} "" -999.0 -999.0 -999.0 -999.0 -999 -999 "" "" "" "" 0 0 0.0 0.0 -999 ""
FIBERMAP 1078 R-3C9 BOSS 1 1 0 1 0 0 -77.87735391621293 -49.11778196525166 143.1 -92.0552786333773 1.124222576397844 46.981785 152.29555 270.4491022916065 34.16671113379248 -7.2993126 -1.7359649 0.45442972 270.44903230726794 34.16671502356967 270.3410732233589 34.16733677748971 44.02342605564267 72.13485667560644 5400.0 5400.0 2016.0 1 470 {-999.0 16.216396 15.749002 15.590835 -999.0} sdss_psfmag_ps1 16.020828 15.709857 15.225827 14.399 63050395770807082 1034704380 bright_1x1 mwm_yso_disk_boss_single mwm_yso science 0 0 0.0 0.0 -999 ""
FIBERMAP 1078 R-3C9 METROLOGY 0 0 0 1 0 0 -78.01993201620392 -49.850804621965366 143.1 -92.57345979011684 0.586628472221447 46.981785 152.29555 -999.0 -999.0 -999.0 -999.0 -999.0 270.4461307068652 34.164278404685305 270.3382520347084 34.16487778045507 44.025060156259 72.13898817536096 -999.0 6231.0 -999.0 -1 -999 {-999.0 -999.0 -999.0 -999.0 -999.0} "" -999.0 -999.0 -999.0 -999.0 -999 -999 "" "" "" "" 0 0 0.0 0.0 -999 ""
FIBERMAP 1081 R-1C22 APOGEE 0 0 0 1 0 0 202.60394377979023 -16.844600675996766 143.1 160.8558818635475 -124.2888976425309 8.744992 121.59558 -999.0 -999.0 -999.0 -999.0 -999.0 271.82985101981114 33.59180306834111 271.7237462227006 33.59621973270858 42.76597325124189 72.47913023964236 -999.0 16600.0 -999.0 2 196 {-999.0 -999.0 -999.0 -999.0 -999.0} "" -999.0 -999.0 -999.0 -999.0 -999 -999 "" ops_sky_apogee_best_unassigned ops_sky sky_apogee 0 0 0.0 0.0 -999 ""
FIBERMAP 1081 R-1C22 BOSS 1 1 0 1 0 0 203.08678101242717 -17.410809919468864 143.1 160.95320985392985 -125.02654341902705 8.744992 121.59558 271.8305969238281 33.588382810342935 -999.0 -999.0 -999.0 271.8306156015672 33.588372810920106 271.7242683524339 33.59285209128449 42.76464303721543 72.48338583988414 5400.0 5400.0 2015.5 1 313 {-999.0 -999.0 -999.0 -999.0 -999.0} "" -999.0 -999.0 -999.0 -999.0 27021603155888409 813391904 "" ops_sky_boss_good ops_sky sky_boss 0 0 0.0 0.0 -999 ""
FIBERMAP 1081 R-1C22 METROLOGY 0 0 0 1 0 0 202.35042997139772 -17.552513837011404 143.1 160.25826133088515 -124.74510654705495 8.744992 121.59558 -999.0 -999.0 -999.0 -999.0 -999.0 271.8267922577954 33.589692472712024 271.720513841135 33.59414420247089 42.768003483785535 72.48284459672374 -999.0 6231.0 -999.0 -1 -999 {-999.0 -999.0 -999.0 -999.0 -999.0} "" -999.0 -999.0 -999.0 -999.0 -999 -999 "" "" "" "" 0 0 0.0 0.0 -999 ""
FIBERMAP 1083 R-3C10 APOGEE 0 0 0 1 0 0 -38.46075615197584 -45.41480822282122 143.1 -56.965757610636125 -17.198872913661933 114.65908 16.224833 -999.0 -999.0 -999.0 -999.0 -999.0 270.64181265191644 34.083435207439166 270.5343359427966 34.08454033591393 43.84762127718149 72.18940161981459 -999.0 16600.0 -999.0 2 -999 {-999.0 -999.0 -999.0 -999.0 -999.0} "" -999.0 -999.0 -999.0 -999.0 -999 -999 "" "" "" "" 0 0 0.0 0.0 -999 ""
FIBERMAP 1083 R-3C10 BOSS 1 1 0 1 0 0 -37.96756398009899 -45.97618566370247 143.1 -56.85711331753148 -17.938093987805804 114.65908 16.224833 270.6426521434732 34.08008635937469 -4.4882145 -19.427702 0.5072624 270.6426206968139 34.08000325057846 270.5349086864394 34.08116579876527 43.846298269873984 72.19375608646305 5400.0 5400.0 2016.0 1 447 {-999.0 16.312437 15.869373 15.711905 -999.0} sdss_psfmag_ps1 16.199575 15.859223 15.349748 14.472 63050395770801512 1073338866 bright_1x1 mwm_halo_local_high_boss_single mwm_halo science 0 0 0.0 0.0 -999 ""
FIBERMAP 1083 R-3C10 METROLOGY 0 0 0 1 0 0 -38.706378135986895 -46.11931643532287 143.1 -57.55490451858194 -17.6565152815577 114.65908 16.224833 -999.0 -999.0 -999.0 -999.0 -999.0 270.6387210258283 34.08130441580739 270.5310759837445 34.08244075386673 43.84969334790629 72.19317483777633 -999.0 6231.0 -999.0 -1 -999 {-999.0 -999.0 -999.0 -999.0 -999.0} "" -999.0 -999.0 -999.0 -999.0 -999 -999 "" "" "" "" 0 0 0.0 0.0 -999 ""
FIBERMAP 1085 R-2C13 APOGEE 0 0 0 1 0 0 -12.768709695033587 -24.488266091689567 143.1 -24.02883835383075 -13.606985730492282 175.92723 63.8219 -999.0 -999.0 -999.0 -999.0 -999.0 270.8229901828338 34.099621465347035 270.7153779243655 34.10120891338638 43.706989873677315 72.11381510151165 -999.0 16600.0 -999.0 2 -999 {-999.0 -999.0 -999.0 -999.0 -999.0} "" -999.0 -999.0 -999.0 -999.0 -999 -999 "" "" "" "" 0 0 0.0 0.0 -999 ""
FIBERMAP 1085 R-2C13 BOSS 1 1 0 1 0 0 -12.418503805331872 -23.83661513065904 143.1 -23.380668344952017 -13.250559544272265 175.92723 63.8219 270.82676125913997 34.10129666655642 3.9843006 -38.75213 0.92307425 270.8267931814424 34.101176213753725 270.718924299931 34.102828362493916 43.704568104267324 72.11060623188251 5400.0 5400.0 2016.0 1 355 {-999.0 19.22192 17.934328 17.488268 -999.0} sdss_psfmag_ps1 18.810354 17.95386 17.090591 15.262 63050395770801267 1072824131 bright_1x1 mwm_halo_local_high_boss_single mwm_halo science 0 0 0.0 0.0 -999 ""
FIBERMAP 1085 R-2C13 METROLOGY 0 0 0 1 0 0 -12.022681790826962 -24.478051070550464 143.1 -23.397258795990595 -14.004022099297202 175.92723 63.8219 -999.0 -999.0 -999.0 -999.0 -999.0 270.8266267898273 34.097760477214635 270.71884152302846 34.09939745808549 43.70375260347158 72.11521710840805 -999.0 6231.0 -999.0 -1 -999 {-999.0 -999.0 -999.0 -999.0 -999.0} "" -999.0 -999.0 -999.0 -999.0 -999 -999 "" "" "" "" 0 0 0.0 0.0 -999 ""
FIBERMAP 1086 R-3C15 APOGEE 0 0 0 1 0 0 69.93061250743145 -59.6344047220372 143.1 26.259282097799137 -88.06253248161391 2.4314752 109.00026 -999.0 -999.0 -999.0 -999.0 -999.0 271.09777466274613 33.75992405986755 270.99133072081315 33.762331053173355 43.39767922844548 72.482991242879 -999.0 16600.0 -999.0 2 -999 {-999.0 -999.0 -999.0 -999.0 -999.0} "" -999.0 -999.0 -999.0 -999.0 -999 -999 "" "" "" "" 0 0 0.0 0.0 -999 ""
FIBERMAP 1086 R-3C15 BOSS 1 1 0 1 0 0 70.2145086042517 -60.328789435640566 143.1 26.11998180499422 -88.7995736931448 2.4314752 109.00026 271.0972595214844 33.75646594397547 -999.0 -999.0 -999.0 271.09725759098575 33.756473860323474 270.9905764306267 33.75893724828419 43.39738852449049 72.48772420339316 5400.0 5400.0 2015.5 1 274 {-999.0 -999.0 -999.0 -999.0 -999.0} "" -999.0 -999.0 -999.0 -999.0 27021603155889182 821148114 "" ops_sky_boss_good ops_sky sky_boss 0 0 0.0 0.0 -999 ""
FIBERMAP 1086 R-3C15 METROLOGY 0 0 0 1 0 0 69.48040619495858 -60.229363759888884 143.1 25.55802007018852 -88.31701663567233 2.4314752 109.00026 -999.0 -999.0 -999.0 -999.0 -999.0 271.0941189357092 33.75870321884114 270.9875016426872 33.76114148401442 43.40043586674011 72.48572644104428 -999.0 6231.0 -999.0 -1 -999 {-999.0 -999.0 -999.0 -999.0 -999.0} "" -999.0 -999.0 -999.0 -999.0 -999 -999 "" "" "" "" 0 0 0.0 0.0 -999 ""
FIBERMAP 1091 R+10C17 APOGEE 1 1 0 1 0 0 165.94484599203716 206.4368680481575 143.1 251.48957985972677 83.00788086541763 170.25307 76.00788 272.33821217151285 34.52537726481491 5.4557853 22.0624 4.380304 272.33819414232397 34.52543155823055 272.22836631651023 34.53098977940737 42.6107634295006 71.10213558679152 16000.0 16600.0 2016.0 2 49 {-999.0 9.667808 9.552017 9.548898 -999.0} sdss_psfmag_from_g3xp 9.689049 9.529077 9.21043 8.603 63050395770890205 975100287 "" ops_std_apogee ops_std standard_apogee 0 0 0.0 0.0 -999 ""
FIBERMAP 1091 R+10C17 BOSS 0 0 0 1 0 0 166.2199713086415 207.12558815013492 143.1 252.0949005030478 83.43623403537583 170.25307 76.00788 -999.0 -999.0 -999.0 -999.0 -999.0 272.34176862532263 34.52725195728155 272.2316724557021 34.532876965180954 42.60862331562166 71.0986983671192 -999.0 5400.0 -999.0 1 170 {-999.0 -999.0 -999.0 -999.0 -999.0} "" -999.0 -999.0 -999.0 -999.0 -999 -999 "" "" "" "" 0 0 0.0 0.0 -999 ""
FIBERMAP 1091 R+10C17 METROLOGY 0 0 0 1 0 0 166.68921932819802 206.53624045370506 143.1 252.1682450141088 82.68656006224931 170.25307 76.00788 -999.0 -999.0 -999.0 -999.0 -999.0 272.3420382188244 34.523874514219486 272.23202855552495 34.52948475328826 42.60745902986226 71.10304567159068 -999.0 6231.0 -999.0 -1 -999 {-999.0 -999.0 -999.0 -999.0 -999.0} "" -999.0 -999.0 -999.0 -999.0 -999 -999 "" "" "" "" 0 0 0.0 0.0 -999 ""
FIBERMAP 1092 R-7C20 APOGEE 1 1 0 1 0 0 195.4445343628621 -130.54350591611873 143.1 93.03108751486805 -215.8062876594119 197.41547 76.859764 271.4555771769276 33.18098858204078 -4.0264125 8.374009 2.7629607 271.4555761114561 33.18100687573029 271.3511448780447 33.184516253345826 42.95302820027522 73.13522149269346 16000.0 16600.0 2016.0 2 200 {-999.0 10.601227 10.3357935 10.274475 -999.0} sdss_psfmag_from_g3xp 10.581643 10.342739 9.949889 9.314 63050395770710448 1076230571 bright_1x1 mwm_snc_ext_main_apogee mwm_snc science 0 0 0.0 0.0 -999 ""
FIBERMAP 1092 R-7C20 BOSS 0 0 0 1 0 0 195.47188039694842 -129.8042466327349 143.1 93.45596302897391 -215.20080954478797 197.41547 76.859764 -999.0 -999.0 -999.0 -999.0 -999.0 271.4581797344313 33.183624626434344 271.35348596039955 33.187200575481604 42.951881649925 73.13095976389269 -999.0 5400.0 -999.0 1 332 {-999.0 -999.0 -999.0 -999.0 -999.0} "" -999.0 -999.0 -999.0 -999.0 -999 -999 "" "" "" "" 0 0 0.0 0.0 -999 ""
FIBERMAP 1092 R-7C20 METROLOGY 0 0 0 1 0 0 196.10580241722766 -130.1972390792633 143.1 93.77424941654917 -215.87524463225637 197.41547 76.859764 -999.0 -999.0 -999.0 -999.0 -999.0 271.4597804369191 33.180618102958185 271.355168504032 33.184182042712024 42.94969851574492 73.13439666984226 -999.0 6231.0 -999.0 -1 -999 {-999.0 -999.0 -999.0 -999.0 -999.0} "" -999.0 -999.0 -999.0 -999.0 -999 -999 "" "" "" "" 0 0 0.0 0.0 -999 ""
FIBERMAP 1094 R+1C19 APOGEE 0 0 0 1 0 0 129.3634132407602 13.416303024915749 143.1 115.84900557461785 -59.075427218440986 266.35486 156.80159 -999.0 -999.0 -999.0 -999.0 -999.0 271.589448914099 33.889238673798914 271.4823232376244 33.89293619136005 43.03882820705024 72.16221579048994 -999.0 16600.0 -999.0 2 -999 {-999.0 -999.0 -999.0 -999.0 -999.0} "" -999.0 -999.0 -999.0 -999.0 -999 -999 "" "" "" "" 0 0 0.0 0.0 -999 ""
FIBERMAP 1094 R+1C19 BOSS 1 1 0 1 0 0 129.0295780446723 12.755426285037911 143.1 115.2095569870481 -59.448495762815945 266.35486 156.80159 271.5863560595853 33.887545655098926 -35.882355 -22.672768 1.2323949 271.58624417066346 33.88748179550261 271.4788725375332 33.891228971136876 43.04113836144697 72.16550592536396 5400.0 5400.0 2016.0 1 232 {-999.0 16.42724 15.895905 15.7243 -999.0} sdss_psfmag_ps1 16.307175 15.894592 15.308849 14.187 63050395770722825 1072881452 bright_1x1 mwm_halo_local_high_boss_single mwm_halo science 0 0 0.0 0.0 -999 ""
FIBERMAP 1094 R+1C19 METROLOGY 0 0 0 1 0 0 128.61909746611758 13.364766551132924 143.1 115.19639666248855 -58.71399641753329 266.35486 156.80159 -999.0 -999.0 -999.0 -999.0 -999.0 271.58613179212705 33.89084304368802 271.47881948380086 33.894572698860394 43.04206605657443 72.16111005079551 -999.0 6231.0 -999.0 -1 -999 {-999.0 -999.0 -999.0 -999.0 -999.0} "" -999.0 -999.0 -999.0 -999.0 -999 -999 "" "" "" "" 0 0 0.0 0.0 -999 ""
FIBERMAP 1095 R+5C8 APOGEE 0 0 0 1 0 0 -68.1362219934969 105.0293167259831 143.1 -0.07274725725060635 125.17986280488951 38.869892 116.754005 -999.0 -999.0 -999.0 -999.0 -999.0 270.9572291395282 34.73087408561407 270.8471542154249 34.73267099049056 43.761216475562954 71.23020833770676 -999.0 16600.0 -999.0 2 -999 {-999.0 -999.0 -999.0 -999.0 -999.0} "" -999.0 -999.0 -999.0 -999.0 -999 -999 "" "" "" "" 0 0 0.0 0.0 -999 ""
FIBERMAP 1095 R+5C8 BOSS 1 1 0 1 0 0 -67.45370747987988 104.73134495465226 143.1 0.3379771234142486 124.55874458753175 38.869892 116.754005 270.9597749723547 34.72802060370326 -5.696623 3.8956094 0.13026541 270.95974396037036 34.72805154227681 270.8494276732831 34.72990871245615 43.75872151573654 71.2332720613619 5400.0 5400.0 2016.0 1 65 {-999.0 15.749096 15.243654 14.997356 -999.0} sdss_psfmag_ps1 15.602874 15.198609 14.608908 13.431 63050395770988375 1071075700 bright_1x1 mwm_halo_vmp_xp_boss_single mwm_halo science 0 0 0.0 0.0 -999 ""
FIBERMAP 1095 R+5C8 METROLOGY 0 0 0 1 0 0 -68.05294902051955 104.28788055713018 143.1 -0.40598091242547685 124.5124154683197 38.869892 116.754005 -999.0 -999.0 -999.0 -999.0 -999.0 270.95555230796805 34.72785727678221 270.8453096747761 34.72968826251472 43.76194552241303 71.23472971048699 -999.0 6231.0 -999.0 -1 -999 {-999.0 -999.0 -999.0 -999.0 -999.0} "" -999.0 -999.0 -999.0 -999.0 -999 -999 "" "" "" "" 0 0 0.0 0.0 -999 ""
FIBERMAP 1096 R+1C25 APOGEE 0 0 0 1 0 0 265.03072382708285 14.978413683485476 143.1 230.54288515229072 -131.5256121261726 283.32358 154.20006 -999.0 -999.0 -999.0 -999.0 -999.0 272.20502793557154 33.556579948384254 272.09890976535473 33.56201569115619 42.455896099522995 72.40834352775585 -999.0 16600.0 -999.0 2 -999 {-999.0 -999.0 -999.0 -999.0 -999.0} "" -999.0 -999.0 -999.0 -999.0 -999 -999 "" "" "" "" 0 0 0.0 0.0 -999 ""
FIBERMAP 1096 R+1C25 BOSS 1 1 0 1 0 0 264.8879994057905 14.250173337574367 143.1 230.02718130749443 -132.05911362361238 283.32358 154.20006 272.2024575469095 33.55410500907033 -8.249475 5.2234287 3.1908972 272.2024632884583 33.55413021634902 272.09609782363805 33.55962060441913 42.45749539488145 72.4123343178515 5400.0 5400.0 2016.0 1 184 {-999.0 20.698215 19.597794 18.18283 -999.0} sdss_psfmag_ps1 20.222095 18.913132 17.657667 15.688 63050395770853193 1096636719 bright_1x1 mwm_bin_vis_boss mwm_filler science 0 0 0.0 0.0 -999 ""
FIBERMAP 1096 R+1C25 METROLOGY 0 0 0 1 0 0 264.3260641370169 14.733226608565174 143.1 229.81826746934712 -131.34824293606107 283.32358 154.20006 -999.0 -999.0 -999.0 -999.0 -999.0 272.2013507450229 33.5573600594176 272.0950466078235 33.56282937318604 42.459215030174434 72.4084751507753 -999.0 6231.0 -999.0 -1 -999 {-999.0 -999.0 -999.0 -999.0 -999.0} "" -999.0 -999.0 -999.0 -999.0 -999 -999 "" "" "" "" 0 0 0.0 0.0 -999 ""
FIBERMAP 1098 R+5C1 APOGEE 1 1 0 1 0 0 -233.82563075643364 114.46653638788527 143.1 -133.97929598389348 223.18281154128425 118.68262 78.69813 270.2175372927419 35.171107923994 -6.509374 -10.645045 0.7885545 270.21752313454834 35.17107113385794 270.1060512372053 35.17078123592501 44.4566328268677 70.84296539526105 16000.0 16600.0 2016.0 2 122 {-999.0 10.535466 9.698401 9.407738 -999.0} sdss_psfmag_from_g3xp 10.284866 9.744088 9.055971 7.637 63050395770833869 996664277 bright_1x1 mwm_bin_gaia_sb_apogee mwm_bin science 0 0 0.0 0.0 -999 ""
FIBERMAP 1098 R+5C1 BOSS 0 0 0 1 0 0 -233.12070096126024 114.70043277914425 143.1 -133.26059028054226 222.99582097440035 118.68262 78.69813 -999.0 -999.0 -999.0 -999.0 -999.0 270.22172269882896 35.170230515658574 270.1100050414766 35.17000119096671 44.453308023246656 70.84295786840016 -999.0 5400.0 -999.0 1 1 {-999.0 -999.0 -999.0 -999.0 -999.0} "" -999.0 -999.0 -999.0 -999.0 -999 -999 "" "" "" "" 0 0 0.0 0.0 -999 ""
FIBERMAP 1098 R+5C1 METROLOGY 0 0 0 1 0 0 -233.26523714814215 113.9612823488881 143.1 -133.78374616855317 222.45414937152285 118.68262 78.69813 -999.0 -999.0 -999.0 -999.0 -999.0 270.2187628352559 35.16779156242232 270.1071260008315 35.16754096504294 44.455013780172216 70.8470857578838 -999.0 6231.0 -999.0 -1 -999 {-999.0 -999.0 -999.0 -999.0 -999.0} "" -999.0 -999.0 -999.0 -999.0 -999 -999 "" "" "" "" 0 0 0.0 0.0 -999 ""
FIBERMAP 1100 R-9C17 APOGEE 0 0 0 1 0 0 155.22764483991455 -161.0906295357881 143.1 42.67509727552705 -219.57422117443738 173.19246 70.75508 -999.0 -999.0 -999.0 -999.0 -999.0 271.1829080700822 33.16492634432271 271.0786452230042 33.16770613886478 43.16776865434592 73.24290125195756 -999.0 16600.0 -999.0 2 -999 {-999.0 -999.0 -999.0 -999.0 -999.0} "" -999.0 -999.0 -999.0 -999.0 -999 -999 "" "" "" "" 0 0 0.0 0.0 -999 ""
FIBERMAP 1100 R-9C17 BOSS 1 1 0 1 0 0 155.55420427309454 -160.4071692623472 143.1 43.320718893213 -219.1782460029805 173.19246 70.75508 271.18667635327233 33.16647627375175 10.522334 46.186577 12.423033 271.1866786266024 33.16659420489971 271.0821580976592 33.169443218747986 43.16541516360484 73.23950805140407 5400.0 5400.0 2016.0 1 269 {-999.0 17.508291 16.027803 14.57971 -999.0} sdss_psfmag_ps1 16.918846 15.192339 13.939314 11.568 63050395770711447 1151083653 bright_1x1 mwm_snc_100pc_boss_single mwm_snc science 0 0 0.0 0.0 -999 ""
FIBERMAP 1100 R-9C17 METROLOGY 0 0 0 1 0 0 155.97174055559236 -161.03600768648116 143.1 43.32919901546853 -219.9329432532684 173.19246 70.75508 -999.0 -999.0 -999.0 -999.0 -999.0 271.1866218188425 33.16323292339851 271.0821845871525 33.16606575272063 43.16447027858544 73.24395380722672 -999.0 6231.0 -999.0 -1 -999 {-999.0 -999.0 -999.0 -999.0 -999.0} "" -999.0 -999.0 -999.0 -999.0 -999 -999 "" "" "" "" 0 0 0.0 0.0 -999 ""
FIBERMAP 1101 R-12C14 APOGEE 1 1 0 1 0 0 123.81729180379787 -244.71409934752845 143.1 -29.14803309827299 -272.66894666395825 248.32 95.82425 270.7938111905468 32.928764536480074 -1.9840953 -0.62815195 0.07125139 270.79381594100016 32.92876047318815 270.6905812623536 32.930551586573905 43.415565442933136 73.67875318533356 16000.0 16600.0 2016.0 2 213 {-999.0 14.098377 12.562726 11.711318 -999.0} sdss_psfmag_from_g3xp 13.441674 12.344494 11.313531 8.983 63050395770705056 1152450309 bright_1x1 mwm_galactic_core_dist_apogee_sparse mwm_galactic science 0 0 0.0 0.0 -999 ""
FIBERMAP 1101 R-12C14 BOSS 0 0 0 1 0 0 123.10032075408776 -244.54864204663696 143.1 -29.659718369913087 -272.140293640799 248.32 95.82425 -999.0 -999.0 -999.0 -999.0 -999.0 270.7913058132823 32.931059084554285 270.6878166786132 32.93290216388785 43.41844253019648 73.67651982459256 -999.0 5400.0 -999.0 1 256 {-999.0 -999.0 -999.0 -999.0 -999.0} "" -999.0 -999.0 -999.0 -999.0 -999 -999 "" "" "" "" 0 0 0.0 0.0 -999 ""
FIBERMAP 1101 R-12C14 METROLOGY 0 0 0 1 0 0 123.59918014788535 -243.99294439561302 143.1 -28.938975383261827 -271.94520770794884 248.32 95.82425 -999.0 -999.0 -999.0 -999.0 -999.0 270.7951184678768 32.93193428699781 270.6916945451678 32.933770609164114 43.41555185353092 73.67413875455628 -999.0 6231.0 -999.0 -1 -999 {-999.0 -999.0 -999.0 -999.0 -999.0} "" -999.0 -999.0 -999.0 -999.0 -999 -999 "" "" "" "" 0 0 0.0 0.0 -999 ""
FIBERMAP 1103 R-2C9 APOGEE 1 1 0 1 0 0 -82.16743795004804 -48.227777677360464 143.1 -95.17139529375737 4.203543183426291 302.5981 124.94287 270.4312880362819 34.18070144590852 -2.685886 20.545645 2.7847 270.4316865487476 34.180761714521445 270.32392827454566 34.181280049496934 44.04068208879877 72.12109811967053 16000.0 16600.0 2016.0 2 258 {-999.0 8.781563 8.028896 7.747348 -999.0} sdss_psfmag_from_g3xp 8.571408 8.068068 7.4039803 6.066 63050395770807109 1102830815 bright_1x1 mwm_dust_core_dist_apogee mwm_dust science 0 0 1.2023102045059204 0.0 -999 ""
FIBERMAP 1103 R-2C9 BOSS 0 0 0 1 0 0 -82.44850360395557 -48.89761966352533 143.1 -95.77143689123596 3.794261198801764 302.5981 124.94287 -999.0 -999.0 -999.0 -999.0 -999.0 270.42858317572495 34.178840706772 270.3205867433662 34.17940463942308 44.04288110033813 72.1245962846786 -999.0 5400.0 -999.0 1 449 {-999.0 -999.0 -999.0 -999.0 -999.0} "" -999.0 -999.0 -999.0 -999.0 -999 -999 "" "" "" "" 0 0 0.0 0.0 -999 ""
FIBERMAP 1103 R-2C9 METROLOGY 0 0 0 1 0 0 -82.90592675469664 -48.31227184376286 143.1 -95.8370333149654 4.5341496261761645 302.5981 124.94287 -999.0 -999.0 -999.0 -999.0 -999.0 270.4281555934963 34.18222376185777 270.32021643126484 34.18277058201243 44.0440301697778 72.12017436709647 -999.0 6231.0 -999.0 -1 -999 {-999.0 -999.0 -999.0 -999.0 -999.0} "" -999.0 -999.0 -999.0 -999.0 -999 -999 "" "" "" "" 0 0 0.0 0.0 -999 ""
FIBERMAP 1104 R-13C7 APOGEE 1 1 0 1 0 0 -14.95828838686257 -237.89277551997958 143.1 -141.89220889245993 -191.4939062637817 117.30222 103.30007 270.1824495733522 33.29337559091457 7.410161 3.738584 1.6752703 270.1829665716377 33.29337563826699 270.078639523225 33.29343899940086 44.00716039986774 73.38716184853888 16000.0 16600.0 2016.0 2 299 {-999.0 9.681197 8.381374 7.679572 -999.0} sdss_psfmag_from_g3xp 9.1760435 8.245868 7.292016 5.226 63050395770784962 1152450410 bright_1x1 mwm_galactic_core_dist_apogee_sparse mwm_galactic science 0 0 1.460920810699463 0.0 -999 ""
FIBERMAP 1104 R-13C7 BOSS 0 0 0 1 0 0 -14.391589592844202 -237.41091784532492 143.1 -141.1546848882946 -191.39766642875796 117.30222 103.30007 -999.0 -999.0 -999.0 -999.0 -999.0 270.1871642618806 33.2937211244191 270.0825904889132 33.2938518436955 44.00408657154141 73.38538768855358 -999.0 5400.0 -999.0 1 416 {-999.0 -999.0 -999.0 -999.0 -999.0} "" -999.0 -999.0 -999.0 -999.0 -999 -999 "" "" "" "" 0 0 0.0 0.0 -999 ""
FIBERMAP 1104 R-13C7 METROLOGY 0 0 0 1 0 0 -14.255019708703825 -238.14342462249104 143.1 -141.43833987025408 -192.08659773117932 117.30222 103.30007 -999.0 -999.0 -999.0 -999.0 -999.0 270.18560713397807 33.290648869745496 270.0811144735494 33.29076023283136 44.00445378582042 73.38998721527918 -999.0 6231.0 -999.0 -1 -999 {-999.0 -999.0 -999.0 -999.0 -999.0} "" -999.0 -999.0 -999.0 -999.0 -999 -999 "" "" "" "" 0 0 0.0 0.0 -999 ""
FIBERMAP 1105 R-7C6 APOGEE 0 0 0 1 0 0 -106.69305917006335 -126.18606986436677 143.1 -158.13713285420516 -47.88043860632502 103.8592 132.26715 -999.0 -999.0 -999.0 -999.0 -999.0 270.0881601619811 33.9430099571463 269.9814447543596 33.94266410016296 44.25442640703541 72.54323522006109 -999.0 16600.0 -999.0 2 -999 {-999.0 -999.0 -999.0 -999.0 -999.0} "" -999.0 -999.0 -999.0 -999.0 -999 -999 "" "" "" "" 0 0 0.0 0.0 -999 ""
FIBERMAP 1105 R-7C6 BOSS 1 1 0 1 0 0 -106.28340327160241 -125.56028772751674 143.1 -157.45314028770446 -47.57804252286258 103.8592 132.26715 270.0916916869498 33.94433557499112 -1.510721 -4.126439 0.2855262 270.09205654804157 33.94432423107153 269.9850903885465 33.94404193450976 44.25185352984107 72.5402981527659 5400.0 5400.0 2016.0 1 437 {-999.0 13.700287 12.882608 12.553719 -999.0} sdss_psfmag_from_g3xp 13.458337 12.90412 12.199966 10.665 63050395770795897 996736082 bright_1x1 mwm_bin_gaia_sb_boss mwm_bin science 0 0 1.1620737314224243 0.0 -999 ""
FIBERMAP 1105 R-7C6 METROLOGY 0 0 0 1 0 0 -105.9481975944006 -126.22900252807408 143.1 -157.53542790464533 -48.32143947901187 103.8592 132.26715 -999.0 -999.0 -999.0 -999.0 -999.0 270.0915790016436 33.940964321476876 269.98469490251273 33.9406664103722 44.25130965461767 72.54497163977328 -999.0 6231.0 -999.0 -1 -999 {-999.0 -999.0 -999.0 -999.0 -999.0} "" -999.0 -999.0 -999.0 -999.0 -999 -999 "" "" "" "" 0 0 0.0 0.0 -999 ""
FIBERMAP 1106 R-10C9 APOGEE 0 0 0 1 0 0 -5.20658196287113 -185.05324091259985 143.1 -104.98076016495189 -152.4557732364108 96.305626 136.93521 -999.0 -999.0 -999.0 -999.0 -999.0 270.3812163681087 33.46915938614786 270.27615307773294 33.46971240060777 43.894855696827285 73.09034901446933 -999.0 16600.0 -999.0 2 -999 {-999.0 -999.0 -999.0 -999.0 -999.0} "" -999.0 -999.0 -999.0 -999.0 -999 -999 "" "" "" "" 0 0 0.0 0.0 -999 ""
FIBERMAP 1106 R-10C9 BOSS 1 1 0 1 0 0 -4.782791911262702 -184.4367600425224 143.1 -104.28996400144416 -152.16886687071826 96.305626 136.93521 270.38520347825 33.470391366640165 0.32238916 -16.672678 2.1484113 270.38516936561183 33.47035193971668 270.2798547422243 33.470971325403866 43.892210307619976 73.0875318422066 5400.0 5400.0 2016.0 1 371 {-999.0 22.422573 20.832512 19.200714 -999.0} sdss_psfmag_ps1 21.259398 19.904383 18.642456 15.965 63050395770787772 1096243992 bright_1x1 mwm_bin_vis_boss mwm_filler science 0 0 0.0 0.0 -999 ""
FIBERMAP 1106 R-10C9 METROLOGY 0 0 0 1 0 0 -4.46371440565766 -185.12259343924075 143.1 -104.39509271388876 -152.91786008192858 96.305626 136.93521 -999.0 -999.0 -999.0 -999.0 -999.0 270.3845588321585 33.46699168113157 270.2793264834945 33.467594358061305 43.89174284854772 73.09221285373968 -999.0 6231.0 -999.0 -1 -999 {-999.0 -999.0 -999.0 -999.0 -999.0} "" -999.0 -999.0 -999.0 -999.0 -999 -999 "" "" "" "" 0 0 0.0 0.0 -999 ""
FIBERMAP 1107 R-13C5 APOGEE 0 0 0 1 0 0 -65.47701001428194 -242.93532363580954 143.1 -187.02633787259265 -168.2587893651789 136.84143 115.19619 -999.0 -999.0 -999.0 -999.0 -999.0 269.938159902704 33.39806997250222 269.8335477421218 33.397451984466166 44.232116924413354 73.3228309678737 -999.0 16600.0 -999.0 2 283 {-999.0 -999.0 -999.0 -999.0 -999.0} "" -999.0 -999.0 -999.0 -999.0 -999 -999 "" ops_sky_apogee_best_unassigned ops_sky sky_apogee 0 0 0.0 0.0 -999 ""
FIBERMAP 1107 R-13C5 BOSS 1 1 0 1 0 0 -65.2758292168514 -242.22175450375744 143.1 -186.4695572383221 -167.76938132076518 136.84143 115.19619 269.94139419790923 33.40023570923396 -4.601203 -6.054708 0.22291826 269.9413444802715 33.40020120257792 269.83648077293503 33.39964634165338 44.230331162964305 73.31897789291133 5400.0 5400.0 2016.0 1 414 {-999.0 18.396591 17.964767 17.858706 -999.0} sdss_psfmag_ps1 18.279839 17.975214 17.503828 16.412 63050395770786753 977098678 "" ops_std_boss ops_std standard_boss 0 0 0.0 0.0 -999 ""
FIBERMAP 1107 R-13C5 METROLOGY 0 0 0 1 0 0 -64.75548730298519 -242.7447000330508 143.1 -186.3172353053404 -168.49111349581295 136.84143 115.19619 -999.0 -999.0 -999.0 -999.0 -999.0 269.94215380766616 33.396973454532095 269.837370411509 33.39640592830342 44.228762724203584 73.3230685979268 -999.0 6231.0 -999.0 -1 -999 {-999.0 -999.0 -999.0 -999.0 -999.0} "" -999.0 -999.0 -999.0 -999.0 -999 -999 "" "" "" "" 0 0 0.0 0.0 -999 ""
FIBERMAP 1108 R-9C7 APOGEE 0 0 0 1 0 0 -41.23301759557807 -184.0737117686392 143.1 -134.6796106952527 -132.04657665227694 2.1042354 79.832565 -999.0 -999.0 -999.0 -999.0 -999.0 270.2191556830768 33.56150286753155 270.1138159315549 33.56159910225659 44.04960692293067 73.01664190858452 -999.0 16600.0 -999.0 2 178 {-999.0 -999.0 -999.0 -999.0 -999.0} "" -999.0 -999.0 -999.0 -999.0 -999 -999 "" ops_sky_apogee_best_unassigned ops_sky sky_apogee 0 0 0.0 0.0 -999 ""
FIBERMAP 1108 R-9C7 BOSS 1 1 0 1 0 0 -41.32170258941712 -184.81222903730202 143.1 -135.1555550777851 -132.61808270150823 2.1042354 79.832565 270.2168273291703 33.55896240822605 -5.257733 -45.423145 1.1558781 270.2167941097013 33.55882328043592 270.11122105125276 33.55896907101009 44.05100498988478 73.02096138156656 5400.0 5400.0 2016.0 1 390 {-999.0 19.547665 18.214764 17.369661 -999.0} sdss_psfmag_ps1 19.066992 17.96647 16.962282 -999.0 63050395770789565 1072881486 bright_1x1 mwm_halo_local_high_boss_single mwm_halo science 0 0 0.0 0.0 -999 ""
FIBERMAP 1108 R-9C7 METROLOGY 0 0 0 1 0 0 -41.916099885737054 -184.35617740994957 143.1 -135.4063898071835 -131.91222101938106 2.1042354 79.832565 -999.0 -999.0 -999.0 -999.0 -999.0 270.2153420456473 33.5620397462914 270.1098268269757 33.562165206028844 44.052963248576866 73.01709285974545 -999.0 6231.0 -999.0 -1 -999 {-999.0 -999.0 -999.0 -999.0 -999.0} "" -999.0 -999.0 -999.0 -999.0 -999 -999 "" "" "" "" 0 0 0.0 0.0 -999 ""
FIBERMAP 1109 R+8C19 APOGEE 1 1 0 1 0 0 209.72280629213014 162.55266156748092 143.1 264.36622145859593 22.380999447758633 26.454828 131.91716 272.40309264555714 34.250183067112644 0.46609816 -2.3805208 0.43500352 272.4030809189418 34.250203351397246 272.29427723688593 34.25600324700041 42.48624204830828 71.44302897789095 16000.0 16600.0 2016.0 2 60 {-999.0 13.3151 12.470795 12.154343 -999.0} sdss_psfmag_from_g3xp 13.062369 12.504898 11.800557 10.343 63050395770883479 1110285754 bright_1x1 mwm_tess_rgb_apogee mwm_tessrgb science 0 0 0.0 0.0 -999 ""
FIBERMAP 1109 R+8C19 BOSS 0 0 0 1 0 0 210.42981670480637 162.29932462065108 143.1 264.82176898411325 21.784018143290858 26.454828 131.91716 -999.0 -999.0 -999.0 -999.0 -999.0 272.40575212166544 34.24740626014542 272.2966980859288 34.25327290798841 42.48359078933871 71.44588284357326 -999.0 5400.0 -999.0 1 168 {-999.0 -999.0 -999.0 -999.0 -999.0} "" -999.0 -999.0 -999.0 -999.0 -999 -999 "" "" "" "" 0 0 0.0 0.0 -999 ""
FIBERMAP 1109 R+8C19 METROLOGY 0 0 0 1 0 0 209.8514619182826 161.81731765276066 143.1 264.07438274026816 21.693990281497616 26.454828 131.91716 -999.0 -999.0 -999.0 -999.0 -999.0 272.40164039585403 34.24707823470914 272.2926628484537 34.25291719433453 42.48671360156682 71.44754319215485 -999.0 6231.0 -999.0 -1 -999 {-999.0 -999.0 -999.0 -999.0 -999.0} "" -999.0 -999.0 -999.0 -999.0 -999 -999 "" "" "" "" 0 0 0.0 0.0 -999 ""
FIBERMAP 1111 R+8C16 APOGEE 0 0 0 1 0 0 124.42909601976766 144.3363676864343 143.1 182.8883871474786 53.46826018243598 237.92206 107.185814 -999.0 -999.0 -999.0 -999.0 -999.0 271.9629838997789 34.397297668319915 271.85378850447546 34.401877061394586 42.87550370360541 71.38104035613406 -999.0 16600.0 -999.0 2 -999 {-999.0 -999.0 -999.0 -999.0 -999.0} "" -999.0 -999.0 -999.0 -999.0 -999 -999 "" "" "" "" 0 0 0.0 0.0 -999 ""
FIBERMAP 1111 R+8C16 BOSS 1 1 0 1 0 0 123.70739388342295 144.50229527319485 143.1 182.37298749705405 53.9998800904054 237.92206 107.185814 271.96043699155393 34.39956759944685 21.030901 51.81709 18.836506 271.96051770638513 34.39970175391547 271.8510568683655 34.4043309003187 42.87831668811156 71.37860380501422 5400.0 5400.0 2016.0 1 202 {-999.0 18.07089 16.619823 14.883097 -999.0} sdss_psfmag_ps1 17.501625 15.566814 14.257703 11.69 63050395770889751 1151097484 bright_1x1 mwm_snc_100pc_boss_single mwm_snc science 0 0 0.0 0.0 -999 ""
FIBERMAP 1111 R+8C16 METROLOGY 0 0 0 1 0 0 124.2211956066129 145.05291454374503 143.1 183.10350820094084 54.18258052261443 237.92206 107.185814 -999.0 -999.0 -999.0 -999.0 -999.0 271.9644367162337 34.40049426904043 271.8550442223391 34.40511762921752 42.87534331058779 71.37640304899696 -999.0 6231.0 -999.0 -1 -999 {-999.0 -999.0 -999.0 -999.0 -999.0} "" -999.0 -999.0 -999.0 -999.0 -999 -999 "" "" "" "" 0 0 0.0 0.0 -999 ""
FIBERMAP 1112 R-6C10 APOGEE 0 0 0 1 0 0 -9.118847271842558 -131.52417329480917 143.1 -79.16047545559412 -105.41005079400878 2.2466133 55.162975 -999.0 -999.0 -999.0 -999.0 -999.0 270.52081906282694 33.682216232225855 270.4149021748458 33.683092739098456 43.83944167566997 72.76262784780977 -999.0 16600.0 -999.0 2 -999 {-999.0 -999.0 -999.0 -999.0 -999.0} "" -999.0 -999.0 -999.0 -999.0 -999 -999 "" "" "" "" 0 0 0.0 0.0 -999 ""
FIBERMAP 1112 R-6C10 BOSS 1 1 0 1 0 0 -9.516938644449008 -132.16360213732608 143.1 -79.8421832892172 -105.73018596766248 2.2466133 55.162975 270.5173565119914 33.68066526081321 -6.76265 -5.20726 0.37290123 270.51730677274077 33.68066383934488 270.41115070346245 33.681586905817156 43.842060453038286 72.76577557539997 5400.0 5400.0 2016.0 1 367 {-999.0 17.736877 17.336855 17.150997 -999.0} sdss_psfmag_ps1 17.561516 17.306698 16.783482 -999.0 63050395770790097 977098686 "" ops_std_boss ops_std standard_boss 0 0 0.0 0.0 -999 ""
FIBERMAP 1112 R-6C10 METROLOGY 0 0 0 1 0 0 -9.864768466875054 -131.50793903125677 143.1 -79.77758524516156 -104.99087765119617 2.2466133 55.162975 -999.0 -999.0 -999.0 -999.0 -999.0 270.5175862905064 33.68404420172069 270.41148728480937 33.684951439715554 43.84267062116774 72.76117164599373 -999.0 6231.0 -999.0 -1 -999 {-999.0 -999.0 -999.0 -999.0 -999.0} "" -999.0 -999.0 -999.0 -999.0 -999 -999 "" "" "" "" 0 0 0.0 0.0 -999 ""
FIBERMAP 1113 R-3C16 APOGEE 1 1 0 1 0 0 93.76898281343978 -51.87401140862295 143.1 50.482388360310196 -94.51113007745735 48.233727 88.30228 271.2301793652464 33.73018851757614 -2.0014079 -21.478512 0.75223076 271.23016902752414 33.73010297220218 271.12378369684484 33.73287295305671 43.28367618295512 72.48200372081897 16000.0 16600.0 2016.0 2 235 {-999.0 11.54272 10.665501 10.2990265 -999.0} sdss_psfmag_from_g3xp 11.271664 10.677914 9.941485 8.341 63050395770723063 1104717494 bright_1x1 mwm_tess_rgb_apogee mwm_tessrgb science 0 0 0.0 0.0 -999 ""
FIBERMAP 1113 R-3C16 BOSS 0 0 0 1 0 0 94.31158407663014 -52.37701482899568 143.1 50.6642314542192 -95.22823012305736 48.233727 88.30228 -999.0 -999.0 -999.0 -999.0 -999.0 271.23141721255575 33.72673711051251 271.1247927936837 33.7295687088684 43.28199099210756 72.4860746109963 -999.0 5400.0 -999.0 1 282 {-999.0 -999.0 -999.0 -999.0 -999.0} "" -999.0 -999.0 -999.0 -999.0 -999 -999 "" "" "" "" 0 0 0.0 0.0 -999 ""
FIBERMAP 1113 R-3C16 METROLOGY 0 0 0 1 0 0 93.60784350239155 -52.60117632219955 143.1 49.95181645113713 -95.03371713110096 48.233727 88.30228 -999.0 -999.0 -999.0 -999.0 -999.0 271.22744987015835 33.72766221352191 271.12089477990776 33.73046663356187 43.28535487732326 72.48606595473746 -999.0 6231.0 -999.0 -1 -999 {-999.0 -999.0 -999.0 -999.0 -999.0} "" -999.0 -999.0 -999.0 -999.0 -999 -999 "" "" "" "" 0 0 0.0 0.0 -999 ""
FIBERMAP 1114 R-8C15 APOGEE 0 0 0 1 0 0 111.77162198876374 -145.5293211368211 143.1 14.669718440559462 -182.88939856117202 62.5651 142.47638 -999.0 -999.0 -999.0 -999.0 -999.0 271.0320960937139 33.330445898386316 270.9272810978225 33.33278012100962 43.334447136907514 73.07201938625542 -999.0 16600.0 -999.0 2 203 {-999.0 -999.0 -999.0 -999.0 -999.0} "" -999.0 -999.0 -999.0 -999.0 -999 -999 "" ops_sky_apogee_best_unassigned ops_sky sky_apogee 0 0 0.0 0.0 -999 ""
FIBERMAP 1114 R-8C15 BOSS 1 1 0 1 0 0 112.42159903640467 -145.19865256396545 143.1 15.39492492060106 -182.96530593001253 62.5651 142.47638 271.03637347839094 33.3299397146764 -20.503471 14.956365 0.6970621 271.036291191071 33.32997881993179 270.93122696283115 33.33238285318639 43.331165607078724 73.07132114614808 5400.0 5400.0 2016.0 1 318 {-999.0 16.077911 15.662258 15.498605 -999.0} sdss_psfmag_ps1 15.9653 15.648999 15.157401 14.269 63050395770717606 1072824102 bright_1x1 mwm_halo_local_high_boss_single mwm_halo science 0 0 0.0 0.0 -999 ""
FIBERMAP 1114 R-8C15 METROLOGY 0 0 0 1 0 0 112.39151643995397 -145.9438328576213 143.1 14.96453383647075 -183.57426478923912 62.5651 142.47638 -999.0 -999.0 -999.0 -999.0 -999.0 271.0338649965696 33.3272660122619 270.92888247173573 33.32964762732521 43.33231283104246 73.07566908543578 -999.0 6231.0 -999.0 -1 -999 {-999.0 -999.0 -999.0 -999.0 -999.0} "" -999.0 -999.0 -999.0 -999.0 -999 -999 "" "" "" "" 0 0 0.0 0.0 -999 ""
FIBERMAP 1115 R-5C21 APOGEE 0 0 0 1 0 0 212.45650362705183 -81.80030053751115 143.1 133.80781596033245 -184.15290536412468 106.29351 99.92781 -999.0 -999.0 -999.0 -999.0 -999.0 271.67837341989593 33.322431839025114 271.57333047121074 33.32650638900517 42.81329494465297 72.87933046744013 -999.0 16600.0 -999.0 2 -999 {-999.0 -999.0 -999.0 -999.0 -999.0} "" -999.0 -999.0 -999.0 -999.0 -999 -999 "" "" "" "" 0 0 0.0 0.0 -999 ""
FIBERMAP 1115 R-5C21 BOSS 1 1 0 1 0 0 213.0937420498278 -81.45038679961976 143.1 134.5327962968799 -184.2057373759346 106.29351 99.92781 271.68256973952225 33.322083936661755 -4.506505 3.9532063 0.42858183 271.68256668086866 33.32208675379369 271.5772698217945 33.32623299623077 42.810054349332674 72.87846024655732 5400.0 5400.0 2016.0 1 321 {-999.0 16.206665 15.766885 15.734004 -999.0} sdss_psfmag_ps1 16.13136 15.818882 15.348336 14.461 63050395770713502 978485690 "" ops_std_boss ops_std standard_boss 0 0 0.0 0.0 -999 ""
FIBERMAP 1115 R-5C21 METROLOGY 0 0 0 1 0 0 213.08794744902426 -82.19771805122265 143.1 134.1216169128339 -184.8297063527798 106.29351 99.92781 -999.0 -999.0 -999.0 -999.0 -999.0 271.6802147956343 33.31931220756223 271.5750010182951 33.323435704270615 42.81111155156866 72.88283524510382 -999.0 6231.0 -999.0 -1 -999 {-999.0 -999.0 -999.0 -999.0 -999.0} "" -999.0 -999.0 -999.0 -999.0 -999 -999 "" "" "" "" 0 0 0.0 0.0 -999 ""
FIBERMAP 1118 R-13C4 APOGEE 0 0 0 1 0 0 -85.41163097857442 -240.9548653324909 143.1 -202.67762343955974 -155.75863399426962 123.3697 115.05425 -999.0 -999.0 -999.0 -999.0 -999.0 269.8530069793829 33.454320978495744 269.74822187227926 33.453461404851474 44.31552365033817 73.2734192682417 -999.0 16600.0 -999.0 2 279 {-999.0 -999.0 -999.0 -999.0 -999.0} "" -999.0 -999.0 -999.0 -999.0 -999 -999 "" ops_sky_apogee_best_unassigned ops_sky sky_apogee 0 0 0.0 0.0 -999 ""
FIBERMAP 1118 R-13C4 BOSS 1 1 0 1 0 0 -85.05156469783086 -240.3144495628929 143.1 -202.02728759709706 -155.4169967657616 123.3697 115.05425 269.8566373901868 33.455878513094405 16.90666 -31.79202 2.3100758 269.856702432074 33.455794169810886 269.7516684444686 33.4549988043363 44.31315015583278 73.27029447585903 5400.0 5400.0 2016.0 1 413 {-999.0 19.359577 17.939972 16.912804 -999.0} sdss_psfmag_ps1 18.737793 17.52406 16.42541 14.309 63050395770791853 1094994262 bright_1x1 mwm_bin_vis_boss mwm_filler science 0 0 0.0 0.0 -999 ""
FIBERMAP 1118 R-13C4 METROLOGY 0 0 0 1 0 0 -84.66741461345144 -240.95089484057618 143.1 -202.05095911704976 -156.15992551339266 123.3697 115.05425 -999.0 -999.0 -999.0 -999.0 -999.0 269.85656978758755 33.452468471187075 269.7516167696923 33.451658062144965 44.312318110964426 73.27481660963326 -999.0 6231.0 -999.0 -1 -999 {-999.0 -999.0 -999.0 -999.0 -999.0} "" -999.0 -999.0 -999.0 -999.0 -999 -999 "" "" "" "" 0 0 0.0 0.0 -999 ""
FIBERMAP 1121 R-3C7 APOGEE 1 1 0 1 0 0 -129.25466559025602 -77.71671686641183 143.1 -150.7172721294625 5.05891736933942 306.68173 52.4661 270.1269902488847 34.18379228057021 4.1714787 -1.8008934 2.0672877 270.1270044553025 34.18377318190522 270.01936250408255 34.1834742027416 44.285030536787595 72.20679174672034 16000.0 16600.0 2016.0 2 254 {-999.0 12.005404 11.755685 11.693947 -999.0} sdss_psfmag_from_g3xp 11.987243 11.75494 11.369238 10.753 63050395770808047 975100218 "" ops_std_apogee ops_std standard_apogee 0 0 0.0 0.0 -999 ""
FIBERMAP 1121 R-3C7 BOSS 0 0 0 1 0 0 -129.9945457447973 -77.6863522308937 143.1 -151.321630060346 5.486663490127403 306.68173 52.4661 -999.0 -999.0 -999.0 -999.0 -999.0 270.1238608405853 34.185652641907524 270.01596831084714 34.18539739441297 44.28823169664874 72.20517774987712 -999.0 5400.0 -999.0 1 468 {-999.0 -999.0 -999.0 -999.0 -999.0} "" -999.0 -999.0 -999.0 -999.0 -999 -999 "" "" "" "" 0 0 0.0 0.0 -999 ""
FIBERMAP 1121 R-3C7 METROLOGY 0 0 0 1 0 0 -129.6060159202828 -77.05428495057873 143.1 -150.6519481652259 5.80581976654978 306.68173 52.4661 -999.0 -999.0 -999.0 -999.0 -999.0 270.12746133237073 34.187133881218664 270.019631014604 34.18687302500714 44.28567017838755 72.20211845856375 -999.0 6231.0 -999.0 -1 -999 {-999.0 -999.0 -999.0 -999.0 -999.0} "" -999.0 -999.0 -999.0 -999.0 -999 -999 "" "" "" "" 0 0 0.0 0.0 -999 ""
FIBERMAP 1125 R0C22 APOGEE 0 0 0 1 0 0 193.4517977319855 -13.526892726508827 143.1 154.97970843690368 -116.52892438080711 4.404948 60.930668 -999.0 -999.0 -999.0 -999.0 -999.0 271.79863344590433 33.62712038714101 271.69240886546345 33.63144441351419 42.80062016205823 72.44253308342695 -999.0 16600.0 -999.0 2 -999 {-999.0 -999.0 -999.0 -999.0 -999.0} "" -999.0 -999.0 -999.0 -999.0 -999 -999 "" "" "" "" 0 0 0.0 0.0 -999 ""
FIBERMAP 1125 R0C22 BOSS 1 1 0 1 0 0 193.14049292846568 -14.2004846358478 143.1 154.35225300417414 -116.9249123583466 4.404948 60.930668 271.79494596429646 33.625210514506655 14.335597 12.634558 3.1655765 271.7955000855688 33.62525784804491 271.68902890020627 33.62963336942003 42.80284106211173 72.44594518676422 5400.0 5400.0 2016.0 1 244 {-999.0 12.088458 11.548802 11.399914 -999.0} sdss_psfmag_from_g3xp 11.971159 11.599636 11.066151 10.169 63050395770716092 996736067 bright_1x1 mwm_bin_gaia_sb_boss mwm_bin science 0 0 1.5144453048706055 0.0 -999 ""
FIBERMAP 1125 R0C22 METROLOGY 0 0 0 1 0 0 192.70890877770466 -13.596015675804306 143.1 154.31873523528404 -116.18302693534675 4.404948 60.930668 -999.0 -999.0 -999.0 -999.0 -999.0 271.79529702369877 33.62864074489688 271.6888854744294 33.632998031463536 42.803864233582935 72.44157339148887 -999.0 6231.0 -999.0 -1 -999 {-999.0 -999.0 -999.0 -999.0 -999.0} "" -999.0 -999.0 -999.0 -999.0 -999 -999 "" "" "" "" 0 0 0.0 0.0 -999 ""
FIBERMAP 1126 R+3C12 APOGEE 1 0 0 1 1 0 8.846215496642685 57.69984879299807 143.1 38.79411680470846 43.60894921355265 51.66372 52.119972 271.10395321767965 34.349399407668784 -1.8530036 -5.694475 0.5941032 271.17030602143035 34.359206308583126 271.0615676534445 34.361664055888205 43.49698544869288 71.66494340043221 16000.0 16600.0 2016.0 2 14 {-999.0 11.330651 10.000374 8.766638 -999.0} sdss_psfmag_from_g3xp 10.832778 9.468917 8.313052 5.761 63050395770804819 1152450459 bright_1x1 mwm_galactic_core_dist_apogee_sparse mwm_galactic science 0 0 1.293470025062561 0.0 -999 ""
FIBERMAP 1126 R+3C12 BOSS 0 0 0 1 1 0 9.032093470868691 56.99182112877286 143.1 38.565147530944586 42.91375110348019 51.66372 52.119972 -999.0 -999.0 -999.0 -999.0 -999.0 271.16930135550086 34.356014560777915 271.0603236590547 34.35852523165379 43.49717781884428 71.66948833188559 -999.0 5400.0 -999.0 1 114 {-999.0 -999.0 -999.0 -999.0 -999.0} "" -999.0 -999.0 -999.0 -999.0 -999 -999 "" "" "" "" 0 0 0.0 0.0 -999 ""
FIBERMAP 1126 R+3C12 METROLOGY 0 0 0 1 1 0 8.31325505295639 57.179525243078096 143.1 38.06399064644181 43.462087704008944 51.66372 52.119972 -999.0 -999.0 -999.0 -999.0 -999.0 271.1664748544174 34.35853581572702 271.05756008239666 34.361022732684226 43.5000207230555 71.66696137379671 -999.0 6231.0 -999.0 -1 -999 {-999.0 -999.0 -999.0 -999.0 -999.0} "" -999.0 -999.0 -999.0 -999.0 -999 -999 "" "" "" "" 0 0 0.0 0.0 -999 ""
FIBERMAP 1127 R-13C6 APOGEE 0 0 0 1 0 0 -37.76980541654453 -267.06425004451245 143.1 -176.8946367466869 -203.57060540881412 271.4852 99.77754 -999.0 -999.0 -999.0 -999.0 -999.0 269.99528740656297 33.239465702573554 269.8912394012759 33.239038734922865 44.1437563548097 73.51812962750193 -999.0 16600.0 -999.0 2 274 {-999.0 -999.0 -999.0 -999.0 -999.0} "" -999.0 -999.0 -999.0 -999.0 -999 -999 "" "" "" "" 0 0 0.0 0.0 -999 ""
FIBERMAP 1127 R-13C6 BOSS 1 1 0 1 0 0 -38.50894766294295 -267.19416784143334 143.1 -177.58551949501853 -203.27776071835092 271.4852 99.77754 269.991343686444 33.24068004285371 11.0506115 10.156197 1.5409119 269.99179392976276 33.240724700141996 269.887500409061 33.24034391641235 44.147117958936335 73.51753392479378 5400.0 5400.0 2016.0 1 415 {-999.0 12.855667 12.512649 12.408013 -999.0} sdss_psfmag_from_g3xp 12.805261 12.522331 12.079754 11.313 63050395770786069 996736071 bright_1x1 mwm_bin_gaia_sb_boss mwm_bin science 0 0 1.1981946229934692 0.0 -999 ""
FIBERMAP 1127 R-13C6 METROLOGY 0 0 0 1 0 0 -38.2580395598587 -266.4880044176819 143.1 -176.9910368429638 -202.8216034003644 271.4852 99.77754 -999.0 -999.0 -999.0 -999.0 -999.0 269.994884844432 33.24278091681422 269.8906510571551 33.242392100224194 44.14512161733325 73.51380661124625 -999.0 6231.0 -999.0 -1 -999 {-999.0 -999.0 -999.0 -999.0 -999.0} "" -999.0 -999.0 -999.0 -999.0 -999 -999 "" "" "" "" 0 0 0.0 0.0 -999 ""
FIBERMAP 1129 R-8C8 APOGEE 0 0 0 1 0 0 -35.00573366945568 -159.95272117873537 143.1 -116.33966268091712 -115.19127761274673 316.83704 134.73875 -999.0 -999.0 -999.0 -999.0 -999.0 270.3182763274991 33.637865421587605 270.21260971487345 33.63820920860967 43.99022247407088 72.88388341025438 -999.0 16600.0 -999.0 2 -999 {-999.0 -999.0 -999.0 -999.0 -999.0} "" -999.0 -999.0 -999.0 -999.0 -999 -999 "" "" "" "" 0 0 0.0 0.0 -999 ""
FIBERMAP 1129 R-8C8 BOSS 1 1 0 1 0 0 -34.97701447238002 -160.69526017629167 143.1 -116.7192744737082 -115.82999001519542 316.83704 134.73875 270.31648625371025 33.634904868788425 -20.40127 -11.8662815 0.6126483 270.31642569055464 33.63487354426688 270.2105259701493 33.63526831437195 43.991128724429956 72.888459115822 5400.0 5400.0 2016.0 1 389 {-999.0 16.73689 16.26498 16.13262 -999.0} sdss_psfmag_ps1 16.637983 16.302986 15.810209 14.758 63050395770789945 1072881487 bright_1x1 mwm_halo_local_high_boss_single mwm_halo science 0 0 0.0 0.0 -999 ""
FIBERMAP 1129 R-8C8 METROLOGY 0 0 0 1 0 0 -35.64068555217194 -160.3445094980443 143.1 -117.08549108877094 -115.17482762570654 316.83704 134.73875 -999.0 -999.0 -999.0 -999.0 -999.0 270.31435074968033 33.63786635616012 270.20851016154427 33.63823918155892 43.99352487638504 72.88508251977305 -999.0 6231.0 -999.0 -1 -999 {-999.0 -999.0 -999.0 -999.0 -999.0} "" -999.0 -999.0 -999.0 -999.0 -999 -999 "" "" "" "" 0 0 0.0 0.0 -999 ""
FIBERMAP 1130 R-3C13 APOGEE 1 1 0 1 0 0 4.040937084719378 -41.755625826108556 143.1 -19.311202412114437 -37.23605268084397 147.14595 77.35801 270.84872520275286 33.991920745406944 -1.2776629 8.9859495 4.271158 270.84868899615606 33.991937273966435 270.7414731506818 33.993619509315245 43.658352873558975 72.24984550221018 16000.0 16600.0 2016.0 2 174 {-999.0 10.574897 10.226965 10.108032 -999.0} sdss_psfmag_from_g3xp 10.535722 10.258854 9.793225 9.137 63050395770799808 1103535153 bright_1x1 mwm_tess_2min_apogee mwm_planet science 0 0 0.0 0.0 -999 ""
FIBERMAP 1130 R-3C13 BOSS 0 0 0 1 0 0 4.573844472187039 -41.24315590648082 143.1 -18.585390719591814 -37.09575266144379 147.14595 77.35801 -999.0 -999.0 -999.0 -999.0 -999.0 270.8529154141406 33.992491592468454 270.7454465849464 33.99424039598944 43.65533145564883 72.24783805707591 -999.0 5400.0 -999.0 1 364 {-999.0 -999.0 -999.0 -999.0 -999.0} "" -999.0 -999.0 -999.0 -999.0 -999 -999 "" "" "" "" 0 0 0.0 0.0 -999 ""
FIBERMAP 1130 R-3C13 METROLOGY 0 0 0 1 0 0 4.755090545214269 -41.96720447379555 143.1 -18.826957243278606 -37.8018763152347 147.14595 77.35801 -999.0 -999.0 -999.0 -999.0 -999.0 270.8515118636412 33.98929763179267 270.74412628120115 33.99102775222522 43.65555725443083 72.2525187546068 -999.0 6231.0 -999.0 -1 -999 {-999.0 -999.0 -999.0 -999.0 -999.0} "" -999.0 -999.0 -999.0 -999.0 -999 -999 "" "" "" "" 0 0 0.0 0.0 -999 ""
FIBERMAP 1131 R-8C19 APOGEE 1 1 0 1 0 0 205.92161976763097 -137.01648301544788 143.1 98.303587729254 -226.93434682905757 117.67867 67.83852 271.4833288980348 33.13106267260825 -0.8184657 -12.992566 0.34500346 271.48329522366237 33.1310498255709 271.37903756007904 33.13464597379229 42.916857372492615 73.19193366639166 16000.0 16600.0 2016.0 2 185 {-999.0 12.738718 11.999547 11.682876 -999.0} sdss_psfmag_from_g3xp 12.530389 12.011316 11.329002 9.894 63050395770710324 1104379619 bright_1x1 mwm_tess_rgb_apogee mwm_tessrgb science 0 0 0.0 0.0 -999 ""
FIBERMAP 1131 R-8C19 BOSS 0 0 0 1 0 0 206.66486010492247 -136.9309264998411 143.1 98.97379056548569 -227.26664516952448 117.67867 67.83852 -999.0 -999.0 -999.0 -999.0 -999.0 271.48715159669007 33.129468911863306 271.38264630296874 33.13313632154009 42.9135363855868 73.19277786972242 -999.0 5400.0 -999.0 1 331 {-999.0 -999.0 -999.0 -999.0 -999.0} "" -999.0 -999.0 -999.0 -999.0 -999 -999 "" "" "" "" 0 0 0.0 0.0 -999 ""
FIBERMAP 1131 R-8C19 METROLOGY 0 0 0 1 0 0 206.38568787709372 -137.61294411511005 143.1 98.3687180540496 -227.68717371278467 117.67867 67.83852 -999.0 -999.0 -999.0 -999.0 -999.0 271.4837822640521 33.12761855850372 271.37935655289266 33.131260205368314 42.91566738459 73.19627720967685 -999.0 6231.0 -999.0 -1 -999 {-999.0 -999.0 -999.0 -999.0 -999.0} "" -999.0 -999.0 -999.0 -999.0 -999 -999 "" "" "" "" 0 0 0.0 0.0 -999 ""
FIBERMAP 1132 R+2C1 APOGEE 1 1 0 1 0 0 -281.75792559894643 26.94248754503205 143.1 -221.7874424266761 175.7977559631192 253.18617 83.935104 269.7350302096266 34.95299480118292 -9.382885 10.904583 2.1012056 269.7354448429705 34.95300194319788 269.62502434263786 34.951473376893 44.78737507025326 71.27311922817307 16000.0 16600.0 2016.0 2 145 {-999.0 8.930938 7.9794626 7.609142 -999.0} sdss_psfmag_from_g3xp 8.625352 8.005512 7.2525296 5.644 63050395770835606 1152450585 bright_1x1 mwm_galactic_core_dist_apogee_sparse mwm_galactic science 0 0 1.3289196491241455 0.0 -999 ""
FIBERMAP 1132 R+2C1 BOSS 0 0 0 1 0 0 -282.4147892681324 27.249065191082344 143.1 -222.17196309190854 176.41214963966777 253.18617 83.935104 -999.0 -999.0 -999.0 -999.0 -999.0 269.7336023278651 34.95567227347017 269.6229285788205 34.95418678400985 44.78968596906868 71.26997709188674 -999.0 5400.0 -999.0 1 4 {-999.0 -999.0 -999.0 -999.0 -999.0} "" -999.0 -999.0 -999.0 -999.0 -999 -999 "" "" "" "" 0 0 0.0 0.0 -999 ""
FIBERMAP 1132 R+2C1 METROLOGY 0 0 0 1 0 0 -281.82141572373416 27.695424868024283 143.1 -221.43135502125224 176.46409869233972 253.18617 83.935104 -999.0 -999.0 -999.0 -999.0 -999.0 269.73757141272876 34.95597804413374 269.6269638169556 34.95448932284732 44.78654408747155 71.26846054920844 -999.0 6231.0 -999.0 -1 -999 {-999.0 -999.0 -999.0 -999.0 -999.0} "" -999.0 -999.0 -999.0 -999.0 -999 -999 "" "" "" "" 0 0 0.0 0.0 -999 ""
FIBERMAP 1135 R-2C11 APOGEE 0 0 0 1 0 0 -64.71948682807123 -37.83334970573442 143.1 -74.87867921351544 3.4396931253376875 225.77135 57.813236 -999.0 -999.0 -999.0 -999.0 -999.0 270.5432552958051 34.17741313107938 270.4354634084373 34.1782314476538 43.95065715914269 72.09265494454132 -999.0 16600.0 -999.0 2 268 {-999.0 -999.0 -999.0 -999.0 -999.0} "" -999.0 -999.0 -999.0 -999.0 -999 -999 "" ops_sky_apogee_best_unassigned ops_sky sky_apogee 0 0 0.0 0.0 -999 ""
FIBERMAP 1135 R-2C11 BOSS 1 1 0 1 0 0 -64.91533420337373 -37.12236612908201 143.1 -74.6564686136016 4.142791943452533 225.77135 57.813236 270.544702828313 34.180630975414296 -2.6693444 -9.41408 0.9516291 270.54467405632175 34.18056360504902 270.4366221472825 34.181438750695044 43.9505448514393 72.0880078695044 5400.0 5400.0 2016.0 1 448 {-999.0 14.248492 13.9071865 13.789505 -999.0} sdss_psfmag_from_g3xp 14.196314 13.924342 13.457628 12.678 63050395770806768 979157185 "" ops_std_boss ops_std standard_boss 0 0 0.0 0.0 -999 ""
FIBERMAP 1135 R-2C11 METROLOGY 0 0 0 1 0 0 -64.18872087359429 -37.30602643498497 143.1 -74.14658886893206 3.593621539991878 225.77135 57.813236 -999.0 -999.0 -999.0 -999.0 -999.0 270.5474200924953 34.1780793547833 270.43944659242163 34.17894723071076 43.94765192329936 72.090530414375 -999.0 6231.0 -999.0 -1 -999 {-999.0 -999.0 -999.0 -999.0 -999.0} "" -999.0 -999.0 -999.0 -999.0 -999 -999 "" "" "" "" 0 0 0.0 0.0 -999 ""
FIBERMAP 1137 R-1C6 APOGEE 0 0 0 1 0 0 -185.29581371683213 -24.872437284799737 143.1 -169.01300287775345 79.87197952158483 232.02345 77.183426 -999.0 -999.0 -999.0 -999.0 -999.0 270.0250900091645 34.523029096678464 269.91619924264546 34.522376821052966 44.45172850726174 71.77717225142936 -999.0 16600.0 -999.0 2 -999 {-999.0 -999.0 -999.0 -999.0 -999.0} "" -999.0 -999.0 -999.0 -999.0 -999 -999 "" "" "" "" 0 0 0.0 0.0 -999 ""
FIBERMAP 1137 R-1C6 BOSS 1 1 0 1 0 0 -185.769513751324 -24.304872714668786 143.1 -169.1019265538311 80.6057948064964 232.02345 77.183426 270.0248306122534 34.526315473174066 -11.513279 9.126081 0.2383746 270.02477528918666 34.52632455538174 269.9156272889246 34.52572169475682 44.45300609676749 71.77279170351085 5400.0 5400.0 2016.0 1 484 {-999.0 17.790047 17.350826 17.328972 -999.0} sdss_psfmag_ps1 17.72777 17.405098 16.937496 15.783 63050395770827796 977098840 "" ops_std_boss ops_std standard_boss 0 0 0.0 0.0 -999 ""
FIBERMAP 1137 R-1C6 METROLOGY 0 0 0 1 0 0 -185.0355771812333 -24.173195605513296 143.1 -168.41445560260007 80.31725671103185 232.02345 77.183426 -999.0 -999.0 -999.0 -999.0 -999.0 270.0284903572401 34.52505320754881 269.91941499004076 34.52444614188887 44.44966790621297 71.77345128433069 -999.0 6231.0 -999.0 -1 -999 {-999.0 -999.0 -999.0 -999.0 -999.0} "" -999.0 -999.0 -999.0 -999.0 -999 -999 "" "" "" "" 0 0 0.0 0.0 -999 ""
FIBERMAP 1140 R-5C12 APOGEE 1 1 0 1 0 0 23.574457156181147 -103.694392750104 143.1 -36.59525917903707 -99.83186127943931 339.93723 109.64719 270.7534753622852 33.70731701586461 -1.2053243 0.40454906 2.3513212 270.753476823465 33.70730552152913 270.64737009674957 33.70880045718129 43.659536923489966 72.65808300743379 16000.0 16600.0 2016.0 2 159 {-999.0 10.689259 10.636009 10.676924 -999.0} sdss_psfmag_from_g3xp 10.738161 10.603247 10.356879 10.019 63050395770798377 975100209 "" ops_std_apogee ops_std standard_apogee 0 0 0.0 0.0 -999 ""
FIBERMAP 1140 R-5C12 BOSS 0 0 0 1 0 0 23.567798169268457 -104.43747068099734 143.1 -37.00485141865692 -100.45179114406866 339.93723 109.64719 -999.0 -999.0 -999.0 -999.0 -999.0 270.751461082192 33.704388239680256 270.64511809696705 33.70593463942084 43.660591711541116 72.66258546107065 -999.0 5400.0 -999.0 1 387 {-999.0 -999.0 -999.0 -999.0 -999.0} "" -999.0 -999.0 -999.0 -999.0 -999 -999 "" "" "" "" 0 0 0.0 0.0 -999 ""
FIBERMAP 1140 R-5C12 METROLOGY 0 0 0 1 0 0 22.918085814776816 -104.07103644464017 143.1 -37.35082763520053 -99.79105719758064 339.93723 109.64719 -999.0 -999.0 -999.0 -999.0 -999.0 270.74950339632625 33.70741834767557 270.6432201519766 33.70894283205951 43.66290531426988 72.65914651967938 -999.0 6231.0 -999.0 -1 -999 {-999.0 -999.0 -999.0 -999.0 -999.0} "" -999.0 -999.0 -999.0 -999.0 -999 -999 "" "" "" "" 0 0 0.0 0.0 -999 ""
FIBERMAP 1143 R-2C5 APOGEE 1 1 0 1 0 0 -172.99032126793023 -53.825432938133744 143.1 -174.4283752803094 48.885832814157844 315.35223 93.24077 269.99610440969934 34.38221844265899 1.5589803 1.4525616 0.67574346 269.99610637106633 34.382219959857274 269.88776551814965 34.38152336760336 44.4397377505699 71.97647813614498 16000.0 16600.0 2016.0 2 249 {-999.0 11.9518 11.155732 10.863647 -999.0} sdss_psfmag_from_g3xp 11.72364 11.196088 10.514778 9.101 63050395770827132 1109505473 bright_1x1 mwm_tess_rgb_apogee mwm_tessrgb science 0 0 0.0 0.0 -999 ""
FIBERMAP 1143 R-2C5 BOSS 0 0 0 1 0 0 -173.47310726411118 -54.391336804097904 143.1 -175.14117937391705 48.67344343189151 315.35223 93.24077 -999.0 -999.0 -999.0 -999.0 -999.0 269.99239252319336 34.38119240586694 269.8838128772733 34.38053761182048 44.44265441098747 71.97894665146333 -999.0 5400.0 -999.0 1 473 {-999.0 -999.0 -999.0 -999.0 -999.0} "" -999.0 -999.0 -999.0 -999.0 -999 -999 "" "" "" "" 0 0 0.0 0.0 -999 ""
FIBERMAP 1143 R-2C5 METROLOGY 0 0 0 1 0 0 -173.72825146300954 -53.68337495093476 143.1 -174.97037030220085 49.40624570253013 315.35223 93.24077 -999.0 -999.0 -999.0 -999.0 -999.0 269.9932516331316 34.38453742679138 269.8847280943488 34.38386954012274 44.44274712586538 71.97416311682719 -999.0 6231.0 -999.0 -1 -999 {-999.0 -999.0 -999.0 -999.0 -999.0} "" -999.0 -999.0 -999.0 -999.0 -999 -999 "" "" "" "" 0 0 0.0 0.0 -999 ""
FIBERMAP 1144 R+12C1 APOGEE 0 0 0 1 0 0 -161.95161027601972 238.35995220615058 143.1 -6.306887075177901 288.0701596552264 54.482555 170.78793 -999.0 -999.0 -999.0 -999.0 -999.0 270.9254904725949 35.46278956515404 270.81258631224125 35.46432755853785 43.965749735347465 70.25507918133326 -999.0 16600.0 -999.0 2 129 {-999.0 -999.0 -999.0 -999.0 -999.0} "" -999.0 -999.0 -999.0 -999.0 -999 -999 "" ops_sky_apogee_best_unassigned ops_sky sky_apogee 0 0 0.0 0.0 -999 ""
FIBERMAP 1144 R+12C1 BOSS 1 1 0 1 0 0 -161.4100613572248 238.84299201473752 143.1 -5.589824753596764 288.1810652195336 54.482555 170.78793 270.92970690608183 35.46327668242204 0.12036876 -28.392483 0.6136929 270.92972264211375 35.46320618626452 270.8165626859063 35.46480539774277 43.96271552122258 70.2533715186836 5400.0 5400.0 2016.0 1 8 {-999.0 17.144882 16.610538 16.331491 -999.0} sdss_psfmag_ps1 16.978756 16.549862 15.9674015 14.811 63050395771015160 1072940917 bright_1x1 mwm_halo_local_high_boss_single mwm_halo science 0 0 0.0 0.0 -999 ""
FIBERMAP 1144 R+12C1 METROLOGY 0 0 0 1 0 0 -161.24622104575013 238.1263507601958 143.1 -5.841969953561349 287.4906207233518 54.482555 170.78793 -999.0 -999.0 -999.0 -999.0 -999.0 270.9282402245318 35.46016396013636 270.8151643494839 35.461745761234724 43.96309960854825 70.25787570941719 -999.0 6231.0 -999.0 -1 -999 {-999.0 -999.0 -999.0 -999.0 -999.0} "" -999.0 -999.0 -999.0 -999.0 -999 -999 "" "" "" "" 0 0 0.0 0.0 -999 ""
FIBERMAP 1148 R0C11 APOGEE 1 1 0 1 0 0 -60.78858232002429 -20.428463479039724 143.1 -62.11720888196569 15.907724888853586 353.82062 33.965893 270.61335896041777 34.234424214974446 29.450336 -71.70587 5.536625 270.6134549930685 34.234229043197026 270.5054185278665 34.235222094393684 43.90916493498562 71.99572237996699 16000.0 16600.0 2016.0 2 285 {-999.0 18.24871 16.898687 15.389701 -999.0} sdss_psfmag_ps1 17.742311 16.066172 14.822014 12.441 63050395770807005 1034957811 bright_1x1 mwm_yso_pms_apogee_sagitta_edr3_single mwm_yso science 0 0 0.0 0.0 -999 ""
FIBERMAP 1148 R0C11 BOSS 0 0 0 1 0 0 -61.44196409584555 -20.7795672485854 143.1 -62.856382844881544 15.968335278346267 353.82062 33.965893 -999.0 -999.0 -999.0 -999.0 -999.0 270.6095917087276 34.23445823784664 270.5013079601928 34.23549462156445 43.912521301597806 71.99655269908902 -999.0 5400.0 -999.0 1 431 {-999.0 -999.0 -999.0 -999.0 -999.0} "" -999.0 -999.0 -999.0 -999.0 -999 -999 "" "" "" "" 0 0 0.0 0.0 -999 ""
FIBERMAP 1148 R0C11 METROLOGY 0 0 0 1 0 0 -61.42068422263297 -20.034445412726924 143.1 -62.433410306808426 16.582031039644644 353.82062 33.965893 -999.0 -999.0 -999.0 -999.0 -999.0 270.6118581858872 34.23726796286162 270.5036331020483 34.23829452046651 43.9113718375215 71.99211658692008 -999.0 6231.0 -999.0 -1 -999 {-999.0 -999.0 -999.0 -999.0 -999.0} "" -999.0 -999.0 -999.0 -999.0 -999 -999 "" "" "" "" 0 0 0.0 0.0 -999 ""
FIBERMAP 1149 R-5C9 APOGEE 1 1 0 1 0 0 -71.95337551009347 -102.24370786140528 143.1 -115.96825960895505 -46.676954638743695 223.50238 89.04846 270.31846941557455 33.948973264857734 4.295859 26.193142 3.6794407 270.3184732563045 33.949025601108566 270.21163829566103 33.94929561568177 44.07151064920867 72.46622818824187 16000.0 16600.0 2016.0 2 284 {-999.0 11.953296 11.484671 11.339346 -999.0} sdss_psfmag_from_g3xp 11.859979 11.51896 11.006914 10.095 63050395770805800 1103501631 bright_1x1 mwm_tess_2min_apogee mwm_planet science 0 0 0.0 0.0 -999 ""
FIBERMAP 1149 R-5C9 BOSS 0 0 0 1 0 0 -72.46271624058073 -101.69899425749188 143.1 -116.09951485699315 -45.94293712643371 223.50238 89.04846 -999.0 -999.0 -999.0 -999.0 -999.0 270.31792266582 33.95228764877562 270.2108300190913 33.95260943031967 44.07300810995392 72.4620091031648 -999.0 5400.0 -999.0 1 409 {-999.0 -999.0 -999.0 -999.0 -999.0} "" -999.0 -999.0 -999.0 -999.0 -999 -999 "" "" "" "" 0 0 0.0 0.0 -999 ""
FIBERMAP 1149 R-5C9 METROLOGY 0 0 0 1 0 0 -71.73957316889083 -101.52357985041341 143.1 -115.39732166667214 -46.1889049553808 223.50238 89.04846 -999.0 -999.0 -999.0 -999.0 -999.0 270.32171281936314 33.95119444826967 270.21469229810566 33.95151135369835 44.06962990582617 72.46234348573012 -999.0 6231.0 -999.0 -1 -999 {-999.0 -999.0 -999.0 -999.0 -999.0} "" -999.0 -999.0 -999.0 -999.0 -999 -999 "" "" "" "" 0 0 0.0 0.0 -999 ""
FIBERMAP 1150 R-9C10 APOGEE 1 1 0 1 0 0 8.762179197241139 -185.6488803779608 143.1 -93.58278453175336 -160.55028343618284 239.8548 133.59679 270.44340896309643 33.43252634317613 -17.782064 3.5752509 1.7166344 270.4433742982641 33.43252428595618 270.3384214971213 33.43325286570744 43.83510388487722 73.12003946251218 16000.0 16600.0 2016.0 2 180 {-999.0 10.553023 10.424373 10.422696 -999.0} sdss_psfmag_from_g3xp 10.583195 10.410085 10.100908 9.526 63050395770788305 996664273 bright_1x1 mwm_bin_gaia_sb_apogee mwm_bin science 0 0 0.0 0.0 -999 ""
FIBERMAP 1150 R-9C10 BOSS 0 0 0 1 0 0 8.050392018578625 -185.81945852552818 143.1 -94.27281905058288 -160.30643137390604 239.8548 133.59679 -999.0 -999.0 -999.0 -999.0 -999.0 270.439831691405 33.43352652941562 270.33463109652257 33.434301707369634 43.83843194448397 73.11980022797394 -999.0 5400.0 -999.0 1 375 {-999.0 -999.0 -999.0 -999.0 -999.0} "" -999.0 -999.0 -999.0 -999.0 -999 -999 "" "" "" "" 0 0 0.0 0.0 -999 ""
FIBERMAP 1150 R-9C10 METROLOGY 0 0 0 1 0 0 8.26353942758606 -185.0963155270531 143.1 -93.70079147158589 -159.8154955978274 239.8548 133.59679 -999.0 -999.0 -999.0 -999.0 -999.0 270.4428633119047 33.43576613485774 270.3377226892097 33.436532942597346 43.83653587990454 73.11586930100208 -999.0 6231.0 -999.0 -1 -999 {-999.0 -999.0 -999.0 -999.0 -999.0} "" -999.0 -999.0 -999.0 -999.0 -999 -999 "" "" "" "" 0 0 0.0 0.0 -999 ""
FIBERMAP 1151 R-9C4 APOGEE 0 0 0 1 0 0 -138.47239094622077 -186.69429726935059 143.1 -217.7023531795466 -81.37750874671877 263.76547 63.424 -999.0 -999.0 -999.0 -999.0 -999.0 269.76663463106786 33.78998122613899 269.66063178402237 33.78881049744534 44.47269287515102 72.84645432057857 -999.0 16600.0 -999.0 2 -999 {-999.0 -999.0 -999.0 -999.0 -999.0} "" -999.0 -999.0 -999.0 -999.0 -999 -999 "" "" "" "" 0 0 0.0 0.0 -999 ""
FIBERMAP 1151 R-9C4 BOSS 1 1 0 1 0 0 -139.08068561043055 -186.30396453416657 143.1 -218.000580553513 -80.71923889233457 263.76547 63.424 269.7651672363281 33.79292736173313 -999.0 -999.0 -999.0 269.76518393200433 33.79288803718592 269.6589289979862 33.79176585846637 44.47481643902548 72.84295719011317 5400.0 5400.0 2015.5 1 479 {-999.0 -999.0 -999.0 -999.0 -999.0} "" -999.0 -999.0 -999.0 -999.0 27021603155902244 813393509 "" ops_sky_boss_good ops_sky sky_boss 0 0 0.0 0.0 -999 ""
FIBERMAP 1151 R-9C4 METROLOGY 0 0 0 1 0 0 -138.43495978356543 -185.9491389716889 143.1 -217.26580754023885 -80.77256369067089 263.76547 63.424 -999.0 -999.0 -999.0 -999.0 -999.0 269.76909401875054 33.792679458721786 269.66290669507805 33.7915527524892 44.47156604816522 72.84206183409367 -999.0 6231.0 -999.0 -1 -999 {-999.0 -999.0 -999.0 -999.0 -999.0} "" -999.0 -999.0 -999.0 -999.0 -999 -999 "" "" "" "" 0 0 0.0 0.0 -999 ""
FIBERMAP 1152 R-9C3 APOGEE 1 1 0 1 0 0 -147.02996049731695 -194.9868848616305 143.1 -229.39199751441325 -83.68352503757107 319.10187 52.220627 269.7037288588118 33.779311513376975 2.200992 0.14218214 0.5162448 269.7037499711485 33.77930685797665 269.59781421501236 33.777970294401555 44.52039976056758 72.87985205671293 16000.0 16600.0 2016.0 2 256 {-999.0 12.540049 11.79518 11.520662 -999.0} sdss_psfmag_from_g3xp 12.336704 11.833395 11.173016 9.878 63050395770794201 1104528301 bright_1x1 mwm_tess_rgb_apogee mwm_tessrgb science 0 0 0.0 0.0 -999 ""
FIBERMAP 1152 R-9C3 BOSS 0 0 0 1 0 0 -147.7506167423278 -195.1265527526233 143.1 -230.07266885621897 -83.4089127545343 319.10187 52.220627 -999.0 -999.0 -999.0 -999.0 -999.0 269.7002753287043 33.78047143318566 269.59409533510154 33.77917828799946 44.52369688214267 72.87932136312315 -999.0 5400.0 -999.0 1 477 {-999.0 -999.0 -999.0 -999.0 -999.0} "" -999.0 -999.0 -999.0 -999.0 -999 -999 "" "" "" "" 0 0 0.0 0.0 -999 ""
FIBERMAP 1152 R-9C3 METROLOGY 0 0 0 1 0 0 -147.487969143727 -194.3954935687842 143.1 -229.4547994753682 -82.9382469302484 319.10187 52.220627 -999.0 -999.0 -999.0 -999.0 -999.0 269.70350830119634 33.782630214910974 269.5973871966447 33.781330194652455 44.521601097969146 72.87542312597111 -999.0 6231.0 -999.0 -1 -999 {-999.0 -999.0 -999.0 -999.0 -999.0} "" -999.0 -999.0 -999.0 -999.0 -999 -999 "" "" "" "" 0 0 0.0 0.0 -999 ""
FIBERMAP 1153 R-6C11 APOGEE 0 0 0 1 0 0 -21.850417564782735 -118.89721489006617 143.1 -82.97895495170573 -87.89216571289049 259.64273 22.950748 -999.0 -999.0 -999.0 -999.0 -999.0 270.4996975339006 33.761781844225176 270.3934912040444 33.762582625900336 43.877382135050595 72.66265569068997 -999.0 16600.0 -999.0 2 -999 {-999.0 -999.0 -999.0 -999.0 -999.0} "" -999.0 -999.0 -999.0 -999.0 -999 -999 "" "" "" "" 0 0 0.0 0.0 -999 ""
FIBERMAP 1153 R-6C11 BOSS 1 1 0 1 0 0 -22.02383819184285 -118.17815567059168 143.1 -82.73353440328304 -87.1944834668037 259.64273 22.950748 270.5012512207031 33.764878740221754 -999.0 -999.0 -999.0 270.5012309721327 33.7648566367174 270.3947659843004 33.76571604085387 43.87717463440048 72.65807585759035 5400.0 5400.0 2015.5 1 386 {-999.0 -999.0 -999.0 -999.0 -999.0} "" -999.0 -999.0 -999.0 -999.0 27021603155902895 813393589 "" ops_sky_boss_good ops_sky sky_boss 0 0 0.0 0.0 -999 ""
FIBERMAP 1153 R-6C11 METROLOGY 0 0 0 1 0 0 -21.304471429849286 -118.38868288688147 143.1 -82.244342864204 -87.76225921985912 259.64273 22.950748 -999.0 -999.0 -999.0 -999.0 -999.0 270.50385259777016 33.762299421047516 270.3974659594337 33.76315082733118 43.87433964091549 72.66070112883904 -999.0 6231.0 -999.0 -1 -999 {-999.0 -999.0 -999.0 -999.0 -999.0} "" -999.0 -999.0 -999.0 -999.0 -999 -999 "" "" "" "" 0 0 0.0 0.0 -999 ""
FIBERMAP 1156 R-11C14 APOGEE 1 1 0 1 0 0 132.2173401496549 -221.65760360593615 143.1 -9.563575905839743 -257.8882246743411 312.48383 124.16249 270.89946618207614 32.99424844929998 1.0638325 6.7992115 2.6409187 270.8994830394057 32.99427739139664 270.79596427061267 32.9963366077248 43.34861784008809 73.5583039002795 16000.0 16600.0 2016.0 2 239 {-999.0 11.251446 11.000834 10.954999 -999.0} sdss_psfmag_from_g3xp 11.236058 11.00877 10.63221 10.047 63050395770700405 1103535157 bright_1x1 mwm_tess_2min_apogee mwm_planet science 0 0 0.0 0.0 -999 ""
FIBERMAP 1156 R-11C14 BOSS 0 0 0 1 0 0 132.04852598855112 -222.3830215832832 143.1 -10.09963833617213 -258.40517305203895 312.48383 124.16249 -999.0 -999.0 -999.0 -999.0 -999.0 270.8968316095595 32.991905792757834 270.79307482716297 32.99401778992047 43.35031173148097 73.56228493686564 -999.0 5400.0 -999.0 1 255 {-999.0 -999.0 -999.0 -999.0 -999.0} "" -999.0 -999.0 -999.0 -999.0 -999 -999 "" "" "" "" 0 0 0.0 0.0 -999 ""
FIBERMAP 1156 R-11C14 METROLOGY 0 0 0 1 0 0 131.5005208516267 -221.87410382769335 143.1 -10.282800497244553 -257.68017198572386 312.48383 124.16249 -999.0 -999.0 -999.0 -999.0 -999.0 270.89578072811196 32.99516231241017 270.79208262045415 32.997253870227084 43.3520001183675 73.55831962742866 -999.0 6231.0 -999.0 -1 -999 {-999.0 -999.0 -999.0 -999.0 -999.0} "" -999.0 -999.0 -999.0 -999.0 -999 -999 "" "" "" "" 0 0 0.0 0.0 -999 ""
FIBERMAP 1158 R-5C22 APOGEE 1 1 0 1 0 0 221.8021950878403 -99.85236098961713 143.1 131.8354751942379 -204.38236886313123 195.29672 114.53577 271.66592993128256 33.23166189907015 23.181019 -27.467459 11.289953 271.6660183032155 33.231562644889316 271.56131691582493 33.235626107520496 42.798009070299806 73.00220263276003 16000.0 16600.0 2016.0 2 211 {-999.0 12.359448 11.376928 11.027767 -999.0} sdss_psfmag_from_g3xp 12.029893 11.422034 10.676431 9.201 63050395770710264 984770508 bright_1x1 mwm_snc_100pc_apogee mwm_snc science 0 0 0.0 0.0 -999 ""
FIBERMAP 1158 R-5C22 BOSS 0 0 0 1 0 0 221.33021275540466 -99.28270322597047 143.1 131.7491309689736 -203.64773098311298 195.29672 114.53577 -999.0 -999.0 -999.0 -999.0 -999.0 271.665885704546 33.234777023119804 271.56091917707613 33.23889995439817 42.799229490147894 72.9980376642153 -999.0 5400.0 -999.0 1 251 {-999.0 -999.0 -999.0 -999.0 -999.0} "" -999.0 -999.0 -999.0 -999.0 -999 -999 "" "" "" "" 0 0 0.0 0.0 -999 ""
FIBERMAP 1158 R-5C22 METROLOGY 0 0 0 1 0 0 222.06290005219356 -99.15621465188195 143.1 132.43273264146643 -203.93994379499028 195.29672 114.53577 -999.0 -999.0 -999.0 -999.0 -999.0 271.6694732793417 33.233475428817165 271.5645819247778 33.23759117097792 42.79592413997433 72.9986040435686 -999.0 6231.0 -999.0 -1 -999 {-999.0 -999.0 -999.0 -999.0 -999.0} "" -999.0 -999.0 -999.0 -999.0 -999 -999 "" "" "" "" 0 0 0.0 0.0 -999 ""
FIBERMAP 1162 R-2C6 APOGEE 0 0 0 1 0 0 -171.19855960688358 -33.7718737081414 143.1 -162.02189819393539 64.73951742239366 176.78925 99.28504 -999.0 -999.0 -999.0 -999.0 -999.0 270.0636945267351 34.45462560710395 269.95504878482336 34.45409287491609 44.403888424942714 71.85881579688726 -999.0 16600.0 -999.0 2 -999 {-999.0 -999.0 -999.0 -999.0 -999.0} "" -999.0 -999.0 -999.0 -999.0 -999 -999 "" "" "" "" 0 0 0.0 0.0 -999 ""
FIBERMAP 1162 R-2C6 BOSS 1 1 0 1 0 0 -171.28907539136884 -33.02275801488863 143.1 -161.69056702524304 65.41734684266554 176.78925 99.28504 270.0657299561013 34.45769884479602 -4.3995533 4.1661353 0.08319051 270.06567941396 34.457682517514286 269.95677626051554 34.457205785178076 44.40327609384687 71.85410137697761 5400.0 5400.0 2016.0 1 472 {-999.0 14.620715 13.932593 13.627337 -999.0} sdss_psfmag_from_g3xp 14.433468 13.93931 13.278596 11.883 63050395770827358 1076118332 bright_1x1 mwm_halo_mp_xp_boss_single mwm_halo science 0 0 0.0 0.0 -999 ""
FIBERMAP 1162 R-2C6 METROLOGY 0 0 0 1 0 0 -170.6055809952942 -33.31906210635836 143.1 -161.27811367926768 64.7970952981435 176.78925 99.28504 -999.0 -999.0 -999.0 -999.0 -999.0 270.06789512390947 34.4548918627568 269.95907108220274 34.454407167679264 44.40075184368987 71.85724394639743 -999.0 6231.0 -999.0 -1 -999 {-999.0 -999.0 -999.0 -999.0 -999.0} "" -999.0 -999.0 -999.0 -999.0 -999 -999 "" "" "" "" 0 0 0.0 0.0 -999 ""
FIBERMAP 1163 R-8C7 APOGEE 0 0 0 1 0 0 -54.514642645938274 -165.3428140331771 143.1 -135.64101242377467 -109.10754054649605 344.56107 91.69846 -999.0 -999.0 -999.0 -999.0 -999.0 270.2130146245575 33.665382154746375 270.1072892016888 33.66543710316483 44.081960144450285 72.87911510077771 -999.0 16600.0 -999.0 2 -999 {-999.0 -999.0 -999.0 -999.0 -999.0} "" -999.0 -999.0 -999.0 -999.0 -999 -999 "" "" "" "" 0 0 0.0 0.0 -999 ""
FIBERMAP 1163 R-8C7 BOSS 1 1 0 1 0 0 -54.66441395085449 -166.07917983341352 143.1 -136.16704735927124 -109.6440291566727 344.56107 91.69846 270.210454061975 33.662951241974405 -20.229853 -29.108625 1.1139216 270.2103661149266 33.66285747469736 270.1044068206544 33.66296075673619 44.08363211407768 72.88331272606541 5400.0 5400.0 2016.0 1 401 {-999.0 17.122915 16.277853 16.028034 -999.0} sdss_psfmag_ps1 16.872213 16.333872 15.642318 14.294 63050395770790399 1072940828 bright_1x1 mwm_halo_local_high_boss_single mwm_halo science 0 0 0.0 0.0 -999 ""
FIBERMAP 1163 R-8C7 METROLOGY 0 0 0 1 0 0 -55.22387238852696 -165.57444985238345 143.1 -136.36209735597623 -108.916315190993 344.56107 91.69846 -999.0 -999.0 -999.0 -999.0 -999.0 270.2092176516814 33.666177331183064 270.10331568733056 33.666261191248005 44.08536775428246 72.8792052644958 -999.0 6231.0 -999.0 -1 -999 {-999.0 -999.0 -999.0 -999.0 -999.0} "" -999.0 -999.0 -999.0 -999.0 -999 -999 "" "" "" "" 0 0 0.0 0.0 -999 ""
FIBERMAP 1167 R-3C5 APOGEE 1 1 0 1 0 0 -148.00436175475124 -62.030004462920395 143.1 -157.92227411060236 28.416378014441367 46.422836 47.813835 270.08696964045544 34.2897848957712 -4.072286 -7.8793855 0.48061123 270.0869616777268 34.289765722495616 269.9789342117447 34.28933433854429 44.34390639937551 72.07526130281627 16000.0 16600.0 2016.0 2 264 {-999.0 13.248522 12.214222 11.825488 -999.0} sdss_psfmag_from_g3xp 12.896186 12.239356 11.463385 9.776 63050395770808249 1103921270 bright_1x1 mwm_tess_rgb_apogee mwm_tessrgb science 0 0 0.0 0.0 -999 ""
FIBERMAP 1167 R-3C5 BOSS 0 0 0 1 0 0 -147.94536341817206 -62.787835229518834 143.1 -158.28479129723033 27.748371117819815 46.422836 47.813835 -999.0 -999.0 -999.0 -999.0 -999.0 270.0851697050461 34.28667666566183 269.9769100297723 34.28629332406378 44.34476700200088 72.07996262190358 -999.0 5400.0 -999.0 1 466 {-999.0 -999.0 -999.0 -999.0 -999.0} "" -999.0 -999.0 -999.0 -999.0 -999 -999 "" "" "" "" 0 0 0.0 0.0 -999 ""
FIBERMAP 1167 R-3C5 METROLOGY 0 0 0 1 0 0 -148.61994819346344 -62.45034684007536 143.1 -158.66737666759184 28.398338193213718 46.422836 47.813835 -999.0 -999.0 -999.0 -999.0 -999.0 270.08300253791975 34.28963299625618 269.9748018954524 34.28922836954833 44.34718609808214 72.0765960507079 -999.0 6231.0 -999.0 -1 -999 {-999.0 -999.0 -999.0 -999.0 -999.0} "" -999.0 -999.0 -999.0 -999.0 -999 -999 "" "" "" "" 0 0 0.0 0.0 -999 ""
FIBERMAP 1169 R-11C9 APOGEE 1 1 0 1 0 0 12.067710343954241 -198.428178846684 143.1 -97.75694654921317 -173.0711563873541 101.690865 101.402054 270.42106079214375 33.37604173567006 -5.524048 0.032728843 0.44048214 270.42106416398605 33.37602790792456 270.31633070341763 33.37671018310136 43.83786811486773 73.2024020933132 16000.0 16600.0 2016.0 2 168 {-999.0 13.000029 11.978734 11.584163 -999.0} sdss_psfmag_from_g3xp 12.656796 12.000131 11.222016 9.493 63050395770787316 1110450016 bright_1x1 mwm_tess_rgb_apogee mwm_tessrgb science 0 0 0.0 0.0 -999 ""
FIBERMAP 1169 R-11C9 BOSS 0 0 0 1 0 0 12.739850446959098 -198.10539251685015 143.1 -97.01742754758722 -173.16572794451497 101.690865 101.402054 -999.0 -999.0 -999.0 -999.0 -999.0 270.4252953216089 33.37549495679016 270.3203167309757 33.376245241307686 43.83453570865727 73.201796215402 -999.0 5400.0 -999.0 1 361 {-999.0 -999.0 -999.0 -999.0 -999.0} "" -999.0 -999.0 -999.0 -999.0 -999 -999 "" "" "" "" 0 0 0.0 0.0 -999 ""
FIBERMAP 1169 R-11C9 METROLOGY 0 0 0 1 0 0 12.684277692971577 -198.85450806366052 143.1 -97.47134813512059 -173.76413029711276 101.690865 101.402054 -999.0 -999.0 -999.0 -999.0 -999.0 270.42278669068236 33.37282394401675 270.31788861198504 33.373552121255535 43.83577406671249 73.20614291551522 -999.0 6231.0 -999.0 -1 -999 {-999.0 -999.0 -999.0 -999.0 -999.0} "" -999.0 -999.0 -999.0 -999.0 -999 -999 "" "" "" "" 0 0 0.0 0.0 -999 ""
FIBERMAP 1170 R-5C6 APOGEE 0 0 0 1 0 0 -109.3049357878215 -106.6157157437683 143.1 -149.68866177972816 -30.038017130306805 353.87567 86.24813 -999.0 -999.0 -999.0 -999.0 -999.0 270.13365106106875 34.024233172475576 270.0266100174624 34.023989897970516 44.238912150273215 72.42013718275587 -999.0 16600.0 -999.0 2 -999 {-999.0 -999.0 -999.0 -999.0 -999.0} "" -999.0 -999.0 -999.0 -999.0 -999 -999 "" "" "" "" 0 0 0.0 0.0 -999 ""
FIBERMAP 1170 R-5C6 BOSS 1 1 0 1 0 0 -109.408551794374 -107.34975499702648 143.1 -150.17470079592013 -30.597647625144152 353.87567 86.24813 270.1311991048749 34.0216884916734 -15.985153 -35.305862 1.059487 270.13119053229286 34.0216151240501 270.02391587661066 34.02141912338559 44.24041867177038 72.42439963568359 5400.0 5400.0 2016.0 1 456 {-999.0 18.469767 17.427645 17.004395 -999.0} sdss_psfmag_ps1 18.126024 17.430386 16.626404 14.994 63050395770797299 1072824179 bright_1x1 mwm_halo_local_high_boss_single mwm_halo science 0 0 0.0 0.0 -999 ""
FIBERMAP 1170 R-5C6 METROLOGY 0 0 0 1 0 0 -110.00213806966113 -106.88136769408945 143.1 -150.41814817175535 -29.881875464238664 353.87567 86.24813 -999.0 -999.0 -999.0 -999.0 -999.0 270.1297814919809 34.02488198610189 270.02256439619293 34.024666332601214 44.24232700324461 72.42041293313582 -999.0 6231.0 -999.0 -1 -999 {-999.0 -999.0 -999.0 -999.0 -999.0} "" -999.0 -999.0 -999.0 -999.0 -999 -999 "" "" "" "" 0 0 0.0 0.0 -999 ""
FIBERMAP 1172 R-3C6 APOGEE 0 0 0 1 0 0 -165.10692736350285 -47.82792913695159 143.1 -164.55227737918443 49.632483384799876 227.94893 18.360214 -999.0 -999.0 -999.0 -999.0 -999.0 270.0501489296401 34.385949086241176 269.94177091631923 34.385396328706456 44.39751561496744 71.95577202933032 -999.0 16600.0 -999.0 2 -999 {-999.0 -999.0 -999.0 -999.0 -999.0} "" -999.0 -999.0 -999.0 -999.0 -999 -999 "" "" "" "" 0 0 0.0 0.0 -999 ""
FIBERMAP 1172 R-3C6 BOSS 1 1 0 1 0 0 -164.82233993288273 -47.14347004992654 143.1 -163.9413333213177 50.05211648330848 227.94893 18.360214 270.0537352691393 34.38794095136658 -5.6761694 -22.628885 0.6928235 270.0536647833368 34.38783869474956 269.94503338378365 34.387346545750134 44.39539041029915 71.95219411643995 5400.0 5400.0 2016.0 1 467 {-999.0 18.422697 17.454025 17.134916 -999.0} sdss_psfmag_ps1 18.131945 17.5163 16.781397 15.285 63050395770827276 1072940835 bright_1x1 mwm_halo_local_high_boss_single mwm_halo science 0 0 0.0 0.0 -999 ""
FIBERMAP 1172 R-3C6 METROLOGY 0 0 0 1 0 0 -164.366739190173 -47.73420908267067 143.1 -163.88019731364275 49.308694871203606 227.94893 18.360214 -999.0 -999.0 -999.0 -999.0 -999.0 270.05395958481375 34.38447608849886 269.94541022321937 34.383970900311716 44.39425268029533 71.95666319328626 -999.0 6231.0 -999.0 -1 -999 {-999.0 -999.0 -999.0 -999.0 -999.0} "" -999.0 -999.0 -999.0 -999.0 -999 -999 "" "" "" "" 0 0 0.0 0.0 -999 ""
FIBERMAP 1174 R-1C1 APOGEE 1 1 0 1 0 0 -270.12401673344834 -4.3794574036250555 143.1 -229.05434611550356 143.18885037076714 92.51204 74.84853 269.6960626498955 34.80588811846524 -3.327264 -10.278227 1.2248042 269.6960324160016 34.80587246843262 269.5861968480493 34.804273029894475 44.78332850844484 71.4852400845881 16000.0 16600.0 2016.0 2 293 {-999.0 11.085498 10.193999 9.88808 -999.0} sdss_psfmag_from_g3xp 10.80936 10.243042 9.535369 8.092 63050395770834566 1107717549 bright_1x1 mwm_tess_rgb_apogee mwm_tessrgb science 0 0 0.0 0.0 -999 ""
FIBERMAP 1174 R-1C1 BOSS 0 0 0 1 0 0 -269.39376103613563 -4.488550387875492 143.1 -228.50086835407276 142.70027245820617 92.51204 74.84853 -999.0 -999.0 -999.0 -999.0 -999.0 269.699289297964 34.803666407873685 269.58921761693716 34.80212531070621 44.780407008822614 71.48734393784548 -999.0 5400.0 -999.0 1 425 {-999.0 -999.0 -999.0 -999.0 -999.0} "" -999.0 -999.0 -999.0 -999.0 -999 -999 "" "" "" "" 0 0 0.0 0.0 -999 ""
FIBERMAP 1174 R-1C1 METROLOGY 0 0 0 1 0 0 -269.8656089049999 -5.079340246417992 143.1 -229.21802404721927 142.46105315879294 92.51204 74.84853 -999.0 -999.0 -999.0 -999.0 -999.0 269.6953225363817 34.80254865531559 269.5853258162299 34.80098328915276 44.78323750664204 71.48998152440407 -999.0 6231.0 -999.0 -1 -999 {-999.0 -999.0 -999.0 -999.0 -999.0} "" -999.0 -999.0 -999.0 -999.0 -999 -999 "" "" "" "" 0 0 0.0 0.0 -999 ""
FIBERMAP 1176 R+12C11 APOGEE 0 0 0 1 0 0 62.143810678390565 241.86689045693046 143.1 183.648402662053 169.17444745498685 93.78665 139.31052 -999.0 -999.0 -999.0 -999.0 -999.0 271.9727440883368 34.92047359403805 271.86153705719323 34.92495298506943 43.002918633522405 70.68799549183774 -999.0 16600.0 -999.0 2 -999 {-999.0 -999.0 -999.0 -999.0 -999.0} "" -999.0 -999.0 -999.0 -999.0 -999 -999 "" "" "" "" 0 0 0.0 0.0 -999 ""
FIBERMAP 1176 R+12C11 BOSS 1 1 0 1 0 0 62.57615738399696 242.46416156190324 143.1 184.33593493480498 169.44058186699903 93.78665 139.31052 271.97636373612625 34.92159883770274 -1.3672969 -10.750616 0.23475967 271.97679950130697 34.92156713794378 271.8653283772916 34.9261121861884 43.00020143802584 70.68539271721886 5400.0 5400.0 2016.0 1 102 {-999.0 13.353631 12.35367 11.95884 -999.0} sdss_psfmag_from_g3xp 13.025335 12.37197 11.596718 9.88 63050395770985334 996735912 bright_1x1 mwm_bin_gaia_sb_boss mwm_bin science 0 0 1.3434112071990967 0.0 -999 ""
FIBERMAP 1176 R+12C11 METROLOGY 0 0 0 1 0 0 62.88491085573656 241.78067846443787 143.1 184.22342069399565 168.69917397689642 93.78665 139.31052 -999.0 -999.0 -999.0 -999.0 -999.0 271.9760790092894 34.91825381142479 271.8646941752106 34.92278213667196 42.99986739079785 70.68997847372282 -999.0 6231.0 -999.0 -1 -999 {-999.0 -999.0 -999.0 -999.0 -999.0} "" -999.0 -999.0 -999.0 -999.0 -999 -999 "" "" "" "" 0 0 0.0 0.0 -999 ""
FIBERMAP 1177 R+4C12 APOGEE 0 0 0 1 0 0 -11.927631528591448 89.08918279136302 143.1 38.427923877690176 81.24370119369618 160.46423 90.079666 -999.0 -999.0 -999.0 -999.0 -999.0 271.1692833591965 34.53048115432067 271.0598915753492 34.53289511998366 43.5417650717637 71.43701833869017 -999.0 16600.0 -999.0 2 -999 {-999.0 -999.0 -999.0 -999.0 -999.0} "" -999.0 -999.0 -999.0 -999.0 -999 -999 "" "" "" "" 0 0 0.0 0.0 -999 ""
FIBERMAP 1177 R+4C12 BOSS 1 1 0 1 0 0 -11.686524107090108 89.79191223250525 143.1 39.0123153110748 81.70230543868267 160.46423 90.079666 271.1727905273437 34.53253962048972 -999.0 -999.0 -999.0 271.1728008687917 34.53253693000203 271.0631475748995 34.53501403991942 43.53970437974462 71.43325601616982 5400.0 5400.0 2015.5 1 115 {-999.0 -999.0 -999.0 -999.0 -999.0} "" -999.0 -999.0 -999.0 -999.0 27021603155930964 813396882 "" ops_sky_boss_good ops_sky sky_boss 0 0 0.0 0.0 -999 ""
FIBERMAP 1177 R+4C12 METROLOGY 0 0 0 1 0 0 -11.195225393388446 89.23146150947923 143.1 39.11987456546396 80.96489147054304 160.46423 90.079666 -999.0 -999.0 -999.0 -999.0 -999.0 271.1733002406684 34.52918829197677 271.0637310404484 34.53165219742936 43.538390789300216 71.43757615723194 -999.0 6231.0 -999.0 -1 -999 {-999.0 -999.0 -999.0 -999.0 -999.0} "" -999.0 -999.0 -999.0 -999.0 -999 -999 "" "" "" "" 0 0 0.0 0.0 -999 ""
FIBERMAP 1189 R-13C11 APOGEE 1 1 0 1 0 0 68.8184167056978 -245.62643536637063 143.1 -75.79610452125367 -243.5321653303921 132.76364 129.66107 270.5419080981413 33.05934915487022 -4.8718896 3.0391204 0.118183285 270.5418999767781 33.05935416023218 270.43828834912676 33.06043700240057 43.65460191804354 73.58614911766574 16000.0 16600.0 2016.0 2 189 {-999.0 14.041245 13.016976 12.606232 -999.0} sdss_psfmag_from_g3xp 13.697758 13.026809 12.24001 10.475 63050395770706892 1155960409 bright_1x1 mwm_galactic_core_dist_apogee_extra mwm_galactic science 0 0 0.0 0.0 -999 ""
FIBERMAP 1189 R-13C11 BOSS 0 0 0 1 0 0 68.91259816280602 -244.8969836083402 143.1 -75.32047663950554 -242.97125493570363 132.76364 129.66107 -999.0 -999.0 -999.0 -999.0 -999.0 270.54469043795325 33.06177699022687 270.44082309547946 33.06292480917005 43.65323282716948 73.58204265393647 -999.0 5400.0 -999.0 1 336 {-999.0 -999.0 -999.0 -999.0 -999.0} "" -999.0 -999.0 -999.0 -999.0 -999 -999 "" "" "" "" 0 0 0.0 0.0 -999 ""
FIBERMAP 1189 R-13C11 METROLOGY 0 0 0 1 0 0 69.51889032850544 -245.37223166772026 143.1 -75.0700973043221 -243.699692338982 132.76364 129.66107 -999.0 -999.0 -999.0 -999.0 -999.0 270.54599273353176 33.058540752230876 270.44220638854256 33.0596764043758 43.65123505611944 73.58592852648445 -999.0 6231.0 -999.0 -1 -999 {-999.0 -999.0 -999.0 -999.0 -999.0} "" -999.0 -999.0 -999.0 -999.0 -999 -999 "" "" "" "" 0 0 0.0 0.0 -999 ""
FIBERMAP 1190 R+13C5 APOGEE 0 0 0 1 0 0 -63.74988626847332 269.227481820105 143.1 92.88100141962816 260.5811589526772 154.15613 67.908104 -999.0 -999.0 -999.0 -999.0 -999.0 271.47479255229615 35.3369353013618 271.3621611402418 35.33997695120058 43.50105175213266 70.2740492731503 -999.0 16600.0 -999.0 2 111 {-999.0 -999.0 -999.0 -999.0 -999.0} "" -999.0 -999.0 -999.0 -999.0 -999 -999 "" "" "" "" 0 0 0.0 0.0 -999 ""
FIBERMAP 1190 R+13C5 BOSS 1 1 0 1 0 0 -63.21786370638396 269.74077060398974 143.1 93.60651582385098 260.72262718922036 154.15613 67.908104 271.4785955354695 35.33748769016138 2.2109327 -7.509098 0.42384577 271.4790618917294 35.337463531640715 271.3661709268026 35.340568511736045 43.498020896587136 70.2721677667559 5400.0 5400.0 2016.0 1 85 {-999.0 13.049052 12.300682 12.024686 -999.0} sdss_psfmag_from_g3xp 12.840895 12.337184 11.676065 10.31 63050395770993254 996735917 bright_1x1 mwm_bin_gaia_sb_boss mwm_bin science 0 0 1.3191817998886108 0.0 -999 ""
FIBERMAP 1190 R+13C5 METROLOGY 0 0 0 1 0 0 -63.02710200414769 269.01910643512264 143.1 93.3742306696015 260.01333083515584 154.15613 67.908104 -999.0 -999.0 -999.0 -999.0 -999.0 271.4776933464071 35.33433440316642 271.3648876516547 35.33742172599677 43.498275780705946 70.27672600307591 -999.0 6231.0 -999.0 -1 -999 {-999.0 -999.0 -999.0 -999.0 -999.0} "" -999.0 -999.0 -999.0 -999.0 -999 -999 "" "" "" "" 0 0 0.0 0.0 -999 ""
FIBERMAP 1192 R-11C4 APOGEE 1 1 0 1 0 0 -88.96724095145842 -195.73975361928083 143.1 -181.07827162659535 -115.8834379956447 122.426476 34.26386 269.966806895594 33.63440167346179 -5.6846023 -11.19756 1.4977798 269.96678996773574 33.634390936022875 269.8612845567851 33.633793320087314 44.27149667998608 72.99588864957173 16000.0 16600.0 2016.0 2 164 {-999.0 11.578924 10.956353 10.728082 -999.0} sdss_psfmag_from_g3xp 11.4244175 10.98969 10.387576 9.234 63050395770794575 996664275 bright_1x1 mwm_bin_gaia_sb_apogee mwm_bin science 0 0 0.0 0.0 -999 ""
FIBERMAP 1192 R-11C4 BOSS 0 0 0 1 0 0 -88.28404127677769 -196.028748176722 143.1 -180.66209147074468 -116.4973955424306 122.426476 34.26386 -999.0 -999.0 -999.0 -999.0 -999.0 269.9692770828824 33.631538934855925 269.8635384487733 33.631002954853955 44.268960691951015 72.99897262032653 -999.0 5400.0 -999.0 1 349 {-999.0 -999.0 -999.0 -999.0 -999.0} "" -999.0 -999.0 -999.0 -999.0 -999 -999 "" "" "" "" 0 0 0.0 0.0 -999 ""
FIBERMAP 1192 R-11C4 METROLOGY 0 0 0 1 0 0 -88.87323164790907 -196.4815293355611 143.1 -181.40268055000934 -116.55700750232955 122.426476 34.26386 -999.0 -999.0 -999.0 -999.0 -999.0 269.9652136609953 33.63128357118003 269.8595465435827 33.63072137106008 44.2720977119052 73.00055616165957 -999.0 6231.0 -999.0 -1 -999 {-999.0 -999.0 -999.0 -999.0 -999.0} "" -999.0 -999.0 -999.0 -999.0 -999 -999 "" "" "" "" 0 0 0.0 0.0 -999 ""
FIBERMAP 1194 R-7C9 APOGEE 0 0 0 1 0 0 -22.1550603843106 -136.07172626439407 143.1 -92.57221251858846 -102.1384434088099 346.90643 129.78499 -999.0 -999.0 -999.0 -999.0 -999.0 270.44753320518464 33.69708841774897 270.3415910409366 33.697764740912156 43.90215437022405 72.765100421728 -999.0 16600.0 -999.0 2 171 {-999.0 -999.0 -999.0 -999.0 -999.0} "" -999.0 -999.0 -999.0 -999.0 -999 -999 "" ops_sky_apogee_best_unassigned ops_sky sky_apogee 0 0 0.0 0.0 -999 ""
FIBERMAP 1194 R-7C9 BOSS 1 1 0 1 0 0 -21.845571391250544 -136.74727552417724 143.1 -92.6797959983343 -102.87359355288685 346.90643 129.78499 270.44721036759483 33.6936800418615 -4.9871645 -4.8603797 0.113234274 270.44716089175853 33.69365332799496 270.3409857323278 33.69438484190948 43.90175806582552 72.7698110744821 5400.0 5400.0 2016.0 1 388 {-999.0 17.779814 17.455029 17.333683 17.298265} sdss_psfmag_from_gaia 17.7377 17.4632 17.0117 16.058 63050395770790124 967831734 "" ops_std_boss_gdr2 ops_std standard_boss 0 0 0.0 0.0 -999 ""
FIBERMAP 1194 R-7C9 METROLOGY 0 0 0 1 0 0 -22.588304262291896 -136.68041402352802 143.1 -93.26670477520926 -102.41367026750484 346.90643 129.78499 -999.0 -999.0 -999.0 -999.0 -999.0 270.44388671182816 33.69576522690471 270.33777473518694 33.6964717489839 43.904881811854615 72.76798317717538 -999.0 6231.0 -999.0 -1 -999 {-999.0 -999.0 -999.0 -999.0 -999.0} "" -999.0 -999.0 -999.0 -999.0 -999 -999 "" "" "" "" 0 0 0.0 0.0 -999 ""
FIBERMAP 1200 R+2C7 APOGEE 1 1 0 1 0 0 -129.1853367675078 52.537832204929 143.1 -79.84093938439537 114.32370592244837 81.14214 102.85582 270.515793993876 34.68167822907893 -5.020035 4.0010757 0.5381777 270.5157765034065 34.681688365475964 270.40607166477116 34.682313058238556 44.100154908526235 71.42228853095827 16000.0 16600.0 2016.0 2 146 {-999.0 12.687919 11.782317 11.444701 -999.0} sdss_psfmag_from_g3xp 12.405283 11.816031 11.087688 9.547 63050395770811921 1105892018 bright_1x1 mwm_tess_rgb_apogee mwm_tessrgb science 0 0 0.0 0.0 -999 ""
FIBERMAP 1200 R+2C7 BOSS 0 0 0 1 0 0 -128.4478958215295 52.61899060821527 143.1 -79.1779942913651 113.99087000079452 81.14214 102.85582 -999.0 -999.0 -999.0 -999.0 -999.0 270.51964702360203 34.680180885029415 270.4096981304117 34.680868113558276 44.096908989189075 71.4232174646782 -999.0 5400.0 -999.0 1 47 {-999.0 -999.0 -999.0 -999.0 -999.0} "" -999.0 -999.0 -999.0 -999.0 -999 -999 "" "" "" "" 0 0 0.0 0.0 -999 ""
FIBERMAP 1200 R+2C7 METROLOGY 0 0 0 1 0 0 -128.74905045845685 51.93327268671612 143.1 -79.80352505747493 113.5791879893867 81.14214 102.85582 -999.0 -999.0 -999.0 -999.0 -999.0 270.5161265594005 34.678311084877585 270.4062566747825 34.67897463820602 44.099186349224716 71.42674238963701 -999.0 6231.0 -999.0 -1 -999 {-999.0 -999.0 -999.0 -999.0 -999.0} "" -999.0 -999.0 -999.0 -999.0 -999 -999 "" "" "" "" 0 0 0.0 0.0 -999 ""
FIBERMAP 1203 R-3C1 APOGEE 1 1 0 1 0 0 -270.43633348909367 -74.50252635904539 143.1 -267.44166889470955 84.51521602786976 287.305 48.049706 269.4892368779759 34.53798330867259 -21.403833 210.34087 24.165298 269.48918851880825 34.53853567875138 269.38046903790257 34.53644591529653 44.88321097873823 71.90917439732061 16000.0 16600.0 2016.0 2 269 {-999.0 15.566612 14.086747 12.934901 -999.0} sdss_psfmag_from_g3xp 14.960734 13.63243 12.497385 10.416 63050395770824595 984835853 bright_1x1 mwm_snc_100pc_apogee mwm_snc science 0 0 0.0 0.0 -999 ""
FIBERMAP 1203 R-3C1 BOSS 0 0 0 1 0 0 -271.1037670478116 -74.20481021805253 143.1 -267.83987714796456 85.1279203629347 287.305 48.049706 -999.0 -999.0 -999.0 -999.0 -999.0 269.4872686482584 34.54121862522737 269.37829837492757 34.539172640495906 44.88560535652292 71.90605043918151 -999.0 5400.0 -999.0 1 496 {-999.0 -999.0 -999.0 -999.0 -999.0} "" -999.0 -999.0 -999.0 -999.0 -999 -999 "" "" "" "" 0 0 0.0 0.0 -999 ""
FIBERMAP 1203 R-3C1 METROLOGY 0 0 0 1 0 0 -270.513892276338 -73.76409241367935 143.1 -267.10527248817294 85.17703731468343 287.305 48.049706 -999.0 -999.0 -999.0 -999.0 -999.0 269.49116485287794 34.54150794608829 269.3822601565779 34.539458277338305 44.8825077877345 71.90454558484794 -999.0 6231.0 -999.0 -1 -999 {-999.0 -999.0 -999.0 -999.0 -999.0} "" -999.0 -999.0 -999.0 -999.0 -999 -999 "" "" "" "" 0 0 0.0 0.0 -999 ""
FIBERMAP 1207 R-4C13 APOGEE 0 0 0 1 0 0 4.037355785341596 -86.7576106903255 143.1 -43.781357526335135 -74.99730596072082 260.20157 51.471485 -999.0 -999.0 -999.0 -999.0 -999.0 270.7141745853801 33.82026128212312 270.6076601973698 33.82162360147534 43.72092204311439 72.51943648080135 -999.0 16600.0 -999.0 2 -999 {-999.0 -999.0 -999.0 -999.0 -999.0} "" -999.0 -999.0 -999.0 -999.0 -999 -999 "" "" "" "" 0 0 0.0 0.0 -999 ""
FIBERMAP 1207 R-4C13 BOSS 1 1 0 1 0 0 3.541095521366657 -86.23063291170021 143.1 -43.911279162472624 -74.28528310625266 260.20157 51.471485 270.71369915786266 33.82341269079066 -3.4110708 -1.9493817 0.1503512 270.71368421205085 33.823406739401065 270.6069102389408 33.82482260062659 43.7223573948116 72.51538779552436 5400.0 5400.0 2016.0 1 363 {-999.0 14.964528 14.383533 14.121796 -999.0} sdss_psfmag_from_g3xp 14.818278 14.387005 13.77606 12.545 63050395770798863 1071091562 bright_1x1 mwm_halo_vmp_xp_boss_single mwm_halo science 0 0 0.0 0.0 -999 ""
FIBERMAP 1207 R-4C13 METROLOGY 0 0 0 1 0 0 4.264715535646133 -86.04699861299129 143.1 -43.20421667139072 -74.52461256158203 260.20157 51.471485 -999.0 -999.0 -999.0 -999.0 -999.0 270.7174937990339 33.822336226151144 270.6107925394166 33.82374682024383 43.71896326098119 72.51566166147182 -999.0 6231.0 -999.0 -1 -999 {-999.0 -999.0 -999.0 -999.0 -999.0} "" -999.0 -999.0 -999.0 -999.0 -999 -999 "" "" "" "" 0 0 0.0 0.0 -999 ""
FIBERMAP 1208 R-3C19 APOGEE 0 0 0 1 0 0 125.94298931893928 -47.59308103360568 143.1 79.80855307038026 -108.41150824484221 232.16699 10.474414 -999.0 -999.0 -999.0 -999.0 -999.0 271.3898631957745 33.6662501729063 271.28365326294124 33.66946492657318 43.13859803078678 72.5173196525119 -999.0 16600.0 -999.0 2 -999 {-999.0 -999.0 -999.0 -999.0 -999.0} "" -999.0 -999.0 -999.0 -999.0 -999 -999 "" "" "" "" 0 0 0.0 0.0 -999 ""
FIBERMAP 1208 R-3C19 BOSS 1 1 0 1 0 0 126.25006825297147 -46.935746023016165 143.1 80.42362366416654 -108.02686460121878 232.16699 10.474414 271.39350424059813 33.66786879937245 -4.4184065 -0.5063401 0.06262563 271.3935322649046 33.66787527128821 271.2870626126178 33.671157640103345 43.136315547797096 72.51404603701758 5400.0 5400.0 2016.0 1 289 {-999.0 15.237148 14.550129 14.235702 -999.0} sdss_psfmag_from_g3xp 15.047991 14.552051 13.88417 12.501 63050395770721241 1071091563 bright_1x1 mwm_halo_vmp_xp_boss_single mwm_halo science 0 0 0.0 0.0 -999 ""
FIBERMAP 1208 R-3C19 METROLOGY 0 0 0 1 0 0 126.68682422375389 -47.535015425099054 143.1 80.46430829115897 -108.76719870923058 232.16699 10.474414 -999.0 -999.0 -999.0 -999.0 -999.0 271.39363873640696 33.66453943763766 271.28725299329767 33.66780643315702 43.13526806407708 72.51841369681432 -999.0 6231.0 -999.0 -1 -999 {-999.0 -999.0 -999.0 -999.0 -999.0} "" -999.0 -999.0 -999.0 -999.0 -999 -999 "" "" "" "" 0 0 0.0 0.0 -999 ""
FIBERMAP 1213 R+9C2 APOGEE 0 0 0 1 0 0 -154.699327876726 170.3357504535109 143.1 -37.20527857115781 227.04497928902376 351.693 109.71399 -999.0 -999.0 -999.0 -999.0 -999.0 270.7530310151784 35.19082938991152 270.6412596888214 35.19196939999272 44.036770388504365 70.66905081856294 -999.0 16600.0 -999.0 2 -999 {-999.0 -999.0 -999.0 -999.0 -999.0} "" -999.0 -999.0 -999.0 -999.0 -999 -999 "" "" "" "" 0 0 0.0 0.0 -999 ""
FIBERMAP 1213 R+9C2 BOSS 1 1 0 1 0 0 -154.55203441872126 169.60302516573742 143.1 -37.48005371952224 226.3500343196563 351.693 109.71399 270.7517358140544 35.18770551759854 -3.1924305 -8.446485 0.26925877 270.75173949307583 35.187697749970916 270.6397301580505 35.18888555819598 44.0372459168903 70.67363203303023 5400.0 5400.0 2016.0 1 19 {-999.0 17.376534 16.965553 16.85442 -999.0} sdss_psfmag_ps1 17.305183 16.989496 16.523623 15.415 63050395771011776 977099648 "" ops_std_boss ops_std standard_boss 0 0 0.0 0.0 -999 ""
FIBERMAP 1213 R+9C2 METROLOGY 0 0 0 1 0 0 -155.2608585788081 169.84448143237182 143.1 -37.94358265499485 226.93803212531705 351.693 109.71399 -999.0 -999.0 -999.0 -999.0 -999.0 270.7491090920385 35.190338858369174 270.63716161714603 35.19150466132481 44.03991089789114 70.67079347055176 -999.0 6231.0 -999.0 -1 -999 {-999.0 -999.0 -999.0 -999.0 -999.0} "" -999.0 -999.0 -999.0 -999.0 -999 -999 "" "" "" "" 0 0 0.0 0.0 -999 ""
FIBERMAP 1215 R-1C15 APOGEE 0 0 0 1 0 0 51.258654883964894 -12.969660229475762 143.1 35.96197458020636 -38.75227004988382 62.04164 67.04102 -999.0 -999.0 -999.0 -999.0 -999.0 271.15238439441976 33.984117765119194 271.0450750778166 33.98661747987501 43.413448898340896 72.16897147029385 -999.0 16600.0 -999.0 2 -999 {-999.0 -999.0 -999.0 -999.0 -999.0} "" -999.0 -999.0 -999.0 -999.0 -999 -999 "" "" "" "" 0 0 0.0 0.0 -999 ""
FIBERMAP 1215 R-1C15 BOSS 1 1 0 1 0 0 51.73927839433651 -13.534506229417811 143.1 36.05818611863875 -39.48756828741246 62.04164 67.04102 271.1527301953261 33.980710830811134 4.0337944 -11.232091 1.6915329 271.1531663465533 33.980688279881534 271.0456185336607 33.98324717031269 43.412135030327335 72.17328881091021 5400.0 5400.0 2016.0 1 272 {-999.0 12.411472 12.1341915 12.0570545 -999.0} sdss_psfmag_from_g3xp 12.385458 12.136827 11.729376 11.007 63050395770802037 996736086 bright_1x1 mwm_bin_gaia_sb_boss mwm_bin science 0 0 1.3029922246932983 0.0 -999 ""
FIBERMAP 1215 R-1C15 METROLOGY 0 0 0 1 0 0 51.00762780587297 -13.672260675374025 143.1 35.36932924791342 -39.2053728264663 62.04164 67.04102 -999.0 -999.0 -999.0 -999.0 -999.0 271.1493146354964 33.982009119452115 271.0418345695907 33.984541392008 43.41550160521708 72.17269511998131 -999.0 6231.0 -999.0 -1 -999 {-999.0 -999.0 -999.0 -999.0 -999.0} "" -999.0 -999.0 -999.0 -999.0 -999 -999 "" "" "" "" 0 0 0.0 0.0 -999 ""
FIBERMAP 1222 R+1C10 APOGEE 0 0 0 1 0 0 -88.36106010986626 9.0518511618252 143.1 -69.22635591787704 55.636883096779094 233.23093 109.89364 -999.0 -999.0 -999.0 -999.0 -999.0 270.57428014439444 34.41508468662105 270.46557157088216 34.41592957912271 43.986559568696286 71.76435505502525 -999.0 16600.0 -999.0 2 -999 {-999.0 -999.0 -999.0 -999.0 -999.0} "" -999.0 -999.0 -999.0 -999.0 -999 -999 "" "" "" "" 0 0 0.0 0.0 -999 ""
FIBERMAP 1222 R+1C10 BOSS 1 1 0 1 0 0 -89.08885217366758 9.251226091740444 143.1 -69.72868090039508 56.199881218275344 233.23093 109.89364 270.5717049570611 34.41762712358849 0.33857214 -1.739581 0.16007791 270.5717152208557 34.41761850417681 270.4627499503713 34.41850886185143 43.98945911755049 71.76169481779982 5400.0 5400.0 2016.0 1 30 {-999.0 17.741867 17.449072 17.318203 -999.0} sdss_psfmag_ps1 17.693666 17.41058 16.972963 16.184 63050395770809930 975940008 "" ops_std_boss ops_std standard_boss 0 0 0.0 0.0 -999 ""
FIBERMAP 1222 R+1C10 METROLOGY 0 0 0 1 0 0 -88.55070811417782 9.77344357792479 143.1 -68.993175220635 56.345513732914085 233.23093 109.89364 -999.0 -999.0 -999.0 -999.0 -999.0 270.5757099902875 34.41829525523711 270.4668107738769 34.419181165690176 43.986384396685715 71.759624027565 -999.0 6231.0 -999.0 -1 -999 {-999.0 -999.0 -999.0 -999.0 -999.0} "" -999.0 -999.0 -999.0 -999.0 -999 -999 "" "" "" "" 0 0 0.0 0.0 -999 ""
FIBERMAP 1226 R+8C2 APOGEE 0 0 0 1 0 0 -164.99711030006353 157.03075936657768 143.1 -53.08041018132817 221.4789657133259 17.664976 106.393715 -999.0 -999.0 -999.0 -999.0 -999.0 270.6649293831972 35.165772868649576 270.55329174999906 35.16668265999729 44.10053331234676 70.72716372341955 -999.0 16600.0 -999.0 2 -999 {-999.0 -999.0 -999.0 -999.0 -999.0} "" -999.0 -999.0 -999.0 -999.0 -999 -999 "" "" "" "" 0 0 0.0 0.0 -999 ""
FIBERMAP 1226 R+8C2 BOSS 1 1 0 1 0 0 -164.56941762302085 156.42161099705356 143.1 -53.05270207429607 220.73526934337622 17.664976 106.393715 270.66530501633974 35.16244468518786 -2.5506234 -16.585072 0.5076763 270.6653109194957 35.1624223898549 270.5534360468429 35.16338437204813 44.099629862725315 70.73158403017283 5400.0 5400.0 2016.0 1 69 {-999.0 16.082073 15.696541 15.468807 -999.0} sdss_psfmag_ps1 16.002853 15.67733 15.174495 14.165 63050395771011614 1073338907 bright_1x1 mwm_halo_local_high_boss_single mwm_halo science 0 0 0.0 0.0 -999 ""
FIBERMAP 1226 R+8C2 METROLOGY 0 0 0 1 0 0 -165.30508045700756 156.3511886469733 143.1 -53.7083179834377 221.0761476302099 17.664976 106.393715 -999.0 -999.0 -999.0 -999.0 -999.0 270.6616136968067 35.16395160793608 270.54980529339923 35.164889031940326 44.102871766771614 70.73053819510199 -999.0 6231.0 -999.0 -1 -999 {-999.0 -999.0 -999.0 -999.0 -999.0} "" -999.0 -999.0 -999.0 -999.0 -999 -999 "" "" "" "" 0 0 0.0 0.0 -999 ""
FIBERMAP 1229 R-10C17 APOGEE 0 0 0 1 0 0 186.29646925400138 -174.50828089818881 143.1 61.45130365975495 -247.7254026112585 128.99539 43.666077 -999.0 -999.0 -999.0 -999.0 -999.0 271.28313131589886 33.03862481707308 271.17929429741787 33.04170489424395 43.052092584296744 73.37713786986717 -999.0 16600.0 -999.0 2 188 {-999.0 -999.0 -999.0 -999.0 -999.0} "" -999.0 -999.0 -999.0 -999.0 -999 -999 "" ops_sky_apogee_best_unassigned ops_sky sky_apogee 0 0 0.0 0.0 -999 ""
FIBERMAP 1229 R-10C17 BOSS 1 1 0 1 0 0 187.01781883704302 -174.60869995644902 143.1 62.00202382880232 -248.2018596709325 128.99539 43.666077 271.2864798360225 33.03659189013112 -37.858326 -62.00127 1.8591969 271.2863333019898 33.03641254946581 271.18225269153504 33.0395620556837 43.049117637206095 73.37902004129057 5400.0 5400.0 2016.0 1 329 {-999.0 18.279322 17.011648 16.57553 -999.0} sdss_psfmag_ps1 17.769424 17.029888 16.193352 14.765 63050395770710867 1072824080 bright_1x1 mwm_halo_local_high_boss_single mwm_halo science 0 0 0.0 0.0 -999 ""
FIBERMAP 1229 R-10C17 METROLOGY 0 0 0 1 0 0 186.57370213724064 -175.19944903691254 143.1 61.30816078421547 -248.45612192369916 128.99539 43.666077 -999.0 -999.0 -999.0 -999.0 -999.0 271.2825039367568 33.03530899631372 271.1784999219807 33.03843138280909 43.05182945025769 73.3816951690078 -999.0 6231.0 -999.0 -1 -999 {-999.0 -999.0 -999.0 -999.0 -999.0} "" -999.0 -999.0 -999.0 -999.0 -999 -999 "" "" "" "" 0 0 0.0 0.0 -999 ""
FIBERMAP 1232 R-4C22 APOGEE 0 0 0 1 0 0 238.9917026851533 -61.530153009252274 143.1 167.0953872063761 -181.57024259923864 126.030266 14.2649975 -999.0 -999.0 -999.0 -999.0 -999.0 271.8582694553867 33.333270113528684 271.75311593824347 33.3378263884543 42.67194785032017 72.80841597301855 -999.0 16600.0 -999.0 2 -999 {-999.0 -999.0 -999.0 -999.0 -999.0} "" -999.0 -999.0 -999.0 -999.0 -999 -999 "" "" "" "" 0 0 0.0 0.0 -999 ""
FIBERMAP 1232 R-4C22 BOSS 1 1 0 1 0 0 239.56964995679047 -61.99086045393908 143.1 167.32988665275482 -182.27106746671913 126.030266 14.2649975 271.8597075595279 33.33007352221048 6.2352643 -5.139001 0.48201516 271.85973648796363 33.330035047224 271.7543396580818 33.33465687371435 42.67009415746615 72.81217893526451 5400.0 5400.0 2016.0 1 322 {-999.0 16.0225 15.648243 15.551765 -999.0} sdss_psfmag_ps1 15.937527 15.628422 15.153487 14.295 63050395770713225 978485689 "" ops_std_boss ops_std standard_boss 0 0 0.0 0.0 -999 ""
FIBERMAP 1232 R-4C22 METROLOGY 0 0 0 1 0 0 238.87698040935808 -62.26737806305074 143.1 166.59829632809604 -182.12650807072336 126.030266 14.2649975 -999.0 -999.0 -999.0 -999.0 -999.0 271.8557324417909 33.3307239021134 271.75040682606846 33.33531753380023 42.673435005990434 72.8125425964476 -999.0 6231.0 -999.0 -1 -999 {-999.0 -999.0 -999.0 -999.0 -999.0} "" -999.0 -999.0 -999.0 -999.0 -999 -999 "" "" "" "" 0 0 0.0 0.0 -999 ""
FIBERMAP 1240 R+7C16 APOGEE 1 1 0 1 0 0 126.54293340191992 120.8374998442489 143.1 171.88609339485916 32.60002438466076 299.8511 99.8685 271.9015347123231 34.303295333408784 -0.5017705 -4.2265544 0.45734653 271.9015513307664 34.3032752754669 271.79273763044864 34.30771213693264 42.899706626746294 71.52301927421325 16000.0 16600.0 2016.0 2 66 {-999.0 13.3821 12.485328 12.170445 -999.0} sdss_psfmag_from_g3xp 13.102745 12.528811 11.813887 10.34 63050395770887038 1105336457 bright_1x1 mwm_tess_rgb_apogee mwm_tessrgb science 0 0 0.0 0.0 -999 ""
FIBERMAP 1240 R+7C16 BOSS 0 0 0 1 0 0 125.9740224391831 120.36586287207366 143.1 171.15226995833228 32.5135639382767 299.8511 99.8685 -999.0 -999.0 -999.0 -999.0 -999.0 271.89785663926165 34.3028796809292 271.7887892375436 34.30736385737874 42.90276494986401 71.5246374811909 -999.0 5400.0 -999.0 1 201 {-999.0 -999.0 -999.0 -999.0 -999.0} "" -999.0 -999.0 -999.0 -999.0 -999 -999 "" "" "" "" 0 0 0.0 0.0 -999 ""
FIBERMAP 1240 R+7C16 METROLOGY 0 0 0 1 0 0 125.83512083315907 121.0920048080098 143.1 171.43050778356272 33.198421949561975 299.8511 99.8685 -999.0 -999.0 -999.0 -999.0 -999.0 271.8993349719146 34.30598777049521 271.7903278955039 34.31045896823231 42.902343536244175 71.52010615754159 -999.0 6231.0 -999.0 -1 -999 {-999.0 -999.0 -999.0 -999.0 -999.0} "" -999.0 -999.0 -999.0 -999.0 -999 -999 "" "" "" "" 0 0 0.0 0.0 -999 ""
FIBERMAP 1241 R+7C13 APOGEE 1 1 0 1 0 0 62.523449310926466 130.48678521722647 143.1 123.41067387270033 75.50395886252137 270.44904 157.65535 271.6378968547474 34.50100553604381 0.14416029 -7.1066284 0.54750943 271.637881250518 34.50097744786205 271.52841646282786 34.50465748508867 43.16122050064493 71.33970481894391 16000.0 16600.0 2016.0 2 48 {-999.0 11.845272 10.903644 10.531905 -999.0} sdss_psfmag_from_g3xp 11.539461 10.924787 10.173801 8.54 63050395770981279 1155960042 bright_1x1 mwm_galactic_core_dist_apogee_extra mwm_galactic science 0 0 0.0 0.0 -999 ""
FIBERMAP 1241 R+7C13 BOSS 0 0 0 1 0 0 62.24795805465933 129.79358648016165 143.1 122.80261116168714 75.07204642525039 270.44904 157.65535 -999.0 -999.0 -999.0 -999.0 -999.0 271.63483076166096 34.499020851698944 271.5251194166749 34.502748800981394 43.16335909950702 71.34318712131454 -999.0 5400.0 -999.0 1 150 {-999.0 -999.0 -999.0 -999.0 -999.0} "" -999.0 -999.0 -999.0 -999.0 -999 -999 "" "" "" "" 0 0 0.0 0.0 -999 ""
FIBERMAP 1241 R+7C13 METROLOGY 0 0 0 1 0 0 61.78249163395375 130.37907508795578 143.1 122.7303418115399 75.81642604338099 270.44904 157.65535 -999.0 -999.0 -999.0 -999.0 -999.0 271.6343823935388 34.50241658033686 271.5247305718897 34.50612672833233 43.164532656609545 71.3388223194047 -999.0 6231.0 -999.0 -1 -999 {-999.0 -999.0 -999.0 -999.0 -999.0} "" -999.0 -999.0 -999.0 -999.0 -999 -999 "" "" "" "" 0 0 0.0 0.0 -999 ""
FIBERMAP 1251 R+6C7 APOGEE 0 0 0 1 0 0 -72.36603193429015 107.78928884577684 143.1 -2.1216015286350993 129.79558752641066 20.84548 61.82535 -999.0 -999.0 -999.0 -999.0 -999.0 270.9459634019681 34.75183839714803 270.8358123988338 34.75360007869535 43.775430270825645 71.20532670218813 -999.0 16600.0 -999.0 2 100 {-999.0 -999.0 -999.0 -999.0 -999.0} "" -999.0 -999.0 -999.0 -999.0 -999 -999 "" ops_sky_apogee_best_unassigned ops_sky sky_apogee 0 0 0.0 0.0 -999 ""
FIBERMAP 1251 R+6C7 BOSS 1 1 0 1 0 0 -72.47825916597628 107.05449588053074 143.1 -2.6152763992368087 129.24000639872315 20.84548 61.82535 270.9434509277344 34.74931777642398 -999.0 -999.0 -999.0 270.9434699136518 34.7493279824183 270.8330784505973 34.75113628983176 43.776996783347506 71.20940279949002 5400.0 5400.0 2015.5 1 66 {-999.0 -999.0 -999.0 -999.0 -999.0} "" -999.0 -999.0 -999.0 -999.0 27021603155931908 813397025 "" ops_sky_boss_good ops_sky sky_boss 0 0 0.0 0.0 -999 ""
FIBERMAP 1251 R+6C7 METROLOGY 0 0 0 1 0 0 -73.08186606939655 107.54570778870571 143.1 -2.854723017113584 129.9803798378926 20.84548 61.82535 -999.0 -999.0 -999.0 -999.0 -999.0 270.94208547217687 34.75269349702984 270.8317527908049 34.75448233640429 43.77888025950245 71.2052861211273 -999.0 6231.0 -999.0 -1 -999 {-999.0 -999.0 -999.0 -999.0 -999.0} "" -999.0 -999.0 -999.0 -999.0 -999 -999 "" "" "" "" 0 0 0.0 0.0 -999 ""
FIBERMAP 1252 R+13C7 APOGEE 1 1 0 1 0 0 -17.11977842921661 239.1546749811524 143.1 115.66013522129114 209.993362088312 253.7156 109.68604 271.5997319009788 35.109344889107255 1.9714724 -12.298126 0.5128856 271.5997382365398 35.10931487734596 271.4879444407143 35.11274642678684 43.34597566876749 70.54295139317651 16000.0 16600.0 2016.0 2 46 {-999.0 12.818166 11.937231 11.630995 -999.0} sdss_psfmag_from_g3xp 12.550027 11.982839 11.276608 9.822 63050395770986902 1104217575 bright_1x1 mwm_tess_rgb_apogee mwm_tessrgb science 0 0 0.0 0.0 -999 ""
FIBERMAP 1252 R+13C7 BOSS 0 0 0 1 0 0 -17.85549020542505 239.0774651363449 143.1 115.0007879463828 210.3285712908224 253.7156 109.68604 -999.0 -999.0 -999.0 -999.0 -999.0 271.5963783489526 35.11083498861244 271.48432383216664 35.11431034026922 43.3492311593011 70.54186920475132 -999.0 5400.0 -999.0 1 167 {-999.0 -999.0 -999.0 -999.0 -999.0} "" -999.0 -999.0 -999.0 -999.0 -999 -999 "" "" "" "" 0 0 0.0 0.0 -999 ""
FIBERMAP 1252 R+13C7 METROLOGY 0 0 0 1 0 0 -17.55308517460036 239.76015786013886 143.1 115.62572320341808 210.73703489480832 253.7156 109.68604 -999.0 -999.0 -999.0 -999.0 -999.0 271.5997622262552 35.112634692625505 271.48777195967216 35.11610363204457 43.3469385873055 70.53852459226647 -999.0 6231.0 -999.0 -1 -999 {-999.0 -999.0 -999.0 -999.0 -999.0} "" -999.0 -999.0 -999.0 -999.0 -999 -999 "" "" "" "" 0 0 0.0 0.0 -999 ""
FIBERMAP 1254 R+2C6 APOGEE 0 0 0 1 0 0 -139.43669430182953 45.17517371427843 143.1 -92.44632422395071 113.71893155923959 60.85649 70.133385 -999.0 -999.0 -999.0 -999.0 -999.0 270.4461529463792 34.67875460313263 270.33648829670403 34.67919338637591 44.15485466907682 71.44609058415023 -999.0 16600.0 -999.0 2 -999 {-999.0 -999.0 -999.0 -999.0 -999.0} "" -999.0 -999.0 -999.0 -999.0 -999 -999 "" "" "" "" 0 0 0.0 0.0 -999 ""
FIBERMAP 1254 R+2C6 BOSS 1 1 0 1 0 0 -138.95406647317014 44.642816121324344 143.1 -92.33076713444864 113.00980608434124 60.85649 70.133385 270.4470236687861 34.675518093132744 -7.5554905 -5.9027357 0.37131673 270.4469939429992 34.67553197714156 270.3370935594145 34.676025399324466 44.15359422188031 71.45020053687858 5400.0 5400.0 2016.0 1 48 {-999.0 14.355279 13.793344 13.560139 -999.0} sdss_psfmag_from_g3xp 14.223669 13.806605 13.217808 12.037 63050395770811943 1061885723 bright_1x1 manual_mwm_halo_mp_wise_boss_single mwm_halo science 0 0 0.0 0.0 -999 ""
FIBERMAP 1254 R+2C6 METROLOGY 0 0 0 1 0 0 -139.67301817832595 44.46749228460155 143.1 -93.02939391734735 113.25357110896721 60.85649 70.133385 -999.0 -999.0 -999.0 -999.0 -999.0 270.4430749019098 34.67663198597998 270.333242154246 34.677100004917136 44.15692843248155 71.44983269941639 -999.0 6231.0 -999.0 -1 -999 {-999.0 -999.0 -999.0 -999.0 -999.0} "" -999.0 -999.0 -999.0 -999.0 -999 -999 "" "" "" "" 0 0 0.0 0.0 -999 ""
FIBERMAP 1256 R-7C15 APOGEE 0 0 0 1 1 0 102.64695259844325 -146.4829927782875 143.1 6.494293581949339 -178.7286718539196 259.3135 136.8356 -999.0 -999.0 -999.0 -999.0 -999.0 270.9877316488696 33.34934588495449 270.88286447000246 33.3515563057985 43.37524270343645 73.06092233125258 -999.0 16600.0 -999.0 2 -999 {-999.0 -999.0 -999.0 -999.0 -999.0} "" -999.0 -999.0 -999.0 -999.0 -999 -999 "" "" "" "" 0 0 0.0 0.0 -999 ""
FIBERMAP 1256 R-7C15 BOSS 1 0 0 1 1 0 101.94163674253167 -146.93779982050464 143.1 5.655156903979234 -178.72684750584634 259.3135 136.8356 270.9928680803648 33.4733808173979 -0.9891345 -0.5012899 -0.02058102 270.98341846839924 33.34925265115193 270.87830443395796 33.351509701073695 43.37889825027695 73.06239647764892 5400.0 5400.0 2016.0 1 317 {-999.0 16.864765 15.885351 15.421489 -999.0} sdss_psfmag_ps1 16.513147 15.837155 15.032784 13.274 63050395770719317 1061186511 bright_1x1 manual_mwm_halo_distant_kgiant_far_boss_single mwm_halo science 0 0 0.0 0.0 -999 ""
FIBERMAP 1256 R-7C15 METROLOGY 0 0 0 1 1 0 101.95965258018582 -146.19268145330147 143.1 6.075388556347377 -178.11138003025692 259.3135 136.8356 -999.0 -999.0 -999.0 -999.0 -999.0 270.9856454174928 33.35205150281904 270.8805906242444 33.35429736483205 43.37781048967066 73.05799497790895 -999.0 6231.0 -999.0 -1 -999 {-999.0 -999.0 -999.0 -999.0 -999.0} "" -999.0 -999.0 -999.0 -999.0 -999 -999 "" "" "" "" 0 0 0.0 0.0 -999 ""
FIBERMAP 1260 R+1C4 APOGEE 0 0 0 1 0 0 -203.2655530452218 22.25385548042288 143.1 -158.47010787805203 129.18775859080935 350.14288 140.54187 -999.0 -999.0 -999.0 -999.0 -999.0 270.08233725855655 34.7468313340114 269.9725637043157 34.74627948801572 44.46133528141936 71.45711180175238 -999.0 16600.0 -999.0 2 -999 {-999.0 -999.0 -999.0 -999.0 -999.0} "" -999.0 -999.0 -999.0 -999.0 -999 -999 "" "" "" "" 0 0 0.0 0.0 -999 ""
FIBERMAP 1260 R+1C4 BOSS 1 1 0 1 0 0 -202.76114140364223 21.707321585820075 143.1 -158.34397852608333 128.45489348889117 350.14288 140.54187 270.0833548829121 34.74359855347331 -36.14556 -35.455692 1.0835037 270.0832347802729 34.74350182238215 269.9732281103355 34.743003536279666 44.460012199621524 71.46137980172409 5400.0 5400.0 2016.0 1 62 {-999.0 18.227774 17.12112 16.819218 -999.0} sdss_psfmag_ps1 17.87454 17.201881 16.42502 14.741 63050395770829902 1072940855 bright_1x1 mwm_halo_local_high_boss_single mwm_halo science 0 0 0.0 0.0 -999 ""
FIBERMAP 1260 R+1C4 METROLOGY 0 0 0 1 0 0 -203.48984661030616 21.542269661864413 143.1 -159.04520517214635 128.71258102572372 350.14288 140.54187 -999.0 -999.0 -999.0 -999.0 -999.0 270.07931985709166 34.74464495713734 269.9693800498799 34.74412163455845 44.4633508504695 71.46093285547192 -999.0 6231.0 -999.0 -1 -999 {-999.0 -999.0 -999.0 -999.0 -999.0} "" -999.0 -999.0 -999.0 -999.0 -999 -999 "" "" "" "" 0 0 0.0 0.0 -999 ""
FIBERMAP 1265 R+5C6 APOGEE 0 0 0 1 0 0 -136.81578529764278 88.97341229215347 143.1 -66.43431645537316 149.0470507936045 229.10408 93.03405 -999.0 -999.0 -999.0 -999.0 -999.0 270.59010521699014 34.83918523606161 270.47976342991046 34.83997181317448 44.080069715321336 71.1888250386574 -999.0 16600.0 -999.0 2 -999 {-999.0 -999.0 -999.0 -999.0 -999.0} "" -999.0 -999.0 -999.0 -999.0 -999 -999 "" "" "" "" 0 0 0.0 0.0 -999 ""
FIBERMAP 1265 R+5C6 BOSS 1 1 0 1 0 0 -137.42510653266876 89.37344041973489 143.1 -66.72813397897154 149.7140146269154 229.10408 93.03405 270.58871217441276 34.84222933905119 3.559596 -6.827371 0.8064705 270.5887053484481 34.84220013017532 270.47810351671876 34.8430336186805 44.082137582350335 71.18515394265432 5400.0 5400.0 2016.0 1 50 {-999.0 14.803653 14.4084425 14.279276 -999.0} sdss_psfmag_from_g3xp 14.7354765 14.42359 13.946125 13.044 63050395770831530 979157214 "" ops_std_boss ops_std standard_boss 0 0 0.0 0.0 -999 ""
FIBERMAP 1265 R+5C6 METROLOGY 0 0 0 1 0 0 -136.77354494291558 89.71831344864628 143.1 -65.99387501073659 149.64916535901696 229.10408 93.03405 -999.0 -999.0 -999.0 -999.0 -999.0 270.59270308158693 34.84191931902664 270.4821712256552 34.842749038642566 44.07883050482076 71.18440491920535 -999.0 6231.0 -999.0 -1 -999 {-999.0 -999.0 -999.0 -999.0 -999.0} "" -999.0 -999.0 -999.0 -999.0 -999 -999 "" "" "" "" 0 0 0.0 0.0 -999 ""
FIBERMAP 1266 R-1C23 APOGEE 0 0 0 1 0 0 213.84900855685137 -39.37998154451265 143.1 158.03985259021562 -149.3131891830135 323.45383 56.6542 -999.0 -999.0 -999.0 -999.0 -999.0 271.8124175286064 33.47882327800642 271.7067408488233 33.48322054920739 42.74894242407109 72.63249283560555 -999.0 16600.0 -999.0 2 -999 {-999.0 -999.0 -999.0 -999.0 -999.0} "" -999.0 -999.0 -999.0 -999.0 -999 -999 "" "" "" "" 0 0 0.0 0.0 -999 ""
FIBERMAP 1266 R-1C23 BOSS 1 1 0 1 0 0 213.14970291040177 -39.6556514360341 143.1 157.30315451076768 -149.16431044512368 323.45383 56.6542 271.8087214567174 33.4794351770963 -0.92430615 -0.45912027 0.08445368 271.8087366207826 33.479426476672835 271.70280449035045 33.48387377047402 42.75227935494011 72.63285395507239 5400.0 5400.0 2016.0 1 312 {-999.0 17.865993 17.057983 16.710943 -999.0} sdss_psfmag_ps1 17.621462 17.088024 16.388338 15.094 63050395770714563 1061186509 bright_1x1 manual_mwm_halo_distant_kgiant_far_boss_single mwm_halo science 0 0 0.0 0.0 -999 ""
FIBERMAP 1266 R-1C23 METROLOGY 0 0 0 1 0 0 213.2704447762374 -38.90889139149154 143.1 157.8104807827549 -148.603316525435 323.45383 56.6542 -999.0 -999.0 -999.0 -999.0 -999.0 271.81145155204047 33.481966952551964 271.705581048122 33.48640390888664 42.750739749674494 72.6286800281502 -999.0 6231.0 -999.0 -1 -999 {-999.0 -999.0 -999.0 -999.0 -999.0} "" -999.0 -999.0 -999.0 -999.0 -999 -999 "" "" "" "" 0 0 0.0 0.0 -999 ""
FIBERMAP 1270 R+5C12 APOGEE 1 1 0 1 0 0 11.033457067510279 88.24697279906087 143.1 57.23771003387184 68.05323986876304 222.13792 155.82382 271.27281589300827 34.46990410909861 -3.138962 8.954172 2.355681 271.27280468186865 34.46992890415221 271.16360294439244 34.472635393907865 43.443825325195654 71.4875505040402 16000.0 16600.0 2016.0 2 8 {-999.0 8.642508 8.844214 8.995138 -999.0} sdss_psfmag_from_g3xp 8.765417 8.7458315 8.66432 8.491 63050395770982195 1076230609 bright_1x1 mwm_snc_ext_main_apogee mwm_snc science 0 0 0.0 0.0 -999 ""
FIBERMAP 1270 R+5C12 BOSS 0 0 0 1 0 0 10.322742035746469 88.03219614156122 143.1 56.52454489375729 68.25942004674724 222.13792 155.82382 -999.0 -999.0 -999.0 -999.0 -999.0 271.2691616078043 34.47086872894259 271.15970497928424 34.47361990872873 43.44718344530895 71.4873628528295 -999.0 5400.0 -999.0 1 116 {-999.0 -999.0 -999.0 -999.0 -999.0} "" -999.0 -999.0 -999.0 -999.0 -999 -999 "" "" "" "" 0 0 0.0 0.0 -999 ""
FIBERMAP 1270 R+5C12 METROLOGY 0 0 0 1 0 0 10.488471501790116 88.75091709170734 143.1 57.054377707176734 68.77242576537317 222.13792 155.82382 -999.0 -999.0 -999.0 -999.0 -999.0 271.27202428811165 34.4731948361795 271.1626292426257 34.47593764517805 43.445440240548486 71.48343200662845 -999.0 6231.0 -999.0 -1 -999 {-999.0 -999.0 -999.0 -999.0 -999.0} "" -999.0 -999.0 -999.0 -999.0 -999 -999 "" "" "" "" 0 0 0.0 0.0 -999 ""
FIBERMAP 1271 R-4C14 APOGEE 0 0 0 1 0 0 59.73151458048543 -86.89971588744942 143.1 2.876868255648869 -105.39693571187479 2.3353615 79.55782 -999.0 -999.0 -999.0 -999.0 -999.0 270.9693881113848 33.68154832720059 270.8632898110542 33.68362928802095 43.47960977882649 72.6262642540097 -999.0 16600.0 -999.0 2 -999 {-999.0 -999.0 -999.0 -999.0 -999.0} "" -999.0 -999.0 -999.0 -999.0 -999 -999 "" "" "" "" 0 0 0.0 0.0 -999 ""
FIBERMAP 1271 R-4C14 BOSS 1 1 0 1 0 0 59.63273285896389 -87.6327975244388 143.1 2.3954065534533298 -105.95839098225522 2.3353615 79.55782 270.96700291829217 33.67909633532243 -6.4274383 -67.80175 2.1428053 270.9669944229562 33.67889728579545 270.8606576363537 33.68102933597411 43.48103491772383 72.630517835511 5400.0 5400.0 2016.0 1 324 {-999.0 20.07447 18.634296 17.695093 -999.0} sdss_psfmag_ps1 19.49794 18.303766 17.218925 15.344 63050395770720533 1072824115 bright_1x1 mwm_halo_local_high_boss_single mwm_halo science 0 0 0.0 0.0 -999 ""
FIBERMAP 1271 R-4C14 METROLOGY 0 0 0 1 0 0 59.04084524783647 -87.18191768306745 143.1 2.143865963680061 -105.25823367150106 2.3353615 79.55782 -999.0 -999.0 -999.0 -999.0 -999.0 270.965559848341 33.68210735357166 270.85928230130037 33.68421864571787 43.48298165273022 72.6266955864744 -999.0 6231.0 -999.0 -1 -999 {-999.0 -999.0 -999.0 -999.0 -999.0} "" -999.0 -999.0 -999.0 -999.0 -999 -999 "" "" "" "" 0 0 0.0 0.0 -999 ""
FIBERMAP 1272 R+1C9 APOGEE 0 0 0 1 0 0 -108.06602144556676 2.6145138894298867 143.1 -89.26159886052476 60.948421815160835 282.32413 76.64592 -999.0 -999.0 -999.0 -999.0 -999.0 270.4638054981751 34.43907634092806 270.3550511717974 34.43961932885351 44.08074883222353 71.76414872170335 -999.0 16600.0 -999.0 2 147 {-999.0 -999.0 -999.0 -999.0 -999.0} "" -999.0 -999.0 -999.0 -999.0 -999 -999 "" ops_sky_apogee_best_unassigned ops_sky sky_apogee 0 0 0.0 0.0 -999 ""
FIBERMAP 1272 R+1C9 BOSS 1 1 0 1 0 0 -108.81644528513365 2.628641774941439 143.1 -89.88363224036894 61.368275445794566 282.32413 76.64592 270.46094270352535 34.44096178219219 -105.93629 -3.8168347 1.0778404 270.4605714290979 34.44095413274234 270.351563866163 34.441540555147704 44.084013169782445 71.76255737592555 5400.0 5400.0 2016.0 1 45 {-999.0 16.602356 16.03958 15.8536415 -999.0} sdss_psfmag_ps1 16.445547 16.053669 15.48331 14.41 63050395770808882 1072940833 bright_1x1 mwm_halo_local_high_boss_single mwm_halo science 0 0 0.0 0.0 -999 ""
FIBERMAP 1272 R+1C9 METROLOGY 0 0 0 1 0 0 -108.4303206839377 3.27644412450843 143.1 -89.20741366984372 61.70194342730848 282.32413 76.64592 -999.0 -999.0 -999.0 -999.0 -999.0 270.4642370792819 34.44248963606474 270.3552922268293 34.443070630994505 44.08141717943981 71.75942710495337 -999.0 6231.0 -999.0 -1 -999 {-999.0 -999.0 -999.0 -999.0 -999.0} "" -999.0 -999.0 -999.0 -999.0 -999 -999 "" "" "" "" 0 0 0.0 0.0 -999 ""
FIBERMAP 1276 R-2C3 APOGEE 1 1 0 1 0 0 -206.57323837268441 -27.60951066693813 143.1 -188.35597271668178 89.14351029571358 93.883865 41.185146 269.9190591925458 34.56420043549874 -6.91689 -0.38076505 0.71465594 269.91900645088396 34.564217350877634 269.8100032393686 34.5632713593226 44.54655093956121 71.75159731766087 16000.0 16600.0 2016.0 2 257 {-999.0 11.689629 10.49194 9.994033 -999.0} sdss_psfmag_from_g3xp 11.244288 10.472856 9.621885 7.712 63050395770828981 1152450565 bright_1x1 mwm_galactic_core_dist_apogee_sparse mwm_galactic science 0 0 0.0 0.0 -999 ""
FIBERMAP 1276 R-2C3 BOSS 0 0 0 1 0 0 -206.02745552860466 -28.11387887143382 143.1 -188.17220183449245 88.42353520286369 93.883865 41.185146 -999.0 -999.0 -999.0 -999.0 -999.0 269.9202181827768 34.56093312571745 269.8109828711347 34.560041775296575 44.544980207592886 71.75571542543867 -999.0 5400.0 -999.0 1 475 {-999.0 -999.0 -999.0 -999.0 -999.0} "" -999.0 -999.0 -999.0 -999.0 -999 -999 "" "" "" "" 0 0 0.0 0.0 -999 ""
FIBERMAP 1276 R-2C3 METROLOGY 0 0 0 1 0 0 -206.7511389052156 -28.334951752723676 143.1 -188.89967249598382 88.63148270014771 93.883865 41.185146 -999.0 -999.0 -999.0 -999.0 -999.0 269.91617671119997 34.56185122538449 269.80700881917164 34.56093448458426 44.54837186165949 71.75562178526775 -999.0 6231.0 -999.0 -1 -999 {-999.0 -999.0 -999.0 -999.0 -999.0} "" -999.0 -999.0 -999.0 -999.0 -999 -999 "" "" "" "" 0 0 0.0 0.0 -999 ""
FIBERMAP 1281 R+5C7 APOGEE 0 0 0 1 0 0 -105.44217292700186 105.90989116428347 143.1 -30.89909766305224 146.20168228435688 88.62113 141.79617 -999.0 -999.0 -999.0 -999.0 -999.0 270.78682041405784 34.826434077137534 270.6764469229904 34.82775111105617 43.92054466830429 71.15039962631693 -999.0 16600.0 -999.0 2 108 {-999.0 -999.0 -999.0 -999.0 -999.0} "" -999.0 -999.0 -999.0 -999.0 -999 -999 "" ops_sky_apogee_best_unassigned ops_sky sky_apogee 0 0 0.0 0.0 -999 ""
FIBERMAP 1281 R+5C7 BOSS 1 1 0 1 0 0 -104.96106987271405 106.46950387614768 143.1 -30.191126242557367 146.40970747419792 88.62113 141.79617 270.791015625 34.827383560400065 -999.0 -999.0 -999.0 270.7909807159591 34.8273771786162 270.68035160395766 34.828757141136705 43.9176842250305 71.14795396594877 5400.0 5400.0 2015.5 1 54 {-999.0 -999.0 -999.0 -999.0 -999.0} "" -999.0 -999.0 -999.0 -999.0 27021603155905003 821149241 "" ops_sky_boss_good ops_sky sky_boss 0 0 0.0 0.0 -999 ""
FIBERMAP 1281 R+5C7 METROLOGY 0 0 0 1 0 0 -104.71039656957846 105.76808238645216 143.1 -30.362131111846036 145.68482430166407 88.62113 141.79617 -999.0 -999.0 -999.0 -999.0 -999.0 270.78995570266574 34.82409965940196 270.6794105832115 34.82546292383975 43.91762477606644 71.15265044701272 -999.0 6231.0 -999.0 -1 -999 {-999.0 -999.0 -999.0 -999.0 -999.0} "" -999.0 -999.0 -999.0 -999.0 -999 -999 "" "" "" "" 0 0 0.0 0.0 -999 ""
FIBERMAP 1285 R+9C4 APOGEE 0 0 0 1 0 0 -116.41283672240155 178.47872838543924 143.1 -0.6500931825562644 213.0621202657715 327.77072 163.27002 -999.0 -999.0 -999.0 -999.0 -999.0 270.9555610113637 35.12785099213358 270.8439520650272 35.129548997486914 43.86091313286455 70.69785295867126 -999.0 16600.0 -999.0 2 -999 {-999.0 -999.0 -999.0 -999.0 -999.0} "" -999.0 -999.0 -999.0 -999.0 -999 -999 "" "" "" "" 0 0 0.0 0.0 -999 ""
FIBERMAP 1285 R+9C4 BOSS 1 1 0 1 0 0 -115.91044738090187 177.9243645599429 143.1 -0.5299178927638296 212.32378422004905 327.77072 163.27002 270.9565028811584 35.12456629291124 -9.777295 -14.432481 2.580195 270.95646665328644 35.1245246600103 270.84461832576187 35.12627721213657 43.859593648679045 70.70207344073663 5400.0 5400.0 2016.0 1 15 {-999.0 20.105536 18.67994 17.395647 -999.0} sdss_psfmag_ps1 19.443636 18.343975 16.8345 14.579 63050395770991211 1094481446 bright_1x1 mwm_bin_vis_boss mwm_filler science 0 0 0.0 0.0 -999 ""
FIBERMAP 1285 R+9C4 METROLOGY 0 0 0 1 0 0 -116.63690957436472 177.76707303519945 143.1 -1.2250430700022574 212.5867643538894 327.77072 163.27002 -999.0 -999.0 -999.0 -999.0 -999.0 270.9525436935362 35.12572194694959 270.84076371846163 35.127449135957576 43.862936031906806 70.70155300822205 -999.0 6231.0 -999.0 -1 -999 {-999.0 -999.0 -999.0 -999.0 -999.0} "" -999.0 -999.0 -999.0 -999.0 -999 -999 "" "" "" "" 0 0 0.0 0.0 -999 ""
FIBERMAP 1287 R+12C7 APOGEE 0 0 0 1 0 0 -3.6672121406520297 239.83161375489837 143.1 127.31683704560483 203.24738005991657 73.95423 51.019115 -999.0 -999.0 -999.0 -999.0 -999.0 271.6639159932909 35.078225669363064 271.55221777960537 35.08183707513624 43.28739114702236 70.56630178822331 -999.0 16600.0 -999.0 2 -999 {-999.0 -999.0 -999.0 -999.0 -999.0} "" -999.0 -999.0 -999.0 -999.0 -999 -999 "" "" "" "" 0 0 0.0 0.0 -999 ""
FIBERMAP 1287 R+12C7 BOSS 1 1 0 1 0 0 -3.2255117825760564 239.23119410550987 143.1 127.36104535306293 202.5033925111732 73.95423 51.019115 271.6644287109375 35.07484485457494 -999.0 -999.0 -999.0 271.6644173987843 35.074852749917 271.55247556156235 35.078519834579915 43.28636724951419 70.57064604318202 5400.0 5400.0 2015.5 1 155 {-999.0 -999.0 -999.0 -999.0 -999.0} "" -999.0 -999.0 -999.0 -999.0 27021603155931749 821151062 "" ops_sky_boss_good ops_sky sky_boss 0 0 0.0 0.0 -999 ""
FIBERMAP 1287 R+12C7 METROLOGY 0 0 0 1 0 0 -3.9662688860290807 239.14807367300392 143.1 126.69425078577531 202.83638496857506 73.95423 51.019115 -999.0 -999.0 -999.0 -999.0 -999.0 271.6606698902612 35.0764053454452 271.5487962024192 35.080046809520624 43.289662178332165 70.56963520780874 -999.0 6231.0 -999.0 -1 -999 {-999.0 -999.0 -999.0 -999.0 -999.0} "" -999.0 -999.0 -999.0 -999.0 -999 -999 "" "" "" "" 0 0 0.0 0.0 -999 ""
FIBERMAP 1289 R-2C15 APOGEE 1 1 0 1 0 0 59.89927592360387 -41.72649627663678 143.1 27.57789296672869 -67.58125473686279 7.2554336 98.964424 271.1054274027141 33.85304386094054 34.8095 -2.4436433 5.5747876 271.1055550667888 33.85305631000501 270.99875821661044 33.85546176604307 43.416234102483315 72.35708188252323 16000.0 16600.0 2016.0 2 219 {-999.0 10.8713665 10.522154 10.428016 -999.0} sdss_psfmag_from_g3xp 10.819941 10.540684 10.101775 9.403 63050395770723703 1103650296 bright_1x1 mwm_tess_2min_apogee mwm_planet science 0 0 0.0 0.0 -999 ""
FIBERMAP 1289 R-2C15 BOSS 0 0 0 1 0 0 60.106192033685055 -42.43241347304303 143.1 27.367725185283614 -68.286120091733 7.2554336 98.964424 -999.0 -999.0 -999.0 -999.0 -999.0 271.1046511573736 33.84975967966323 270.9976164911493 33.852220115743116 43.41629810042954 72.3617307788549 -999.0 5400.0 -999.0 1 273 {-999.0 -999.0 -999.0 -999.0 -999.0} "" -999.0 -999.0 -999.0 -999.0 -999 -999 "" "" "" "" 0 0 0.0 0.0 -999 ""
FIBERMAP 1289 R-2C15 METROLOGY 0 0 0 1 0 0 59.3756350854483 -42.273254293042555 143.1 26.84121514361411 -67.75536558317246 7.2554336 98.964424 -999.0 -999.0 -999.0 -999.0 -999.0 271.10170360822127 33.85220841053285 270.9947319444085 33.854644281080255 43.41924593265158 72.35937607212043 -999.0 6231.0 -999.0 -1 -999 {-999.0 -999.0 -999.0 -999.0 -999.0} "" -999.0 -999.0 -999.0 -999.0 -999 -999 "" "" "" "" 0 0 0.0 0.0 -999 ""
FIBERMAP 1296 R-5C7 APOGEE 1 1 0 1 0 0 -119.0688732818938 -98.3757265317918 143.1 -153.40201970552778 -17.814909912354892 220.6351 74.79349 270.11306821477854 34.0795213756864 -20.694937 83.73406 4.9212074 270.11297986284796 34.07972481682088 270.0057378418293 34.07941296841945 44.26969299983633 72.35140811164388 16000.0 16600.0 2016.0 2 262 {-999.0 11.064619 10.645786 10.518357 -999.0} sdss_psfmag_from_g3xp 10.989533 10.673392 10.188043 9.171 63050395770797444 1103501488 bright_1x1 mwm_tess_2min_apogee mwm_planet science 0 0 0.0 0.0 -999 ""
FIBERMAP 1296 R-5C7 BOSS 0 0 0 1 0 0 -119.38779268016414 -97.70121999435185 143.1 -153.3029166234089 -17.075507542392405 220.6351 74.79349 -999.0 -999.0 -999.0 -999.0 -999.0 270.1136741490442 34.08302772354606 270.0061748110851 34.08276991356933 44.2701922465587 72.34674469155107 -999.0 5400.0 -999.0 1 464 {-999.0 -999.0 -999.0 -999.0 -999.0} "" -999.0 -999.0 -999.0 -999.0 -999 -999 "" "" "" "" 0 0 0.0 0.0 -999 ""
FIBERMAP 1296 R-5C7 METROLOGY 0 0 0 1 0 0 -118.65094602239985 -97.76066805964818 143.1 -152.71691662017486 -17.526009600940814 220.6351 74.79349 -999.0 -999.0 -999.0 -999.0 -999.0 270.11683432353766 34.08100795606151 270.00941057510227 34.080744095518774 44.26708688680847 72.3485347221 -999.0 6231.0 -999.0 -1 -999 {-999.0 -999.0 -999.0 -999.0 -999.0} "" -999.0 -999.0 -999.0 -999.0 -999 -999 "" "" "" "" 0 0 0.0 0.0 -999 ""
FIBERMAP 1300 R+11C12 APOGEE 1 1 0 1 0 0 91.27134934698776 204.02245163123357 143.1 187.51497706649204 121.58110266919924 345.68494 93.39853 271.9919630744053 34.70553304639948 1.6307155 -18.945309 0.76566213 271.9919756027107 34.70548432333806 271.8815895906041 34.71006724599726 42.932601084591816 70.9664032741523 16000.0 16600.0 2016.0 2 11 {-999.0 13.203458 12.212907 11.877907 -999.0} sdss_psfmag_from_g3xp 12.874071 12.26125 11.520208 10.001 63050395770891980 1103934774 bright_1x1 mwm_tess_rgb_apogee mwm_tessrgb science 0 0 0.0 0.0 -999 ""
FIBERMAP 1300 R+11C12 BOSS 0 0 0 1 0 0 91.17141561865607 203.27974919300883 143.1 187.0273179254346 121.01220048458244 345.68494 93.39853 -999.0 -999.0 -999.0 -999.0 -999.0 271.98957818366904 34.702917806547575 271.8789449741421 34.707550790163324 42.93406208476879 70.97048356946271 -999.0 5400.0 -999.0 1 142 {-999.0 -999.0 -999.0 -999.0 -999.0} "" -999.0 -999.0 -999.0 -999.0 -999 -999 "" "" "" "" 0 0 0.0 0.0 -999 ""
FIBERMAP 1300 R+11C12 METROLOGY 0 0 0 1 0 0 90.58128678621699 203.74108384722877 143.1 186.78293738840148 121.72017467034797 345.68494 93.39853 -999.0 -999.0 -999.0 -999.0 -999.0 271.98819162448007 34.706149471905626 271.87761964246306 34.710762095708866 42.935933876930235 70.96662126481351 -999.0 6231.0 -999.0 -1 -999 {-999.0 -999.0 -999.0 -999.0 -999.0} "" -999.0 -999.0 -999.0 -999.0 -999 -999 "" "" "" "" 0 0 0.0 0.0 -999 ""
FIBERMAP 1301 R+2C23 APOGEE 1 1 0 1 0 0 233.65540728141104 55.8270507487717 143.1 226.4234526162002 -80.18921336421049 109.160385 57.3392 272.1886130476429 33.78854972951013 -1.5772886 -8.874268 0.6549077 272.18859413110016 33.78854137987119 272.0816143933698 33.79387612284757 42.53271191838594 72.11100738797336 16000.0 16600.0 2016.0 2 82 {-999.0 11.974599 11.060238 10.73335 -999.0} sdss_psfmag_from_g3xp 11.686256 11.101138 10.3773985 8.853 63050395770878438 1109664175 bright_1x1 mwm_tess_rgb_apogee mwm_tessrgb science 0 0 0.0 0.0 -999 ""
FIBERMAP 1301 R+2C23 BOSS 0 0 0 1 0 0 234.37984740782557 55.66908139906323 143.1 226.94547665546804 -80.71564377469664 109.160385 57.3392 -999.0 -999.0 -999.0 -999.0 -999.0 272.1916432749769 33.78606324338742 272.08441394759654 33.79146682840451 42.5298215533721 72.11330371716508 -999.0 5400.0 -999.0 1 225 {-999.0 -999.0 -999.0 -999.0 -999.0} "" -999.0 -999.0 -999.0 -999.0 -999 -999 "" "" "" "" 0 0 0.0 0.0 -999 ""
FIBERMAP 1301 R+2C23 METROLOGY 0 0 0 1 0 0 233.86074826533388 55.11543938737891 143.1 226.2088672119867 -80.89800056933278 109.160385 57.3392 -999.0 -999.0 -999.0 -999.0 -999.0 272.1875733153656 33.78529507618366 272.0804214831717 33.790670868876 42.532801716568805 72.115558762457 -999.0 6231.0 -999.0 -1 -999 {-999.0 -999.0 -999.0 -999.0 -999.0} "" -999.0 -999.0 -999.0 -999.0 -999 -999 "" "" "" "" 0 0 0.0 0.0 -999 ""
FIBERMAP 1302 R-9C18 APOGEE 1 1 0 1 0 0 209.2836481496087 -163.74615694241226 143.1 86.59214903653888 -251.19232764283626 103.93822 22.46321 271.41847841671967 33.02282250987561 3.7211797 3.057954 0.8034639 271.4184820008633 33.0228151491957 271.3146491874011 33.026263267106465 42.93877041352727 73.35454878705923 16000.0 16600.0 2016.0 2 187 {-999.0 11.973943 11.055893 10.738154 -999.0} sdss_psfmag_from_g3xp 11.682295 11.103032 10.384306 8.873 63050395770709473 1105338648 bright_1x1 mwm_tess_rgb_apogee mwm_tessrgb science 0 0 0.0 0.0 -999 ""
FIBERMAP 1302 R-9C18 BOSS 0 0 0 1 0 0 209.73735448051892 -164.34517701129764 143.1 86.64719303725653 -251.9416682731949 103.93822 22.46321 -999.0 -999.0 -999.0 -999.0 -999.0 271.4189825416602 33.0194044997938 271.3149107733466 33.022915523320385 42.93763269288976 73.35885990072006 -999.0 5400.0 -999.0 1 330 {-999.0 -999.0 -999.0 -999.0 -999.0} "" -999.0 -999.0 -999.0 -999.0 -999 -999 "" "" "" "" 0 0 0.0 0.0 -999 ""
FIBERMAP 1302 R-9C18 METROLOGY 0 0 0 1 0 0 208.99655619545064 -164.44417829661208 143.1 85.97172964443335 -251.62197976743326 103.93822 22.46321 -999.0 -999.0 -999.0 -999.0 -999.0 271.41529270620646 33.02085909708366 271.3112882862579 33.024342614844684 42.940946353220276 73.35813555843191 -999.0 6231.0 -999.0 -1 -999 {-999.0 -999.0 -999.0 -999.0 -999.0} "" -999.0 -999.0 -999.0 -999.0 -999 -999 "" "" "" "" 0 0 0.0 0.0 -999 ""
FIBERMAP 1303 R-7C11 APOGEE 0 0 0 1 0 0 7.51053985211248 -123.48047125301254 143.1 -60.832720703705256 -107.70145583767305 104.87286 118.68965 -999.0 -999.0 -999.0 -999.0 -999.0 270.6209668246191 33.671738279543646 270.5150477645973 33.67288605282792 43.756341934439796 72.74601335656632 -999.0 16600.0 -999.0 2 151 {-999.0 -999.0 -999.0 -999.0 -999.0} "" -999.0 -999.0 -999.0 -999.0 -999 -999 "" ops_sky_apogee_best_unassigned ops_sky sky_apogee 0 0 0.0 0.0 -999 ""
FIBERMAP 1303 R-7C11 BOSS 1 1 0 1 0 0 8.047430895539597 -122.96015220406095 143.1 -60.09929864859589 -107.55673513467943 104.87286 118.68965 270.6252301319868 33.67233348818615 -11.156822 -12.915608 0.32528865 270.6251886026208 33.67228700892974 270.51901861142244 33.67350192622886 43.753314844294856 72.7439897966396 5400.0 5400.0 2016.0 1 377 {-999.0 16.942078 16.519001 16.363556 -999.0} sdss_psfmag_ps1 16.84621 16.53732 16.045202 15.167 63050395770798488 980956898 "" ops_std_boss_tic ops_std standard_boss 0 0 0.0 0.0 -999 ""
FIBERMAP 1303 R-7C11 METROLOGY 0 0 0 1 0 0 8.228525193273084 -123.67464119304638 143.1 -60.33579508224853 -108.25475439525007 104.87286 118.68965 -999.0 -999.0 -999.0 -999.0 -999.0 270.62383728407127 33.66914424057137 270.5177496594372 33.670340436906734 43.75350399189524 72.74859692729046 -999.0 6231.0 -999.0 -1 -999 {-999.0 -999.0 -999.0 -999.0 -999.0} "" -999.0 -999.0 -999.0 -999.0 -999 -999 "" "" "" "" 0 0 0.0 0.0 -999 ""
FIBERMAP 1304 R+7C15 APOGEE 0 0 0 1 0 0 97.49322805290791 150.30990654246787 143.1 163.53303844382907 73.12570121255885 116.88525 103.815506 -999.0 -999.0 -999.0 -999.0 -999.0 271.8581495445611 34.48779231936093 271.74864931049115 34.49206782500026 42.98256072890614 71.29262883639313 -999.0 16600.0 -999.0 2 -999 {-999.0 -999.0 -999.0 -999.0 -999.0} "" -999.0 -999.0 -999.0 -999.0 -999 -999 "" "" "" "" 0 0 0.0 0.0 -999 ""
FIBERMAP 1304 R+7C15 BOSS 1 1 0 1 0 0 98.03874427492671 150.77963326033947 143.1 164.2461917085142 73.22327817553821 116.88525 103.815506 271.8624908748961 34.488133660775375 -17.015331 5.1705675 0.5419171 271.86238205216904 34.48815288389599 271.75262206880996 34.49249602999086 42.97950679067986 71.29091162196005 5400.0 5400.0 2016.0 1 187 {-999.0 17.17861 16.67318 16.51411 -999.0} sdss_psfmag_ps1 17.037416 16.762386 15.964943 -999.0 63050395770891253 1072824238 bright_1x1 mwm_halo_local_high_boss_single mwm_halo science 0 0 0.0 0.0 -999 ""
FIBERMAP 1304 R+7C15 METROLOGY 0 0 0 1 0 0 98.19410350854571 150.05410275790578 143.1 163.98209665334196 72.52998539062324 116.88525 103.815506 -999.0 -999.0 -999.0 -999.0 -999.0 271.8608131231962 34.485036474521685 271.75113842167 34.48936019133855 42.97988151717707 71.2954836969651 -999.0 6231.0 -999.0 -1 -999 {-999.0 -999.0 -999.0 -999.0 -999.0} "" -999.0 -999.0 -999.0 -999.0 -999 -999 "" "" "" "" 0 0 0.0 0.0 -999 ""
FIBERMAP 1306 R-11C6 APOGEE 0 0 0 1 0 0 -65.64709500542565 -208.35179928781724 143.1 -168.36633159360719 -139.14571670064754 132.35329 134.64417 -999.0 -999.0 -999.0 -999.0 -999.0 270.0369301504165 33.52932958609439 269.93178732041076 33.5289449845182 44.187492087899145 73.11582931345765 -999.0 16600.0 -999.0 2 177 {-999.0 -999.0 -999.0 -999.0 -999.0} "" -999.0 -999.0 -999.0 -999.0 -999 -999 "" ops_sky_apogee_best_unassigned ops_sky sky_apogee 0 0 0.0 0.0 -999 ""
FIBERMAP 1306 R-11C6 BOSS 1 1 0 1 0 0 -65.62846502527482 -207.60979650148934 143.1 -167.94727849810124 -138.5331975532678 132.35329 134.64417 270.0393878025616 33.53204380529738 -5.262935 -9.636015 0.11500643 270.0393651824069 33.53201466994925 269.9339681918714 33.531690818217626 44.1864548811249 73.1114705903214 5400.0 5400.0 2016.0 1 358 {-999.0 18.38519 18.066261 17.916859 -999.0} sdss_psfmag_ps1 18.333384 18.035194 17.610395 -999.0 63050395770789450 975940006 "" ops_std_boss ops_std standard_boss 0 0 0.0 0.0 -999 ""
FIBERMAP 1306 R-11C6 METROLOGY 0 0 0 1 0 0 -64.99166763255417 -208.00187790606418 143.1 -167.62608393067242 -139.20843145680485 132.35329 134.64417 -999.0 -999.0 -999.0 -999.0 -999.0 270.0410810403927 33.52898729543322 269.935763506077 33.52865322893126 44.18421646492061 73.11501393732141 -999.0 6231.0 -999.0 -1 -999 {-999.0 -999.0 -999.0 -999.0 -999.0} "" -999.0 -999.0 -999.0 -999.0 -999 -999 "" "" "" "" 0 0 0.0 0.0 -999 ""
FIBERMAP 1308 R-4C5 APOGEE 1 1 0 1 0 0 -168.4024895699281 -82.1398879158084 143.1 -185.97281732179997 22.631532990501565 194.27269 124.4241 269.9334990289373 34.26265085718846 2.4186797 -22.65656 1.9399064 269.93379284018755 34.26261246747834 269.8259336379424 34.26177732259343 44.459475468217725 72.15672903945216 16000.0 16600.0 2016.0 2 252 {-999.0 9.945237 9.093821 8.786606 -999.0} sdss_psfmag_from_g3xp 9.689478 9.13607 8.436317 6.977 63050395770817813 1106272521 bright_1x1 mwm_tess_rgb_apogee mwm_tessrgb science 0 0 0.8819398880004883 0.0 -999 ""
FIBERMAP 1308 R-4C5 BOSS 0 0 0 1 0 0 -168.9369093365113 -81.62896135924908 143.1 -186.14348721839158 23.350833496284203 194.27269 124.4241 -999.0 -999.0 -999.0 -999.0 -999.0 269.9330170888412 34.265826317541205 269.8249023075459 34.265040112244925 44.46111345119475 72.15259899181672 -999.0 5400.0 -999.0 1 459 {-999.0 -999.0 -999.0 -999.0 -999.0} "" -999.0 -999.0 -999.0 -999.0 -999 -999 "" "" "" "" 0 0 0.0 0.0 -999 ""
FIBERMAP 1308 R-4C5 METROLOGY 0 0 0 1 0 0 -168.2277843085792 -81.40568184227183 143.1 -185.42703339880222 23.152652922085544 194.27269 124.4241 -999.0 -999.0 -999.0 -999.0 -999.0 269.93687667698214 34.264964850032506 269.828832568752 34.264174519485564 44.4577520742894 72.15264036119584 -999.0 6231.0 -999.0 -1 -999 {-999.0 -999.0 -999.0 -999.0 -999.0} "" -999.0 -999.0 -999.0 -999.0 -999 -999 "" "" "" "" 0 0 0.0 0.0 -999 ""
FIBERMAP 1312 R-11C11 APOGEE 1 1 0 1 0 0 64.59079698188286 -221.86224919261886 143.1 -66.42333006655444 -221.29204562824938 307.7074 125.10225 270.59201631859935 33.15879926834483 -1.1139414 -8.122211 10.342797 270.59202991816875 33.15877611141095 270.48803059827253 33.15996958220048 43.64145632608625 73.43814102409942 16000.0 16600.0 2016.0 2 156 {-999.0 10.004623 9.590714 9.4355545 -999.0} sdss_psfmag_from_g3xp 9.930665 9.614115 9.102191 8.183 63050395770707177 984754076 bright_1x1 mwm_snc_100pc_apogee mwm_snc science 0 0 0.0 0.0 -999 ""
FIBERMAP 1312 R-11C11 BOSS 0 0 0 1 0 0 64.37858199701014 -222.57747619951735 143.1 -66.99027135719035 -221.77684568795837 307.7074 125.10225 -999.0 -999.0 -999.0 -999.0 -999.0 270.58920634932167 33.15651766241216 270.4849704758768 33.157761923753434 43.64332614799239 73.44203492274585 -999.0 5400.0 -999.0 1 393 {-999.0 -999.0 -999.0 -999.0 -999.0} "" -999.0 -999.0 -999.0 -999.0 -999 -999 "" "" "" "" 0 0 0.0 0.0 -999 ""
FIBERMAP 1312 R-11C11 METROLOGY 0 0 0 1 0 0 63.86445097251043 -222.0430977590858 143.1 -67.13116548733673 -221.04889644150256 307.7074 125.10225 -999.0 -999.0 -999.0 -999.0 -999.0 270.58836278044794 33.15980759407145 270.48418483043895 33.16103239845684 43.6448432068677 73.43792923281245 -999.0 6231.0 -999.0 -1 -999 {-999.0 -999.0 -999.0 -999.0 -999.0} "" -999.0 -999.0 -999.0 -999.0 -999 -999 "" "" "" "" 0 0 0.0 0.0 -999 ""
FIBERMAP 1314 R-13C8 APOGEE 1 1 0 1 0 0 -10.175203925939204 -256.0037734063545 143.1 -147.72528322478112 -209.29218092709073 257.69455 31.594786 270.1515375949839 33.213571761423935 -4.2614164 -24.40811 4.1315846 270.15255749985846 33.21353927194582 270.0485389778203 33.21354021223049 44.01013476297024 73.503559529386 16000.0 16600.0 2016.0 2 273 {-999.0 6.7563143 5.4773626 4.8385205 -999.0} sdss_psfmag_from_g3xp 6.2642365 5.3754377 4.438668 2.156 63050395770784795 1155960212 bright_1x1 mwm_galactic_core_dist_apogee_extra mwm_galactic science 0 0 3.0586323738098145 0.0 -999 ""
FIBERMAP 1314 R-13C8 BOSS 0 0 0 1 0 0 -10.402331408073326 -255.3078542407668 143.1 -147.53751155352495 -208.58471664178788 257.69455 31.594786 -999.0 -999.0 -999.0 -999.0 -999.0 270.15375663665066 33.216637497397194 270.04948280491885 33.21669729790461 44.010216576088624 73.49903612525088 -999.0 5400.0 -999.0 1 417 {-999.0 -999.0 -999.0 -999.0 -999.0} "" -999.0 -999.0 -999.0 -999.0 -999 -999 "" "" "" "" 0 0 0.0 0.0 -999 ""
FIBERMAP 1314 R-13C8 METROLOGY 0 0 0 1 0 0 -9.677645702894154 -255.45639809906913 143.1 -147.0101568882461 -209.10337121506518 257.69455 31.594786 -999.0 -999.0 -999.0 -999.0 -999.0 270.15656305480366 33.21432731302286 270.05236553972964 33.214379226580036 44.007273540684395 73.5012469835325 -999.0 6231.0 -999.0 -1 -999 {-999.0 -999.0 -999.0 -999.0 -999.0} "" -999.0 -999.0 -999.0 -999.0 -999 -999 "" "" "" "" 0 0 0.0 0.0 -999 ""
FIBERMAP 1316 R-8C11 APOGEE 0 0 0 1 0 0 7.714864153477736 -161.4379858172275 143.1 -81.29840152436194 -139.66441184399068 223.08965 95.49495 -999.0 -999.0 -999.0 -999.0 -999.0 270.50972801107315 33.52691930004076 270.404396029955 33.527803284687316 43.80705856738773 72.97348261312095 -999.0 16600.0 -999.0 2 -999 {-999.0 -999.0 -999.0 -999.0 -999.0} "" -999.0 -999.0 -999.0 -999.0 -999 -999 "" "" "" "" 0 0 0.0 0.0 -999 ""
FIBERMAP 1316 R-8C11 BOSS 1 1 0 1 0 0 7.138039843615557 -160.9522493409022 143.1 -81.51835059699442 -138.943194527905 223.08965 95.49495 270.5088115837516 33.53014273076052 -25.116226 -25.937984 0.75184274 270.50872799402407 33.53007974795634 270.4031384970764 33.53101645630789 43.808918085757256 72.96957174414786 5400.0 5400.0 2016.0 1 373 {-999.0 17.125729 16.458748 16.250248 -999.0} sdss_psfmag_ps1 16.90497 16.469248 15.872793 14.604 63050395770788563 1072780400 bright_1x1 mwm_halo_local_high_boss_single mwm_halo science 0 0 0.0 0.0 -999 ""
FIBERMAP 1316 R-8C11 METROLOGY 0 0 0 1 0 0 7.845415293698581 -160.70339859960197 143.1 -80.78946209655732 -139.11896590270845 223.08965 95.49495 -999.0 -999.0 -999.0 -999.0 -999.0 270.5126382407966 33.52930551534564 270.40711974786973 33.53023699612487 43.805511319643436 72.96939925741611 -999.0 6231.0 -999.0 -1 -999 {-999.0 -999.0 -999.0 -999.0 -999.0} "" -999.0 -999.0 -999.0 -999.0 -999 -999 "" "" "" "" 0 0 0.0 0.0 -999 ""
FIBERMAP 1317 R-12C9 APOGEE 0 0 0 1 0 0 11.528831133859736 -248.78498063868733 143.1 -125.58765722792333 -215.03484231761578 279.85638 65.100075 -999.0 -999.0 -999.0 -999.0 -999.0 270.27218212932365 33.18755653277941 270.16820946793314 33.18788459150033 43.90678586385531 73.50068928455846 -999.0 16600.0 -999.0 2 -999 {-999.0 -999.0 -999.0 -999.0 -999.0} "" -999.0 -999.0 -999.0 -999.0 -999 -999 "" "" "" "" 0 0 0.0 0.0 -999 ""
FIBERMAP 1317 R-12C9 BOSS 1 1 0 1 0 0 10.797125226296789 -248.58136952246576 143.1 -126.09096331963327 -214.46616150112018 279.85638 65.100075 270.26964259295124 33.19021644074951 1.5438099 -51.5506 1.6237326 270.2696693454626 33.190034258877496 270.16544452857704 33.19041179010786 43.90969242168187 73.4981705992721 5400.0 5400.0 2016.0 1 405 {-999.0 18.857706 17.57742 16.918959 -999.0} sdss_psfmag_ps1 18.374737 17.411234 16.449493 14.525 63050395770784462 1072940815 bright_1x1 mwm_halo_local_high_boss_single mwm_halo science 0 0 0.0 0.0 -999 ""
FIBERMAP 1317 R-12C9 METROLOGY 0 0 0 1 0 0 11.327913072945634 -248.06644468738756 143.1 -125.36559551554079 -214.32264907703495 279.85638 65.100075 -999.0 -999.0 -999.0 -999.0 -999.0 270.2735083223023 33.19069021054197 270.1693486123287 33.1910617905127 43.90671898003776 73.49608608832699 -999.0 6231.0 -999.0 -1 -999 {-999.0 -999.0 -999.0 -999.0 -999.0} "" -999.0 -999.0 -999.0 -999.0 -999 -999 "" "" "" "" 0 0 0.0 0.0 -999 ""
FIBERMAP 1318 R-11C7 APOGEE 1 1 0 1 0 0 -25.981323980177258 -234.44496096671247 143.1 -149.2675926152267 -182.60756986872207 11.439965 11.044291 270.1426031645625 33.33319870191189 0.56887734 -3.5171108 0.44325253 270.14265381569703 33.333381543000186 270.0381953358874 33.333327213053295 44.05033493407572 73.34615315835771 16000.0 16600.0 2016.0 2 169 {-999.0 12.59655 11.223799 10.10997 -999.0} sdss_psfmag_from_g3xp 12.050832 10.790873 9.678679 7.261 63050395770786259 1152450417 bright_1x1 mwm_galactic_core_dist_apogee_sparse mwm_galactic science 0 0 0.0 0.0 -999 ""
FIBERMAP 1318 R-11C7 BOSS 0 0 0 1 0 0 -26.655958781550765 -234.75674831507726 143.1 -150.0032249897567 -182.50241222515342 11.439965 11.044291 -999.0 -999.0 -999.0 -999.0 -999.0 270.13889598673427 33.3337775397525 270.03419419022896 33.33376893456748 44.05367536659663 73.34679321021292 -999.0 5400.0 -999.0 1 359 {-999.0 -999.0 -999.0 -999.0 -999.0} "" -999.0 -999.0 -999.0 -999.0 -999 -999 "" "" "" "" 0 0 0.0 0.0 -999 ""
FIBERMAP 1318 R-11C7 METROLOGY 0 0 0 1 0 0 -26.592715401968047 -234.00869355112786 143.1 -149.5434443709586 -181.90907046938455 11.439965 11.044291 -999.0 -999.0 -999.0 -999.0 -999.0 270.141280009964 33.33646540955613 270.03663620390284 33.33644671062898 44.05241766117248 73.34244827110092 -999.0 6231.0 -999.0 -1 -999 {-999.0 -999.0 -999.0 -999.0 -999.0} "" -999.0 -999.0 -999.0 -999.0 -999 -999 "" "" "" "" 0 0 0.0 0.0 -999 ""
FIBERMAP 1323 R+2C5 APOGEE 1 1 0 1 0 0 -176.67323964841793 50.566439213448305 143.1 -120.7620135623576 138.4881407166707 69.27424 123.83569 270.2899292174094 34.790295459100356 -2.5735924 -2.2413824 0.31152365 270.28989676369645 34.79029391846175 270.1798683958783 34.790287642031025 44.30679349017599 71.33959582958494 16000.0 16600.0 2016.0 2 140 {-999.0 13.418004 12.049603 11.059672 -999.0} sdss_psfmag_from_g3xp 12.878977 11.713185 10.641016 8.306 63050395770831147 1152450568 bright_1x1 mwm_galactic_core_dist_apogee_sparse mwm_galactic science 0 0 0.0 0.0 -999 ""
FIBERMAP 1323 R+2C5 BOSS 0 0 0 1 0 0 -175.9539389274308 50.75365113970247 143.1 -120.05663046361866 138.25416176894768 69.27424 123.83569 -999.0 -999.0 -999.0 -999.0 -999.0 270.2939902003132 34.78924624055152 270.1837171642329 34.7893019472761 44.30348794423762 71.33985964724587 -999.0 5400.0 -999.0 1 34 {-999.0 -999.0 -999.0 -999.0 -999.0} "" -999.0 -999.0 -999.0 -999.0 -999 -999 "" "" "" "" 0 0 0.0 0.0 -999 ""
FIBERMAP 1323 R+2C5 METROLOGY 0 0 0 1 0 0 -176.14564862144286 50.020955627363925 143.1 -120.61586229725637 137.7435545653983 69.27424 123.83569 -999.0 -999.0 -999.0 -999.0 -999.0 270.2908445436583 34.78692574534176 270.1806517754243 34.78695918688456 44.30536124123467 71.34388952958898 -999.0 6231.0 -999.0 -1 -999 {-999.0 -999.0 -999.0 -999.0 -999.0} "" -999.0 -999.0 -999.0 -999.0 -999 -999 "" "" "" "" 0 0 0.0 0.0 -999 ""
FIBERMAP 1324 R-4C11 APOGEE 0 0 0 1 0 0 -11.44657086956831 -73.87267432053406 143.1 -49.76920354308452 -55.766510005394494 8.75774 127.48013 -999.0 -999.0 -999.0 -999.0 -999.0 270.6813516545552 33.907798518592784 270.5745215007398 33.90905176366897 43.77021651402944 72.41247386312807 -999.0 16600.0 -999.0 2 -999 {-999.0 -999.0 -999.0 -999.0 -999.0} "" -999.0 -999.0 -999.0 -999.0 -999 -999 "" "" "" "" 0 0 0.0 0.0 -999 ""
FIBERMAP 1324 R-4C11 BOSS 1 1 0 1 0 0 -10.900747997131724 -74.40453970011967 143.1 -49.600349023084 -56.509580984264694 8.75774 127.48013 270.6825368699159 33.90439338144059 -11.092775 -28.506983 0.8495206 270.6824944111497 33.90433002433441 270.5754289441895 33.90564238210019 43.76860554558382 72.41676356161338 5400.0 5400.0 2016.0 1 357 {-999.0 17.036251 16.335493 16.071432 -999.0} sdss_psfmag_ps1 16.843088 16.357315 15.690512 14.29 63050395770800872 1072824130 bright_1x1 mwm_halo_local_high_boss_single mwm_halo science 0 0 0.0 0.0 -999 ""
FIBERMAP 1324 R-4C11 METROLOGY 0 0 0 1 0 0 -11.611133880501939 -74.60039747939616 143.1 -50.30295194628068 -56.28770407493184 8.75774 127.48013 -999.0 -999.0 -999.0 -999.0 -999.0 270.67857549903584 33.905364813912705 270.5715780177326 33.906650748674316 43.771953765015105 72.41656195619447 -999.0 6231.0 -999.0 -1 -999 {-999.0 -999.0 -999.0 -999.0 -999.0} "" -999.0 -999.0 -999.0 -999.0 -999 -999 "" "" "" "" 0 0 0.0 0.0 -999 ""
FIBERMAP 1326 R-3C23 APOGEE 0 0 0 1 0 0 222.41690698737088 -64.82160262122619 143.1 151.39719690171282 -175.3206884921261 216.79819 108.685875 -999.0 -999.0 -999.0 -999.0 -999.0 271.7741776301601 33.361768276658495 271.66895114959937 33.366091152190066 42.747307275046396 72.79766113626806 -999.0 16600.0 -999.0 2 -999 {-999.0 -999.0 -999.0 -999.0 -999.0} "" -999.0 -999.0 -999.0 -999.0 -999 -999 "" "" "" "" 0 0 0.0 0.0 -999 ""
FIBERMAP 1326 R-3C23 BOSS 1 1 0 1 0 0 221.81444150997763 -64.4238789003536 143.1 151.1078794704023 -174.65938580071108 216.79819 108.685875 271.7729330530202 33.364594167009635 -2.901171 24.219412 10.084131 271.7729560411077 33.36466466280845 271.6674650667725 33.36904396235747 42.74930929694304 72.79425635878681 5400.0 5400.0 2016.0 1 323 {-999.0 18.051144 16.62362 15.214669 -999.0} sdss_psfmag_ps1 17.587082 15.875144 14.621875 12.192 63050395770713670 1151068488 bright_1x1 mwm_snc_100pc_boss_single mwm_snc science 0 0 0.0 0.0 -999 ""
FIBERMAP 1326 R-3C23 METROLOGY 0 0 0 1 0 0 222.47597260673248 -64.07784645612821 143.1 151.85113466580952 -174.72868247664798 216.79819 108.685875 -999.0 -999.0 -999.0 -999.0 -999.0 271.7768860633794 33.36435758140836 271.6714667168643 33.36873042401303 42.74600914921167 72.79342128471325 -999.0 6231.0 -999.0 -1 -999 {-999.0 -999.0 -999.0 -999.0 -999.0} "" -999.0 -999.0 -999.0 -999.0 -999 -999 "" "" "" "" 0 0 0.0 0.0 -999 ""
FIBERMAP 1328 R-3C12 APOGEE 1 1 0 1 0 0 -18.649577120859497 -69.30079446346005 143.1 -53.32788432806658 -48.01383309886834 235.68457 117.20965 270.6617742768167 33.943051810551225 11.4233 18.789732 2.5893755 270.66182062088427 33.9431035671202 270.5548655028937 33.94429594561117 43.79509158596664 72.37116660899443 16000.0 16600.0 2016.0 2 154 {-999.0 9.691209 9.22274 9.035554 -999.0} sdss_psfmag_from_g3xp 9.597146 9.238778 8.701947 7.788 63050395770800980 1104625908 bright_1x1 mwm_tess_rgb_apogee mwm_tessrgb science 0 0 0.0 0.0 -999 ""
FIBERMAP 1328 R-3C12 BOSS 0 0 0 1 0 0 -19.38146068499927 -69.23328559975629 143.1 -53.90533699581935 -47.559265246542566 235.68457 117.20965 -999.0 -999.0 -999.0 -999.0 -999.0 270.6588642648874 33.9450941662259 270.55165504194576 33.946333128036116 43.79819089864549 72.36939371753948 -999.0 5400.0 -999.0 1 356 {-999.0 -999.0 -999.0 -999.0 -999.0} "" -999.0 -999.0 -999.0 -999.0 -999 -999 "" "" "" "" 0 0 0.0 0.0 -999 ""
FIBERMAP 1328 R-3C12 METROLOGY 0 0 0 1 0 0 -18.952802433457684 -68.62297622134791 143.1 -53.213811086766434 -47.28018445243646 235.68457 117.20965 -999.0 -999.0 -999.0 -999.0 -999.0 270.6625957021845 33.946382655823975 270.55545029747475 33.947615741785945 43.795480909016796 72.36654994187 -999.0 6231.0 -999.0 -1 -999 {-999.0 -999.0 -999.0 -999.0 -999.0} "" -999.0 -999.0 -999.0 -999.0 -999 -999 "" "" "" "" 0 0 0.0 0.0 -999 ""
FIBERMAP 1329 R+3C16 APOGEE 1 1 0 1 0 0 98.48459986719536 57.430482963145465 143.1 113.86728676411805 -5.352622330743824 48.51013 53.97195 271.5815120685995 34.13382260324342 9.378577 -40.02242 3.2122412 271.5815421713692 34.13369930631552 271.4734968170319 34.137316438637754 43.11013011923876 71.8420617193201 16000.0 16600.0 2016.0 2 63 {-999.0 11.0116005 10.5249405 10.361452 -999.0} sdss_psfmag_from_g3xp 10.910659 10.552952 10.028506 9.09 63050395770887221 1076230589 bright_1x1 mwm_snc_ext_main_apogee mwm_snc science 0 0 0.0 0.0 -999 ""
FIBERMAP 1329 R+3C16 BOSS 0 0 0 1 0 0 98.61810889154988 56.69071672790366 143.1 113.57711637820067 -6.045981212427354 48.51013 53.97195 -999.0 -999.0 -999.0 -999.0 -999.0 271.58023204330175 34.13049535894608 271.4719451272912 34.134166641279435 43.11054779529958 71.8466859166748 -999.0 5400.0 -999.0 1 220 {-999.0 -999.0 -999.0 -999.0 -999.0} "" -999.0 -999.0 -999.0 -999.0 -999 -999 "" "" "" "" 0 0 0.0 0.0 -999 ""
FIBERMAP 1329 R+3C16 METROLOGY 0 0 0 1 0 0 97.91405798228237 56.93693798458006 143.1 113.12018357295851 -5.456580059096215 48.51013 53.97195 -999.0 -999.0 -999.0 -999.0 -999.0 271.577671774004 34.133213885850765 271.4694476209529 34.13686148987165 43.11324673378441 71.84386150914719 -999.0 6231.0 -999.0 -1 -999 {-999.0 -999.0 -999.0 -999.0 -999.0} "" -999.0 -999.0 -999.0 -999.0 -999 -999 "" "" "" "" 0 0 0.0 0.0 -999 ""
FIBERMAP 1330 R-3C11 APOGEE 0 0 0 1 0 0 -22.41091475264473 -46.00031310420871 143.1 -43.815943369845385 -26.416342199804937 74.322235 87.74637 -999.0 -999.0 -999.0 -999.0 -999.0 270.71408575306236 34.04140908428679 270.606738191222 34.04271818769207 43.77891638510521 72.2240809939953 -999.0 16600.0 -999.0 2 208 {-999.0 -999.0 -999.0 -999.0 -999.0} "" -999.0 -999.0 -999.0 -999.0 -999 -999 "" ops_sky_apogee_best_unassigned ops_sky sky_apogee 0 0 0.0 0.0 -999 ""
FIBERMAP 1330 R-3C11 BOSS 1 1 0 1 0 0 -21.712810462352184 -46.224925973226185 143.1 -43.35225236723757 -26.98437765795374 74.322235 87.74637 270.7168579101562 34.03874666816773 -999.0 -999.0 -999.0 270.7168517698017 34.03874909497793 270.6092647623112 34.040121054067725 43.77622510293745 72.22681094262526 5400.0 5400.0 2015.5 1 347 {-999.0 -999.0 -999.0 -999.0 -999.0} "" -999.0 -999.0 -999.0 -999.0 27021603155903083 821149102 "" ops_sky_boss_good ops_sky sky_boss 0 0 0.0 0.0 -999 ""
FIBERMAP 1330 R-3C11 METROLOGY 0 0 0 1 0 0 -22.250246397674452 -46.732580169154545 143.1 -44.07924590599996 -27.118174457571055 74.322235 87.74637 -999.0 -999.0 -999.0 -999.0 -999.0 270.7127902855221 34.03816181338708 270.60527756656234 34.03950747862996 43.77925999716223 72.22880945770726 -999.0 6231.0 -999.0 -1 -999 {-999.0 -999.0 -999.0 -999.0 -999.0} "" -999.0 -999.0 -999.0 -999.0 -999 -999 "" "" "" "" 0 0 0.0 0.0 -999 ""
FIBERMAP 1331 R-10C3 APOGEE 0 0 0 1 0 0 -138.82836300256508 -212.99090231889193 143.1 -232.2982787430201 -103.25064051169947 298.07227 63.11419 -999.0 -999.0 -999.0 -999.0 -999.0 269.6895806783973 33.69083061300928 269.5839826770746 33.68947710287973 44.50885428384231 73.00394568371416 -999.0 16600.0 -999.0 2 242 {-999.0 -999.0 -999.0 -999.0 -999.0} "" -999.0 -999.0 -999.0 -999.0 -999 -999 "" ops_sky_apogee_best_unassigned ops_sky sky_apogee 0 0 0.0 0.0 -999 ""
FIBERMAP 1331 R-10C3 BOSS 1 1 0 1 0 0 -139.56187338239747 -213.05265479393157 143.1 -232.94737470219604 -102.90365720947585 298.07227 63.11419 269.6863023463318 33.69245436358447 -3.3590722 -49.80175 1.4172533 269.6862849351412 33.6923251785959 269.5804416326479 33.691015785199895 44.51209690363864 73.00292118386068 5400.0 5400.0 2016.0 1 478 {-999.0 18.338614 16.95253 16.432575 -999.0} sdss_psfmag_ps1 17.78368 16.912058 15.986248 14.253 63050395770793805 1072881496 bright_1x1 mwm_halo_local_high_boss_single mwm_halo science 0 0 0.0 0.0 -999 ""
FIBERMAP 1331 R-10C3 METROLOGY 0 0 0 1 0 0 -139.2487390911584 -212.37837235737223 143.1 -232.31800863053297 -102.50808445434248 298.07227 63.11419 -999.0 -999.0 -999.0 -999.0 -999.0 269.6895744458758 33.694139294032944 269.5837912487168 33.692823175300894 44.50986734918534 72.99946827222618 -999.0 6231.0 -999.0 -1 -999 {-999.0 -999.0 -999.0 -999.0 -999.0} "" -999.0 -999.0 -999.0 -999.0 -999 -999 "" "" "" "" 0 0 0.0 0.0 -999 ""
FIBERMAP 1333 R-5C14 APOGEE 0 0 0 1 0 0 72.42871712947525 -94.84152222975972 143.1 9.213780707121858 -118.96461242977539 35.341377 87.02515 -999.0 -999.0 -999.0 -999.0 -999.0 271.00377549887423 33.61984729041496 270.89789408164893 33.62203550302044 43.43551790642133 72.69757480198444 -999.0 16600.0 -999.0 2 195 {-999.0 -999.0 -999.0 -999.0 -999.0} "" -999.0 -999.0 -999.0 -999.0 -999 -999 "" ops_sky_apogee_best_unassigned ops_sky sky_apogee 0 0 0.0 0.0 -999 ""
FIBERMAP 1333 R-5C14 BOSS 1 1 0 1 0 0 72.81112029142551 -95.48220107241345 143.1 9.1863415166773 -119.71014396814604 35.341377 87.02515 271.0038757324219 33.616373878968986 -999.0 -999.0 -999.0 271.00386418770785 33.616352717202446 270.89774627641054 33.618599236839266 43.434724258256054 72.70218212558234 5400.0 5400.0 2015.5 1 325 {-999.0 -999.0 -999.0 -999.0 -999.0} "" -999.0 -999.0 -999.0 -999.0 27021603155889060 813391981 "" ops_sky_boss_good ops_sky sky_boss 0 0 0.0 0.0 -999 ""
FIBERMAP 1333 R-5C14 METROLOGY 0 0 0 1 0 0 72.05592627166153 -95.49331398696692 143.1 8.546582080715655 -119.30887753271568 35.341377 87.02515 -999.0 -999.0 -999.0 -999.0 -999.0 271.0003042582406 33.618210500392706 270.8942515711542 33.620430778110496 43.438016241732264 72.70081437947539 -999.0 6231.0 -999.0 -1 -999 {-999.0 -999.0 -999.0 -999.0 -999.0} "" -999.0 -999.0 -999.0 -999.0 -999 -999 "" "" "" "" 0 0 0.0 0.0 -999 ""
FIBERMAP 1334 R-4C16 APOGEE 0 0 0 1 0 0 98.19191898178995 -61.09070517737591 143.1 49.182845613975104 -104.64998278213432 104.61363 67.2001 -999.0 -999.0 -999.0 -999.0 -999.0 271.22269059275874 33.68407482837322 271.1164806865812 33.68683582726731 43.277314336756 72.54518776479222 -999.0 16600.0 -999.0 2 -999 {-999.0 -999.0 -999.0 -999.0 -999.0} "" -999.0 -999.0 -999.0 -999.0 -999 -999 "" "" "" "" 0 0 0.0 0.0 -999 ""
FIBERMAP 1334 R-4C16 BOSS 1 1 0 1 0 0 98.93984396723788 -61.19209897105497 143.1 49.75533645051852 -105.14170657915184 104.61363 67.2001 271.2256065405883 33.681817813761434 1.8268641 -27.596153 2.219133 271.2260804798776 33.681722603101036 271.1196269279525 33.68455088993209 43.27418325000047 72.54725760530818 5400.0 5400.0 2016.0 1 283 {-999.0 12.42213 11.941749 11.787822 -999.0} sdss_psfmag_from_g3xp 12.324811 11.973412 11.45452 10.51 63050395770719018 996736048 bright_1x1 mwm_bin_gaia_sb_boss mwm_bin science 0 0 1.3875707387924194 0.0 -999 ""
FIBERMAP 1334 R-4C16 METROLOGY 0 0 0 1 0 0 98.48203091590165 -61.77808938304096 143.1 49.05256742069523 -105.38452904234609 104.61363 67.2001 -999.0 -999.0 -999.0 -999.0 -999.0 271.2221528932574 33.68066101619588 271.11577606704316 33.6834626718828 43.27698307672781 72.5498683312668 -999.0 6231.0 -999.0 -1 -999 {-999.0 -999.0 -999.0 -999.0 -999.0} "" -999.0 -999.0 -999.0 -999.0 -999 -999 "" "" "" "" 0 0 0.0 0.0 -999 ""
FIBERMAP 1335 R-7C1 APOGEE 0 0 0 1 0 0 -221.958953342068 -144.77216386088125 143.1 -264.9670387521226 -0.8079033970792141 221.52956 121.24732 -999.0 -999.0 -999.0 -999.0 -999.0 269.5065814570943 34.15305240500688 269.39932185776956 34.151099857855684 44.773692441653964 72.4305691943706 -999.0 16600.0 -999.0 2 260 {-999.0 -999.0 -999.0 -999.0 -999.0} "" -999.0 -999.0 -999.0 -999.0 -999 -999 "" ops_sky_apogee_best_unassigned ops_sky sky_apogee 0 0 0.0 0.0 -999 ""
FIBERMAP 1335 R-7C1 BOSS 1 1 0 1 0 0 -222.6696155535111 -144.54216425362833 143.1 -265.43833895601864 -0.2285200613636774 221.52956 121.24732 269.5042419433594 34.155584389565256 -999.0 -999.0 -999.0 269.5042407517961 34.15559844747866 269.396731754479 34.15369008623991 44.776411722694085 72.42778400379086 5400.0 5400.0 2015.5 1 500 {-999.0 -999.0 -999.0 -999.0 -999.0} "" -999.0 -999.0 -999.0 -999.0 27021603155906066 821149303 "" ops_sky_boss_good ops_sky sky_boss 0 0 0.0 0.0 -999 ""
FIBERMAP 1335 R-7C1 METROLOGY 0 0 0 1 0 0 -222.1125723435379 -144.0418350090153 143.1 -264.6988745726507 -0.11153024780287499 221.52956 121.24732 -999.0 -999.0 -999.0 -999.0 -999.0 269.50814880359565 34.15617840434641 269.40070412315333 34.15426589913122 44.773370226474135 72.42584893942 -999.0 6231.0 -999.0 -1 -999 {-999.0 -999.0 -999.0 -999.0 -999.0} "" -999.0 -999.0 -999.0 -999.0 -999 -999 "" "" "" "" 0 0 0.0 0.0 -999 ""
FIBERMAP 1336 R-9C8 APOGEE 1 1 0 1 0 0 -31.791301850166658 -162.67518816766795 143.1 -115.1224669227521 -119.22347868437433 75.14817 123.060814 270.32503536095675 33.6195946085774 1.4467536 -0.7346365 2.3710313 270.3250289408944 33.619591629449836 270.21942783022905 33.619957897842745 43.97997176931042 72.9063047913088 16000.0 16600.0 2016.0 2 173 {-999.0 11.22336 10.983968 10.921743 -999.0} sdss_psfmag_from_g3xp 11.20511 10.98531 10.598269 9.979 63050395770789936 1076230580 bright_1x1 mwm_snc_ext_main_apogee mwm_snc science 0 0 0.0 0.0 -999 ""
FIBERMAP 1336 R-9C8 BOSS 0 0 0 1 0 0 -31.093897019054918 -162.43345858182792 143.1 -114.40581692383797 -119.39980481230653 75.14817 123.060814 -999.0 -999.0 -999.0 -999.0 -999.0 270.3291338049598 33.61869586918562 270.2232892008319 33.6191286892204 43.97665133434708 72.906248085026 -999.0 5400.0 -999.0 1 383 {-999.0 -999.0 -999.0 -999.0 -999.0} "" -999.0 -999.0 -999.0 -999.0 -999 -999 "" "" "" "" 0 0 0.0 0.0 -999 ""
FIBERMAP 1336 R-9C8 METROLOGY 0 0 0 1 0 0 -31.22718088416565 -163.1682385770048 143.1 -114.91715431598168 -119.9439267654947 75.14817 123.060814 -999.0 -999.0 -999.0 -999.0 -999.0 270.3263064913542 33.616253537557654 270.22054168072555 33.61666368065618 43.97821474487833 72.91038605495407 -999.0 6231.0 -999.0 -1 -999 {-999.0 -999.0 -999.0 -999.0 -999.0} "" -999.0 -999.0 -999.0 -999.0 -999 -999 "" "" "" "" 0 0 0.0 0.0 -999 ""
FIBERMAP 1338 R-8C12 APOGEE 0 0 0 1 0 0 30.759035366484717 -148.02006090569114 143.1 -54.665797671762945 -140.9337203829538 170.99507 97.34525 -999.0 -999.0 -999.0 -999.0 -999.0 270.65486567781016 33.52099258101312 270.549495835937 33.5222675512475 43.688941755768916 72.93657644597886 -999.0 16600.0 -999.0 2 -999 {-999.0 -999.0 -999.0 -999.0 -999.0} "" -999.0 -999.0 -999.0 -999.0 -999 -999 "" "" "" "" 0 0 0.0 0.0 -999 ""
FIBERMAP 1338 R-8C12 BOSS 1 1 0 1 0 0 30.77305067554199 -147.29306411572531 143.1 -54.258775572513315 -140.33128449300932 170.99507 97.34525 270.65731241523434 33.52362932574927 -4.4211 -5.5452905 0.10381561 270.6573026102803 33.52360698309653 270.5516749165936 33.5249444725105 43.687899428013715 72.93234110805383 5400.0 5400.0 2016.0 1 382 {-999.0 16.65821 16.089787 15.773286 -999.0} sdss_psfmag_ps1 16.427965 16.014034 15.411658 14.182 63050395770788181 1076074158 bright_1x1 mwm_halo_mp_xp_boss_single mwm_halo science 0 0 0.0 0.0 -999 ""
FIBERMAP 1338 R-8C12 METROLOGY 0 0 0 1 0 0 31.411278487009866 -147.6577890571583 143.1 -53.921507227983895 -140.9843400563479 170.99507 97.34525 -999.0 -999.0 -999.0 -999.0 -999.0 270.65908058319644 33.52067264577348 270.5535331204111 33.52199958406267 43.68562531119244 72.93570026285283 -999.0 6231.0 -999.0 -1 -999 {-999.0 -999.0 -999.0 -999.0 -999.0} "" -999.0 -999.0 -999.0 -999.0 -999 -999 "" "" "" "" 0 0 0.0 0.0 -999 ""
FIBERMAP 1339 R-4C7 APOGEE 1 1 0 1 0 0 -125.59109858802249 -87.91987949338233 143.1 -153.1903695882285 -5.494864188612222 244.41994 86.314766 270.1137584271083 34.135762848682276 -0.03949188 1.0063589 0.25922284 270.11376781597926 34.135736349083196 270.00631349017567 34.13541331021626 44.2833777998625 72.2755614110697 16000.0 16600.0 2016.0 2 259 {-999.0 12.701874 11.411781 10.75411 -999.0} sdss_psfmag_from_g3xp 12.2042465 11.302121 10.366389 8.274 63050395770807719 1152450467 bright_1x1 mwm_galactic_core_dist_apogee_sparse mwm_galactic science 0 0 0.0 0.0 -999 ""
FIBERMAP 1339 R-4C7 BOSS 0 0 0 1 0 0 -126.24145579888105 -87.56850775291235 143.1 -153.54507626823712 -4.846419261263481 244.41994 86.314766 -999.0 -999.0 -999.0 -999.0 -999.0 270.11198449778533 34.138620974320816 270.0042753810359 34.138345219337005 44.285749467088365 72.2721923342528 -999.0 5400.0 -999.0 1 460 {-999.0 -999.0 -999.0 -999.0 -999.0} "" -999.0 -999.0 -999.0 -999.0 -999 -999 "" "" "" "" 0 0 0.0 0.0 -999 ""
FIBERMAP 1339 R-4C7 METROLOGY 0 0 0 1 0 0 -125.60943154445793 -87.16320284739369 143.1 -152.79435572668183 -4.849935146046919 244.41994 86.314766 -999.0 -999.0 -999.0 -999.0 -999.0 270.11603396329497 34.13863701875682 270.0083923787224 34.13835716911617 44.28245497612314 72.27097613383279 -999.0 6231.0 -999.0 -1 -999 {-999.0 -999.0 -999.0 -999.0 -999.0} "" -999.0 -999.0 -999.0 -999.0 -999 -999 "" "" "" "" 0 0 0.0 0.0 -999 ""
FIBERMAP 1340 R+9C17 APOGEE 0 0 0 1 0 0 157.72102458010815 179.75303754869825 143.1 230.08085535050066 65.08748535684438 138.50563 131.1855 -999.0 -999.0 -999.0 -999.0 -999.0 272.2208994657713 34.44634375021189 272.1114182286457 34.451605380692385 42.68320678242229 71.24041435917934 -999.0 16600.0 -999.0 2 -999 {-999.0 -999.0 -999.0 -999.0 -999.0} "" -999.0 -999.0 -999.0 -999.0 -999 -999 "" "" "" "" 0 0 0.0 0.0 -999 ""
FIBERMAP 1340 R+9C17 BOSS 1 1 0 1 0 0 157.70842965382076 180.49252446445036 143.1 230.4723383602548 65.71487000722863 138.50563 131.1855 272.2233581542969 34.44909622896995 -999.0 -999.0 -999.0 272.223361482036 34.44909920217644 272.11360970368924 34.454424346274976 42.68219525217854 71.23607220502606 5400.0 5400.0 2015.5 1 240 {-999.0 -999.0 -999.0 -999.0 -999.0} "" -999.0 -999.0 -999.0 -999.0 27021603155917264 821150030 "" ops_sky_boss_good ops_sky sky_boss 0 0 0.0 0.0 -999 ""
FIBERMAP 1340 R+9C17 METROLOGY 0 0 0 1 0 0 158.36438546151993 180.13085861319948 143.1 230.82614626619647 65.05474292234916 138.50563 131.1855 -999.0 -999.0 -999.0 -999.0 -999.0 272.22515672177036 34.446096184801384 272.1154891394639 34.45141059203994 42.67991481007732 71.23948218105562 -999.0 6231.0 -999.0 -1 -999 {-999.0 -999.0 -999.0 -999.0 -999.0} "" -999.0 -999.0 -999.0 -999.0 -999 -999 "" "" "" "" 0 0 0.0 0.0 -999 ""
FIBERMAP 1341 R-6C4 APOGEE 0 0 0 1 0 0 -174.88614889775712 -109.98767399822593 143.1 -206.55412468680424 2.7883001953283495 202.91588 66.14172 -999.0 -999.0 -999.0 -999.0 -999.0 269.82244350288863 34.17181890468848 269.71497643578925 34.17070713049596 44.52561173294239 72.31244432314764 -999.0 16600.0 -999.0 2 -999 {-999.0 -999.0 -999.0 -999.0 -999.0} "" -999.0 -999.0 -999.0 -999.0 -999 -999 "" "" "" "" 0 0 0.0 0.0 -999 ""
FIBERMAP 1341 R-6C4 BOSS 1 1 0 1 0 0 -174.89434176140074 -109.2473938419313 143.1 -206.15851642991734 3.413957130253676 202.91588 66.14172 269.8248385442432 34.17467539779444 -22.631935 -15.932582 0.8723848 269.82475272944157 34.17461982101998 269.71703121239943 34.17356539785629 44.524679650933024 72.30796663434114 5400.0 5400.0 2016.0 1 453 {-999.0 15.5379925 15.06048 14.95171 -999.0} sdss_psfmag_ps1 15.375443 15.053474 14.5541525 13.7 63050395770817595 1072881508 bright_1x1 mwm_halo_local_high_boss_single mwm_halo science 0 0 0.0 0.0 -999 ""
FIBERMAP 1341 R-6C4 METROLOGY 0 0 0 1 0 0 -174.23908654150605 -109.61622778726853 143.1 -205.80919364325786 2.7481958764058465 202.91588 66.14172 -999.0 -999.0 -999.0 -999.0 -999.0 269.82662306615396 34.17162620220973 269.7189809097414 34.17056281728137 44.5223675770241 72.31147925821699 -999.0 6231.0 -999.0 -1 -999 {-999.0 -999.0 -999.0 -999.0 -999.0} "" -999.0 -999.0 -999.0 -999.0 -999 -999 "" "" "" "" 0 0 0.0 0.0 -999 ""
FIBERMAP 1342 R+2C4 APOGEE 0 0 0 1 0 0 -202.22259465982415 51.66160741532619 143.1 -141.6062001382808 153.2980864733102 91.796715 117.30067 -999.0 -999.0 -999.0 -999.0 -999.0 270.17502035278284 34.85648933330344 270.0647851296312 34.856159770341165 44.41439490633089 71.28215760256319 -999.0 16600.0 -999.0 2 -999 {-999.0 -999.0 -999.0 -999.0 -999.0} "" -999.0 -999.0 -999.0 -999.0 -999 -999 "" "" "" "" 0 0 0.0 0.0 -999 ""
FIBERMAP 1342 R+2C4 BOSS 1 1 0 1 0 0 -201.5908544259238 52.030912565379325 143.1 -140.8752906548237 153.26451598512847 91.796715 117.30067 270.1792940543932 34.85634115128199 -15.190871 7.0471563 1.0389231 270.1792529317355 34.856350809091396 270.0687700814834 34.85608281649991 44.41120272432017 71.28115895678502 5400.0 5400.0 2016.0 1 35 {-999.0 15.0280075 14.645919 14.498958 -999.0} sdss_psfmag_from_g3xp 14.954707 14.663323 14.167589 13.328 63050395770832476 979157219 "" ops_std_boss ops_std standard_boss 0 0 0.0 0.0 -999 ""
FIBERMAP 1342 R+2C4 METROLOGY 0 0 0 1 0 0 -201.57573768428463 51.28980365834187 143.1 -141.26553935647397 152.6343991615631 91.796715 117.30067 -999.0 -999.0 -999.0 -999.0 -999.0 270.17704179404296 34.85349749084253 270.06664071951514 34.85321002690867 44.41220618268915 71.28565162703006 -999.0 6231.0 -999.0 -1 -999 {-999.0 -999.0 -999.0 -999.0 -999.0} "" -999.0 -999.0 -999.0 -999.0 -999 -999 "" "" "" "" 0 0 0.0 0.0 -999 ""
FIBERMAP 1345 R-1C16 APOGEE 1 1 0 1 0 0 62.049410021718295 0.22663562384851232 143.1 52.19168532463234 -33.545492121906875 130.32959 44.983414 271.24166112787657 34.00745486888723 2.2020977 0.8041611 1.0090985 271.2417012690487 34.007435042507964 271.1342681375319 34.01016912525219 43.34820508105019 72.11115306995572 16000.0 16600.0 2016.0 2 231 {-999.0 10.716569 9.711135 9.314682 -999.0} sdss_psfmag_from_g3xp 10.382367 9.728763 8.95295 7.257 63050395770723997 1152450393 bright_1x1 mwm_galactic_core_dist_apogee_sparse mwm_galactic science 0 0 0.0 0.0 -999 ""
FIBERMAP 1345 R-1C16 BOSS 0 0 0 1 0 0 62.797166139155436 0.1649961225498089 143.1 52.785648485931766 -34.003764482652855 130.32959 44.983414 -999.0 -999.0 -999.0 -999.0 -999.0 271.24523400992996 34.00525693209772 271.13755591698373 34.00805745005808 43.3450230997435 72.11297838202938 -999.0 5400.0 -999.0 1 281 {-999.0 -999.0 -999.0 -999.0 -999.0} "" -999.0 -999.0 -999.0 -999.0 -999 -999 "" "" "" "" 0 0 0.0 0.0 -999 ""
FIBERMAP 1345 R-1C16 METROLOGY 0 0 0 1 0 0 62.375272266588496 -0.4529548978615381 143.1 52.095644185286766 -34.29293545242444 130.32959 44.983414 -999.0 -999.0 -999.0 -999.0 -999.0 271.2413560324163 34.00397769961625 271.13375568861693 34.006752112509886 43.34772357679314 72.11584158998465 -999.0 6231.0 -999.0 -1 -999 {-999.0 -999.0 -999.0 -999.0 -999.0} "" -999.0 -999.0 -999.0 -999.0 -999 -999 "" "" "" "" 0 0 0.0 0.0 -999 ""
FIBERMAP 1346 R+3C6 APOGEE 0 0 0 1 0 0 -155.05104384401787 68.40323769796434 143.1 -92.9201541652286 141.70002327034175 140.72546 109.043594 -999.0 -999.0 -999.0 -999.0 -999.0 270.44360039308566 34.80553040600599 270.33344910348546 34.80593231423313 44.188265964472464 71.27560602218608 -999.0 16600.0 -999.0 2 -999 {-999.0 -999.0 -999.0 -999.0 -999.0} "" -999.0 -999.0 -999.0 -999.0 -999 -999 "" "" "" "" 0 0 0.0 0.0 -999 ""
FIBERMAP 1346 R+3C6 BOSS 1 1 0 1 0 0 -154.80076905358538 69.08969524337309 143.1 -92.33691685253206 142.13998882079835 140.72546 109.043594 270.4471330158539 34.80769647205945 -28.897135 -56.593876 4.074457 270.44703512086966 34.80752886364984 270.3366266905298 34.80799062266544 44.186236612179066 71.27193601254191 5400.0 5400.0 2016.0 1 39 {-999.0 17.81012 16.461416 15.486948 -999.0} sdss_psfmag_ps1 17.261581 16.14292 15.092826 13.218 63050395770830977 1096136929 bright_1x1 mwm_bin_vis_boss mwm_filler science 0 0 0.0 0.0 -999 ""
FIBERMAP 1346 R+3C6 METROLOGY 0 0 0 1 0 0 -154.31795645127184 68.54196352507887 143.1 -92.22956347639094 141.4178617624671 140.72546 109.043594 -999.0 -999.0 -999.0 -999.0 -999.0 270.447562301374 34.80426831214568 270.33723650136733 34.80471777883977 44.18495400223771 71.27619268101705 -999.0 6231.0 -999.0 -1 -999 {-999.0 -999.0 -999.0 -999.0 -999.0} "" -999.0 -999.0 -999.0 -999.0 -999 -999 "" "" "" "" 0 0 0.0 0.0 -999 ""
FIBERMAP 1349 R-5C10 APOGEE 1 1 0 1 0 0 -39.072034397425654 -85.19545829029062 143.1 -79.10706878993342 -50.24826903481646 115.228615 117.22579 270.5204733956436 33.932992086590474 -3.6698678 -5.847395 0.4311312 270.5204311138789 33.932965803683345 270.41357258858375 33.93378126170432 43.90562612786309 72.42721054928813 16000.0 16600.0 2016.0 2 289 {-999.0 11.945275 10.769894 10.299578 -999.0} sdss_psfmag_from_g3xp 11.512716 10.765563 9.929381 8.067 63050395770800638 1152450444 bright_1x1 mwm_galactic_core_dist_apogee_sparse mwm_galactic science 0 0 0.0 0.0 -999 ""
FIBERMAP 1349 R-5C10 BOSS 0 0 0 1 0 0 -38.60420801886364 -84.59965745217453 143.1 -78.39056328935011 -50.00265834994153 115.228615 117.22579 -999.0 -999.0 -999.0 -999.0 -999.0 270.52455629800005 33.934004020135745 270.41744522477825 33.934884957634004 43.90280620895457 72.42458086822 -999.0 5400.0 -999.0 1 398 {-999.0 -999.0 -999.0 -999.0 -999.0} "" -999.0 -999.0 -999.0 -999.0 -999 -999 "" "" "" "" 0 0 0.0 0.0 -999 ""
FIBERMAP 1349 R-5C10 METROLOGY 0 0 0 1 0 0 -38.328261305658756 -85.28765411128951 143.1 -78.53306114511383 -50.73001705205607 115.228615 117.22579 -999.0 -999.0 -999.0 -999.0 -999.0 270.52372118523266 33.930714028266415 270.4166928385562 33.93157802875552 43.90255676668603 72.42923872841385 -999.0 6231.0 -999.0 -1 -999 {-999.0 -999.0 -999.0 -999.0 -999.0} "" -999.0 -999.0 -999.0 -999.0 -999 -999 "" "" "" "" 0 0 0.0 0.0 -999 ""
FIBERMAP 1351 R-3C8 APOGEE 0 0 0 1 0 0 -103.62048129829417 -78.48773954299553 143.1 -129.62566663843043 -9.525144090449043 316.7596 50.71472 -999.0 -999.0 -999.0 -999.0 -999.0 270.24285695331923 34.11785284171558 270.1354159599641 34.11787996122481 44.17554459418889 72.26154867514816 -999.0 16600.0 -999.0 2 -999 {-999.0 -999.0 -999.0 -999.0 -999.0} "" -999.0 -999.0 -999.0 -999.0 -999 -999 "" "" "" "" 0 0 0.0 0.0 -999 ""
FIBERMAP 1351 R-3C8 BOSS 1 1 0 1 0 0 -104.36254512334148 -78.598038172527 143.1 -130.30833426135737 -9.214247635048698 316.7596 50.71472 270.23926846041024 34.119278663723634 -5.6392913 -19.39016 0.5429758 270.2392882127763 34.11919823592628 270.13159822040495 34.11926863914671 44.17895383770011 72.26079131426866 5400.0 5400.0 2016.0 1 469 {-999.0 16.181522 15.802835 15.663525 -999.0} sdss_psfmag_ps1 16.106209 15.7875185 15.299149 14.407 63050395770807647 1072940832 bright_1x1 mwm_halo_local_high_boss_single mwm_halo science 0 0 0.0 0.0 -999 ""
FIBERMAP 1351 R-3C8 METROLOGY 0 0 0 1 0 0 -104.08279656944568 -77.90214021702946 143.1 -129.69523152008435 -8.782384813646761 316.7596 50.71472 -999.0 -999.0 -999.0 -999.0 -999.0 270.2425806264024 34.12118881219961 270.1349512429937 34.12125249972526 44.176770678086854 72.25713534889388 -999.0 6231.0 -999.0 -1 -999 {-999.0 -999.0 -999.0 -999.0 -999.0} "" -999.0 -999.0 -999.0 -999.0 -999 -999 "" "" "" "" 0 0 0.0 0.0 -999 ""
FIBERMAP 1353 R-12C3 APOGEE 0 0 0 1 0 0 -122.86658545602644 -248.5178302093533 143.1 -238.21968123706282 -141.74115834844702 278.52707 66.400986 -999.0 -999.0 -999.0 -999.0 -999.0 269.6610922053782 33.51724545341996 269.55615502589205 33.51585688762429 44.48643611829923 73.24749680575871 -999.0 16600.0 -999.0 2 -999 {-999.0 -999.0 -999.0 -999.0 -999.0} "" -999.0 -999.0 -999.0 -999.0 -999 -999 "" "" "" "" 0 0 0.0 0.0 -999 ""
FIBERMAP 1353 R-12C3 BOSS 1 1 0 1 0 0 -123.59946940991233 -248.31852844291916 143.1 -238.72631883308253 -141.17545320967008 278.52707 66.400986 269.6585956286257 33.51978645981478 -10.861036 -9.732111 1.5189674 269.65857216340106 33.5197345322758 269.5533861309642 33.518392506492354 44.48932327623813 73.2449034768436 5400.0 5400.0 2016.0 1 350 {-999.0 15.364772 14.671962 14.475108 -999.0} sdss_psfmag_from_g3xp 15.149112 14.7745495 13.993797 12.605 63050395770792275 1095626230 bright_1x1 mwm_bin_vis_boss mwm_filler science 0 0 0.0 0.0 -999 ""
FIBERMAP 1353 R-12C3 METROLOGY 0 0 0 1 0 0 -123.06238513163527 -247.79788266435904 143.1 -237.99255698610148 -141.03056339303248 278.52707 66.400986 -999.0 -999.0 -999.0 -999.0 -999.0 269.6624204058054 33.520408051435474 269.557298385895 33.519060906382926 44.48634656542341 73.2428128494102 -999.0 6231.0 -999.0 -1 -999 {-999.0 -999.0 -999.0 -999.0 -999.0} "" -999.0 -999.0 -999.0 -999.0 -999 -999 "" "" "" "" 0 0 0.0 0.0 -999 ""
FIBERMAP 1354 R+3C8 APOGEE 0 0 0 1 1 0 -105.74924389867299 70.82600951631976 143.1 -50.23154657740622 116.92816232953199 114.98052 113.683716 -999.0 -999.0 -999.0 -999.0 -999.0 270.67948997673227 34.693736314220416 270.5696712452942 34.694797057108744 43.972854793011194 71.35936221910703 -999.0 16600.0 -999.0 2 -999 {-999.0 -999.0 -999.0 -999.0 -999.0} "" -999.0 -999.0 -999.0 -999.0 -999 -999 "" "" "" "" 0 0 0.0 0.0 -999 ""
FIBERMAP 1354 R+3C8 BOSS 1 0 0 1 1 0 -105.23198810154798 71.39249068109497 143.1 -49.48950344331523 117.12229524737889 114.98052 113.683716 270.6138610839843 34.62173261336906 -999.0 -999.0 -999.0 270.6838195602741 34.69461710738208 270.5737463307024 34.695741453207695 43.96984095247245 71.35694175189559 5400.0 5400.0 2015.5 1 52 {-999.0 -999.0 -999.0 -999.0 -999.0} "" -999.0 -999.0 -999.0 -999.0 27021603155904837 813393833 "" ops_sky_boss_good ops_sky sky_boss 0 0 0.0 0.0 -999 ""
FIBERMAP 1354 R+3C8 METROLOGY 0 0 0 1 1 0 -105.01726823322029 70.6815325088172 143.1 -49.695863468839576 116.4089569527958 114.98052 113.683716 -999.0 -999.0 -999.0 -999.0 -999.0 270.68260606660675 34.69138483992894 270.5726164234335 34.69249191274434 43.96993926436916 71.36163576036324 -999.0 6231.0 -999.0 -1 -999 {-999.0 -999.0 -999.0 -999.0 -999.0} "" -999.0 -999.0 -999.0 -999.0 -999 -999 "" "" "" "" 0 0 0.0 0.0 -999 ""
FIBERMAP 1355 R0C10 APOGEE 0 0 0 1 0 0 -79.75075408067762 -11.844417652742527 143.1 -73.36216080722693 33.42053779559917 329.15198 98.950134 -999.0 -999.0 -999.0 -999.0 -999.0 270.5515007423834 34.31393962153586 270.4431869137509 34.3147475113693 43.97902281605878 71.90691515813523 -999.0 16600.0 -999.0 2 -999 {-999.0 -999.0 -999.0 -999.0 -999.0} "" -999.0 -999.0 -999.0 -999.0 -999 -999 "" "" "" "" 0 0 0.0 0.0 -999 ""
FIBERMAP 1355 R0C10 BOSS 1 1 0 1 0 0 -80.01883841667551 -12.540477238965744 143.1 -73.96556345291322 32.98219761854389 329.15198 98.950134 270.54798808663213 34.312024698389735 0.6344465 -46.055744 1.4489577 270.54837899137175 34.31190382694633 270.4398264516208 34.31275711469238 43.981207328903125 71.91056391174624 5400.0 5400.0 2016.0 1 491 {-999.0 13.565011 13.135819 12.993833 -999.0} sdss_psfmag_from_g3xp 13.485914 13.156136 12.660582 11.758 63050395770807415 1072463262 bright_1x1 mwm_halo_local_high_boss_single mwm_halo science 0 0 1.0133447647094727 0.0 -999 ""
FIBERMAP 1355 R0C10 METROLOGY 0 0 0 1 0 0 -80.48941310880211 -11.949511994559694 143.1 -74.03914178951283 33.733950248540324 329.15198 98.950134 -999.0 -999.0 -999.0 -999.0 -999.0 270.54791047113525 34.31533833465702 270.4394152654279 34.3161744374085 43.982397015361 71.9060868680831 -999.0 6231.0 -999.0 -1 -999 {-999.0 -999.0 -999.0 -999.0 -999.0} "" -999.0 -999.0 -999.0 -999.0 -999 -999 "" "" "" "" 0 0 0.0 0.0 -999 ""
FIBERMAP 1356 R+8C9 APOGEE 0 0 0 1 0 0 -14.181328478391976 159.02449812791136 143.1 74.55990867516759 141.15490015887787 349.75443 147.83632 -999.0 -999.0 -999.0 -999.0 -999.0 271.3707142616332 34.801150899036514 271.26020289467203 34.80404101490964 43.450317819923065 71.01821640208544 -999.0 16600.0 -999.0 2 -999 {-999.0 -999.0 -999.0 -999.0 -999.0} "" -999.0 -999.0 -999.0 -999.0 -999 -999 "" "" "" "" 0 0 0.0 0.0 -999 ""
FIBERMAP 1356 R+8C9 BOSS 1 1 0 1 0 0 -13.610891106398839 158.4993336585108 143.1 74.75306155570958 140.40406954814134 349.75443 147.83632 271.37206536734 34.79770309333941 -4.667088 0.9080688 0.12081791 271.3720481680475 34.79773902415036 271.26129537253587 34.80068728352426 43.448612500988276 71.02238169549429 5400.0 5400.0 2016.0 1 123 {-999.0 16.353628 15.975419 15.61376 -999.0} sdss_psfmag_ps1 16.274155 15.855304 15.25854 14.056 63050395770983673 1076074230 bright_1x1 mwm_halo_mp_xp_boss_single mwm_halo science 0 0 0.0 0.0 -999 ""
FIBERMAP 1356 R+8C9 METROLOGY 0 0 0 1 0 0 -14.334483054858007 158.2942888043477 143.1 74.03438190116749 140.62541717912836 349.75443 147.83632 -999.0 -999.0 -999.0 -999.0 -999.0 271.36800147314443 34.79877783546256 271.25731829342726 34.8016997362713 43.452027551193645 71.02215338262118 -999.0 6231.0 -999.0 -1 -999 {-999.0 -999.0 -999.0 -999.0 -999.0} "" -999.0 -999.0 -999.0 -999.0 -999 -999 "" "" "" "" 0 0 0.0 0.0 -999 ""
FIBERMAP 1357 R+3C5 APOGEE 1 0 0 1 1 0 -156.47230415433273 48.35381836013801 143.1 -105.01347599500374 125.64837458274458 337.10345 98.947205 270.37116354863656 34.75383682121643 4.598657 16.686592 4.73104 270.3767838767918 34.732582032599346 270.2669412686914 34.73282217810385 44.223420401790435 71.39310249294351 16000.0 16600.0 2016.0 2 148 {-999.0 11.274505 10.884752 10.777732 -999.0} sdss_psfmag_from_g3xp 11.209861 10.912933 10.451454 9.71 63050395770830946 1103697523 bright_1x1 mwm_tess_2min_apogee mwm_planet science 0 0 0.0 0.0 -999 ""
FIBERMAP 1357 R+3C5 BOSS 0 0 0 1 1 0 -156.64553762587192 47.62693541901065 143.1 -105.55404335538738 125.13259962462267 337.10345 98.947205 -999.0 -999.0 -999.0 -999.0 -999.0 270.37400281064356 34.73022437789454 270.263923039794 34.73050884339235 44.22526071205248 71.39707830348323 -999.0 5400.0 -999.0 1 40 {-999.0 -999.0 -999.0 -999.0 -999.0} "" -999.0 -999.0 -999.0 -999.0 -999 -999 "" "" "" "" 0 0 0.0 0.0 -999 ""
FIBERMAP 1357 R+3C5 METROLOGY 0 0 0 1 1 0 -157.18575872354788 48.13841225236017 143.1 -105.72928223098178 125.85551602091695 337.10345 98.947205 -999.0 -999.0 -999.0 -999.0 -999.0 270.37297434005484 34.73350204751184 270.2629525017378 34.73376845722248 44.22683026406539 71.39293913161367 -999.0 6231.0 -999.0 -1 -999 {-999.0 -999.0 -999.0 -999.0 -999.0} "" -999.0 -999.0 -999.0 -999.0 -999 -999 "" "" "" "" 0 0 0.0 0.0 -999 ""
FIBERMAP 1358 R-3C14 APOGEE 1 1 0 1 0 0 42.110304049245364 -52.916315206279265 143.1 6.566564476481929 -67.29944346763794 7.1465917 139.5277 270.99033304819966 33.85465963133542 -0.9818537 16.76424 0.5853433 270.9903189173032 33.854716006989584 270.88356239027144 33.85681150634136 43.50890613807676 72.38983472357376 16000.0 16600.0 2016.0 2 215 {-999.0 12.546451 11.923481 11.687057 -999.0} sdss_psfmag_from_g3xp 12.390714 11.951513 11.344878 10.178 63050395770799235 1104477299 bright_1x1 mwm_tess_rgb_apogee mwm_tessrgb science 0 0 0.0 0.0 -999 ""
FIBERMAP 1358 R-3C14 BOSS 0 0 0 1 0 0 42.74170373085364 -53.31443972189692 143.1 6.879943998615764 -67.97681373486678 7.1465917 139.5277 -999.0 -999.0 -999.0 -999.0 -999.0 270.9922786289789 33.85153510426342 270.8852834291615 33.85369292117026 43.506710309029664 72.39346868704808 -999.0 5400.0 -999.0 1 264 {-999.0 -999.0 -999.0 -999.0 -999.0} "" -999.0 -999.0 -999.0 -999.0 -999 -999 "" "" "" "" 0 0 0.0 0.0 -999 ""
FIBERMAP 1358 R-3C14 METROLOGY 0 0 0 1 0 0 42.08276872685452 -53.66617392650141 143.1 6.135767309302549 -67.91371313475246 7.1465917 139.5277 -999.0 -999.0 -999.0 -999.0 -999.0 270.98812603277554 33.85185712161825 270.88120212591707 33.853987746629464 43.51005863609845 72.39429988182809 -999.0 6231.0 -999.0 -1 -999 {-999.0 -999.0 -999.0 -999.0 -999.0} "" -999.0 -999.0 -999.0 -999.0 -999 -999 "" "" "" "" 0 0 0.0 0.0 -999 ""
FIBERMAP 1359 R-7C12 APOGEE 0 0 0 1 0 0 16.298063879203465 -145.30091796408482 143.1 -65.32228066391069 -130.78967233618962 256.14835 59.98782 -999.0 -999.0 -999.0 -999.0 -999.0 270.59666835789653 33.567030483759886 270.49115073923633 33.56813817231508 43.74796960984276 72.89316351549957 -999.0 16600.0 -999.0 2 161 {-999.0 -999.0 -999.0 -999.0 -999.0} "" -999.0 -999.0 -999.0 -999.0 -999 -999 "" ops_sky_apogee_best_unassigned ops_sky sky_apogee 0 0 0.0 0.0 -999 ""
FIBERMAP 1359 R-7C12 BOSS 1 1 0 1 0 0 15.775534611179847 -144.7882090098408 143.1 -65.48200363287833 -130.07534089055335 256.14835 59.98782 270.59600830078125 33.5701934850399 -999.0 -999.0 -999.0 270.5960052433628 33.57016107941707 270.49022943412615 33.57132249161805 43.749550453202986 72.88919217149845 5400.0 5400.0 2015.5 1 381 {-999.0 -999.0 -999.0 -999.0 -999.0} "" -999.0 -999.0 -999.0 -999.0 27021603155900874 813393366 "" ops_sky_boss_good ops_sky sky_boss 0 0 0.0 0.0 -999 ""
FIBERMAP 1359 R-7C12 METROLOGY 0 0 0 1 0 0 16.48212683457961 -144.57810232909276 143.1 -64.7748371494987 -130.28319832561778 256.14835 59.98782 -999.0 -999.0 -999.0 -999.0 -999.0 270.59980066980864 33.5692401778796 270.4940966492503 33.570396066404975 43.746198021188796 72.88925197417643 -999.0 6231.0 -999.0 -1 -999 {-999.0 -999.0 -999.0 -999.0 -999.0} "" -999.0 -999.0 -999.0 -999.0 -999 -999 "" "" "" "" 0 0 0.0 0.0 -999 ""
FIBERMAP 1362 R-12C4 APOGEE 0 0 0 1 0 0 -88.70793651106376 -219.30397633301507 143.1 -193.67232064908998 -135.79822415183378 91.54825 112.31645 -999.0 -999.0 -999.0 -999.0 -999.0 269.900029089099 33.54432563188811 269.79488850041366 33.543570594374245 44.301466913982324 73.13766884879789 -999.0 16600.0 -999.0 2 -999 {-999.0 -999.0 -999.0 -999.0 -999.0} "" -999.0 -999.0 -999.0 -999.0 -999 -999 "" "" "" "" 0 0 0.0 0.0 -999 ""
FIBERMAP 1362 R-12C4 BOSS 1 1 0 1 0 0 -88.02266552828196 -218.9962068373789 143.1 -192.92994744199487 -135.91253614767626 91.54825 112.31645 269.90435556945783 33.5438371560891 -31.593184 -30.797945 0.94336945 269.9042521904298 33.54374046353238 269.79886971731923 33.54305133145961 44.29812793529764 73.13716230580735 5400.0 5400.0 2016.0 1 351 {-999.0 16.933346 16.213963 16.004946 -999.0} sdss_psfmag_ps1 16.67072 16.212116 15.588923 14.358 63050395770792068 1072940830 bright_1x1 mwm_halo_local_high_boss_single mwm_halo science 0 0 0.0 0.0 -999 ""
FIBERMAP 1362 R-12C4 METROLOGY 0 0 0 1 0 0 -88.10308819594451 -219.74080638716563 143.1 -193.40226541125335 -136.49363826195255 91.54825 112.31645 -999.0 -999.0 -999.0 -999.0 -999.0 269.9016836052635 33.541135418686814 269.7963806166582 33.54042459656145 44.2994470622374 73.14146058936149 -999.0 6231.0 -999.0 -1 -999 {-999.0 -999.0 -999.0 -999.0 -999.0} "" -999.0 -999.0 -999.0 -999.0 -999 -999 "" "" "" "" 0 0 0.0 0.0 -999 ""
FIBERMAP 1363 R-6C13 APOGEE 0 0 0 1 0 0 52.89043451967456 -106.39610115821742 143.1 -13.46379005333005 -118.03780420957632 52.403893 116.77072 -999.0 -999.0 -999.0 -999.0 -999.0 270.87984432422945 33.62437977013395 270.77399630941466 33.62623398122276 43.536108386585106 72.72968766623819 -999.0 16600.0 -999.0 2 -999 {-999.0 -999.0 -999.0 -999.0 -999.0} "" -999.0 -999.0 -999.0 -999.0 -999 -999 "" "" "" "" 0 0 0.0 0.0 -999 ""
FIBERMAP 1363 R-6C13 BOSS 1 1 0 1 0 0 53.61993869690429 -106.52820603393901 143.1 -12.923454272258963 -118.54528384652176 52.403893 116.77072 270.8830261230469 33.621973183477515 -999.0 -999.0 -999.0 270.8830331308095 33.62195871907574 270.7769441310036 33.62387894003277 43.53311794854481 72.7319240260598 5400.0 5400.0 2015.5 1 380 {-999.0 -999.0 -999.0 -999.0 -999.0} "" -999.0 -999.0 -999.0 -999.0 27021603155889028 813391969 "" ops_sky_boss_good ops_sky sky_boss 0 0 0.0 0.0 -999 ""
FIBERMAP 1363 R-6C13 METROLOGY 0 0 0 1 0 0 53.143426194187896 -107.09799658713737 143.1 -13.633107148598867 -118.76434556234646 52.403893 116.77072 -999.0 -999.0 -999.0 -999.0 -999.0 270.87908268757184 33.62099996407884 270.7730693905279 33.62289368614788 43.53596847618617 72.73441280986964 -999.0 6231.0 -999.0 -1 -999 {-999.0 -999.0 -999.0 -999.0 -999.0} "" -999.0 -999.0 -999.0 -999.0 -999 -999 "" "" "" "" 0 0 0.0 0.0 -999 ""
FIBERMAP 1364 R+13C6 APOGEE 1 1 0 1 0 0 -27.543699917827738 234.2576356180905 143.1 104.25047776412858 211.55142160117728 330.62527 68.81296 271.5367322865245 35.1170309533977 -1.6914437 1.9270579 0.49611735 271.53673864648306 35.11704529469033 271.4249395599328 35.120305773191525 43.39778932596769 70.5503017402574 16000.0 16600.0 2016.0 2 105 {-999.0 12.792988 12.025567 11.744384 -999.0} sdss_psfmag_from_g3xp 12.580974 12.065508 11.394171 10.008 63050395770991925 1110588271 bright_1x1 mwm_tess_rgb_apogee mwm_tessrgb science 0 0 0.0 0.0 -999 ""
FIBERMAP 1364 R+13C6 BOSS 0 0 0 1 0 0 -28.12265854361302 233.79832287293158 143.1 103.51492344386725 211.48076578951114 330.62527 68.81296 -999.0 -999.0 -999.0 -999.0 -999.0 271.53294475074824 35.116749020113105 271.4208925831339 35.12005236671976 43.40093594180454 70.55175863389309 -999.0 5400.0 -999.0 1 84 {-999.0 -999.0 -999.0 -999.0 -999.0} "" -999.0 -999.0 -999.0 -999.0 -999 -999 "" "" "" "" 0 0 0.0 0.0 -999 ""
FIBERMAP 1364 R+13C6 METROLOGY 0 0 0 1 0 0 -28.24356637515981 234.5265093915829 143.1 103.80937227902197 212.15755645906904 330.62527 68.81296 -999.0 -999.0 -999.0 -999.0 -999.0 271.5345109358181 35.1197762465632 271.42251884961775 35.123068055201564 43.40038697800492 70.5472855654408 -999.0 6231.0 -999.0 -1 -999 {-999.0 -999.0 -999.0 -999.0 -999.0} "" -999.0 -999.0 -999.0 -999.0 -999 -999 "" "" "" "" 0 0 0.0 0.0 -999 ""
FIBERMAP 1365 R+12C3 APOGEE 0 0 0 1 0 0 -121.43389319547065 223.69240036285734 143.1 19.718753436963727 253.73285739983214 222.24205 119.33222 -999.0 -999.0 -999.0 -999.0 -999.0 271.06927595973013 35.30959233003253 270.9569130604676 35.311552214990016 43.81512877727319 70.42215769712556 -999.0 16600.0 -999.0 2 -999 {-999.0 -999.0 -999.0 -999.0 -999.0} "" -999.0 -999.0 -999.0 -999.0 -999 -999 "" "" "" "" 0 0 0.0 0.0 -999 ""
FIBERMAP 1365 R+12C3 BOSS 1 1 0 1 0 0 -122.14335063297185 223.91154870243236 143.1 19.242564482636627 254.30247992206725 222.24205 119.33222 271.06689967286866 35.312115291681344 -2.677043 -3.415215 0.4952125 271.0668988061088 35.31211171872331 270.95427399032144 35.31411555468047 43.81783350725755 70.41942335113009 5400.0 5400.0 2016.0 1 94 {-999.0 16.224323 15.738363 15.695698 -999.0} sdss_psfmag_ps1 16.035389 15.7542925 15.305094 14.573 63050395770994209 979804260 "" ops_std_boss ops_std standard_boss 0 0 0.0 0.0 -999 ""
FIBERMAP 1365 R+12C3 METROLOGY 0 0 0 1 0 0 -121.59859514251033 224.42009208958862 143.1 19.97618363588017 254.43304330994548 222.24205 119.33222 -999.0 -999.0 -999.0 -999.0 -999.0 271.07089866308917 35.312685680228874 270.9583416819121 35.314685684001766 43.81474740908173 70.41755463849273 -999.0 6231.0 -999.0 -1 -999 {-999.0 -999.0 -999.0 -999.0 -999.0} "" -999.0 -999.0 -999.0 -999.0 -999 -999 "" "" "" "" 0 0 0.0 0.0 -999 ""
FIBERMAP 1369 R-1C18 APOGEE 1 1 0 1 0 0 108.70435969029538 -23.17178833554357 143.1 78.62046333136044 -78.54601877558363 290.3342 153.73409 271.38477752987484 33.80189055778635 5.658137 20.201305 2.183454 271.3847945993833 33.80194082833279 271.27807804122494 33.805109119762506 43.17914038420283 72.33975441621538 16000.0 16600.0 2016.0 2 217 {-999.0 12.225737 11.88083 11.783591 -999.0} sdss_psfmag_from_g3xp 12.177414 11.896712 11.455893 10.718 63050395770721985 1076230572 bright_1x1 mwm_snc_ext_main_apogee mwm_snc science 0 0 0.0 0.0 -999 ""
FIBERMAP 1369 R-1C18 BOSS 0 0 0 1 0 0 108.60458562479937 -23.902849768084412 143.1 78.13926727435152 -79.10523927310909 290.3342 153.73409 -999.0 -999.0 -999.0 -999.0 -999.0 271.3824315563383 33.79931700729002 271.2754734645614 33.802537183201835 43.180546021491246 72.3439416542933 -999.0 5400.0 -999.0 1 295 {-999.0 -999.0 -999.0 -999.0 -999.0} "" -999.0 -999.0 -999.0 -999.0 -999 -999 "" "" "" "" 0 0 0.0 0.0 -999 ""
FIBERMAP 1369 R-1C18 METROLOGY 0 0 0 1 0 0 108.00489504763593 -23.45825679196805 143.1 77.87776075427615 -78.40611515707062 290.3342 153.73409 -999.0 -999.0 -999.0 -999.0 -999.0 271.3809532337878 33.80252624000617 271.2740551892666 33.80572532923409 43.18252692642498 72.34015375458983 -999.0 6231.0 -999.0 -1 -999 {-999.0 -999.0 -999.0 -999.0 -999.0} "" -999.0 -999.0 -999.0 -999.0 -999 -999 "" "" "" "" 0 0 0.0 0.0 -999 ""
FIBERMAP 1370 R0C23 APOGEE 1 1 0 1 0 0 216.19543456030118 15.96422720147338 143.1 190.09896310142616 -104.14709050606817 116.523895 30.053118 271.990027408367 33.6818366996778 -3.426674 2.3674462 0.6120979 271.99002238578527 33.68182068843989 271.88351891553646 33.68664666560073 42.66237003544582 72.31168602408593 16000.0 16600.0 2016.0 2 89 {-999.0 12.364421 11.414629 11.099466 -999.0} sdss_psfmag_from_g3xp 12.058793 11.467383 10.744114 9.248 63050395770877546 1104892696 bright_1x1 mwm_tess_rgb_apogee mwm_tessrgb science 0 0 0.0 0.0 -999 ""
FIBERMAP 1370 R0C23 BOSS 0 0 0 1 0 0 216.73782118258055 15.46605112429588 143.1 190.283250660887 -104.86002301149459 116.523895 30.053118 -999.0 -999.0 -999.0 -999.0 -999.0 271.9912525320643 33.67850599070805 271.8845048003866 33.683395934804416 42.66070169128144 72.31564058998862 -999.0 5400.0 -999.0 1 245 {-999.0 -999.0 -999.0 -999.0 -999.0} "" -999.0 -999.0 -999.0 -999.0 -999 -999 "" "" "" "" 0 0 0.0 0.0 -999 ""
FIBERMAP 1370 R0C23 METROLOGY 0 0 0 1 0 0 216.0214072151108 15.234149507600895 143.1 189.55599260917256 -104.66511470414758 116.523895 30.053118 -999.0 -999.0 -999.0 -999.0 -999.0 271.98725526065334 33.67943894567582 271.8805782022026 33.68430092749853 42.664092051000516 72.31565653406074 -999.0 6231.0 -999.0 -1 -999 {-999.0 -999.0 -999.0 -999.0 -999.0} "" -999.0 -999.0 -999.0 -999.0 -999 -999 "" "" "" "" 0 0 0.0 0.0 -999 ""
FIBERMAP 1372 R-11C10 APOGEE 1 1 0 1 0 0 51.311919165436706 -201.2294714546647 143.1 -66.34839245209277 -196.75854965808762 104.32406 28.228775 270.5920293722659 33.268973391224414 -0.9244995 7.247817 1.5739275 270.5919960834987 33.26900339065464 270.48758887524366 33.27017020701631 43.67150053061885 73.29159240547466 16000.0 16600.0 2016.0 2 157 {-999.0 11.60556 11.392791 11.35311 -999.0} sdss_psfmag_from_g3xp 11.602367 11.38807 11.030603 10.467 63050395770708229 996664262 bright_1x1 mwm_bin_gaia_sb_apogee mwm_bin science 0 0 0.0 0.0 -999 ""
FIBERMAP 1372 R-11C10 BOSS 0 0 0 1 0 0 51.81812738899541 -201.77842069236368 143.1 -66.22206870594835 -197.4944183680987 104.32406 28.228775 -999.0 -999.0 -999.0 -999.0 -999.0 270.5929218363144 33.26558781155732 270.4882806396704 33.26681535404318 43.67004235242262 73.29584536172274 -999.0 5400.0 -999.0 1 362 {-999.0 -999.0 -999.0 -999.0 -999.0} "" -999.0 -999.0 -999.0 -999.0 -999 -999 "" "" "" "" 0 0 0.0 0.0 -999 ""
FIBERMAP 1372 R-11C10 METROLOGY 0 0 0 1 0 0 51.09357432598716 -201.94956400717825 143.1 -66.92312293162081 -197.24409987367338 104.32406 28.228775 -999.0 -999.0 -999.0 -999.0 -999.0 270.58904991361374 33.266747509929765 270.48447582404015 33.26794809485627 43.673410978469875 73.2955181557063 -999.0 6231.0 -999.0 -1 -999 {-999.0 -999.0 -999.0 -999.0 -999.0} "" -999.0 -999.0 -999.0 -999.0 -999 -999 "" "" "" "" 0 0 0.0 0.0 -999 ""
FIBERMAP 1373 R-9C2 APOGEE 0 0 0 1 0 0 -157.8449656894747 -167.02581814756476 143.1 -223.26519215989654 -54.34011445941293 36.139442 119.26099 -999.0 -999.0 -999.0 -999.0 -999.0 269.7348442492015 33.912259616191214 269.6283953461509 33.91097478281561 44.52968218609159 72.69037092037388 -999.0 16600.0 -999.0 2 -999 {-999.0 -999.0 -999.0 -999.0 -999.0} "" -999.0 -999.0 -999.0 -999.0 -999 -999 "" "" "" "" 0 0 0.0 0.0 -999 ""
FIBERMAP 1373 R-9C2 BOSS 1 1 0 1 0 0 -157.17143280063323 -167.3160162215484 143.1 -222.85777818161955 -54.949826192103615 36.139442 119.26099 269.73729307950873 33.909517867110424 -5.5386896 -22.862595 0.5249993 269.73728363670307 33.90944687230991 269.63060245536053 33.9082218407309 44.52721238066755 72.69345496922273 5400.0 5400.0 2016.0 1 490 {-999.0 15.7881155 15.37533 15.320266 -999.0} sdss_psfmag_ps1 15.707392 15.398844 14.924554 14.072 63050395770796757 1072881503 bright_1x1 mwm_halo_local_high_boss_single mwm_halo science 0 0 0.0 0.0 -999 ""
FIBERMAP 1373 R-9C2 METROLOGY 0 0 0 1 0 0 -157.77248234321857 -167.76838676057457 143.1 -223.6080955778236 -55.002645863958605 36.139442 119.26099 -999.0 -999.0 -999.0 -999.0 -999.0 269.73317308482206 33.909204466818956 269.6265631319185 33.90795357355046 44.530387196497024 72.69501123352211 -999.0 6231.0 -999.0 -1 -999 {-999.0 -999.0 -999.0 -999.0 -999.0} "" -999.0 -999.0 -999.0 -999.0 -999 -999 "" "" "" "" 0 0 0.0 0.0 -999 ""
FIBERMAP 1374 R-5C8 APOGEE 0 0 0 1 0 0 -98.22122460412649 -97.50543538785853 143.1 -135.43464601855666 -28.4192769751441 228.64796 59.75035 -999.0 -999.0 -999.0 -999.0 -999.0 270.21152100757155 34.03182593718319 270.10441848027233 34.03178953615263 44.1785287666062 72.38674283580485 -999.0 16600.0 -999.0 2 -999 {-999.0 -999.0 -999.0 -999.0 -999.0} "" -999.0 -999.0 -999.0 -999.0 -999 -999 "" "" "" "" 0 0 0.0 0.0 -999 ""
FIBERMAP 1374 R-5C8 BOSS 1 1 0 1 0 0 -98.46692017607012 -96.79862963577516 143.1 -135.25653673784362 -27.69258196954022 228.64796 59.75035 270.2126748148511 34.03510247821571 -2.5908158 -2.666785 0.15324652 270.21265396812765 34.03506757800565 270.10529363440025 34.0350868581599 44.17866612908095 72.38203915377795 5400.0 5400.0 2016.0 1 463 {-999.0 18.29353 17.799028 17.696 -999.0} sdss_psfmag_ps1 18.084927 17.801292 17.362547 17.006 63050395770806251 975940064 "" ops_std_boss ops_std standard_boss 0 0 0.0 0.0 -999 ""
FIBERMAP 1374 R-5C8 METROLOGY 0 0 0 1 0 0 -97.73222209825573 -96.94192981577966 143.1 -134.7179293000777 -28.212279966740212 228.64796 59.75035 -999.0 -999.0 -999.0 -999.0 -999.0 270.215557426045 34.03272956905867 270.10827414726543 34.03274206167959 44.17568094281406 72.38432496269695 -999.0 6231.0 -999.0 -1 -999 {-999.0 -999.0 -999.0 -999.0 -999.0} "" -999.0 -999.0 -999.0 -999.0 -999 -999 "" "" "" "" 0 0 0.0 0.0 -999 ""
FIBERMAP 1376 R+4C13 APOGEE 0 0 0 1 0 0 38.97605544590509 89.82793577518969 143.1 81.54516232976133 54.187773204017084 93.83819 45.70635 -999.0 -999.0 -999.0 -999.0 -999.0 271.4064205558191 34.4059851462884 271.2974096983007 34.40906595051072 43.32091629200649 71.53343219767476 -999.0 16600.0 -999.0 2 -999 {-999.0 -999.0 -999.0 -999.0 -999.0} "" -999.0 -999.0 -999.0 -999.0 -999 -999 "" "" "" "" 0 0 0.0 0.0 -999 ""
FIBERMAP 1376 R+4C13 BOSS 1 1 0 1 0 0 39.54772925386608 89.36264992490145 143.1 81.77190819364529 53.486517211726586 93.83819 45.70635 271.4079992025841 34.402889699309036 -12.132243 -51.750725 1.0273223 271.4079464772244 34.40275568760524 271.29869377965224 34.40589672607253 43.319081459579955 71.53727092421673 5400.0 5400.0 2016.0 1 107 {-999.0 17.084322 16.412907 16.067713 -999.0} sdss_psfmag_ps1 16.87086 16.381151 15.728138 14.435 63050395770980485 1072940951 bright_1x1 mwm_halo_local_high_boss_single mwm_halo science 0 0 0.0 0.0 -999 ""
FIBERMAP 1376 R+4C13 METROLOGY 0 0 0 1 0 0 38.853735497581695 89.09193318636682 143.1 81.04236054345732 53.63666434024798 93.83819 45.70635 -999.0 -999.0 -999.0 -999.0 -999.0 271.4038497497147 34.40347807760954 271.2946677943514 34.40659223615724 43.32247050557665 71.537514644358 -999.0 6231.0 -999.0 -1 -999 {-999.0 -999.0 -999.0 -999.0 -999.0} "" -999.0 -999.0 -999.0 -999.0 -999 -999 "" "" "" "" 0 0 0.0 0.0 -999 ""
FIBERMAP 1378 R-3C2 APOGEE 0 0 0 1 0 0 -251.7981657936748 -66.56883512374833 143.1 -247.48806735838545 81.03934110762869 244.12521 72.6849 -999.0 -999.0 -999.0 -999.0 -999.0 269.59721920098127 34.524219338161735 269.48850751206714 34.52242181561833 44.79345924594773 71.89794999217025 -999.0 16600.0 -999.0 2 -999 {-999.0 -999.0 -999.0 -999.0 -999.0} "" -999.0 -999.0 -999.0 -999.0 -999 -999 "" "" "" "" 0 0 0.0 0.0 -999 ""
FIBERMAP 1378 R-3C2 BOSS 1 1 0 1 0 0 -252.36011419933618 -66.06943697750125 143.1 -247.6881056675309 81.76393466149025 244.12521 72.6849 269.59633883843117 34.52726507688633 0.74342287 57.859745 1.7466818 269.5963399936046 34.52743338709634 269.4873743625932 34.5256826405839 44.795156365071726 71.89381166572304 5400.0 5400.0 2016.0 1 436 {-999.0 20.20292 18.75325 17.983707 -999.0} sdss_psfmag_ps1 19.489979 18.57497 17.59106 -999.0 63050395770820095 1072881512 bright_1x1 mwm_halo_local_high_boss_single mwm_halo science 0 0 0.0 0.0 -999 ""
FIBERMAP 1378 R-3C2 METROLOGY 0 0 0 1 0 0 -251.6453524282743 -65.8385543175739 143.1 -246.96278804560575 81.56906958487062 244.12521 72.6849 -999.0 -999.0 -999.0 -999.0 -999.0 269.6002119362577 34.52661359496185 269.491316334422 34.5248592697282 44.79180593744248 71.89382650181443 -999.0 6231.0 -999.0 -1 -999 {-999.0 -999.0 -999.0 -999.0 -999.0} "" -999.0 -999.0 -999.0 -999.0 -999 -999 "" "" "" "" 0 0 0.0 0.0 -999 ""
FIBERMAP 1381 R-7C10 APOGEE 1 1 0 1 0 0 8.844467053780651 -137.1604443537831 143.1 -67.15103294904323 -119.90618334204662 51.326878 50.658062 270.5865478098867 33.61655317108091 9.849105 -55.94898 3.9834034 270.58657227736563 33.616388066554286 270.4808744493058 33.61745680970845 43.769224395298146 72.83041704735956 16000.0 16600.0 2016.0 2 170 {-999.0 10.806044 10.475508 10.379023 -999.0} sdss_psfmag_from_g3xp 10.761313 10.488466 10.053364 9.342 63050395770788654 1103501551 bright_1x1 mwm_tess_2min_apogee mwm_planet science 0 0 0.0 0.0 -999 ""
FIBERMAP 1381 R-7C10 BOSS 0 0 0 1 0 0 8.99312791447014 -137.88943994625558 143.1 -67.42263284822712 -120.5987419992334 51.326878 50.658062 -999.0 -999.0 -999.0 -999.0 -999.0 270.5853109908366 33.613142073080645 270.4793790382206 33.6142642703689 43.76958573400229 72.83513604029253 -999.0 5400.0 -999.0 1 385 {-999.0 -999.0 -999.0 -999.0 -999.0} "" -999.0 -999.0 -999.0 -999.0 -999 -999 "" "" "" "" 0 0 0.0 0.0 -999 ""
FIBERMAP 1381 R-7C10 METROLOGY 0 0 0 1 0 0 8.284172211430668 -137.6617033174333 143.1 -67.89373140354236 -120.0221854433865 51.326878 50.658062 -999.0 -999.0 -999.0 -999.0 -999.0 270.58266955992474 33.61578526061422 270.4767987626951 33.6168838350229 43.772348092181915 72.83241925318129 -999.0 6231.0 -999.0 -1 -999 {-999.0 -999.0 -999.0 -999.0 -999.0} "" -999.0 -999.0 -999.0 -999.0 -999 -999 "" "" "" "" 0 0 0.0 0.0 -999 ""
FIBERMAP 1382 R+4C14 APOGEE 0 0 0 1 1 0 64.79930297508865 77.1389985659183 143.1 96.31576288914846 29.500058877340848 51.45542 52.634724 -999.0 -999.0 -999.0 -999.0 -999.0 271.48676650448385 34.293051860195725 271.378153869641 34.29637576288836 43.22754496816231 71.65949678189128 -999.0 16600.0 -999.0 2 -999 {-999.0 -999.0 -999.0 -999.0 -999.0} "" -999.0 -999.0 -999.0 -999.0 -999 -999 "" "" "" "" 0 0 0.0 0.0 -999 ""
FIBERMAP 1382 R+4C14 BOSS 1 0 0 1 1 0 65.00688839287363 76.41574780501664 143.1 96.096732660396 28.780284248500024 51.45542 52.634724 271.307373046875 34.36291180425496 -999.0 -999.0 -999.0 271.48584097874704 34.28974178528747 271.3769874318357 34.29312001237052 43.22763597693106 71.66415498790667 5400.0 5400.0 2015.5 1 158 {-999.0 -999.0 -999.0 -999.0 -999.0} "" -999.0 -999.0 -999.0 -999.0 27021603155930603 813396858 "" ops_sky_boss_good ops_sky sky_boss 0 0 0.0 0.0 -999 ""
FIBERMAP 1382 R+4C14 METROLOGY 0 0 0 1 1 0 64.27387328008511 76.60929523751618 143.1 95.58685642654234 29.34123197531733 51.45542 52.634724 -999.0 -999.0 -999.0 -999.0 -999.0 271.4829773336422 34.2923293495563 271.3741870328565 34.29568336931124 43.23053256269117 71.66157522960214 -999.0 6231.0 -999.0 -1 -999 {-999.0 -999.0 -999.0 -999.0 -999.0} "" -999.0 -999.0 -999.0 -999.0 -999 -999 "" "" "" "" 0 0 0.0 0.0 -999 ""
FIBERMAP 1383 R-9C6 APOGEE 1 1 0 1 0 0 -86.25437013231883 -186.56512694704512 143.1 -173.81362204940294 -109.65955588245511 243.77373 110.97241 270.00572728128225 33.66258669535709 4.5926533 10.868381 1.5342511 270.00577371319827 33.66261591618559 269.9001461648563 33.662116036258304 44.24759177594609 72.94598639343099 16000.0 16600.0 2016.0 2 165 {-999.0 12.308925 11.531282 11.26422 -999.0} sdss_psfmag_from_g3xp 12.090009 11.5809555 10.916752 9.581 63050395770794592 1107338897 bright_1x1 mwm_tess_rgb_apogee mwm_tessrgb science 0 0 0.0 0.0 -999 ""
FIBERMAP 1383 R-9C6 BOSS 0 0 0 1 0 0 -86.99367695680475 -186.51337257583543 143.1 -174.40586947785943 -109.21417238132977 243.77373 110.97241 -999.0 -999.0 -999.0 -999.0 -999.0 270.0027347176884 33.66454581360256 269.8968581370658 33.664091587807995 44.25074676409392 72.94431220758383 -999.0 5400.0 -999.0 1 402 {-999.0 -999.0 -999.0 -999.0 -999.0} "" -999.0 -999.0 -999.0 -999.0 -999 -999 "" "" "" "" 0 0 0.0 0.0 -999 ""
FIBERMAP 1383 R-9C6 METROLOGY 0 0 0 1 0 0 -86.57835592382729 -185.89299615293223 143.1 -173.72006207592625 -108.91939255647087 243.77373 110.97241 -999.0 -999.0 -999.0 -999.0 -999.0 270.00637542768686 33.66590697433494 269.9005610819952 33.66544680755951 44.24812100246517 72.94137043401628 -999.0 6231.0 -999.0 -1 -999 {-999.0 -999.0 -999.0 -999.0 -999.0} "" -999.0 -999.0 -999.0 -999.0 -999 -999 "" "" "" "" 0 0 0.0 0.0 -999 ""
FIBERMAP 1384 R-12C6 APOGEE 0 0 0 1 0 0 -49.056830279871704 -214.77439117930683 143.1 -157.93659222869795 -153.55517264543693 143.92809 69.436874 -999.0 -999.0 -999.0 -999.0 -999.0 270.0941634111558 33.464299622040365 269.9892387054997 33.46408396617531 44.124260970345745 73.18557837613139 -999.0 16600.0 -999.0 2 -999 {-999.0 -999.0 -999.0 -999.0 -999.0} "" -999.0 -999.0 -999.0 -999.0 -999 -999 "" "" "" "" 0 0 0.0 0.0 -999 ""
FIBERMAP 1384 R-12C6 BOSS 1 1 0 1 0 0 -48.44128415399926 -214.36321078367814 143.1 -157.19650478199227 -153.5447991394878 143.92809 69.436874 270.0983376170039 33.46428078003414 -0.7673358 -0.59359705 0.000748573 270.0983733823138 33.464261287967794 269.9932036585884 33.46411221252561 44.121076887205696 73.18432989399764 5400.0 5400.0 2016.0 1 403 {-999.0 18.085024 17.329414 17.044357 -999.0} sdss_psfmag_ps1 17.892296 17.344944 16.658058 15.223 63050395770789288 1061186519 bright_1x1 manual_mwm_halo_distant_kgiant_far_boss_single mwm_halo science 0 0 0.0 0.0 -999 ""
FIBERMAP 1384 R-12C6 METROLOGY 0 0 0 1 0 0 -48.38710086686506 -215.10321407064134 143.1 -157.55336986372 -154.19522829537377 143.92809 69.436874 -999.0 -999.0 -999.0 -999.0 -999.0 270.09641836013674 33.461348806927276 269.9913292911965 33.461179523331566 44.12181509442739 73.18884396457634 -999.0 6231.0 -999.0 -1 -999 {-999.0 -999.0 -999.0 -999.0 -999.0} "" -999.0 -999.0 -999.0 -999.0 -999 -999 "" "" "" "" 0 0 0.0 0.0 -999 ""
FIBERMAP 1388 R-10C8 APOGEE 0 0 0 1 0 0 -27.363650620746633 -208.59874084828954 143.1 -136.37522208137972 -160.16728004554977 268.44904 99.71712 -999.0 -999.0 -999.0 -999.0 -999.0 270.211201302732 33.43443527412692 270.1063384425021 33.43454057445673 44.02222496368772 73.18944597383586 -999.0 16600.0 -999.0 2 -999 {-999.0 -999.0 -999.0 -999.0 -999.0} "" -999.0 -999.0 -999.0 -999.0 -999 -999 "" "" "" "" 0 0 0.0 0.0 -999 ""
FIBERMAP 1388 R-10C8 BOSS 1 1 0 1 0 0 -28.127323678383192 -208.72563340662165 143.1 -137.08504494929275 -159.85855957252772 268.44904 99.71712 270.2075501117209 33.43575911543934 -2.493433 -3.275632 0.06708107 270.2075506974141 33.43573894873667 270.10244048166055 33.4358898410703 44.02571856466203 73.18882943769859 5400.0 5400.0 2016.0 1 372 {-999.0 15.154717 14.527321 14.243291 -999.0} sdss_psfmag_from_g3xp 14.993186 14.528987 13.892377 12.607 63050395770788895 1071091572 bright_1x1 mwm_halo_vmp_xp_boss_single mwm_halo science 0 0 0.0 0.0 -999 ""
FIBERMAP 1388 R-10C8 METROLOGY 0 0 0 1 0 0 -27.839501145925713 -208.02408594471817 143.1 -136.462095384779 -159.42634573996534 268.44904 99.71712 -999.0 -999.0 -999.0 -999.0 -999.0 270.2108423655889 33.437710508266925 270.10579257082213 33.43785397410807 44.02353844998919 73.18516838342168 -999.0 6231.0 -999.0 -1 -999 {-999.0 -999.0 -999.0 -999.0 -999.0} "" -999.0 -999.0 -999.0 -999.0 -999 -999 "" "" "" "" 0 0 0.0 0.0 -999 ""
FIBERMAP 1391 R-5C4 APOGEE 0 0 0 1 0 0 -175.0127861836975 -82.38345071950323 143.1 -191.65223888759428 26.021103639916124 136.96405 92.25095 -999.0 -999.0 -999.0 -999.0 -999.0 269.90269611045125 34.27779876264541 269.79479246827816 34.2768767666691 44.48815825628193 72.14520817050447 -999.0 16600.0 -999.0 2 -999 {-999.0 -999.0 -999.0 -999.0 -999.0} "" -999.0 -999.0 -999.0 -999.0 -999 -999 "" "" "" "" 0 0 0.0 0.0 -999 ""
FIBERMAP 1391 R-5C4 BOSS 1 1 0 1 0 0 -174.52961225312606 -81.80463445049662 143.1 -190.93208891033885 26.24411748722059 136.96405 92.25095 269.9070437514197 34.27902774577682 -68.97288 -79.10251 2.6778767 269.90679724291266 34.278791764382 269.7986445209957 34.27793217057088 44.48533755312981 72.14266600506608 5400.0 5400.0 2016.0 1 454 {-999.0 19.035831 17.71315 17.02887 -999.0} sdss_psfmag_ps1 18.410326 17.55245 16.648884 14.898 63050395770817834 1072824183 bright_1x1 mwm_halo_local_high_boss_single mwm_halo science 0 0 0.0 0.0 -999 ""
FIBERMAP 1391 R-5C4 METROLOGY 0 0 0 1 0 0 -174.27710354250547 -82.50768047423426 143.1 -191.10243684987526 25.51687320117271 136.96405 92.25095 -999.0 -999.0 -999.0 -999.0 -999.0 269.9058359407414 34.27549772804574 269.7977651782667 34.27462170773321 44.48521824510607 72.14741372701934 -999.0 6231.0 -999.0 -1 -999 {-999.0 -999.0 -999.0 -999.0 -999.0} "" -999.0 -999.0 -999.0 -999.0 -999 -999 "" "" "" "" 0 0 0.0 0.0 -999 ""
FIBERMAP 1392 R-12C10 APOGEE 0 0 0 1 0 0 56.83528715638974 -232.75137753691246 143.1 -78.851644255882 -226.21300889616597 352.73053 125.27421 -999.0 -999.0 -999.0 -999.0 -999.0 270.5249436466714 33.136881172020324 270.4210529670386 33.13789979411748 43.68948293711565 73.48846406678308 -999.0 16600.0 -999.0 2 -999 {-999.0 -999.0 -999.0 -999.0 -999.0} "" -999.0 -999.0 -999.0 -999.0 -999 -999 "" "" "" "" 0 0 0.0 0.0 -999 ""
FIBERMAP 1392 R-12C10 BOSS 1 1 0 1 0 0 57.207293708587386 -233.41568451461697 143.1 -78.90065410331522 -226.97271533352784 352.73053 125.27421 270.5249278176522 33.13340462323172 -1.2234628 -0.8537572 0.06734617 270.52493305609977 33.133392646608556 270.4208096542221 33.134469817979976 43.688752153383035 73.49310715597164 5400.0 5400.0 2016.0 1 406 {-999.0 17.011614 16.090294 15.680726 -999.0} sdss_psfmag_ps1 16.723976 16.068481 15.28822 13.569 63050395770707030 1061186508 bright_1x1 manual_mwm_halo_distant_kgiant_far_boss_single mwm_halo science 0 0 0.0 0.0 -999 ""
FIBERMAP 1392 R-12C10 METROLOGY 0 0 0 1 0 0 56.45438469427206 -233.39291887997965 143.1 -79.52007664386363 -226.54426221121722 352.73053 125.27421 -999.0 -999.0 -999.0 -999.0 -999.0 270.5215075323443 33.13534306033679 270.4174479636632 33.136394190564516 43.69198248441867 73.49159694493773 -999.0 6231.0 -999.0 -1 -999 {-999.0 -999.0 -999.0 -999.0 -999.0} "" -999.0 -999.0 -999.0 -999.0 -999 -999 "" "" "" "" 0 0 0.0 0.0 -999 ""
FIBERMAP 1393 R-12C5 APOGEE 0 0 0 1 0 0 -64.4828672531884 -252.01589871208947 143.1 -191.12912977542817 -176.41921645269778 324.11682 63.724216 -999.0 -999.0 -999.0 -999.0 -999.0 269.91670963994227 33.361387483663755 269.812242907474 33.36072076724219 44.2396168340897 73.37882435018963 -999.0 16600.0 -999.0 2 -999 {-999.0 -999.0 -999.0 -999.0 -999.0} "" -999.0 -999.0 -999.0 -999.0 -999 -999 "" "" "" "" 0 0 0.0 0.0 -999 ""
FIBERMAP 1393 R-12C5 BOSS 1 1 0 1 0 0 -65.14464530562981 -252.36436035500276 143.1 -191.8739129346726 -176.35182395977233 324.11682 63.724216 269.91298954902066 33.36176334750416 -18.271368 -46.78218 1.3567699 269.91293207968863 33.36162814583914 269.808224037626 33.361006420418164 44.2429302500447 73.3796734219726 5400.0 5400.0 2016.0 1 352 {-999.0 18.743988 17.50035 17.034595 -999.0} sdss_psfmag_ps1 18.299383 17.474295 16.607788 14.946 63050395770786581 1072780399 bright_1x1 mwm_halo_local_high_boss_single mwm_halo science 0 0 0.0 0.0 -999 ""
FIBERMAP 1393 R-12C5 METROLOGY 0 0 0 1 0 0 -65.11446487769405 -251.61872567520172 143.1 -191.44319271030676 -175.7425369946301 324.11682 63.724216 -999.0 -999.0 -999.0 -999.0 -999.0 269.91513439107183 33.364383152165615 269.81048375284183 33.36375103263789 44.241832119625954 73.37528382493946 -999.0 6231.0 -999.0 -1 -999 {-999.0 -999.0 -999.0 -999.0 -999.0} "" -999.0 -999.0 -999.0 -999.0 -999 -999 "" "" "" "" 0 0 0.0 0.0 -999 ""
FIBERMAP 1395 R+4C20 APOGEE 0 0 0 1 0 0 177.26075335478467 97.50906671050672 143.1 201.76226291614302 -14.55071361906466 147.70764 53.95895 -999.0 -999.0 -999.0 -999.0 -999.0 272.061092789 34.08736203556058 271.95303631635295 34.092280629962914 42.71523104685277 71.75893959055679 -999.0 16600.0 -999.0 2 -999 {-999.0 -999.0 -999.0 -999.0 -999.0} "" -999.0 -999.0 -999.0 -999.0 -999 -999 "" "" "" "" 0 0 0.0 0.0 -999 ""
FIBERMAP 1395 R+4C20 BOSS 1 1 0 1 0 0 177.96100794520248 97.79104460475814 143.1 202.50318689829444 -14.694814958411913 147.70764 53.95895 272.0654296875 34.08658840437692 -999.0 -999.0 -999.0 272.0654234302579 34.086599820060464 271.95711079451746 34.09158874410331 42.711794000172794 71.75863259610918 5400.0 5400.0 2015.5 1 205 {-999.0 -999.0 -999.0 -999.0 -999.0} "" -999.0 -999.0 -999.0 -999.0 27021603155915836 821149968 "" ops_sky_boss_good ops_sky sky_boss 0 0 0.0 0.0 -999 ""
FIBERMAP 1395 R+4C20 METROLOGY 0 0 0 1 0 0 177.84697645622654 97.04754265279394 143.1 202.00326300081485 -15.256723233180173 147.70764 53.95895 -999.0 -999.0 -999.0 -999.0 -999.0 272.0625774979323 34.08409797977604 271.9543483715455 34.0890632770451 42.71333187694017 71.76277107759921 -999.0 6231.0 -999.0 -1 -999 {-999.0 -999.0 -999.0 -999.0 -999.0} "" -999.0 -999.0 -999.0 -999.0 -999 -999 "" "" "" "" 0 0 0.0 0.0 -999 ""
FIBERMAP 1396 R0C3 APOGEE 1 1 0 1 0 0 -255.5316398952354 -11.475458102006137 143.1 -220.66725076177573 129.30053923186054 242.50081 107.204346 269.7419351220308 34.74382516005165 -13.822198 27.369303 2.671217 269.7418853742935 34.74388971204143 269.63226862502574 34.74242747609811 44.73177854794546 71.55704299922274 16000.0 16600.0 2016.0 2 297 {-999.0 11.935195 11.185198 10.931474 -999.0} sdss_psfmag_from_g3xp 11.725134 11.236446 10.587992 9.329 63050395770834451 1105068351 bright_1x1 mwm_tess_rgb_apogee mwm_tessrgb science 0 0 0.0 0.0 -999 ""
FIBERMAP 1396 R0C3 BOSS 0 0 0 1 0 0 -256.2621955681502 -11.341471813976494 143.1 -221.2074459944981 129.81016933512078 242.50081 107.204346 -999.0 -999.0 -999.0 -999.0 -999.0 269.73916059249785 34.746109293498456 269.62929313056225 34.744688684172054 44.73469483026222 71.5547791500569 -999.0 5400.0 -999.0 1 422 {-999.0 -999.0 -999.0 -999.0 -999.0} "" -999.0 -999.0 -999.0 -999.0 -999 -999 "" "" "" "" 0 0 0.0 0.0 -999 ""
FIBERMAP 1396 R0C3 METROLOGY 0 0 0 1 0 0 -255.79372988845495 -10.770004181776809 143.1 -220.50363375936138 130.0350133446853 242.50081 107.204346 -999.0 -999.0 -999.0 -999.0 -999.0 269.7429287569717 34.74718291536686 269.63312448531804 34.74575812754844 44.73189532391118 71.55225408518163 -999.0 6231.0 -999.0 -1 -999 {-999.0 -999.0 -999.0 -999.0 -999.0} "" -999.0 -999.0 -999.0 -999.0 -999 -999 "" "" "" "" 0 0 0.0 0.0 -999 ""
FIBERMAP 1400 R-5C13 APOGEE 1 1 0 1 0 0 35.642874682465084 -84.92554616270887 143.1 -16.26366147511743 -90.64355690370445 75.66572 122.15382 270.8648912808512 33.74881608812656 -7.0581236 11.274407 1.907628 270.86483113762665 33.74885188013984 270.7585231643171 33.750635823132974 43.581329880174984 72.56878036990037 16000.0 16600.0 2016.0 2 155 {-999.0 11.604878 11.3551655 11.2869425 -999.0} sdss_psfmag_from_g3xp 11.582968 11.348271 10.960817 10.324 63050395770798961 996664276 bright_1x1 mwm_bin_gaia_sb_apogee mwm_bin science 0 0 0.0 0.0 -999 ""
FIBERMAP 1400 R-5C13 BOSS 0 0 0 1 0 0 36.345547770576474 -84.67388833649052 143.1 -15.537192753949608 -90.8144160972756 75.66572 122.15382 -999.0 -999.0 -999.0 -999.0 -999.0 270.8690468866255 33.747963951741454 270.762491668979 33.74981576760641 43.57793066160539 72.5686760796097 -999.0 5400.0 -999.0 1 379 {-999.0 -999.0 -999.0 -999.0 -999.0} "" -999.0 -999.0 -999.0 -999.0 -999 -999 "" "" "" "" 0 0 0.0 0.0 -999 ""
FIBERMAP 1400 R-5C13 METROLOGY 0 0 0 1 0 0 36.2178224213436 -85.40618909865461 143.1 -16.042517808736427 -91.35947972599536 75.66572 122.15382 -999.0 -999.0 -999.0 -999.0 -999.0 270.8662046811169 33.74551677941925 270.7597303386963 33.74734558654775 43.5794970352978 72.57279880482531 -999.0 6231.0 -999.0 -1 -999 {-999.0 -999.0 -999.0 -999.0 -999.0} "" -999.0 -999.0 -999.0 -999.0 -999 -999 "" "" "" "" 0 0 0.0 0.0 -999 ""
